$MeshFormat
4.1 0 8
$EndMeshFormat
$PhysicalNames
1
3 1 "materialID"
$EndPhysicalNames
$Entities
66 148 110 27
100 0 0 0 0 
101 100 0 0 0 
102 200 0 0 0 
103 300 0 0 0 
110 0 100 0 0 
111 100 100 0 0 
112 200 100 0 0 
113 300 100 0 0 
120 0 200 0 0 
121 100 200 0 0 
122 200 200 0 0 
123 300 200 0 0 
130 0 300 0 0 
131 100 300 0 0 
132 200 300 0 0 
133 300 300 0 0 
200 0 0 135 0 
201 100 0 135 0 
202 200 0 135 0 
210 0 100 135 0 
211 100 100 135 0 
212 200 100 135 0 
213 300 100 135 0 
220 0 200 135 0 
221 100 200 135 0 
222 200 200 135 0 
223 300 200 135 0 
230 0 300 135 0 
231 100 300 135 0 
232 200 300 135 0 
233 300 300 135 0 
300 0 0 165 0 
301 100 0 165 0 
302 200 0 165 0 
303 300 0 165 0 
310 0 100 165 0 
311 100 100 165 0 
312 200 100 165 0 
313 300 100 165 0 
320 0 200 165 0 
321 100 200 165 0 
322 200 200 165 0 
323 300 200 165 0 
331 100 300 165 0 
332 200 300 165 0 
333 300 300 165 0 
400 0 0 300 0 
401 100 0 300 0 
402 200 0 300 0 
403 300 0 300 0 
410 0 100 300 0 
411 100 100 300 0 
412 200 100 300 0 
413 300 100 300 0 
420 0 200 300 0 
421 100 200 300 0 
422 200 200 300 0 
423 300 200 300 0 
430 0 300 300 0 
431 100 300 300 0 
432 200 300 300 0 
433 300 300 300 0 
900 300 0 134.95 0 
901 300 0 135.05 0 
902 0 300 164.95 0 
903 0 300 165.05 0 
1000 0 0 0 100 0 0 0 2 100 -101 
1001 100 0 0 200 0 0 0 2 101 -102 
1002 200 0 0 300 0 0 0 2 102 -103 
1010 0 100 0 100 100 0 0 2 110 -111 
1011 100 100 0 200 100 0 0 2 111 -112 
1012 200 100 0 300 100 0 0 2 112 -113 
1020 0 200 0 100 200 0 0 2 120 -121 
1021 100 200 0 200 200 0 0 2 121 -122 
1022 200 200 0 300 200 0 0 2 122 -123 
1030 0 300 0 100 300 0 0 2 130 -131 
1031 100 300 0 200 300 0 0 2 131 -132 
1032 200 300 0 300 300 0 0 2 132 -133 
1100 0 0 135 100 0 135 0 2 200 -201 
1101 100 0 135 200 0 135 0 2 201 -202 
1110 0 100 135 100 100 135 0 2 210 -211 
1111 100 100 135 200 100 135 0 2 211 -212 
1112 200 100 135 300 100 135 0 2 212 -213 
1120 0 200 135 100 200 135 0 2 220 -221 
1121 100 200 135 200 200 135 0 2 221 -222 
1122 200 200 135 300 200 135 0 2 222 -223 
1130 0 300 135 100 300 135 0 2 230 -231 
1131 100 300 135 200 300 135 0 2 231 -232 
1132 200 300 135 300 300 135 0 2 232 -233 
1200 0 0 165 100 0 165 0 2 300 -301 
1201 100 0 165 200 0 165 0 2 301 -302 
1202 200 0 165 300 0 165 0 2 302 -303 
1210 0 100 165 100 100 165 0 2 310 -311 
1211 100 100 165 200 100 165 0 2 311 -312 
1212 200 100 165 300 100 165 0 2 312 -313 
1220 0 200 165 100 200 165 0 2 320 -321 
1221 100 200 165 200 200 165 0 2 321 -322 
1222 200 200 165 300 200 165 0 2 322 -323 
1231 100 300 165 200 300 165 0 2 331 -332 
1232 200 300 165 300 300 165 0 2 332 -333 
1300 0 0 300 100 0 300 0 2 400 -401 
1301 100 0 300 200 0 300 0 2 401 -402 
1302 200 0 300 300 0 300 0 2 402 -403 
1310 0 100 300 100 100 300 0 2 410 -411 
1311 100 100 300 200 100 300 0 2 411 -412 
1312 200 100 300 300 100 300 0 2 412 -413 
1320 0 200 300 100 200 300 0 2 420 -421 
1321 100 200 300 200 200 300 0 2 421 -422 
1322 200 200 300 300 200 300 0 2 422 -423 
1330 0 300 300 100 300 300 0 2 430 -431 
1331 100 300 300 200 300 300 0 2 431 -432 
1332 200 300 300 300 300 300 0 2 432 -433 
1400 0 0 0 0 100 0 0 2 100 -110 
1401 0 100 0 0 200 0 0 2 110 -120 
1402 0 200 0 0 300 0 0 2 120 -130 
1410 100 0 0 100 100 0 0 2 101 -111 
1411 100 100 0 100 200 0 0 2 111 -121 
1412 100 200 0 100 300 0 0 2 121 -131 
1420 200 0 0 200 100 0 0 2 102 -112 
1421 200 100 0 200 200 0 0 2 112 -122 
1422 200 200 0 200 300 0 0 2 122 -132 
1430 300 0 0 300 100 0 0 2 103 -113 
1431 300 100 0 300 200 0 0 2 113 -123 
1432 300 200 0 300 300 0 0 2 123 -133 
1500 0 0 135 0 100 135 0 2 200 -210 
1501 0 100 135 0 200 135 0 2 210 -220 
1502 0 200 135 0 300 135 0 2 220 -230 
1510 100 0 135 100 100 135 0 2 201 -211 
1511 100 100 135 100 200 135 0 2 211 -221 
1512 100 200 135 100 300 135 0 2 221 -231 
1520 200 0 135 200 100 135 0 2 202 -212 
1521 200 100 135 200 200 135 0 2 212 -222 
1522 200 200 135 200 300 135 0 2 222 -232 
1531 300 100 135 300 200 135 0 2 213 -223 
1532 300 200 135 300 300 135 0 2 223 -233 
1600 0 0 165 0 100 165 0 2 300 -310 
1601 0 100 165 0 200 165 0 2 310 -320 
1610 100 0 165 100 100 165 0 2 301 -311 
1611 100 100 165 100 200 165 0 2 311 -321 
1612 100 200 165 100 300 165 0 2 321 -331 
1620 200 0 165 200 100 165 0 2 302 -312 
1621 200 100 165 200 200 165 0 2 312 -322 
1622 200 200 165 200 300 165 0 2 322 -332 
1630 300 0 165 300 100 165 0 2 303 -313 
1631 300 100 165 300 200 165 0 2 313 -323 
1632 300 200 165 300 300 165 0 2 323 -333 
1700 0 0 300 0 100 300 0 2 400 -410 
1701 0 100 300 0 200 300 0 2 410 -420 
1702 0 200 300 0 300 300 0 2 420 -430 
1710 100 0 300 100 100 300 0 2 401 -411 
1711 100 100 300 100 200 300 0 2 411 -421 
1712 100 200 300 100 300 300 0 2 421 -431 
1720 200 0 300 200 100 300 0 2 402 -412 
1721 200 100 300 200 200 300 0 2 412 -422 
1722 200 200 300 200 300 300 0 2 422 -432 
1730 300 0 300 300 100 300 0 2 403 -413 
1731 300 100 300 300 200 300 0 2 413 -423 
1732 300 200 300 300 300 300 0 2 423 -433 
1800 200 0 134.95 300 0 135 0 2 202 -900 
1801 200 0 135 300 0 135.05 0 2 202 -901 
1802 300 0 134.95 300 100 135 0 2 900 -213 
1803 300 0 135 300 100 135.05 0 2 901 -213 
1810 0 200 164.95 0 300 165 0 2 320 -902 
1811 0 200 165 0 300 165.05 0 2 320 -903 
1812 0 300 164.95 100 300 165 0 2 902 -331 
1813 0 300 165 100 300 165.05 0 2 903 -331 
1900 0 0 0 0 0 135 0 2 100 -200 
1901 100 0 0 100 0 135 0 2 101 -201 
1902 200 0 0 200 0 135 0 2 102 -202 
1903 300 0 0 300 0 134.95 0 2 103 -900 
1910 0 100 0 0 100 135 0 2 110 -210 
1911 100 100 0 100 100 135 0 2 111 -211 
1912 200 100 0 200 100 135 0 2 112 -212 
1913 300 100 0 300 100 135 0 2 113 -213 
1920 0 200 0 0 200 135 0 2 120 -220 
1921 100 200 0 100 200 135 0 2 121 -221 
1922 200 200 0 200 200 135 0 2 122 -222 
1923 300 200 0 300 200 135 0 2 123 -223 
1930 0 300 0 0 300 135 0 2 130 -230 
1931 100 300 0 100 300 135 0 2 131 -231 
1932 200 300 0 200 300 135 0 2 132 -232 
1933 300 300 0 300 300 135 0 2 133 -233 
2000 0 0 135 0 0 165 0 2 200 -300 
2001 100 0 135 100 0 165 0 2 201 -301 
2002 200 0 135 200 0 165 0 2 202 -302 
2003 300 0 135.05 300 0 165 0 2 901 -303 
2010 0 100 135 0 100 165 0 2 210 -310 
2011 100 100 135 100 100 165 0 2 211 -311 
2012 200 100 135 200 100 165 0 2 212 -312 
2013 300 100 135 300 100 165 0 2 213 -313 
2020 0 200 135 0 200 165 0 2 220 -320 
2021 100 200 135 100 200 165 0 2 221 -321 
2022 200 200 135 200 200 165 0 2 222 -322 
2023 300 200 135 300 200 165 0 2 223 -323 
2030 0 300 135 0 300 164.95 0 2 230 -902 
2031 100 300 135 100 300 165 0 2 231 -331 
2032 200 300 135 200 300 165 0 2 232 -332 
2033 300 300 135 300 300 165 0 2 233 -333 
2100 0 0 165 0 0 300 0 2 300 -400 
2101 100 0 165 100 0 300 0 2 301 -401 
2102 200 0 165 200 0 300 0 2 302 -402 
2103 300 0 165 300 0 300 0 2 303 -403 
2110 0 100 165 0 100 300 0 2 310 -410 
2111 100 100 165 100 100 300 0 2 311 -411 
2112 200 100 165 200 100 300 0 2 312 -412 
2113 300 100 165 300 100 300 0 2 313 -413 
2120 0 200 165 0 200 300 0 2 320 -420 
2121 100 200 165 100 200 300 0 2 321 -421 
2122 200 200 165 200 200 300 0 2 322 -422 
2123 300 200 165 300 200 300 0 2 323 -423 
2130 0 300 165.05 0 300 300 0 2 903 -430 
2131 100 300 165 100 300 300 0 2 331 -431 
2132 200 300 165 200 300 300 0 2 332 -432 
2133 300 300 165 300 300 300 0 2 333 -433 
3000 0 0 0 100 100 0 0 4 1000 1410 -1010 -1400 
3001 100 0 0 200 100 0 0 4 1001 1420 -1011 -1410 
3002 200 0 0 300 100 0 0 4 1002 1430 -1012 -1420 
3010 0 100 0 100 200 0 0 4 1010 1411 -1020 -1401 
3011 100 100 0 200 200 0 0 4 1011 1421 -1021 -1411 
3012 200 100 0 300 200 0 0 4 1012 1431 -1022 -1421 
3020 0 200 0 100 300 0 0 4 1020 1412 -1030 -1402 
3021 100 200 0 200 300 0 0 4 1021 1422 -1031 -1412 
3022 200 200 0 300 300 0 0 4 1022 1432 -1032 -1422 
3100 0 0 135 100 100 135 0 4 1100 1510 -1110 -1500 
3101 100 0 135 200 100 135 0 4 1101 1520 -1111 -1510 
3110 0 100 135 100 200 135 0 4 1110 1511 -1120 -1501 
3111 100 100 135 200 200 135 0 4 1111 1521 -1121 -1511 
3112 200 100 135 300 200 135 0 4 1112 1531 -1122 -1521 
3120 0 200 135 100 300 135 0 4 1120 1512 -1130 -1502 
3121 100 200 135 200 300 135 0 4 1121 1522 -1131 -1512 
3122 200 200 135 300 300 135 0 4 1122 1532 -1132 -1522 
3190 200 0 134.95 300 100 135 0 4 1800 1802 -1112 -1520 
3191 200 0 135 300 100 135.05 0 4 1801 1803 -1112 -1520 
3200 0 0 165 100 100 165 0 4 1200 1610 -1210 -1600 
3201 100 0 165 200 100 165 0 4 1201 1620 -1211 -1610 
3202 200 0 165 300 100 165 0 4 1202 1630 -1212 -1620 
3210 0 100 165 100 200 165 0 4 1210 1611 -1220 -1601 
3211 100 100 165 200 200 165 0 4 1211 1621 -1221 -1611 
3212 200 100 165 300 200 165 0 4 1212 1631 -1222 -1621 
3221 100 200 165 200 300 165 0 4 1221 1622 -1231 -1612 
3222 200 200 165 300 300 165 0 4 1222 1632 -1232 -1622 
3290 0 200 164.95 100 300 165 0 4 1220 1612 -1812 -1810 
3291 0 200 165 100 300 165.05 0 4 1220 1612 -1813 -1811 
3300 0 0 300 100 100 300 0 4 1300 1710 -1310 -1700 
3301 100 0 300 200 100 300 0 4 1301 1720 -1311 -1710 
3302 200 0 300 300 100 300 0 4 1302 1730 -1312 -1720 
3310 0 100 300 100 200 300 0 4 1310 1711 -1320 -1701 
3311 100 100 300 200 200 300 0 4 1311 1721 -1321 -1711 
3312 200 100 300 300 200 300 0 4 1312 1731 -1322 -1721 
3320 0 200 300 100 300 300 0 4 1320 1712 -1330 -1702 
3321 100 200 300 200 300 300 0 4 1321 1722 -1331 -1712 
3322 200 200 300 300 300 300 0 4 1322 1732 -1332 -1722 
4000 0 0 0 100 0 135 0 4 1000 1901 -1100 -1900 
4001 100 0 0 200 0 135 0 4 1001 1902 -1101 -1901 
4002 200 0 0 300 0 135 0 4 1002 1903 -1800 -1902 
4010 0 100 0 100 100 135 0 4 1010 1911 -1110 -1910 
4011 100 100 0 200 100 135 0 4 1011 1912 -1111 -1911 
4012 200 100 0 300 100 135 0 4 1012 1913 -1112 -1912 
4020 0 200 0 100 200 135 0 4 1020 1921 -1120 -1920 
4021 100 200 0 200 200 135 0 4 1021 1922 -1121 -1921 
4022 200 200 0 300 200 135 0 4 1022 1923 -1122 -1922 
4030 0 300 0 100 300 135 0 4 1030 1931 -1130 -1930 
4031 100 300 0 200 300 135 0 4 1031 1932 -1131 -1931 
4032 200 300 0 300 300 135 0 4 1032 1933 -1132 -1932 
4100 0 0 135 100 0 165 0 4 1100 2001 -1200 -2000 
4101 100 0 135 200 0 165 0 4 1101 2002 -1201 -2001 
4102 200 0 135 300 0 165 0 4 1801 2003 -1202 -2002 
4110 0 100 135 100 100 165 0 4 1110 2011 -1210 -2010 
4111 100 100 135 200 100 165 0 4 1111 2012 -1211 -2011 
4112 200 100 135 300 100 165 0 4 1112 2013 -1212 -2012 
4120 0 200 135 100 200 165 0 4 1120 2021 -1220 -2020 
4121 100 200 135 200 200 165 0 4 1121 2022 -1221 -2021 
4122 200 200 135 300 200 165 0 4 1122 2023 -1222 -2022 
4130 0 300 135 100 300 165 0 4 1130 2031 -1812 -2030 
4131 100 300 135 200 300 165 0 4 1131 2032 -1231 -2031 
4132 200 300 135 300 300 165 0 4 1132 2033 -1232 -2032 
4200 0 0 165 100 0 300 0 4 1200 2101 -1300 -2100 
4201 100 0 165 200 0 300 0 4 1201 2102 -1301 -2101 
4202 200 0 165 300 0 300 0 4 1202 2103 -1302 -2102 
4210 0 100 165 100 100 300 0 4 1210 2111 -1310 -2110 
4211 100 100 165 200 100 300 0 4 1211 2112 -1311 -2111 
4212 200 100 165 300 100 300 0 4 1212 2113 -1312 -2112 
4220 0 200 165 100 200 300 0 4 1220 2121 -1320 -2120 
4221 100 200 165 200 200 300 0 4 1221 2122 -1321 -2121 
4222 200 200 165 300 200 300 0 4 1222 2123 -1322 -2122 
4230 0 300 165 100 300 300 0 4 1813 2131 -1330 -2130 
4231 100 300 165 200 300 300 0 4 1231 2132 -1331 -2131 
4232 200 300 165 300 300 300 0 4 1232 2133 -1332 -2132 
4300 0 0 0 0 100 135 0 4 1400 1910 -1500 -1900 
4301 0 100 0 0 200 135 0 4 1401 1920 -1501 -1910 
4302 0 200 0 0 300 135 0 4 1402 1930 -1502 -1920 
4310 100 0 0 100 100 135 0 4 1410 1911 -1510 -1901 
4311 100 100 0 100 200 135 0 4 1411 1921 -1511 -1911 
4312 100 200 0 100 300 135 0 4 1412 1931 -1512 -1921 
4320 200 0 0 200 100 135 0 4 1420 1912 -1520 -1902 
4321 200 100 0 200 200 135 0 4 1421 1922 -1521 -1912 
4322 200 200 0 200 300 135 0 4 1422 1932 -1522 -1922 
4330 300 0 0 300 100 135 0 4 1430 1913 -1802 -1903 
4331 300 100 0 300 200 135 0 4 1431 1923 -1531 -1913 
4332 300 200 0 300 300 135 0 4 1432 1933 -1532 -1923 
4400 0 0 135 0 100 165 0 4 1500 2010 -1600 -2000 
4401 0 100 135 0 200 165 0 4 1501 2020 -1601 -2010 
4402 0 200 135 0 300 165 0 4 1502 2030 -1810 -2020 
4410 100 0 135 100 100 165 0 4 1510 2011 -1610 -2001 
4411 100 100 135 100 200 165 0 4 1511 2021 -1611 -2011 
4412 100 200 135 100 300 165 0 4 1512 2031 -1612 -2021 
4420 200 0 135 200 100 165 0 4 1520 2012 -1620 -2002 
4421 200 100 135 200 200 165 0 4 1521 2022 -1621 -2012 
4422 200 200 135 200 300 165 0 4 1522 2032 -1622 -2022 
4430 300 0 135 300 100 165 0 4 1803 2013 -1630 -2003 
4431 300 100 135 300 200 165 0 4 1531 2023 -1631 -2013 
4432 300 200 135 300 300 165 0 4 1532 2033 -1632 -2023 
4500 0 0 165 0 100 300 0 4 1600 2110 -1700 -2100 
4501 0 100 165 0 200 300 0 4 1601 2120 -1701 -2110 
4502 0 200 165 0 300 300 0 4 1811 2130 -1702 -2120 
4510 100 0 165 100 100 300 0 4 1610 2111 -1710 -2101 
4511 100 100 165 100 200 300 0 4 1611 2121 -1711 -2111 
4512 100 200 165 100 300 300 0 4 1612 2131 -1712 -2121 
4520 200 0 165 200 100 300 0 4 1620 2112 -1720 -2102 
4521 200 100 165 200 200 300 0 4 1621 2122 -1721 -2112 
4522 200 200 165 200 300 300 0 4 1622 2132 -1722 -2122 
4530 300 0 165 300 100 300 0 4 1630 2113 -1730 -2103 
4531 300 100 165 300 200 300 0 4 1631 2123 -1731 -2113 
4532 300 200 165 300 300 300 0 4 1632 2133 -1732 -2123 
6000 0 0 0 100 100 135 1 1 6 3000 3100 4000 4010 4300 4310 
6001 100 0 0 200 100 135 1 1 6 3001 3101 4001 4011 4310 4320 
6002 200 0 0 300 100 135 1 1 6 3002 3190 4002 4012 4320 4330 
6010 0 100 0 100 200 135 1 1 6 3010 3110 4010 4020 4301 4311 
6011 100 100 0 200 200 135 1 1 6 3011 3111 4011 4021 4311 4321 
6012 200 100 0 300 200 135 1 1 6 3012 3112 4012 4022 4321 4331 
6020 0 200 0 100 300 135 1 1 6 3020 3120 4020 4030 4302 4312 
6021 100 200 0 200 300 135 1 1 6 3021 3121 4021 4031 4312 4322 
6022 200 200 0 300 300 135 1 1 6 3022 3122 4022 4032 4322 4332 
6100 0 0 135 100 100 165 1 1 6 3100 3200 4100 4110 4400 4410 
6101 100 0 135 200 100 165 1 1 6 3101 3201 4101 4111 4410 4420 
6102 200 0 135 300 100 165 1 1 6 3191 3202 4102 4112 4420 4430 
6110 0 100 135 100 200 165 1 1 6 3110 3210 4110 4120 4401 4411 
6111 100 100 135 200 200 165 1 1 6 3111 3211 4111 4121 4411 4421 
6112 200 100 135 300 200 165 1 1 6 3112 3212 4112 4122 4421 4431 
6120 0 200 135 100 300 165 1 1 6 3120 3290 4120 4130 4402 4412 
6121 100 200 135 200 300 165 1 1 6 3121 3221 4121 4131 4412 4422 
6122 200 200 135 300 300 165 1 1 6 3122 3222 4122 4132 4422 4432 
6200 0 0 165 100 100 300 1 1 6 3200 3300 4200 4210 4500 4510 
6201 100 0 165 200 100 300 1 1 6 3201 3301 4201 4211 4510 4520 
6202 200 0 165 300 100 300 1 1 6 3202 3302 4202 4212 4520 4530 
6210 0 100 165 100 200 300 1 1 6 3210 3310 4210 4220 4501 4511 
6211 100 100 165 200 200 300 1 1 6 3211 3311 4211 4221 4511 4521 
6212 200 100 165 300 200 300 1 1 6 3212 3312 4212 4222 4521 4531 
6220 0 200 165 100 300 300 1 1 6 3291 3320 4220 4230 4502 4512 
6221 100 200 165 200 300 300 1 1 6 3221 3321 4221 4231 4512 4522 
6222 200 200 165 300 300 300 1 1 6 3222 3322 4222 4232 4522 4532 
$EndEntities
$Nodes
311 6570 1 6570
0 100 0 1
1
0 0 0
0 101 0 1
2
100 0 0
0 102 0 1
3
200 0 0
0 103 0 1
4
300 0 0
0 110 0 1
5
0 100 0
0 111 0 1
6
100 100 0
0 112 0 1
7
200 100 0
0 113 0 1
8
300 100 0
0 120 0 1
9
0 200 0
0 121 0 1
10
100 200 0
0 122 0 1
11
200 200 0
0 123 0 1
12
300 200 0
0 130 0 1
13
0 300 0
0 131 0 1
14
100 300 0
0 132 0 1
15
200 300 0
0 133 0 1
16
300 300 0
0 200 0 1
17
0 0 135
0 201 0 1
18
100 0 135
0 202 0 1
19
200 0 135
0 210 0 1
20
0 100 135
0 211 0 1
21
100 100 135
0 212 0 1
22
200 100 135
0 213 0 1
23
300 100 135
0 220 0 1
24
0 200 135
0 221 0 1
25
100 200 135
0 222 0 1
26
200 200 135
0 223 0 1
27
300 200 135
0 230 0 1
28
0 300 135
0 231 0 1
29
100 300 135
0 232 0 1
30
200 300 135
0 233 0 1
31
300 300 135
0 300 0 1
32
0 0 165
0 301 0 1
33
100 0 165
0 302 0 1
34
200 0 165
0 303 0 1
35
300 0 165
0 310 0 1
36
0 100 165
0 311 0 1
37
100 100 165
0 312 0 1
38
200 100 165
0 313 0 1
39
300 100 165
0 320 0 1
40
0 200 165
0 321 0 1
41
100 200 165
0 322 0 1
42
200 200 165
0 323 0 1
43
300 200 165
0 331 0 1
44
100 300 165
0 332 0 1
45
200 300 165
0 333 0 1
46
300 300 165
0 400 0 1
47
0 0 300
0 401 0 1
48
100 0 300
0 402 0 1
49
200 0 300
0 403 0 1
50
300 0 300
0 410 0 1
51
0 100 300
0 411 0 1
52
100 100 300
0 412 0 1
53
200 100 300
0 413 0 1
54
300 100 300
0 420 0 1
55
0 200 300
0 421 0 1
56
100 200 300
0 422 0 1
57
200 200 300
0 423 0 1
58
300 200 300
0 430 0 1
59
0 300 300
0 431 0 1
60
100 300 300
0 432 0 1
61
200 300 300
0 433 0 1
62
300 300 300
0 900 0 1
63
300 0 134.95
0 901 0 1
64
300 0 135.05
0 902 0 1
65
0 300 164.95
0 903 0 1
66
0 300 165.05
1 1000 0 5
67
68
69
70
71
16.66666666659806 0 0
33.33333333318424 0 0
49.99999999982364 0 0
66.66666666648433 0 0
83.33333333324218 0 0
1 1001 0 5
72
73
74
75
76
116.6666666664946 0 0
133.3333333329893 0 0
149.9999999994839 0 0
166.6666666660635 0 0
183.3333333330318 0 0
1 1002 0 5
77
78
79
80
81
216.6666666664576 0 0
233.3333333329152 0 0
249.9999999993728 0 0
266.6666666661375 0 0
283.3333333330688 0 0
1 1010 0 5
82
83
84
85
86
16.66666666659806 100 0
33.33333333318424 100 0
49.99999999982364 100 0
66.66666666648433 100 0
83.33333333324218 100 0
1 1011 0 5
87
88
89
90
91
116.6666666664946 100 0
133.3333333329893 100 0
149.9999999994839 100 0
166.6666666660635 100 0
183.3333333330318 100 0
1 1012 0 5
92
93
94
95
96
216.6666666664576 100 0
233.3333333329152 100 0
249.9999999993728 100 0
266.6666666661375 100 0
283.3333333330688 100 0
1 1020 0 5
97
98
99
100
101
16.66666666659806 200 0
33.33333333318424 200 0
49.99999999982364 200 0
66.66666666648433 200 0
83.33333333324218 200 0
1 1021 0 5
102
103
104
105
106
116.6666666664946 200 0
133.3333333329893 200 0
149.9999999994839 200 0
166.6666666660635 200 0
183.3333333330318 200 0
1 1022 0 5
107
108
109
110
111
216.6666666664576 200 0
233.3333333329152 200 0
249.9999999993728 200 0
266.6666666661375 200 0
283.3333333330688 200 0
1 1030 0 5
112
113
114
115
116
16.66666666659806 300 0
33.33333333318424 300 0
49.99999999982364 300 0
66.66666666648433 300 0
83.33333333324218 300 0
1 1031 0 5
117
118
119
120
121
116.6666666664946 300 0
133.3333333329893 300 0
149.9999999994839 300 0
166.6666666660635 300 0
183.3333333330318 300 0
1 1032 0 5
122
123
124
125
126
216.6666666664576 300 0
233.3333333329152 300 0
249.9999999993728 300 0
266.6666666661375 300 0
283.3333333330688 300 0
1 1100 0 5
127
128
129
130
131
16.66666666659806 0 135
33.33333333318424 0 135
49.99999999982364 0 135
66.66666666648433 0 135
83.33333333324218 0 135
1 1101 0 5
132
133
134
135
136
116.6666666664946 0 135
133.3333333329893 0 135
149.9999999994839 0 135
166.6666666660635 0 135
183.3333333330318 0 135
1 1110 0 5
137
138
139
140
141
16.66666666659806 100 135
33.33333333318424 100 135
49.99999999982364 100 135
66.66666666648433 100 135
83.33333333324218 100 135
1 1111 0 5
142
143
144
145
146
116.6666666664946 100 135
133.3333333329893 100 135
149.9999999994839 100 135
166.6666666660635 100 135
183.3333333330318 100 135
1 1112 0 5
147
148
149
150
151
216.6666666664576 100 135
233.3333333329152 100 135
249.9999999993728 100 135
266.6666666661375 100 135
283.3333333330688 100 135
1 1120 0 5
152
153
154
155
156
16.66666666659806 200 135
33.33333333318424 200 135
49.99999999982364 200 135
66.66666666648433 200 135
83.33333333324218 200 135
1 1121 0 5
157
158
159
160
161
116.6666666664946 200 135
133.3333333329893 200 135
149.9999999994839 200 135
166.6666666660635 200 135
183.3333333330318 200 135
1 1122 0 5
162
163
164
165
166
216.6666666664576 200 135
233.3333333329152 200 135
249.9999999993728 200 135
266.6666666661375 200 135
283.3333333330688 200 135
1 1130 0 5
167
168
169
170
171
16.66666666659806 300 135
33.33333333318424 300 135
49.99999999982364 300 135
66.66666666648433 300 135
83.33333333324218 300 135
1 1131 0 5
172
173
174
175
176
116.6666666664946 300 135
133.3333333329893 300 135
149.9999999994839 300 135
166.6666666660635 300 135
183.3333333330318 300 135
1 1132 0 5
177
178
179
180
181
216.6666666664576 300 135
233.3333333329152 300 135
249.9999999993728 300 135
266.6666666661375 300 135
283.3333333330688 300 135
1 1200 0 5
182
183
184
185
186
16.66666666659806 0 165
33.33333333318424 0 165
49.99999999982364 0 165
66.66666666648433 0 165
83.33333333324218 0 165
1 1201 0 5
187
188
189
190
191
116.6666666664946 0 165
133.3333333329893 0 165
149.9999999994839 0 165
166.6666666660635 0 165
183.3333333330318 0 165
1 1202 0 5
192
193
194
195
196
216.6666666664576 0 165
233.3333333329152 0 165
249.9999999993728 0 165
266.6666666661375 0 165
283.3333333330688 0 165
1 1210 0 5
197
198
199
200
201
16.66666666659806 100 165
33.33333333318424 100 165
49.99999999982364 100 165
66.66666666648433 100 165
83.33333333324218 100 165
1 1211 0 5
202
203
204
205
206
116.6666666664946 100 165
133.3333333329893 100 165
149.9999999994839 100 165
166.6666666660635 100 165
183.3333333330318 100 165
1 1212 0 5
207
208
209
210
211
216.6666666664576 100 165
233.3333333329152 100 165
249.9999999993728 100 165
266.6666666661375 100 165
283.3333333330688 100 165
1 1220 0 5
212
213
214
215
216
16.66666666659806 200 165
33.33333333318424 200 165
49.99999999982364 200 165
66.66666666648433 200 165
83.33333333324218 200 165
1 1221 0 5
217
218
219
220
221
116.6666666664946 200 165
133.3333333329893 200 165
149.9999999994839 200 165
166.6666666660635 200 165
183.3333333330318 200 165
1 1222 0 5
222
223
224
225
226
216.6666666664576 200 165
233.3333333329152 200 165
249.9999999993728 200 165
266.6666666661375 200 165
283.3333333330688 200 165
1 1231 0 5
227
228
229
230
231
116.6666666664946 300 165
133.3333333329893 300 165
149.9999999994839 300 165
166.6666666660635 300 165
183.3333333330318 300 165
1 1232 0 5
232
233
234
235
236
216.6666666664576 300 165
233.3333333329152 300 165
249.9999999993728 300 165
266.6666666661375 300 165
283.3333333330688 300 165
1 1300 0 5
237
238
239
240
241
16.66666666659806 0 300
33.33333333318424 0 300
49.99999999982364 0 300
66.66666666648433 0 300
83.33333333324218 0 300
1 1301 0 5
242
243
244
245
246
116.6666666664946 0 300
133.3333333329893 0 300
149.9999999994839 0 300
166.6666666660635 0 300
183.3333333330318 0 300
1 1302 0 5
247
248
249
250
251
216.6666666664576 0 300
233.3333333329152 0 300
249.9999999993728 0 300
266.6666666661375 0 300
283.3333333330688 0 300
1 1310 0 5
252
253
254
255
256
16.66666666659806 100 300
33.33333333318424 100 300
49.99999999982364 100 300
66.66666666648433 100 300
83.33333333324218 100 300
1 1311 0 5
257
258
259
260
261
116.6666666664946 100 300
133.3333333329893 100 300
149.9999999994839 100 300
166.6666666660635 100 300
183.3333333330318 100 300
1 1312 0 5
262
263
264
265
266
216.6666666664576 100 300
233.3333333329152 100 300
249.9999999993728 100 300
266.6666666661375 100 300
283.3333333330688 100 300
1 1320 0 5
267
268
269
270
271
16.66666666659806 200 300
33.33333333318424 200 300
49.99999999982364 200 300
66.66666666648433 200 300
83.33333333324218 200 300
1 1321 0 5
272
273
274
275
276
116.6666666664946 200 300
133.3333333329893 200 300
149.9999999994839 200 300
166.6666666660635 200 300
183.3333333330318 200 300
1 1322 0 5
277
278
279
280
281
216.6666666664576 200 300
233.3333333329152 200 300
249.9999999993728 200 300
266.6666666661375 200 300
283.3333333330688 200 300
1 1330 0 5
282
283
284
285
286
16.66666666659806 300 300
33.33333333318424 300 300
49.99999999982364 300 300
66.66666666648433 300 300
83.33333333324218 300 300
1 1331 0 5
287
288
289
290
291
116.6666666664946 300 300
133.3333333329893 300 300
149.9999999994839 300 300
166.6666666660635 300 300
183.3333333330318 300 300
1 1332 0 5
292
293
294
295
296
216.6666666664576 300 300
233.3333333329152 300 300
249.9999999993728 300 300
266.6666666661375 300 300
283.3333333330688 300 300
1 1400 0 5
297
298
299
300
301
0 16.66666666659806 0
0 33.33333333318424 0
0 49.99999999982364 0
0 66.66666666648433 0
0 83.33333333324218 0
1 1401 0 5
302
303
304
305
306
0 116.6666666664946 0
0 133.3333333329893 0
0 149.9999999994839 0
0 166.6666666660635 0
0 183.3333333330318 0
1 1402 0 5
307
308
309
310
311
0 216.6666666664576 0
0 233.3333333329152 0
0 249.9999999993728 0
0 266.6666666661375 0
0 283.3333333330688 0
1 1410 0 5
312
313
314
315
316
100 16.66666666659806 0
100 33.33333333318424 0
100 49.99999999982364 0
100 66.66666666648433 0
100 83.33333333324218 0
1 1411 0 5
317
318
319
320
321
100 116.6666666664946 0
100 133.3333333329893 0
100 149.9999999994839 0
100 166.6666666660635 0
100 183.3333333330318 0
1 1412 0 5
322
323
324
325
326
100 216.6666666664576 0
100 233.3333333329152 0
100 249.9999999993728 0
100 266.6666666661375 0
100 283.3333333330688 0
1 1420 0 5
327
328
329
330
331
200 16.66666666659806 0
200 33.33333333318424 0
200 49.99999999982364 0
200 66.66666666648433 0
200 83.33333333324218 0
1 1421 0 5
332
333
334
335
336
200 116.6666666664946 0
200 133.3333333329893 0
200 149.9999999994839 0
200 166.6666666660635 0
200 183.3333333330318 0
1 1422 0 5
337
338
339
340
341
200 216.6666666664576 0
200 233.3333333329152 0
200 249.9999999993728 0
200 266.6666666661375 0
200 283.3333333330688 0
1 1430 0 5
342
343
344
345
346
300 16.66666666659806 0
300 33.33333333318424 0
300 49.99999999982364 0
300 66.66666666648433 0
300 83.33333333324218 0
1 1431 0 5
347
348
349
350
351
300 116.6666666664946 0
300 133.3333333329893 0
300 149.9999999994839 0
300 166.6666666660635 0
300 183.3333333330318 0
1 1432 0 5
352
353
354
355
356
300 216.6666666664576 0
300 233.3333333329152 0
300 249.9999999993728 0
300 266.6666666661375 0
300 283.3333333330688 0
1 1500 0 5
357
358
359
360
361
0 16.66666666659806 135
0 33.33333333318424 135
0 49.99999999982364 135
0 66.66666666648433 135
0 83.33333333324218 135
1 1501 0 5
362
363
364
365
366
0 116.6666666664946 135
0 133.3333333329893 135
0 149.9999999994839 135
0 166.6666666660635 135
0 183.3333333330318 135
1 1502 0 5
367
368
369
370
371
0 216.6666666664576 135
0 233.3333333329152 135
0 249.9999999993728 135
0 266.6666666661375 135
0 283.3333333330688 135
1 1510 0 5
372
373
374
375
376
100 16.66666666659806 135
100 33.33333333318424 135
100 49.99999999982364 135
100 66.66666666648433 135
100 83.33333333324218 135
1 1511 0 5
377
378
379
380
381
100 116.6666666664946 135
100 133.3333333329893 135
100 149.9999999994839 135
100 166.6666666660635 135
100 183.3333333330318 135
1 1512 0 5
382
383
384
385
386
100 216.6666666664576 135
100 233.3333333329152 135
100 249.9999999993728 135
100 266.6666666661375 135
100 283.3333333330688 135
1 1520 0 5
387
388
389
390
391
200 16.66666666659806 135
200 33.33333333318424 135
200 49.99999999982364 135
200 66.66666666648433 135
200 83.33333333324218 135
1 1521 0 5
392
393
394
395
396
200 116.6666666664946 135
200 133.3333333329893 135
200 149.9999999994839 135
200 166.6666666660635 135
200 183.3333333330318 135
1 1522 0 5
397
398
399
400
401
200 216.6666666664576 135
200 233.3333333329152 135
200 249.9999999993728 135
200 266.6666666661375 135
200 283.3333333330688 135
1 1531 0 5
402
403
404
405
406
300 116.6666666664946 135
300 133.3333333329893 135
300 149.9999999994839 135
300 166.6666666660635 135
300 183.3333333330318 135
1 1532 0 5
407
408
409
410
411
300 216.6666666664576 135
300 233.3333333329152 135
300 249.9999999993728 135
300 266.6666666661375 135
300 283.3333333330688 135
1 1600 0 5
412
413
414
415
416
0 16.66666666659806 165
0 33.33333333318424 165
0 49.99999999982364 165
0 66.66666666648433 165
0 83.33333333324218 165
1 1601 0 5
417
418
419
420
421
0 116.6666666664946 165
0 133.3333333329893 165
0 149.9999999994839 165
0 166.6666666660635 165
0 183.3333333330318 165
1 1610 0 5
422
423
424
425
426
100 16.66666666659806 165
100 33.33333333318424 165
100 49.99999999982364 165
100 66.66666666648433 165
100 83.33333333324218 165
1 1611 0 5
427
428
429
430
431
100 116.6666666664946 165
100 133.3333333329893 165
100 149.9999999994839 165
100 166.6666666660635 165
100 183.3333333330318 165
1 1612 0 5
432
433
434
435
436
100 216.6666666664576 165
100 233.3333333329152 165
100 249.9999999993728 165
100 266.6666666661375 165
100 283.3333333330688 165
1 1620 0 5
437
438
439
440
441
200 16.66666666659806 165
200 33.33333333318424 165
200 49.99999999982364 165
200 66.66666666648433 165
200 83.33333333324218 165
1 1621 0 5
442
443
444
445
446
200 116.6666666664946 165
200 133.3333333329893 165
200 149.9999999994839 165
200 166.6666666660635 165
200 183.3333333330318 165
1 1622 0 5
447
448
449
450
451
200 216.6666666664576 165
200 233.3333333329152 165
200 249.9999999993728 165
200 266.6666666661375 165
200 283.3333333330688 165
1 1630 0 5
452
453
454
455
456
300 16.66666666659806 165
300 33.33333333318424 165
300 49.99999999982364 165
300 66.66666666648433 165
300 83.33333333324218 165
1 1631 0 5
457
458
459
460
461
300 116.6666666664946 165
300 133.3333333329893 165
300 149.9999999994839 165
300 166.6666666660635 165
300 183.3333333330318 165
1 1632 0 5
462
463
464
465
466
300 216.6666666664576 165
300 233.3333333329152 165
300 249.9999999993728 165
300 266.6666666661375 165
300 283.3333333330688 165
1 1700 0 5
467
468
469
470
471
0 16.66666666659806 300
0 33.33333333318424 300
0 49.99999999982364 300
0 66.66666666648433 300
0 83.33333333324218 300
1 1701 0 5
472
473
474
475
476
0 116.6666666664946 300
0 133.3333333329893 300
0 149.9999999994839 300
0 166.6666666660635 300
0 183.3333333330318 300
1 1702 0 5
477
478
479
480
481
0 216.6666666664576 300
0 233.3333333329152 300
0 249.9999999993728 300
0 266.6666666661375 300
0 283.3333333330688 300
1 1710 0 5
482
483
484
485
486
100 16.66666666659806 300
100 33.33333333318424 300
100 49.99999999982364 300
100 66.66666666648433 300
100 83.33333333324218 300
1 1711 0 5
487
488
489
490
491
100 116.6666666664946 300
100 133.3333333329893 300
100 149.9999999994839 300
100 166.6666666660635 300
100 183.3333333330318 300
1 1712 0 5
492
493
494
495
496
100 216.6666666664576 300
100 233.3333333329152 300
100 249.9999999993728 300
100 266.6666666661375 300
100 283.3333333330688 300
1 1720 0 5
497
498
499
500
501
200 16.66666666659806 300
200 33.33333333318424 300
200 49.99999999982364 300
200 66.66666666648433 300
200 83.33333333324218 300
1 1721 0 5
502
503
504
505
506
200 116.6666666664946 300
200 133.3333333329893 300
200 149.9999999994839 300
200 166.6666666660635 300
200 183.3333333330318 300
1 1722 0 5
507
508
509
510
511
200 216.6666666664576 300
200 233.3333333329152 300
200 249.9999999993728 300
200 266.6666666661375 300
200 283.3333333330688 300
1 1730 0 5
512
513
514
515
516
300 16.66666666659806 300
300 33.33333333318424 300
300 49.99999999982364 300
300 66.66666666648433 300
300 83.33333333324218 300
1 1731 0 5
517
518
519
520
521
300 116.6666666664946 300
300 133.3333333329893 300
300 149.9999999994839 300
300 166.6666666660635 300
300 183.3333333330318 300
1 1732 0 5
522
523
524
525
526
300 216.6666666664576 300
300 233.3333333329152 300
300 249.9999999993728 300
300 266.6666666661375 300
300 283.3333333330688 300
1 1800 0 5
527
528
529
530
531
216.6666666664576 0 134.9916666666668
233.3333333329151 0 134.9833333333335
249.9999999993727 0 134.9750000000003
266.6666666661375 0 134.9666666666669
283.3333333330687 0 134.9583333333335
1 1801 0 5
532
533
534
535
536
216.6666666664576 0 135.0083333333332
233.3333333329151 0 135.0166666666665
249.9999999993727 0 135.0249999999997
266.6666666661375 0 135.0333333333331
283.3333333330687 0 135.0416666666665
1 1802 0 5
537
538
539
540
541
300 16.66666666659807 134.9583333333333
300 33.33333333318422 134.9666666666666
300 49.99999999982365 134.9749999999999
300 66.66666666648436 134.9833333333332
300 83.33333333324215 134.9916666666666
1 1803 0 5
542
543
544
545
546
300 16.66666666659807 135.0416666666667
300 33.33333333318422 135.0333333333334
300 49.99999999982365 135.0250000000001
300 66.66666666648436 135.0166666666668
300 83.33333333324215 135.0083333333334
1 1810 0 5
547
548
549
550
551
0 216.6666666664576 164.9916666666668
0 233.3333333329151 164.9833333333335
0 249.9999999993727 164.9750000000003
0 266.6666666661375 164.9666666666669
0 283.3333333330687 164.9583333333335
1 1811 0 5
552
553
554
555
556
0 216.6666666664576 165.0083333333332
0 233.3333333329151 165.0166666666665
0 249.9999999993727 165.0249999999997
0 266.6666666661375 165.0333333333331
0 283.3333333330687 165.0416666666665
1 1812 0 5
557
558
559
560
561
16.66666666659807 300 164.9583333333333
33.33333333318422 300 164.9666666666666
49.99999999982365 300 164.9749999999999
66.66666666648436 300 164.9833333333332
83.33333333324215 300 164.9916666666666
1 1813 0 5
562
563
564
565
566
16.66666666659807 300 165.0416666666667
33.33333333318422 300 165.0333333333334
49.99999999982365 300 165.0250000000001
66.66666666648436 300 165.0166666666668
83.33333333324215 300 165.0083333333334
1 1900 0 7
567
568
569
570
571
572
573
0 0 16.87499999995001
0 0 33.74999999986656
0 0 50.62499999978237
0 0 67.49999999970095
0 0 84.37499999979167
0 0 101.2499999998852
0 0 118.1249999999787
1 1901 0 7
574
575
576
577
578
579
580
100 0 16.87499999995001
100 0 33.74999999986656
100 0 50.62499999978237
100 0 67.49999999970095
100 0 84.37499999979167
100 0 101.2499999998852
100 0 118.1249999999787
1 1902 0 7
581
582
583
584
585
586
587
200 0 16.87499999995001
200 0 33.74999999986656
200 0 50.62499999978237
200 0 67.49999999970095
200 0 84.37499999979167
200 0 101.2499999998852
200 0 118.1249999999787
1 1903 0 7
588
589
590
591
592
593
594
300 0 16.86874999996846
300 0 33.73749999991512
300 0 50.60624999986452
300 0 67.47499999981672
300 0 84.34374999985768
300 0 101.2124999999014
300 0 118.0812499999451
1 1910 0 7
595
596
597
598
599
600
601
0 100 16.87499999995001
0 100 33.74999999986656
0 100 50.62499999978237
0 100 67.49999999970095
0 100 84.37499999979167
0 100 101.2499999998852
0 100 118.1249999999787
1 1911 0 7
602
603
604
605
606
607
608
100 100 16.87499999995001
100 100 33.74999999986656
100 100 50.62499999978237
100 100 67.49999999970095
100 100 84.37499999979167
100 100 101.2499999998852
100 100 118.1249999999787
1 1912 0 7
609
610
611
612
613
614
615
200 100 16.87499999995001
200 100 33.74999999986656
200 100 50.62499999978237
200 100 67.49999999970095
200 100 84.37499999979167
200 100 101.2499999998852
200 100 118.1249999999787
1 1913 0 7
616
617
618
619
620
621
622
300 100 16.87499999995001
300 100 33.74999999986656
300 100 50.62499999978237
300 100 67.49999999970095
300 100 84.37499999979167
300 100 101.2499999998852
300 100 118.1249999999787
1 1920 0 7
623
624
625
626
627
628
629
0 200 16.87499999995001
0 200 33.74999999986656
0 200 50.62499999978237
0 200 67.49999999970095
0 200 84.37499999979167
0 200 101.2499999998852
0 200 118.1249999999787
1 1921 0 7
630
631
632
633
634
635
636
100 200 16.87499999995001
100 200 33.74999999986656
100 200 50.62499999978237
100 200 67.49999999970095
100 200 84.37499999979167
100 200 101.2499999998852
100 200 118.1249999999787
1 1922 0 7
637
638
639
640
641
642
643
200 200 16.87499999995001
200 200 33.74999999986656
200 200 50.62499999978237
200 200 67.49999999970095
200 200 84.37499999979167
200 200 101.2499999998852
200 200 118.1249999999787
1 1923 0 7
644
645
646
647
648
649
650
300 200 16.87499999995001
300 200 33.74999999986656
300 200 50.62499999978237
300 200 67.49999999970095
300 200 84.37499999979167
300 200 101.2499999998852
300 200 118.1249999999787
1 1930 0 7
651
652
653
654
655
656
657
0 300 16.87499999995001
0 300 33.74999999986656
0 300 50.62499999978237
0 300 67.49999999970095
0 300 84.37499999979167
0 300 101.2499999998852
0 300 118.1249999999787
1 1931 0 7
658
659
660
661
662
663
664
100 300 16.87499999995001
100 300 33.74999999986656
100 300 50.62499999978237
100 300 67.49999999970095
100 300 84.37499999979167
100 300 101.2499999998852
100 300 118.1249999999787
1 1932 0 7
665
666
667
668
669
670
671
200 300 16.87499999995001
200 300 33.74999999986656
200 300 50.62499999978237
200 300 67.49999999970095
200 300 84.37499999979167
200 300 101.2499999998852
200 300 118.1249999999787
1 1933 0 7
672
673
674
675
676
677
678
300 300 16.87499999995001
300 300 33.74999999986656
300 300 50.62499999978237
300 300 67.49999999970095
300 300 84.37499999979167
300 300 101.2499999998852
300 300 118.1249999999787
1 2100 0 7
679
680
681
682
683
684
685
0 0 181.875
0 0 198.75
0 0 215.625
0 0 232.5
0 0 249.375
0 0 266.25
0 0 283.125
1 2101 0 7
686
687
688
689
690
691
692
100 0 181.875
100 0 198.75
100 0 215.625
100 0 232.5
100 0 249.375
100 0 266.25
100 0 283.125
1 2102 0 7
693
694
695
696
697
698
699
200 0 181.875
200 0 198.75
200 0 215.625
200 0 232.5
200 0 249.375
200 0 266.25
200 0 283.125
1 2103 0 7
700
701
702
703
704
705
706
300 0 181.875
300 0 198.75
300 0 215.625
300 0 232.5
300 0 249.375
300 0 266.25
300 0 283.125
1 2110 0 7
707
708
709
710
711
712
713
0 100 181.875
0 100 198.75
0 100 215.625
0 100 232.5
0 100 249.375
0 100 266.25
0 100 283.125
1 2111 0 7
714
715
716
717
718
719
720
100 100 181.875
100 100 198.75
100 100 215.625
100 100 232.5
100 100 249.375
100 100 266.25
100 100 283.125
1 2112 0 7
721
722
723
724
725
726
727
200 100 181.875
200 100 198.75
200 100 215.625
200 100 232.5
200 100 249.375
200 100 266.25
200 100 283.125
1 2113 0 7
728
729
730
731
732
733
734
300 100 181.875
300 100 198.75
300 100 215.625
300 100 232.5
300 100 249.375
300 100 266.25
300 100 283.125
1 2120 0 7
735
736
737
738
739
740
741
0 200 181.875
0 200 198.75
0 200 215.625
0 200 232.5
0 200 249.375
0 200 266.25
0 200 283.125
1 2121 0 7
742
743
744
745
746
747
748
100 200 181.875
100 200 198.75
100 200 215.625
100 200 232.5
100 200 249.375
100 200 266.25
100 200 283.125
1 2122 0 7
749
750
751
752
753
754
755
200 200 181.875
200 200 198.75
200 200 215.625
200 200 232.5
200 200 249.375
200 200 266.25
200 200 283.125
1 2123 0 7
756
757
758
759
760
761
762
300 200 181.875
300 200 198.75
300 200 215.625
300 200 232.5
300 200 249.375
300 200 266.25
300 200 283.125
1 2130 0 7
763
764
765
766
767
768
769
0 300 181.918749999957
0 300 198.7874999998696
0 300 215.6562499998155
0 300 232.5249999997781
0 300 249.3937499998295
0 300 266.2624999998863
0 300 283.1312499999432
1 2131 0 7
770
771
772
773
774
775
776
100 300 181.875
100 300 198.75
100 300 215.625
100 300 232.5
100 300 249.375
100 300 266.25
100 300 283.125
1 2132 0 7
777
778
779
780
781
782
783
200 300 181.875
200 300 198.75
200 300 215.625
200 300 232.5
200 300 249.375
200 300 266.25
200 300 283.125
1 2133 0 7
784
785
786
787
788
789
790
300 300 181.875
300 300 198.75
300 300 215.625
300 300 232.5
300 300 249.375
300 300 266.25
300 300 283.125
2 3000 0 25
791
792
793
794
795
796
797
798
799
800
801
802
803
804
805
806
807
808
809
810
811
812
813
814
815
16.66666666661539 16.66666666661539 0
16.66666666662721 33.33333333323629 0
16.66666666663118 49.99999999988325 0
16.66666666662722 66.66666666655767 0
16.6666666666154 83.33333333327232 0
33.33333333323629 16.66666666662721 0
33.3333333332623 33.3333333332623 0
33.3333333332703 49.99999999991542 0
33.33333333326231 66.66666666659076 0
33.3333333332363 83.33333333328947 0
49.99999999988325 16.66666666663118 0
49.99999999991542 33.3333333332703 0
49.99999999992539 49.99999999992539 0
49.99999999991542 66.66666666660043 0
49.99999999988326 83.33333333329485 0
66.66666666655767 16.66666666662722 0
66.66666666659076 33.33333333326231 0
66.66666666660043 49.99999999991542 0
66.66666666659074 66.66666666659074 0
66.66666666655766 83.33333333328946 0
83.33333333327232 16.6666666666154 0
83.33333333328947 33.3333333332363 0
83.33333333329485 49.99999999988326 0
83.33333333328946 66.66666666655766 0
83.33333333327232 83.33333333327232 0
2 3001 0 25
816
817
818
819
820
821
822
823
824
825
826
827
828
829
830
831
832
833
834
835
836
837
838
839
840
116.666666666534 16.6666666666154 0
116.6666666665605 33.3333333332363 0
116.6666666665697 49.99999999988326 0
116.6666666665605 66.66666666655767 0
116.666666666534 83.33333333327232 0
133.3333333330807 16.66666666662723 0
133.3333333331385 33.33333333326232 0
133.3333333331577 49.99999999991545 0
133.3333333331385 66.66666666659077 0
133.3333333330807 83.3333333332895 0
149.9999999996612 16.66666666663119 0
149.999999999755 33.33333333327032 0
149.9999999997839 49.9999999999254 0
149.999999999755 66.66666666660045 0
149.9999999996611 83.33333333329486 0
166.6666666663249 16.66666666662723 0
166.6666666664364 33.33333333326232 0
166.6666666664682 49.99999999991544 0
166.6666666664365 66.66666666659076 0
166.666666666325 83.3333333332895 0
183.3333333331386 16.6666666666154 0
183.3333333331977 33.3333333332363 0
183.333333333216 49.99999999988327 0
183.3333333331978 66.66666666655767 0
183.3333333331387 83.33333333327234 0
2 3002 0 25
841
842
843
844
845
846
847
848
849
850
851
852
853
854
855
856
857
858
859
860
861
862
863
864
865
216.6666666665109 16.6666666666154 0
216.6666666665457 33.33333333323631 0
216.6666666665575 49.99999999988328 0
216.6666666665457 66.66666666655767 0
216.6666666665109 83.33333333327235 0
233.3333333330403 16.66666666662723 0
233.3333333331145 33.33333333326232 0
233.3333333331383 49.99999999991544 0
233.3333333331145 66.66666666659076 0
233.3333333330403 83.33333333328949 0
249.9999999996205 16.66666666663119 0
249.9999999997337 33.33333333327031 0
249.9999999997669 49.99999999992541 0
249.9999999997337 66.66666666660046 0
249.9999999996205 83.33333333329486 0
266.6666666663354 16.66666666662723 0
266.6666666664327 33.33333333326232 0
266.6666666664619 49.99999999991545 0
266.6666666664327 66.66666666659077 0
266.6666666663355 83.3333333332895 0
283.333333333151 16.6666666666154 0
283.3333333331997 33.3333333332363 0
283.3333333332154 49.99999999988327 0
283.3333333331997 66.66666666655769 0
283.333333333151 83.33333333327235 0
2 3010 0 25
866
867
868
869
870
871
872
873
874
875
876
877
878
879
880
881
882
883
884
885
886
887
888
889
890
16.6666666666154 116.666666666534 0
16.66666666662723 133.3333333330807 0
16.66666666663119 149.9999999996612 0
16.66666666662723 166.6666666663249 0
16.6666666666154 183.3333333331386 0
33.3333333332363 116.6666666665605 0
33.33333333326232 133.3333333331385 0
33.3333333332703 149.999999999755 0
33.33333333326231 166.6666666664364 0
33.3333333332363 183.3333333331978 0
49.99999999988326 116.6666666665697 0
49.99999999991544 133.3333333331577 0
49.99999999992539 149.999999999784 0
49.99999999991543 166.6666666664682 0
49.99999999988326 183.333333333216 0
66.66666666655767 116.6666666665605 0
66.66666666659076 133.3333333331385 0
66.66666666660045 149.999999999755 0
66.66666666659076 166.6666666664365 0
66.66666666655766 183.3333333331977 0
83.33333333327232 116.666666666534 0
83.33333333328949 133.3333333330807 0
83.33333333329485 149.9999999996611 0
83.33333333328949 166.666666666325 0
83.33333333327234 183.3333333331386 0
2 3011 0 25
891
892
893
894
895
896
897
898
899
900
901
902
903
904
905
906
907
908
909
910
911
912
913
914
915
116.666666666534 116.666666666534 0
116.6666666665605 133.3333333330807 0
116.6666666665697 149.9999999996612 0
116.6666666665606 166.666666666325 0
116.666666666534 183.3333333331387 0
133.3333333330807 116.6666666665605 0
133.3333333331385 133.3333333331385 0
133.3333333331576 149.9999999997551 0
133.3333333331385 166.6666666664365 0
133.3333333330807 183.3333333331978 0
149.9999999996612 116.6666666665697 0
149.9999999997551 133.3333333331576 0
149.999999999784 149.999999999784 0
149.999999999755 166.6666666664682 0
149.9999999996612 183.333333333216 0
166.666666666325 116.6666666665606 0
166.6666666664365 133.3333333331385 0
166.6666666664682 149.999999999755 0
166.6666666664365 166.6666666664365 0
166.6666666663249 183.3333333331978 0
183.3333333331387 116.666666666534 0
183.3333333331978 133.3333333330807 0
183.333333333216 149.9999999996612 0
183.3333333331978 166.6666666663249 0
183.3333333331386 183.3333333331386 0
2 3012 0 25
916
917
918
919
920
921
922
923
924
925
926
927
928
929
930
931
932
933
934
935
936
937
938
939
940
216.6666666665109 116.666666666534 0
216.6666666665457 133.3333333330807 0
216.6666666665574 149.9999999996611 0
216.6666666665457 166.6666666663249 0
216.6666666665109 183.3333333331386 0
233.3333333330403 116.6666666665605 0
233.3333333331144 133.3333333331385 0
233.3333333331383 149.999999999755 0
233.3333333331145 166.6666666664365 0
233.3333333330403 183.3333333331977 0
249.9999999996205 116.6666666665697 0
249.9999999997335 133.3333333331576 0
249.9999999997668 149.9999999997839 0
249.9999999997336 166.6666666664682 0
249.9999999996205 183.3333333332159 0
266.6666666663354 116.6666666665605 0
266.6666666664327 133.3333333331385 0
266.6666666664619 149.999999999755 0
266.6666666664327 166.6666666664365 0
266.6666666663354 183.3333333331978 0
283.333333333151 116.666666666534 0
283.3333333331998 133.3333333330807 0
283.3333333332154 149.9999999996612 0
283.3333333331997 166.6666666663249 0
283.333333333151 183.3333333331386 0
2 3020 0 25
941
942
943
944
945
946
947
948
949
950
951
952
953
954
955
956
957
958
959
960
961
962
963
964
965
16.6666666666154 216.6666666665109 0
16.66666666662723 233.3333333330403 0
16.66666666663119 249.9999999996205 0
16.66666666662723 266.6666666663354 0
16.6666666666154 283.333333333151 0
33.3333333332363 216.6666666665457 0
33.33333333326232 233.3333333331145 0
33.3333333332703 249.9999999997337 0
33.33333333326232 266.6666666664327 0
33.3333333332363 283.3333333331997 0
49.99999999988326 216.6666666665575 0
49.99999999991544 233.3333333331383 0
49.9999999999254 249.9999999997668 0
49.99999999991543 266.6666666664618 0
49.99999999988325 283.3333333332153 0
66.66666666655767 216.6666666665458 0
66.66666666659077 233.3333333331145 0
66.66666666660043 249.9999999997336 0
66.66666666659074 266.6666666664327 0
66.66666666655766 283.3333333331997 0
83.33333333327234 216.6666666665109 0
83.3333333332895 233.3333333330403 0
83.33333333329486 249.9999999996206 0
83.3333333332895 266.6666666663355 0
83.33333333327234 283.333333333151 0
2 3021 0 25
966
967
968
969
970
971
972
973
974
975
976
977
978
979
980
981
982
983
984
985
986
987
988
989
990
116.6666666665339 216.6666666665108 0
116.6666666665605 233.3333333330403 0
116.6666666665697 249.9999999996205 0
116.6666666665605 266.6666666663355 0
116.666666666534 283.333333333151 0
133.3333333330807 216.6666666665457 0
133.3333333331385 233.3333333331145 0
133.3333333331577 249.9999999997336 0
133.3333333331385 266.6666666664327 0
133.3333333330807 283.3333333331998 0
149.9999999996611 216.6666666665574 0
149.999999999755 233.3333333331383 0
149.999999999784 249.9999999997669 0
149.999999999755 266.6666666664619 0
149.9999999996612 283.3333333332154 0
166.6666666663249 216.6666666665457 0
166.6666666664365 233.3333333331145 0
166.6666666664682 249.9999999997336 0
166.6666666664365 266.6666666664327 0
166.6666666663249 283.3333333331997 0
183.3333333331386 216.6666666665108 0
183.3333333331977 233.3333333330403 0
183.333333333216 249.9999999996205 0
183.3333333331978 266.6666666663354 0
183.3333333331386 283.333333333151 0
2 3022 0 25
991
992
993
994
995
996
997
998
999
1000
1001
1002
1003
1004
1005
1006
1007
1008
1009
1010
1011
1012
1013
1014
1015
216.6666666665109 216.6666666665109 0
216.6666666665457 233.3333333330403 0
216.6666666665575 249.9999999996206 0
216.6666666665458 266.6666666663355 0
216.6666666665109 283.333333333151 0
233.3333333330403 216.6666666665457 0
233.3333333331145 233.3333333331145 0
233.3333333331384 249.9999999997337 0
233.3333333331146 266.6666666664327 0
233.3333333330403 283.3333333331998 0
249.9999999996206 216.6666666665575 0
249.9999999997337 233.3333333331384 0
249.9999999997669 249.9999999997669 0
249.9999999997337 266.6666666664619 0
249.9999999996206 283.3333333332154 0
266.6666666663355 216.6666666665458 0
266.6666666664327 233.3333333331145 0
266.6666666664619 249.9999999997337 0
266.6666666664327 266.6666666664327 0
266.6666666663355 283.3333333331997 0
283.333333333151 216.6666666665109 0
283.3333333331998 233.3333333330403 0
283.3333333332154 249.9999999996205 0
283.3333333331998 266.6666666663355 0
283.333333333151 283.333333333151 0
2 3100 0 25
1016
1017
1018
1019
1020
1021
1022
1023
1024
1025
1026
1027
1028
1029
1030
1031
1032
1033
1034
1035
1036
1037
1038
1039
1040
16.66666666661539 16.66666666661539 135
16.66666666662721 33.33333333323629 135
16.66666666663118 49.99999999988325 135
16.66666666662722 66.66666666655767 135
16.6666666666154 83.33333333327232 135
33.33333333323629 16.66666666662721 135
33.3333333332623 33.3333333332623 135
33.3333333332703 49.99999999991542 135
33.33333333326231 66.66666666659076 135
33.3333333332363 83.33333333328947 135
49.99999999988325 16.66666666663118 135
49.99999999991542 33.3333333332703 135
49.99999999992539 49.99999999992539 135
49.99999999991542 66.66666666660043 135
49.99999999988326 83.33333333329485 135
66.66666666655767 16.66666666662722 135
66.66666666659076 33.33333333326231 135
66.66666666660043 49.99999999991542 135
66.66666666659074 66.66666666659074 135
66.66666666655766 83.33333333328946 135
83.33333333327232 16.6666666666154 135
83.33333333328947 33.3333333332363 135
83.33333333329485 49.99999999988326 135
83.33333333328946 66.66666666655766 135
83.33333333327232 83.33333333327232 135
2 3101 0 25
1041
1042
1043
1044
1045
1046
1047
1048
1049
1050
1051
1052
1053
1054
1055
1056
1057
1058
1059
1060
1061
1062
1063
1064
1065
116.666666666534 16.6666666666154 135
116.6666666665605 33.3333333332363 135
116.6666666665697 49.99999999988326 135
116.6666666665605 66.66666666655767 135
116.666666666534 83.33333333327232 135
133.3333333330807 16.66666666662723 135
133.3333333331385 33.33333333326232 135
133.3333333331577 49.99999999991545 135
133.3333333331385 66.66666666659077 135
133.3333333330807 83.3333333332895 135
149.9999999996612 16.66666666663119 135
149.999999999755 33.33333333327032 135
149.9999999997839 49.9999999999254 135
149.999999999755 66.66666666660045 135
149.9999999996611 83.33333333329486 135
166.6666666663249 16.66666666662723 135
166.6666666664364 33.33333333326232 135
166.6666666664682 49.99999999991544 135
166.6666666664365 66.66666666659076 135
166.666666666325 83.3333333332895 135
183.3333333331386 16.6666666666154 135
183.3333333331977 33.3333333332363 135
183.333333333216 49.99999999988327 135
183.3333333331978 66.66666666655767 135
183.3333333331387 83.33333333327234 135
2 3110 0 25
1066
1067
1068
1069
1070
1071
1072
1073
1074
1075
1076
1077
1078
1079
1080
1081
1082
1083
1084
1085
1086
1087
1088
1089
1090
16.6666666666154 116.666666666534 135
16.66666666662723 133.3333333330807 135
16.66666666663119 149.9999999996612 135
16.66666666662723 166.6666666663249 135
16.6666666666154 183.3333333331386 135
33.3333333332363 116.6666666665605 135
33.33333333326232 133.3333333331385 135
33.3333333332703 149.999999999755 135
33.33333333326231 166.6666666664364 135
33.3333333332363 183.3333333331978 135
49.99999999988326 116.6666666665697 135
49.99999999991544 133.3333333331577 135
49.99999999992539 149.999999999784 135
49.99999999991543 166.6666666664682 135
49.99999999988326 183.333333333216 135
66.66666666655767 116.6666666665605 135
66.66666666659076 133.3333333331385 135
66.66666666660045 149.999999999755 135
66.66666666659076 166.6666666664365 135
66.66666666655766 183.3333333331977 135
83.33333333327232 116.666666666534 135
83.33333333328949 133.3333333330807 135
83.33333333329485 149.9999999996611 135
83.33333333328949 166.666666666325 135
83.33333333327234 183.3333333331386 135
2 3111 0 25
1091
1092
1093
1094
1095
1096
1097
1098
1099
1100
1101
1102
1103
1104
1105
1106
1107
1108
1109
1110
1111
1112
1113
1114
1115
116.666666666534 116.666666666534 135
116.6666666665605 133.3333333330807 135
116.6666666665697 149.9999999996612 135
116.6666666665606 166.666666666325 135
116.666666666534 183.3333333331387 135
133.3333333330807 116.6666666665605 135
133.3333333331385 133.3333333331385 135
133.3333333331576 149.9999999997551 135
133.3333333331385 166.6666666664365 135
133.3333333330807 183.3333333331978 135
149.9999999996612 116.6666666665697 135
149.9999999997551 133.3333333331576 135
149.999999999784 149.999999999784 135
149.999999999755 166.6666666664682 135
149.9999999996612 183.333333333216 135
166.666666666325 116.6666666665606 135
166.6666666664365 133.3333333331385 135
166.6666666664682 149.999999999755 135
166.6666666664365 166.6666666664365 135
166.6666666663249 183.3333333331978 135
183.3333333331387 116.666666666534 135
183.3333333331978 133.3333333330807 135
183.333333333216 149.9999999996612 135
183.3333333331978 166.6666666663249 135
183.3333333331386 183.3333333331386 135
2 3112 0 25
1116
1117
1118
1119
1120
1121
1122
1123
1124
1125
1126
1127
1128
1129
1130
1131
1132
1133
1134
1135
1136
1137
1138
1139
1140
216.6666666665109 116.666666666534 135
216.6666666665457 133.3333333330807 135
216.6666666665574 149.9999999996611 135
216.6666666665457 166.6666666663249 135
216.6666666665109 183.3333333331386 135
233.3333333330403 116.6666666665605 135
233.3333333331144 133.3333333331385 135
233.3333333331383 149.999999999755 135
233.3333333331145 166.6666666664365 135
233.3333333330403 183.3333333331977 135
249.9999999996205 116.6666666665697 135
249.9999999997335 133.3333333331576 135
249.9999999997668 149.9999999997839 135
249.9999999997336 166.6666666664682 135
249.9999999996205 183.3333333332159 135
266.6666666663354 116.6666666665605 135
266.6666666664327 133.3333333331385 135
266.6666666664619 149.999999999755 135
266.6666666664327 166.6666666664365 135
266.6666666663354 183.3333333331978 135
283.333333333151 116.666666666534 135
283.3333333331998 133.3333333330807 135
283.3333333332154 149.9999999996612 135
283.3333333331997 166.6666666663249 135
283.333333333151 183.3333333331386 135
2 3120 0 25
1141
1142
1143
1144
1145
1146
1147
1148
1149
1150
1151
1152
1153
1154
1155
1156
1157
1158
1159
1160
1161
1162
1163
1164
1165
16.6666666666154 216.6666666665109 135
16.66666666662723 233.3333333330403 135
16.66666666663119 249.9999999996205 135
16.66666666662723 266.6666666663354 135
16.6666666666154 283.333333333151 135
33.3333333332363 216.6666666665457 135
33.33333333326232 233.3333333331145 135
33.3333333332703 249.9999999997337 135
33.33333333326232 266.6666666664327 135
33.3333333332363 283.3333333331997 135
49.99999999988326 216.6666666665575 135
49.99999999991544 233.3333333331383 135
49.9999999999254 249.9999999997668 135
49.99999999991543 266.6666666664618 135
49.99999999988325 283.3333333332153 135
66.66666666655767 216.6666666665458 135
66.66666666659077 233.3333333331145 135
66.66666666660043 249.9999999997336 135
66.66666666659074 266.6666666664327 135
66.66666666655766 283.3333333331997 135
83.33333333327234 216.6666666665109 135
83.3333333332895 233.3333333330403 135
83.33333333329486 249.9999999996206 135
83.3333333332895 266.6666666663355 135
83.33333333327234 283.333333333151 135
2 3121 0 25
1166
1167
1168
1169
1170
1171
1172
1173
1174
1175
1176
1177
1178
1179
1180
1181
1182
1183
1184
1185
1186
1187
1188
1189
1190
116.6666666665339 216.6666666665108 135
116.6666666665605 233.3333333330403 135
116.6666666665697 249.9999999996205 135
116.6666666665605 266.6666666663355 135
116.666666666534 283.333333333151 135
133.3333333330807 216.6666666665457 135
133.3333333331385 233.3333333331145 135
133.3333333331577 249.9999999997336 135
133.3333333331385 266.6666666664327 135
133.3333333330807 283.3333333331998 135
149.9999999996611 216.6666666665574 135
149.999999999755 233.3333333331383 135
149.999999999784 249.9999999997669 135
149.999999999755 266.6666666664619 135
149.9999999996612 283.3333333332154 135
166.6666666663249 216.6666666665457 135
166.6666666664365 233.3333333331145 135
166.6666666664682 249.9999999997336 135
166.6666666664365 266.6666666664327 135
166.6666666663249 283.3333333331997 135
183.3333333331386 216.6666666665108 135
183.3333333331977 233.3333333330403 135
183.333333333216 249.9999999996205 135
183.3333333331978 266.6666666663354 135
183.3333333331386 283.333333333151 135
2 3122 0 25
1191
1192
1193
1194
1195
1196
1197
1198
1199
1200
1201
1202
1203
1204
1205
1206
1207
1208
1209
1210
1211
1212
1213
1214
1215
216.6666666665109 216.6666666665109 135
216.6666666665457 233.3333333330403 135
216.6666666665575 249.9999999996206 135
216.6666666665458 266.6666666663355 135
216.6666666665109 283.333333333151 135
233.3333333330403 216.6666666665457 135
233.3333333331145 233.3333333331145 135
233.3333333331384 249.9999999997337 135
233.3333333331146 266.6666666664327 135
233.3333333330403 283.3333333331998 135
249.9999999996206 216.6666666665575 135
249.9999999997337 233.3333333331384 135
249.9999999997669 249.9999999997669 135
249.9999999997337 266.6666666664619 135
249.9999999996206 283.3333333332154 135
266.6666666663355 216.6666666665458 135
266.6666666664327 233.3333333331145 135
266.6666666664619 249.9999999997337 135
266.6666666664327 266.6666666664327 135
266.6666666663355 283.3333333331997 135
283.333333333151 216.6666666665109 135
283.3333333331998 233.3333333330403 135
283.3333333332154 249.9999999996205 135
283.3333333331998 266.6666666663355 135
283.333333333151 283.333333333151 135
2 3190 0 25
1216
1217
1218
1219
1220
1221
1222
1223
1224
1225
1226
1227
1228
1229
1230
1231
1232
1233
1234
1235
1236
1237
1238
1239
1240
216.6666666665109 16.66666666661541 134.9930555555556
216.6666666665457 33.3333333332363 134.9944444444445
216.6666666665575 49.99999999988328 134.9958333333333
216.6666666665457 66.66666666655769 134.9972222222222
216.6666666665109 83.33333333327234 134.9986111111111
233.3333333330402 16.66666666662721 134.9861111111112
233.3333333331145 33.33333333326232 134.9888888888889
233.3333333331383 49.99999999991543 134.9916666666667
233.3333333331145 66.66666666659076 134.9944444444445
233.3333333330403 83.3333333332895 134.9972222222222
249.9999999996205 16.66666666663119 134.9791666666668
249.9999999997336 33.3333333332703 134.9833333333334
249.9999999997668 49.99999999992541 134.9875000000001
249.9999999997336 66.66666666660043 134.9916666666666
249.9999999996205 83.33333333329486 134.9958333333333
266.6666666663354 16.66666666662723 134.9722222222223
266.6666666664327 33.33333333326232 134.9777777777778
266.6666666664619 49.99999999991543 134.9833333333333
266.6666666664327 66.66666666659074 134.9888888888889
266.6666666663354 83.33333333328949 134.9944444444445
283.333333333151 16.66666666661539 134.9652777777778
283.3333333331997 33.3333333332363 134.9722222222222
283.3333333332154 49.99999999988326 134.9791666666666
283.3333333331997 66.66666666655769 134.9861111111111
283.333333333151 83.33333333327234 134.9930555555555
2 3191 0 25
1241
1242
1243
1244
1245
1246
1247
1248
1249
1250
1251
1252
1253
1254
1255
1256
1257
1258
1259
1260
1261
1262
1263
1264
1265
216.6666666665109 16.66666666661541 135.0069444444443
216.6666666665457 33.3333333332363 135.0055555555555
216.6666666665575 49.99999999988328 135.0041666666666
216.6666666665457 66.66666666655769 135.0027777777777
216.6666666665109 83.33333333327234 135.0013888888889
233.3333333330402 16.66666666662721 135.0138888888888
233.3333333331145 33.33333333326232 135.0111111111111
233.3333333331383 49.99999999991543 135.0083333333332
233.3333333331145 66.66666666659076 135.0055555555555
233.3333333330403 83.3333333332895 135.0027777777777
249.9999999996205 16.66666666663119 135.0208333333331
249.9999999997336 33.3333333332703 135.0166666666666
249.9999999997668 49.99999999992541 135.0124999999999
249.9999999997336 66.66666666660043 135.0083333333334
249.9999999996205 83.33333333329486 135.0041666666667
266.6666666663354 16.66666666662723 135.0277777777777
266.6666666664327 33.33333333326232 135.0222222222221
266.6666666664619 49.99999999991543 135.0166666666666
266.6666666664327 66.66666666659074 135.0111111111111
266.6666666663354 83.33333333328949 135.0055555555555
283.333333333151 16.66666666661539 135.0347222222221
283.3333333331997 33.3333333332363 135.0277777777778
283.3333333332154 49.99999999988326 135.0208333333334
283.3333333331997 66.66666666655769 135.0138888888889
283.333333333151 83.33333333327234 135.0069444444445
2 3200 0 25
1266
1267
1268
1269
1270
1271
1272
1273
1274
1275
1276
1277
1278
1279
1280
1281
1282
1283
1284
1285
1286
1287
1288
1289
1290
16.66666666661539 16.66666666661539 165
16.66666666662721 33.33333333323629 165
16.66666666663118 49.99999999988325 165
16.66666666662722 66.66666666655767 165
16.6666666666154 83.33333333327232 165
33.33333333323629 16.66666666662721 165
33.3333333332623 33.3333333332623 165
33.3333333332703 49.99999999991542 165
33.33333333326231 66.66666666659076 165
33.3333333332363 83.33333333328947 165
49.99999999988325 16.66666666663118 165
49.99999999991542 33.3333333332703 165
49.99999999992539 49.99999999992539 165
49.99999999991542 66.66666666660043 165
49.99999999988326 83.33333333329485 165
66.66666666655767 16.66666666662722 165
66.66666666659076 33.33333333326231 165
66.66666666660043 49.99999999991542 165
66.66666666659074 66.66666666659074 165
66.66666666655766 83.33333333328946 165
83.33333333327232 16.6666666666154 165
83.33333333328947 33.3333333332363 165
83.33333333329485 49.99999999988326 165
83.33333333328946 66.66666666655766 165
83.33333333327232 83.33333333327232 165
2 3201 0 25
1291
1292
1293
1294
1295
1296
1297
1298
1299
1300
1301
1302
1303
1304
1305
1306
1307
1308
1309
1310
1311
1312
1313
1314
1315
116.666666666534 16.6666666666154 165
116.6666666665605 33.3333333332363 165
116.6666666665697 49.99999999988326 165
116.6666666665605 66.66666666655767 165
116.666666666534 83.33333333327232 165
133.3333333330807 16.66666666662723 165
133.3333333331385 33.33333333326232 165
133.3333333331577 49.99999999991545 165
133.3333333331385 66.66666666659077 165
133.3333333330807 83.3333333332895 165
149.9999999996612 16.66666666663119 165
149.999999999755 33.33333333327032 165
149.9999999997839 49.9999999999254 165
149.999999999755 66.66666666660045 165
149.9999999996611 83.33333333329486 165
166.6666666663249 16.66666666662723 165
166.6666666664364 33.33333333326232 165
166.6666666664682 49.99999999991544 165
166.6666666664365 66.66666666659076 165
166.666666666325 83.3333333332895 165
183.3333333331386 16.6666666666154 165
183.3333333331977 33.3333333332363 165
183.333333333216 49.99999999988327 165
183.3333333331978 66.66666666655767 165
183.3333333331387 83.33333333327234 165
2 3202 0 25
1316
1317
1318
1319
1320
1321
1322
1323
1324
1325
1326
1327
1328
1329
1330
1331
1332
1333
1334
1335
1336
1337
1338
1339
1340
216.6666666665109 16.6666666666154 165
216.6666666665457 33.33333333323631 165
216.6666666665575 49.99999999988328 165
216.6666666665457 66.66666666655767 165
216.6666666665109 83.33333333327235 165
233.3333333330403 16.66666666662723 165
233.3333333331145 33.33333333326232 165
233.3333333331383 49.99999999991544 165
233.3333333331145 66.66666666659076 165
233.3333333330403 83.33333333328949 165
249.9999999996205 16.66666666663119 165
249.9999999997337 33.33333333327031 165
249.9999999997669 49.99999999992541 165
249.9999999997337 66.66666666660046 165
249.9999999996205 83.33333333329486 165
266.6666666663354 16.66666666662723 165
266.6666666664327 33.33333333326232 165
266.6666666664619 49.99999999991545 165
266.6666666664327 66.66666666659077 165
266.6666666663355 83.3333333332895 165
283.333333333151 16.6666666666154 165
283.3333333331997 33.3333333332363 165
283.3333333332154 49.99999999988327 165
283.3333333331997 66.66666666655769 165
283.333333333151 83.33333333327235 165
2 3210 0 25
1341
1342
1343
1344
1345
1346
1347
1348
1349
1350
1351
1352
1353
1354
1355
1356
1357
1358
1359
1360
1361
1362
1363
1364
1365
16.6666666666154 116.666666666534 165
16.66666666662723 133.3333333330807 165
16.66666666663119 149.9999999996612 165
16.66666666662723 166.6666666663249 165
16.6666666666154 183.3333333331386 165
33.3333333332363 116.6666666665605 165
33.33333333326232 133.3333333331385 165
33.3333333332703 149.999999999755 165
33.33333333326231 166.6666666664364 165
33.3333333332363 183.3333333331978 165
49.99999999988326 116.6666666665697 165
49.99999999991544 133.3333333331577 165
49.99999999992539 149.999999999784 165
49.99999999991543 166.6666666664682 165
49.99999999988326 183.333333333216 165
66.66666666655767 116.6666666665605 165
66.66666666659076 133.3333333331385 165
66.66666666660045 149.999999999755 165
66.66666666659076 166.6666666664365 165
66.66666666655766 183.3333333331977 165
83.33333333327232 116.666666666534 165
83.33333333328949 133.3333333330807 165
83.33333333329485 149.9999999996611 165
83.33333333328949 166.666666666325 165
83.33333333327234 183.3333333331386 165
2 3211 0 25
1366
1367
1368
1369
1370
1371
1372
1373
1374
1375
1376
1377
1378
1379
1380
1381
1382
1383
1384
1385
1386
1387
1388
1389
1390
116.666666666534 116.666666666534 165
116.6666666665605 133.3333333330807 165
116.6666666665697 149.9999999996612 165
116.6666666665606 166.666666666325 165
116.666666666534 183.3333333331387 165
133.3333333330807 116.6666666665605 165
133.3333333331385 133.3333333331385 165
133.3333333331576 149.9999999997551 165
133.3333333331385 166.6666666664365 165
133.3333333330807 183.3333333331978 165
149.9999999996612 116.6666666665697 165
149.9999999997551 133.3333333331576 165
149.999999999784 149.999999999784 165
149.999999999755 166.6666666664682 165
149.9999999996612 183.333333333216 165
166.666666666325 116.6666666665606 165
166.6666666664365 133.3333333331385 165
166.6666666664682 149.999999999755 165
166.6666666664365 166.6666666664365 165
166.6666666663249 183.3333333331978 165
183.3333333331387 116.666666666534 165
183.3333333331978 133.3333333330807 165
183.333333333216 149.9999999996612 165
183.3333333331978 166.6666666663249 165
183.3333333331386 183.3333333331386 165
2 3212 0 25
1391
1392
1393
1394
1395
1396
1397
1398
1399
1400
1401
1402
1403
1404
1405
1406
1407
1408
1409
1410
1411
1412
1413
1414
1415
216.6666666665109 116.666666666534 165
216.6666666665457 133.3333333330807 165
216.6666666665574 149.9999999996611 165
216.6666666665457 166.6666666663249 165
216.6666666665109 183.3333333331386 165
233.3333333330403 116.6666666665605 165
233.3333333331144 133.3333333331385 165
233.3333333331383 149.999999999755 165
233.3333333331145 166.6666666664365 165
233.3333333330403 183.3333333331977 165
249.9999999996205 116.6666666665697 165
249.9999999997335 133.3333333331576 165
249.9999999997668 149.9999999997839 165
249.9999999997336 166.6666666664682 165
249.9999999996205 183.3333333332159 165
266.6666666663354 116.6666666665605 165
266.6666666664327 133.3333333331385 165
266.6666666664619 149.999999999755 165
266.6666666664327 166.6666666664365 165
266.6666666663354 183.3333333331978 165
283.333333333151 116.666666666534 165
283.3333333331998 133.3333333330807 165
283.3333333332154 149.9999999996612 165
283.3333333331997 166.6666666663249 165
283.333333333151 183.3333333331386 165
2 3221 0 25
1416
1417
1418
1419
1420
1421
1422
1423
1424
1425
1426
1427
1428
1429
1430
1431
1432
1433
1434
1435
1436
1437
1438
1439
1440
116.6666666665339 216.6666666665108 165
116.6666666665605 233.3333333330403 165
116.6666666665697 249.9999999996205 165
116.6666666665605 266.6666666663355 165
116.666666666534 283.333333333151 165
133.3333333330807 216.6666666665457 165
133.3333333331385 233.3333333331145 165
133.3333333331577 249.9999999997336 165
133.3333333331385 266.6666666664327 165
133.3333333330807 283.3333333331998 165
149.9999999996611 216.6666666665574 165
149.999999999755 233.3333333331383 165
149.999999999784 249.9999999997669 165
149.999999999755 266.6666666664619 165
149.9999999996612 283.3333333332154 165
166.6666666663249 216.6666666665457 165
166.6666666664365 233.3333333331145 165
166.6666666664682 249.9999999997336 165
166.6666666664365 266.6666666664327 165
166.6666666663249 283.3333333331997 165
183.3333333331386 216.6666666665108 165
183.3333333331977 233.3333333330403 165
183.333333333216 249.9999999996205 165
183.3333333331978 266.6666666663354 165
183.3333333331386 283.333333333151 165
2 3222 0 25
1441
1442
1443
1444
1445
1446
1447
1448
1449
1450
1451
1452
1453
1454
1455
1456
1457
1458
1459
1460
1461
1462
1463
1464
1465
216.6666666665109 216.6666666665109 165
216.6666666665457 233.3333333330403 165
216.6666666665575 249.9999999996206 165
216.6666666665458 266.6666666663355 165
216.6666666665109 283.333333333151 165
233.3333333330403 216.6666666665457 165
233.3333333331145 233.3333333331145 165
233.3333333331384 249.9999999997337 165
233.3333333331146 266.6666666664327 165
233.3333333330403 283.3333333331998 165
249.9999999996206 216.6666666665575 165
249.9999999997337 233.3333333331384 165
249.9999999997669 249.9999999997669 165
249.9999999997337 266.6666666664619 165
249.9999999996206 283.3333333332154 165
266.6666666663355 216.6666666665458 165
266.6666666664327 233.3333333331145 165
266.6666666664619 249.9999999997337 165
266.6666666664327 266.6666666664327 165
266.6666666663355 283.3333333331997 165
283.333333333151 216.6666666665109 165
283.3333333331998 233.3333333330403 165
283.3333333332154 249.9999999996205 165
283.3333333331998 266.6666666663355 165
283.333333333151 283.333333333151 165
2 3290 0 25
1466
1467
1468
1469
1470
1471
1472
1473
1474
1475
1476
1477
1478
1479
1480
1481
1482
1483
1484
1485
1486
1487
1488
1489
1490
16.66666666661539 216.6666666665109 164.9930555555556
16.66666666662721 233.3333333330403 164.9861111111112
16.66666666663119 249.9999999996205 164.9791666666668
16.66666666662723 266.6666666663354 164.9722222222223
16.66666666661539 283.333333333151 164.9652777777778
33.33333333323629 216.6666666665456 164.9944444444445
33.33333333326232 233.3333333331145 164.9888888888889
33.33333333327032 249.9999999997336 164.9833333333334
33.33333333326232 266.6666666664327 164.9777777777779
33.3333333332363 283.3333333331997 164.9722222222222
49.99999999988324 216.6666666665575 164.9958333333333
49.99999999991543 233.3333333331384 164.9916666666667
49.99999999992541 249.9999999997668 164.9875
49.99999999991542 266.6666666664619 164.9833333333333
49.99999999988326 283.3333333332154 164.9791666666666
66.66666666655767 216.6666666665457 164.9972222222222
66.66666666659076 233.3333333331145 164.9944444444445
66.66666666660043 249.9999999997336 164.9916666666666
66.66666666659076 266.6666666664327 164.9888888888889
66.6666666665577 283.3333333331998 164.9861111111111
83.33333333327232 216.6666666665109 164.9986111111112
83.3333333332895 233.3333333330403 164.9972222222223
83.33333333329486 249.9999999996205 164.9958333333334
83.33333333328947 266.6666666663353 164.9944444444445
83.33333333327234 283.333333333151 164.9930555555556
2 3291 0 25
1491
1492
1493
1494
1495
1496
1497
1498
1499
1500
1501
1502
1503
1504
1505
1506
1507
1508
1509
1510
1511
1512
1513
1514
1515
16.66666666661539 216.6666666665109 165.0069444444444
16.66666666662721 233.3333333330403 165.0138888888888
16.66666666663119 249.9999999996205 165.0208333333332
16.66666666662723 266.6666666663354 165.0277777777777
16.66666666661539 283.333333333151 165.0347222222222
33.33333333323629 216.6666666665456 165.0055555555555
33.33333333326232 233.3333333331145 165.0111111111111
33.33333333327032 249.9999999997336 165.0166666666666
33.33333333326232 266.6666666664327 165.0222222222222
33.3333333332363 283.3333333331997 165.0277777777778
49.99999999988324 216.6666666665575 165.0041666666667
49.99999999991543 233.3333333331384 165.0083333333333
49.99999999992541 249.9999999997668 165.0124999999999
49.99999999991542 266.6666666664619 165.0166666666667
49.99999999988326 283.3333333332154 165.0208333333334
66.66666666655767 216.6666666665457 165.0027777777778
66.66666666659076 233.3333333331145 165.0055555555555
66.66666666660043 249.9999999997336 165.0083333333333
66.66666666659076 266.6666666664327 165.0111111111111
66.6666666665577 283.3333333331998 165.0138888888889
83.33333333327232 216.6666666665109 165.0013888888889
83.3333333332895 233.3333333330403 165.0027777777777
83.33333333329486 249.9999999996205 165.0041666666666
83.33333333328947 266.6666666663353 165.0055555555555
83.33333333327234 283.333333333151 165.0069444444445
2 3300 0 25
1516
1517
1518
1519
1520
1521
1522
1523
1524
1525
1526
1527
1528
1529
1530
1531
1532
1533
1534
1535
1536
1537
1538
1539
1540
16.66666666661539 16.66666666661539 300
16.66666666662721 33.33333333323629 300
16.66666666663118 49.99999999988325 300
16.66666666662722 66.66666666655767 300
16.6666666666154 83.33333333327232 300
33.33333333323629 16.66666666662721 300
33.3333333332623 33.3333333332623 300
33.3333333332703 49.99999999991542 300
33.33333333326231 66.66666666659076 300
33.3333333332363 83.33333333328947 300
49.99999999988325 16.66666666663118 300
49.99999999991542 33.3333333332703 300
49.99999999992539 49.99999999992539 300
49.99999999991542 66.66666666660043 300
49.99999999988326 83.33333333329485 300
66.66666666655767 16.66666666662722 300
66.66666666659076 33.33333333326231 300
66.66666666660043 49.99999999991542 300
66.66666666659074 66.66666666659074 300
66.66666666655766 83.33333333328946 300
83.33333333327232 16.6666666666154 300
83.33333333328947 33.3333333332363 300
83.33333333329485 49.99999999988326 300
83.33333333328946 66.66666666655766 300
83.33333333327232 83.33333333327232 300
2 3301 0 25
1541
1542
1543
1544
1545
1546
1547
1548
1549
1550
1551
1552
1553
1554
1555
1556
1557
1558
1559
1560
1561
1562
1563
1564
1565
116.666666666534 16.6666666666154 300
116.6666666665605 33.3333333332363 300
116.6666666665697 49.99999999988326 300
116.6666666665605 66.66666666655767 300
116.666666666534 83.33333333327232 300
133.3333333330807 16.66666666662723 300
133.3333333331385 33.33333333326232 300
133.3333333331577 49.99999999991545 300
133.3333333331385 66.66666666659077 300
133.3333333330807 83.3333333332895 300
149.9999999996612 16.66666666663119 300
149.999999999755 33.33333333327032 300
149.9999999997839 49.9999999999254 300
149.999999999755 66.66666666660045 300
149.9999999996611 83.33333333329486 300
166.6666666663249 16.66666666662723 300
166.6666666664364 33.33333333326232 300
166.6666666664682 49.99999999991544 300
166.6666666664365 66.66666666659076 300
166.666666666325 83.3333333332895 300
183.3333333331386 16.6666666666154 300
183.3333333331977 33.3333333332363 300
183.333333333216 49.99999999988327 300
183.3333333331978 66.66666666655767 300
183.3333333331387 83.33333333327234 300
2 3302 0 25
1566
1567
1568
1569
1570
1571
1572
1573
1574
1575
1576
1577
1578
1579
1580
1581
1582
1583
1584
1585
1586
1587
1588
1589
1590
216.6666666665109 16.6666666666154 300
216.6666666665457 33.33333333323631 300
216.6666666665575 49.99999999988328 300
216.6666666665457 66.66666666655767 300
216.6666666665109 83.33333333327235 300
233.3333333330403 16.66666666662723 300
233.3333333331145 33.33333333326232 300
233.3333333331383 49.99999999991544 300
233.3333333331145 66.66666666659076 300
233.3333333330403 83.33333333328949 300
249.9999999996205 16.66666666663119 300
249.9999999997337 33.33333333327031 300
249.9999999997669 49.99999999992541 300
249.9999999997337 66.66666666660046 300
249.9999999996205 83.33333333329486 300
266.6666666663354 16.66666666662723 300
266.6666666664327 33.33333333326232 300
266.6666666664619 49.99999999991545 300
266.6666666664327 66.66666666659077 300
266.6666666663355 83.3333333332895 300
283.333333333151 16.6666666666154 300
283.3333333331997 33.3333333332363 300
283.3333333332154 49.99999999988327 300
283.3333333331997 66.66666666655769 300
283.333333333151 83.33333333327235 300
2 3310 0 25
1591
1592
1593
1594
1595
1596
1597
1598
1599
1600
1601
1602
1603
1604
1605
1606
1607
1608
1609
1610
1611
1612
1613
1614
1615
16.6666666666154 116.666666666534 300
16.66666666662723 133.3333333330807 300
16.66666666663119 149.9999999996612 300
16.66666666662723 166.6666666663249 300
16.6666666666154 183.3333333331386 300
33.3333333332363 116.6666666665605 300
33.33333333326232 133.3333333331385 300
33.3333333332703 149.999999999755 300
33.33333333326231 166.6666666664364 300
33.3333333332363 183.3333333331978 300
49.99999999988326 116.6666666665697 300
49.99999999991544 133.3333333331577 300
49.99999999992539 149.999999999784 300
49.99999999991543 166.6666666664682 300
49.99999999988326 183.333333333216 300
66.66666666655767 116.6666666665605 300
66.66666666659076 133.3333333331385 300
66.66666666660045 149.999999999755 300
66.66666666659076 166.6666666664365 300
66.66666666655766 183.3333333331977 300
83.33333333327232 116.666666666534 300
83.33333333328949 133.3333333330807 300
83.33333333329485 149.9999999996611 300
83.33333333328949 166.666666666325 300
83.33333333327234 183.3333333331386 300
2 3311 0 25
1616
1617
1618
1619
1620
1621
1622
1623
1624
1625
1626
1627
1628
1629
1630
1631
1632
1633
1634
1635
1636
1637
1638
1639
1640
116.666666666534 116.666666666534 300
116.6666666665605 133.3333333330807 300
116.6666666665697 149.9999999996612 300
116.6666666665606 166.666666666325 300
116.666666666534 183.3333333331387 300
133.3333333330807 116.6666666665605 300
133.3333333331385 133.3333333331385 300
133.3333333331576 149.9999999997551 300
133.3333333331385 166.6666666664365 300
133.3333333330807 183.3333333331978 300
149.9999999996612 116.6666666665697 300
149.9999999997551 133.3333333331576 300
149.999999999784 149.999999999784 300
149.999999999755 166.6666666664682 300
149.9999999996612 183.333333333216 300
166.666666666325 116.6666666665606 300
166.6666666664365 133.3333333331385 300
166.6666666664682 149.999999999755 300
166.6666666664365 166.6666666664365 300
166.6666666663249 183.3333333331978 300
183.3333333331387 116.666666666534 300
183.3333333331978 133.3333333330807 300
183.333333333216 149.9999999996612 300
183.3333333331978 166.6666666663249 300
183.3333333331386 183.3333333331386 300
2 3312 0 25
1641
1642
1643
1644
1645
1646
1647
1648
1649
1650
1651
1652
1653
1654
1655
1656
1657
1658
1659
1660
1661
1662
1663
1664
1665
216.6666666665109 116.666666666534 300
216.6666666665457 133.3333333330807 300
216.6666666665574 149.9999999996611 300
216.6666666665457 166.6666666663249 300
216.6666666665109 183.3333333331386 300
233.3333333330403 116.6666666665605 300
233.3333333331144 133.3333333331385 300
233.3333333331383 149.999999999755 300
233.3333333331145 166.6666666664365 300
233.3333333330403 183.3333333331977 300
249.9999999996205 116.6666666665697 300
249.9999999997335 133.3333333331576 300
249.9999999997668 149.9999999997839 300
249.9999999997336 166.6666666664682 300
249.9999999996205 183.3333333332159 300
266.6666666663354 116.6666666665605 300
266.6666666664327 133.3333333331385 300
266.6666666664619 149.999999999755 300
266.6666666664327 166.6666666664365 300
266.6666666663354 183.3333333331978 300
283.333333333151 116.666666666534 300
283.3333333331998 133.3333333330807 300
283.3333333332154 149.9999999996612 300
283.3333333331997 166.6666666663249 300
283.333333333151 183.3333333331386 300
2 3320 0 25
1666
1667
1668
1669
1670
1671
1672
1673
1674
1675
1676
1677
1678
1679
1680
1681
1682
1683
1684
1685
1686
1687
1688
1689
1690
16.6666666666154 216.6666666665109 300
16.66666666662723 233.3333333330403 300
16.66666666663119 249.9999999996205 300
16.66666666662723 266.6666666663354 300
16.6666666666154 283.333333333151 300
33.3333333332363 216.6666666665457 300
33.33333333326232 233.3333333331145 300
33.3333333332703 249.9999999997337 300
33.33333333326232 266.6666666664327 300
33.3333333332363 283.3333333331997 300
49.99999999988326 216.6666666665575 300
49.99999999991544 233.3333333331383 300
49.9999999999254 249.9999999997668 300
49.99999999991543 266.6666666664618 300
49.99999999988325 283.3333333332153 300
66.66666666655767 216.6666666665458 300
66.66666666659077 233.3333333331145 300
66.66666666660043 249.9999999997336 300
66.66666666659074 266.6666666664327 300
66.66666666655766 283.3333333331997 300
83.33333333327234 216.6666666665109 300
83.3333333332895 233.3333333330403 300
83.33333333329486 249.9999999996206 300
83.3333333332895 266.6666666663355 300
83.33333333327234 283.333333333151 300
2 3321 0 25
1691
1692
1693
1694
1695
1696
1697
1698
1699
1700
1701
1702
1703
1704
1705
1706
1707
1708
1709
1710
1711
1712
1713
1714
1715
116.6666666665339 216.6666666665108 300
116.6666666665605 233.3333333330403 300
116.6666666665697 249.9999999996205 300
116.6666666665605 266.6666666663355 300
116.666666666534 283.333333333151 300
133.3333333330807 216.6666666665457 300
133.3333333331385 233.3333333331145 300
133.3333333331577 249.9999999997336 300
133.3333333331385 266.6666666664327 300
133.3333333330807 283.3333333331998 300
149.9999999996611 216.6666666665574 300
149.999999999755 233.3333333331383 300
149.999999999784 249.9999999997669 300
149.999999999755 266.6666666664619 300
149.9999999996612 283.3333333332154 300
166.6666666663249 216.6666666665457 300
166.6666666664365 233.3333333331145 300
166.6666666664682 249.9999999997336 300
166.6666666664365 266.6666666664327 300
166.6666666663249 283.3333333331997 300
183.3333333331386 216.6666666665108 300
183.3333333331977 233.3333333330403 300
183.333333333216 249.9999999996205 300
183.3333333331978 266.6666666663354 300
183.3333333331386 283.333333333151 300
2 3322 0 25
1716
1717
1718
1719
1720
1721
1722
1723
1724
1725
1726
1727
1728
1729
1730
1731
1732
1733
1734
1735
1736
1737
1738
1739
1740
216.6666666665109 216.6666666665109 300
216.6666666665457 233.3333333330403 300
216.6666666665575 249.9999999996206 300
216.6666666665458 266.6666666663355 300
216.6666666665109 283.333333333151 300
233.3333333330403 216.6666666665457 300
233.3333333331145 233.3333333331145 300
233.3333333331384 249.9999999997337 300
233.3333333331146 266.6666666664327 300
233.3333333330403 283.3333333331998 300
249.9999999996206 216.6666666665575 300
249.9999999997337 233.3333333331384 300
249.9999999997669 249.9999999997669 300
249.9999999997337 266.6666666664619 300
249.9999999996206 283.3333333332154 300
266.6666666663355 216.6666666665458 300
266.6666666664327 233.3333333331145 300
266.6666666664619 249.9999999997337 300
266.6666666664327 266.6666666664327 300
266.6666666663355 283.3333333331997 300
283.333333333151 216.6666666665109 300
283.3333333331998 233.3333333330403 300
283.3333333332154 249.9999999996205 300
283.3333333331998 266.6666666663355 300
283.333333333151 283.333333333151 300
2 4000 0 35
1741
1742
1743
1744
1745
1746
1747
1748
1749
1750
1751
1752
1753
1754
1755
1756
1757
1758
1759
1760
1761
1762
1763
1764
1765
1766
1767
1768
1769
1770
1771
1772
1773
1774
1775
16.66666666661832 0 16.87499999994751
16.66666666663355 0 33.74999999988867
16.66666666664213 0 50.62499999983652
16.66666666664486 0 67.49999999980784
16.66666666664213 0 84.37499999984242
16.66666666663354 0 101.2499999998992
16.66666666661832 0 118.1249999999587
33.33333333324155 0 16.87499999995118
33.33333333327356 0 33.74999999990426
33.33333333328998 0 50.62499999986774
33.33333333329505 0 67.49999999985307
33.33333333328999 0 84.37499999987156
33.33333333327355 0 101.2499999999104
33.33333333324155 0 118.1249999999565
49.99999999988945 0 16.874999999953
49.99999999992876 0 33.74999999990973
49.99999999994893 0 50.62499999987768
49.99999999995512 0 67.49999999986599
49.99999999994894 0 84.37499999988081
49.99999999992877 0 101.2499999999146
49.99999999988946 0 118.1249999999569
66.66666666656323 0 16.87499999995118
66.66666666660261 0 33.74999999990426
66.66666666662154 0 50.62499999986774
66.66666666662722 0 67.49999999985309
66.66666666662155 0 84.37499999987153
66.66666666660259 0 101.2499999999104
66.66666666656323 0 118.1249999999565
83.33333333327552 0 16.87499999994751
83.33333333329637 0 33.74999999988867
83.33333333330711 0 50.6249999998365
83.33333333331041 0 67.49999999980784
83.33333333330712 0 84.3749999998424
83.33333333329637 0 101.2499999998991
83.33333333327552 0 118.1249999999587
2 4001 0 35
1776
1777
1778
1779
1780
1781
1782
1783
1784
1785
1786
1787
1788
1789
1790
1791
1792
1793
1794
1795
1796
1797
1798
1799
1800
1801
1802
1803
1804
1805
1806
1807
1808
1809
1810
116.666666666542 0 16.8749999999475
116.6666666665777 0 33.74999999988867
116.6666666665989 0 50.62499999983653
116.6666666666057 0 67.49999999980786
116.6666666665989 0 84.37499999984244
116.6666666665778 0 101.2499999998992
116.666666666542 0 118.1249999999587
133.3333333330952 0 16.87499999995119
133.3333333331697 0 33.74999999990429
133.3333333332116 0 50.62499999986778
133.3333333332249 0 67.49999999985312
133.3333333332116 0 84.37499999987159
133.3333333331697 0 101.2499999999104
133.3333333330952 0 118.1249999999566
149.9999999996791 0 16.87499999995301
149.9999999997936 0 33.74999999990975
149.9999999998521 0 50.6249999998777
149.99999999987 0 67.49999999986603
149.9999999998522 0 84.37499999988083
149.9999999997936 0 101.2499999999146
149.9999999996791 0 118.1249999999569
166.6666666663417 0 16.87499999995119
166.666666666472 0 33.74999999990429
166.6666666665323 0 50.62499999986776
166.6666666665501 0 67.49999999985312
166.6666666665324 0 84.37499999987159
166.6666666664721 0 101.2499999999104
166.6666666663417 0 118.1249999999565
183.3333333331483 0 16.87499999994751
183.3333333332188 0 33.74999999988869
183.3333333332541 0 50.62499999983653
183.3333333332647 0 67.49999999980787
183.3333333332541 0 84.37499999984244
183.3333333332189 0 101.2499999998992
183.3333333331484 0 118.1249999999587
2 4002 0 35
1811
1812
1813
1814
1815
1816
1817
1818
1819
1820
1821
1822
1823
1824
1825
1826
1827
1828
1829
1830
1831
1832
1833
1834
1835
1836
1837
1838
1839
1840
1841
1842
1843
1844
1845
216.6666666665199 0 16.87395805269477
216.6666666665652 0 33.74791611667222
216.666666666591 0 50.62187420638707
216.6666666665992 0 67.49583234357875
216.666666666591 0 84.36979056386772
216.6666666665651 0 101.2437489287839
216.6666666665199 0 118.1177075519752
233.3333333330563 0 16.87291622309531
233.3333333331492 0 33.74583246568962
233.3333333331991 0 50.61874875264035
233.3333333332147 0 67.49166512097516
233.3333333331991 0 84.36458163000904
233.3333333331492 0 101.2374983773629
233.3333333330563 0 118.1104155244542
249.99999999964 0 16.87187450311371
249.9999999997752 0 33.74374902871151
249.9999999998407 0 50.61562360540326
249.9999999998604 0 67.48749827562671
249.9999999998407 0 84.35937310675126
249.9999999997752 0 101.2312482076021
249.9999999996399 0 118.1031237514151
266.6666666663525 0 16.87083288981622
266.6666666664692 0 33.74166579912403
266.666666666527 0 50.61249875276978
266.6666666665445 0 67.48333178776588
266.666666666527 0 84.35416496341182
266.6666666664693 0 101.2249983773366
266.6666666663524 0 118.095832191016
283.3333333331607 0 16.86979138610226
283.3333333332208 0 33.73958278348064
283.3333333332527 0 50.60937420657456
283.3333333332626 0 67.47916567710045
283.3333333332528 0 84.34895723064207
283.3333333332208 0 101.2187489287441
283.3333333331607 0 118.0885408851256
2 4010 0 35
1846
1847
1848
1849
1850
1851
1852
1853
1854
1855
1856
1857
1858
1859
1860
1861
1862
1863
1864
1865
1866
1867
1868
1869
1870
1871
1872
1873
1874
1875
1876
1877
1878
1879
1880
16.66666666661832 100 16.87499999994751
16.66666666663355 100 33.74999999988867
16.66666666664213 100 50.62499999983652
16.66666666664486 100 67.49999999980784
16.66666666664213 100 84.37499999984242
16.66666666663354 100 101.2499999998992
16.66666666661832 100 118.1249999999587
33.33333333324155 100 16.87499999995118
33.33333333327356 100 33.74999999990426
33.33333333328998 100 50.62499999986774
33.33333333329505 100 67.49999999985307
33.33333333328999 100 84.37499999987156
33.33333333327355 100 101.2499999999104
33.33333333324155 100 118.1249999999565
49.99999999988945 100 16.874999999953
49.99999999992876 100 33.74999999990973
49.99999999994893 100 50.62499999987768
49.99999999995512 100 67.49999999986599
49.99999999994894 100 84.37499999988081
49.99999999992877 100 101.2499999999146
49.99999999988946 100 118.1249999999569
66.66666666656323 100 16.87499999995118
66.66666666660261 100 33.74999999990426
66.66666666662154 100 50.62499999986774
66.66666666662722 100 67.49999999985309
66.66666666662155 100 84.37499999987153
66.66666666660259 100 101.2499999999104
66.66666666656323 100 118.1249999999565
83.33333333327552 100 16.87499999994751
83.33333333329637 100 33.74999999988867
83.33333333330711 100 50.6249999998365
83.33333333331041 100 67.49999999980784
83.33333333330712 100 84.3749999998424
83.33333333329637 100 101.2499999998991
83.33333333327552 100 118.1249999999587
2 4011 0 35
1881
1882
1883
1884
1885
1886
1887
1888
1889
1890
1891
1892
1893
1894
1895
1896
1897
1898
1899
1900
1901
1902
1903
1904
1905
1906
1907
1908
1909
1910
1911
1912
1913
1914
1915
116.666666666542 100 16.8749999999475
116.6666666665777 100 33.74999999988867
116.6666666665989 100 50.62499999983653
116.6666666666057 100 67.49999999980786
116.6666666665989 100 84.37499999984244
116.6666666665778 100 101.2499999998992
116.666666666542 100 118.1249999999587
133.3333333330952 100 16.87499999995119
133.3333333331697 100 33.74999999990429
133.3333333332116 100 50.62499999986778
133.3333333332249 100 67.49999999985312
133.3333333332116 100 84.37499999987159
133.3333333331697 100 101.2499999999104
133.3333333330952 100 118.1249999999566
149.9999999996791 100 16.87499999995301
149.9999999997936 100 33.74999999990975
149.9999999998521 100 50.6249999998777
149.99999999987 100 67.49999999986603
149.9999999998522 100 84.37499999988083
149.9999999997936 100 101.2499999999146
149.9999999996791 100 118.1249999999569
166.6666666663417 100 16.87499999995119
166.666666666472 100 33.74999999990429
166.6666666665323 100 50.62499999986776
166.6666666665501 100 67.49999999985312
166.6666666665324 100 84.37499999987159
166.6666666664721 100 101.2499999999104
166.6666666663417 100 118.1249999999565
183.3333333331483 100 16.87499999994751
183.3333333332188 100 33.74999999988869
183.3333333332541 100 50.62499999983653
183.3333333332647 100 67.49999999980787
183.3333333332541 100 84.37499999984244
183.3333333332189 100 101.2499999998992
183.3333333331484 100 118.1249999999587
2 4012 0 35
1916
1917
1918
1919
1920
1921
1922
1923
1924
1925
1926
1927
1928
1929
1930
1931
1932
1933
1934
1935
1936
1937
1938
1939
1940
1941
1942
1943
1944
1945
1946
1947
1948
1949
1950
216.6666666665199 100 16.8749999999475
216.6666666665651 100 33.74999999988867
216.666666666591 100 50.62499999983652
216.6666666665992 100 67.49999999980787
216.6666666665909 100 84.37499999984242
216.6666666665651 100 101.2499999998992
216.6666666665199 100 118.1249999999587
233.3333333330564 100 16.87499999995119
233.3333333331493 100 33.74999999990428
233.3333333331991 100 50.62499999986776
233.3333333332146 100 67.49999999985309
233.3333333331991 100 84.37499999987156
233.3333333331492 100 101.2499999999104
233.3333333330564 100 118.1249999999565
249.9999999996401 100 16.87499999995301
249.9999999997752 100 33.74999999990974
249.9999999998407 100 50.62499999987769
249.9999999998603 100 67.49999999986601
249.9999999998407 100 84.3749999998808
249.9999999997752 100 101.2499999999146
249.9999999996399 100 118.1249999999569
266.6666666663525 100 16.87499999995119
266.6666666664693 100 33.74999999990428
266.6666666665271 100 50.62499999986777
266.6666666665445 100 67.4999999998531
266.666666666527 100 84.37499999987156
266.6666666664692 100 101.2499999999104
266.6666666663523 100 118.1249999999565
283.3333333331608 100 16.8749999999475
283.3333333332209 100 33.74999999988867
283.3333333332528 100 50.62499999983653
283.3333333332626 100 67.49999999980787
283.3333333332528 100 84.37499999984243
283.3333333332208 100 101.2499999998992
283.3333333331606 100 118.1249999999587
2 4020 0 35
1951
1952
1953
1954
1955
1956
1957
1958
1959
1960
1961
1962
1963
1964
1965
1966
1967
1968
1969
1970
1971
1972
1973
1974
1975
1976
1977
1978
1979
1980
1981
1982
1983
1984
1985
16.66666666661832 200 16.87499999994751
16.66666666663355 200 33.74999999988867
16.66666666664213 200 50.62499999983652
16.66666666664486 200 67.49999999980784
16.66666666664213 200 84.37499999984242
16.66666666663354 200 101.2499999998992
16.66666666661832 200 118.1249999999587
33.33333333324155 200 16.87499999995118
33.33333333327356 200 33.74999999990426
33.33333333328998 200 50.62499999986774
33.33333333329505 200 67.49999999985307
33.33333333328999 200 84.37499999987156
33.33333333327355 200 101.2499999999104
33.33333333324155 200 118.1249999999565
49.99999999988945 200 16.874999999953
49.99999999992876 200 33.74999999990973
49.99999999994893 200 50.62499999987768
49.99999999995512 200 67.49999999986599
49.99999999994894 200 84.37499999988081
49.99999999992877 200 101.2499999999146
49.99999999988946 200 118.1249999999569
66.66666666656323 200 16.87499999995118
66.66666666660261 200 33.74999999990426
66.66666666662154 200 50.62499999986774
66.66666666662722 200 67.49999999985309
66.66666666662155 200 84.37499999987153
66.66666666660259 200 101.2499999999104
66.66666666656323 200 118.1249999999565
83.33333333327552 200 16.87499999994751
83.33333333329637 200 33.74999999988867
83.33333333330711 200 50.6249999998365
83.33333333331041 200 67.49999999980784
83.33333333330712 200 84.3749999998424
83.33333333329637 200 101.2499999998991
83.33333333327552 200 118.1249999999587
2 4021 0 35
1986
1987
1988
1989
1990
1991
1992
1993
1994
1995
1996
1997
1998
1999
2000
2001
2002
2003
2004
2005
2006
2007
2008
2009
2010
2011
2012
2013
2014
2015
2016
2017
2018
2019
2020
116.666666666542 200 16.8749999999475
116.6666666665777 200 33.74999999988867
116.6666666665989 200 50.62499999983653
116.6666666666057 200 67.49999999980786
116.6666666665989 200 84.37499999984244
116.6666666665778 200 101.2499999998992
116.666666666542 200 118.1249999999587
133.3333333330952 200 16.87499999995119
133.3333333331697 200 33.74999999990429
133.3333333332116 200 50.62499999986778
133.3333333332249 200 67.49999999985312
133.3333333332116 200 84.37499999987159
133.3333333331697 200 101.2499999999104
133.3333333330952 200 118.1249999999566
149.9999999996791 200 16.87499999995301
149.9999999997936 200 33.74999999990975
149.9999999998521 200 50.6249999998777
149.99999999987 200 67.49999999986603
149.9999999998522 200 84.37499999988083
149.9999999997936 200 101.2499999999146
149.9999999996791 200 118.1249999999569
166.6666666663417 200 16.87499999995119
166.666666666472 200 33.74999999990429
166.6666666665323 200 50.62499999986776
166.6666666665501 200 67.49999999985312
166.6666666665324 200 84.37499999987159
166.6666666664721 200 101.2499999999104
166.6666666663417 200 118.1249999999565
183.3333333331483 200 16.87499999994751
183.3333333332188 200 33.74999999988869
183.3333333332541 200 50.62499999983653
183.3333333332647 200 67.49999999980787
183.3333333332541 200 84.37499999984244
183.3333333332189 200 101.2499999998992
183.3333333331484 200 118.1249999999587
2 4022 0 35
2021
2022
2023
2024
2025
2026
2027
2028
2029
2030
2031
2032
2033
2034
2035
2036
2037
2038
2039
2040
2041
2042
2043
2044
2045
2046
2047
2048
2049
2050
2051
2052
2053
2054
2055
216.6666666665199 200 16.8749999999475
216.6666666665651 200 33.74999999988867
216.666666666591 200 50.62499999983652
216.6666666665992 200 67.49999999980787
216.6666666665909 200 84.37499999984242
216.6666666665651 200 101.2499999998992
216.6666666665199 200 118.1249999999587
233.3333333330564 200 16.87499999995119
233.3333333331493 200 33.74999999990428
233.3333333331991 200 50.62499999986776
233.3333333332146 200 67.49999999985309
233.3333333331991 200 84.37499999987156
233.3333333331492 200 101.2499999999104
233.3333333330564 200 118.1249999999565
249.9999999996401 200 16.87499999995301
249.9999999997752 200 33.74999999990974
249.9999999998407 200 50.62499999987769
249.9999999998603 200 67.49999999986601
249.9999999998407 200 84.3749999998808
249.9999999997752 200 101.2499999999146
249.9999999996399 200 118.1249999999569
266.6666666663525 200 16.87499999995119
266.6666666664693 200 33.74999999990428
266.6666666665271 200 50.62499999986777
266.6666666665445 200 67.4999999998531
266.666666666527 200 84.37499999987156
266.6666666664692 200 101.2499999999104
266.6666666663523 200 118.1249999999565
283.3333333331608 200 16.8749999999475
283.3333333332209 200 33.74999999988867
283.3333333332528 200 50.62499999983653
283.3333333332626 200 67.49999999980787
283.3333333332528 200 84.37499999984243
283.3333333332208 200 101.2499999998992
283.3333333331606 200 118.1249999999587
2 4030 0 35
2056
2057
2058
2059
2060
2061
2062
2063
2064
2065
2066
2067
2068
2069
2070
2071
2072
2073
2074
2075
2076
2077
2078
2079
2080
2081
2082
2083
2084
2085
2086
2087
2088
2089
2090
16.66666666661832 300 16.87499999994751
16.66666666663355 300 33.74999999988867
16.66666666664213 300 50.62499999983652
16.66666666664486 300 67.49999999980784
16.66666666664213 300 84.37499999984242
16.66666666663354 300 101.2499999998992
16.66666666661832 300 118.1249999999587
33.33333333324155 300 16.87499999995118
33.33333333327356 300 33.74999999990426
33.33333333328998 300 50.62499999986774
33.33333333329505 300 67.49999999985307
33.33333333328999 300 84.37499999987156
33.33333333327355 300 101.2499999999104
33.33333333324155 300 118.1249999999565
49.99999999988945 300 16.874999999953
49.99999999992876 300 33.74999999990973
49.99999999994893 300 50.62499999987768
49.99999999995512 300 67.49999999986599
49.99999999994894 300 84.37499999988081
49.99999999992877 300 101.2499999999146
49.99999999988946 300 118.1249999999569
66.66666666656323 300 16.87499999995118
66.66666666660261 300 33.74999999990426
66.66666666662154 300 50.62499999986774
66.66666666662722 300 67.49999999985309
66.66666666662155 300 84.37499999987153
66.66666666660259 300 101.2499999999104
66.66666666656323 300 118.1249999999565
83.33333333327552 300 16.87499999994751
83.33333333329637 300 33.74999999988867
83.33333333330711 300 50.6249999998365
83.33333333331041 300 67.49999999980784
83.33333333330712 300 84.3749999998424
83.33333333329637 300 101.2499999998991
83.33333333327552 300 118.1249999999587
2 4031 0 35
2091
2092
2093
2094
2095
2096
2097
2098
2099
2100
2101
2102
2103
2104
2105
2106
2107
2108
2109
2110
2111
2112
2113
2114
2115
2116
2117
2118
2119
2120
2121
2122
2123
2124
2125
116.666666666542 300 16.8749999999475
116.6666666665777 300 33.74999999988867
116.6666666665989 300 50.62499999983653
116.6666666666057 300 67.49999999980786
116.6666666665989 300 84.37499999984244
116.6666666665778 300 101.2499999998992
116.666666666542 300 118.1249999999587
133.3333333330952 300 16.87499999995119
133.3333333331697 300 33.74999999990429
133.3333333332116 300 50.62499999986778
133.3333333332249 300 67.49999999985312
133.3333333332116 300 84.37499999987159
133.3333333331697 300 101.2499999999104
133.3333333330952 300 118.1249999999566
149.9999999996791 300 16.87499999995301
149.9999999997936 300 33.74999999990975
149.9999999998521 300 50.6249999998777
149.99999999987 300 67.49999999986603
149.9999999998522 300 84.37499999988083
149.9999999997936 300 101.2499999999146
149.9999999996791 300 118.1249999999569
166.6666666663417 300 16.87499999995119
166.666666666472 300 33.74999999990429
166.6666666665323 300 50.62499999986776
166.6666666665501 300 67.49999999985312
166.6666666665324 300 84.37499999987159
166.6666666664721 300 101.2499999999104
166.6666666663417 300 118.1249999999565
183.3333333331483 300 16.87499999994751
183.3333333332188 300 33.74999999988869
183.3333333332541 300 50.62499999983653
183.3333333332647 300 67.49999999980787
183.3333333332541 300 84.37499999984244
183.3333333332189 300 101.2499999998992
183.3333333331484 300 118.1249999999587
2 4032 0 35
2126
2127
2128
2129
2130
2131
2132
2133
2134
2135
2136
2137
2138
2139
2140
2141
2142
2143
2144
2145
2146
2147
2148
2149
2150
2151
2152
2153
2154
2155
2156
2157
2158
2159
2160
216.6666666665199 300 16.8749999999475
216.6666666665651 300 33.74999999988867
216.666666666591 300 50.62499999983652
216.6666666665992 300 67.49999999980787
216.6666666665909 300 84.37499999984242
216.6666666665651 300 101.2499999998992
216.6666666665199 300 118.1249999999587
233.3333333330564 300 16.87499999995119
233.3333333331493 300 33.74999999990428
233.3333333331991 300 50.62499999986776
233.3333333332146 300 67.49999999985309
233.3333333331991 300 84.37499999987156
233.3333333331492 300 101.2499999999104
233.3333333330564 300 118.1249999999565
249.9999999996401 300 16.87499999995301
249.9999999997752 300 33.74999999990974
249.9999999998407 300 50.62499999987769
249.9999999998603 300 67.49999999986601
249.9999999998407 300 84.3749999998808
249.9999999997752 300 101.2499999999146
249.9999999996399 300 118.1249999999569
266.6666666663525 300 16.87499999995119
266.6666666664693 300 33.74999999990428
266.6666666665271 300 50.62499999986777
266.6666666665445 300 67.4999999998531
266.666666666527 300 84.37499999987156
266.6666666664692 300 101.2499999999104
266.6666666663523 300 118.1249999999565
283.3333333331608 300 16.8749999999475
283.3333333332209 300 33.74999999988867
283.3333333332528 300 50.62499999983653
283.3333333332626 300 67.49999999980787
283.3333333332528 300 84.37499999984243
283.3333333332208 300 101.2499999998992
283.3333333331606 300 118.1249999999587
2 4200 0 35
2161
2162
2163
2164
2165
2166
2167
2168
2169
2170
2171
2172
2173
2174
2175
2176
2177
2178
2179
2180
2181
2182
2183
2184
2185
2186
2187
2188
2189
2190
2191
2192
2193
2194
2195
16.66666666661832 0 181.875
16.66666666663354 0 198.75
16.66666666664214 0 215.625
16.66666666664486 0 232.4999999999999
16.66666666664214 0 249.375
16.66666666663354 0 266.25
16.66666666661832 0 283.1250000000001
33.33333333324155 0 181.875
33.33333333327356 0 198.75
33.33333333328999 0 215.625
33.33333333329504 0 232.4999999999999
33.33333333328999 0 249.375
33.33333333327355 0 266.25
33.33333333324154 0 283.125
49.99999999988945 0 181.875
49.99999999992876 0 198.75
49.99999999994895 0 215.625
49.99999999995512 0 232.5
49.99999999994895 0 249.3750000000001
49.99999999992876 0 266.25
49.99999999988945 0 283.125
66.66666666656322 0 181.875
66.66666666660261 0 198.75
66.66666666662155 0 215.625
66.66666666662722 0 232.5
66.66666666662157 0 249.375
66.66666666660261 0 266.25
66.66666666656323 0 283.125
83.33333333327552 0 181.875
83.33333333329638 0 198.75
83.33333333330712 0 215.625
83.33333333331042 0 232.5
83.33333333330715 0 249.375
83.33333333329639 0 266.2500000000001
83.33333333327552 0 283.125
2 4201 0 35
2196
2197
2198
2199
2200
2201
2202
2203
2204
2205
2206
2207
2208
2209
2210
2211
2212
2213
2214
2215
2216
2217
2218
2219
2220
2221
2222
2223
2224
2225
2226
2227
2228
2229
2230
116.666666666542 0 181.875
116.6666666665777 0 198.7499999999999
116.6666666665988 0 215.625
116.6666666666057 0 232.5
116.6666666665988 0 249.375
116.6666666665777 0 266.25
116.666666666542 0 283.125
133.3333333330952 0 181.875
133.3333333331697 0 198.7499999999999
133.3333333332115 0 215.6249999999999
133.3333333332249 0 232.5
133.3333333332116 0 249.375
133.3333333331697 0 266.25
133.3333333330952 0 283.1250000000001
149.9999999996791 0 181.875
149.9999999997935 0 198.75
149.9999999998521 0 215.6249999999999
149.99999999987 0 232.4999999999999
149.9999999998521 0 249.375
149.9999999997936 0 266.2499999999999
149.9999999996791 0 283.125
166.6666666663417 0 181.875
166.6666666664721 0 198.75
166.6666666665324 0 215.625
166.6666666665501 0 232.5
166.6666666665323 0 249.375
166.6666666664721 0 266.2500000000001
166.6666666663417 0 283.125
183.3333333331483 0 181.875
183.3333333332188 0 198.75
183.3333333332541 0 215.625
183.3333333332647 0 232.5
183.3333333332542 0 249.375
183.3333333332189 0 266.2500000000001
183.3333333331484 0 283.125
2 4202 0 35
2231
2232
2233
2234
2235
2236
2237
2238
2239
2240
2241
2242
2243
2244
2245
2246
2247
2248
2249
2250
2251
2252
2253
2254
2255
2256
2257
2258
2259
2260
2261
2262
2263
2264
2265
216.6666666665199 0 181.875
216.6666666665652 0 198.75
216.666666666591 0 215.625
216.6666666665993 0 232.5
216.666666666591 0 249.375
216.6666666665651 0 266.2499999999999
216.6666666665199 0 283.125
233.3333333330565 0 181.875
233.3333333331493 0 198.75
233.3333333331992 0 215.625
233.3333333332147 0 232.5
233.3333333331991 0 249.375
233.3333333331493 0 266.25
233.3333333330564 0 283.1249999999999
249.9999999996401 0 181.875
249.9999999997753 0 198.75
249.9999999998408 0 215.625
249.9999999998604 0 232.5
249.9999999998408 0 249.375
249.9999999997753 0 266.25
249.9999999996401 0 283.125
266.6666666663525 0 181.875
266.6666666664693 0 198.75
266.6666666665271 0 215.625
266.6666666665445 0 232.5
266.6666666665271 0 249.3750000000001
266.6666666664693 0 266.2500000000001
266.6666666663525 0 283.1250000000001
283.3333333331607 0 181.875
283.3333333332208 0 198.75
283.3333333332528 0 215.625
283.3333333332626 0 232.5
283.3333333332528 0 249.375
283.3333333332209 0 266.25
283.3333333331607 0 283.125
2 4210 0 35
2266
2267
2268
2269
2270
2271
2272
2273
2274
2275
2276
2277
2278
2279
2280
2281
2282
2283
2284
2285
2286
2287
2288
2289
2290
2291
2292
2293
2294
2295
2296
2297
2298
2299
2300
16.66666666661832 100 181.875
16.66666666663354 100 198.75
16.66666666664214 100 215.625
16.66666666664486 100 232.4999999999999
16.66666666664214 100 249.375
16.66666666663354 100 266.25
16.66666666661832 100 283.1250000000001
33.33333333324155 100 181.875
33.33333333327356 100 198.75
33.33333333328999 100 215.625
33.33333333329504 100 232.4999999999999
33.33333333328999 100 249.375
33.33333333327355 100 266.25
33.33333333324154 100 283.125
49.99999999988945 100 181.875
49.99999999992876 100 198.75
49.99999999994895 100 215.625
49.99999999995512 100 232.5
49.99999999994895 100 249.3750000000001
49.99999999992876 100 266.25
49.99999999988945 100 283.125
66.66666666656322 100 181.875
66.66666666660261 100 198.75
66.66666666662155 100 215.625
66.66666666662722 100 232.5
66.66666666662157 100 249.375
66.66666666660261 100 266.25
66.66666666656323 100 283.125
83.33333333327552 100 181.875
83.33333333329638 100 198.75
83.33333333330712 100 215.625
83.33333333331042 100 232.5
83.33333333330715 100 249.375
83.33333333329639 100 266.2500000000001
83.33333333327552 100 283.125
2 4211 0 35
2301
2302
2303
2304
2305
2306
2307
2308
2309
2310
2311
2312
2313
2314
2315
2316
2317
2318
2319
2320
2321
2322
2323
2324
2325
2326
2327
2328
2329
2330
2331
2332
2333
2334
2335
116.666666666542 100 181.875
116.6666666665777 100 198.7499999999999
116.6666666665988 100 215.625
116.6666666666057 100 232.5
116.6666666665988 100 249.375
116.6666666665777 100 266.25
116.666666666542 100 283.125
133.3333333330952 100 181.875
133.3333333331697 100 198.7499999999999
133.3333333332115 100 215.6249999999999
133.3333333332249 100 232.5
133.3333333332116 100 249.375
133.3333333331697 100 266.25
133.3333333330952 100 283.1250000000001
149.9999999996791 100 181.875
149.9999999997935 100 198.75
149.9999999998521 100 215.6249999999999
149.99999999987 100 232.4999999999999
149.9999999998521 100 249.375
149.9999999997936 100 266.2499999999999
149.9999999996791 100 283.125
166.6666666663417 100 181.875
166.6666666664721 100 198.75
166.6666666665324 100 215.625
166.6666666665501 100 232.5
166.6666666665323 100 249.375
166.6666666664721 100 266.2500000000001
166.6666666663417 100 283.125
183.3333333331483 100 181.875
183.3333333332188 100 198.75
183.3333333332541 100 215.625
183.3333333332647 100 232.5
183.3333333332542 100 249.375
183.3333333332189 100 266.2500000000001
183.3333333331484 100 283.125
2 4212 0 35
2336
2337
2338
2339
2340
2341
2342
2343
2344
2345
2346
2347
2348
2349
2350
2351
2352
2353
2354
2355
2356
2357
2358
2359
2360
2361
2362
2363
2364
2365
2366
2367
2368
2369
2370
216.6666666665199 100 181.875
216.6666666665652 100 198.75
216.666666666591 100 215.625
216.6666666665993 100 232.5
216.666666666591 100 249.375
216.6666666665651 100 266.2499999999999
216.6666666665199 100 283.125
233.3333333330565 100 181.875
233.3333333331493 100 198.75
233.3333333331992 100 215.625
233.3333333332147 100 232.5
233.3333333331991 100 249.375
233.3333333331493 100 266.25
233.3333333330564 100 283.1249999999999
249.9999999996401 100 181.875
249.9999999997753 100 198.75
249.9999999998408 100 215.625
249.9999999998604 100 232.5
249.9999999998408 100 249.375
249.9999999997753 100 266.25
249.9999999996401 100 283.125
266.6666666663525 100 181.875
266.6666666664693 100 198.75
266.6666666665271 100 215.625
266.6666666665445 100 232.5
266.6666666665271 100 249.3750000000001
266.6666666664693 100 266.2500000000001
266.6666666663525 100 283.1250000000001
283.3333333331607 100 181.875
283.3333333332208 100 198.75
283.3333333332528 100 215.625
283.3333333332626 100 232.5
283.3333333332528 100 249.375
283.3333333332209 100 266.25
283.3333333331607 100 283.125
2 4220 0 35
2371
2372
2373
2374
2375
2376
2377
2378
2379
2380
2381
2382
2383
2384
2385
2386
2387
2388
2389
2390
2391
2392
2393
2394
2395
2396
2397
2398
2399
2400
2401
2402
2403
2404
2405
16.66666666661832 200 181.875
16.66666666663354 200 198.75
16.66666666664214 200 215.625
16.66666666664486 200 232.4999999999999
16.66666666664214 200 249.375
16.66666666663354 200 266.25
16.66666666661832 200 283.1250000000001
33.33333333324155 200 181.875
33.33333333327356 200 198.75
33.33333333328999 200 215.625
33.33333333329504 200 232.4999999999999
33.33333333328999 200 249.375
33.33333333327355 200 266.25
33.33333333324154 200 283.125
49.99999999988945 200 181.875
49.99999999992876 200 198.75
49.99999999994895 200 215.625
49.99999999995512 200 232.5
49.99999999994895 200 249.3750000000001
49.99999999992876 200 266.25
49.99999999988945 200 283.125
66.66666666656322 200 181.875
66.66666666660261 200 198.75
66.66666666662155 200 215.625
66.66666666662722 200 232.5
66.66666666662157 200 249.375
66.66666666660261 200 266.25
66.66666666656323 200 283.125
83.33333333327552 200 181.875
83.33333333329638 200 198.75
83.33333333330712 200 215.625
83.33333333331042 200 232.5
83.33333333330715 200 249.375
83.33333333329639 200 266.2500000000001
83.33333333327552 200 283.125
2 4221 0 35
2406
2407
2408
2409
2410
2411
2412
2413
2414
2415
2416
2417
2418
2419
2420
2421
2422
2423
2424
2425
2426
2427
2428
2429
2430
2431
2432
2433
2434
2435
2436
2437
2438
2439
2440
116.666666666542 200 181.875
116.6666666665777 200 198.7499999999999
116.6666666665988 200 215.625
116.6666666666057 200 232.5
116.6666666665988 200 249.375
116.6666666665777 200 266.25
116.666666666542 200 283.125
133.3333333330952 200 181.875
133.3333333331697 200 198.7499999999999
133.3333333332115 200 215.6249999999999
133.3333333332249 200 232.5
133.3333333332116 200 249.375
133.3333333331697 200 266.25
133.3333333330952 200 283.1250000000001
149.9999999996791 200 181.875
149.9999999997935 200 198.75
149.9999999998521 200 215.6249999999999
149.99999999987 200 232.4999999999999
149.9999999998521 200 249.375
149.9999999997936 200 266.2499999999999
149.9999999996791 200 283.125
166.6666666663417 200 181.875
166.6666666664721 200 198.75
166.6666666665324 200 215.625
166.6666666665501 200 232.5
166.6666666665323 200 249.375
166.6666666664721 200 266.2500000000001
166.6666666663417 200 283.125
183.3333333331483 200 181.875
183.3333333332188 200 198.75
183.3333333332541 200 215.625
183.3333333332647 200 232.5
183.3333333332542 200 249.375
183.3333333332189 200 266.2500000000001
183.3333333331484 200 283.125
2 4222 0 35
2441
2442
2443
2444
2445
2446
2447
2448
2449
2450
2451
2452
2453
2454
2455
2456
2457
2458
2459
2460
2461
2462
2463
2464
2465
2466
2467
2468
2469
2470
2471
2472
2473
2474
2475
216.6666666665199 200 181.875
216.6666666665652 200 198.75
216.666666666591 200 215.625
216.6666666665993 200 232.5
216.666666666591 200 249.375
216.6666666665651 200 266.2499999999999
216.6666666665199 200 283.125
233.3333333330565 200 181.875
233.3333333331493 200 198.75
233.3333333331992 200 215.625
233.3333333332147 200 232.5
233.3333333331991 200 249.375
233.3333333331493 200 266.25
233.3333333330564 200 283.1249999999999
249.9999999996401 200 181.875
249.9999999997753 200 198.75
249.9999999998408 200 215.625
249.9999999998604 200 232.5
249.9999999998408 200 249.375
249.9999999997753 200 266.25
249.9999999996401 200 283.125
266.6666666663525 200 181.875
266.6666666664693 200 198.75
266.6666666665271 200 215.625
266.6666666665445 200 232.5
266.6666666665271 200 249.3750000000001
266.6666666664693 200 266.2500000000001
266.6666666663525 200 283.1250000000001
283.3333333331607 200 181.875
283.3333333332208 200 198.75
283.3333333332528 200 215.625
283.3333333332626 200 232.5
283.3333333332528 200 249.375
283.3333333332209 200 266.25
283.3333333331607 200 283.125
2 4230 0 35
2476
2477
2478
2479
2480
2481
2482
2483
2484
2485
2486
2487
2488
2489
2490
2491
2492
2493
2494
2495
2496
2497
2498
2499
2500
2501
2502
2503
2504
2505
2506
2507
2508
2509
2510
16.66666666661832 300 181.9114591147901
16.66666666663354 300 198.7812510710851
16.66666666664213 300 215.6510427691215
16.66666666664486 300 232.5208343226325
16.66666666664213 300 249.3906257931984
16.66666666663354 300 266.2604172163612
16.66666666661831 300 283.1302086138196
33.33333333324154 300 181.9041678089151
33.33333333327354 300 198.7750016225304
33.33333333328998 300 215.6458350364082
33.33333333329504 300 232.5166682120363
33.33333333328998 300 249.3875012470539
33.33333333327354 300 266.2583342007477
33.33333333324154 300 283.1291671101175
49.99999999988944 300 181.8968762485267
49.99999999992875 300 198.7687517922859
49.99999999994893 300 215.6406268930969
49.99999999995512 300 232.5125017242062
49.99999999994893 300 249.3843763944453
49.99999999992875 300 266.2562509711767
49.99999999988944 300 283.1281254968277
66.66666666656322 300 181.8895844754938
66.66666666660259 300 198.7625016225322
66.66666666662155 300 215.6354183698433
66.66666666662722 300 232.5083348788581
66.66666666662155 300 249.3812512472098
66.66666666660259 300 266.2541675342015
66.66666666656322 300 283.1270837768488
83.3333333332755 300 181.8822924479797
83.33333333329637 300 198.7562510711083
83.33333333330712 300 215.6302094359658
83.33333333331042 300 232.5041676562198
83.33333333330714 300 249.3781257934412
83.33333333329638 300 266.2520838832103
83.33333333327553 300 283.1260419472494
2 4231 0 35
2511
2512
2513
2514
2515
2516
2517
2518
2519
2520
2521
2522
2523
2524
2525
2526
2527
2528
2529
2530
2531
2532
2533
2534
2535
2536
2537
2538
2539
2540
2541
2542
2543
2544
2545
116.666666666542 300 181.875
116.6666666665777 300 198.7499999999999
116.6666666665988 300 215.625
116.6666666666057 300 232.5
116.6666666665988 300 249.375
116.6666666665777 300 266.25
116.666666666542 300 283.125
133.3333333330952 300 181.875
133.3333333331697 300 198.7499999999999
133.3333333332115 300 215.6249999999999
133.3333333332249 300 232.5
133.3333333332116 300 249.375
133.3333333331697 300 266.25
133.3333333330952 300 283.1250000000001
149.9999999996791 300 181.875
149.9999999997935 300 198.75
149.9999999998521 300 215.6249999999999
149.99999999987 300 232.4999999999999
149.9999999998521 300 249.375
149.9999999997936 300 266.2499999999999
149.9999999996791 300 283.125
166.6666666663417 300 181.875
166.6666666664721 300 198.75
166.6666666665324 300 215.625
166.6666666665501 300 232.5
166.6666666665323 300 249.375
166.6666666664721 300 266.2500000000001
166.6666666663417 300 283.125
183.3333333331483 300 181.875
183.3333333332188 300 198.75
183.3333333332541 300 215.625
183.3333333332647 300 232.5
183.3333333332542 300 249.375
183.3333333332189 300 266.2500000000001
183.3333333331484 300 283.125
2 4232 0 35
2546
2547
2548
2549
2550
2551
2552
2553
2554
2555
2556
2557
2558
2559
2560
2561
2562
2563
2564
2565
2566
2567
2568
2569
2570
2571
2572
2573
2574
2575
2576
2577
2578
2579
2580
216.6666666665199 300 181.875
216.6666666665652 300 198.75
216.666666666591 300 215.625
216.6666666665993 300 232.5
216.666666666591 300 249.375
216.6666666665651 300 266.2499999999999
216.6666666665199 300 283.125
233.3333333330565 300 181.875
233.3333333331493 300 198.75
233.3333333331992 300 215.625
233.3333333332147 300 232.5
233.3333333331991 300 249.375
233.3333333331493 300 266.25
233.3333333330564 300 283.1249999999999
249.9999999996401 300 181.875
249.9999999997753 300 198.75
249.9999999998408 300 215.625
249.9999999998604 300 232.5
249.9999999998408 300 249.375
249.9999999997753 300 266.25
249.9999999996401 300 283.125
266.6666666663525 300 181.875
266.6666666664693 300 198.75
266.6666666665271 300 215.625
266.6666666665445 300 232.5
266.6666666665271 300 249.3750000000001
266.6666666664693 300 266.2500000000001
266.6666666663525 300 283.1250000000001
283.3333333331607 300 181.875
283.3333333332208 300 198.75
283.3333333332528 300 215.625
283.3333333332626 300 232.5
283.3333333332528 300 249.375
283.3333333332209 300 266.25
283.3333333331607 300 283.125
2 4300 0 35
2581
2582
2583
2584
2585
2586
2587
2588
2589
2590
2591
2592
2593
2594
2595
2596
2597
2598
2599
2600
2601
2602
2603
2604
2605
2606
2607
2608
2609
2610
2611
2612
2613
2614
2615
0 16.66666666661832 16.87499999994751
0 16.66666666663355 33.74999999988867
0 16.66666666664213 50.62499999983652
0 16.66666666664486 67.49999999980784
0 16.66666666664213 84.37499999984242
0 16.66666666663354 101.2499999998992
0 16.66666666661832 118.1249999999587
0 33.33333333324155 16.87499999995118
0 33.33333333327356 33.74999999990426
0 33.33333333328998 50.62499999986774
0 33.33333333329505 67.49999999985307
0 33.33333333328999 84.37499999987156
0 33.33333333327355 101.2499999999104
0 33.33333333324155 118.1249999999565
0 49.99999999988945 16.874999999953
0 49.99999999992876 33.74999999990973
0 49.99999999994893 50.62499999987768
0 49.99999999995512 67.49999999986599
0 49.99999999994894 84.37499999988081
0 49.99999999992877 101.2499999999146
0 49.99999999988946 118.1249999999569
0 66.66666666656323 16.87499999995118
0 66.66666666660261 33.74999999990426
0 66.66666666662154 50.62499999986774
0 66.66666666662722 67.49999999985309
0 66.66666666662155 84.37499999987153
0 66.66666666660259 101.2499999999104
0 66.66666666656323 118.1249999999565
0 83.33333333327552 16.87499999994751
0 83.33333333329637 33.74999999988867
0 83.33333333330711 50.6249999998365
0 83.33333333331041 67.49999999980784
0 83.33333333330712 84.3749999998424
0 83.33333333329637 101.2499999998991
0 83.33333333327552 118.1249999999587
2 4301 0 35
2616
2617
2618
2619
2620
2621
2622
2623
2624
2625
2626
2627
2628
2629
2630
2631
2632
2633
2634
2635
2636
2637
2638
2639
2640
2641
2642
2643
2644
2645
2646
2647
2648
2649
2650
0 116.666666666542 16.8749999999475
0 116.6666666665777 33.74999999988867
0 116.6666666665989 50.62499999983653
0 116.6666666666057 67.49999999980786
0 116.6666666665989 84.37499999984244
0 116.6666666665778 101.2499999998992
0 116.666666666542 118.1249999999587
0 133.3333333330952 16.87499999995119
0 133.3333333331697 33.74999999990429
0 133.3333333332116 50.62499999986778
0 133.3333333332249 67.49999999985312
0 133.3333333332116 84.37499999987159
0 133.3333333331697 101.2499999999104
0 133.3333333330952 118.1249999999566
0 149.9999999996791 16.87499999995301
0 149.9999999997936 33.74999999990975
0 149.9999999998521 50.6249999998777
0 149.99999999987 67.49999999986603
0 149.9999999998522 84.37499999988083
0 149.9999999997936 101.2499999999146
0 149.9999999996791 118.1249999999569
0 166.6666666663417 16.87499999995119
0 166.666666666472 33.74999999990429
0 166.6666666665323 50.62499999986776
0 166.6666666665501 67.49999999985312
0 166.6666666665324 84.37499999987159
0 166.6666666664721 101.2499999999104
0 166.6666666663417 118.1249999999565
0 183.3333333331483 16.87499999994751
0 183.3333333332188 33.74999999988869
0 183.3333333332541 50.62499999983653
0 183.3333333332647 67.49999999980787
0 183.3333333332541 84.37499999984244
0 183.3333333332189 101.2499999998992
0 183.3333333331484 118.1249999999587
2 4302 0 35
2651
2652
2653
2654
2655
2656
2657
2658
2659
2660
2661
2662
2663
2664
2665
2666
2667
2668
2669
2670
2671
2672
2673
2674
2675
2676
2677
2678
2679
2680
2681
2682
2683
2684
2685
0 216.6666666665199 16.8749999999475
0 216.6666666665651 33.74999999988867
0 216.666666666591 50.62499999983652
0 216.6666666665992 67.49999999980787
0 216.6666666665909 84.37499999984242
0 216.6666666665651 101.2499999998992
0 216.6666666665199 118.1249999999587
0 233.3333333330564 16.87499999995119
0 233.3333333331493 33.74999999990428
0 233.3333333331991 50.62499999986776
0 233.3333333332146 67.49999999985309
0 233.3333333331991 84.37499999987156
0 233.3333333331492 101.2499999999104
0 233.3333333330564 118.1249999999565
0 249.9999999996401 16.87499999995301
0 249.9999999997752 33.74999999990974
0 249.9999999998407 50.62499999987769
0 249.9999999998603 67.49999999986601
0 249.9999999998407 84.3749999998808
0 249.9999999997752 101.2499999999146
0 249.9999999996399 118.1249999999569
0 266.6666666663525 16.87499999995119
0 266.6666666664693 33.74999999990428
0 266.6666666665271 50.62499999986777
0 266.6666666665445 67.4999999998531
0 266.666666666527 84.37499999987156
0 266.6666666664692 101.2499999999104
0 266.6666666663523 118.1249999999565
0 283.3333333331608 16.8749999999475
0 283.3333333332209 33.74999999988867
0 283.3333333332528 50.62499999983653
0 283.3333333332626 67.49999999980787
0 283.3333333332528 84.37499999984243
0 283.3333333332208 101.2499999998992
0 283.3333333331606 118.1249999999587
2 4310 0 35
2686
2687
2688
2689
2690
2691
2692
2693
2694
2695
2696
2697
2698
2699
2700
2701
2702
2703
2704
2705
2706
2707
2708
2709
2710
2711
2712
2713
2714
2715
2716
2717
2718
2719
2720
100 16.66666666661832 16.87499999994751
100 16.66666666663355 33.74999999988867
100 16.66666666664213 50.62499999983652
100 16.66666666664486 67.49999999980784
100 16.66666666664213 84.37499999984242
100 16.66666666663354 101.2499999998992
100 16.66666666661832 118.1249999999587
100 33.33333333324155 16.87499999995118
100 33.33333333327356 33.74999999990426
100 33.33333333328998 50.62499999986774
100 33.33333333329505 67.49999999985307
100 33.33333333328999 84.37499999987156
100 33.33333333327355 101.2499999999104
100 33.33333333324155 118.1249999999565
100 49.99999999988945 16.874999999953
100 49.99999999992876 33.74999999990973
100 49.99999999994893 50.62499999987768
100 49.99999999995512 67.49999999986599
100 49.99999999994894 84.37499999988081
100 49.99999999992877 101.2499999999146
100 49.99999999988946 118.1249999999569
100 66.66666666656323 16.87499999995118
100 66.66666666660261 33.74999999990426
100 66.66666666662154 50.62499999986774
100 66.66666666662722 67.49999999985309
100 66.66666666662155 84.37499999987153
100 66.66666666660259 101.2499999999104
100 66.66666666656323 118.1249999999565
100 83.33333333327552 16.87499999994751
100 83.33333333329637 33.74999999988867
100 83.33333333330711 50.6249999998365
100 83.33333333331041 67.49999999980784
100 83.33333333330712 84.3749999998424
100 83.33333333329637 101.2499999998991
100 83.33333333327552 118.1249999999587
2 4311 0 35
2721
2722
2723
2724
2725
2726
2727
2728
2729
2730
2731
2732
2733
2734
2735
2736
2737
2738
2739
2740
2741
2742
2743
2744
2745
2746
2747
2748
2749
2750
2751
2752
2753
2754
2755
100 116.666666666542 16.8749999999475
100 116.6666666665777 33.74999999988867
100 116.6666666665989 50.62499999983653
100 116.6666666666057 67.49999999980786
100 116.6666666665989 84.37499999984244
100 116.6666666665778 101.2499999998992
100 116.666666666542 118.1249999999587
100 133.3333333330952 16.87499999995119
100 133.3333333331697 33.74999999990429
100 133.3333333332116 50.62499999986778
100 133.3333333332249 67.49999999985312
100 133.3333333332116 84.37499999987159
100 133.3333333331697 101.2499999999104
100 133.3333333330952 118.1249999999566
100 149.9999999996791 16.87499999995301
100 149.9999999997936 33.74999999990975
100 149.9999999998521 50.6249999998777
100 149.99999999987 67.49999999986603
100 149.9999999998522 84.37499999988083
100 149.9999999997936 101.2499999999146
100 149.9999999996791 118.1249999999569
100 166.6666666663417 16.87499999995119
100 166.666666666472 33.74999999990429
100 166.6666666665323 50.62499999986776
100 166.6666666665501 67.49999999985312
100 166.6666666665324 84.37499999987159
100 166.6666666664721 101.2499999999104
100 166.6666666663417 118.1249999999565
100 183.3333333331483 16.87499999994751
100 183.3333333332188 33.74999999988869
100 183.3333333332541 50.62499999983653
100 183.3333333332647 67.49999999980787
100 183.3333333332541 84.37499999984244
100 183.3333333332189 101.2499999998992
100 183.3333333331484 118.1249999999587
2 4312 0 35
2756
2757
2758
2759
2760
2761
2762
2763
2764
2765
2766
2767
2768
2769
2770
2771
2772
2773
2774
2775
2776
2777
2778
2779
2780
2781
2782
2783
2784
2785
2786
2787
2788
2789
2790
100 216.6666666665199 16.8749999999475
100 216.6666666665651 33.74999999988867
100 216.666666666591 50.62499999983652
100 216.6666666665992 67.49999999980787
100 216.6666666665909 84.37499999984242
100 216.6666666665651 101.2499999998992
100 216.6666666665199 118.1249999999587
100 233.3333333330564 16.87499999995119
100 233.3333333331493 33.74999999990428
100 233.3333333331991 50.62499999986776
100 233.3333333332146 67.49999999985309
100 233.3333333331991 84.37499999987156
100 233.3333333331492 101.2499999999104
100 233.3333333330564 118.1249999999565
100 249.9999999996401 16.87499999995301
100 249.9999999997752 33.74999999990974
100 249.9999999998407 50.62499999987769
100 249.9999999998603 67.49999999986601
100 249.9999999998407 84.3749999998808
100 249.9999999997752 101.2499999999146
100 249.9999999996399 118.1249999999569
100 266.6666666663525 16.87499999995119
100 266.6666666664693 33.74999999990428
100 266.6666666665271 50.62499999986777
100 266.6666666665445 67.4999999998531
100 266.666666666527 84.37499999987156
100 266.6666666664692 101.2499999999104
100 266.6666666663523 118.1249999999565
100 283.3333333331608 16.8749999999475
100 283.3333333332209 33.74999999988867
100 283.3333333332528 50.62499999983653
100 283.3333333332626 67.49999999980787
100 283.3333333332528 84.37499999984243
100 283.3333333332208 101.2499999998992
100 283.3333333331606 118.1249999999587
2 4320 0 35
2791
2792
2793
2794
2795
2796
2797
2798
2799
2800
2801
2802
2803
2804
2805
2806
2807
2808
2809
2810
2811
2812
2813
2814
2815
2816
2817
2818
2819
2820
2821
2822
2823
2824
2825
200 16.66666666661832 16.87499999994751
200 16.66666666663355 33.74999999988867
200 16.66666666664213 50.62499999983652
200 16.66666666664486 67.49999999980784
200 16.66666666664213 84.37499999984242
200 16.66666666663354 101.2499999998992
200 16.66666666661832 118.1249999999587
200 33.33333333324155 16.87499999995118
200 33.33333333327356 33.74999999990426
200 33.33333333328998 50.62499999986774
200 33.33333333329505 67.49999999985307
200 33.33333333328999 84.37499999987156
200 33.33333333327355 101.2499999999104
200 33.33333333324155 118.1249999999565
200 49.99999999988945 16.874999999953
200 49.99999999992876 33.74999999990973
200 49.99999999994893 50.62499999987768
200 49.99999999995512 67.49999999986599
200 49.99999999994894 84.37499999988081
200 49.99999999992877 101.2499999999146
200 49.99999999988946 118.1249999999569
200 66.66666666656323 16.87499999995118
200 66.66666666660261 33.74999999990426
200 66.66666666662154 50.62499999986774
200 66.66666666662722 67.49999999985309
200 66.66666666662155 84.37499999987153
200 66.66666666660259 101.2499999999104
200 66.66666666656323 118.1249999999565
200 83.33333333327552 16.87499999994751
200 83.33333333329637 33.74999999988867
200 83.33333333330711 50.6249999998365
200 83.33333333331041 67.49999999980784
200 83.33333333330712 84.3749999998424
200 83.33333333329637 101.2499999998991
200 83.33333333327552 118.1249999999587
2 4321 0 35
2826
2827
2828
2829
2830
2831
2832
2833
2834
2835
2836
2837
2838
2839
2840
2841
2842
2843
2844
2845
2846
2847
2848
2849
2850
2851
2852
2853
2854
2855
2856
2857
2858
2859
2860
200 116.666666666542 16.8749999999475
200 116.6666666665777 33.74999999988867
200 116.6666666665989 50.62499999983653
200 116.6666666666057 67.49999999980786
200 116.6666666665989 84.37499999984244
200 116.6666666665778 101.2499999998992
200 116.666666666542 118.1249999999587
200 133.3333333330952 16.87499999995119
200 133.3333333331697 33.74999999990429
200 133.3333333332116 50.62499999986778
200 133.3333333332249 67.49999999985312
200 133.3333333332116 84.37499999987159
200 133.3333333331697 101.2499999999104
200 133.3333333330952 118.1249999999566
200 149.9999999996791 16.87499999995301
200 149.9999999997936 33.74999999990975
200 149.9999999998521 50.6249999998777
200 149.99999999987 67.49999999986603
200 149.9999999998522 84.37499999988083
200 149.9999999997936 101.2499999999146
200 149.9999999996791 118.1249999999569
200 166.6666666663417 16.87499999995119
200 166.666666666472 33.74999999990429
200 166.6666666665323 50.62499999986776
200 166.6666666665501 67.49999999985312
200 166.6666666665324 84.37499999987159
200 166.6666666664721 101.2499999999104
200 166.6666666663417 118.1249999999565
200 183.3333333331483 16.87499999994751
200 183.3333333332188 33.74999999988869
200 183.3333333332541 50.62499999983653
200 183.3333333332647 67.49999999980787
200 183.3333333332541 84.37499999984244
200 183.3333333332189 101.2499999998992
200 183.3333333331484 118.1249999999587
2 4322 0 35
2861
2862
2863
2864
2865
2866
2867
2868
2869
2870
2871
2872
2873
2874
2875
2876
2877
2878
2879
2880
2881
2882
2883
2884
2885
2886
2887
2888
2889
2890
2891
2892
2893
2894
2895
200 216.6666666665199 16.8749999999475
200 216.6666666665651 33.74999999988867
200 216.666666666591 50.62499999983652
200 216.6666666665992 67.49999999980787
200 216.6666666665909 84.37499999984242
200 216.6666666665651 101.2499999998992
200 216.6666666665199 118.1249999999587
200 233.3333333330564 16.87499999995119
200 233.3333333331493 33.74999999990428
200 233.3333333331991 50.62499999986776
200 233.3333333332146 67.49999999985309
200 233.3333333331991 84.37499999987156
200 233.3333333331492 101.2499999999104
200 233.3333333330564 118.1249999999565
200 249.9999999996401 16.87499999995301
200 249.9999999997752 33.74999999990974
200 249.9999999998407 50.62499999987769
200 249.9999999998603 67.49999999986601
200 249.9999999998407 84.3749999998808
200 249.9999999997752 101.2499999999146
200 249.9999999996399 118.1249999999569
200 266.6666666663525 16.87499999995119
200 266.6666666664693 33.74999999990428
200 266.6666666665271 50.62499999986777
200 266.6666666665445 67.4999999998531
200 266.666666666527 84.37499999987156
200 266.6666666664692 101.2499999999104
200 266.6666666663523 118.1249999999565
200 283.3333333331608 16.8749999999475
200 283.3333333332209 33.74999999988867
200 283.3333333332528 50.62499999983653
200 283.3333333332626 67.49999999980787
200 283.3333333332528 84.37499999984243
200 283.3333333332208 101.2499999998992
200 283.3333333331606 118.1249999999587
2 4330 0 35
2896
2897
2898
2899
2900
2901
2902
2903
2904
2905
2906
2907
2908
2909
2910
2911
2912
2913
2914
2915
2916
2917
2918
2919
2920
2921
2922
2923
2924
2925
2926
2927
2928
2929
2930
300 16.66666666661831 16.86979138610225
300 16.66666666663354 33.73958278348062
300 16.66666666664213 50.60937420657453
300 16.66666666664486 67.47916567710041
300 16.66666666664213 84.34895723064206
300 16.66666666663354 101.2187489287441
300 16.66666666661832 118.0885408851255
300 33.33333333324153 16.87083288981619
300 33.33333333327354 33.74166579912399
300 33.33333333328996 50.61249875276971
300 33.33333333329504 67.48333178776583
300 33.33333333328998 84.35416496341178
300 33.33333333327354 101.2249983773365
300 33.33333333324154 118.0958321910159
300 49.99999999988944 16.87187450311367
300 49.99999999992874 33.74374902871145
300 49.99999999994892 50.61562360540319
300 49.9999999999551 67.48749827562663
300 49.99999999994892 84.35937310675118
300 49.99999999992875 101.2312482076019
300 49.99999999988944 118.1031237514149
300 66.6666666665632 16.87291622309528
300 66.66666666660258 33.74583246568956
300 66.66666666662154 50.61874875264029
300 66.66666666662722 67.49166512097507
300 66.66666666662155 84.36458163000893
300 66.66666666660261 101.2374983773628
300 66.66666666656322 118.110415524454
300 83.33333333327552 16.87395805269476
300 83.33333333329637 33.74791611667219
300 83.33333333330712 50.62187420638704
300 83.33333333331041 67.49583234357871
300 83.33333333330714 84.36979056386768
300 83.33333333329639 101.2437489287838
300 83.33333333327555 118.1177075519751
2 4331 0 35
2931
2932
2933
2934
2935
2936
2937
2938
2939
2940
2941
2942
2943
2944
2945
2946
2947
2948
2949
2950
2951
2952
2953
2954
2955
2956
2957
2958
2959
2960
2961
2962
2963
2964
2965
300 116.666666666542 16.8749999999475
300 116.6666666665777 33.74999999988867
300 116.6666666665989 50.62499999983653
300 116.6666666666057 67.49999999980786
300 116.6666666665989 84.37499999984244
300 116.6666666665778 101.2499999998992
300 116.666666666542 118.1249999999587
300 133.3333333330952 16.87499999995119
300 133.3333333331697 33.74999999990429
300 133.3333333332116 50.62499999986778
300 133.3333333332249 67.49999999985312
300 133.3333333332116 84.37499999987159
300 133.3333333331697 101.2499999999104
300 133.3333333330952 118.1249999999566
300 149.9999999996791 16.87499999995301
300 149.9999999997936 33.74999999990975
300 149.9999999998521 50.6249999998777
300 149.99999999987 67.49999999986603
300 149.9999999998522 84.37499999988083
300 149.9999999997936 101.2499999999146
300 149.9999999996791 118.1249999999569
300 166.6666666663417 16.87499999995119
300 166.666666666472 33.74999999990429
300 166.6666666665323 50.62499999986776
300 166.6666666665501 67.49999999985312
300 166.6666666665324 84.37499999987159
300 166.6666666664721 101.2499999999104
300 166.6666666663417 118.1249999999565
300 183.3333333331483 16.87499999994751
300 183.3333333332188 33.74999999988869
300 183.3333333332541 50.62499999983653
300 183.3333333332647 67.49999999980787
300 183.3333333332541 84.37499999984244
300 183.3333333332189 101.2499999998992
300 183.3333333331484 118.1249999999587
2 4332 0 35
2966
2967
2968
2969
2970
2971
2972
2973
2974
2975
2976
2977
2978
2979
2980
2981
2982
2983
2984
2985
2986
2987
2988
2989
2990
2991
2992
2993
2994
2995
2996
2997
2998
2999
3000
300 216.6666666665199 16.8749999999475
300 216.6666666665651 33.74999999988867
300 216.666666666591 50.62499999983652
300 216.6666666665992 67.49999999980787
300 216.6666666665909 84.37499999984242
300 216.6666666665651 101.2499999998992
300 216.6666666665199 118.1249999999587
300 233.3333333330564 16.87499999995119
300 233.3333333331493 33.74999999990428
300 233.3333333331991 50.62499999986776
300 233.3333333332146 67.49999999985309
300 233.3333333331991 84.37499999987156
300 233.3333333331492 101.2499999999104
300 233.3333333330564 118.1249999999565
300 249.9999999996401 16.87499999995301
300 249.9999999997752 33.74999999990974
300 249.9999999998407 50.62499999987769
300 249.9999999998603 67.49999999986601
300 249.9999999998407 84.3749999998808
300 249.9999999997752 101.2499999999146
300 249.9999999996399 118.1249999999569
300 266.6666666663525 16.87499999995119
300 266.6666666664693 33.74999999990428
300 266.6666666665271 50.62499999986777
300 266.6666666665445 67.4999999998531
300 266.666666666527 84.37499999987156
300 266.6666666664692 101.2499999999104
300 266.6666666663523 118.1249999999565
300 283.3333333331608 16.8749999999475
300 283.3333333332209 33.74999999988867
300 283.3333333332528 50.62499999983653
300 283.3333333332626 67.49999999980787
300 283.3333333332528 84.37499999984243
300 283.3333333332208 101.2499999998992
300 283.3333333331606 118.1249999999587
2 4500 0 35
3001
3002
3003
3004
3005
3006
3007
3008
3009
3010
3011
3012
3013
3014
3015
3016
3017
3018
3019
3020
3021
3022
3023
3024
3025
3026
3027
3028
3029
3030
3031
3032
3033
3034
3035
0 16.66666666661832 181.875
0 16.66666666663354 198.75
0 16.66666666664214 215.625
0 16.66666666664486 232.4999999999999
0 16.66666666664214 249.375
0 16.66666666663354 266.25
0 16.66666666661832 283.1250000000001
0 33.33333333324155 181.875
0 33.33333333327356 198.75
0 33.33333333328999 215.625
0 33.33333333329504 232.4999999999999
0 33.33333333328999 249.375
0 33.33333333327355 266.25
0 33.33333333324154 283.125
0 49.99999999988945 181.875
0 49.99999999992876 198.75
0 49.99999999994895 215.625
0 49.99999999995512 232.5
0 49.99999999994895 249.3750000000001
0 49.99999999992876 266.25
0 49.99999999988945 283.125
0 66.66666666656322 181.875
0 66.66666666660261 198.75
0 66.66666666662155 215.625
0 66.66666666662722 232.5
0 66.66666666662157 249.375
0 66.66666666660261 266.25
0 66.66666666656323 283.125
0 83.33333333327552 181.875
0 83.33333333329638 198.75
0 83.33333333330712 215.625
0 83.33333333331042 232.5
0 83.33333333330715 249.375
0 83.33333333329639 266.2500000000001
0 83.33333333327552 283.125
2 4501 0 35
3036
3037
3038
3039
3040
3041
3042
3043
3044
3045
3046
3047
3048
3049
3050
3051
3052
3053
3054
3055
3056
3057
3058
3059
3060
3061
3062
3063
3064
3065
3066
3067
3068
3069
3070
0 116.666666666542 181.875
0 116.6666666665777 198.7499999999999
0 116.6666666665988 215.625
0 116.6666666666057 232.5
0 116.6666666665988 249.375
0 116.6666666665777 266.25
0 116.666666666542 283.125
0 133.3333333330952 181.875
0 133.3333333331697 198.7499999999999
0 133.3333333332115 215.6249999999999
0 133.3333333332249 232.5
0 133.3333333332116 249.375
0 133.3333333331697 266.25
0 133.3333333330952 283.1250000000001
0 149.9999999996791 181.875
0 149.9999999997935 198.75
0 149.9999999998521 215.6249999999999
0 149.99999999987 232.4999999999999
0 149.9999999998521 249.375
0 149.9999999997936 266.2499999999999
0 149.9999999996791 283.125
0 166.6666666663417 181.875
0 166.6666666664721 198.75
0 166.6666666665324 215.625
0 166.6666666665501 232.5
0 166.6666666665323 249.375
0 166.6666666664721 266.2500000000001
0 166.6666666663417 283.125
0 183.3333333331483 181.875
0 183.3333333332188 198.75
0 183.3333333332541 215.625
0 183.3333333332647 232.5
0 183.3333333332542 249.375
0 183.3333333332189 266.2500000000001
0 183.3333333331484 283.125
2 4502 0 35
3071
3072
3073
3074
3075
3076
3077
3078
3079
3080
3081
3082
3083
3084
3085
3086
3087
3088
3089
3090
3091
3092
3093
3094
3095
3096
3097
3098
3099
3100
3101
3102
3103
3104
3105
0 216.6666666665199 181.8822924479796
0 216.6666666665652 198.7562510711082
0 216.6666666665909 215.6302094359658
0 216.6666666665992 232.5041676562198
0 216.6666666665909 249.3781257934411
0 216.6666666665651 266.2520838832102
0 216.6666666665199 283.1260419472493
0 233.3333333330563 181.8895844754936
0 233.3333333331492 198.762501622532
0 233.3333333331991 215.6354183698432
0 233.3333333332146 232.5083348788581
0 233.3333333331991 249.3812512472098
0 233.3333333331492 266.2541675342014
0 233.3333333330563 283.1270837768488
0 249.99999999964 181.8968762485265
0 249.9999999997753 198.7687517922857
0 249.9999999998407 215.6406268930968
0 249.9999999998604 232.512501724206
0 249.9999999998407 249.3843763944452
0 249.9999999997752 266.2562509711765
0 249.99999999964 283.1281254968276
0 266.6666666663525 181.9041678089149
0 266.6666666664693 198.7750016225303
0 266.6666666665271 215.6458350364082
0 266.6666666665445 232.5166682120362
0 266.6666666665271 249.3875012470539
0 266.6666666664693 266.2583342007477
0 266.6666666663524 283.1291671101174
0 283.3333333331607 181.9114591147899
0 283.3333333332209 198.781251071085
0 283.3333333332528 215.6510427691215
0 283.3333333332627 232.5208343226325
0 283.3333333332528 249.3906257931984
0 283.3333333332208 266.2604172163612
0 283.3333333331607 283.1302086138195
2 4510 0 35
3106
3107
3108
3109
3110
3111
3112
3113
3114
3115
3116
3117
3118
3119
3120
3121
3122
3123
3124
3125
3126
3127
3128
3129
3130
3131
3132
3133
3134
3135
3136
3137
3138
3139
3140
100 16.66666666661832 181.875
100 16.66666666663354 198.75
100 16.66666666664214 215.625
100 16.66666666664486 232.4999999999999
100 16.66666666664214 249.375
100 16.66666666663354 266.25
100 16.66666666661832 283.1250000000001
100 33.33333333324155 181.875
100 33.33333333327356 198.75
100 33.33333333328999 215.625
100 33.33333333329504 232.4999999999999
100 33.33333333328999 249.375
100 33.33333333327355 266.25
100 33.33333333324154 283.125
100 49.99999999988945 181.875
100 49.99999999992876 198.75
100 49.99999999994895 215.625
100 49.99999999995512 232.5
100 49.99999999994895 249.3750000000001
100 49.99999999992876 266.25
100 49.99999999988945 283.125
100 66.66666666656322 181.875
100 66.66666666660261 198.75
100 66.66666666662155 215.625
100 66.66666666662722 232.5
100 66.66666666662157 249.375
100 66.66666666660261 266.25
100 66.66666666656323 283.125
100 83.33333333327552 181.875
100 83.33333333329638 198.75
100 83.33333333330712 215.625
100 83.33333333331042 232.5
100 83.33333333330715 249.375
100 83.33333333329639 266.2500000000001
100 83.33333333327552 283.125
2 4511 0 35
3141
3142
3143
3144
3145
3146
3147
3148
3149
3150
3151
3152
3153
3154
3155
3156
3157
3158
3159
3160
3161
3162
3163
3164
3165
3166
3167
3168
3169
3170
3171
3172
3173
3174
3175
100 116.666666666542 181.875
100 116.6666666665777 198.7499999999999
100 116.6666666665988 215.625
100 116.6666666666057 232.5
100 116.6666666665988 249.375
100 116.6666666665777 266.25
100 116.666666666542 283.125
100 133.3333333330952 181.875
100 133.3333333331697 198.7499999999999
100 133.3333333332115 215.6249999999999
100 133.3333333332249 232.5
100 133.3333333332116 249.375
100 133.3333333331697 266.25
100 133.3333333330952 283.1250000000001
100 149.9999999996791 181.875
100 149.9999999997935 198.75
100 149.9999999998521 215.6249999999999
100 149.99999999987 232.4999999999999
100 149.9999999998521 249.375
100 149.9999999997936 266.2499999999999
100 149.9999999996791 283.125
100 166.6666666663417 181.875
100 166.6666666664721 198.75
100 166.6666666665324 215.625
100 166.6666666665501 232.5
100 166.6666666665323 249.375
100 166.6666666664721 266.2500000000001
100 166.6666666663417 283.125
100 183.3333333331483 181.875
100 183.3333333332188 198.75
100 183.3333333332541 215.625
100 183.3333333332647 232.5
100 183.3333333332542 249.375
100 183.3333333332189 266.2500000000001
100 183.3333333331484 283.125
2 4512 0 35
3176
3177
3178
3179
3180
3181
3182
3183
3184
3185
3186
3187
3188
3189
3190
3191
3192
3193
3194
3195
3196
3197
3198
3199
3200
3201
3202
3203
3204
3205
3206
3207
3208
3209
3210
100 216.6666666665199 181.875
100 216.6666666665652 198.75
100 216.666666666591 215.625
100 216.6666666665993 232.5
100 216.666666666591 249.375
100 216.6666666665651 266.2499999999999
100 216.6666666665199 283.125
100 233.3333333330565 181.875
100 233.3333333331493 198.75
100 233.3333333331992 215.625
100 233.3333333332147 232.5
100 233.3333333331991 249.375
100 233.3333333331493 266.25
100 233.3333333330564 283.1249999999999
100 249.9999999996401 181.875
100 249.9999999997753 198.75
100 249.9999999998408 215.625
100 249.9999999998604 232.5
100 249.9999999998408 249.375
100 249.9999999997753 266.25
100 249.9999999996401 283.125
100 266.6666666663525 181.875
100 266.6666666664693 198.75
100 266.6666666665271 215.625
100 266.6666666665445 232.5
100 266.6666666665271 249.3750000000001
100 266.6666666664693 266.2500000000001
100 266.6666666663525 283.1250000000001
100 283.3333333331607 181.875
100 283.3333333332208 198.75
100 283.3333333332528 215.625
100 283.3333333332626 232.5
100 283.3333333332528 249.375
100 283.3333333332209 266.25
100 283.3333333331607 283.125
2 4520 0 35
3211
3212
3213
3214
3215
3216
3217
3218
3219
3220
3221
3222
3223
3224
3225
3226
3227
3228
3229
3230
3231
3232
3233
3234
3235
3236
3237
3238
3239
3240
3241
3242
3243
3244
3245
200 16.66666666661832 181.875
200 16.66666666663354 198.75
200 16.66666666664214 215.625
200 16.66666666664486 232.4999999999999
200 16.66666666664214 249.375
200 16.66666666663354 266.25
200 16.66666666661832 283.1250000000001
200 33.33333333324155 181.875
200 33.33333333327356 198.75
200 33.33333333328999 215.625
200 33.33333333329504 232.4999999999999
200 33.33333333328999 249.375
200 33.33333333327355 266.25
200 33.33333333324154 283.125
200 49.99999999988945 181.875
200 49.99999999992876 198.75
200 49.99999999994895 215.625
200 49.99999999995512 232.5
200 49.99999999994895 249.3750000000001
200 49.99999999992876 266.25
200 49.99999999988945 283.125
200 66.66666666656322 181.875
200 66.66666666660261 198.75
200 66.66666666662155 215.625
200 66.66666666662722 232.5
200 66.66666666662157 249.375
200 66.66666666660261 266.25
200 66.66666666656323 283.125
200 83.33333333327552 181.875
200 83.33333333329638 198.75
200 83.33333333330712 215.625
200 83.33333333331042 232.5
200 83.33333333330715 249.375
200 83.33333333329639 266.2500000000001
200 83.33333333327552 283.125
2 4521 0 35
3246
3247
3248
3249
3250
3251
3252
3253
3254
3255
3256
3257
3258
3259
3260
3261
3262
3263
3264
3265
3266
3267
3268
3269
3270
3271
3272
3273
3274
3275
3276
3277
3278
3279
3280
200 116.666666666542 181.875
200 116.6666666665777 198.7499999999999
200 116.6666666665988 215.625
200 116.6666666666057 232.5
200 116.6666666665988 249.375
200 116.6666666665777 266.25
200 116.666666666542 283.125
200 133.3333333330952 181.875
200 133.3333333331697 198.7499999999999
200 133.3333333332115 215.6249999999999
200 133.3333333332249 232.5
200 133.3333333332116 249.375
200 133.3333333331697 266.25
200 133.3333333330952 283.1250000000001
200 149.9999999996791 181.875
200 149.9999999997935 198.75
200 149.9999999998521 215.6249999999999
200 149.99999999987 232.4999999999999
200 149.9999999998521 249.375
200 149.9999999997936 266.2499999999999
200 149.9999999996791 283.125
200 166.6666666663417 181.875
200 166.6666666664721 198.75
200 166.6666666665324 215.625
200 166.6666666665501 232.5
200 166.6666666665323 249.375
200 166.6666666664721 266.2500000000001
200 166.6666666663417 283.125
200 183.3333333331483 181.875
200 183.3333333332188 198.75
200 183.3333333332541 215.625
200 183.3333333332647 232.5
200 183.3333333332542 249.375
200 183.3333333332189 266.2500000000001
200 183.3333333331484 283.125
2 4522 0 35
3281
3282
3283
3284
3285
3286
3287
3288
3289
3290
3291
3292
3293
3294
3295
3296
3297
3298
3299
3300
3301
3302
3303
3304
3305
3306
3307
3308
3309
3310
3311
3312
3313
3314
3315
200 216.6666666665199 181.875
200 216.6666666665652 198.75
200 216.666666666591 215.625
200 216.6666666665993 232.5
200 216.666666666591 249.375
200 216.6666666665651 266.2499999999999
200 216.6666666665199 283.125
200 233.3333333330565 181.875
200 233.3333333331493 198.75
200 233.3333333331992 215.625
200 233.3333333332147 232.5
200 233.3333333331991 249.375
200 233.3333333331493 266.25
200 233.3333333330564 283.1249999999999
200 249.9999999996401 181.875
200 249.9999999997753 198.75
200 249.9999999998408 215.625
200 249.9999999998604 232.5
200 249.9999999998408 249.375
200 249.9999999997753 266.25
200 249.9999999996401 283.125
200 266.6666666663525 181.875
200 266.6666666664693 198.75
200 266.6666666665271 215.625
200 266.6666666665445 232.5
200 266.6666666665271 249.3750000000001
200 266.6666666664693 266.2500000000001
200 266.6666666663525 283.1250000000001
200 283.3333333331607 181.875
200 283.3333333332208 198.75
200 283.3333333332528 215.625
200 283.3333333332626 232.5
200 283.3333333332528 249.375
200 283.3333333332209 266.25
200 283.3333333331607 283.125
2 4530 0 35
3316
3317
3318
3319
3320
3321
3322
3323
3324
3325
3326
3327
3328
3329
3330
3331
3332
3333
3334
3335
3336
3337
3338
3339
3340
3341
3342
3343
3344
3345
3346
3347
3348
3349
3350
300 16.66666666661832 181.875
300 16.66666666663354 198.75
300 16.66666666664214 215.625
300 16.66666666664486 232.4999999999999
300 16.66666666664214 249.375
300 16.66666666663354 266.25
300 16.66666666661832 283.1250000000001
300 33.33333333324155 181.875
300 33.33333333327356 198.75
300 33.33333333328999 215.625
300 33.33333333329504 232.4999999999999
300 33.33333333328999 249.375
300 33.33333333327355 266.25
300 33.33333333324154 283.125
300 49.99999999988945 181.875
300 49.99999999992876 198.75
300 49.99999999994895 215.625
300 49.99999999995512 232.5
300 49.99999999994895 249.3750000000001
300 49.99999999992876 266.25
300 49.99999999988945 283.125
300 66.66666666656322 181.875
300 66.66666666660261 198.75
300 66.66666666662155 215.625
300 66.66666666662722 232.5
300 66.66666666662157 249.375
300 66.66666666660261 266.25
300 66.66666666656323 283.125
300 83.33333333327552 181.875
300 83.33333333329638 198.75
300 83.33333333330712 215.625
300 83.33333333331042 232.5
300 83.33333333330715 249.375
300 83.33333333329639 266.2500000000001
300 83.33333333327552 283.125
2 4531 0 35
3351
3352
3353
3354
3355
3356
3357
3358
3359
3360
3361
3362
3363
3364
3365
3366
3367
3368
3369
3370
3371
3372
3373
3374
3375
3376
3377
3378
3379
3380
3381
3382
3383
3384
3385
300 116.666666666542 181.875
300 116.6666666665777 198.7499999999999
300 116.6666666665988 215.625
300 116.6666666666057 232.5
300 116.6666666665988 249.375
300 116.6666666665777 266.25
300 116.666666666542 283.125
300 133.3333333330952 181.875
300 133.3333333331697 198.7499999999999
300 133.3333333332115 215.6249999999999
300 133.3333333332249 232.5
300 133.3333333332116 249.375
300 133.3333333331697 266.25
300 133.3333333330952 283.1250000000001
300 149.9999999996791 181.875
300 149.9999999997935 198.75
300 149.9999999998521 215.6249999999999
300 149.99999999987 232.4999999999999
300 149.9999999998521 249.375
300 149.9999999997936 266.2499999999999
300 149.9999999996791 283.125
300 166.6666666663417 181.875
300 166.6666666664721 198.75
300 166.6666666665324 215.625
300 166.6666666665501 232.5
300 166.6666666665323 249.375
300 166.6666666664721 266.2500000000001
300 166.6666666663417 283.125
300 183.3333333331483 181.875
300 183.3333333332188 198.75
300 183.3333333332541 215.625
300 183.3333333332647 232.5
300 183.3333333332542 249.375
300 183.3333333332189 266.2500000000001
300 183.3333333331484 283.125
2 4532 0 35
3386
3387
3388
3389
3390
3391
3392
3393
3394
3395
3396
3397
3398
3399
3400
3401
3402
3403
3404
3405
3406
3407
3408
3409
3410
3411
3412
3413
3414
3415
3416
3417
3418
3419
3420
300 216.6666666665199 181.875
300 216.6666666665652 198.75
300 216.666666666591 215.625
300 216.6666666665993 232.5
300 216.666666666591 249.375
300 216.6666666665651 266.2499999999999
300 216.6666666665199 283.125
300 233.3333333330565 181.875
300 233.3333333331493 198.75
300 233.3333333331992 215.625
300 233.3333333332147 232.5
300 233.3333333331991 249.375
300 233.3333333331493 266.25
300 233.3333333330564 283.1249999999999
300 249.9999999996401 181.875
300 249.9999999997753 198.75
300 249.9999999998408 215.625
300 249.9999999998604 232.5
300 249.9999999998408 249.375
300 249.9999999997753 266.25
300 249.9999999996401 283.125
300 266.6666666663525 181.875
300 266.6666666664693 198.75
300 266.6666666665271 215.625
300 266.6666666665445 232.5
300 266.6666666665271 249.3750000000001
300 266.6666666664693 266.2500000000001
300 266.6666666663525 283.1250000000001
300 283.3333333331607 181.875
300 283.3333333332208 198.75
300 283.3333333332528 215.625
300 283.3333333332626 232.5
300 283.3333333332528 249.375
300 283.3333333332209 266.25
300 283.3333333331607 283.125
3 6000 0 175
3421
3422
3423
3424
3425
3426
3427
3428
3429
3430
3431
3432
3433
3434
3435
3436
3437
3438
3439
3440
3441
3442
3443
3444
3445
3446
3447
3448
3449
3450
3451
3452
3453
3454
3455
3456
3457
3458
3459
3460
3461
3462
3463
3464
3465
3466
3467
3468
3469
3470
3471
3472
3473
3474
3475
3476
3477
3478
3479
3480
3481
3482
3483
3484
3485
3486
3487
3488
3489
3490
3491
3492
3493
3494
3495
3496
3497
3498
3499
3500
3501
3502
3503
3504
3505
3506
3507
3508
3509
3510
3511
3512
3513
3514
3515
3516
3517
3518
3519
3520
3521
3522
3523
3524
3525
3526
3527
3528
3529
3530
3531
3532
3533
3534
3535
3536
3537
3538
3539
3540
3541
3542
3543
3544
3545
3546
3547
3548
3549
3550
3551
3552
3553
3554
3555
3556
3557
3558
3559
3560
3561
3562
3563
3564
3565
3566
3567
3568
3569
3570
3571
3572
3573
3574
3575
3576
3577
3578
3579
3580
3581
3582
3583
3584
3585
3586
3587
3588
3589
3590
3591
3592
3593
3594
3595
16.66666666663566 16.66666666663566 16.87499999994501
16.66666666665088 16.66666666665088 33.74999999991078
16.66666666665947 16.66666666665947 50.62499999989068
16.66666666666219 16.66666666666219 67.49999999991472
16.66666666665947 16.66666666665947 84.37499999989315
16.66666666665087 16.66666666665087 101.2499999999132
16.66666666663566 16.66666666663566 118.1249999999387
16.66666666664748 33.33333333329358 16.87499999994868
16.66666666666271 33.3333333333256 33.74999999992637
16.66666666667128 33.33333333334201 50.62499999992188
16.66666666667401 33.3333333333471 67.49999999995998
16.66666666667129 33.33333333334203 84.37499999992231
16.6666666666627 33.33333333332558 101.2499999999244
16.66666666664748 33.33333333329358 118.1249999999366
16.66666666665146 49.99999999994907 16.8749999999505
16.66666666666666 49.99999999998835 33.74999999993184
16.66666666667526 50.00000000000853 50.62499999993182
16.66666666667799 50.00000000001472 67.49999999997287
16.66666666667525 50.00000000000855 84.37499999993156
16.66666666666666 49.9999999999884 101.2499999999286
16.66666666665146 49.99999999994908 118.124999999937
16.66666666664748 66.66666666663659 16.87499999994868
16.66666666666271 66.66666666667595 33.74999999992637
16.6666666666713 66.66666666669488 50.62499999992187
16.66666666667403 66.66666666670054 67.49999999995998
16.66666666667129 66.66666666669491 84.3749999999223
16.66666666666271 66.66666666667595 101.2499999999244
16.66666666664748 66.66666666663659 118.1249999999366
16.66666666663566 83.33333333330567 16.874999999945
16.66666666665089 83.33333333332652 33.74999999991078
16.66666666665948 83.33333333333724 50.62499999989065
16.6666666666622 83.33333333334059 67.49999999991473
16.66666666665947 83.33333333333729 84.37499999989313
16.66666666665087 83.33333333332652 101.2499999999132
16.66666666663566 83.33333333330567 118.1249999999387
33.33333333329358 16.66666666664748 16.87499999994868
33.33333333332559 16.66666666666271 33.74999999992637
33.33333333334201 16.66666666667128 50.62499999992188
33.3333333333471 16.66666666667401 67.49999999995998
33.33333333334203 16.66666666667129 84.37499999992231
33.33333333332558 16.6666666666627 101.2499999999244
33.33333333329358 16.66666666664748 118.1249999999366
33.33333333331962 33.33333333331961 16.87499999995236
33.33333333335162 33.33333333335162 33.74999999994196
33.33333333336805 33.33333333336802 50.62499999995311
33.33333333337314 33.33333333337313 67.5000000000052
33.33333333336804 33.33333333336805 84.37499999995146
33.3333333333516 33.3333333333516 101.2499999999357
33.33333333331962 33.3333333333196 118.1249999999344
33.33333333332761 49.99999999998123 16.87499999995418
33.3333333333596 50.00000000002055 33.74999999994741
33.33333333337602 50.0000000000407 50.62499999996305
33.33333333338112 50.0000000000469 67.50000000001813
33.33333333337605 50.00000000004073 84.37499999996072
33.33333333335959 50.00000000002055 101.2499999999399
33.33333333332758 49.99999999998124 118.1249999999347
33.33333333331962 66.66666666666964 16.87499999995235
33.33333333335162 66.66666666670903 33.74999999994196
33.33333333336805 66.66666666672796 50.62499999995311
33.33333333337313 66.66666666673366 67.5000000000052
33.33333333336807 66.66666666672796 84.37499999995143
33.33333333335163 66.66666666670903 101.2499999999357
33.33333333331962 66.66666666666964 118.1249999999344
33.33333333329362 83.33333333332281 16.87499999994868
33.33333333332561 83.3333333333437 33.74999999992637
33.33333333334201 83.33333333335442 50.62499999992188
33.33333333334713 83.33333333335773 67.49999999995998
33.33333333334204 83.33333333335442 84.3749999999223
33.33333333332558 83.33333333334367 101.2499999999244
33.3333333332936 83.3333333333228 118.1249999999366
49.99999999994907 16.66666666665144 16.8749999999505
49.99999999998834 16.66666666666668 33.74999999993184
50.00000000000853 16.66666666667526 50.62499999993182
50.00000000001472 16.66666666667799 67.49999999997289
50.00000000000853 16.66666666667525 84.37499999993157
49.9999999999884 16.66666666666666 101.2499999999286
49.99999999994907 16.66666666665144 118.124999999937
49.99999999998123 33.33333333332761 16.87499999995418
50.00000000002055 33.3333333333596 33.74999999994743
50.0000000000407 33.33333333337602 50.62499999996305
50.0000000000469 33.33333333338113 67.50000000001813
50.00000000004073 33.33333333337605 84.37499999996069
50.00000000002055 33.33333333335959 101.2499999999399
49.99999999998123 33.33333333332758 118.1249999999347
49.99999999999122 49.99999999999118 16.874999999956
50.0000000000305 50.0000000000305 33.74999999995289
50.00000000005067 50.00000000005067 50.62499999997301
50.00000000005687 50.00000000005687 67.50000000003104
50.00000000005068 50.0000000000507 84.37499999996996
50.00000000003052 50.00000000003052 101.2499999999441
49.99999999999122 49.99999999999122 118.1249999999351
49.99999999998124 66.66666666667933 16.87499999995417
50.00000000002051 66.66666666671873 33.74999999994743
50.00000000004071 66.66666666673765 50.62499999996305
50.0000000000469 66.66666666674337 67.50000000001813
50.0000000000407 66.66666666673765 84.37499999996066
50.00000000002055 66.6666666667187 101.2499999999399
49.99999999998125 66.66666666667933 118.1249999999348
49.99999999994907 83.33333333332818 16.8749999999505
49.99999999998838 83.33333333334905 33.74999999993183
50.00000000000855 83.3333333333598 50.62499999993184
50.00000000001475 83.3333333333631 67.49999999997289
50.00000000000855 83.33333333335979 84.37499999993156
49.9999999999884 83.33333333334905 101.2499999999285
49.9999999999491 83.33333333332818 118.1249999999369
66.66666666663659 16.66666666664748 16.87499999994869
66.66666666667592 16.66666666666271 33.74999999992639
66.66666666669487 16.6666666666713 50.62499999992188
66.66666666670052 16.66666666667403 67.49999999995998
66.66666666669491 16.66666666667129 84.3749999999223
66.66666666667595 16.66666666666271 101.2499999999244
66.66666666663657 16.66666666664748 118.1249999999365
66.66666666666964 33.3333333333196 16.87499999995235
66.66666666670903 33.33333333335162 33.74999999994196
66.66666666672796 33.33333333336803 50.62499999995311
66.66666666673365 33.33333333337313 67.5000000000052
66.66666666672796 33.33333333336807 84.37499999995143
66.66666666670903 33.33333333335162 101.2499999999357
66.66666666666964 33.3333333333196 118.1249999999344
66.66666666667933 49.99999999998124 16.87499999995417
66.66666666671873 50.00000000002051 33.74999999994742
66.66666666673767 50.0000000000407 50.62499999996305
66.66666666674337 50.00000000004689 67.50000000001813
66.66666666673765 50.00000000004073 84.37499999996065
66.6666666667187 50.00000000002054 101.2499999999399
66.66666666667933 49.99999999998125 118.1249999999348
66.66666666666964 66.66666666666964 16.87499999995235
66.66666666670903 66.66666666670903 33.74999999994197
66.66666666672796 66.66666666672796 50.62499999995312
66.66666666673365 66.66666666673365 67.50000000000523
66.66666666672796 66.66666666672796 84.3749999999514
66.66666666670903 66.66666666670903 101.2499999999357
66.66666666666964 66.66666666666964 118.1249999999344
66.66666666663659 83.33333333332281 16.87499999994868
66.66666666667595 83.33333333334369 33.74999999992637
66.66666666669488 83.33333333335437 50.62499999992189
66.66666666670056 83.33333333335766 67.49999999995998
66.66666666669488 83.3333333333544 84.37499999992227
66.66666666667589 83.33333333334366 101.2499999999243
66.66666666663656 83.33333333332277 118.1249999999366
83.33333333330567 16.66666666663566 16.87499999994501
83.33333333332651 16.66666666665089 33.74999999991078
83.33333333333727 16.66666666665948 50.62499999989065
83.33333333334056 16.6666666666622 67.49999999991473
83.33333333333728 16.66666666665947 84.37499999989321
83.33333333332651 16.66666666665087 101.2499999999132
83.33333333330566 16.66666666663566 118.1249999999387
83.33333333332281 33.33333333329362 16.87499999994868
83.3333333333437 33.33333333332561 33.74999999992637
83.33333333335442 33.33333333334201 50.62499999992188
83.33333333335773 33.33333333334713 67.49999999995998
83.33333333335442 33.33333333334204 84.3749999999223
83.33333333334367 33.33333333332559 101.2499999999244
83.33333333332283 33.3333333332936 118.1249999999366
83.33333333332816 49.99999999994906 16.8749999999505
83.33333333334905 49.99999999998837 33.74999999993184
83.3333333333598 50.00000000000855 50.6249999999318
83.3333333333631 50.00000000001475 67.49999999997289
83.33333333335979 50.00000000000855 84.37499999993155
83.33333333334905 49.9999999999884 101.2499999999286
83.33333333332818 49.9999999999491 118.1249999999369
83.33333333332281 66.66666666663659 16.87499999994868
83.33333333334363 66.66666666667595 33.74999999992637
83.33333333335439 66.66666666669488 50.62499999992187
83.33333333335767 66.66666666670056 67.49999999995998
83.3333333333544 66.66666666669488 84.37499999992227
83.3333333333436 66.66666666667589 101.2499999999244
83.33333333332276 66.66666666663656 118.1249999999366
83.33333333330565 83.33333333330565 16.87499999994501
83.33333333332652 83.33333333332652 33.74999999991078
83.33333333333725 83.33333333333725 50.62499999989064
83.33333333334056 83.33333333334053 67.49999999991473
83.33333333333724 83.33333333333722 84.37499999989313
83.33333333332649 83.33333333332651 101.2499999999131
83.33333333330563 83.33333333330565 118.1249999999387
3 6001 0 175
3596
3597
3598
3599
3600
3601
3602
3603
3604
3605
3606
3607
3608
3609
3610
3611
3612
3613
3614
3615
3616
3617
3618
3619
3620
3621
3622
3623
3624
3625
3626
3627
3628
3629
3630
3631
3632
3633
3634
3635
3636
3637
3638
3639
3640
3641
3642
3643
3644
3645
3646
3647
3648
3649
3650
3651
3652
3653
3654
3655
3656
3657
3658
3659
3660
3661
3662
3663
3664
3665
3666
3667
3668
3669
3670
3671
3672
3673
3674
3675
3676
3677
3678
3679
3680
3681
3682
3683
3684
3685
3686
3687
3688
3689
3690
3691
3692
3693
3694
3695
3696
3697
3698
3699
3700
3701
3702
3703
3704
3705
3706
3707
3708
3709
3710
3711
3712
3713
3714
3715
3716
3717
3718
3719
3720
3721
3722
3723
3724
3725
3726
3727
3728
3729
3730
3731
3732
3733
3734
3735
3736
3737
3738
3739
3740
3741
3742
3743
3744
3745
3746
3747
3748
3749
3750
3751
3752
3753
3754
3755
3756
3757
3758
3759
3760
3761
3762
3763
3764
3765
3766
3767
3768
3769
3770
116.6666666665813 16.66666666663565 16.874999999945
116.6666666666171 16.66666666665089 33.74999999991078
116.6666666666382 16.66666666665948 50.62499999989068
116.6666666666451 16.6666666666622 67.49999999991472
116.6666666666382 16.66666666665947 84.37499999989319
116.6666666666172 16.66666666665089 101.2499999999132
116.6666666665813 16.66666666663566 118.1249999999388
116.6666666666079 33.33333333329361 16.87499999994868
116.6666666666436 33.33333333332561 33.74999999992637
116.6666666666647 33.33333333334203 50.62499999992188
116.6666666666716 33.33333333334713 67.49999999995998
116.6666666666648 33.33333333334205 84.37499999992232
116.6666666666437 33.3333333333256 101.2499999999244
116.6666666666079 33.3333333332936 118.1249999999366
116.666666666617 49.99999999994907 16.8749999999505
116.6666666666528 49.99999999998836 33.74999999993184
116.6666666666739 50.00000000000855 50.62499999993185
116.6666666666808 50.00000000001475 67.49999999997289
116.6666666666739 50.00000000000855 84.37499999993159
116.6666666666528 49.9999999999884 101.2499999999286
116.6666666666171 49.9999999999491 118.124999999937
116.6666666666079 66.66666666663657 16.87499999994867
116.6666666666436 66.66666666667595 33.74999999992637
116.6666666666648 66.66666666669488 50.6249999999219
116.6666666666717 66.66666666670056 67.49999999996001
116.6666666666648 66.66666666669491 84.3749999999223
116.6666666666437 66.66666666667595 101.2499999999244
116.6666666666079 66.66666666663659 118.1249999999366
116.6666666665813 83.33333333330565 16.874999999945
116.666666666617 83.33333333332652 33.74999999991078
116.6666666666382 83.33333333333728 50.62499999989066
116.6666666666451 83.33333333334055 67.49999999991473
116.6666666666382 83.33333333333724 84.37499999989319
116.6666666666171 83.33333333332649 101.2499999999132
116.6666666665813 83.33333333330563 118.1249999999388
133.3333333331867 16.66666666664748 16.8749999999487
133.3333333332613 16.66666666666271 33.7499999999264
133.333333333303 16.66666666667129 50.62499999992193
133.3333333333165 16.66666666667402 67.49999999996
133.3333333333031 16.66666666667129 84.37499999992232
133.3333333332612 16.66666666666271 101.2499999999245
133.3333333331867 16.66666666664748 118.1249999999366
133.3333333332446 33.33333333331962 16.87499999995237
133.333333333319 33.33333333335165 33.74999999994198
133.3333333333607 33.33333333336807 50.62499999995318
133.3333333333742 33.33333333337314 67.50000000000526
133.3333333333608 33.33333333336807 84.37499999995148
133.333333333319 33.33333333335162 101.2499999999357
133.3333333332446 33.33333333331961 118.1249999999344
133.3333333332637 49.99999999998126 16.87499999995418
133.3333333333381 50.00000000002055 33.74999999994745
133.33333333338 50.0000000000407 50.62499999996311
133.3333333333933 50.00000000004692 67.50000000001816
133.3333333333799 50.00000000004076 84.37499999996072
133.3333333333381 50.00000000002058 101.2499999999399
133.3333333332637 49.99999999998128 118.1249999999348
133.3333333332444 66.66666666666967 16.87499999995237
133.333333333319 66.66666666670906 33.74999999994199
133.3333333333608 66.66666666672799 50.62499999995315
133.3333333333741 66.6666666667337 67.50000000000526
133.3333333333607 66.66666666672796 84.37499999995146
133.3333333333189 66.66666666670903 101.2499999999357
133.3333333332444 66.66666666666967 118.1249999999344
133.3333333331867 83.33333333332287 16.87499999994869
133.3333333332613 83.33333333334376 33.74999999992641
133.333333333303 83.33333333335445 50.62499999992194
133.3333333333164 83.33333333335773 67.49999999996001
133.333333333303 83.33333333335442 84.37499999992232
133.3333333332611 83.33333333334367 101.2499999999244
133.3333333331867 83.33333333332281 118.1249999999366
149.9999999998564 16.66666666665146 16.87499999995052
149.9999999999709 16.66666666666669 33.74999999993185
150.0000000000294 16.66666666667526 50.62499999993185
150.0000000000472 16.66666666667799 67.49999999997293
150.0000000000294 16.66666666667527 84.37499999993157
149.9999999999709 16.66666666666667 101.2499999999286
149.9999999998564 16.66666666665146 118.1249999999369
149.9999999999502 33.33333333332762 16.87499999995419
150.0000000000647 33.33333333335963 33.74999999994744
150.0000000001232 33.33333333337605 50.62499999996307
150.0000000001412 33.33333333338115 67.50000000001816
150.0000000001232 33.33333333337607 84.37499999996072
150.0000000000647 33.33333333335962 101.2499999999399
149.9999999999502 33.33333333332761 118.1249999999348
149.9999999999792 49.99999999999119 16.874999999956
150.0000000000937 50.00000000003052 33.74999999995291
150.0000000001521 50.0000000000507 50.62499999997301
150.00000000017 50.00000000005684 67.50000000003109
150.0000000001522 50.0000000000507 84.37499999997
150.0000000000936 50.00000000003052 101.2499999999441
149.9999999999792 49.99999999999119 118.1249999999351
149.9999999999502 66.66666666667936 16.87499999995419
150.0000000000647 66.66666666671873 33.74999999994746
150.0000000001232 66.66666666673765 50.62499999996308
150.0000000001412 66.66666666674337 67.50000000001816
150.0000000001232 66.66666666673768 84.37499999996069
150.0000000000647 66.6666666667187 101.2499999999398
149.9999999999502 66.66666666667936 118.1249999999348
149.9999999998564 83.33333333332821 16.87499999995051
149.9999999999708 83.33333333334907 33.74999999993187
150.0000000000293 83.33333333335983 50.62499999993184
150.0000000000472 83.33333333336316 67.49999999997294
150.0000000000294 83.3333333333598 84.37499999993156
149.9999999999708 83.33333333334906 101.2499999999285
149.9999999998563 83.33333333332821 118.124999999937
166.666666666603 16.66666666664749 16.8749999999487
166.6666666667334 16.66666666666272 33.7499999999264
166.6666666667937 16.66666666667131 50.62499999992192
166.6666666668115 16.66666666667405 67.49999999996001
166.6666666667937 16.6666666666713 84.37499999992232
166.6666666667333 16.66666666666272 101.2499999999244
166.6666666666032 16.66666666664749 118.1249999999366
166.6666666667145 33.33333333331962 16.87499999995237
166.666666666845 33.33333333335164 33.74999999994198
166.6666666669053 33.33333333336806 50.62499999995313
166.666666666923 33.33333333337313 67.50000000000526
166.6666666669054 33.33333333336807 84.3749999999515
166.666666666845 33.33333333335162 101.2499999999357
166.6666666667145 33.33333333331962 118.1249999999344
166.6666666667463 49.99999999998126 16.87499999995418
166.6666666668767 50.00000000002054 33.74999999994746
166.666666666937 50.0000000000407 50.62499999996305
166.6666666669548 50.0000000000469 67.50000000001816
166.6666666669371 50.00000000004073 84.37499999996072
166.6666666668768 50.00000000002055 101.2499999999399
166.6666666667464 49.99999999998125 118.1249999999347
166.6666666667146 66.66666666666964 16.87499999995237
166.6666666668449 66.66666666670903 33.74999999994199
166.6666666669053 66.66666666672796 50.62499999995314
166.666666666923 66.66666666673365 67.50000000000526
166.6666666669053 66.66666666672796 84.37499999995146
166.6666666668449 66.66666666670903 101.2499999999357
166.6666666667146 66.66666666666964 118.1249999999344
166.6666666666031 83.33333333332287 16.87499999994869
166.6666666667335 83.33333333334375 33.74999999992641
166.6666666667937 83.33333333335443 50.6249999999219
166.6666666668115 83.33333333335771 67.49999999996001
166.6666666667939 83.33333333335443 84.37499999992232
166.6666666667335 83.33333333334367 101.2499999999244
166.6666666666031 83.33333333332281 118.1249999999366
183.3333333332552 16.66666666663566 16.874999999945
183.3333333333257 16.66666666665089 33.7499999999108
183.3333333333609 16.66666666665948 50.62499999989068
183.3333333333714 16.6666666666622 67.49999999991476
183.333333333361 16.66666666665948 84.37499999989321
183.3333333333258 16.66666666665088 101.2499999999131
183.3333333332553 16.66666666663566 118.1249999999387
183.3333333333143 33.33333333329362 16.87499999994868
183.3333333333848 33.3333333333256 33.74999999992639
183.3333333334201 33.33333333334203 50.62499999992191
183.3333333334308 33.33333333334713 67.49999999995998
183.3333333334201 33.33333333334205 84.37499999992234
183.3333333333849 33.3333333333256 101.2499999999244
183.3333333333144 33.33333333329361 118.1249999999366
183.3333333333324 49.99999999994909 16.8749999999505
183.3333333334032 49.99999999998838 33.74999999993184
183.3333333334383 50.00000000000858 50.62499999993185
183.3333333334489 50.00000000001475 67.49999999997291
183.3333333334383 50.00000000000855 84.3749999999316
183.3333333334031 49.9999999999884 101.2499999999286
183.3333333333326 49.9999999999491 118.1249999999369
183.3333333333143 66.6666666666366 16.87499999994868
183.3333333333849 66.66666666667595 33.74999999992639
183.3333333334202 66.66666666669489 50.62499999992191
183.3333333334307 66.66666666670056 67.49999999996001
183.3333333334201 66.66666666669491 84.37499999992231
183.3333333333849 66.66666666667595 101.2499999999244
183.3333333333144 66.66666666663659 118.1249999999366
183.3333333332552 83.3333333333057 16.87499999994501
183.3333333333258 83.33333333332652 33.7499999999108
183.333333333361 83.33333333333729 50.62499999989068
183.3333333333716 83.33333333334055 67.49999999991476
183.333333333361 83.33333333333725 84.37499999989321
183.3333333333258 83.33333333332651 101.2499999999131
183.3333333332553 83.33333333330566 118.1249999999387
3 6002 0 175
3771
3772
3773
3774
3775
3776
3777
3778
3779
3780
3781
3782
3783
3784
3785
3786
3787
3788
3789
3790
3791
3792
3793
3794
3795
3796
3797
3798
3799
3800
3801
3802
3803
3804
3805
3806
3807
3808
3809
3810
3811
3812
3813
3814
3815
3816
3817
3818
3819
3820
3821
3822
3823
3824
3825
3826
3827
3828
3829
3830
3831
3832
3833
3834
3835
3836
3837
3838
3839
3840
3841
3842
3843
3844
3845
3846
3847
3848
3849
3850
3851
3852
3853
3854
3855
3856
3857
3858
3859
3860
3861
3862
3863
3864
3865
3866
3867
3868
3869
3870
3871
3872
3873
3874
3875
3876
3877
3878
3879
3880
3881
3882
3883
3884
3885
3886
3887
3888
3889
3890
3891
3892
3893
3894
3895
3896
3897
3898
3899
3900
3901
3902
3903
3904
3905
3906
3907
3908
3909
3910
3911
3912
3913
3914
3915
3916
3917
3918
3919
3920
3921
3922
3923
3924
3925
3926
3927
3928
3929
3930
3931
3932
3933
3934
3935
3936
3937
3938
3939
3940
3941
3942
3943
3944
3945
216.6666666665732 16.66666666663566 16.87413166381317
216.6666666666184 16.66666666665089 33.74826333893341
216.6666666666443 16.66666666665947 50.62239503979438
216.6666666666525 16.66666666666221 67.49652678814539
216.6666666666443 16.66666666665948 84.37065861948273
216.6666666666185 16.66666666665089 101.2447905954556
216.6666666665732 16.66666666663566 118.1189228297071
216.6666666666079 33.33333333329361 16.87430529453341
216.6666666666533 33.33333333332561 33.74861059986883
216.6666666666791 33.33333333334205 50.62291592976345
216.6666666666873 33.3333333333471 67.49722130489093
216.6666666666791 33.33333333334208 84.3715267587441
216.6666666666532 33.33333333332559 101.24583234875
216.666666666608 33.33333333329362 118.1201381775722
216.6666666666198 49.9999999999491 16.87447894351604
216.666666666665 49.99999999998839 33.74895789645316
216.6666666666908 50.00000000000855 50.62343687078784
216.6666666666991 50.00000000001474 67.49791588447546
216.6666666666908 50.00000000000855 84.37239496641709
216.666666666665 49.9999999999884 101.2468741656508
216.6666666666198 49.9999999999491 118.1213535678577
216.6666666666079 66.66666666663659 16.87465261027632
216.6666666666532 66.66666666667598 33.74930522759352
216.6666666666791 66.66666666669488 50.62395786089626
216.6666666666871 66.66666666670059 67.49861052361976
216.666666666679 66.66666666669491 84.37326323739438
216.6666666666532 66.66666666667595 101.2479160391271
216.666666666608 66.66666666663659 118.1225689935824
216.6666666665732 83.33333333330572 16.8748262953047
216.6666666666184 83.33333333332655 33.74965259439283
216.6666666666442 83.33333333333732 50.62447890207189
216.6666666666525 83.33333333334058 67.49930522561294
216.6666666666442 83.33333333333732 84.37413157678864
216.6666666666185 83.33333333332655 101.2489579762076
216.6666666665732 83.33333333330567 118.1237844617229
233.3333333331813 16.66666666664747 16.87326342572634
233.3333333332743 16.66666666666271 33.74652687148686
233.3333333333243 16.66666666667129 50.6197903627889
233.3333333333397 16.66666666667402 67.49305393773815
233.3333333333242 16.66666666667129 84.36631765750724
233.3333333332742 16.6666666666627 101.2395816240786
233.3333333331813 16.66666666664747 118.1128460098606
233.3333333332556 33.33333333331962 16.8736106675549
233.3333333333485 33.33333333335163 33.74722135463909
233.3333333333984 33.33333333336805 50.62083208608391
233.3333333334139 33.33333333337313 67.49444289892067
233.3333333333985 33.33333333336808 84.36805385231959
233.3333333333485 33.33333333335163 101.2416650440423
233.3333333332555 33.33333333331962 118.1152766355156
233.3333333332795 49.99999999998123 16.87395794591005
233.3333333333724 50.00000000002054 33.74791590909925
233.3333333334223 50.0000000000407 50.62187391151083
233.3333333334377 50.0000000000469 67.49583198581341
233.3333333334222 50.0000000000407 84.36979018397517
233.3333333333723 50.00000000002055 101.2437485912258
233.3333333332794 49.99999999998123 118.1177073460084
233.3333333332556 66.66666666666966 16.87430525982415
233.3333333333485 66.66666666670903 33.74861053268235
233.3333333333985 66.66666666672799 50.6229158351257
233.3333333334139 66.66666666673365 67.49722119185151
233.3333333333984 66.66666666672796 84.37152664225792
233.3333333333485 66.66666666670901 101.2458322515688
233.3333333332557 66.66666666666966 118.1201381273809
233.3333333331817 83.33333333332284 16.87465261027632
233.3333333332742 83.33333333334373 33.74930522759353
233.3333333333243 83.33333333335442 50.62395786089628
233.3333333333397 83.33333333335774 67.49861052361972
233.3333333333242 83.33333333335447 84.37326323739444
233.3333333332744 83.33333333334369 101.2479160391271
233.3333333331815 83.3333333333228 118.1225689935824
249.9999999998879 16.66666666665145 16.87239527898742
250.0000000000229 16.66666666666667 33.74479058237571
250.0000000000884 16.66666666667527 50.61718594120455
250.0000000001081 16.66666666667799 67.48958140170484
250.0000000000885 16.66666666667526 84.36197703769584
250.000000000023 16.66666666666666 101.2343729707504
249.9999999998877 16.66666666665144 118.1067694020827
250.0000000000009 33.33333333332759 16.87291611365433
250.0000000001362 33.33333333335961 33.74583225207562
250.0000000002016 33.33333333337604 50.618748446737
250.0000000002212 33.33333333338111 67.49166474444301
250.0000000002016 33.33333333337607 84.36458121962238
250.0000000001361 33.33333333335962 101.2374979937724
250.0000000000007 33.33333333332761 118.1104152631143
250.0000000000342 49.99999999999121 16.87343700311206
250.0000000001693 50.00000000003049 33.74687402874249
250.0000000002347 50.0000000000507 50.62031110547801
250.0000000002545 50.00000000005686 67.49374827576278
250.0000000002347 50.00000000005068 84.36718560682382
250.0000000001693 50.00000000003052 101.2406232076273
250.0000000000339 49.99999999999122 118.1140612514017
250.0000000000009 66.66666666667933 16.87395794591005
250.0000000001361 66.66666666671873 33.74791590909925
250.0000000002015 66.66666666673763 50.62187391151083
250.0000000002213 66.66666666674332 67.49583198581337
250.0000000002015 66.66666666673763 84.36979018397513
250.000000000136 66.66666666671868 101.2437485912257
250.0000000000007 66.66666666667932 118.1177073460084
249.9999999998879 83.33333333332824 16.87447894351605
250.000000000023 83.33333333334907 33.74895789645318
250.0000000000886 83.33333333335982 50.62343687078784
250.0000000001081 83.33333333336309 67.49791588447546
250.0000000000886 83.33333333335979 84.37239496641712
250.000000000023 83.33333333334905 101.2468741656508
249.9999999998876 83.33333333332817 118.1213535678576
266.6666666665504 16.66666666664749 16.87152722115134
266.6666666666672 16.66666666666271 33.74305446608827
266.6666666667251 16.66666666667131 50.61458176511992
266.6666666667424 16.66666666667402 67.48610916357354
266.6666666667249 16.66666666667129 84.35763673448
266.6666666666673 16.66666666666271 101.2291646003337
266.6666666665503 16.66666666664748 118.1006929715049
266.6666666666476 33.33333333331961 16.87222163087528
266.6666666667644 33.33333333335163 33.7444432877689
266.6666666668223 33.33333333336805 50.6166650037859
266.6666666668396 33.33333333337313 67.48888682828182
266.6666666668221 33.33333333336807 84.36110884019789
266.6666666667645 33.33333333335164 101.2333311698298
266.6666666666475 33.33333333331963 118.1055540324729
266.666666666677 49.99999999998123 16.87291611365431
266.6666666667938 50.00000000002057 33.74583225207559
266.6666666668515 50.00000000004072 50.61874844673702
266.6666666668688 50.0000000000469 67.49166474444297
266.6666666668516 50.00000000004073 84.36458121962231
266.6666666667936 50.00000000002051 101.2374979937724
266.6666666666769 49.99999999998124 118.1104152631142
266.6666666666476 66.66666666666964 16.87361066755489
266.6666666667645 66.66666666670903 33.74722135463907
266.6666666668224 66.66666666672798 50.62083208608387
266.6666666668397 66.66666666673363 67.49444289892062
266.6666666668223 66.66666666672795 84.36805385231952
266.6666666667645 66.66666666670906 101.2416650440423
266.6666666666477 66.66666666666963 118.1152766355155
266.6666666665504 83.33333333332283 16.87430529453342
266.6666666666673 83.33333333334373 33.74861059986883
266.666666666725 83.33333333335443 50.62291592976348
266.6666666667424 83.33333333335773 67.49722130489099
266.6666666667248 83.33333333335443 84.37152675874411
266.666666666667 83.33333333334369 101.24583234875
266.6666666665502 83.3333333333228 118.1201381775722
283.3333333332429 16.66666666663566 16.87065925463455
283.3333333333031 16.66666666665088 33.74131852808588
283.333333333335 16.66666666665946 50.61197784439695
283.3333333333448 16.66666666666219 67.48263723976646
283.3333333333351 16.66666666665947 84.35329677340228
283.3333333333032 16.66666666665086 101.2239565479767
283.3333333332429 16.66666666663565 118.094616753018
283.3333333332917 33.33333333329358 16.87152722115132
283.3333333333517 33.33333333332561 33.74305446608826
283.3333333333836 33.33333333334203 50.61458176511992
283.3333333333936 33.33333333334708 67.4861091635736
283.3333333333838 33.33333333334205 84.35763673448
283.3333333333518 33.3333333333256 101.2291646003338
283.3333333332918 33.3333333332936 118.1006929715048
283.3333333333074 49.99999999994903 16.87239527898739
283.3333333333674 49.99999999998837 33.74479058237565
283.3333333333995 50.00000000000855 50.61718594120454
283.3333333334093 50.00000000001472 67.4895814017048
283.3333333333995 50.00000000000853 84.36197703769584
283.3333333333675 49.99999999998834 101.2343729707504
283.3333333333074 49.99999999994907 118.1067694020827
283.3333333332918 66.66666666663657 16.87326342572633
283.3333333333519 66.66666666667591 33.74652687148685
283.3333333333838 66.66666666669494 50.61979036278888
283.3333333333935 66.66666666670061 67.49305393773815
283.3333333333838 66.66666666669488 84.36631765750725
283.333333333352 66.66666666667592 101.2395816240786
283.3333333332915 66.66666666663657 118.1128460098605
283.3333333332431 83.3333333333057 16.87413166381316
283.3333333333033 83.33333333332658 33.7482633389334
283.3333333333353 83.33333333333731 50.62239503979436
283.3333333333447 83.33333333334056 67.49652678814542
283.3333333333348 83.33333333333732 84.37065861948274
283.3333333333031 83.33333333332652 101.2447905954556
283.3333333332429 83.3333333333057 118.1189228297072
3 6010 0 175
3946
3947
3948
3949
3950
3951
3952
3953
3954
3955
3956
3957
3958
3959
3960
3961
3962
3963
3964
3965
3966
3967
3968
3969
3970
3971
3972
3973
3974
3975
3976
3977
3978
3979
3980
3981
3982
3983
3984
3985
3986
3987
3988
3989
3990
3991
3992
3993
3994
3995
3996
3997
3998
3999
4000
4001
4002
4003
4004
4005
4006
4007
4008
4009
4010
4011
4012
4013
4014
4015
4016
4017
4018
4019
4020
4021
4022
4023
4024
4025
4026
4027
4028
4029
4030
4031
4032
4033
4034
4035
4036
4037
4038
4039
4040
4041
4042
4043
4044
4045
4046
4047
4048
4049
4050
4051
4052
4053
4054
4055
4056
4057
4058
4059
4060
4061
4062
4063
4064
4065
4066
4067
4068
4069
4070
4071
4072
4073
4074
4075
4076
4077
4078
4079
4080
4081
4082
4083
4084
4085
4086
4087
4088
4089
4090
4091
4092
4093
4094
4095
4096
4097
4098
4099
4100
4101
4102
4103
4104
4105
4106
4107
4108
4109
4110
4111
4112
4113
4114
4115
4116
4117
4118
4119
4120
16.66666666663567 116.6666666665814 16.874999999945
16.66666666665089 116.6666666666171 33.74999999991078
16.66666666665948 116.6666666666382 50.62499999989068
16.6666666666622 116.6666666666451 67.49999999991472
16.66666666665947 116.6666666666382 84.37499999989319
16.66666666665089 116.6666666666171 101.2499999999132
16.66666666663567 116.6666666665813 118.1249999999388
16.66666666664748 133.3333333331867 16.87499999994868
16.66666666666271 133.3333333332613 33.7499999999264
16.66666666667129 133.333333333303 50.62499999992191
16.66666666667402 133.3333333333164 67.49999999996001
16.66666666667129 133.333333333303 84.37499999992235
16.66666666666271 133.3333333332612 101.2499999999245
16.66666666664748 133.3333333331867 118.1249999999366
16.66666666665144 149.9999999998564 16.87499999995051
16.66666666666667 149.9999999999709 33.74999999993187
16.66666666667526 150.0000000000293 50.62499999993184
16.66666666667799 150.0000000000472 67.4999999999729
16.66666666667526 150.0000000000294 84.37499999993157
16.66666666666667 149.9999999999709 101.2499999999286
16.66666666665144 149.9999999998564 118.1249999999369
16.66666666664749 166.666666666603 16.87499999994868
16.66666666666272 166.6666666667333 33.7499999999264
16.66666666667131 166.6666666667938 50.6249999999219
16.66666666667405 166.6666666668115 67.49999999996001
16.6666666666713 166.6666666667937 84.37499999992232
16.66666666666272 166.6666666667335 101.2499999999244
16.66666666664749 166.6666666666031 118.1249999999366
16.66666666663566 183.3333333332552 16.874999999945
16.66666666665089 183.3333333333255 33.7499999999108
16.66666666665948 183.333333333361 50.62499999989068
16.66666666666221 183.3333333333714 67.49999999991476
16.66666666665947 183.333333333361 84.37499999989321
16.66666666665089 183.3333333333256 101.2499999999131
16.66666666663566 183.3333333332553 118.1249999999387
33.33333333329361 116.666666666608 16.87499999994868
33.33333333332561 116.6666666666436 33.74999999992637
33.33333333334203 116.6666666666647 50.62499999992188
33.33333333334713 116.6666666666716 67.49999999995998
33.33333333334204 116.6666666666648 84.37499999992234
33.3333333333256 116.6666666666437 101.2499999999244
33.3333333332936 116.6666666666079 118.1249999999366
33.33333333331962 133.3333333332446 16.87499999995237
33.33333333335165 133.333333333319 33.74999999994199
33.33333333336805 133.3333333333608 50.62499999995315
33.33333333337313 133.3333333333742 67.50000000000523
33.33333333336807 133.3333333333609 84.37499999995151
33.33333333335162 133.333333333319 101.2499999999357
33.33333333331961 133.3333333332445 118.1249999999344
33.3333333333276 149.9999999999502 16.87499999995419
33.33333333335962 150.0000000000647 33.74999999994745
33.33333333337603 150.0000000001232 50.62499999996307
33.33333333338113 150.0000000001411 67.50000000001813
33.33333333337605 150.0000000001232 84.37499999996074
33.3333333333596 150.0000000000647 101.2499999999399
33.3333333333276 149.9999999999502 118.1249999999347
33.33333333331962 166.6666666667146 16.87499999995237
33.33333333335161 166.6666666668449 33.74999999994198
33.33333333336805 166.6666666669053 50.62499999995313
33.33333333337313 166.6666666669229 67.50000000000523
33.33333333336806 166.6666666669053 84.37499999995148
33.33333333335162 166.6666666668449 101.2499999999357
33.33333333331961 166.6666666667145 118.1249999999344
33.33333333329363 183.3333333333143 16.87499999994868
33.33333333332561 183.3333333333849 33.74999999992639
33.33333333334204 183.3333333334201 50.62499999992191
33.33333333334713 183.3333333334307 67.49999999995998
33.33333333334205 183.3333333334201 84.37499999992235
33.3333333333256 183.3333333333849 101.2499999999244
33.33333333329361 183.3333333333144 118.1249999999366
49.99999999994907 116.666666666617 16.8749999999505
49.99999999998837 116.6666666666528 33.74999999993184
50.00000000000855 116.6666666666739 50.62499999993182
50.00000000001475 116.6666666666808 67.49999999997289
50.00000000000858 116.6666666666739 84.37499999993159
49.99999999998837 116.6666666666528 101.2499999999286
49.9999999999491 116.666666666617 118.124999999937
49.99999999998126 133.3333333332637 16.87499999995418
50.00000000002054 133.3333333333381 33.74999999994745
50.00000000004074 133.3333333333801 50.62499999996309
50.00000000004692 133.3333333333934 67.50000000001816
50.00000000004073 133.3333333333801 84.37499999996072
50.00000000002057 133.3333333333382 101.2499999999399
49.99999999998128 133.3333333332637 118.1249999999348
49.99999999999118 149.9999999999792 16.87499999995601
50.0000000000305 150.0000000000937 33.74999999995292
50.00000000005068 150.0000000001522 50.62499999997301
50.00000000005684 150.00000000017 67.50000000003106
50.00000000005068 150.0000000001522 84.37499999996999
50.00000000003052 150.0000000000936 101.2499999999441
49.9999999999912 149.9999999999792 118.1249999999352
49.99999999998126 166.6666666667463 16.87499999995418
50.00000000002054 166.6666666668767 33.74999999994745
50.00000000004069 166.666666666937 50.62499999996307
50.0000000000469 166.6666666669548 67.50000000001816
50.00000000004076 166.666666666937 84.37499999996072
50.00000000002055 166.6666666668767 101.2499999999399
49.99999999998124 166.6666666667463 118.1249999999347
49.99999999994906 183.3333333333325 16.8749999999505
49.99999999998838 183.3333333334031 33.74999999993184
50.00000000000855 183.3333333334383 50.62499999993186
50.00000000001475 183.3333333334489 67.49999999997291
50.00000000000855 183.3333333334383 84.3749999999316
49.9999999999884 183.3333333334031 101.2499999999286
49.9999999999491 183.3333333333326 118.1249999999369
66.66666666663659 116.6666666666079 16.87499999994867
66.66666666667595 116.6666666666436 33.74999999992638
66.66666666669488 116.6666666666648 50.62499999992187
66.66666666670054 116.6666666666717 67.49999999996001
66.66666666669491 116.6666666666648 84.37499999992235
66.66666666667595 116.6666666666436 101.2499999999244
66.66666666663659 116.6666666666079 118.1249999999366
66.66666666666964 133.3333333332444 16.87499999995236
66.66666666670903 133.333333333319 33.74999999994199
66.66666666672796 133.3333333333607 50.62499999995315
66.66666666673365 133.3333333333742 67.50000000000526
66.66666666672796 133.3333333333608 84.37499999995146
66.66666666670903 133.3333333333189 101.2499999999357
66.66666666666964 133.3333333332444 118.1249999999344
66.66666666667936 149.9999999999502 16.87499999995419
66.66666666671873 150.0000000000647 33.74999999994745
66.66666666673767 150.0000000001232 50.62499999996307
66.66666666674337 150.0000000001411 67.50000000001816
66.66666666673768 150.0000000001232 84.37499999996071
66.6666666667187 150.0000000000647 101.2499999999399
66.66666666667936 149.9999999999502 118.1249999999348
66.66666666666964 166.6666666667146 16.87499999995237
66.66666666670902 166.666666666845 33.74999999994199
66.66666666672796 166.6666666669053 50.62499999995315
66.66666666673362 166.6666666669231 67.50000000000526
66.66666666672796 166.6666666669054 84.37499999995146
66.66666666670903 166.666666666845 101.2499999999357
66.66666666666964 166.6666666667146 118.1249999999344
66.6666666666366 183.3333333333143 16.87499999994868
66.66666666667595 183.3333333333849 33.74999999992639
66.66666666669488 183.3333333334202 50.62499999992192
66.66666666670056 183.3333333334307 67.49999999996001
66.66666666669488 183.3333333334201 84.37499999992231
66.66666666667589 183.3333333333849 101.2499999999244
66.66666666663656 183.3333333333144 118.1249999999366
83.33333333330565 116.6666666665813 16.874999999945
83.33333333332652 116.666666666617 33.74999999991078
83.33333333333721 116.6666666666382 50.62499999989066
83.33333333334056 116.6666666666451 67.49999999991472
83.33333333333722 116.6666666666381 84.37499999989322
83.33333333332649 116.6666666666171 101.2499999999132
83.33333333330566 116.6666666665813 118.1249999999388
83.33333333332287 133.3333333331867 16.87499999994869
83.33333333334372 133.3333333332612 33.74999999992639
83.33333333335443 133.333333333303 50.62499999992192
83.33333333335774 133.3333333333163 67.49999999996001
83.33333333335442 133.333333333303 84.37499999992235
83.33333333334367 133.3333333332611 101.2499999999244
83.33333333332281 133.3333333331867 118.1249999999366
83.33333333332818 149.9999999998563 16.87499999995052
83.33333333334905 149.9999999999708 33.74999999993187
83.3333333333598 150.0000000000293 50.62499999993184
83.33333333336307 150.0000000000472 67.49999999997291
83.33333333335977 150.0000000000293 84.37499999993156
83.33333333334903 149.9999999999708 101.2499999999285
83.33333333332818 149.9999999998563 118.1249999999369
83.33333333332287 166.6666666666032 16.87499999994869
83.33333333334369 166.6666666667335 33.7499999999264
83.33333333335443 166.6666666667937 50.6249999999219
83.33333333335773 166.6666666668116 67.49999999996001
83.33333333335443 166.6666666667938 84.37499999992232
83.33333333334367 166.6666666667335 101.2499999999244
83.33333333332283 166.6666666666032 118.1249999999365
83.33333333330569 183.3333333332552 16.87499999994501
83.33333333332652 183.3333333333258 33.74999999991081
83.33333333333728 183.3333333333611 50.62499999989068
83.33333333334055 183.3333333333716 67.49999999991476
83.33333333333727 183.333333333361 84.37499999989321
83.33333333332651 183.3333333333258 101.2499999999131
83.33333333330566 183.3333333332553 118.1249999999387
3 6011 0 175
4121
4122
4123
4124
4125
4126
4127
4128
4129
4130
4131
4132
4133
4134
4135
4136
4137
4138
4139
4140
4141
4142
4143
4144
4145
4146
4147
4148
4149
4150
4151
4152
4153
4154
4155
4156
4157
4158
4159
4160
4161
4162
4163
4164
4165
4166
4167
4168
4169
4170
4171
4172
4173
4174
4175
4176
4177
4178
4179
4180
4181
4182
4183
4184
4185
4186
4187
4188
4189
4190
4191
4192
4193
4194
4195
4196
4197
4198
4199
4200
4201
4202
4203
4204
4205
4206
4207
4208
4209
4210
4211
4212
4213
4214
4215
4216
4217
4218
4219
4220
4221
4222
4223
4224
4225
4226
4227
4228
4229
4230
4231
4232
4233
4234
4235
4236
4237
4238
4239
4240
4241
4242
4243
4244
4245
4246
4247
4248
4249
4250
4251
4252
4253
4254
4255
4256
4257
4258
4259
4260
4261
4262
4263
4264
4265
4266
4267
4268
4269
4270
4271
4272
4273
4274
4275
4276
4277
4278
4279
4280
4281
4282
4283
4284
4285
4286
4287
4288
4289
4290
4291
4292
4293
4294
4295
116.6666666665813 116.6666666665813 16.874999999945
116.666666666617 116.666666666617 33.74999999991079
116.6666666666382 116.6666666666382 50.62499999989071
116.6666666666451 116.6666666666451 67.49999999991476
116.6666666666382 116.6666666666382 84.37499999989322
116.6666666666171 116.6666666666171 101.2499999999132
116.6666666665813 116.6666666665813 118.1249999999388
116.6666666666079 133.3333333331867 16.87499999994868
116.6666666666436 133.3333333332613 33.74999999992639
116.6666666666647 133.333333333303 50.62499999992194
116.6666666666717 133.3333333333164 67.49999999996001
116.6666666666647 133.333333333303 84.37499999992235
116.6666666666436 133.3333333332612 101.2499999999245
116.6666666666079 133.3333333331867 118.1249999999366
116.666666666617 149.9999999998564 16.8749999999505
116.6666666666527 149.9999999999709 33.74999999993186
116.6666666666739 150.0000000000294 50.62499999993187
116.6666666666808 150.0000000000472 67.49999999997294
116.6666666666739 150.0000000000294 84.37499999993163
116.6666666666528 149.9999999999708 101.2499999999286
116.6666666666171 149.9999999998564 118.124999999937
116.6666666666079 166.6666666666031 16.87499999994868
116.6666666666436 166.6666666667335 33.74999999992639
116.6666666666648 166.6666666667938 50.62499999992194
116.6666666666717 166.6666666668115 67.49999999996001
116.6666666666648 166.6666666667938 84.37499999992235
116.6666666666437 166.6666666667335 101.2499999999244
116.6666666666079 166.6666666666031 118.1249999999366
116.6666666665813 183.3333333332552 16.874999999945
116.666666666617 183.3333333333258 33.74999999991078
116.6666666666382 183.333333333361 50.6249999998907
116.6666666666451 183.3333333333716 67.49999999991479
116.6666666666382 183.333333333361 84.37499999989321
116.6666666666171 183.3333333333258 101.2499999999132
116.6666666665813 183.3333333332553 118.1249999999388
133.3333333331867 116.666666666608 16.87499999994868
133.3333333332613 116.6666666666437 33.74999999992641
133.333333333303 116.6666666666648 50.62499999992194
133.3333333333164 116.6666666666717 67.49999999996004
133.3333333333031 116.6666666666648 84.37499999992235
133.3333333332612 116.6666666666437 101.2499999999245
133.3333333331867 116.6666666666079 118.1249999999366
133.3333333332444 133.3333333332445 16.87499999995237
133.333333333319 133.333333333319 33.74999999994202
133.3333333333608 133.3333333333608 50.62499999995321
133.3333333333741 133.3333333333741 67.50000000000529
133.3333333333607 133.3333333333607 84.37499999995151
133.3333333333189 133.3333333333189 101.2499999999357
133.3333333332444 133.3333333332444 118.1249999999344
133.3333333332636 149.9999999999503 16.8749999999542
133.3333333333381 150.0000000000647 33.74999999994748
133.33333333338 150.0000000001232 50.62499999996314
133.3333333333933 150.0000000001411 67.50000000001819
133.33333333338 150.0000000001232 84.37499999996075
133.3333333333381 150.0000000000647 101.2499999999399
133.3333333332637 149.9999999999503 118.1249999999348
133.3333333332445 166.6666666667146 16.87499999995237
133.333333333319 166.666666666845 33.74999999994202
133.3333333333608 166.6666666669054 50.62499999995318
133.3333333333741 166.6666666669231 67.50000000000529
133.3333333333608 166.6666666669055 84.37499999995151
133.333333333319 166.6666666668451 101.2499999999357
133.3333333332445 166.6666666667147 118.1249999999344
133.3333333331867 183.3333333333143 16.87499999994869
133.3333333332613 183.3333333333849 33.74999999992642
133.333333333303 183.3333333334201 50.62499999992195
133.3333333333164 183.3333333334307 67.49999999996004
133.3333333333031 183.3333333334201 84.37499999992237
133.3333333332612 183.3333333333849 101.2499999999245
133.3333333331867 183.3333333333144 118.1249999999366
149.9999999998563 116.666666666617 16.8749999999505
149.9999999999709 116.6666666666527 33.74999999993186
150.0000000000293 116.6666666666738 50.62499999993185
150.0000000000472 116.6666666666807 67.49999999997293
150.0000000000294 116.6666666666739 84.37499999993162
149.9999999999709 116.6666666666528 101.2499999999286
149.9999999998564 116.6666666666171 118.124999999937
149.9999999999503 133.3333333332637 16.87499999995419
150.0000000000647 133.3333333333381 33.74999999994749
150.0000000001232 133.3333333333799 50.62499999996314
150.0000000001411 133.3333333333933 67.50000000001818
150.0000000001232 133.33333333338 84.37499999996074
150.0000000000647 133.3333333333381 101.2499999999399
149.9999999999503 133.3333333332637 118.1249999999347
149.9999999999792 149.9999999999792 16.87499999995602
150.0000000000937 150.0000000000938 33.74999999995293
150.0000000001522 150.0000000001522 50.62499999997304
150.0000000001701 150.0000000001701 67.50000000003109
150.0000000001523 150.0000000001523 84.37499999997
150.0000000000937 150.0000000000937 101.2499999999441
149.9999999999792 149.9999999999792 118.1249999999351
149.9999999999502 166.6666666667464 16.87499999995419
150.0000000000647 166.6666666668766 33.74999999994748
150.0000000001232 166.666666666937 50.62499999996309
150.0000000001412 166.6666666669548 67.50000000001819
150.0000000001232 166.6666666669371 84.37499999996076
150.0000000000647 166.6666666668768 101.2499999999399
149.9999999999502 166.6666666667464 118.1249999999347
149.9999999998563 183.3333333333325 16.87499999995051
149.9999999999709 183.3333333334031 33.74999999993187
150.0000000000293 183.3333333334383 50.62499999993186
150.0000000000472 183.3333333334488 67.49999999997294
150.0000000000294 183.3333333334383 84.37499999993165
149.9999999999708 183.3333333334031 101.2499999999286
149.9999999998564 183.3333333333325 118.1249999999369
166.6666666666032 116.6666666666079 16.87499999994868
166.6666666667335 116.6666666666436 33.74999999992641
166.6666666667938 116.6666666666647 50.62499999992193
166.6666666668116 116.6666666666716 67.49999999996004
166.6666666667939 116.6666666666647 84.37499999992235
166.6666666667334 116.6666666666436 101.2499999999244
166.6666666666032 116.6666666666079 118.1249999999366
166.6666666667146 133.3333333332445 16.87499999995237
166.666666666845 133.333333333319 33.74999999994202
166.6666666669053 133.3333333333608 50.62499999995318
166.6666666669231 133.3333333333742 67.50000000000527
166.6666666669055 133.3333333333608 84.37499999995151
166.666666666845 133.333333333319 101.2499999999357
166.6666666667147 133.3333333332445 118.1249999999344
166.6666666667463 149.9999999999502 16.8749999999542
166.6666666668767 150.0000000000647 33.74999999994748
166.6666666669371 150.0000000001232 50.62499999996309
166.6666666669548 150.0000000001411 67.50000000001818
166.6666666669371 150.0000000001232 84.37499999996075
166.6666666668767 150.0000000000647 101.2499999999399
166.6666666667464 149.9999999999502 118.1249999999347
166.6666666667146 166.6666666667146 16.87499999995237
166.666666666845 166.666666666845 33.74999999994202
166.6666666669052 166.6666666669053 50.62499999995315
166.6666666669231 166.6666666669231 67.50000000000529
166.6666666669054 166.6666666669054 84.37499999995151
166.666666666845 166.666666666845 101.2499999999357
166.6666666667147 166.6666666667147 118.1249999999343
166.6666666666031 183.3333333333142 16.87499999994869
166.6666666667334 183.3333333333848 33.74999999992642
166.6666666667938 183.3333333334201 50.62499999992195
166.6666666668114 183.3333333334307 67.49999999996004
166.6666666667938 183.3333333334201 84.37499999992237
166.6666666667335 183.3333333333848 101.2499999999244
166.6666666666031 183.3333333333144 118.1249999999366
183.3333333332552 116.6666666665812 16.87499999994501
183.3333333333258 116.666666666617 33.74999999991081
183.333333333361 116.6666666666382 50.62499999989072
183.3333333333717 116.6666666666451 67.49999999991479
183.333333333361 116.6666666666382 84.37499999989325
183.3333333333258 116.666666666617 101.2499999999132
183.3333333332553 116.6666666665813 118.1249999999388
183.3333333333144 133.3333333331867 16.87499999994869
183.3333333333849 133.3333333332613 33.74999999992642
183.3333333334201 133.333333333303 50.62499999992194
183.3333333334307 133.3333333333164 67.49999999996004
183.3333333334201 133.333333333303 84.37499999992237
183.3333333333849 133.3333333332612 101.2499999999245
183.3333333333144 133.3333333331867 118.1249999999366
183.3333333333325 149.9999999998564 16.87499999995052
183.3333333334031 149.9999999999709 33.74999999993187
183.3333333334383 150.0000000000293 50.62499999993188
183.3333333334488 150.0000000000472 67.49999999997294
183.3333333334383 150.0000000000294 84.37499999993163
183.3333333334031 149.9999999999708 101.2499999999286
183.3333333333325 149.9999999998564 118.1249999999369
183.3333333333142 166.6666666666031 16.87499999994869
183.3333333333848 166.6666666667334 33.74999999992642
183.3333333334201 166.6666666667938 50.62499999992195
183.3333333334307 166.6666666668115 67.49999999996004
183.3333333334201 166.6666666667938 84.37499999992237
183.3333333333848 166.6666666667336 101.2499999999244
183.3333333333144 166.6666666666031 118.1249999999365
183.3333333332552 183.3333333332552 16.87499999994501
183.3333333333257 183.3333333333257 33.74999999991081
183.3333333333611 183.333333333361 50.62499999989072
183.3333333333714 183.3333333333714 67.49999999991478
183.333333333361 183.333333333361 84.37499999989325
183.3333333333258 183.3333333333258 101.2499999999132
183.3333333332553 183.3333333332552 118.1249999999387
3 6012 0 175
4296
4297
4298
4299
4300
4301
4302
4303
4304
4305
4306
4307
4308
4309
4310
4311
4312
4313
4314
4315
4316
4317
4318
4319
4320
4321
4322
4323
4324
4325
4326
4327
4328
4329
4330
4331
4332
4333
4334
4335
4336
4337
4338
4339
4340
4341
4342
4343
4344
4345
4346
4347
4348
4349
4350
4351
4352
4353
4354
4355
4356
4357
4358
4359
4360
4361
4362
4363
4364
4365
4366
4367
4368
4369
4370
4371
4372
4373
4374
4375
4376
4377
4378
4379
4380
4381
4382
4383
4384
4385
4386
4387
4388
4389
4390
4391
4392
4393
4394
4395
4396
4397
4398
4399
4400
4401
4402
4403
4404
4405
4406
4407
4408
4409
4410
4411
4412
4413
4414
4415
4416
4417
4418
4419
4420
4421
4422
4423
4424
4425
4426
4427
4428
4429
4430
4431
4432
4433
4434
4435
4436
4437
4438
4439
4440
4441
4442
4443
4444
4445
4446
4447
4448
4449
4450
4451
4452
4453
4454
4455
4456
4457
4458
4459
4460
4461
4462
4463
4464
4465
4466
4467
4468
4469
4470
216.6666666665731 116.6666666665812 16.874999999945
216.6666666666182 116.666666666617 33.74999999991078
216.6666666666442 116.6666666666382 50.62499999989068
216.6666666666525 116.6666666666451 67.49999999991478
216.6666666666442 116.6666666666381 84.37499999989319
216.6666666666183 116.666666666617 101.2499999999132
216.6666666665731 116.6666666665813 118.1249999999388
216.666666666608 133.3333333331867 16.87499999994868
216.6666666666532 133.3333333332612 33.74999999992639
216.6666666666789 133.333333333303 50.62499999992194
216.6666666666873 133.3333333333163 67.49999999996004
216.666666666679 133.333333333303 84.37499999992235
216.6666666666532 133.3333333332612 101.2499999999245
216.666666666608 133.3333333331867 118.1249999999366
216.6666666666197 149.9999999998564 16.87499999995051
216.666666666665 149.9999999999708 33.74999999993187
216.6666666666908 150.0000000000292 50.62499999993186
216.6666666666989 150.0000000000472 67.49999999997294
216.6666666666907 150.0000000000294 84.37499999993156
216.6666666666649 149.9999999999708 101.2499999999286
216.6666666666197 149.9999999998564 118.124999999937
216.666666666608 166.666666666603 16.87499999994868
216.6666666666532 166.6666666667334 33.74999999992639
216.666666666679 166.6666666667938 50.62499999992193
216.6666666666873 166.6666666668114 67.49999999996004
216.666666666679 166.6666666667938 84.37499999992235
216.6666666666532 166.6666666667335 101.2499999999244
216.666666666608 166.6666666666031 118.1249999999366
216.6666666665732 183.3333333332551 16.874999999945
216.6666666666184 183.3333333333258 33.74999999991078
216.6666666666442 183.333333333361 50.62499999989068
216.6666666666525 183.3333333333715 67.49999999991479
216.6666666666442 183.333333333361 84.37499999989321
216.6666666666184 183.3333333333256 101.2499999999132
216.6666666665732 183.3333333332553 118.1249999999387
233.3333333331815 116.6666666666079 16.87499999994868
233.3333333332743 116.6666666666436 33.74999999992639
233.3333333333241 116.6666666666647 50.6249999999219
233.3333333333397 116.6666666666716 67.49999999996001
233.333333333324 116.6666666666647 84.37499999992235
233.3333333332743 116.6666666666437 101.2499999999244
233.3333333331814 116.6666666666079 118.1249999999366
233.3333333332557 133.3333333332444 16.87499999995237
233.3333333333483 133.3333333333188 33.74999999994199
233.3333333333983 133.3333333333608 50.62499999995316
233.3333333334138 133.333333333374 67.50000000000526
233.3333333333982 133.3333333333607 84.37499999995151
233.3333333333484 133.3333333333189 101.2499999999357
233.3333333332555 133.3333333332444 118.1249999999344
233.3333333332795 149.9999999999502 16.87499999995419
233.3333333333722 150.0000000000647 33.74999999994745
233.3333333334222 150.0000000001232 50.62499999996308
233.3333333334377 150.0000000001411 67.50000000001816
233.3333333334221 150.0000000001232 84.37499999996074
233.3333333333723 150.0000000000647 101.2499999999399
233.3333333332794 149.9999999999502 118.1249999999347
233.3333333332558 166.6666666667146 16.87499999995237
233.3333333333485 166.666666666845 33.74999999994201
233.3333333333983 166.6666666669053 50.62499999995316
233.3333333334138 166.6666666669231 67.50000000000526
233.3333333333982 166.6666666669054 84.37499999995148
233.3333333333485 166.6666666668449 101.2499999999357
233.3333333332556 166.6666666667146 118.1249999999343
233.3333333331814 183.3333333333143 16.87499999994869
233.3333333332744 183.3333333333849 33.7499999999264
233.3333333333243 183.3333333334201 50.62499999992193
233.3333333333397 183.3333333334307 67.49999999996001
233.3333333333241 183.3333333334201 84.37499999992235
233.3333333332742 183.3333333333848 101.2499999999244
233.3333333331814 183.3333333333144 118.1249999999365
249.9999999998877 116.666666666617 16.8749999999505
250.000000000023 116.6666666666527 33.74999999993186
250.0000000000884 116.6666666666738 50.62499999993183
250.000000000108 116.6666666666807 67.4999999999729
250.0000000000884 116.6666666666739 84.37499999993155
250.0000000000228 116.6666666666528 101.2499999999286
249.9999999998876 116.666666666617 118.1249999999369
250.0000000000009 133.3333333332636 16.87499999995419
250.0000000001361 133.3333333333381 33.74999999994748
250.0000000002016 133.33333333338 50.62499999996314
250.0000000002212 133.3333333333933 67.50000000001815
250.0000000002015 133.33333333338 84.37499999996072
250.000000000136 133.3333333333382 101.2499999999399
250.0000000000008 133.3333333332636 118.1249999999347
250.000000000034 149.9999999999791 16.87499999995602
250.0000000001693 150.0000000000937 33.74999999995293
250.0000000002347 150.0000000001521 50.62499999997306
250.0000000002544 150.00000000017 67.50000000003109
250.0000000002348 150.0000000001522 84.37499999996996
250.0000000001692 150.0000000000936 101.2499999999439
250.0000000000339 149.9999999999792 118.1249999999351
250.000000000001 166.6666666667463 16.87499999995419
250.0000000001362 166.6666666668766 33.74999999994746
250.0000000002015 166.666666666937 50.62499999996311
250.0000000002212 166.6666666669547 67.50000000001815
250.0000000002016 166.666666666937 84.37499999996072
250.000000000136 166.6666666668768 101.2499999999398
250.0000000000007 166.6666666667464 118.1249999999348
249.9999999998876 183.3333333333325 16.87499999995051
250.0000000000231 183.333333333403 33.74999999993186
250.0000000000884 183.3333333334383 50.62499999993186
250.0000000001081 183.3333333334488 67.49999999997294
250.0000000000884 183.3333333334383 84.37499999993156
250.0000000000229 183.333333333403 101.2499999999285
249.9999999998876 183.3333333333326 118.1249999999369
266.6666666665505 116.6666666666078 16.87499999994868
266.6666666666671 116.6666666666436 33.74999999992639
266.6666666667252 116.6666666666647 50.62499999992193
266.6666666667423 116.6666666666716 67.49999999996
266.6666666667249 116.6666666666647 84.37499999992234
266.6666666666671 116.6666666666436 101.2499999999244
266.6666666665503 116.6666666666079 118.1249999999365
266.6666666666476 133.3333333332444 16.87499999995237
266.6666666667645 133.333333333319 33.749999999942
266.6666666668222 133.3333333333607 50.62499999995318
266.6666666668397 133.3333333333742 67.50000000000529
266.6666666668222 133.3333333333607 84.37499999995151
266.6666666667642 133.3333333333189 101.2499999999357
266.6666666666476 133.3333333332445 118.1249999999344
266.6666666666769 149.9999999999502 16.87499999995419
266.6666666667939 150.0000000000647 33.74999999994746
266.6666666668516 150.0000000001232 50.62499999996309
266.6666666668687 150.0000000001411 67.50000000001819
266.6666666668514 150.0000000001232 84.37499999996074
266.6666666667936 150.0000000000647 101.2499999999399
266.6666666666767 149.9999999999502 118.1249999999347
266.6666666666476 166.6666666667146 16.87499999995237
266.6666666667645 166.666666666845 33.749999999942
266.6666666668222 166.6666666669052 50.62499999995317
266.6666666668397 166.6666666669231 67.50000000000529
266.6666666668223 166.6666666669053 84.37499999995148
266.6666666667642 166.666666666845 101.2499999999357
266.6666666666476 166.6666666667147 118.1249999999343
266.6666666665504 183.3333333333143 16.87499999994869
266.6666666666671 183.3333333333848 33.7499999999264
266.666666666725 183.3333333334202 50.62499999992194
266.6666666667423 183.3333333334307 67.49999999996004
266.6666666667248 183.3333333334201 84.37499999992238
266.666666666667 183.3333333333849 101.2499999999244
266.6666666665503 183.3333333333144 118.1249999999365
283.3333333332429 116.6666666665813 16.874999999945
283.3333333333031 116.6666666666171 33.74999999991078
283.333333333335 116.6666666666382 50.62499999989068
283.3333333333448 116.6666666666451 67.49999999991479
283.3333333333349 116.6666666666382 84.37499999989323
283.3333333333031 116.6666666666171 101.2499999999131
283.3333333332428 116.6666666665813 118.1249999999388
283.333333333292 133.3333333331867 16.87499999994868
283.3333333333519 133.3333333332613 33.74999999992641
283.3333333333839 133.333333333303 50.62499999992195
283.3333333333936 133.3333333333164 67.49999999996004
283.3333333333837 133.333333333303 84.37499999992237
283.333333333352 133.3333333332611 101.2499999999244
283.3333333332917 133.3333333331867 118.1249999999365
283.3333333333075 149.9999999998565 16.87499999995051
283.3333333333675 149.9999999999709 33.74999999993186
283.3333333333995 150.0000000000294 50.62499999993187
283.3333333334093 150.0000000000472 67.49999999997294
283.3333333333993 150.0000000000294 84.37499999993162
283.3333333333675 149.9999999999708 101.2499999999286
283.3333333333072 149.9999999998564 118.1249999999369
283.3333333332918 166.6666666666031 16.87499999994868
283.333333333352 166.6666666667334 33.74999999992641
283.3333333333838 166.6666666667938 50.62499999992193
283.3333333333936 166.6666666668115 67.49999999996002
283.3333333333837 166.6666666667938 84.37499999992235
283.3333333333517 166.6666666667335 101.2499999999244
283.3333333332915 166.666666666603 118.1249999999365
283.3333333332431 183.3333333332551 16.874999999945
283.3333333333031 183.3333333333258 33.7499999999108
283.3333333333352 183.333333333361 50.62499999989072
283.3333333333449 183.3333333333716 67.49999999991479
283.3333333333351 183.333333333361 84.37499999989321
283.333333333303 183.3333333333258 101.2499999999131
283.3333333332428 183.3333333332553 118.1249999999387
3 6020 0 175
4471
4472
4473
4474
4475
4476
4477
4478
4479
4480
4481
4482
4483
4484
4485
4486
4487
4488
4489
4490
4491
4492
4493
4494
4495
4496
4497
4498
4499
4500
4501
4502
4503
4504
4505
4506
4507
4508
4509
4510
4511
4512
4513
4514
4515
4516
4517
4518
4519
4520
4521
4522
4523
4524
4525
4526
4527
4528
4529
4530
4531
4532
4533
4534
4535
4536
4537
4538
4539
4540
4541
4542
4543
4544
4545
4546
4547
4548
4549
4550
4551
4552
4553
4554
4555
4556
4557
4558
4559
4560
4561
4562
4563
4564
4565
4566
4567
4568
4569
4570
4571
4572
4573
4574
4575
4576
4577
4578
4579
4580
4581
4582
4583
4584
4585
4586
4587
4588
4589
4590
4591
4592
4593
4594
4595
4596
4597
4598
4599
4600
4601
4602
4603
4604
4605
4606
4607
4608
4609
4610
4611
4612
4613
4614
4615
4616
4617
4618
4619
4620
4621
4622
4623
4624
4625
4626
4627
4628
4629
4630
4631
4632
4633
4634
4635
4636
4637
4638
4639
4640
4641
4642
4643
4644
4645
16.66666666663566 216.6666666665731 16.874999999945
16.66666666665089 216.6666666666184 33.74999999991078
16.66666666665948 216.6666666666443 50.62499999989065
16.66666666666221 216.6666666666525 67.49999999991479
16.66666666665947 216.6666666666442 84.37499999989313
16.66666666665089 216.6666666666185 101.2499999999132
16.66666666663566 216.6666666665733 118.1249999999388
16.66666666664748 233.3333333331815 16.87499999994869
16.66666666666271 233.3333333332744 33.74999999992639
16.6666666666713 233.3333333333241 50.6249999999219
16.66666666667402 233.3333333333397 67.49999999995998
16.66666666667129 233.3333333333243 84.37499999992235
16.66666666666271 233.3333333332744 101.2499999999244
16.66666666664748 233.3333333331815 118.1249999999365
16.66666666665146 249.9999999998878 16.8749999999505
16.66666666666668 250.000000000023 33.74999999993184
16.66666666667527 250.0000000000884 50.62499999993182
16.66666666667799 250.0000000001081 67.49999999997287
16.66666666667527 250.0000000000884 84.37499999993156
16.66666666666667 250.0000000000229 101.2499999999286
16.66666666665146 249.9999999998876 118.1249999999369
16.66666666664749 266.6666666665506 16.87499999994869
16.66666666666272 266.6666666666672 33.74999999992638
16.66666666667131 266.6666666667251 50.6249999999219
16.66666666667404 266.6666666667425 67.49999999996001
16.66666666667129 266.6666666667249 84.37499999992235
16.66666666666271 266.6666666666671 101.2499999999244
16.66666666664749 266.6666666665502 118.1249999999365
16.66666666663566 283.333333333243 16.874999999945
16.66666666665089 283.333333333303 33.74999999991078
16.66666666665948 283.333333333335 50.62499999989067
16.66666666666221 283.333333333345 67.49999999991476
16.66666666665947 283.333333333335 84.37499999989319
16.66666666665089 283.3333333333031 101.2499999999132
16.66666666663566 283.3333333332429 118.1249999999387
33.33333333329362 216.666666666608 16.87499999994868
33.33333333332561 216.6666666666533 33.74999999992635
33.33333333334201 216.6666666666791 50.62499999992193
33.33333333334711 216.6666666666874 67.49999999996
33.33333333334203 216.6666666666791 84.37499999992232
33.33333333332558 216.6666666666533 101.2499999999244
33.33333333329361 216.6666666666081 118.1249999999365
33.33333333331963 233.3333333332559 16.87499999995237
33.33333333335164 233.3333333333485 33.74999999994197
33.33333333336806 233.3333333333984 50.62499999995313
33.33333333337313 233.3333333334139 67.50000000000523
33.33333333336807 233.3333333333984 84.37499999995146
33.33333333335163 233.3333333333486 101.2499999999357
33.33333333331963 233.3333333332556 118.1249999999343
33.33333333332761 250.000000000001 16.87499999995418
33.33333333335961 250.0000000001363 33.74999999994744
33.33333333337603 250.0000000002017 50.62499999996306
33.33333333338111 250.0000000002212 67.50000000001813
33.33333333337605 250.0000000002018 84.37499999996072
33.3333333333596 250.0000000001362 101.2499999999398
33.33333333332759 250.0000000000007 118.1249999999347
33.33333333331962 266.6666666666477 16.87499999995237
33.33333333335165 266.6666666667645 33.74999999994196
33.33333333336805 266.6666666668222 50.62499999995315
33.33333333337312 266.6666666668397 67.50000000000523
33.33333333336807 266.6666666668221 84.37499999995146
33.33333333335163 266.6666666667644 101.2499999999357
33.33333333331962 266.6666666666475 118.1249999999343
33.33333333329362 283.3333333332919 16.87499999994868
33.33333333332561 283.3333333333518 33.74999999992637
33.33333333334205 283.333333333384 50.62499999992188
33.33333333334713 283.3333333333936 67.49999999995998
33.33333333334204 283.3333333333836 84.37499999992234
33.33333333332558 283.3333333333518 101.2499999999244
33.33333333329361 283.3333333332915 118.1249999999365
49.9999999999491 216.6666666666197 16.8749999999505
49.99999999998835 216.6666666666649 33.74999999993183
50.00000000000855 216.6666666666907 50.62499999993184
50.00000000001475 216.6666666666991 67.49999999997291
50.00000000000855 216.6666666666907 84.37499999993156
49.9999999999884 216.6666666666649 101.2499999999286
49.99999999994909 216.6666666666198 118.1249999999369
49.99999999998126 233.3333333332795 16.87499999995418
50.00000000002055 233.3333333333723 33.74999999994743
50.00000000004072 233.3333333334222 50.62499999996305
50.00000000004692 233.3333333334377 67.50000000001813
50.00000000004075 233.333333333422 84.37499999996071
50.00000000002058 233.3333333333724 101.2499999999399
49.99999999998127 233.3333333332794 118.1249999999347
49.99999999999119 250.000000000034 16.874999999956
50.0000000000305 250.0000000001694 33.74999999995291
50.0000000000507 250.0000000002348 50.62499999997301
50.0000000000569 250.0000000002543 67.50000000003104
50.00000000005068 250.0000000002347 84.37499999996993
50.00000000003052 250.0000000001692 101.249999999944
49.99999999999122 250.0000000000339 118.1249999999351
49.99999999998127 266.6666666666769 16.87499999995418
50.00000000002055 266.6666666667936 33.74999999994744
50.0000000000407 266.6666666668513 50.6249999999631
50.00000000004692 266.6666666668687 67.50000000001816
50.0000000000407 266.6666666668513 84.37499999996069
50.00000000002058 266.6666666667936 101.2499999999399
49.99999999998127 266.6666666666766 118.1249999999347
49.99999999994907 283.3333333333074 16.8749999999505
49.99999999998835 283.3333333333674 33.74999999993184
50.00000000000853 283.3333333333993 50.62499999993183
50.00000000001472 283.333333333409 67.49999999997291
50.00000000000855 283.3333333333992 84.37499999993156
49.9999999999884 283.3333333333672 101.2499999999286
49.99999999994907 283.3333333333072 118.1249999999369
66.6666666666366 216.6666666666081 16.87499999994867
66.66666666667595 216.6666666666532 33.74999999992636
66.66666666669488 216.6666666666792 50.62499999992192
66.66666666670056 216.6666666666873 67.49999999996001
66.66666666669492 216.6666666666791 84.3749999999223
66.66666666667595 216.6666666666532 101.2499999999244
66.66666666663659 216.6666666666082 118.1249999999366
66.66666666666967 233.3333333332558 16.87499999995236
66.66666666670906 233.3333333333485 33.74999999994198
66.66666666672799 233.3333333333983 50.62499999995313
66.6666666667337 233.3333333334138 67.50000000000522
66.66666666672796 233.3333333333983 84.3749999999514
66.66666666670903 233.3333333333485 101.2499999999357
66.66666666666967 233.3333333332556 118.1249999999343
66.66666666667932 250.0000000000009 16.87499999995418
66.6666666667187 250.0000000001361 33.74999999994745
66.66666666673763 250.0000000002015 50.62499999996307
66.66666666674331 250.0000000002211 67.50000000001813
66.66666666673765 250.0000000002015 84.37499999996066
66.6666666667187 250.0000000001359 101.2499999999398
66.66666666667933 250.0000000000007 118.1249999999347
66.66666666666964 266.6666666666477 16.87499999995236
66.66666666670903 266.6666666667646 33.74999999994197
66.66666666672796 266.6666666668223 50.62499999995313
66.66666666673365 266.6666666668397 67.50000000000523
66.66666666672796 266.6666666668222 84.37499999995143
66.66666666670903 266.6666666667643 101.2499999999357
66.66666666666964 266.6666666666475 118.1249999999343
66.6666666666366 283.3333333332916 16.87499999994868
66.66666666667592 283.3333333333518 33.74999999992638
66.66666666669482 283.3333333333838 50.62499999992191
66.66666666670056 283.3333333333935 67.49999999996001
66.66666666669488 283.3333333333836 84.37499999992232
66.66666666667589 283.3333333333517 101.2499999999244
66.66666666663656 283.3333333332915 118.1249999999366
83.33333333330567 216.6666666665732 16.874999999945
83.33333333332655 216.6666666666184 33.74999999991078
83.33333333333729 216.6666666666444 50.62499999989065
83.33333333334056 216.6666666666525 67.49999999991475
83.33333333333727 216.6666666666442 84.37499999989312
83.33333333332655 216.6666666666184 101.2499999999131
83.33333333330575 216.6666666665733 118.1249999999387
83.33333333332286 233.3333333331815 16.87499999994868
83.33333333334369 233.3333333332745 33.74999999992639
83.33333333335443 233.3333333333242 50.6249999999219
83.33333333335773 233.3333333333396 67.49999999995998
83.3333333333544 233.3333333333242 84.3749999999223
83.33333333334367 233.3333333332743 101.2499999999244
83.33333333332281 233.3333333331814 118.1249999999366
83.33333333332821 249.9999999998878 16.87499999995051
83.33333333334905 250.0000000000231 33.74999999993184
83.33333333335979 250.0000000000886 50.62499999993184
83.3333333333631 250.0000000001082 67.49999999997287
83.33333333335982 250.0000000000885 84.37499999993153
83.33333333334906 250.000000000023 101.2499999999285
83.3333333333282 249.9999999998877 118.1249999999369
83.33333333332287 266.6666666665504 16.87499999994868
83.33333333334369 266.6666666666674 33.74999999992639
83.33333333335443 266.6666666667252 50.6249999999219
83.33333333335773 266.6666666667423 67.49999999996001
83.3333333333544 266.6666666667249 84.3749999999223
83.33333333334369 266.6666666666671 101.2499999999243
83.3333333333228 266.6666666665502 118.1249999999366
83.33333333330572 283.333333333243 16.874999999945
83.33333333332652 283.3333333333031 33.74999999991078
83.33333333333727 283.3333333333352 50.62499999989068
83.33333333334056 283.3333333333449 67.49999999991476
83.33333333333724 283.3333333333348 84.37499999989318
83.33333333332651 283.333333333303 101.2499999999131
83.33333333330563 283.3333333332428 118.1249999999387
3 6021 0 175
4646
4647
4648
4649
4650
4651
4652
4653
4654
4655
4656
4657
4658
4659
4660
4661
4662
4663
4664
4665
4666
4667
4668
4669
4670
4671
4672
4673
4674
4675
4676
4677
4678
4679
4680
4681
4682
4683
4684
4685
4686
4687
4688
4689
4690
4691
4692
4693
4694
4695
4696
4697
4698
4699
4700
4701
4702
4703
4704
4705
4706
4707
4708
4709
4710
4711
4712
4713
4714
4715
4716
4717
4718
4719
4720
4721
4722
4723
4724
4725
4726
4727
4728
4729
4730
4731
4732
4733
4734
4735
4736
4737
4738
4739
4740
4741
4742
4743
4744
4745
4746
4747
4748
4749
4750
4751
4752
4753
4754
4755
4756
4757
4758
4759
4760
4761
4762
4763
4764
4765
4766
4767
4768
4769
4770
4771
4772
4773
4774
4775
4776
4777
4778
4779
4780
4781
4782
4783
4784
4785
4786
4787
4788
4789
4790
4791
4792
4793
4794
4795
4796
4797
4798
4799
4800
4801
4802
4803
4804
4805
4806
4807
4808
4809
4810
4811
4812
4813
4814
4815
4816
4817
4818
4819
4820
116.6666666665813 216.6666666665731 16.874999999945
116.666666666617 216.6666666666182 33.74999999991078
116.6666666666382 216.6666666666442 50.62499999989068
116.6666666666451 216.6666666666525 67.49999999991475
116.6666666666382 216.6666666666442 84.37499999989319
116.666666666617 216.6666666666182 101.2499999999132
116.6666666665813 216.6666666665732 118.1249999999388
116.6666666666079 233.3333333331815 16.87499999994868
116.6666666666436 233.3333333332744 33.7499999999264
116.6666666666647 233.3333333333242 50.6249999999219
116.6666666666716 233.3333333333396 67.49999999995998
116.6666666666647 233.3333333333241 84.37499999992232
116.6666666666436 233.3333333332743 101.2499999999244
116.6666666666079 233.3333333331814 118.1249999999366
116.666666666617 249.9999999998878 16.8749999999505
116.6666666666528 250.000000000023 33.74999999993184
116.6666666666739 250.0000000000884 50.62499999993187
116.6666666666808 250.000000000108 67.4999999999729
116.6666666666739 250.0000000000884 84.37499999993155
116.6666666666529 250.0000000000229 101.2499999999286
116.666666666617 249.9999999998876 118.1249999999369
116.6666666666079 266.6666666665505 16.87499999994868
116.6666666666437 266.6666666666674 33.74999999992639
116.6666666666648 266.6666666667251 50.6249999999219
116.6666666666717 266.6666666667423 67.49999999996001
116.6666666666648 266.6666666667248 84.3749999999223
116.6666666666437 266.6666666666671 101.2499999999244
116.6666666666079 266.6666666665502 118.1249999999366
116.6666666665813 283.3333333332429 16.874999999945
116.666666666617 283.3333333333031 33.74999999991078
116.6666666666382 283.3333333333351 50.6249999998907
116.6666666666451 283.3333333333448 67.49999999991479
116.6666666666382 283.3333333333349 84.37499999989321
116.6666666666172 283.3333333333031 101.2499999999132
116.6666666665813 283.3333333332428 118.1249999999388
133.3333333331866 216.666666666608 16.87499999994868
133.3333333332612 216.6666666666532 33.7499999999264
133.333333333303 216.6666666666789 50.62499999992196
133.3333333333163 216.6666666666873 67.49999999996004
133.333333333303 216.666666666679 84.37499999992235
133.3333333332612 216.6666666666532 101.2499999999245
133.3333333331866 216.666666666608 118.1249999999365
133.3333333332444 233.3333333332557 16.87499999995237
133.3333333333189 233.3333333333485 33.74999999994199
133.3333333333608 233.3333333333983 50.62499999995317
133.333333333374 233.3333333334137 67.50000000000526
133.3333333333607 233.3333333333982 84.37499999995148
133.3333333333189 233.3333333333485 101.2499999999356
133.3333333332444 233.3333333332555 118.1249999999344
133.3333333332635 250.000000000001 16.8749999999542
133.3333333333381 250.0000000001361 33.74999999994748
133.33333333338 250.0000000002016 50.62499999996311
133.3333333333934 250.0000000002212 67.50000000001819
133.3333333333799 250.0000000002015 84.37499999996071
133.3333333333381 250.0000000001361 101.2499999999399
133.3333333332635 250.0000000000007 118.1249999999347
133.3333333332444 266.6666666666478 16.87499999995237
133.333333333319 266.6666666667645 33.74999999994201
133.3333333333607 266.6666666668222 50.6249999999532
133.3333333333742 266.6666666668396 67.50000000000529
133.3333333333608 266.6666666668222 84.37499999995148
133.3333333333189 266.6666666667644 101.2499999999357
133.3333333332444 266.6666666666476 118.1249999999344
133.3333333331867 283.3333333332917 16.87499999994868
133.3333333332613 283.3333333333519 33.74999999992641
133.333333333303 283.3333333333838 50.62499999992195
133.3333333333164 283.3333333333936 67.49999999996004
133.333333333303 283.3333333333836 84.37499999992237
133.3333333332611 283.3333333333517 101.2499999999244
133.3333333331867 283.3333333332915 118.1249999999365
149.9999999998564 216.6666666666197 16.8749999999505
149.9999999999708 216.6666666666648 33.74999999993185
150.0000000000292 216.6666666666907 50.62499999993188
150.0000000000472 216.6666666666989 67.49999999997297
150.0000000000294 216.6666666666907 84.3749999999316
149.9999999999708 216.6666666666648 101.2499999999286
149.9999999998564 216.6666666666197 118.1249999999369
149.9999999999503 233.3333333332795 16.87499999995419
150.0000000000647 233.3333333333723 33.74999999994748
150.0000000001232 233.3333333334222 50.62499999996309
150.0000000001411 233.3333333334377 67.50000000001818
150.0000000001232 233.3333333334221 84.37499999996071
150.0000000000647 233.3333333333725 101.2499999999399
149.9999999999502 233.3333333332794 118.1249999999347
149.9999999999792 250.0000000000341 16.87499999995602
150.0000000000937 250.0000000001695 33.74999999995293
150.0000000001521 250.0000000002347 50.62499999997303
150.0000000001701 250.0000000002543 67.50000000003108
150.0000000001523 250.0000000002349 84.37499999996999
150.0000000000937 250.0000000001692 101.2499999999439
149.9999999999792 250.000000000034 118.1249999999351
149.9999999999502 266.6666666666769 16.8749999999542
150.0000000000647 266.6666666667938 33.74999999994746
150.0000000001232 266.6666666668516 50.62499999996309
150.0000000001411 266.6666666668688 67.50000000001819
150.0000000001232 266.6666666668514 84.37499999996074
150.0000000000647 266.6666666667936 101.2499999999399
149.9999999999502 266.6666666666766 118.1249999999347
149.9999999998564 283.3333333333074 16.8749999999505
149.9999999999709 283.3333333333674 33.74999999993187
150.0000000000293 283.3333333333993 50.62499999993187
150.0000000000472 283.333333333409 67.49999999997294
150.0000000000294 283.3333333333993 84.37499999993162
149.9999999999708 283.3333333333675 101.2499999999286
149.9999999998564 283.3333333333072 118.1249999999369
166.6666666666031 216.666666666608 16.87499999994868
166.6666666667334 216.6666666666532 33.7499999999264
166.6666666667938 216.6666666666789 50.62499999992193
166.6666666668115 216.6666666666873 67.49999999996004
166.6666666667938 216.666666666679 84.37499999992235
166.6666666667334 216.6666666666532 101.2499999999244
166.6666666666032 216.666666666608 118.1249999999365
166.6666666667146 233.3333333332558 16.87499999995237
166.666666666845 233.3333333333485 33.74999999994201
166.6666666669053 233.3333333333983 50.62499999995313
166.6666666669231 233.3333333334138 67.50000000000526
166.6666666669054 233.3333333333982 84.37499999995148
166.666666666845 233.3333333333485 101.2499999999357
166.6666666667147 233.3333333332555 118.1249999999343
166.6666666667463 250.000000000001 16.87499999995419
166.6666666668767 250.0000000001362 33.74999999994748
166.6666666669371 250.0000000002016 50.62499999996311
166.6666666669548 250.0000000002212 67.50000000001818
166.6666666669371 250.0000000002017 84.37499999996072
166.6666666668767 250.0000000001361 101.2499999999397
166.6666666667464 250.0000000000006 118.1249999999348
166.6666666667146 266.6666666666476 16.87499999995237
166.666666666845 266.6666666667645 33.74999999994201
166.6666666669053 266.6666666668222 50.62499999995317
166.666666666923 266.6666666668397 67.50000000000529
166.6666666669053 266.6666666668222 84.37499999995148
166.666666666845 266.6666666667642 101.2499999999356
166.6666666667146 266.6666666666475 118.1249999999343
166.6666666666031 283.3333333332918 16.87499999994868
166.6666666667334 283.3333333333518 33.7499999999264
166.6666666667938 283.333333333384 50.62499999992191
166.6666666668114 283.3333333333936 67.49999999996002
166.6666666667938 283.3333333333837 84.37499999992235
166.6666666667336 283.3333333333518 101.2499999999244
166.666666666603 283.3333333332915 118.1249999999365
183.3333333332551 216.6666666665732 16.874999999945
183.3333333333258 216.6666666666183 33.74999999991079
183.333333333361 216.6666666666442 50.62499999989071
183.3333333333717 216.6666666666525 67.49999999991479
183.333333333361 216.6666666666442 84.37499999989319
183.3333333333256 216.6666666666183 101.2499999999132
183.3333333332552 216.6666666665732 118.1249999999387
183.3333333333143 233.3333333331815 16.87499999994868
183.3333333333849 233.3333333332744 33.7499999999264
183.3333333334201 233.3333333333242 50.62499999992194
183.3333333334307 233.3333333333396 67.49999999996001
183.3333333334201 233.3333333333241 84.37499999992232
183.3333333333848 233.3333333332743 101.2499999999244
183.3333333333143 233.3333333331813 118.1249999999365
183.3333333333325 249.9999999998877 16.87499999995051
183.3333333334031 250.0000000000231 33.74999999993187
183.3333333334383 250.0000000000884 50.62499999993187
183.3333333334488 250.0000000001081 67.49999999997294
183.3333333334383 250.0000000000884 84.37499999993156
183.333333333403 250.0000000000229 101.2499999999285
183.3333333333325 249.9999999998876 118.1249999999369
183.3333333333143 266.6666666665504 16.87499999994868
183.3333333333849 266.6666666666671 33.7499999999264
183.3333333334202 266.6666666667251 50.62499999992194
183.3333333334308 266.6666666667423 67.49999999996001
183.3333333334201 266.6666666667248 84.37499999992235
183.3333333333849 266.666666666667 101.2499999999244
183.3333333333144 266.6666666665503 118.1249999999365
183.3333333332552 283.333333333243 16.874999999945
183.3333333333258 283.333333333303 33.7499999999108
183.333333333361 283.3333333333352 50.62499999989072
183.3333333333716 283.3333333333449 67.49999999991479
183.333333333361 283.3333333333349 84.37499999989321
183.3333333333258 283.3333333333031 101.2499999999131
183.3333333332553 283.3333333332428 118.1249999999387
3 6022 0 175
4821
4822
4823
4824
4825
4826
4827
4828
4829
4830
4831
4832
4833
4834
4835
4836
4837
4838
4839
4840
4841
4842
4843
4844
4845
4846
4847
4848
4849
4850
4851
4852
4853
4854
4855
4856
4857
4858
4859
4860
4861
4862
4863
4864
4865
4866
4867
4868
4869
4870
4871
4872
4873
4874
4875
4876
4877
4878
4879
4880
4881
4882
4883
4884
4885
4886
4887
4888
4889
4890
4891
4892
4893
4894
4895
4896
4897
4898
4899
4900
4901
4902
4903
4904
4905
4906
4907
4908
4909
4910
4911
4912
4913
4914
4915
4916
4917
4918
4919
4920
4921
4922
4923
4924
4925
4926
4927
4928
4929
4930
4931
4932
4933
4934
4935
4936
4937
4938
4939
4940
4941
4942
4943
4944
4945
4946
4947
4948
4949
4950
4951
4952
4953
4954
4955
4956
4957
4958
4959
4960
4961
4962
4963
4964
4965
4966
4967
4968
4969
4970
4971
4972
4973
4974
4975
4976
4977
4978
4979
4980
4981
4982
4983
4984
4985
4986
4987
4988
4989
4990
4991
4992
4993
4994
4995
216.6666666665733 216.6666666665732 16.87499999994499
216.6666666666183 216.6666666666185 33.74999999991078
216.6666666666443 216.6666666666443 50.62499999989068
216.6666666666525 216.6666666666525 67.49999999991478
216.6666666666443 216.6666666666443 84.37499999989318
216.6666666666185 216.6666666666185 101.2499999999132
216.6666666665732 216.6666666665733 118.1249999999388
216.6666666666081 233.3333333331815 16.87499999994868
216.6666666666532 233.3333333332744 33.74999999992639
216.6666666666791 233.3333333333241 50.62499999992191
216.6666666666873 233.3333333333395 67.49999999996001
216.666666666679 233.3333333333241 84.37499999992231
216.6666666666533 233.3333333332743 101.2499999999244
216.666666666608 233.3333333331813 118.1249999999365
216.6666666666198 249.9999999998879 16.8749999999505
216.6666666666651 250.0000000000232 33.74999999993184
216.666666666691 250.0000000000886 50.62499999993184
216.6666666666992 250.0000000001082 67.49999999997293
216.6666666666908 250.0000000000885 84.37499999993156
216.6666666666651 250.000000000023 101.2499999999285
216.6666666666198 249.9999999998877 118.1249999999369
216.6666666666081 266.6666666665505 16.87499999994868
216.6666666666532 266.6666666666674 33.74999999992639
216.6666666666792 266.6666666667251 50.62499999992191
216.6666666666873 266.6666666667425 67.49999999996001
216.6666666666789 266.6666666667249 84.3749999999223
216.6666666666533 266.6666666666671 101.2499999999244
216.6666666666081 266.6666666665502 118.1249999999366
216.6666666665733 283.333333333243 16.874999999945
216.6666666666183 283.3333333333031 33.74999999991078
216.6666666666442 283.3333333333351 50.62499999989068
216.6666666666525 283.3333333333447 67.49999999991479
216.6666666666442 283.3333333333348 84.37499999989319
216.6666666666184 283.3333333333028 101.2499999999131
216.6666666665732 283.3333333332429 118.1249999999387
233.3333333331815 216.666666666608 16.87499999994868
233.3333333332744 216.6666666666532 33.74999999992639
233.3333333333242 216.6666666666791 50.62499999992191
233.3333333333397 216.6666666666873 67.49999999996001
233.3333333333241 216.666666666679 84.37499999992232
233.3333333332743 216.6666666666532 101.2499999999244
233.3333333331814 216.666666666608 118.1249999999365
233.3333333332558 233.3333333332558 16.87499999995237
233.3333333333485 233.3333333333485 33.74999999994199
233.3333333333984 233.3333333333984 50.62499999995315
233.3333333334138 233.3333333334139 67.50000000000523
233.3333333333983 233.3333333333984 84.37499999995146
233.3333333333485 233.3333333333485 101.2499999999357
233.3333333332556 233.3333333332556 118.1249999999343
233.3333333332797 250.000000000001 16.87499999995418
233.3333333333724 250.0000000001362 33.74999999994745
233.3333333334223 250.0000000002017 50.62499999996309
233.3333333334378 250.0000000002213 67.50000000001813
233.3333333334222 250.0000000002017 84.37499999996072
233.3333333333724 250.0000000001361 101.2499999999398
233.3333333332795 250.0000000000007 118.1249999999347
233.3333333332558 266.6666666666478 16.87499999995237
233.3333333333486 266.6666666667644 33.74999999994199
233.3333333333986 266.6666666668222 50.62499999995316
233.333333333414 266.6666666668397 67.50000000000523
233.3333333333983 266.6666666668222 84.37499999995146
233.3333333333485 266.6666666667645 101.2499999999357
233.3333333332557 266.6666666666475 118.1249999999343
233.3333333331816 283.3333333332916 16.87499999994868
233.3333333332745 283.3333333333519 33.74999999992639
233.3333333333243 283.3333333333838 50.62499999992191
233.3333333333397 283.3333333333935 67.49999999996
233.3333333333241 283.3333333333835 84.37499999992235
233.3333333332743 283.3333333333517 101.2499999999244
233.3333333331814 283.3333333332916 118.1249999999365
249.9999999998879 216.6666666666198 16.8749999999505
250.0000000000231 216.666666666665 33.74999999993184
250.0000000000886 216.666666666691 50.62499999993184
250.0000000001082 216.6666666666992 67.4999999999729
250.0000000000886 216.6666666666908 84.37499999993155
250.000000000023 216.6666666666651 101.2499999999285
249.9999999998879 216.6666666666199 118.1249999999369
250.000000000001 233.3333333332797 16.87499999995418
250.0000000001362 233.3333333333724 33.74999999994745
250.0000000002017 233.3333333334222 50.6249999999631
250.0000000002213 233.3333333334378 67.50000000001812
250.0000000002018 233.3333333334223 84.37499999996068
250.000000000136 233.3333333333725 101.2499999999398
250.0000000000008 233.3333333332795 118.1249999999347
250.0000000000342 250.0000000000342 16.87499999995601
250.0000000001694 250.0000000001695 33.74999999995293
250.0000000002348 250.0000000002348 50.62499999997303
250.0000000002544 250.0000000002544 67.50000000003108
250.0000000002349 250.0000000002349 84.37499999996993
250.0000000001693 250.0000000001694 101.249999999944
250.0000000000341 250.0000000000341 118.1249999999351
250.0000000000011 266.666666666677 16.87499999995418
250.0000000001362 266.666666666794 33.74999999994746
250.0000000002015 266.6666666668516 50.6249999999631
250.0000000002212 266.6666666668688 67.50000000001816
250.0000000002015 266.6666666668513 84.37499999996068
250.0000000001362 266.6666666667936 101.2499999999398
250.0000000000007 266.6666666666767 118.1249999999347
249.9999999998879 283.3333333333075 16.8749999999505
250.0000000000231 283.3333333333674 33.74999999993184
250.0000000000884 283.3333333333993 50.62499999993187
250.0000000001082 283.333333333409 67.49999999997294
250.0000000000886 283.3333333333992 84.37499999993156
250.0000000000228 283.3333333333675 101.2499999999285
249.9999999998877 283.3333333333071 118.1249999999369
266.6666666665506 216.666666666608 16.87499999994868
266.6666666666674 216.6666666666532 33.74999999992639
266.6666666667252 216.6666666666792 50.62499999992191
266.6666666667424 216.6666666666873 67.49999999996004
266.6666666667249 216.6666666666791 84.37499999992234
266.6666666666672 216.6666666666532 101.2499999999244
266.6666666665503 216.6666666666081 118.1249999999365
266.6666666666478 233.3333333332559 16.87499999995237
266.6666666667645 233.3333333333485 33.74999999994199
266.6666666668222 233.3333333333983 50.62499999995316
266.6666666668397 233.3333333334138 67.50000000000526
266.6666666668222 233.3333333333983 84.37499999995146
266.6666666667646 233.3333333333485 101.2499999999357
266.6666666666476 233.3333333332556 118.1249999999343
266.666666666677 250.0000000000011 16.87499999995418
266.6666666667939 250.0000000001363 33.74999999994744
266.6666666668516 250.0000000002015 50.62499999996309
266.6666666668688 250.0000000002211 67.50000000001816
266.6666666668513 250.0000000002015 84.37499999996068
266.6666666667936 250.0000000001362 101.2499999999398
266.6666666666768 250.0000000000007 118.1249999999347
266.6666666666478 266.6666666666478 16.87499999995237
266.6666666667645 266.6666666667645 33.74999999994198
266.6666666668222 266.6666666668222 50.62499999995318
266.6666666668397 266.6666666668397 67.50000000000526
266.6666666668222 266.6666666668222 84.37499999995146
266.6666666667645 266.6666666667645 101.2499999999357
266.6666666666476 266.6666666666475 118.1249999999344
266.6666666665506 283.3333333332917 16.87499999994868
266.6666666666673 283.3333333333517 33.74999999992639
266.6666666667251 283.3333333333838 50.62499999992194
266.6666666667423 283.3333333333936 67.49999999996004
266.6666666667249 283.3333333333836 84.37499999992234
266.6666666666671 283.3333333333517 101.2499999999244
266.6666666665503 283.3333333332915 118.1249999999365
283.3333333332431 216.6666666665732 16.874999999945
283.3333333333031 216.6666666666184 33.74999999991078
283.3333333333352 216.6666666666442 50.62499999989069
283.3333333333447 216.6666666666525 67.49999999991478
283.333333333335 216.6666666666442 84.37499999989319
283.3333333333029 216.6666666666184 101.2499999999131
283.3333333332428 216.6666666665732 118.1249999999387
283.3333333332918 233.3333333331815 16.87499999994868
283.333333333352 233.3333333332746 33.74999999992639
283.333333333384 233.3333333333243 50.62499999992192
283.3333333333937 233.3333333333396 67.49999999996001
283.3333333333839 233.3333333333242 84.37499999992232
283.3333333333518 233.3333333332744 101.2499999999244
283.3333333332916 233.3333333331814 118.1249999999365
283.3333333333076 249.9999999998878 16.8749999999505
283.3333333333674 250.0000000000231 33.74999999993184
283.3333333333995 250.0000000000884 50.62499999993187
283.3333333334093 250.0000000001081 67.49999999997294
283.3333333333993 250.0000000000884 84.37499999993157
283.3333333333675 250.0000000000229 101.2499999999285
283.3333333333071 249.9999999998876 118.1249999999369
283.3333333332918 266.6666666665504 16.87499999994868
283.333333333352 266.6666666666673 33.74999999992639
283.333333333384 266.6666666667251 50.62499999992191
283.3333333333937 266.6666666667424 67.49999999996001
283.3333333333838 266.6666666667249 84.37499999992234
283.3333333333517 266.666666666667 101.2499999999243
283.3333333332917 266.6666666665502 118.1249999999365
283.3333333332433 283.333333333243 16.874999999945
283.3333333333032 283.333333333303 33.74999999991078
283.3333333333352 283.3333333333352 50.6249999998907
283.3333333333449 283.3333333333448 67.49999999991479
283.3333333333351 283.333333333335 84.37499999989321
283.3333333333032 283.333333333303 101.2499999999131
283.3333333332429 283.3333333332428 118.1249999999387
3 6100 0 0
3 6101 0 0
3 6102 0 0
3 6110 0 0
3 6111 0 0
3 6112 0 0
3 6120 0 0
3 6121 0 0
3 6122 0 0
3 6200 0 175
4996
4997
4998
4999
5000
5001
5002
5003
5004
5005
5006
5007
5008
5009
5010
5011
5012
5013
5014
5015
5016
5017
5018
5019
5020
5021
5022
5023
5024
5025
5026
5027
5028
5029
5030
5031
5032
5033
5034
5035
5036
5037
5038
5039
5040
5041
5042
5043
5044
5045
5046
5047
5048
5049
5050
5051
5052
5053
5054
5055
5056
5057
5058
5059
5060
5061
5062
5063
5064
5065
5066
5067
5068
5069
5070
5071
5072
5073
5074
5075
5076
5077
5078
5079
5080
5081
5082
5083
5084
5085
5086
5087
5088
5089
5090
5091
5092
5093
5094
5095
5096
5097
5098
5099
5100
5101
5102
5103
5104
5105
5106
5107
5108
5109
5110
5111
5112
5113
5114
5115
5116
5117
5118
5119
5120
5121
5122
5123
5124
5125
5126
5127
5128
5129
5130
5131
5132
5133
5134
5135
5136
5137
5138
5139
5140
5141
5142
5143
5144
5145
5146
5147
5148
5149
5150
5151
5152
5153
5154
5155
5156
5157
5158
5159
5160
5161
5162
5163
5164
5165
5166
5167
5168
5169
5170
16.66666666663566 16.66666666663566 181.875
16.66666666665087 16.66666666665087 198.75
16.66666666665947 16.66666666665947 215.6250000000002
16.66666666666219 16.66666666666219 232.4999999999999
16.66666666665947 16.66666666665947 249.375
16.66666666665088 16.66666666665088 266.2500000000001
16.66666666663566 16.66666666663566 283.1250000000002
16.66666666664748 33.3333333332936 181.875
16.6666666666627 33.33333333332561 198.75
16.66666666667129 33.33333333334203 215.625
16.66666666667401 33.33333333334708 232.4999999999999
16.66666666667129 33.33333333334203 249.375
16.66666666666269 33.33333333332558 266.25
16.66666666664748 33.33333333329358 283.125
16.66666666665144 49.99999999994907 181.875
16.66666666666667 49.99999999998838 198.75
16.66666666667525 50.00000000000855 215.6250000000001
16.66666666667799 50.00000000001472 232.4999999999999
16.66666666667525 50.00000000000855 249.375
16.66666666666666 49.99999999998838 266.25
16.66666666665144 49.99999999994907 283.125
16.66666666664748 66.66666666663654 181.875
16.66666666666271 66.66666666667598 198.75
16.66666666667129 66.66666666669488 215.6250000000001
16.66666666667402 66.66666666670054 232.5
16.66666666667129 66.66666666669488 249.3749999999999
16.6666666666627 66.66666666667598 266.2500000000001
16.66666666664748 66.66666666663656 283.125
16.66666666663566 83.33333333330566 181.875
16.66666666665087 83.33333333332654 198.75
16.66666666665947 83.33333333333728 215.625
16.6666666666622 83.33333333334056 232.4999999999999
16.66666666665947 83.33333333333732 249.3749999999998
16.66666666665088 83.33333333332655 266.2500000000001
16.66666666663566 83.33333333330566 283.125
33.3333333332936 16.66666666664748 181.875
33.33333333332558 16.66666666666269 198.75
33.33333333334203 16.66666666667129 215.625
33.33333333334707 16.66666666667401 232.4999999999999
33.33333333334203 16.66666666667129 249.375
33.33333333332558 16.66666666666269 266.25
33.33333333329359 16.66666666664748 283.125
33.33333333331962 33.33333333331961 181.875
33.33333333335163 33.33333333335162 198.75
33.33333333336808 33.33333333336808 215.6249999999999
33.3333333333731 33.3333333333731 232.4999999999999
33.33333333336805 33.33333333336805 249.3750000000001
33.3333333333516 33.3333333333516 266.25
33.3333333333196 33.3333333333196 283.125
33.33333333332759 49.99999999998121 181.875
33.3333333333596 50.00000000002056 198.75
33.33333333337607 50.00000000004073 215.625
33.33333333338111 50.0000000000469 232.4999999999999
33.33333333337605 50.00000000004073 249.375
33.33333333335959 50.00000000002055 266.25
33.33333333332759 49.99999999998124 283.125
33.33333333331962 66.66666666666967 181.875
33.33333333335162 66.66666666670905 198.75
33.33333333336807 66.66666666672796 215.625
33.33333333337312 66.66666666673365 232.5
33.33333333336806 66.66666666672796 249.375
33.33333333335162 66.66666666670906 266.25
33.33333333331962 66.66666666666967 283.125
33.33333333329358 83.33333333332281 181.875
33.33333333332562 83.33333333334366 198.75
33.33333333334208 83.33333333335446 215.625
33.33333333334711 83.33333333335771 232.4999999999999
33.33333333334204 83.33333333335443 249.375
33.33333333332558 83.33333333334366 266.2500000000001
33.33333333329358 83.33333333332281 283.125
49.99999999994907 16.66666666665144 181.875
49.99999999998838 16.66666666666667 198.75
50.00000000000855 16.66666666667525 215.625
50.00000000001472 16.66666666667799 232.4999999999999
50.00000000000855 16.66666666667526 249.375
49.99999999998838 16.66666666666666 266.2500000000001
49.99999999994906 16.66666666665144 283.1249999999999
49.99999999998121 33.33333333332759 181.875
50.00000000002056 33.3333333333596 198.75
50.00000000004074 33.33333333337606 215.6249999999999
50.0000000000469 33.33333333338111 232.4999999999999
50.00000000004073 33.33333333337605 249.3750000000001
50.00000000002055 33.33333333335959 266.25
49.99999999998124 33.33333333332759 283.125
49.99999999999118 49.99999999999118 181.875
50.0000000000305 50.00000000003053 198.75
50.0000000000507 50.0000000000507 215.625
50.00000000005687 50.00000000005687 232.5
50.0000000000507 50.0000000000507 249.3750000000001
50.0000000000305 50.0000000000305 266.25
49.99999999999122 49.99999999999119 283.125
49.99999999998121 66.66666666667933 181.875
50.00000000002053 66.66666666671873 198.75
50.0000000000407 66.66666666673765 215.625
50.0000000000469 66.66666666674337 232.5
50.0000000000407 66.66666666673765 249.3750000000001
50.00000000002053 66.66666666671873 266.25
49.99999999998124 66.6666666666793 283.125
49.99999999994906 83.33333333332818 181.875
49.99999999998838 83.33333333334905 198.75
50.00000000000858 83.33333333335979 215.6249999999999
50.00000000001472 83.33333333336307 232.5
50.00000000000858 83.33333333335983 249.375
49.99999999998838 83.33333333334905 266.2500000000001
49.99999999994906 83.33333333332817 283.125
66.66666666663653 16.66666666664748 181.875
66.66666666667594 16.66666666666271 198.75
66.66666666669488 16.66666666667129 215.625
66.66666666670054 16.66666666667402 232.5
66.66666666669488 16.66666666667129 249.375
66.66666666667595 16.6666666666627 266.25
66.66666666663656 16.66666666664748 283.125
66.66666666666968 33.33333333331962 181.875
66.66666666670905 33.33333333335162 198.75
66.66666666672796 33.33333333336808 215.625
66.66666666673365 33.33333333337312 232.5
66.66666666672802 33.33333333336806 249.375
66.66666666670906 33.33333333335162 266.25
66.66666666666967 33.33333333331962 283.125
66.66666666667933 49.99999999998121 181.875
66.66666666671873 50.00000000002053 198.75
66.66666666673765 50.00000000004072 215.625
66.66666666674337 50.00000000004689 232.5
66.66666666673765 50.00000000004073 249.375
66.66666666671873 50.00000000002053 266.25
66.6666666666793 49.99999999998124 283.125
66.66666666666963 66.66666666666964 181.875
66.66666666670903 66.66666666670903 198.75
66.66666666672796 66.66666666672796 215.625
66.66666666673365 66.66666666673365 232.5
66.66666666672799 66.66666666672796 249.375
66.66666666670903 66.66666666670903 266.25
66.66666666666964 66.66666666666964 283.125
66.66666666663657 83.33333333332276 181.875
66.66666666667595 83.33333333334367 198.75
66.66666666669488 83.3333333333544 215.6249999999999
66.66666666670056 83.33333333335771 232.5
66.66666666669488 83.3333333333544 249.375
66.66666666667595 83.33333333334366 266.2500000000001
66.66666666663656 83.33333333332276 283.125
83.33333333330567 16.66666666663565 181.875
83.33333333332654 16.66666666665087 198.75
83.33333333333728 16.66666666665947 215.625
83.33333333334056 16.6666666666622 232.5
83.33333333333731 16.66666666665947 249.3749999999999
83.33333333332658 16.66666666665088 266.2500000000001
83.33333333330567 16.66666666663566 283.125
83.3333333333228 33.33333333329359 181.875
83.33333333334366 33.33333333332562 198.75
83.33333333335443 33.33333333334208 215.625
83.33333333335771 33.33333333334711 232.5
83.33333333335443 33.33333333334204 249.375
83.33333333334366 33.33333333332559 266.2500000000001
83.33333333332281 33.33333333329358 283.125
83.33333333332818 49.99999999994906 181.875
83.33333333334903 49.99999999998838 198.75
83.33333333335979 50.00000000000858 215.6249999999999
83.33333333336307 50.00000000001472 232.5
83.33333333335983 50.00000000000858 249.375
83.33333333334903 49.99999999998838 266.25
83.3333333333282 49.99999999994905 283.125
83.33333333332276 66.66666666663656 181.875
83.33333333334367 66.66666666667595 198.75
83.33333333335443 66.66666666669488 215.625
83.33333333335771 66.66666666670056 232.5
83.3333333333544 66.66666666669488 249.375
83.33333333334366 66.66666666667595 266.25
83.33333333332276 66.66666666663656 283.125
83.33333333330563 83.33333333330566 181.875
83.33333333332651 83.33333333332651 198.75
83.33333333333727 83.33333333333727 215.6249999999999
83.33333333334056 83.33333333334055 232.5
83.33333333333732 83.33333333333732 249.375
83.33333333332656 83.33333333332651 266.2500000000001
83.33333333330565 83.33333333330565 283.125
3 6201 0 175
5171
5172
5173
5174
5175
5176
5177
5178
5179
5180
5181
5182
5183
5184
5185
5186
5187
5188
5189
5190
5191
5192
5193
5194
5195
5196
5197
5198
5199
5200
5201
5202
5203
5204
5205
5206
5207
5208
5209
5210
5211
5212
5213
5214
5215
5216
5217
5218
5219
5220
5221
5222
5223
5224
5225
5226
5227
5228
5229
5230
5231
5232
5233
5234
5235
5236
5237
5238
5239
5240
5241
5242
5243
5244
5245
5246
5247
5248
5249
5250
5251
5252
5253
5254
5255
5256
5257
5258
5259
5260
5261
5262
5263
5264
5265
5266
5267
5268
5269
5270
5271
5272
5273
5274
5275
5276
5277
5278
5279
5280
5281
5282
5283
5284
5285
5286
5287
5288
5289
5290
5291
5292
5293
5294
5295
5296
5297
5298
5299
5300
5301
5302
5303
5304
5305
5306
5307
5308
5309
5310
5311
5312
5313
5314
5315
5316
5317
5318
5319
5320
5321
5322
5323
5324
5325
5326
5327
5328
5329
5330
5331
5332
5333
5334
5335
5336
5337
5338
5339
5340
5341
5342
5343
5344
5345
116.6666666665813 16.66666666663566 181.875
116.6666666666171 16.66666666665089 198.75
116.6666666666382 16.66666666665947 215.625
116.6666666666451 16.6666666666622 232.5
116.6666666666382 16.66666666665947 249.375
116.666666666617 16.66666666665087 266.2500000000001
116.6666666665813 16.66666666663566 283.1249999999999
116.6666666666079 33.33333333329362 181.875
116.6666666666436 33.33333333332563 198.75
116.6666666666648 33.33333333334208 215.625
116.6666666666716 33.33333333334713 232.5
116.6666666666648 33.33333333334207 249.3750000000001
116.6666666666436 33.33333333332561 266.25
116.6666666666079 33.3333333332936 283.125
116.666666666617 49.9999999999491 181.875
116.6666666666527 49.99999999998838 198.75
116.6666666666739 50.00000000000858 215.625
116.6666666666808 50.00000000001474 232.5
116.6666666666739 50.00000000000858 249.375
116.6666666666527 49.9999999999884 266.25
116.666666666617 49.9999999999491 283.125
116.6666666666079 66.66666666663654 181.875
116.6666666666436 66.66666666667598 198.75
116.6666666666647 66.66666666669488 215.625
116.6666666666717 66.66666666670056 232.5
116.6666666666647 66.66666666669494 249.375
116.6666666666436 66.66666666667598 266.25
116.6666666666079 66.66666666663656 283.125
116.6666666665813 83.33333333330565 181.875
116.666666666617 83.33333333332649 198.75
116.6666666666382 83.33333333333727 215.6249999999999
116.6666666666451 83.33333333334056 232.5
116.6666666666382 83.33333333333731 249.375
116.666666666617 83.33333333332655 266.2500000000001
116.6666666665813 83.33333333330565 283.125
133.3333333331866 16.66666666664749 181.875
133.3333333332611 16.66666666666271 198.75
133.333333333303 16.66666666667129 215.625
133.3333333333164 16.66666666667402 232.4999999999999
133.3333333333031 16.66666666667129 249.375
133.3333333332612 16.66666666666271 266.2500000000001
133.3333333331867 16.66666666664749 283.1250000000002
133.3333333332444 33.33333333331964 181.875
133.3333333333189 33.33333333335165 198.7499999999999
133.3333333333608 33.33333333336807 215.6249999999998
133.3333333333742 33.33333333337313 232.4999999999999
133.3333333333609 33.33333333336807 249.375
133.333333333319 33.33333333335165 266.25
133.3333333332444 33.33333333331962 283.125
133.3333333332635 49.99999999998123 181.875
133.3333333333381 50.00000000002058 198.75
133.3333333333799 50.00000000004076 215.6249999999999
133.3333333333934 50.00000000004692 232.5
133.33333333338 50.00000000004076 249.375
133.3333333333381 50.00000000002058 266.25
133.3333333332637 49.99999999998127 283.125
133.3333333332444 66.66666666666966 181.875
133.3333333333189 66.66666666670906 198.75
133.3333333333608 66.66666666672799 215.6249999999999
133.3333333333741 66.6666666667337 232.5
133.3333333333607 66.66666666672802 249.375
133.3333333333189 66.66666666670906 266.25
133.3333333332444 66.66666666666967 283.125
133.3333333331867 83.33333333332287 181.875
133.3333333332611 83.33333333334376 198.75
133.333333333303 83.33333333335449 215.6249999999999
133.3333333333164 83.33333333335771 232.5
133.3333333333031 83.33333333335455 249.375
133.3333333332612 83.33333333334375 266.2500000000001
133.3333333331867 83.33333333332287 283.1250000000001
149.9999999998563 16.66666666665146 181.875
149.9999999999708 16.66666666666667 198.75
150.0000000000294 16.66666666667527 215.625
150.0000000000473 16.66666666667799 232.4999999999999
150.0000000000295 16.66666666667527 249.3749999999999
149.9999999999708 16.66666666666667 266.25
149.9999999998563 16.66666666665146 283.125
149.9999999999501 33.33333333332764 181.875
150.0000000000646 33.33333333335965 198.75
150.0000000001232 33.33333333337609 215.6249999999998
150.0000000001411 33.33333333338115 232.4999999999999
150.0000000001233 33.33333333337607 249.375
150.0000000000647 33.33333333335963 266.2499999999999
149.9999999999502 33.3333333333276 283.125
149.9999999999791 49.99999999999118 181.875
150.0000000000936 50.00000000003054 198.75
150.0000000001521 50.0000000000507 215.625
150.0000000001701 50.00000000005687 232.4999999999999
150.0000000001523 50.0000000000507 249.375
150.0000000000936 50.00000000003052 266.25
149.9999999999791 49.99999999999121 283.125
149.9999999999501 66.66666666667936 181.875
150.0000000000645 66.66666666671873 198.75
150.0000000001232 66.66666666673767 215.625
150.0000000001411 66.66666666674337 232.5
150.0000000001233 66.66666666673768 249.375
150.0000000000647 66.66666666671875 266.25
149.9999999999502 66.66666666667933 283.125
149.9999999998562 83.33333333332821 181.8749999999999
149.9999999999708 83.33333333334907 198.75
150.0000000000293 83.3333333333598 215.6249999999999
150.0000000000472 83.33333333336309 232.4999999999999
150.0000000000294 83.33333333335986 249.375
149.9999999999708 83.3333333333491 266.25
149.9999999998563 83.33333333332821 283.1249999999999
166.666666666603 16.66666666664749 181.875
166.6666666667334 16.66666666666271 198.75
166.6666666667937 16.6666666666713 215.625
166.6666666668114 16.66666666667404 232.5
166.6666666667937 16.66666666667131 249.375
166.6666666667334 16.66666666666271 266.2500000000001
166.6666666666032 16.66666666664749 283.1249999999999
166.6666666667145 33.33333333331964 181.875
166.6666666668449 33.33333333335165 198.7499999999999
166.6666666669052 33.33333333336808 215.625
166.666666666923 33.33333333337313 232.5
166.6666666669052 33.33333333336808 249.3750000000001
166.666666666845 33.33333333335165 266.2500000000002
166.6666666667146 33.33333333331962 283.125
166.6666666667463 49.99999999998123 181.875
166.6666666668768 50.00000000002058 198.75
166.6666666669371 50.00000000004075 215.625
166.6666666669548 50.00000000004692 232.5
166.6666666669371 50.00000000004076 249.375
166.6666666668768 50.00000000002059 266.2500000000001
166.6666666667464 49.99999999998126 283.125
166.6666666667146 66.66666666666968 181.875
166.6666666668449 66.66666666670906 198.75
166.6666666669052 66.66666666672796 215.625
166.6666666669229 66.66666666673365 232.5
166.6666666669051 66.66666666672802 249.375
166.6666666668449 66.66666666670906 266.2500000000001
166.6666666667146 66.66666666666967 283.125
166.6666666666031 83.33333333332288 181.875
166.6666666667335 83.33333333334375 198.75
166.6666666667938 83.3333333333545 215.625
166.6666666668115 83.33333333335771 232.5
166.6666666667937 83.33333333335455 249.375
166.6666666667335 83.33333333334375 266.2500000000002
166.6666666666031 83.33333333332288 283.125
183.3333333332552 16.66666666663566 181.875
183.3333333333256 16.66666666665088 198.75
183.3333333333609 16.66666666665948 215.6250000000001
183.3333333333716 16.6666666666622 232.5
183.333333333361 16.66666666665947 249.375
183.3333333333257 16.66666666665088 266.25
183.3333333332552 16.66666666663566 283.125
183.3333333333143 33.33333333329362 181.875
183.3333333333847 33.33333333332563 198.75
183.3333333334201 33.33333333334208 215.625
183.3333333334308 33.33333333334713 232.5
183.3333333334201 33.33333333334208 249.3750000000001
183.3333333333848 33.33333333332561 266.2500000000001
183.3333333333144 33.3333333332936 283.125
183.3333333333326 49.9999999999491 181.875
183.3333333334031 49.99999999998841 198.75
183.3333333334383 50.00000000000858 215.625
183.3333333334489 50.00000000001475 232.5
183.3333333334383 50.00000000000858 249.375
183.333333333403 49.99999999998841 266.25
183.3333333333327 49.9999999999491 283.125
183.3333333333144 66.66666666663656 181.875
183.3333333333849 66.66666666667598 198.75
183.3333333334201 66.66666666669488 215.625
183.3333333334307 66.66666666670056 232.5
183.3333333334201 66.66666666669494 249.3750000000001
183.3333333333849 66.66666666667598 266.25
183.3333333333145 66.66666666663656 283.125
183.3333333332552 83.3333333333057 181.875
183.3333333333258 83.33333333332652 198.75
183.3333333333611 83.33333333333728 215.625
183.3333333333715 83.33333333334055 232.5
183.333333333361 83.33333333333735 249.3750000000001
183.3333333333258 83.33333333332658 266.2500000000001
183.3333333332553 83.33333333330565 283.125
3 6202 0 175
5346
5347
5348
5349
5350
5351
5352
5353
5354
5355
5356
5357
5358
5359
5360
5361
5362
5363
5364
5365
5366
5367
5368
5369
5370
5371
5372
5373
5374
5375
5376
5377
5378
5379
5380
5381
5382
5383
5384
5385
5386
5387
5388
5389
5390
5391
5392
5393
5394
5395
5396
5397
5398
5399
5400
5401
5402
5403
5404
5405
5406
5407
5408
5409
5410
5411
5412
5413
5414
5415
5416
5417
5418
5419
5420
5421
5422
5423
5424
5425
5426
5427
5428
5429
5430
5431
5432
5433
5434
5435
5436
5437
5438
5439
5440
5441
5442
5443
5444
5445
5446
5447
5448
5449
5450
5451
5452
5453
5454
5455
5456
5457
5458
5459
5460
5461
5462
5463
5464
5465
5466
5467
5468
5469
5470
5471
5472
5473
5474
5475
5476
5477
5478
5479
5480
5481
5482
5483
5484
5485
5486
5487
5488
5489
5490
5491
5492
5493
5494
5495
5496
5497
5498
5499
5500
5501
5502
5503
5504
5505
5506
5507
5508
5509
5510
5511
5512
5513
5514
5515
5516
5517
5518
5519
5520
216.666666666573 16.66666666663566 181.875
216.6666666666186 16.66666666665089 198.7499999999999
216.6666666666442 16.66666666665948 215.625
216.6666666666526 16.6666666666622 232.5
216.6666666666443 16.66666666665947 249.3749999999999
216.6666666666185 16.66666666665088 266.2499999999999
216.6666666665732 16.66666666663566 283.1249999999999
216.6666666666081 33.33333333329361 181.875
216.6666666666532 33.33333333332565 198.75
216.6666666666791 33.33333333334207 215.625
216.6666666666875 33.33333333334713 232.5
216.6666666666791 33.33333333334207 249.375
216.6666666666532 33.33333333332564 266.2499999999999
216.666666666608 33.33333333329361 283.125
216.6666666666199 49.9999999999491 181.875
216.666666666665 49.99999999998841 198.75
216.6666666666909 50.00000000000858 215.625
216.6666666666991 50.00000000001474 232.5
216.6666666666908 50.00000000000858 249.375
216.666666666665 49.9999999999884 266.25
216.6666666666198 49.9999999999491 283.125
216.6666666666081 66.66666666663659 181.875
216.6666666666532 66.66666666667598 198.7499999999999
216.6666666666791 66.66666666669488 215.6250000000001
216.6666666666874 66.66666666670056 232.5
216.6666666666791 66.66666666669494 249.375
216.6666666666532 66.66666666667598 266.25
216.666666666608 66.66666666663656 283.125
216.6666666665731 83.3333333333057 181.875
216.6666666666185 83.33333333332656 198.75
216.6666666666442 83.33333333333732 215.625
216.6666666666526 83.33333333334056 232.5
216.6666666666443 83.33333333333735 249.375
216.6666666666184 83.33333333332658 266.25
216.6666666665732 83.3333333333057 283.125
233.3333333331815 16.66666666664749 181.875
233.3333333332744 16.66666666666271 198.75
233.3333333333241 16.66666666667129 215.625
233.3333333333399 16.66666666667402 232.4999999999999
233.3333333333242 16.66666666667129 249.375
233.3333333332744 16.66666666666271 266.2500000000001
233.3333333331814 16.66666666664749 283.1249999999999
233.3333333332558 33.33333333331963 181.875
233.3333333333485 33.33333333335165 198.75
233.3333333333983 33.33333333336807 215.625
233.333333333414 33.33333333337313 232.4999999999999
233.3333333333984 33.33333333336807 249.3750000000001
233.3333333333485 33.33333333335163 266.25
233.3333333332557 33.33333333331962 283.125
233.3333333332795 49.99999999998123 181.875
233.3333333333725 50.00000000002058 198.75
233.3333333334223 50.00000000004076 215.625
233.3333333334379 50.00000000004692 232.5
233.3333333334223 50.00000000004076 249.375
233.3333333333724 50.00000000002058 266.25
233.3333333332797 49.99999999998127 283.125
233.3333333332558 66.66666666666967 181.875
233.3333333333488 66.66666666670906 198.75
233.3333333333984 66.66666666672796 215.625
233.333333333414 66.66666666673365 232.5
233.3333333333984 66.66666666672802 249.375
233.3333333333485 66.66666666670906 266.25
233.3333333332556 66.66666666666967 283.125
233.3333333331815 83.3333333333228 181.875
233.3333333332745 83.33333333334367 198.75
233.3333333333244 83.33333333335445 215.625
233.3333333333398 83.3333333333577 232.5
233.3333333333243 83.33333333335449 249.375
233.3333333332743 83.33333333334373 266.2500000000001
233.3333333331815 83.33333333332281 283.125
249.9999999998878 16.66666666665146 181.875
250.0000000000232 16.66666666666667 198.75
250.0000000000885 16.66666666667527 215.6250000000001
250.0000000001082 16.66666666667799 232.5
250.0000000000885 16.66666666667527 249.3749999999999
250.0000000000232 16.66666666666667 266.2500000000001
249.999999999888 16.66666666665146 283.1249999999999
250.000000000001 33.33333333332759 181.875
250.0000000001363 33.33333333335965 198.75
250.0000000002017 33.33333333337608 215.625
250.0000000002214 33.33333333338112 232.4999999999999
250.0000000002017 33.33333333337607 249.3749999999999
250.0000000001363 33.33333333335962 266.2500000000001
250.000000000001 33.3333333333276 283.125
250.0000000000342 49.99999999999122 181.875
250.0000000001695 50.00000000003056 198.75
250.000000000235 50.00000000005073 215.6249999999999
250.0000000002546 50.0000000000569 232.4999999999999
250.0000000002349 50.00000000005073 249.375
250.0000000001694 50.00000000003055 266.2500000000001
250.0000000000342 49.99999999999125 283.125
250.000000000001 66.66666666667935 181.8749999999999
250.0000000001362 66.66666666671874 198.75
250.0000000002017 66.66666666673768 215.625
250.0000000002214 66.66666666674337 232.5
250.0000000002017 66.66666666673768 249.375
250.0000000001362 66.66666666671875 266.2500000000001
250.0000000000009 66.66666666667935 283.125
249.9999999998879 83.33333333332821 181.875
250.0000000000232 83.33333333334907 198.75
250.0000000000885 83.3333333333598 215.6249999999999
250.0000000001082 83.33333333336309 232.5
250.0000000000886 83.33333333335986 249.375
250.0000000000231 83.33333333334912 266.25
249.999999999888 83.33333333332823 283.125
266.6666666665504 16.66666666664749 181.875
266.6666666666674 16.66666666666271 198.75
266.6666666667251 16.66666666667131 215.625
266.6666666667426 16.66666666667404 232.5
266.666666666725 16.66666666667131 249.375
266.6666666666673 16.66666666666271 266.2500000000001
266.6666666665503 16.66666666664749 283.1250000000001
266.6666666666476 33.33333333331964 181.875
266.6666666667644 33.33333333335165 198.75
266.6666666668223 33.33333333336808 215.625
266.6666666668398 33.33333333337313 232.5
266.6666666668223 33.33333333336807 249.3750000000001
266.6666666667646 33.33333333335165 266.2500000000001
266.6666666666475 33.33333333331962 283.125
266.6666666666769 49.99999999998123 181.875
266.6666666667938 50.00000000002058 198.75
266.6666666668515 50.00000000004076 215.625
266.666666666869 50.00000000004692 232.5
266.6666666668515 50.00000000004076 249.3750000000002
266.6666666667938 50.00000000002058 266.25
266.6666666666769 49.99999999998126 283.125
266.6666666666476 66.66666666666967 181.875
266.6666666667646 66.66666666670906 198.75
266.6666666668223 66.66666666672799 215.625
266.6666666668399 66.6666666667337 232.5
266.6666666668223 66.66666666672802 249.3750000000001
266.6666666667647 66.66666666670906 266.25
266.6666666666476 66.66666666666967 283.125
266.6666666665503 83.33333333332286 181.875
266.6666666666673 83.33333333334373 198.75
266.666666666725 83.33333333335449 215.625
266.6666666667426 83.33333333335771 232.5
266.666666666725 83.33333333335455 249.375
266.6666666666673 83.33333333334373 266.2500000000001
266.6666666665503 83.33333333332286 283.125
283.3333333332428 16.66666666663566 181.875
283.3333333333031 16.66666666665088 198.75
283.333333333335 16.66666666665948 215.625
283.3333333333448 16.6666666666622 232.5
283.333333333335 16.66666666665948 249.375
283.3333333333032 16.66666666665088 266.2500000000001
283.333333333243 16.66666666663566 283.125
283.3333333332916 33.33333333329362 181.875
283.3333333333518 33.33333333332562 198.75
283.3333333333837 33.33333333334208 215.625
283.3333333333936 33.33333333334713 232.5
283.3333333333838 33.33333333334208 249.375
283.3333333333517 33.33333333332561 266.25
283.3333333332917 33.33333333329358 283.1250000000001
283.3333333333073 49.99999999994909 181.875
283.3333333333674 49.99999999998841 198.75
283.3333333333995 50.00000000000858 215.625
283.333333333409 50.00000000001475 232.5
283.3333333333995 50.00000000000858 249.375
283.3333333333674 49.99999999998841 266.25
283.3333333333074 49.99999999994908 283.125
283.3333333332916 66.66666666663657 181.875
283.3333333333518 66.66666666667599 198.75
283.3333333333837 66.66666666669491 215.625
283.3333333333936 66.66666666670062 232.5
283.3333333333837 66.66666666669494 249.3750000000001
283.3333333333517 66.66666666667598 266.25
283.3333333332916 66.66666666663656 283.125
283.3333333332428 83.33333333330572 181.875
283.3333333333031 83.33333333332656 198.75
283.3333333333351 83.33333333333732 215.625
283.3333333333449 83.33333333334055 232.5
283.333333333335 83.33333333333732 249.375
283.333333333303 83.33333333332656 266.2500000000001
283.3333333332428 83.33333333330569 283.125
3 6210 0 175
5521
5522
5523
5524
5525
5526
5527
5528
5529
5530
5531
5532
5533
5534
5535
5536
5537
5538
5539
5540
5541
5542
5543
5544
5545
5546
5547
5548
5549
5550
5551
5552
5553
5554
5555
5556
5557
5558
5559
5560
5561
5562
5563
5564
5565
5566
5567
5568
5569
5570
5571
5572
5573
5574
5575
5576
5577
5578
5579
5580
5581
5582
5583
5584
5585
5586
5587
5588
5589
5590
5591
5592
5593
5594
5595
5596
5597
5598
5599
5600
5601
5602
5603
5604
5605
5606
5607
5608
5609
5610
5611
5612
5613
5614
5615
5616
5617
5618
5619
5620
5621
5622
5623
5624
5625
5626
5627
5628
5629
5630
5631
5632
5633
5634
5635
5636
5637
5638
5639
5640
5641
5642
5643
5644
5645
5646
5647
5648
5649
5650
5651
5652
5653
5654
5655
5656
5657
5658
5659
5660
5661
5662
5663
5664
5665
5666
5667
5668
5669
5670
5671
5672
5673
5674
5675
5676
5677
5678
5679
5680
5681
5682
5683
5684
5685
5686
5687
5688
5689
5690
5691
5692
5693
5694
5695
16.66666666663566 116.6666666665813 181.875
16.66666666665089 116.6666666666171 198.7499999999999
16.66666666665947 116.6666666666382 215.625
16.6666666666622 116.6666666666451 232.5
16.66666666665947 116.6666666666382 249.375
16.66666666665088 116.666666666617 266.2500000000001
16.66666666663566 116.6666666665814 283.1250000000001
16.66666666664749 133.3333333331866 181.8749999999999
16.66666666666271 133.3333333332611 198.75
16.66666666667129 133.333333333303 215.625
16.66666666667402 133.3333333333164 232.4999999999999
16.66666666667129 133.3333333333031 249.375
16.66666666666271 133.3333333332611 266.2500000000001
16.66666666664749 133.3333333331867 283.1250000000002
16.66666666665144 149.9999999998563 181.8749999999998
16.66666666666667 149.9999999999708 198.75
16.66666666667526 150.0000000000294 215.625
16.66666666667799 150.0000000000473 232.4999999999998
16.66666666667526 150.0000000000295 249.375
16.66666666666667 149.9999999999708 266.25
16.66666666665144 149.9999999998564 283.125
16.66666666664749 166.6666666666031 181.875
16.66666666666272 166.6666666667335 198.7499999999999
16.6666666666713 166.6666666667937 215.6250000000001
16.66666666667404 166.6666666668114 232.4999999999999
16.66666666667131 166.6666666667938 249.375
16.66666666666272 166.6666666667335 266.25
16.66666666664749 166.6666666666031 283.125
16.66666666663566 183.3333333332552 181.875
16.66666666665089 183.3333333333255 198.7499999999999
16.66666666665948 183.333333333361 215.6250000000001
16.6666666666622 183.3333333333716 232.5
16.66666666665948 183.333333333361 249.3750000000001
16.66666666665088 183.3333333333256 266.25
16.66666666663566 183.3333333332552 283.125
33.33333333329361 116.6666666666079 181.875
33.33333333332563 116.6666666666436 198.75
33.33333333334208 116.6666666666648 215.625
33.33333333334713 116.6666666666716 232.5000000000001
33.33333333334204 116.6666666666647 249.375
33.33333333332561 116.6666666666436 266.25
33.33333333329361 116.6666666666079 283.125
33.33333333331963 133.3333333332444 181.875
33.33333333335164 133.3333333333189 198.7499999999999
33.33333333336807 133.3333333333607 215.6249999999999
33.33333333337312 133.3333333333742 232.4999999999999
33.33333333336807 133.3333333333609 249.375
33.33333333335163 133.333333333319 266.25
33.33333333331962 133.3333333332444 283.125
33.33333333332762 149.9999999999501 181.875
33.3333333333596 150.0000000000645 198.75
33.33333333337607 150.0000000001232 215.6249999999999
33.33333333338111 150.0000000001411 232.4999999999999
33.33333333337605 150.0000000001233 249.375
33.33333333335963 150.0000000000647 266.25
33.33333333332762 149.9999999999502 283.125
33.33333333331962 166.6666666667146 181.875
33.33333333335163 166.6666666668449 198.7499999999999
33.33333333336808 166.6666666669052 215.625
33.33333333337312 166.6666666669229 232.4999999999999
33.33333333336807 166.6666666669052 249.375
33.33333333335162 166.6666666668449 266.2500000000001
33.33333333331962 166.6666666667145 283.125
33.33333333329361 183.3333333333144 181.875
33.33333333332561 183.3333333333849 198.75
33.33333333334207 183.3333333334201 215.6249999999999
33.33333333334711 183.3333333334307 232.5
33.33333333334207 183.3333333334201 249.375
33.33333333332561 183.3333333333849 266.2500000000001
33.3333333332936 183.3333333333144 283.125
49.99999999994909 116.666666666617 181.875
49.99999999998838 116.6666666666527 198.75
50.00000000000858 116.6666666666739 215.625
50.00000000001474 116.6666666666808 232.5
50.00000000000858 116.6666666666739 249.375
49.99999999998838 116.6666666666527 266.25
49.99999999994909 116.666666666617 283.1249999999999
49.99999999998123 133.3333333332635 181.875
50.00000000002058 133.3333333333381 198.75
50.00000000004076 133.3333333333799 215.6249999999999
50.00000000004692 133.3333333333934 232.5
50.00000000004076 133.3333333333799 249.375
50.00000000002058 133.3333333333381 266.25
49.99999999998127 133.3333333332636 283.125
49.99999999999118 149.9999999999791 181.875
50.00000000003052 150.0000000000936 198.75
50.0000000000507 150.0000000001522 215.6249999999999
50.00000000005688 150.0000000001701 232.4999999999999
50.0000000000507 150.0000000001522 249.375
50.00000000003052 150.0000000000937 266.25
49.99999999999121 149.9999999999792 283.125
49.99999999998124 166.6666666667463 181.875
50.00000000002056 166.6666666668768 198.75
50.00000000004073 166.666666666937 215.625
50.0000000000469 166.6666666669547 232.5
50.00000000004073 166.666666666937 249.3750000000001
50.00000000002056 166.6666666668768 266.2500000000001
49.99999999998124 166.6666666667464 283.125
49.9999999999491 183.3333333333326 181.875
49.99999999998839 183.333333333403 198.75
50.00000000000858 183.3333333334383 215.625
50.00000000001475 183.3333333334489 232.5
50.00000000000858 183.3333333334383 249.3750000000001
49.9999999999884 183.3333333334031 266.2500000000001
49.9999999999491 183.3333333333326 283.125
66.66666666663654 116.6666666666079 181.875
66.66666666667598 116.6666666666436 198.75
66.66666666669494 116.6666666666647 215.625
66.66666666670056 116.6666666666716 232.5
66.66666666669494 116.6666666666647 249.375
66.66666666667598 116.6666666666436 266.25
66.66666666663659 116.6666666666079 283.125
66.66666666666966 133.3333333332443 181.875
66.66666666670908 133.3333333333189 198.75
66.66666666672798 133.3333333333607 215.6249999999999
66.66666666673365 133.3333333333742 232.5
66.66666666672802 133.3333333333607 249.375
66.66666666670906 133.3333333333189 266.25
66.66666666666967 133.3333333332444 283.125
66.66666666667933 149.9999999999501 181.875
66.66666666671873 150.0000000000646 198.75
66.66666666673768 150.0000000001232 215.6249999999999
66.66666666674337 150.0000000001411 232.5
66.66666666673768 150.0000000001233 249.375
66.66666666671875 150.0000000000647 266.25
66.66666666667936 149.9999999999502 283.125
66.66666666666967 166.6666666667146 181.875
66.66666666670906 166.666666666845 198.75
66.66666666672796 166.6666666669052 215.625
66.66666666673365 166.666666666923 232.5
66.66666666672802 166.6666666669052 249.375
66.66666666670906 166.6666666668449 266.2500000000001
66.66666666666967 166.6666666667146 283.125
66.66666666663656 183.3333333333143 181.875
66.66666666667595 183.3333333333849 198.7500000000001
66.66666666669488 183.3333333334201 215.6250000000001
66.66666666670056 183.3333333334307 232.5
66.66666666669491 183.3333333334201 249.3750000000001
66.66666666667595 183.3333333333849 266.2500000000001
66.66666666663656 183.3333333333144 283.125
83.33333333330565 116.6666666665813 181.875
83.33333333332651 116.6666666666171 198.75
83.33333333333725 116.6666666666382 215.6249999999999
83.33333333334062 116.6666666666451 232.5
83.33333333333732 116.6666666666382 249.375
83.33333333332651 116.666666666617 266.25
83.33333333330565 116.6666666665813 283.125
83.33333333332281 133.3333333331866 181.875
83.33333333334375 133.3333333332612 198.75
83.33333333335449 133.3333333333029 215.6249999999999
83.33333333335771 133.3333333333163 232.5
83.33333333335443 133.333333333303 249.375
83.33333333334375 133.3333333332612 266.25
83.33333333332281 133.3333333331867 283.125
83.33333333332817 149.9999999998562 181.875
83.33333333334905 149.9999999999708 198.75
83.3333333333598 150.0000000000293 215.6249999999999
83.33333333336309 150.0000000000472 232.5
83.33333333335985 150.0000000000294 249.375
83.3333333333491 149.9999999999708 266.25
83.3333333333282 149.9999999998563 283.125
83.33333333332283 166.6666666666032 181.875
83.33333333334367 166.6666666667336 198.75
83.33333333335443 166.6666666667938 215.625
83.33333333335771 166.6666666668116 232.5
83.33333333335449 166.6666666667938 249.375
83.33333333334373 166.6666666667336 266.2500000000002
83.33333333332288 166.6666666666032 283.1250000000001
83.3333333333057 183.3333333332552 181.875
83.33333333332652 183.3333333333258 198.7500000000001
83.33333333333728 183.3333333333611 215.625
83.33333333334055 183.3333333333715 232.5
83.33333333333735 183.333333333361 249.375
83.33333333332658 183.3333333333258 266.2500000000001
83.33333333330565 183.3333333332553 283.125
3 6211 0 175
5696
5697
5698
5699
5700
5701
5702
5703
5704
5705
5706
5707
5708
5709
5710
5711
5712
5713
5714
5715
5716
5717
5718
5719
5720
5721
5722
5723
5724
5725
5726
5727
5728
5729
5730
5731
5732
5733
5734
5735
5736
5737
5738
5739
5740
5741
5742
5743
5744
5745
5746
5747
5748
5749
5750
5751
5752
5753
5754
5755
5756
5757
5758
5759
5760
5761
5762
5763
5764
5765
5766
5767
5768
5769
5770
5771
5772
5773
5774
5775
5776
5777
5778
5779
5780
5781
5782
5783
5784
5785
5786
5787
5788
5789
5790
5791
5792
5793
5794
5795
5796
5797
5798
5799
5800
5801
5802
5803
5804
5805
5806
5807
5808
5809
5810
5811
5812
5813
5814
5815
5816
5817
5818
5819
5820
5821
5822
5823
5824
5825
5826
5827
5828
5829
5830
5831
5832
5833
5834
5835
5836
5837
5838
5839
5840
5841
5842
5843
5844
5845
5846
5847
5848
5849
5850
5851
5852
5853
5854
5855
5856
5857
5858
5859
5860
5861
5862
5863
5864
5865
5866
5867
5868
5869
5870
116.6666666665813 116.6666666665813 181.875
116.666666666617 116.6666666666171 198.7499999999999
116.6666666666382 116.6666666666382 215.625
116.6666666666451 116.6666666666451 232.4999999999999
116.6666666666382 116.6666666666382 249.375
116.666666666617 116.666666666617 266.25
116.6666666665813 116.6666666665813 283.125
116.6666666666079 133.3333333331867 181.875
116.6666666666436 133.3333333332612 198.7499999999999
116.6666666666648 133.333333333303 215.6249999999999
116.6666666666717 133.3333333333164 232.5
116.6666666666648 133.3333333333031 249.375
116.6666666666436 133.3333333332612 266.25
116.6666666666079 133.3333333331867 283.125
116.666666666617 149.9999999998563 181.875
116.6666666666527 149.9999999999707 198.7499999999999
116.6666666666739 150.0000000000294 215.6249999999999
116.6666666666808 150.0000000000473 232.5
116.6666666666739 150.0000000000295 249.375
116.6666666666527 149.9999999999708 266.25
116.666666666617 149.9999999998563 283.125
116.666666666608 166.6666666666031 181.875
116.6666666666436 166.6666666667335 198.75
116.6666666666648 166.6666666667938 215.6250000000001
116.6666666666717 166.6666666668115 232.5
116.6666666666648 166.6666666667938 249.375
116.6666666666436 166.6666666667335 266.2500000000001
116.666666666608 166.6666666666031 283.125
116.6666666665813 183.3333333332553 181.875
116.666666666617 183.3333333333259 198.7499999999999
116.6666666666382 183.3333333333611 215.625
116.6666666666451 183.3333333333717 232.5
116.6666666666382 183.3333333333611 249.3750000000001
116.666666666617 183.3333333333258 266.2500000000001
116.6666666665813 183.3333333332553 283.1250000000001
133.3333333331867 116.6666666666079 181.875
133.3333333332612 116.6666666666437 198.7499999999999
133.3333333333031 116.6666666666648 215.6249999999999
133.3333333333164 116.6666666666717 232.5
133.3333333333031 116.6666666666648 249.375
133.3333333332612 116.6666666666437 266.2500000000001
133.3333333331867 116.6666666666079 283.1250000000002
133.3333333332444 133.3333333332444 181.875
133.3333333333189 133.3333333333189 198.7499999999999
133.3333333333609 133.3333333333607 215.6249999999999
133.3333333333742 133.3333333333742 232.5
133.3333333333607 133.3333333333607 249.375
133.3333333333189 133.3333333333189 266.25
133.3333333332444 133.3333333332444 283.1250000000001
133.3333333332635 149.9999999999501 181.875
133.3333333333381 150.0000000000647 198.7499999999999
133.33333333338 150.0000000001232 215.6249999999999
133.3333333333933 150.0000000001412 232.4999999999999
133.33333333338 150.0000000001233 249.375
133.3333333333381 150.0000000000647 266.25
133.3333333332637 149.9999999999502 283.125
133.3333333332444 166.6666666667147 181.875
133.3333333333189 166.6666666668451 198.7499999999999
133.3333333333609 166.6666666669053 215.625
133.3333333333742 166.666666666923 232.5
133.3333333333608 166.6666666669053 249.375
133.3333333333189 166.6666666668451 266.2500000000001
133.3333333332445 166.6666666667147 283.125
133.3333333331867 183.3333333333144 181.875
133.3333333332611 183.333333333385 198.75
133.3333333333031 183.3333333334201 215.625
133.3333333333164 183.3333333334308 232.5
133.3333333333031 183.3333333334202 249.375
133.3333333332612 183.3333333333849 266.2500000000001
133.3333333331867 183.3333333333145 283.125
149.9999999998562 116.666666666617 181.875
149.9999999999708 116.6666666666528 198.75
150.0000000000294 116.6666666666739 215.6249999999999
150.0000000000473 116.6666666666808 232.5
150.0000000000295 116.6666666666739 249.375
149.9999999999708 116.6666666666527 266.2499999999999
149.9999999998562 116.666666666617 283.125
149.9999999999501 133.3333333332635 181.875
150.0000000000647 133.3333333333381 198.7499999999999
150.0000000001232 133.3333333333799 215.6249999999999
150.0000000001412 133.3333333333933 232.4999999999999
150.0000000001233 133.33333333338 249.3749999999999
150.0000000000647 133.3333333333381 266.25
149.9999999999502 133.3333333332635 283.125
149.9999999999791 149.9999999999791 181.8749999999999
150.0000000000936 150.0000000000937 198.7499999999999
150.0000000001522 150.0000000001522 215.6249999999999
150.0000000001701 150.00000000017 232.4999999999999
150.0000000001522 150.0000000001522 249.3749999999999
150.0000000000937 150.0000000000936 266.2499999999997
149.9999999999793 149.9999999999792 283.1249999999999
149.9999999999501 166.6666666667464 181.875
150.0000000000647 166.6666666668768 198.7499999999999
150.0000000001232 166.666666666937 215.625
150.0000000001411 166.6666666669548 232.4999999999999
150.0000000001233 166.666666666937 249.375
150.0000000000647 166.6666666668767 266.25
149.9999999999502 166.6666666667464 283.125
149.9999999998563 183.3333333333326 181.875
149.9999999999708 183.3333333334032 198.75
150.0000000000294 183.3333333334384 215.625
150.0000000000473 183.333333333449 232.5
150.0000000000295 183.3333333334384 249.375
149.9999999999708 183.3333333334031 266.25
149.9999999998563 183.3333333333326 283.125
166.6666666666031 116.6666666666079 181.875
166.6666666667334 116.6666666666436 198.75
166.6666666667938 116.6666666666648 215.625
166.6666666668116 116.6666666666716 232.5
166.6666666667938 116.6666666666648 249.375
166.6666666667334 116.6666666666436 266.2500000000001
166.6666666666032 116.6666666666079 283.1249999999999
166.6666666667146 133.3333333332444 181.875
166.666666666845 133.3333333333189 198.75
166.6666666669053 133.3333333333608 215.6249999999999
166.6666666669231 133.3333333333742 232.5
166.6666666669054 133.3333333333608 249.375
166.6666666668451 133.3333333333189 266.25
166.6666666667147 133.3333333332444 283.125
166.6666666667463 149.9999999999502 181.875
166.6666666668767 150.0000000000647 198.75
166.6666666669371 150.0000000001232 215.625
166.6666666669548 150.0000000001411 232.5
166.6666666669371 150.0000000001233 249.375
166.6666666668767 150.0000000000647 266.25
166.6666666667464 149.9999999999502 283.125
166.6666666667145 166.6666666667146 181.875
166.6666666668449 166.666666666845 198.7499999999999
166.6666666669053 166.6666666669053 215.625
166.6666666669231 166.6666666669231 232.5
166.6666666669053 166.6666666669053 249.375
166.6666666668449 166.666666666845 266.2500000000001
166.6666666667147 166.6666666667147 283.125
166.6666666666031 183.3333333333144 181.875
166.6666666667334 183.333333333385 198.75
166.6666666667938 183.3333333334201 215.625
166.6666666668115 183.3333333334308 232.5
166.6666666667938 183.3333333334202 249.375
166.6666666667335 183.3333333333849 266.2500000000001
166.6666666666031 183.3333333333145 283.1249999999999
183.3333333332552 116.6666666665813 181.875
183.3333333333259 116.6666666666171 198.75
183.3333333333612 116.6666666666382 215.625
183.3333333333717 116.6666666666451 232.5
183.3333333333611 116.6666666666382 249.375
183.3333333333258 116.666666666617 266.25
183.3333333332553 116.6666666665813 283.1250000000001
183.3333333333144 133.3333333331867 181.875
183.333333333385 133.3333333332612 198.75
183.3333333334202 133.333333333303 215.6249999999999
183.3333333334308 133.3333333333164 232.5
183.3333333334202 133.3333333333031 249.375
183.3333333333849 133.3333333332612 266.25
183.3333333333145 133.3333333331867 283.125
183.3333333333326 149.9999999998563 181.875
183.3333333334031 149.9999999999708 198.75
183.3333333334383 150.0000000000294 215.625
183.3333333334488 150.0000000000473 232.5
183.3333333334384 150.0000000000295 249.375
183.333333333403 149.9999999999709 266.25
183.3333333333326 149.9999999998564 283.1249999999999
183.3333333333144 166.6666666666031 181.875
183.333333333385 166.6666666667335 198.7499999999999
183.3333333334201 166.6666666667938 215.625
183.3333333334308 166.6666666668115 232.5
183.3333333334202 166.6666666667938 249.375
183.3333333333849 166.6666666667335 266.2500000000001
183.3333333333145 166.6666666666031 283.1249999999999
183.3333333332551 183.3333333332552 181.875
183.3333333333256 183.3333333333256 198.75
183.333333333361 183.333333333361 215.625
183.3333333333715 183.3333333333715 232.5000000000001
183.333333333361 183.333333333361 249.375
183.3333333333257 183.3333333333258 266.2500000000001
183.3333333332552 183.3333333332553 283.1249999999999
3 6212 0 175
5871
5872
5873
5874
5875
5876
5877
5878
5879
5880
5881
5882
5883
5884
5885
5886
5887
5888
5889
5890
5891
5892
5893
5894
5895
5896
5897
5898
5899
5900
5901
5902
5903
5904
5905
5906
5907
5908
5909
5910
5911
5912
5913
5914
5915
5916
5917
5918
5919
5920
5921
5922
5923
5924
5925
5926
5927
5928
5929
5930
5931
5932
5933
5934
5935
5936
5937
5938
5939
5940
5941
5942
5943
5944
5945
5946
5947
5948
5949
5950
5951
5952
5953
5954
5955
5956
5957
5958
5959
5960
5961
5962
5963
5964
5965
5966
5967
5968
5969
5970
5971
5972
5973
5974
5975
5976
5977
5978
5979
5980
5981
5982
5983
5984
5985
5986
5987
5988
5989
5990
5991
5992
5993
5994
5995
5996
5997
5998
5999
6000
6001
6002
6003
6004
6005
6006
6007
6008
6009
6010
6011
6012
6013
6014
6015
6016
6017
6018
6019
6020
6021
6022
6023
6024
6025
6026
6027
6028
6029
6030
6031
6032
6033
6034
6035
6036
6037
6038
6039
6040
6041
6042
6043
6044
6045
216.666666666573 116.6666666665813 181.875
216.6666666666185 116.666666666617 198.75
216.6666666666443 116.6666666666382 215.6250000000001
216.6666666666525 116.666666666645 232.5
216.6666666666442 116.6666666666382 249.375
216.6666666666184 116.666666666617 266.2500000000001
216.6666666665731 116.6666666665813 283.125
216.666666666608 133.3333333331867 181.875
216.6666666666532 133.3333333332612 198.7499999999998
216.6666666666791 133.3333333333029 215.6249999999999
216.6666666666873 133.3333333333163 232.5
216.666666666679 133.333333333303 249.375
216.6666666666532 133.3333333332611 266.25
216.666666666608 133.3333333331867 283.125
216.6666666666198 149.9999999998562 181.8749999999999
216.6666666666649 149.9999999999708 198.75
216.6666666666908 150.0000000000294 215.6250000000001
216.666666666699 150.0000000000472 232.5
216.6666666666908 150.0000000000294 249.375
216.6666666666649 149.9999999999708 266.2499999999999
216.6666666666197 149.9999999998564 283.125
216.666666666608 166.666666666603 181.875
216.6666666666533 166.6666666667335 198.7499999999999
216.6666666666792 166.6666666667937 215.625
216.6666666666874 166.6666666668114 232.5
216.6666666666791 166.6666666667937 249.375
216.6666666666532 166.6666666667335 266.25
216.666666666608 166.666666666603 283.125
216.6666666665731 183.3333333332552 181.875
216.6666666666185 183.3333333333256 198.75
216.6666666666444 183.333333333361 215.625
216.6666666666525 183.3333333333716 232.5
216.6666666666443 183.3333333333609 249.375
216.6666666666185 183.3333333333258 266.25
216.6666666665732 183.3333333332553 283.125
233.3333333331815 116.6666666666079 181.875
233.3333333332744 116.6666666666437 198.75
233.333333333324 116.6666666666647 215.625
233.3333333333397 116.6666666666716 232.5
233.3333333333242 116.6666666666647 249.375
233.3333333332744 116.6666666666436 266.2500000000001
233.3333333331815 116.6666666666079 283.125
233.3333333332557 133.3333333332444 181.875
233.3333333333487 133.3333333333189 198.75
233.3333333333984 133.3333333333607 215.6249999999999
233.3333333334141 133.333333333374 232.5
233.3333333333985 133.3333333333607 249.375
233.3333333333485 133.3333333333189 266.25
233.3333333332557 133.3333333332444 283.125
233.3333333332795 149.9999999999501 181.875
233.3333333333725 150.0000000000647 198.75
233.3333333334223 150.0000000001232 215.625
233.3333333334379 150.0000000001411 232.4999999999999
233.3333333334223 150.0000000001233 249.375
233.3333333333725 150.0000000000647 266.25
233.3333333332795 149.9999999999502 283.1249999999999
233.3333333332558 166.6666666667146 181.875
233.3333333333485 166.666666666845 198.7499999999999
233.3333333333985 166.6666666669052 215.625
233.3333333334139 166.666666666923 232.5
233.3333333333983 166.6666666669052 249.375
233.3333333333485 166.666666666845 266.2500000000001
233.3333333332556 166.6666666667146 283.125
233.3333333331816 183.3333333333143 181.875
233.3333333332745 183.3333333333849 198.75
233.3333333333244 183.3333333334201 215.625
233.3333333333397 183.3333333334308 232.5
233.3333333333243 183.3333333334201 249.375
233.3333333332745 183.3333333333849 266.2500000000001
233.3333333331815 183.3333333333144 283.125
249.9999999998878 116.666666666617 181.875
250.0000000000231 116.6666666666527 198.7500000000001
250.0000000000885 116.6666666666739 215.6249999999999
250.0000000001081 116.6666666666808 232.5
250.0000000000885 116.6666666666739 249.375
250.0000000000229 116.6666666666527 266.2500000000001
249.9999999998877 116.666666666617 283.1249999999999
250.0000000000009 133.3333333332636 181.875
250.0000000001361 133.3333333333381 198.75
250.0000000002017 133.3333333333799 215.6249999999999
250.0000000002213 133.3333333333933 232.5
250.0000000002017 133.33333333338 249.375
250.0000000001361 133.3333333333381 266.25
250.0000000000009 133.3333333332636 283.125
250.0000000000342 149.9999999999791 181.875
250.0000000001694 150.0000000000936 198.7499999999999
250.0000000002348 150.0000000001521 215.6249999999999
250.0000000002545 150.00000000017 232.5
250.0000000002348 150.0000000001521 249.3749999999999
250.0000000001694 150.0000000000935 266.2499999999998
250.0000000000342 149.9999999999791 283.1249999999999
250.000000000001 166.6666666667464 181.875
250.0000000001362 166.6666666668768 198.75
250.0000000002017 166.666666666937 215.625
250.0000000002212 166.6666666669548 232.5
250.0000000002018 166.6666666669371 249.375
250.0000000001363 166.6666666668768 266.2500000000001
250.000000000001 166.6666666667464 283.1249999999999
249.9999999998879 183.3333333333326 181.875
250.0000000000231 183.3333333334029 198.75
250.0000000000886 183.3333333334383 215.625
250.0000000001082 183.3333333334488 232.5
250.0000000000885 183.3333333334383 249.375
250.000000000023 183.333333333403 266.25
249.9999999998878 183.3333333333326 283.125
266.6666666665504 116.6666666666079 181.875
266.6666666666671 116.6666666666436 198.75
266.666666666725 116.6666666666647 215.625
266.6666666667426 116.6666666666717 232.5
266.6666666667251 116.6666666666647 249.3750000000001
266.6666666666673 116.6666666666436 266.25
266.6666666665502 116.6666666666079 283.1250000000001
266.6666666666475 133.3333333332444 181.875
266.6666666667645 133.3333333333189 198.75
266.6666666668222 133.3333333333608 215.6249999999999
266.6666666668397 133.3333333333742 232.5
266.6666666668222 133.3333333333607 249.3750000000001
266.6666666667645 133.3333333333189 266.25
266.6666666666476 133.3333333332444 283.1250000000001
266.6666666666771 149.9999999999501 181.875
266.6666666667938 150.0000000000647 198.75
266.6666666668516 150.0000000001233 215.6249999999999
266.6666666668688 150.0000000001411 232.5
266.6666666668517 150.0000000001233 249.375
266.6666666667938 150.0000000000647 266.25
266.6666666666769 149.9999999999502 283.125
266.6666666666475 166.6666666667146 181.875
266.6666666667645 166.666666666845 198.75
266.6666666668222 166.6666666669054 215.625
266.6666666668398 166.6666666669231 232.5
266.6666666668222 166.6666666669053 249.3750000000001
266.6666666667645 166.666666666845 266.2500000000001
266.6666666666475 166.6666666667147 283.125
266.6666666665502 183.3333333333144 181.875
266.6666666666671 183.333333333385 198.75
266.666666666725 183.3333333334201 215.625
266.6666666667424 183.3333333334308 232.5
266.6666666667249 183.3333333334202 249.3750000000002
266.6666666666673 183.3333333333849 266.2500000000001
266.6666666665503 183.3333333333144 283.125
283.3333333332429 116.6666666665813 181.875
283.3333333333028 116.6666666666171 198.75
283.333333333335 116.6666666666382 215.625
283.3333333333449 116.6666666666451 232.5
283.3333333333349 116.6666666666382 249.375
283.3333333333031 116.666666666617 266.25
283.3333333332428 116.6666666665813 283.125
283.3333333332915 133.3333333331867 181.875
283.333333333352 133.3333333332612 198.75
283.3333333333838 133.333333333303 215.6249999999999
283.3333333333936 133.3333333333164 232.5
283.3333333333838 133.3333333333031 249.3750000000001
283.333333333352 133.3333333332612 266.25
283.3333333332917 133.3333333331867 283.125
283.3333333333073 149.9999999998563 181.875
283.3333333333674 149.9999999999708 198.75
283.3333333333995 150.0000000000294 215.625
283.3333333334093 150.0000000000473 232.5
283.3333333333993 150.0000000000294 249.375
283.3333333333674 149.9999999999708 266.25
283.3333333333074 149.9999999998564 283.125
283.3333333332916 166.6666666666031 181.875
283.3333333333517 166.6666666667335 198.75
283.3333333333837 166.6666666667938 215.625
283.3333333333935 166.6666666668115 232.5
283.3333333333838 166.6666666667938 249.375
283.3333333333517 166.6666666667335 266.2500000000001
283.3333333332916 166.666666666603 283.1249999999999
283.333333333243 183.3333333332552 181.875
283.3333333333031 183.3333333333258 198.75
283.3333333333351 183.333333333361 215.625
283.3333333333449 183.3333333333717 232.5
283.3333333333352 183.333333333361 249.375
283.3333333333031 183.3333333333258 266.2500000000001
283.333333333243 183.3333333332552 283.125
3 6220 0 175
6046
6047
6048
6049
6050
6051
6052
6053
6054
6055
6056
6057
6058
6059
6060
6061
6062
6063
6064
6065
6066
6067
6068
6069
6070
6071
6072
6073
6074
6075
6076
6077
6078
6079
6080
6081
6082
6083
6084
6085
6086
6087
6088
6089
6090
6091
6092
6093
6094
6095
6096
6097
6098
6099
6100
6101
6102
6103
6104
6105
6106
6107
6108
6109
6110
6111
6112
6113
6114
6115
6116
6117
6118
6119
6120
6121
6122
6123
6124
6125
6126
6127
6128
6129
6130
6131
6132
6133
6134
6135
6136
6137
6138
6139
6140
6141
6142
6143
6144
6145
6146
6147
6148
6149
6150
6151
6152
6153
6154
6155
6156
6157
6158
6159
6160
6161
6162
6163
6164
6165
6166
6167
6168
6169
6170
6171
6172
6173
6174
6175
6176
6177
6178
6179
6180
6181
6182
6183
6184
6185
6186
6187
6188
6189
6190
6191
6192
6193
6194
6195
6196
6197
6198
6199
6200
6201
6202
6203
6204
6205
6206
6207
6208
6209
6210
6211
6212
6213
6214
6215
6216
6217
6218
6219
6220
16.66666666663565 216.6666666665731 181.8810771702318
16.66666666665087 216.6666666666185 198.7552094044557
16.66666666665947 216.6666666666441 215.6293413804062
16.66666666666219 216.6666666666525 232.5034732117637
16.66666666665947 216.6666666666442 249.377604960091
16.66666666665088 216.6666666666185 266.2517366609734
16.66666666663566 216.6666666665731 283.1258683361301
16.66666666664747 233.3333333331815 181.8871539900757
16.66666666666271 233.3333333332744 198.7604183758413
16.66666666667129 233.3333333333242 215.6336823424056
16.66666666667402 233.3333333333399 232.5069460622096
16.66666666667129 233.3333333333242 249.3802096371216
16.66666666666271 233.3333333332744 266.253473128431
16.66666666664749 233.3333333331815 283.1267365742186
16.66666666665145 249.9999999998878 181.8932305978517
16.66666666666667 250.0000000000231 198.7656270291684
16.66666666667526 250.0000000000884 215.6380229622184
16.66666666667798 250.0000000001081 232.510418598247
16.66666666667527 250.0000000000885 249.382814058708
16.66666666666666 250.0000000000232 266.2552094175418
16.66666666665145 249.9999999998878 283.1276047209566
16.66666666664749 266.6666666665504 181.8993070284242
16.66666666666271 266.6666666666673 198.7708353995712
16.6666666666713 266.666666666725 215.6423632654127
16.66666666667403 266.6666666667426 232.513890836353
16.6666666666713 266.666666666725 249.3854182347721
16.66666666666271 266.6666666666674 266.2569455338162
16.66666666664749 266.6666666665503 283.128472778787
16.66666666663565 283.3333333332428 181.9053832469021
16.66666666665087 283.3333333333032 198.7760434518989
16.66666666665946 283.333333333335 215.6467032264418
16.66666666666219 283.3333333333446 232.5173627600971
16.66666666665947 283.333333333335 249.3880221554491
16.66666666665087 283.3333333333031 266.2586814717921
16.66666666663566 283.3333333332428 283.1293407452943
33.33333333329359 216.6666666666081 181.8798618223659
33.33333333332562 216.6666666666533 198.754167651175
33.33333333334205 216.6666666666791 215.6284732411767
33.33333333334711 216.6666666666874 232.5027786950661
33.33333333334204 216.6666666666792 249.3770840701554
33.33333333332561 216.6666666666533 266.2513894000551
33.33333333329361 216.666666666608 283.1256947054144
33.33333333331966 233.3333333332557 181.8847233644215
33.33333333335165 233.3333333333485 198.7583349558939
33.33333333336808 233.3333333333984 215.6319461476281
33.33333333337313 233.333333333414 232.5055571010778
33.33333333336806 233.3333333333985 249.3791679138624
33.33333333335165 233.3333333333485 266.2527786452977
33.33333333331962 233.3333333332557 283.1263893323954
33.33333333332762 250.0000000000011 181.8895847368229
33.33333333335965 250.0000000001361 198.7625020061659
33.33333333337608 250.0000000002018 215.6354187803302
33.33333333338111 250.0000000002213 232.5083352555628
33.33333333337605 250.0000000002016 249.381251553214
33.3333333333596 250.0000000001362 266.2541677478627
33.3333333333276 250.0000000000009 283.1270838862962
33.33333333331963 266.6666666666476 181.8944459674615
33.33333333335165 266.6666666667644 198.7666688300984
33.33333333336807 266.6666666668222 215.6388911597374
33.33333333337314 266.6666666668399 232.5111131717024
33.33333333336807 266.6666666668222 249.3833349961478
33.33333333335163 266.6666666667645 266.2555567121586
33.33333333331962 266.6666666666475 283.1277783690707
33.33333333329362 283.3333333332915 181.8993070284241
33.3333333333256 283.3333333333518 198.7708353995711
33.33333333334206 283.3333333333837 215.6423632654125
33.33333333334711 283.3333333333937 232.5138908363529
33.33333333334205 283.3333333333837 249.3854182347719
33.3333333333256 283.3333333333518 266.256945533816
33.33333333329361 283.3333333332916 283.1284727787869
49.99999999994907 216.6666666666198 181.8786464320812
49.99999999998838 216.6666666666649 198.7531258342794
50.00000000000855 216.6666666666908 215.6276050335144
50.00000000001472 216.666666666699 232.5020841154961
50.00000000000855 216.6666666666908 249.3765631291424
49.9999999999884 216.6666666666649 266.2510421034774
49.99999999994907 216.6666666666197 283.125521056434
49.99999999998123 233.3333333332795 181.8822926539295
50.00000000002058 233.3333333333724 198.7562514087164
50.00000000004073 233.3333333334223 215.6302098159847
50.0000000000469 233.3333333334378 232.5041680142014
50.00000000004075 233.3333333334222 249.3781260884485
50.00000000002058 233.3333333333725 266.2520840908453
49.99999999998127 233.3333333332794 283.1260420540432
49.99999999999122 250.0000000000342 181.8859387485374
50.00000000003053 250.0000000001693 198.7593767923184
50.0000000000507 250.0000000002348 215.632814393143
50.0000000000569 250.0000000002545 232.5062517242615
50.0000000000507 250.0000000002348 249.379688894488
50.00000000003052 250.0000000001693 266.2531259712051
49.99999999999122 250.0000000000342 283.1265629968418
49.9999999999812 266.6666666666767 181.889584736823
50.00000000002056 266.6666666667938 198.762502006166
50.00000000004073 266.6666666668515 215.6354187803302
50.0000000000469 266.666666666869 232.5083352555629
50.00000000004073 266.6666666668513 249.3812515532142
50.00000000002058 266.6666666667938 266.2541677478628
49.99999999998124 266.6666666666769 283.1270838862961
49.99999999994905 283.3333333333071 181.8932305978518
49.99999999998838 283.3333333333674 198.7656270291684
50.00000000000855 283.3333333333992 215.6380229622183
50.00000000001472 283.3333333334091 232.5104185982472
50.00000000000855 283.3333333333993 249.382814058708
49.99999999998838 283.3333333333672 266.2552094175419
49.99999999994903 283.3333333333072 283.1276047209566
66.66666666663657 216.666666666608 181.8774310063557
66.66666666667598 216.6666666666532 198.7520839607987
66.66666666669492 216.6666666666791 215.6267367625283
66.66666666670056 216.6666666666874 232.5013894763397
66.66666666669494 216.6666666666792 249.3760421390249
66.66666666667598 216.6666666666532 266.2506947723323
66.66666666663659 216.666666666608 283.125347389672
66.66666666666966 233.3333333332558 181.8798618725561
66.66666666670905 233.3333333333485 198.7541677483693
66.66666666672798 233.3333333333983 215.6284733576938
66.66666666673363 233.3333333334139 232.5027788081523
66.66666666672802 233.3333333333984 249.3770841648255
66.66666666670906 233.3333333333486 266.251389467258
66.66666666666967 233.3333333332556 283.1256947401278
66.66666666667932 250.0000000000009 181.8822926539297
66.66666666671871 250.0000000001362 198.7562514087164
66.66666666673764 250.0000000002016 215.6302098159846
66.66666666674337 250.0000000002213 232.5041680142014
66.66666666673765 250.0000000002015 249.3781260884484
66.66666666671873 250.0000000001361 266.2520840908453
66.66666666667929 250.000000000001 283.1260420540431
66.66666666666964 266.6666666666478 181.8847233644215
66.66666666670902 266.6666666667645 198.7583349558938
66.66666666672796 266.6666666668223 215.6319461476282
66.66666666673363 266.6666666668399 232.5055571010779
66.66666666672796 266.6666666668223 249.3791679138624
66.66666666670903 266.6666666667646 266.2527786452977
66.66666666666964 266.6666666666475 283.1263893323954
66.66666666663657 283.3333333332914 181.8871539900757
66.66666666667595 283.3333333333518 198.7604183758413
66.66666666669492 283.3333333333837 215.6336823424056
66.66666666670058 283.3333333333937 232.5069460622099
66.66666666669491 283.3333333333836 249.3802096371218
66.66666666667595 283.3333333333518 266.253473128431
66.66666666663656 283.3333333332916 283.1267365742185
83.3333333333057 216.6666666665731 181.8762155382167
83.33333333332655 216.6666666666185 198.7510420237064
83.33333333333728 216.6666666666443 215.6258684231049
83.33333333334056 216.6666666666526 232.5006947743016
83.33333333333734 216.6666666666443 249.3755210978185
83.33333333332659 216.6666666666184 266.2503474055177
83.33333333330572 216.6666666665732 283.1251737046404
83.33333333332287 233.3333333331815 181.8774310063556
83.33333333334373 233.3333333332743 198.7520839607987
83.3333333333545 233.3333333333241 215.6267367625282
83.33333333335779 233.3333333333398 232.5013894763397
83.33333333335449 233.3333333333242 249.3760421390249
83.33333333334373 233.3333333332743 266.2506947723322
83.33333333332287 233.3333333331814 283.125347389672
83.33333333332821 249.9999999998879 181.8786464320812
83.33333333334907 250.0000000000231 198.7531258342794
83.3333333333598 250.0000000000885 215.6276050335144
83.33333333336309 250.0000000001082 232.5020841154961
83.33333333335986 250.0000000000885 249.3765631291423
83.33333333334907 250.000000000023 266.2510421034773
83.33333333332824 249.999999999888 283.125521056434
83.33333333332283 266.6666666665503 181.8798618223659
83.33333333334369 266.6666666666671 198.754167651175
83.33333333335443 266.6666666667251 215.6284732411767
83.33333333335773 266.6666666667426 232.5027786950662
83.33333333335449 266.6666666667251 249.3770840701555
83.33333333334369 266.6666666666673 266.2513894000552
83.3333333333228 266.6666666665504 283.1256947054144
83.33333333330573 283.3333333332428 181.8810771702318
83.33333333332654 283.3333333333031 198.7552094044559
83.33333333333728 283.3333333333349 215.6293413804062
83.33333333334056 283.3333333333446 232.5034732117638
83.33333333333732 283.333333333335 249.377604960091
83.33333333332651 283.3333333333031 266.2517366609735
83.3333333333057 283.3333333332428 283.1258683361299
3 6221 0 175
6221
6222
6223
6224
6225
6226
6227
6228
6229
6230
6231
6232
6233
6234
6235
6236
6237
6238
6239
6240
6241
6242
6243
6244
6245
6246
6247
6248
6249
6250
6251
6252
6253
6254
6255
6256
6257
6258
6259
6260
6261
6262
6263
6264
6265
6266
6267
6268
6269
6270
6271
6272
6273
6274
6275
6276
6277
6278
6279
6280
6281
6282
6283
6284
6285
6286
6287
6288
6289
6290
6291
6292
6293
6294
6295
6296
6297
6298
6299
6300
6301
6302
6303
6304
6305
6306
6307
6308
6309
6310
6311
6312
6313
6314
6315
6316
6317
6318
6319
6320
6321
6322
6323
6324
6325
6326
6327
6328
6329
6330
6331
6332
6333
6334
6335
6336
6337
6338
6339
6340
6341
6342
6343
6344
6345
6346
6347
6348
6349
6350
6351
6352
6353
6354
6355
6356
6357
6358
6359
6360
6361
6362
6363
6364
6365
6366
6367
6368
6369
6370
6371
6372
6373
6374
6375
6376
6377
6378
6379
6380
6381
6382
6383
6384
6385
6386
6387
6388
6389
6390
6391
6392
6393
6394
6395
116.6666666665813 216.666666666573 181.875
116.6666666666171 216.6666666666185 198.7499999999999
116.6666666666381 216.6666666666442 215.625
116.6666666666451 216.6666666666525 232.5
116.6666666666381 216.6666666666441 249.375
116.666666666617 216.6666666666184 266.2499999999999
116.6666666665813 216.6666666665731 283.125
116.6666666666079 233.3333333331815 181.875
116.6666666666436 233.3333333332744 198.75
116.6666666666648 233.3333333333241 215.625
116.6666666666716 233.3333333333397 232.4999999999999
116.6666666666648 233.3333333333242 249.375
116.6666666666436 233.3333333332744 266.2500000000001
116.6666666666079 233.3333333331815 283.125
116.6666666666171 249.9999999998878 181.875
116.6666666666527 250.0000000000232 198.7499999999999
116.6666666666739 250.0000000000885 215.625
116.6666666666808 250.0000000001081 232.4999999999999
116.6666666666739 250.0000000000885 249.375
116.6666666666527 250.0000000000231 266.2500000000001
116.6666666666171 249.999999999888 283.125
116.6666666666079 266.6666666665505 181.8749999999999
116.6666666666436 266.6666666666674 198.75
116.6666666666648 266.6666666667251 215.625
116.6666666666717 266.6666666667426 232.5
116.6666666666648 266.6666666667251 249.3750000000001
116.6666666666436 266.6666666666674 266.25
116.6666666666079 266.6666666665504 283.125
116.6666666665813 283.3333333332428 181.875
116.6666666666171 283.3333333333029 198.75
116.6666666666382 283.333333333335 215.625
116.666666666645 283.3333333333449 232.5
116.6666666666382 283.333333333335 249.375
116.666666666617 283.333333333303 266.25
116.6666666665813 283.3333333332428 283.125
133.3333333331866 216.6666666666081 181.875
133.3333333332612 216.6666666666532 198.7499999999999
133.3333333333029 216.666666666679 215.625
133.3333333333163 216.6666666666873 232.5
133.333333333303 216.666666666679 249.375
133.3333333332612 216.6666666666532 266.2499999999999
133.3333333331867 216.6666666666079 283.125
133.3333333332444 233.3333333332558 181.875
133.3333333333189 233.3333333333485 198.75
133.3333333333608 233.3333333333983 215.625
133.3333333333742 233.333333333414 232.5
133.3333333333607 233.3333333333983 249.375
133.3333333333189 233.3333333333485 266.25
133.3333333332444 233.3333333332556 283.125
133.3333333332637 250.000000000001 181.875
133.3333333333381 250.0000000001363 198.7499999999999
133.3333333333799 250.0000000002017 215.6249999999999
133.3333333333934 250.0000000002212 232.5
133.33333333338 250.0000000002018 249.375
133.3333333333381 250.0000000001361 266.25
133.3333333332637 250.000000000001 283.125
133.3333333332444 266.6666666666476 181.875
133.3333333333189 266.6666666667645 198.75
133.3333333333609 266.6666666668222 215.6249999999999
133.3333333333742 266.6666666668399 232.5
133.3333333333607 266.6666666668222 249.3750000000001
133.3333333333189 266.6666666667647 266.25
133.3333333332444 266.6666666666475 283.1250000000001
133.3333333331867 283.3333333332913 181.875
133.3333333332611 283.3333333333517 198.75
133.333333333303 283.3333333333837 215.625
133.3333333333164 283.3333333333936 232.5
133.3333333333031 283.3333333333836 249.3750000000001
133.3333333332612 283.3333333333518 266.25
133.3333333331867 283.3333333332916 283.125
149.9999999998562 216.6666666666196 181.875
149.9999999999708 216.6666666666649 198.75
150.0000000000293 216.6666666666907 215.625
150.0000000000473 216.6666666666991 232.5
150.0000000000294 216.6666666666908 249.375
149.9999999999707 216.6666666666648 266.2499999999999
149.9999999998563 216.6666666666195 283.125
149.9999999999501 233.3333333332795 181.875
150.0000000000646 233.3333333333725 198.75
150.0000000001232 233.3333333334223 215.625
150.0000000001411 233.3333333334378 232.4999999999999
150.0000000001232 233.3333333334222 249.375
150.0000000000647 233.3333333333724 266.2499999999999
149.9999999999502 233.3333333332794 283.1249999999999
149.9999999999792 250.0000000000342 181.875
150.0000000000936 250.0000000001694 198.7500000000001
150.0000000001522 250.0000000002348 215.6249999999999
150.0000000001701 250.0000000002547 232.4999999999999
150.0000000001523 250.0000000002349 249.3749999999999
150.0000000000937 250.0000000001694 266.2499999999999
149.9999999999792 250.0000000000342 283.1249999999999
149.9999999999501 266.666666666677 181.8749999999999
150.0000000000647 266.6666666667938 198.75
150.0000000001232 266.6666666668515 215.6249999999999
150.0000000001411 266.6666666668691 232.4999999999999
150.0000000001233 266.6666666668515 249.375
150.0000000000648 266.6666666667938 266.2499999999999
149.9999999999502 266.6666666666769 283.125
149.9999999998563 283.3333333333073 181.875
149.9999999999708 283.3333333333674 198.75
150.0000000000294 283.3333333333995 215.625
150.0000000000473 283.3333333334093 232.4999999999999
150.0000000000295 283.3333333333993 249.375
149.9999999999708 283.3333333333674 266.25
149.9999999998564 283.3333333333073 283.125
166.666666666603 216.666666666608 181.875
166.6666666667334 216.6666666666532 198.75
166.6666666667938 216.666666666679 215.625
166.6666666668116 216.6666666666873 232.5
166.6666666667938 216.666666666679 249.375
166.6666666667334 216.6666666666532 266.2499999999999
166.6666666666031 216.666666666608 283.1249999999999
166.6666666667146 233.3333333332558 181.875
166.6666666668449 233.3333333333485 198.75
166.6666666669052 233.3333333333983 215.625
166.666666666923 233.333333333414 232.5
166.6666666669053 233.3333333333983 249.375
166.666666666845 233.3333333333485 266.2500000000002
166.6666666667146 233.3333333332556 283.125
166.6666666667464 250.0000000000009 181.875
166.6666666668766 250.0000000001361 198.7500000000001
166.6666666669371 250.0000000002016 215.625
166.6666666669548 250.0000000002212 232.5
166.6666666669371 250.0000000002015 249.375
166.6666666668767 250.0000000001361 266.2500000000001
166.6666666667464 250.0000000000011 283.125
166.6666666667145 266.6666666666475 181.8749999999999
166.6666666668449 266.6666666667645 198.7500000000001
166.6666666669053 266.6666666668222 215.625
166.666666666923 266.6666666668399 232.5
166.6666666669053 266.6666666668222 249.3750000000001
166.666666666845 266.6666666667645 266.2500000000001
166.6666666667146 266.6666666666475 283.125
166.6666666666031 283.3333333332916 181.875
166.6666666667334 283.3333333333517 198.75
166.6666666667938 283.3333333333837 215.625
166.6666666668115 283.3333333333936 232.4999999999999
166.6666666667938 283.3333333333837 249.375
166.6666666667335 283.3333333333518 266.2500000000001
166.6666666666031 283.3333333332915 283.125
183.3333333332552 216.6666666665731 181.875
183.3333333333256 216.6666666666186 198.75
183.333333333361 216.6666666666442 215.625
183.3333333333715 216.6666666666525 232.5
183.3333333333609 216.6666666666442 249.375
183.3333333333258 216.6666666666183 266.25
183.3333333332553 216.6666666665732 283.125
183.3333333333143 233.3333333331815 181.875
183.3333333333849 233.3333333332744 198.7499999999999
183.3333333334201 233.333333333324 215.625
183.3333333334307 233.3333333333397 232.5
183.3333333334201 233.3333333333242 249.375
183.3333333333848 233.3333333332744 266.2500000000001
183.3333333333144 233.3333333331815 283.1249999999999
183.3333333333326 249.9999999998879 181.875
183.3333333334031 250.0000000000229 198.75
183.3333333334383 250.0000000000886 215.625
183.333333333449 250.0000000001082 232.5
183.3333333334383 250.0000000000885 249.375
183.333333333403 250.000000000023 266.25
183.3333333333325 249.9999999998879 283.125
183.3333333333144 266.6666666665503 181.875
183.3333333333849 266.6666666666671 198.75
183.3333333334201 266.666666666725 215.625
183.3333333334308 266.6666666667425 232.5
183.3333333334203 266.666666666725 249.3750000000002
183.3333333333849 266.6666666666673 266.2500000000001
183.3333333333144 266.6666666665502 283.125
183.3333333332553 283.3333333332428 181.875
183.3333333333257 283.333333333303 198.75
183.333333333361 283.3333333333351 215.625
183.3333333333717 283.3333333333449 232.5
183.333333333361 283.333333333335 249.3750000000001
183.3333333333257 283.333333333303 266.2500000000001
183.3333333332553 283.3333333332428 283.125
3 6222 0 175
6396
6397
6398
6399
6400
6401
6402
6403
6404
6405
6406
6407
6408
6409
6410
6411
6412
6413
6414
6415
6416
6417
6418
6419
6420
6421
6422
6423
6424
6425
6426
6427
6428
6429
6430
6431
6432
6433
6434
6435
6436
6437
6438
6439
6440
6441
6442
6443
6444
6445
6446
6447
6448
6449
6450
6451
6452
6453
6454
6455
6456
6457
6458
6459
6460
6461
6462
6463
6464
6465
6466
6467
6468
6469
6470
6471
6472
6473
6474
6475
6476
6477
6478
6479
6480
6481
6482
6483
6484
6485
6486
6487
6488
6489
6490
6491
6492
6493
6494
6495
6496
6497
6498
6499
6500
6501
6502
6503
6504
6505
6506
6507
6508
6509
6510
6511
6512
6513
6514
6515
6516
6517
6518
6519
6520
6521
6522
6523
6524
6525
6526
6527
6528
6529
6530
6531
6532
6533
6534
6535
6536
6537
6538
6539
6540
6541
6542
6543
6544
6545
6546
6547
6548
6549
6550
6551
6552
6553
6554
6555
6556
6557
6558
6559
6560
6561
6562
6563
6564
6565
6566
6567
6568
6569
6570
216.6666666665732 216.6666666665732 181.875
216.6666666666186 216.6666666666186 198.75
216.6666666666443 216.6666666666444 215.6250000000001
216.6666666666527 216.6666666666527 232.5
216.6666666666444 216.6666666666444 249.375
216.6666666666185 216.6666666666185 266.25
216.6666666665732 216.6666666665732 283.1249999999999
216.6666666666081 233.3333333331815 181.875
216.6666666666532 233.3333333332745 198.75
216.6666666666792 233.3333333333241 215.625
216.6666666666874 233.3333333333399 232.5
216.6666666666791 233.3333333333242 249.375
216.6666666666532 233.3333333332743 266.2499999999999
216.666666666608 233.3333333331815 283.1249999999999
216.6666666666199 249.999999999888 181.875
216.6666666666651 250.0000000000232 198.75
216.666666666691 250.0000000000886 215.625
216.6666666666992 250.0000000001081 232.5
216.6666666666908 250.0000000000886 249.375
216.6666666666651 250.0000000000232 266.25
216.6666666666198 249.999999999888 283.1249999999999
216.6666666666081 266.6666666665506 181.875
216.6666666666532 266.6666666666674 198.75
216.6666666666793 266.6666666667251 215.625
216.6666666666874 266.6666666667426 232.5
216.6666666666791 266.6666666667251 249.3750000000001
216.6666666666534 266.6666666666674 266.25
216.666666666608 266.6666666665504 283.125
216.6666666665731 283.3333333332427 181.875
216.6666666666185 283.333333333303 198.75
216.6666666666443 283.3333333333348 215.625
216.6666666666526 283.3333333333446 232.5
216.6666666666443 283.333333333335 249.375
216.6666666666184 283.333333333303 266.2499999999999
216.6666666665732 283.3333333332428 283.125
233.3333333331815 216.6666666666081 181.875
233.3333333332745 216.6666666666533 198.75
233.3333333333241 216.6666666666791 215.625
233.3333333333398 216.6666666666874 232.5
233.3333333333244 216.6666666666791 249.375
233.3333333332744 216.6666666666532 266.2499999999998
233.3333333331814 216.6666666666079 283.1249999999999
233.3333333332557 233.3333333332557 181.875
233.3333333333488 233.3333333333488 198.75
233.3333333333983 233.3333333333984 215.625
233.333333333414 233.333333333414 232.5
233.3333333333985 233.3333333333983 249.3750000000001
233.3333333333485 233.3333333333485 266.25
233.3333333332557 233.3333333332557 283.1249999999999
233.3333333332797 250.0000000000011 181.875
233.3333333333726 250.0000000001361 198.7500000000001
233.3333333334223 250.0000000002017 215.625
233.333333333438 250.0000000002214 232.5
233.3333333334224 250.0000000002017 249.3750000000001
233.3333333333725 250.0000000001362 266.2500000000001
233.3333333332797 250.000000000001 283.1249999999999
233.3333333332559 266.6666666666475 181.8749999999999
233.3333333333488 266.6666666667645 198.7500000000001
233.3333333333985 266.6666666668222 215.625
233.333333333414 266.6666666668399 232.5
233.3333333333986 266.6666666668222 249.3750000000001
233.3333333333486 266.6666666667647 266.25
233.3333333332557 266.6666666666475 283.125
233.3333333331815 283.3333333332914 181.875
233.3333333332745 283.3333333333518 198.75
233.3333333333241 283.3333333333838 215.625
233.3333333333397 283.3333333333935 232.5
233.3333333333243 283.3333333333837 249.375
233.3333333332745 283.3333333333519 266.25
233.3333333331815 283.3333333332916 283.125
249.9999999998879 216.6666666666198 181.875
250.0000000000233 216.6666666666651 198.75
250.0000000000888 216.666666666691 215.6250000000001
250.0000000001081 216.6666666666992 232.5
250.0000000000886 216.6666666666909 249.375
250.0000000000232 216.666666666665 266.2499999999999
249.9999999998878 216.6666666666198 283.1249999999999
250.000000000001 233.3333333332797 181.875
250.0000000001362 233.3333333333726 198.75
250.0000000002018 233.3333333334223 215.625
250.0000000002215 233.3333333334379 232.5
250.0000000002018 233.3333333334224 249.375
250.0000000001362 233.3333333333725 266.2500000000001
250.000000000001 233.3333333332796 283.1249999999999
250.0000000000344 250.0000000000343 181.875
250.0000000001695 250.0000000001694 198.75
250.0000000002349 250.0000000002349 215.625
250.0000000002547 250.0000000002547 232.4999999999999
250.0000000002351 250.000000000235 249.375
250.0000000001695 250.0000000001694 266.2500000000001
250.0000000000344 250.0000000000343 283.1249999999999
250.000000000001 266.6666666666771 181.875
250.0000000001363 266.6666666667939 198.75
250.0000000002018 266.6666666668517 215.625
250.0000000002215 266.6666666668691 232.5
250.0000000002017 266.6666666668516 249.3750000000001
250.0000000001361 266.6666666667938 266.25
250.000000000001 266.666666666677 283.125
249.999999999888 283.3333333333072 181.875
250.0000000000233 283.3333333333674 198.75
250.0000000000888 283.3333333333992 215.625
250.0000000001082 283.3333333334091 232.5
250.0000000000888 283.3333333333993 249.375
250.0000000000232 283.3333333333675 266.2500000000001
249.999999999888 283.3333333333072 283.125
266.6666666665504 216.6666666666081 181.875
266.6666666666674 216.6666666666534 198.75
266.6666666667251 216.6666666666792 215.625
266.6666666667424 216.6666666666874 232.5
266.6666666667251 216.6666666666792 249.375
266.6666666666674 216.6666666666534 266.25
266.6666666665504 216.666666666608 283.125
266.6666666666475 233.3333333332558 181.875
266.6666666667645 233.3333333333488 198.75
266.6666666668222 233.3333333333984 215.625
266.66666666684 233.333333333414 232.5
266.6666666668222 233.3333333333984 249.3750000000001
266.6666666667647 233.3333333333485 266.2500000000001
266.6666666666475 233.3333333332558 283.125
266.666666666677 250.000000000001 181.875
266.666666666794 250.0000000001362 198.75
266.6666666668516 250.0000000002018 215.625
266.6666666668689 250.0000000002215 232.5
266.6666666668516 250.0000000002017 249.3750000000001
266.6666666667938 250.0000000001362 266.25
266.666666666677 250.000000000001 283.125
266.6666666666475 266.6666666666475 181.875
266.6666666667645 266.6666666667645 198.7500000000001
266.6666666668223 266.6666666668223 215.625
266.6666666668399 266.6666666668399 232.5
266.6666666668222 266.6666666668222 249.3750000000002
266.6666666667647 266.6666666667647 266.2500000000001
266.6666666666475 266.6666666666475 283.1250000000001
266.6666666665504 283.3333333332915 181.875
266.6666666666673 283.3333333333517 198.75
266.666666666725 283.3333333333836 215.625
266.6666666667424 283.3333333333936 232.5
266.666666666725 283.3333333333836 249.3750000000001
266.6666666666673 283.3333333333517 266.2500000000001
266.6666666665503 283.3333333332915 283.125
283.3333333332428 216.6666666665731 181.8749999999999
283.333333333303 216.6666666666185 198.75
283.333333333335 216.6666666666443 215.625
283.3333333333448 216.6666666666526 232.5
283.333333333335 216.6666666666444 249.375
283.3333333333032 216.6666666666184 266.2499999999998
283.3333333332429 216.6666666665731 283.1249999999999
283.3333333332917 233.3333333331816 181.875
283.3333333333518 233.3333333332745 198.75
283.3333333333839 233.3333333333242 215.625
283.3333333333937 233.33333333334 232.5
283.333333333384 233.3333333333242 249.375
283.333333333352 233.3333333332745 266.2499999999999
283.3333333332918 233.3333333331815 283.125
283.3333333333072 249.9999999998879 181.875
283.3333333333674 250.0000000000232 198.75
283.3333333333993 250.0000000000885 215.625
283.333333333409 250.0000000001082 232.5
283.3333333333994 250.0000000000886 249.375
283.3333333333675 250.0000000000232 266.25
283.3333333333072 249.999999999888 283.125
283.3333333332917 266.6666666665503 181.875
283.3333333333517 266.6666666666673 198.75
283.3333333333838 266.666666666725 215.625
283.3333333333936 266.6666666667425 232.5
283.3333333333838 266.666666666725 249.3750000000001
283.333333333352 266.6666666666673 266.2500000000001
283.3333333332918 266.6666666665503 283.125
283.333333333243 283.3333333332429 181.875
283.3333333333032 283.333333333303 198.75
283.3333333333351 283.333333333335 215.625
283.333333333345 283.3333333333447 232.5
283.3333333333354 283.3333333333351 249.375
283.3333333333031 283.3333333333032 266.25
283.3333333332429 283.3333333332429 283.125
$EndNodes
$Elements
27 5508 1 5508
3 6000 5 288
1 1 67 791 297 567 1741 3421 2581 
2 567 1741 3421 2581 568 1742 3422 2582 
3 568 1742 3422 2582 569 1743 3423 2583 
4 569 1743 3423 2583 570 1744 3424 2584 
5 570 1744 3424 2584 571 1745 3425 2585 
6 571 1745 3425 2585 572 1746 3426 2586 
7 572 1746 3426 2586 573 1747 3427 2587 
8 573 1747 3427 2587 17 127 1016 357 
9 297 791 792 298 2581 3421 3428 2588 
10 2581 3421 3428 2588 2582 3422 3429 2589 
11 2582 3422 3429 2589 2583 3423 3430 2590 
12 2583 3423 3430 2590 2584 3424 3431 2591 
13 2584 3424 3431 2591 2585 3425 3432 2592 
14 2585 3425 3432 2592 2586 3426 3433 2593 
15 2586 3426 3433 2593 2587 3427 3434 2594 
16 2587 3427 3434 2594 357 1016 1017 358 
17 298 792 793 299 2588 3428 3435 2595 
18 2588 3428 3435 2595 2589 3429 3436 2596 
19 2589 3429 3436 2596 2590 3430 3437 2597 
20 2590 3430 3437 2597 2591 3431 3438 2598 
21 2591 3431 3438 2598 2592 3432 3439 2599 
22 2592 3432 3439 2599 2593 3433 3440 2600 
23 2593 3433 3440 2600 2594 3434 3441 2601 
24 2594 3434 3441 2601 358 1017 1018 359 
25 299 793 794 300 2595 3435 3442 2602 
26 2595 3435 3442 2602 2596 3436 3443 2603 
27 2596 3436 3443 2603 2597 3437 3444 2604 
28 2597 3437 3444 2604 2598 3438 3445 2605 
29 2598 3438 3445 2605 2599 3439 3446 2606 
30 2599 3439 3446 2606 2600 3440 3447 2607 
31 2600 3440 3447 2607 2601 3441 3448 2608 
32 2601 3441 3448 2608 359 1018 1019 360 
33 300 794 795 301 2602 3442 3449 2609 
34 2602 3442 3449 2609 2603 3443 3450 2610 
35 2603 3443 3450 2610 2604 3444 3451 2611 
36 2604 3444 3451 2611 2605 3445 3452 2612 
37 2605 3445 3452 2612 2606 3446 3453 2613 
38 2606 3446 3453 2613 2607 3447 3454 2614 
39 2607 3447 3454 2614 2608 3448 3455 2615 
40 2608 3448 3455 2615 360 1019 1020 361 
41 301 795 82 5 2609 3449 1846 595 
42 2609 3449 1846 595 2610 3450 1847 596 
43 2610 3450 1847 596 2611 3451 1848 597 
44 2611 3451 1848 597 2612 3452 1849 598 
45 2612 3452 1849 598 2613 3453 1850 599 
46 2613 3453 1850 599 2614 3454 1851 600 
47 2614 3454 1851 600 2615 3455 1852 601 
48 2615 3455 1852 601 361 1020 137 20 
49 67 68 796 791 1741 1748 3456 3421 
50 1741 1748 3456 3421 1742 1749 3457 3422 
51 1742 1749 3457 3422 1743 1750 3458 3423 
52 1743 1750 3458 3423 1744 1751 3459 3424 
53 1744 1751 3459 3424 1745 1752 3460 3425 
54 1745 1752 3460 3425 1746 1753 3461 3426 
55 1746 1753 3461 3426 1747 1754 3462 3427 
56 1747 1754 3462 3427 127 128 1021 1016 
57 791 796 797 792 3421 3456 3463 3428 
58 3421 3456 3463 3428 3422 3457 3464 3429 
59 3422 3457 3464 3429 3423 3458 3465 3430 
60 3423 3458 3465 3430 3424 3459 3466 3431 
61 3424 3459 3466 3431 3425 3460 3467 3432 
62 3425 3460 3467 3432 3426 3461 3468 3433 
63 3426 3461 3468 3433 3427 3462 3469 3434 
64 3427 3462 3469 3434 1016 1021 1022 1017 
65 792 797 798 793 3428 3463 3470 3435 
66 3428 3463 3470 3435 3429 3464 3471 3436 
67 3429 3464 3471 3436 3430 3465 3472 3437 
68 3430 3465 3472 3437 3431 3466 3473 3438 
69 3431 3466 3473 3438 3432 3467 3474 3439 
70 3432 3467 3474 3439 3433 3468 3475 3440 
71 3433 3468 3475 3440 3434 3469 3476 3441 
72 3434 3469 3476 3441 1017 1022 1023 1018 
73 793 798 799 794 3435 3470 3477 3442 
74 3435 3470 3477 3442 3436 3471 3478 3443 
75 3436 3471 3478 3443 3437 3472 3479 3444 
76 3437 3472 3479 3444 3438 3473 3480 3445 
77 3438 3473 3480 3445 3439 3474 3481 3446 
78 3439 3474 3481 3446 3440 3475 3482 3447 
79 3440 3475 3482 3447 3441 3476 3483 3448 
80 3441 3476 3483 3448 1018 1023 1024 1019 
81 794 799 800 795 3442 3477 3484 3449 
82 3442 3477 3484 3449 3443 3478 3485 3450 
83 3443 3478 3485 3450 3444 3479 3486 3451 
84 3444 3479 3486 3451 3445 3480 3487 3452 
85 3445 3480 3487 3452 3446 3481 3488 3453 
86 3446 3481 3488 3453 3447 3482 3489 3454 
87 3447 3482 3489 3454 3448 3483 3490 3455 
88 3448 3483 3490 3455 1019 1024 1025 1020 
89 795 800 83 82 3449 3484 1853 1846 
90 3449 3484 1853 1846 3450 3485 1854 1847 
91 3450 3485 1854 1847 3451 3486 1855 1848 
92 3451 3486 1855 1848 3452 3487 1856 1849 
93 3452 3487 1856 1849 3453 3488 1857 1850 
94 3453 3488 1857 1850 3454 3489 1858 1851 
95 3454 3489 1858 1851 3455 3490 1859 1852 
96 3455 3490 1859 1852 1020 1025 138 137 
97 68 69 801 796 1748 1755 3491 3456 
98 1748 1755 3491 3456 1749 1756 3492 3457 
99 1749 1756 3492 3457 1750 1757 3493 3458 
100 1750 1757 3493 3458 1751 1758 3494 3459 
101 1751 1758 3494 3459 1752 1759 3495 3460 
102 1752 1759 3495 3460 1753 1760 3496 3461 
103 1753 1760 3496 3461 1754 1761 3497 3462 
104 1754 1761 3497 3462 128 129 1026 1021 
105 796 801 802 797 3456 3491 3498 3463 
106 3456 3491 3498 3463 3457 3492 3499 3464 
107 3457 3492 3499 3464 3458 3493 3500 3465 
108 3458 3493 3500 3465 3459 3494 3501 3466 
109 3459 3494 3501 3466 3460 3495 3502 3467 
110 3460 3495 3502 3467 3461 3496 3503 3468 
111 3461 3496 3503 3468 3462 3497 3504 3469 
112 3462 3497 3504 3469 1021 1026 1027 1022 
113 797 802 803 798 3463 3498 3505 3470 
114 3463 3498 3505 3470 3464 3499 3506 3471 
115 3464 3499 3506 3471 3465 3500 3507 3472 
116 3465 3500 3507 3472 3466 3501 3508 3473 
117 3466 3501 3508 3473 3467 3502 3509 3474 
118 3467 3502 3509 3474 3468 3503 3510 3475 
119 3468 3503 3510 3475 3469 3504 3511 3476 
120 3469 3504 3511 3476 1022 1027 1028 1023 
121 798 803 804 799 3470 3505 3512 3477 
122 3470 3505 3512 3477 3471 3506 3513 3478 
123 3471 3506 3513 3478 3472 3507 3514 3479 
124 3472 3507 3514 3479 3473 3508 3515 3480 
125 3473 3508 3515 3480 3474 3509 3516 3481 
126 3474 3509 3516 3481 3475 3510 3517 3482 
127 3475 3510 3517 3482 3476 3511 3518 3483 
128 3476 3511 3518 3483 1023 1028 1029 1024 
129 799 804 805 800 3477 3512 3519 3484 
130 3477 3512 3519 3484 3478 3513 3520 3485 
131 3478 3513 3520 3485 3479 3514 3521 3486 
132 3479 3514 3521 3486 3480 3515 3522 3487 
133 3480 3515 3522 3487 3481 3516 3523 3488 
134 3481 3516 3523 3488 3482 3517 3524 3489 
135 3482 3517 3524 3489 3483 3518 3525 3490 
136 3483 3518 3525 3490 1024 1029 1030 1025 
137 800 805 84 83 3484 3519 1860 1853 
138 3484 3519 1860 1853 3485 3520 1861 1854 
139 3485 3520 1861 1854 3486 3521 1862 1855 
140 3486 3521 1862 1855 3487 3522 1863 1856 
141 3487 3522 1863 1856 3488 3523 1864 1857 
142 3488 3523 1864 1857 3489 3524 1865 1858 
143 3489 3524 1865 1858 3490 3525 1866 1859 
144 3490 3525 1866 1859 1025 1030 139 138 
145 69 70 806 801 1755 1762 3526 3491 
146 1755 1762 3526 3491 1756 1763 3527 3492 
147 1756 1763 3527 3492 1757 1764 3528 3493 
148 1757 1764 3528 3493 1758 1765 3529 3494 
149 1758 1765 3529 3494 1759 1766 3530 3495 
150 1759 1766 3530 3495 1760 1767 3531 3496 
151 1760 1767 3531 3496 1761 1768 3532 3497 
152 1761 1768 3532 3497 129 130 1031 1026 
153 801 806 807 802 3491 3526 3533 3498 
154 3491 3526 3533 3498 3492 3527 3534 3499 
155 3492 3527 3534 3499 3493 3528 3535 3500 
156 3493 3528 3535 3500 3494 3529 3536 3501 
157 3494 3529 3536 3501 3495 3530 3537 3502 
158 3495 3530 3537 3502 3496 3531 3538 3503 
159 3496 3531 3538 3503 3497 3532 3539 3504 
160 3497 3532 3539 3504 1026 1031 1032 1027 
161 802 807 808 803 3498 3533 3540 3505 
162 3498 3533 3540 3505 3499 3534 3541 3506 
163 3499 3534 3541 3506 3500 3535 3542 3507 
164 3500 3535 3542 3507 3501 3536 3543 3508 
165 3501 3536 3543 3508 3502 3537 3544 3509 
166 3502 3537 3544 3509 3503 3538 3545 3510 
167 3503 3538 3545 3510 3504 3539 3546 3511 
168 3504 3539 3546 3511 1027 1032 1033 1028 
169 803 808 809 804 3505 3540 3547 3512 
170 3505 3540 3547 3512 3506 3541 3548 3513 
171 3506 3541 3548 3513 3507 3542 3549 3514 
172 3507 3542 3549 3514 3508 3543 3550 3515 
173 3508 3543 3550 3515 3509 3544 3551 3516 
174 3509 3544 3551 3516 3510 3545 3552 3517 
175 3510 3545 3552 3517 3511 3546 3553 3518 
176 3511 3546 3553 3518 1028 1033 1034 1029 
177 804 809 810 805 3512 3547 3554 3519 
178 3512 3547 3554 3519 3513 3548 3555 3520 
179 3513 3548 3555 3520 3514 3549 3556 3521 
180 3514 3549 3556 3521 3515 3550 3557 3522 
181 3515 3550 3557 3522 3516 3551 3558 3523 
182 3516 3551 3558 3523 3517 3552 3559 3524 
183 3517 3552 3559 3524 3518 3553 3560 3525 
184 3518 3553 3560 3525 1029 1034 1035 1030 
185 805 810 85 84 3519 3554 1867 1860 
186 3519 3554 1867 1860 3520 3555 1868 1861 
187 3520 3555 1868 1861 3521 3556 1869 1862 
188 3521 3556 1869 1862 3522 3557 1870 1863 
189 3522 3557 1870 1863 3523 3558 1871 1864 
190 3523 3558 1871 1864 3524 3559 1872 1865 
191 3524 3559 1872 1865 3525 3560 1873 1866 
192 3525 3560 1873 1866 1030 1035 140 139 
193 70 71 811 806 1762 1769 3561 3526 
194 1762 1769 3561 3526 1763 1770 3562 3527 
195 1763 1770 3562 3527 1764 1771 3563 3528 
196 1764 1771 3563 3528 1765 1772 3564 3529 
197 1765 1772 3564 3529 1766 1773 3565 3530 
198 1766 1773 3565 3530 1767 1774 3566 3531 
199 1767 1774 3566 3531 1768 1775 3567 3532 
200 1768 1775 3567 3532 130 131 1036 1031 
201 806 811 812 807 3526 3561 3568 3533 
202 3526 3561 3568 3533 3527 3562 3569 3534 
203 3527 3562 3569 3534 3528 3563 3570 3535 
204 3528 3563 3570 3535 3529 3564 3571 3536 
205 3529 3564 3571 3536 3530 3565 3572 3537 
206 3530 3565 3572 3537 3531 3566 3573 3538 
207 3531 3566 3573 3538 3532 3567 3574 3539 
208 3532 3567 3574 3539 1031 1036 1037 1032 
209 807 812 813 808 3533 3568 3575 3540 
210 3533 3568 3575 3540 3534 3569 3576 3541 
211 3534 3569 3576 3541 3535 3570 3577 3542 
212 3535 3570 3577 3542 3536 3571 3578 3543 
213 3536 3571 3578 3543 3537 3572 3579 3544 
214 3537 3572 3579 3544 3538 3573 3580 3545 
215 3538 3573 3580 3545 3539 3574 3581 3546 
216 3539 3574 3581 3546 1032 1037 1038 1033 
217 808 813 814 809 3540 3575 3582 3547 
218 3540 3575 3582 3547 3541 3576 3583 3548 
219 3541 3576 3583 3548 3542 3577 3584 3549 
220 3542 3577 3584 3549 3543 3578 3585 3550 
221 3543 3578 3585 3550 3544 3579 3586 3551 
222 3544 3579 3586 3551 3545 3580 3587 3552 
223 3545 3580 3587 3552 3546 3581 3588 3553 
224 3546 3581 3588 3553 1033 1038 1039 1034 
225 809 814 815 810 3547 3582 3589 3554 
226 3547 3582 3589 3554 3548 3583 3590 3555 
227 3548 3583 3590 3555 3549 3584 3591 3556 
228 3549 3584 3591 3556 3550 3585 3592 3557 
229 3550 3585 3592 3557 3551 3586 3593 3558 
230 3551 3586 3593 3558 3552 3587 3594 3559 
231 3552 3587 3594 3559 3553 3588 3595 3560 
232 3553 3588 3595 3560 1034 1039 1040 1035 
233 810 815 86 85 3554 3589 1874 1867 
234 3554 3589 1874 1867 3555 3590 1875 1868 
235 3555 3590 1875 1868 3556 3591 1876 1869 
236 3556 3591 1876 1869 3557 3592 1877 1870 
237 3557 3592 1877 1870 3558 3593 1878 1871 
238 3558 3593 1878 1871 3559 3594 1879 1872 
239 3559 3594 1879 1872 3560 3595 1880 1873 
240 3560 3595 1880 1873 1035 1040 141 140 
241 71 2 312 811 1769 574 2686 3561 
242 1769 574 2686 3561 1770 575 2687 3562 
243 1770 575 2687 3562 1771 576 2688 3563 
244 1771 576 2688 3563 1772 577 2689 3564 
245 1772 577 2689 3564 1773 578 2690 3565 
246 1773 578 2690 3565 1774 579 2691 3566 
247 1774 579 2691 3566 1775 580 2692 3567 
248 1775 580 2692 3567 131 18 372 1036 
249 811 312 313 812 3561 2686 2693 3568 
250 3561 2686 2693 3568 3562 2687 2694 3569 
251 3562 2687 2694 3569 3563 2688 2695 3570 
252 3563 2688 2695 3570 3564 2689 2696 3571 
253 3564 2689 2696 3571 3565 2690 2697 3572 
254 3565 2690 2697 3572 3566 2691 2698 3573 
255 3566 2691 2698 3573 3567 2692 2699 3574 
256 3567 2692 2699 3574 1036 372 373 1037 
257 812 313 314 813 3568 2693 2700 3575 
258 3568 2693 2700 3575 3569 2694 2701 3576 
259 3569 2694 2701 3576 3570 2695 2702 3577 
260 3570 2695 2702 3577 3571 2696 2703 3578 
261 3571 2696 2703 3578 3572 2697 2704 3579 
262 3572 2697 2704 3579 3573 2698 2705 3580 
263 3573 2698 2705 3580 3574 2699 2706 3581 
264 3574 2699 2706 3581 1037 373 374 1038 
265 813 314 315 814 3575 2700 2707 3582 
266 3575 2700 2707 3582 3576 2701 2708 3583 
267 3576 2701 2708 3583 3577 2702 2709 3584 
268 3577 2702 2709 3584 3578 2703 2710 3585 
269 3578 2703 2710 3585 3579 2704 2711 3586 
270 3579 2704 2711 3586 3580 2705 2712 3587 
271 3580 2705 2712 3587 3581 2706 2713 3588 
272 3581 2706 2713 3588 1038 374 375 1039 
273 814 315 316 815 3582 2707 2714 3589 
274 3582 2707 2714 3589 3583 2708 2715 3590 
275 3583 2708 2715 3590 3584 2709 2716 3591 
276 3584 2709 2716 3591 3585 2710 2717 3592 
277 3585 2710 2717 3592 3586 2711 2718 3593 
278 3586 2711 2718 3593 3587 2712 2719 3594 
279 3587 2712 2719 3594 3588 2713 2720 3595 
280 3588 2713 2720 3595 1039 375 376 1040 
281 815 316 6 86 3589 2714 602 1874 
282 3589 2714 602 1874 3590 2715 603 1875 
283 3590 2715 603 1875 3591 2716 604 1876 
284 3591 2716 604 1876 3592 2717 605 1877 
285 3592 2717 605 1877 3593 2718 606 1878 
286 3593 2718 606 1878 3594 2719 607 1879 
287 3594 2719 607 1879 3595 2720 608 1880 
288 3595 2720 608 1880 1040 376 21 141 
3 6001 5 288
289 2 72 816 312 574 1776 3596 2686 
290 574 1776 3596 2686 575 1777 3597 2687 
291 575 1777 3597 2687 576 1778 3598 2688 
292 576 1778 3598 2688 577 1779 3599 2689 
293 577 1779 3599 2689 578 1780 3600 2690 
294 578 1780 3600 2690 579 1781 3601 2691 
295 579 1781 3601 2691 580 1782 3602 2692 
296 580 1782 3602 2692 18 132 1041 372 
297 312 816 817 313 2686 3596 3603 2693 
298 2686 3596 3603 2693 2687 3597 3604 2694 
299 2687 3597 3604 2694 2688 3598 3605 2695 
300 2688 3598 3605 2695 2689 3599 3606 2696 
301 2689 3599 3606 2696 2690 3600 3607 2697 
302 2690 3600 3607 2697 2691 3601 3608 2698 
303 2691 3601 3608 2698 2692 3602 3609 2699 
304 2692 3602 3609 2699 372 1041 1042 373 
305 313 817 818 314 2693 3603 3610 2700 
306 2693 3603 3610 2700 2694 3604 3611 2701 
307 2694 3604 3611 2701 2695 3605 3612 2702 
308 2695 3605 3612 2702 2696 3606 3613 2703 
309 2696 3606 3613 2703 2697 3607 3614 2704 
310 2697 3607 3614 2704 2698 3608 3615 2705 
311 2698 3608 3615 2705 2699 3609 3616 2706 
312 2699 3609 3616 2706 373 1042 1043 374 
313 314 818 819 315 2700 3610 3617 2707 
314 2700 3610 3617 2707 2701 3611 3618 2708 
315 2701 3611 3618 2708 2702 3612 3619 2709 
316 2702 3612 3619 2709 2703 3613 3620 2710 
317 2703 3613 3620 2710 2704 3614 3621 2711 
318 2704 3614 3621 2711 2705 3615 3622 2712 
319 2705 3615 3622 2712 2706 3616 3623 2713 
320 2706 3616 3623 2713 374 1043 1044 375 
321 315 819 820 316 2707 3617 3624 2714 
322 2707 3617 3624 2714 2708 3618 3625 2715 
323 2708 3618 3625 2715 2709 3619 3626 2716 
324 2709 3619 3626 2716 2710 3620 3627 2717 
325 2710 3620 3627 2717 2711 3621 3628 2718 
326 2711 3621 3628 2718 2712 3622 3629 2719 
327 2712 3622 3629 2719 2713 3623 3630 2720 
328 2713 3623 3630 2720 375 1044 1045 376 
329 316 820 87 6 2714 3624 1881 602 
330 2714 3624 1881 602 2715 3625 1882 603 
331 2715 3625 1882 603 2716 3626 1883 604 
332 2716 3626 1883 604 2717 3627 1884 605 
333 2717 3627 1884 605 2718 3628 1885 606 
334 2718 3628 1885 606 2719 3629 1886 607 
335 2719 3629 1886 607 2720 3630 1887 608 
336 2720 3630 1887 608 376 1045 142 21 
337 72 73 821 816 1776 1783 3631 3596 
338 1776 1783 3631 3596 1777 1784 3632 3597 
339 1777 1784 3632 3597 1778 1785 3633 3598 
340 1778 1785 3633 3598 1779 1786 3634 3599 
341 1779 1786 3634 3599 1780 1787 3635 3600 
342 1780 1787 3635 3600 1781 1788 3636 3601 
343 1781 1788 3636 3601 1782 1789 3637 3602 
344 1782 1789 3637 3602 132 133 1046 1041 
345 816 821 822 817 3596 3631 3638 3603 
346 3596 3631 3638 3603 3597 3632 3639 3604 
347 3597 3632 3639 3604 3598 3633 3640 3605 
348 3598 3633 3640 3605 3599 3634 3641 3606 
349 3599 3634 3641 3606 3600 3635 3642 3607 
350 3600 3635 3642 3607 3601 3636 3643 3608 
351 3601 3636 3643 3608 3602 3637 3644 3609 
352 3602 3637 3644 3609 1041 1046 1047 1042 
353 817 822 823 818 3603 3638 3645 3610 
354 3603 3638 3645 3610 3604 3639 3646 3611 
355 3604 3639 3646 3611 3605 3640 3647 3612 
356 3605 3640 3647 3612 3606 3641 3648 3613 
357 3606 3641 3648 3613 3607 3642 3649 3614 
358 3607 3642 3649 3614 3608 3643 3650 3615 
359 3608 3643 3650 3615 3609 3644 3651 3616 
360 3609 3644 3651 3616 1042 1047 1048 1043 
361 818 823 824 819 3610 3645 3652 3617 
362 3610 3645 3652 3617 3611 3646 3653 3618 
363 3611 3646 3653 3618 3612 3647 3654 3619 
364 3612 3647 3654 3619 3613 3648 3655 3620 
365 3613 3648 3655 3620 3614 3649 3656 3621 
366 3614 3649 3656 3621 3615 3650 3657 3622 
367 3615 3650 3657 3622 3616 3651 3658 3623 
368 3616 3651 3658 3623 1043 1048 1049 1044 
369 819 824 825 820 3617 3652 3659 3624 
370 3617 3652 3659 3624 3618 3653 3660 3625 
371 3618 3653 3660 3625 3619 3654 3661 3626 
372 3619 3654 3661 3626 3620 3655 3662 3627 
373 3620 3655 3662 3627 3621 3656 3663 3628 
374 3621 3656 3663 3628 3622 3657 3664 3629 
375 3622 3657 3664 3629 3623 3658 3665 3630 
376 3623 3658 3665 3630 1044 1049 1050 1045 
377 820 825 88 87 3624 3659 1888 1881 
378 3624 3659 1888 1881 3625 3660 1889 1882 
379 3625 3660 1889 1882 3626 3661 1890 1883 
380 3626 3661 1890 1883 3627 3662 1891 1884 
381 3627 3662 1891 1884 3628 3663 1892 1885 
382 3628 3663 1892 1885 3629 3664 1893 1886 
383 3629 3664 1893 1886 3630 3665 1894 1887 
384 3630 3665 1894 1887 1045 1050 143 142 
385 73 74 826 821 1783 1790 3666 3631 
386 1783 1790 3666 3631 1784 1791 3667 3632 
387 1784 1791 3667 3632 1785 1792 3668 3633 
388 1785 1792 3668 3633 1786 1793 3669 3634 
389 1786 1793 3669 3634 1787 1794 3670 3635 
390 1787 1794 3670 3635 1788 1795 3671 3636 
391 1788 1795 3671 3636 1789 1796 3672 3637 
392 1789 1796 3672 3637 133 134 1051 1046 
393 821 826 827 822 3631 3666 3673 3638 
394 3631 3666 3673 3638 3632 3667 3674 3639 
395 3632 3667 3674 3639 3633 3668 3675 3640 
396 3633 3668 3675 3640 3634 3669 3676 3641 
397 3634 3669 3676 3641 3635 3670 3677 3642 
398 3635 3670 3677 3642 3636 3671 3678 3643 
399 3636 3671 3678 3643 3637 3672 3679 3644 
400 3637 3672 3679 3644 1046 1051 1052 1047 
401 822 827 828 823 3638 3673 3680 3645 
402 3638 3673 3680 3645 3639 3674 3681 3646 
403 3639 3674 3681 3646 3640 3675 3682 3647 
404 3640 3675 3682 3647 3641 3676 3683 3648 
405 3641 3676 3683 3648 3642 3677 3684 3649 
406 3642 3677 3684 3649 3643 3678 3685 3650 
407 3643 3678 3685 3650 3644 3679 3686 3651 
408 3644 3679 3686 3651 1047 1052 1053 1048 
409 823 828 829 824 3645 3680 3687 3652 
410 3645 3680 3687 3652 3646 3681 3688 3653 
411 3646 3681 3688 3653 3647 3682 3689 3654 
412 3647 3682 3689 3654 3648 3683 3690 3655 
413 3648 3683 3690 3655 3649 3684 3691 3656 
414 3649 3684 3691 3656 3650 3685 3692 3657 
415 3650 3685 3692 3657 3651 3686 3693 3658 
416 3651 3686 3693 3658 1048 1053 1054 1049 
417 824 829 830 825 3652 3687 3694 3659 
418 3652 3687 3694 3659 3653 3688 3695 3660 
419 3653 3688 3695 3660 3654 3689 3696 3661 
420 3654 3689 3696 3661 3655 3690 3697 3662 
421 3655 3690 3697 3662 3656 3691 3698 3663 
422 3656 3691 3698 3663 3657 3692 3699 3664 
423 3657 3692 3699 3664 3658 3693 3700 3665 
424 3658 3693 3700 3665 1049 1054 1055 1050 
425 825 830 89 88 3659 3694 1895 1888 
426 3659 3694 1895 1888 3660 3695 1896 1889 
427 3660 3695 1896 1889 3661 3696 1897 1890 
428 3661 3696 1897 1890 3662 3697 1898 1891 
429 3662 3697 1898 1891 3663 3698 1899 1892 
430 3663 3698 1899 1892 3664 3699 1900 1893 
431 3664 3699 1900 1893 3665 3700 1901 1894 
432 3665 3700 1901 1894 1050 1055 144 143 
433 74 75 831 826 1790 1797 3701 3666 
434 1790 1797 3701 3666 1791 1798 3702 3667 
435 1791 1798 3702 3667 1792 1799 3703 3668 
436 1792 1799 3703 3668 1793 1800 3704 3669 
437 1793 1800 3704 3669 1794 1801 3705 3670 
438 1794 1801 3705 3670 1795 1802 3706 3671 
439 1795 1802 3706 3671 1796 1803 3707 3672 
440 1796 1803 3707 3672 134 135 1056 1051 
441 826 831 832 827 3666 3701 3708 3673 
442 3666 3701 3708 3673 3667 3702 3709 3674 
443 3667 3702 3709 3674 3668 3703 3710 3675 
444 3668 3703 3710 3675 3669 3704 3711 3676 
445 3669 3704 3711 3676 3670 3705 3712 3677 
446 3670 3705 3712 3677 3671 3706 3713 3678 
447 3671 3706 3713 3678 3672 3707 3714 3679 
448 3672 3707 3714 3679 1051 1056 1057 1052 
449 827 832 833 828 3673 3708 3715 3680 
450 3673 3708 3715 3680 3674 3709 3716 3681 
451 3674 3709 3716 3681 3675 3710 3717 3682 
452 3675 3710 3717 3682 3676 3711 3718 3683 
453 3676 3711 3718 3683 3677 3712 3719 3684 
454 3677 3712 3719 3684 3678 3713 3720 3685 
455 3678 3713 3720 3685 3679 3714 3721 3686 
456 3679 3714 3721 3686 1052 1057 1058 1053 
457 828 833 834 829 3680 3715 3722 3687 
458 3680 3715 3722 3687 3681 3716 3723 3688 
459 3681 3716 3723 3688 3682 3717 3724 3689 
460 3682 3717 3724 3689 3683 3718 3725 3690 
461 3683 3718 3725 3690 3684 3719 3726 3691 
462 3684 3719 3726 3691 3685 3720 3727 3692 
463 3685 3720 3727 3692 3686 3721 3728 3693 
464 3686 3721 3728 3693 1053 1058 1059 1054 
465 829 834 835 830 3687 3722 3729 3694 
466 3687 3722 3729 3694 3688 3723 3730 3695 
467 3688 3723 3730 3695 3689 3724 3731 3696 
468 3689 3724 3731 3696 3690 3725 3732 3697 
469 3690 3725 3732 3697 3691 3726 3733 3698 
470 3691 3726 3733 3698 3692 3727 3734 3699 
471 3692 3727 3734 3699 3693 3728 3735 3700 
472 3693 3728 3735 3700 1054 1059 1060 1055 
473 830 835 90 89 3694 3729 1902 1895 
474 3694 3729 1902 1895 3695 3730 1903 1896 
475 3695 3730 1903 1896 3696 3731 1904 1897 
476 3696 3731 1904 1897 3697 3732 1905 1898 
477 3697 3732 1905 1898 3698 3733 1906 1899 
478 3698 3733 1906 1899 3699 3734 1907 1900 
479 3699 3734 1907 1900 3700 3735 1908 1901 
480 3700 3735 1908 1901 1055 1060 145 144 
481 75 76 836 831 1797 1804 3736 3701 
482 1797 1804 3736 3701 1798 1805 3737 3702 
483 1798 1805 3737 3702 1799 1806 3738 3703 
484 1799 1806 3738 3703 1800 1807 3739 3704 
485 1800 1807 3739 3704 1801 1808 3740 3705 
486 1801 1808 3740 3705 1802 1809 3741 3706 
487 1802 1809 3741 3706 1803 1810 3742 3707 
488 1803 1810 3742 3707 135 136 1061 1056 
489 831 836 837 832 3701 3736 3743 3708 
490 3701 3736 3743 3708 3702 3737 3744 3709 
491 3702 3737 3744 3709 3703 3738 3745 3710 
492 3703 3738 3745 3710 3704 3739 3746 3711 
493 3704 3739 3746 3711 3705 3740 3747 3712 
494 3705 3740 3747 3712 3706 3741 3748 3713 
495 3706 3741 3748 3713 3707 3742 3749 3714 
496 3707 3742 3749 3714 1056 1061 1062 1057 
497 832 837 838 833 3708 3743 3750 3715 
498 3708 3743 3750 3715 3709 3744 3751 3716 
499 3709 3744 3751 3716 3710 3745 3752 3717 
500 3710 3745 3752 3717 3711 3746 3753 3718 
501 3711 3746 3753 3718 3712 3747 3754 3719 
502 3712 3747 3754 3719 3713 3748 3755 3720 
503 3713 3748 3755 3720 3714 3749 3756 3721 
504 3714 3749 3756 3721 1057 1062 1063 1058 
505 833 838 839 834 3715 3750 3757 3722 
506 3715 3750 3757 3722 3716 3751 3758 3723 
507 3716 3751 3758 3723 3717 3752 3759 3724 
508 3717 3752 3759 3724 3718 3753 3760 3725 
509 3718 3753 3760 3725 3719 3754 3761 3726 
510 3719 3754 3761 3726 3720 3755 3762 3727 
511 3720 3755 3762 3727 3721 3756 3763 3728 
512 3721 3756 3763 3728 1058 1063 1064 1059 
513 834 839 840 835 3722 3757 3764 3729 
514 3722 3757 3764 3729 3723 3758 3765 3730 
515 3723 3758 3765 3730 3724 3759 3766 3731 
516 3724 3759 3766 3731 3725 3760 3767 3732 
517 3725 3760 3767 3732 3726 3761 3768 3733 
518 3726 3761 3768 3733 3727 3762 3769 3734 
519 3727 3762 3769 3734 3728 3763 3770 3735 
520 3728 3763 3770 3735 1059 1064 1065 1060 
521 835 840 91 90 3729 3764 1909 1902 
522 3729 3764 1909 1902 3730 3765 1910 1903 
523 3730 3765 1910 1903 3731 3766 1911 1904 
524 3731 3766 1911 1904 3732 3767 1912 1905 
525 3732 3767 1912 1905 3733 3768 1913 1906 
526 3733 3768 1913 1906 3734 3769 1914 1907 
527 3734 3769 1914 1907 3735 3770 1915 1908 
528 3735 3770 1915 1908 1060 1065 146 145 
529 76 3 327 836 1804 581 2791 3736 
530 1804 581 2791 3736 1805 582 2792 3737 
531 1805 582 2792 3737 1806 583 2793 3738 
532 1806 583 2793 3738 1807 584 2794 3739 
533 1807 584 2794 3739 1808 585 2795 3740 
534 1808 585 2795 3740 1809 586 2796 3741 
535 1809 586 2796 3741 1810 587 2797 3742 
536 1810 587 2797 3742 136 19 387 1061 
537 836 327 328 837 3736 2791 2798 3743 
538 3736 2791 2798 3743 3737 2792 2799 3744 
539 3737 2792 2799 3744 3738 2793 2800 3745 
540 3738 2793 2800 3745 3739 2794 2801 3746 
541 3739 2794 2801 3746 3740 2795 2802 3747 
542 3740 2795 2802 3747 3741 2796 2803 3748 
543 3741 2796 2803 3748 3742 2797 2804 3749 
544 3742 2797 2804 3749 1061 387 388 1062 
545 837 328 329 838 3743 2798 2805 3750 
546 3743 2798 2805 3750 3744 2799 2806 3751 
547 3744 2799 2806 3751 3745 2800 2807 3752 
548 3745 2800 2807 3752 3746 2801 2808 3753 
549 3746 2801 2808 3753 3747 2802 2809 3754 
550 3747 2802 2809 3754 3748 2803 2810 3755 
551 3748 2803 2810 3755 3749 2804 2811 3756 
552 3749 2804 2811 3756 1062 388 389 1063 
553 838 329 330 839 3750 2805 2812 3757 
554 3750 2805 2812 3757 3751 2806 2813 3758 
555 3751 2806 2813 3758 3752 2807 2814 3759 
556 3752 2807 2814 3759 3753 2808 2815 3760 
557 3753 2808 2815 3760 3754 2809 2816 3761 
558 3754 2809 2816 3761 3755 2810 2817 3762 
559 3755 2810 2817 3762 3756 2811 2818 3763 
560 3756 2811 2818 3763 1063 389 390 1064 
561 839 330 331 840 3757 2812 2819 3764 
562 3757 2812 2819 3764 3758 2813 2820 3765 
563 3758 2813 2820 3765 3759 2814 2821 3766 
564 3759 2814 2821 3766 3760 2815 2822 3767 
565 3760 2815 2822 3767 3761 2816 2823 3768 
566 3761 2816 2823 3768 3762 2817 2824 3769 
567 3762 2817 2824 3769 3763 2818 2825 3770 
568 3763 2818 2825 3770 1064 390 391 1065 
569 840 331 7 91 3764 2819 609 1909 
570 3764 2819 609 1909 3765 2820 610 1910 
571 3765 2820 610 1910 3766 2821 611 1911 
572 3766 2821 611 1911 3767 2822 612 1912 
573 3767 2822 612 1912 3768 2823 613 1913 
574 3768 2823 613 1913 3769 2824 614 1914 
575 3769 2824 614 1914 3770 2825 615 1915 
576 3770 2825 615 1915 1065 391 22 146 
3 6002 5 288
577 3 77 841 327 581 1811 3771 2791 
578 581 1811 3771 2791 582 1812 3772 2792 
579 582 1812 3772 2792 583 1813 3773 2793 
580 583 1813 3773 2793 584 1814 3774 2794 
581 584 1814 3774 2794 585 1815 3775 2795 
582 585 1815 3775 2795 586 1816 3776 2796 
583 586 1816 3776 2796 587 1817 3777 2797 
584 587 1817 3777 2797 19 527 1216 387 
585 327 841 842 328 2791 3771 3778 2798 
586 2791 3771 3778 2798 2792 3772 3779 2799 
587 2792 3772 3779 2799 2793 3773 3780 2800 
588 2793 3773 3780 2800 2794 3774 3781 2801 
589 2794 3774 3781 2801 2795 3775 3782 2802 
590 2795 3775 3782 2802 2796 3776 3783 2803 
591 2796 3776 3783 2803 2797 3777 3784 2804 
592 2797 3777 3784 2804 387 1216 1217 388 
593 328 842 843 329 2798 3778 3785 2805 
594 2798 3778 3785 2805 2799 3779 3786 2806 
595 2799 3779 3786 2806 2800 3780 3787 2807 
596 2800 3780 3787 2807 2801 3781 3788 2808 
597 2801 3781 3788 2808 2802 3782 3789 2809 
598 2802 3782 3789 2809 2803 3783 3790 2810 
599 2803 3783 3790 2810 2804 3784 3791 2811 
600 2804 3784 3791 2811 388 1217 1218 389 
601 329 843 844 330 2805 3785 3792 2812 
602 2805 3785 3792 2812 2806 3786 3793 2813 
603 2806 3786 3793 2813 2807 3787 3794 2814 
604 2807 3787 3794 2814 2808 3788 3795 2815 
605 2808 3788 3795 2815 2809 3789 3796 2816 
606 2809 3789 3796 2816 2810 3790 3797 2817 
607 2810 3790 3797 2817 2811 3791 3798 2818 
608 2811 3791 3798 2818 389 1218 1219 390 
609 330 844 845 331 2812 3792 3799 2819 
610 2812 3792 3799 2819 2813 3793 3800 2820 
611 2813 3793 3800 2820 2814 3794 3801 2821 
612 2814 3794 3801 2821 2815 3795 3802 2822 
613 2815 3795 3802 2822 2816 3796 3803 2823 
614 2816 3796 3803 2823 2817 3797 3804 2824 
615 2817 3797 3804 2824 2818 3798 3805 2825 
616 2818 3798 3805 2825 390 1219 1220 391 
617 331 845 92 7 2819 3799 1916 609 
618 2819 3799 1916 609 2820 3800 1917 610 
619 2820 3800 1917 610 2821 3801 1918 611 
620 2821 3801 1918 611 2822 3802 1919 612 
621 2822 3802 1919 612 2823 3803 1920 613 
622 2823 3803 1920 613 2824 3804 1921 614 
623 2824 3804 1921 614 2825 3805 1922 615 
624 2825 3805 1922 615 391 1220 147 22 
625 77 78 846 841 1811 1818 3806 3771 
626 1811 1818 3806 3771 1812 1819 3807 3772 
627 1812 1819 3807 3772 1813 1820 3808 3773 
628 1813 1820 3808 3773 1814 1821 3809 3774 
629 1814 1821 3809 3774 1815 1822 3810 3775 
630 1815 1822 3810 3775 1816 1823 3811 3776 
631 1816 1823 3811 3776 1817 1824 3812 3777 
632 1817 1824 3812 3777 527 528 1221 1216 
633 841 846 847 842 3771 3806 3813 3778 
634 3771 3806 3813 3778 3772 3807 3814 3779 
635 3772 3807 3814 3779 3773 3808 3815 3780 
636 3773 3808 3815 3780 3774 3809 3816 3781 
637 3774 3809 3816 3781 3775 3810 3817 3782 
638 3775 3810 3817 3782 3776 3811 3818 3783 
639 3776 3811 3818 3783 3777 3812 3819 3784 
640 3777 3812 3819 3784 1216 1221 1222 1217 
641 842 847 848 843 3778 3813 3820 3785 
642 3778 3813 3820 3785 3779 3814 3821 3786 
643 3779 3814 3821 3786 3780 3815 3822 3787 
644 3780 3815 3822 3787 3781 3816 3823 3788 
645 3781 3816 3823 3788 3782 3817 3824 3789 
646 3782 3817 3824 3789 3783 3818 3825 3790 
647 3783 3818 3825 3790 3784 3819 3826 3791 
648 3784 3819 3826 3791 1217 1222 1223 1218 
649 843 848 849 844 3785 3820 3827 3792 
650 3785 3820 3827 3792 3786 3821 3828 3793 
651 3786 3821 3828 3793 3787 3822 3829 3794 
652 3787 3822 3829 3794 3788 3823 3830 3795 
653 3788 3823 3830 3795 3789 3824 3831 3796 
654 3789 3824 3831 3796 3790 3825 3832 3797 
655 3790 3825 3832 3797 3791 3826 3833 3798 
656 3791 3826 3833 3798 1218 1223 1224 1219 
657 844 849 850 845 3792 3827 3834 3799 
658 3792 3827 3834 3799 3793 3828 3835 3800 
659 3793 3828 3835 3800 3794 3829 3836 3801 
660 3794 3829 3836 3801 3795 3830 3837 3802 
661 3795 3830 3837 3802 3796 3831 3838 3803 
662 3796 3831 3838 3803 3797 3832 3839 3804 
663 3797 3832 3839 3804 3798 3833 3840 3805 
664 3798 3833 3840 3805 1219 1224 1225 1220 
665 845 850 93 92 3799 3834 1923 1916 
666 3799 3834 1923 1916 3800 3835 1924 1917 
667 3800 3835 1924 1917 3801 3836 1925 1918 
668 3801 3836 1925 1918 3802 3837 1926 1919 
669 3802 3837 1926 1919 3803 3838 1927 1920 
670 3803 3838 1927 1920 3804 3839 1928 1921 
671 3804 3839 1928 1921 3805 3840 1929 1922 
672 3805 3840 1929 1922 1220 1225 148 147 
673 78 79 851 846 1818 1825 3841 3806 
674 1818 1825 3841 3806 1819 1826 3842 3807 
675 1819 1826 3842 3807 1820 1827 3843 3808 
676 1820 1827 3843 3808 1821 1828 3844 3809 
677 1821 1828 3844 3809 1822 1829 3845 3810 
678 1822 1829 3845 3810 1823 1830 3846 3811 
679 1823 1830 3846 3811 1824 1831 3847 3812 
680 1824 1831 3847 3812 528 529 1226 1221 
681 846 851 852 847 3806 3841 3848 3813 
682 3806 3841 3848 3813 3807 3842 3849 3814 
683 3807 3842 3849 3814 3808 3843 3850 3815 
684 3808 3843 3850 3815 3809 3844 3851 3816 
685 3809 3844 3851 3816 3810 3845 3852 3817 
686 3810 3845 3852 3817 3811 3846 3853 3818 
687 3811 3846 3853 3818 3812 3847 3854 3819 
688 3812 3847 3854 3819 1221 1226 1227 1222 
689 847 852 853 848 3813 3848 3855 3820 
690 3813 3848 3855 3820 3814 3849 3856 3821 
691 3814 3849 3856 3821 3815 3850 3857 3822 
692 3815 3850 3857 3822 3816 3851 3858 3823 
693 3816 3851 3858 3823 3817 3852 3859 3824 
694 3817 3852 3859 3824 3818 3853 3860 3825 
695 3818 3853 3860 3825 3819 3854 3861 3826 
696 3819 3854 3861 3826 1222 1227 1228 1223 
697 848 853 854 849 3820 3855 3862 3827 
698 3820 3855 3862 3827 3821 3856 3863 3828 
699 3821 3856 3863 3828 3822 3857 3864 3829 
700 3822 3857 3864 3829 3823 3858 3865 3830 
701 3823 3858 3865 3830 3824 3859 3866 3831 
702 3824 3859 3866 3831 3825 3860 3867 3832 
703 3825 3860 3867 3832 3826 3861 3868 3833 
704 3826 3861 3868 3833 1223 1228 1229 1224 
705 849 854 855 850 3827 3862 3869 3834 
706 3827 3862 3869 3834 3828 3863 3870 3835 
707 3828 3863 3870 3835 3829 3864 3871 3836 
708 3829 3864 3871 3836 3830 3865 3872 3837 
709 3830 3865 3872 3837 3831 3866 3873 3838 
710 3831 3866 3873 3838 3832 3867 3874 3839 
711 3832 3867 3874 3839 3833 3868 3875 3840 
712 3833 3868 3875 3840 1224 1229 1230 1225 
713 850 855 94 93 3834 3869 1930 1923 
714 3834 3869 1930 1923 3835 3870 1931 1924 
715 3835 3870 1931 1924 3836 3871 1932 1925 
716 3836 3871 1932 1925 3837 3872 1933 1926 
717 3837 3872 1933 1926 3838 3873 1934 1927 
718 3838 3873 1934 1927 3839 3874 1935 1928 
719 3839 3874 1935 1928 3840 3875 1936 1929 
720 3840 3875 1936 1929 1225 1230 149 148 
721 79 80 856 851 1825 1832 3876 3841 
722 1825 1832 3876 3841 1826 1833 3877 3842 
723 1826 1833 3877 3842 1827 1834 3878 3843 
724 1827 1834 3878 3843 1828 1835 3879 3844 
725 1828 1835 3879 3844 1829 1836 3880 3845 
726 1829 1836 3880 3845 1830 1837 3881 3846 
727 1830 1837 3881 3846 1831 1838 3882 3847 
728 1831 1838 3882 3847 529 530 1231 1226 
729 851 856 857 852 3841 3876 3883 3848 
730 3841 3876 3883 3848 3842 3877 3884 3849 
731 3842 3877 3884 3849 3843 3878 3885 3850 
732 3843 3878 3885 3850 3844 3879 3886 3851 
733 3844 3879 3886 3851 3845 3880 3887 3852 
734 3845 3880 3887 3852 3846 3881 3888 3853 
735 3846 3881 3888 3853 3847 3882 3889 3854 
736 3847 3882 3889 3854 1226 1231 1232 1227 
737 852 857 858 853 3848 3883 3890 3855 
738 3848 3883 3890 3855 3849 3884 3891 3856 
739 3849 3884 3891 3856 3850 3885 3892 3857 
740 3850 3885 3892 3857 3851 3886 3893 3858 
741 3851 3886 3893 3858 3852 3887 3894 3859 
742 3852 3887 3894 3859 3853 3888 3895 3860 
743 3853 3888 3895 3860 3854 3889 3896 3861 
744 3854 3889 3896 3861 1227 1232 1233 1228 
745 853 858 859 854 3855 3890 3897 3862 
746 3855 3890 3897 3862 3856 3891 3898 3863 
747 3856 3891 3898 3863 3857 3892 3899 3864 
748 3857 3892 3899 3864 3858 3893 3900 3865 
749 3858 3893 3900 3865 3859 3894 3901 3866 
750 3859 3894 3901 3866 3860 3895 3902 3867 
751 3860 3895 3902 3867 3861 3896 3903 3868 
752 3861 3896 3903 3868 1228 1233 1234 1229 
753 854 859 860 855 3862 3897 3904 3869 
754 3862 3897 3904 3869 3863 3898 3905 3870 
755 3863 3898 3905 3870 3864 3899 3906 3871 
756 3864 3899 3906 3871 3865 3900 3907 3872 
757 3865 3900 3907 3872 3866 3901 3908 3873 
758 3866 3901 3908 3873 3867 3902 3909 3874 
759 3867 3902 3909 3874 3868 3903 3910 3875 
760 3868 3903 3910 3875 1229 1234 1235 1230 
761 855 860 95 94 3869 3904 1937 1930 
762 3869 3904 1937 1930 3870 3905 1938 1931 
763 3870 3905 1938 1931 3871 3906 1939 1932 
764 3871 3906 1939 1932 3872 3907 1940 1933 
765 3872 3907 1940 1933 3873 3908 1941 1934 
766 3873 3908 1941 1934 3874 3909 1942 1935 
767 3874 3909 1942 1935 3875 3910 1943 1936 
768 3875 3910 1943 1936 1230 1235 150 149 
769 80 81 861 856 1832 1839 3911 3876 
770 1832 1839 3911 3876 1833 1840 3912 3877 
771 1833 1840 3912 3877 1834 1841 3913 3878 
772 1834 1841 3913 3878 1835 1842 3914 3879 
773 1835 1842 3914 3879 1836 1843 3915 3880 
774 1836 1843 3915 3880 1837 1844 3916 3881 
775 1837 1844 3916 3881 1838 1845 3917 3882 
776 1838 1845 3917 3882 530 531 1236 1231 
777 856 861 862 857 3876 3911 3918 3883 
778 3876 3911 3918 3883 3877 3912 3919 3884 
779 3877 3912 3919 3884 3878 3913 3920 3885 
780 3878 3913 3920 3885 3879 3914 3921 3886 
781 3879 3914 3921 3886 3880 3915 3922 3887 
782 3880 3915 3922 3887 3881 3916 3923 3888 
783 3881 3916 3923 3888 3882 3917 3924 3889 
784 3882 3917 3924 3889 1231 1236 1237 1232 
785 857 862 863 858 3883 3918 3925 3890 
786 3883 3918 3925 3890 3884 3919 3926 3891 
787 3884 3919 3926 3891 3885 3920 3927 3892 
788 3885 3920 3927 3892 3886 3921 3928 3893 
789 3886 3921 3928 3893 3887 3922 3929 3894 
790 3887 3922 3929 3894 3888 3923 3930 3895 
791 3888 3923 3930 3895 3889 3924 3931 3896 
792 3889 3924 3931 3896 1232 1237 1238 1233 
793 858 863 864 859 3890 3925 3932 3897 
794 3890 3925 3932 3897 3891 3926 3933 3898 
795 3891 3926 3933 3898 3892 3927 3934 3899 
796 3892 3927 3934 3899 3893 3928 3935 3900 
797 3893 3928 3935 3900 3894 3929 3936 3901 
798 3894 3929 3936 3901 3895 3930 3937 3902 
799 3895 3930 3937 3902 3896 3931 3938 3903 
800 3896 3931 3938 3903 1233 1238 1239 1234 
801 859 864 865 860 3897 3932 3939 3904 
802 3897 3932 3939 3904 3898 3933 3940 3905 
803 3898 3933 3940 3905 3899 3934 3941 3906 
804 3899 3934 3941 3906 3900 3935 3942 3907 
805 3900 3935 3942 3907 3901 3936 3943 3908 
806 3901 3936 3943 3908 3902 3937 3944 3909 
807 3902 3937 3944 3909 3903 3938 3945 3910 
808 3903 3938 3945 3910 1234 1239 1240 1235 
809 860 865 96 95 3904 3939 1944 1937 
810 3904 3939 1944 1937 3905 3940 1945 1938 
811 3905 3940 1945 1938 3906 3941 1946 1939 
812 3906 3941 1946 1939 3907 3942 1947 1940 
813 3907 3942 1947 1940 3908 3943 1948 1941 
814 3908 3943 1948 1941 3909 3944 1949 1942 
815 3909 3944 1949 1942 3910 3945 1950 1943 
816 3910 3945 1950 1943 1235 1240 151 150 
817 81 4 342 861 1839 588 2896 3911 
818 1839 588 2896 3911 1840 589 2897 3912 
819 1840 589 2897 3912 1841 590 2898 3913 
820 1841 590 2898 3913 1842 591 2899 3914 
821 1842 591 2899 3914 1843 592 2900 3915 
822 1843 592 2900 3915 1844 593 2901 3916 
823 1844 593 2901 3916 1845 594 2902 3917 
824 1845 594 2902 3917 531 63 537 1236 
825 861 342 343 862 3911 2896 2903 3918 
826 3911 2896 2903 3918 3912 2897 2904 3919 
827 3912 2897 2904 3919 3913 2898 2905 3920 
828 3913 2898 2905 3920 3914 2899 2906 3921 
829 3914 2899 2906 3921 3915 2900 2907 3922 
830 3915 2900 2907 3922 3916 2901 2908 3923 
831 3916 2901 2908 3923 3917 2902 2909 3924 
832 3917 2902 2909 3924 1236 537 538 1237 
833 862 343 344 863 3918 2903 2910 3925 
834 3918 2903 2910 3925 3919 2904 2911 3926 
835 3919 2904 2911 3926 3920 2905 2912 3927 
836 3920 2905 2912 3927 3921 2906 2913 3928 
837 3921 2906 2913 3928 3922 2907 2914 3929 
838 3922 2907 2914 3929 3923 2908 2915 3930 
839 3923 2908 2915 3930 3924 2909 2916 3931 
840 3924 2909 2916 3931 1237 538 539 1238 
841 863 344 345 864 3925 2910 2917 3932 
842 3925 2910 2917 3932 3926 2911 2918 3933 
843 3926 2911 2918 3933 3927 2912 2919 3934 
844 3927 2912 2919 3934 3928 2913 2920 3935 
845 3928 2913 2920 3935 3929 2914 2921 3936 
846 3929 2914 2921 3936 3930 2915 2922 3937 
847 3930 2915 2922 3937 3931 2916 2923 3938 
848 3931 2916 2923 3938 1238 539 540 1239 
849 864 345 346 865 3932 2917 2924 3939 
850 3932 2917 2924 3939 3933 2918 2925 3940 
851 3933 2918 2925 3940 3934 2919 2926 3941 
852 3934 2919 2926 3941 3935 2920 2927 3942 
853 3935 2920 2927 3942 3936 2921 2928 3943 
854 3936 2921 2928 3943 3937 2922 2929 3944 
855 3937 2922 2929 3944 3938 2923 2930 3945 
856 3938 2923 2930 3945 1239 540 541 1240 
857 865 346 8 96 3939 2924 616 1944 
858 3939 2924 616 1944 3940 2925 617 1945 
859 3940 2925 617 1945 3941 2926 618 1946 
860 3941 2926 618 1946 3942 2927 619 1947 
861 3942 2927 619 1947 3943 2928 620 1948 
862 3943 2928 620 1948 3944 2929 621 1949 
863 3944 2929 621 1949 3945 2930 622 1950 
864 3945 2930 622 1950 1240 541 23 151 
3 6010 5 288
865 5 82 866 302 595 1846 3946 2616 
866 595 1846 3946 2616 596 1847 3947 2617 
867 596 1847 3947 2617 597 1848 3948 2618 
868 597 1848 3948 2618 598 1849 3949 2619 
869 598 1849 3949 2619 599 1850 3950 2620 
870 599 1850 3950 2620 600 1851 3951 2621 
871 600 1851 3951 2621 601 1852 3952 2622 
872 601 1852 3952 2622 20 137 1066 362 
873 302 866 867 303 2616 3946 3953 2623 
874 2616 3946 3953 2623 2617 3947 3954 2624 
875 2617 3947 3954 2624 2618 3948 3955 2625 
876 2618 3948 3955 2625 2619 3949 3956 2626 
877 2619 3949 3956 2626 2620 3950 3957 2627 
878 2620 3950 3957 2627 2621 3951 3958 2628 
879 2621 3951 3958 2628 2622 3952 3959 2629 
880 2622 3952 3959 2629 362 1066 1067 363 
881 303 867 868 304 2623 3953 3960 2630 
882 2623 3953 3960 2630 2624 3954 3961 2631 
883 2624 3954 3961 2631 2625 3955 3962 2632 
884 2625 3955 3962 2632 2626 3956 3963 2633 
885 2626 3956 3963 2633 2627 3957 3964 2634 
886 2627 3957 3964 2634 2628 3958 3965 2635 
887 2628 3958 3965 2635 2629 3959 3966 2636 
888 2629 3959 3966 2636 363 1067 1068 364 
889 304 868 869 305 2630 3960 3967 2637 
890 2630 3960 3967 2637 2631 3961 3968 2638 
891 2631 3961 3968 2638 2632 3962 3969 2639 
892 2632 3962 3969 2639 2633 3963 3970 2640 
893 2633 3963 3970 2640 2634 3964 3971 2641 
894 2634 3964 3971 2641 2635 3965 3972 2642 
895 2635 3965 3972 2642 2636 3966 3973 2643 
896 2636 3966 3973 2643 364 1068 1069 365 
897 305 869 870 306 2637 3967 3974 2644 
898 2637 3967 3974 2644 2638 3968 3975 2645 
899 2638 3968 3975 2645 2639 3969 3976 2646 
900 2639 3969 3976 2646 2640 3970 3977 2647 
901 2640 3970 3977 2647 2641 3971 3978 2648 
902 2641 3971 3978 2648 2642 3972 3979 2649 
903 2642 3972 3979 2649 2643 3973 3980 2650 
904 2643 3973 3980 2650 365 1069 1070 366 
905 306 870 97 9 2644 3974 1951 623 
906 2644 3974 1951 623 2645 3975 1952 624 
907 2645 3975 1952 624 2646 3976 1953 625 
908 2646 3976 1953 625 2647 3977 1954 626 
909 2647 3977 1954 626 2648 3978 1955 627 
910 2648 3978 1955 627 2649 3979 1956 628 
911 2649 3979 1956 628 2650 3980 1957 629 
912 2650 3980 1957 629 366 1070 152 24 
913 82 83 871 866 1846 1853 3981 3946 
914 1846 1853 3981 3946 1847 1854 3982 3947 
915 1847 1854 3982 3947 1848 1855 3983 3948 
916 1848 1855 3983 3948 1849 1856 3984 3949 
917 1849 1856 3984 3949 1850 1857 3985 3950 
918 1850 1857 3985 3950 1851 1858 3986 3951 
919 1851 1858 3986 3951 1852 1859 3987 3952 
920 1852 1859 3987 3952 137 138 1071 1066 
921 866 871 872 867 3946 3981 3988 3953 
922 3946 3981 3988 3953 3947 3982 3989 3954 
923 3947 3982 3989 3954 3948 3983 3990 3955 
924 3948 3983 3990 3955 3949 3984 3991 3956 
925 3949 3984 3991 3956 3950 3985 3992 3957 
926 3950 3985 3992 3957 3951 3986 3993 3958 
927 3951 3986 3993 3958 3952 3987 3994 3959 
928 3952 3987 3994 3959 1066 1071 1072 1067 
929 867 872 873 868 3953 3988 3995 3960 
930 3953 3988 3995 3960 3954 3989 3996 3961 
931 3954 3989 3996 3961 3955 3990 3997 3962 
932 3955 3990 3997 3962 3956 3991 3998 3963 
933 3956 3991 3998 3963 3957 3992 3999 3964 
934 3957 3992 3999 3964 3958 3993 4000 3965 
935 3958 3993 4000 3965 3959 3994 4001 3966 
936 3959 3994 4001 3966 1067 1072 1073 1068 
937 868 873 874 869 3960 3995 4002 3967 
938 3960 3995 4002 3967 3961 3996 4003 3968 
939 3961 3996 4003 3968 3962 3997 4004 3969 
940 3962 3997 4004 3969 3963 3998 4005 3970 
941 3963 3998 4005 3970 3964 3999 4006 3971 
942 3964 3999 4006 3971 3965 4000 4007 3972 
943 3965 4000 4007 3972 3966 4001 4008 3973 
944 3966 4001 4008 3973 1068 1073 1074 1069 
945 869 874 875 870 3967 4002 4009 3974 
946 3967 4002 4009 3974 3968 4003 4010 3975 
947 3968 4003 4010 3975 3969 4004 4011 3976 
948 3969 4004 4011 3976 3970 4005 4012 3977 
949 3970 4005 4012 3977 3971 4006 4013 3978 
950 3971 4006 4013 3978 3972 4007 4014 3979 
951 3972 4007 4014 3979 3973 4008 4015 3980 
952 3973 4008 4015 3980 1069 1074 1075 1070 
953 870 875 98 97 3974 4009 1958 1951 
954 3974 4009 1958 1951 3975 4010 1959 1952 
955 3975 4010 1959 1952 3976 4011 1960 1953 
956 3976 4011 1960 1953 3977 4012 1961 1954 
957 3977 4012 1961 1954 3978 4013 1962 1955 
958 3978 4013 1962 1955 3979 4014 1963 1956 
959 3979 4014 1963 1956 3980 4015 1964 1957 
960 3980 4015 1964 1957 1070 1075 153 152 
961 83 84 876 871 1853 1860 4016 3981 
962 1853 1860 4016 3981 1854 1861 4017 3982 
963 1854 1861 4017 3982 1855 1862 4018 3983 
964 1855 1862 4018 3983 1856 1863 4019 3984 
965 1856 1863 4019 3984 1857 1864 4020 3985 
966 1857 1864 4020 3985 1858 1865 4021 3986 
967 1858 1865 4021 3986 1859 1866 4022 3987 
968 1859 1866 4022 3987 138 139 1076 1071 
969 871 876 877 872 3981 4016 4023 3988 
970 3981 4016 4023 3988 3982 4017 4024 3989 
971 3982 4017 4024 3989 3983 4018 4025 3990 
972 3983 4018 4025 3990 3984 4019 4026 3991 
973 3984 4019 4026 3991 3985 4020 4027 3992 
974 3985 4020 4027 3992 3986 4021 4028 3993 
975 3986 4021 4028 3993 3987 4022 4029 3994 
976 3987 4022 4029 3994 1071 1076 1077 1072 
977 872 877 878 873 3988 4023 4030 3995 
978 3988 4023 4030 3995 3989 4024 4031 3996 
979 3989 4024 4031 3996 3990 4025 4032 3997 
980 3990 4025 4032 3997 3991 4026 4033 3998 
981 3991 4026 4033 3998 3992 4027 4034 3999 
982 3992 4027 4034 3999 3993 4028 4035 4000 
983 3993 4028 4035 4000 3994 4029 4036 4001 
984 3994 4029 4036 4001 1072 1077 1078 1073 
985 873 878 879 874 3995 4030 4037 4002 
986 3995 4030 4037 4002 3996 4031 4038 4003 
987 3996 4031 4038 4003 3997 4032 4039 4004 
988 3997 4032 4039 4004 3998 4033 4040 4005 
989 3998 4033 4040 4005 3999 4034 4041 4006 
990 3999 4034 4041 4006 4000 4035 4042 4007 
991 4000 4035 4042 4007 4001 4036 4043 4008 
992 4001 4036 4043 4008 1073 1078 1079 1074 
993 874 879 880 875 4002 4037 4044 4009 
994 4002 4037 4044 4009 4003 4038 4045 4010 
995 4003 4038 4045 4010 4004 4039 4046 4011 
996 4004 4039 4046 4011 4005 4040 4047 4012 
997 4005 4040 4047 4012 4006 4041 4048 4013 
998 4006 4041 4048 4013 4007 4042 4049 4014 
999 4007 4042 4049 4014 4008 4043 4050 4015 
1000 4008 4043 4050 4015 1074 1079 1080 1075 
1001 875 880 99 98 4009 4044 1965 1958 
1002 4009 4044 1965 1958 4010 4045 1966 1959 
1003 4010 4045 1966 1959 4011 4046 1967 1960 
1004 4011 4046 1967 1960 4012 4047 1968 1961 
1005 4012 4047 1968 1961 4013 4048 1969 1962 
1006 4013 4048 1969 1962 4014 4049 1970 1963 
1007 4014 4049 1970 1963 4015 4050 1971 1964 
1008 4015 4050 1971 1964 1075 1080 154 153 
1009 84 85 881 876 1860 1867 4051 4016 
1010 1860 1867 4051 4016 1861 1868 4052 4017 
1011 1861 1868 4052 4017 1862 1869 4053 4018 
1012 1862 1869 4053 4018 1863 1870 4054 4019 
1013 1863 1870 4054 4019 1864 1871 4055 4020 
1014 1864 1871 4055 4020 1865 1872 4056 4021 
1015 1865 1872 4056 4021 1866 1873 4057 4022 
1016 1866 1873 4057 4022 139 140 1081 1076 
1017 876 881 882 877 4016 4051 4058 4023 
1018 4016 4051 4058 4023 4017 4052 4059 4024 
1019 4017 4052 4059 4024 4018 4053 4060 4025 
1020 4018 4053 4060 4025 4019 4054 4061 4026 
1021 4019 4054 4061 4026 4020 4055 4062 4027 
1022 4020 4055 4062 4027 4021 4056 4063 4028 
1023 4021 4056 4063 4028 4022 4057 4064 4029 
1024 4022 4057 4064 4029 1076 1081 1082 1077 
1025 877 882 883 878 4023 4058 4065 4030 
1026 4023 4058 4065 4030 4024 4059 4066 4031 
1027 4024 4059 4066 4031 4025 4060 4067 4032 
1028 4025 4060 4067 4032 4026 4061 4068 4033 
1029 4026 4061 4068 4033 4027 4062 4069 4034 
1030 4027 4062 4069 4034 4028 4063 4070 4035 
1031 4028 4063 4070 4035 4029 4064 4071 4036 
1032 4029 4064 4071 4036 1077 1082 1083 1078 
1033 878 883 884 879 4030 4065 4072 4037 
1034 4030 4065 4072 4037 4031 4066 4073 4038 
1035 4031 4066 4073 4038 4032 4067 4074 4039 
1036 4032 4067 4074 4039 4033 4068 4075 4040 
1037 4033 4068 4075 4040 4034 4069 4076 4041 
1038 4034 4069 4076 4041 4035 4070 4077 4042 
1039 4035 4070 4077 4042 4036 4071 4078 4043 
1040 4036 4071 4078 4043 1078 1083 1084 1079 
1041 879 884 885 880 4037 4072 4079 4044 
1042 4037 4072 4079 4044 4038 4073 4080 4045 
1043 4038 4073 4080 4045 4039 4074 4081 4046 
1044 4039 4074 4081 4046 4040 4075 4082 4047 
1045 4040 4075 4082 4047 4041 4076 4083 4048 
1046 4041 4076 4083 4048 4042 4077 4084 4049 
1047 4042 4077 4084 4049 4043 4078 4085 4050 
1048 4043 4078 4085 4050 1079 1084 1085 1080 
1049 880 885 100 99 4044 4079 1972 1965 
1050 4044 4079 1972 1965 4045 4080 1973 1966 
1051 4045 4080 1973 1966 4046 4081 1974 1967 
1052 4046 4081 1974 1967 4047 4082 1975 1968 
1053 4047 4082 1975 1968 4048 4083 1976 1969 
1054 4048 4083 1976 1969 4049 4084 1977 1970 
1055 4049 4084 1977 1970 4050 4085 1978 1971 
1056 4050 4085 1978 1971 1080 1085 155 154 
1057 85 86 886 881 1867 1874 4086 4051 
1058 1867 1874 4086 4051 1868 1875 4087 4052 
1059 1868 1875 4087 4052 1869 1876 4088 4053 
1060 1869 1876 4088 4053 1870 1877 4089 4054 
1061 1870 1877 4089 4054 1871 1878 4090 4055 
1062 1871 1878 4090 4055 1872 1879 4091 4056 
1063 1872 1879 4091 4056 1873 1880 4092 4057 
1064 1873 1880 4092 4057 140 141 1086 1081 
1065 881 886 887 882 4051 4086 4093 4058 
1066 4051 4086 4093 4058 4052 4087 4094 4059 
1067 4052 4087 4094 4059 4053 4088 4095 4060 
1068 4053 4088 4095 4060 4054 4089 4096 4061 
1069 4054 4089 4096 4061 4055 4090 4097 4062 
1070 4055 4090 4097 4062 4056 4091 4098 4063 
1071 4056 4091 4098 4063 4057 4092 4099 4064 
1072 4057 4092 4099 4064 1081 1086 1087 1082 
1073 882 887 888 883 4058 4093 4100 4065 
1074 4058 4093 4100 4065 4059 4094 4101 4066 
1075 4059 4094 4101 4066 4060 4095 4102 4067 
1076 4060 4095 4102 4067 4061 4096 4103 4068 
1077 4061 4096 4103 4068 4062 4097 4104 4069 
1078 4062 4097 4104 4069 4063 4098 4105 4070 
1079 4063 4098 4105 4070 4064 4099 4106 4071 
1080 4064 4099 4106 4071 1082 1087 1088 1083 
1081 883 888 889 884 4065 4100 4107 4072 
1082 4065 4100 4107 4072 4066 4101 4108 4073 
1083 4066 4101 4108 4073 4067 4102 4109 4074 
1084 4067 4102 4109 4074 4068 4103 4110 4075 
1085 4068 4103 4110 4075 4069 4104 4111 4076 
1086 4069 4104 4111 4076 4070 4105 4112 4077 
1087 4070 4105 4112 4077 4071 4106 4113 4078 
1088 4071 4106 4113 4078 1083 1088 1089 1084 
1089 884 889 890 885 4072 4107 4114 4079 
1090 4072 4107 4114 4079 4073 4108 4115 4080 
1091 4073 4108 4115 4080 4074 4109 4116 4081 
1092 4074 4109 4116 4081 4075 4110 4117 4082 
1093 4075 4110 4117 4082 4076 4111 4118 4083 
1094 4076 4111 4118 4083 4077 4112 4119 4084 
1095 4077 4112 4119 4084 4078 4113 4120 4085 
1096 4078 4113 4120 4085 1084 1089 1090 1085 
1097 885 890 101 100 4079 4114 1979 1972 
1098 4079 4114 1979 1972 4080 4115 1980 1973 
1099 4080 4115 1980 1973 4081 4116 1981 1974 
1100 4081 4116 1981 1974 4082 4117 1982 1975 
1101 4082 4117 1982 1975 4083 4118 1983 1976 
1102 4083 4118 1983 1976 4084 4119 1984 1977 
1103 4084 4119 1984 1977 4085 4120 1985 1978 
1104 4085 4120 1985 1978 1085 1090 156 155 
1105 86 6 317 886 1874 602 2721 4086 
1106 1874 602 2721 4086 1875 603 2722 4087 
1107 1875 603 2722 4087 1876 604 2723 4088 
1108 1876 604 2723 4088 1877 605 2724 4089 
1109 1877 605 2724 4089 1878 606 2725 4090 
1110 1878 606 2725 4090 1879 607 2726 4091 
1111 1879 607 2726 4091 1880 608 2727 4092 
1112 1880 608 2727 4092 141 21 377 1086 
1113 886 317 318 887 4086 2721 2728 4093 
1114 4086 2721 2728 4093 4087 2722 2729 4094 
1115 4087 2722 2729 4094 4088 2723 2730 4095 
1116 4088 2723 2730 4095 4089 2724 2731 4096 
1117 4089 2724 2731 4096 4090 2725 2732 4097 
1118 4090 2725 2732 4097 4091 2726 2733 4098 
1119 4091 2726 2733 4098 4092 2727 2734 4099 
1120 4092 2727 2734 4099 1086 377 378 1087 
1121 887 318 319 888 4093 2728 2735 4100 
1122 4093 2728 2735 4100 4094 2729 2736 4101 
1123 4094 2729 2736 4101 4095 2730 2737 4102 
1124 4095 2730 2737 4102 4096 2731 2738 4103 
1125 4096 2731 2738 4103 4097 2732 2739 4104 
1126 4097 2732 2739 4104 4098 2733 2740 4105 
1127 4098 2733 2740 4105 4099 2734 2741 4106 
1128 4099 2734 2741 4106 1087 378 379 1088 
1129 888 319 320 889 4100 2735 2742 4107 
1130 4100 2735 2742 4107 4101 2736 2743 4108 
1131 4101 2736 2743 4108 4102 2737 2744 4109 
1132 4102 2737 2744 4109 4103 2738 2745 4110 
1133 4103 2738 2745 4110 4104 2739 2746 4111 
1134 4104 2739 2746 4111 4105 2740 2747 4112 
1135 4105 2740 2747 4112 4106 2741 2748 4113 
1136 4106 2741 2748 4113 1088 379 380 1089 
1137 889 320 321 890 4107 2742 2749 4114 
1138 4107 2742 2749 4114 4108 2743 2750 4115 
1139 4108 2743 2750 4115 4109 2744 2751 4116 
1140 4109 2744 2751 4116 4110 2745 2752 4117 
1141 4110 2745 2752 4117 4111 2746 2753 4118 
1142 4111 2746 2753 4118 4112 2747 2754 4119 
1143 4112 2747 2754 4119 4113 2748 2755 4120 
1144 4113 2748 2755 4120 1089 380 381 1090 
1145 890 321 10 101 4114 2749 630 1979 
1146 4114 2749 630 1979 4115 2750 631 1980 
1147 4115 2750 631 1980 4116 2751 632 1981 
1148 4116 2751 632 1981 4117 2752 633 1982 
1149 4117 2752 633 1982 4118 2753 634 1983 
1150 4118 2753 634 1983 4119 2754 635 1984 
1151 4119 2754 635 1984 4120 2755 636 1985 
1152 4120 2755 636 1985 1090 381 25 156 
3 6011 5 288
1153 6 87 891 317 602 1881 4121 2721 
1154 602 1881 4121 2721 603 1882 4122 2722 
1155 603 1882 4122 2722 604 1883 4123 2723 
1156 604 1883 4123 2723 605 1884 4124 2724 
1157 605 1884 4124 2724 606 1885 4125 2725 
1158 606 1885 4125 2725 607 1886 4126 2726 
1159 607 1886 4126 2726 608 1887 4127 2727 
1160 608 1887 4127 2727 21 142 1091 377 
1161 317 891 892 318 2721 4121 4128 2728 
1162 2721 4121 4128 2728 2722 4122 4129 2729 
1163 2722 4122 4129 2729 2723 4123 4130 2730 
1164 2723 4123 4130 2730 2724 4124 4131 2731 
1165 2724 4124 4131 2731 2725 4125 4132 2732 
1166 2725 4125 4132 2732 2726 4126 4133 2733 
1167 2726 4126 4133 2733 2727 4127 4134 2734 
1168 2727 4127 4134 2734 377 1091 1092 378 
1169 318 892 893 319 2728 4128 4135 2735 
1170 2728 4128 4135 2735 2729 4129 4136 2736 
1171 2729 4129 4136 2736 2730 4130 4137 2737 
1172 2730 4130 4137 2737 2731 4131 4138 2738 
1173 2731 4131 4138 2738 2732 4132 4139 2739 
1174 2732 4132 4139 2739 2733 4133 4140 2740 
1175 2733 4133 4140 2740 2734 4134 4141 2741 
1176 2734 4134 4141 2741 378 1092 1093 379 
1177 319 893 894 320 2735 4135 4142 2742 
1178 2735 4135 4142 2742 2736 4136 4143 2743 
1179 2736 4136 4143 2743 2737 4137 4144 2744 
1180 2737 4137 4144 2744 2738 4138 4145 2745 
1181 2738 4138 4145 2745 2739 4139 4146 2746 
1182 2739 4139 4146 2746 2740 4140 4147 2747 
1183 2740 4140 4147 2747 2741 4141 4148 2748 
1184 2741 4141 4148 2748 379 1093 1094 380 
1185 320 894 895 321 2742 4142 4149 2749 
1186 2742 4142 4149 2749 2743 4143 4150 2750 
1187 2743 4143 4150 2750 2744 4144 4151 2751 
1188 2744 4144 4151 2751 2745 4145 4152 2752 
1189 2745 4145 4152 2752 2746 4146 4153 2753 
1190 2746 4146 4153 2753 2747 4147 4154 2754 
1191 2747 4147 4154 2754 2748 4148 4155 2755 
1192 2748 4148 4155 2755 380 1094 1095 381 
1193 321 895 102 10 2749 4149 1986 630 
1194 2749 4149 1986 630 2750 4150 1987 631 
1195 2750 4150 1987 631 2751 4151 1988 632 
1196 2751 4151 1988 632 2752 4152 1989 633 
1197 2752 4152 1989 633 2753 4153 1990 634 
1198 2753 4153 1990 634 2754 4154 1991 635 
1199 2754 4154 1991 635 2755 4155 1992 636 
1200 2755 4155 1992 636 381 1095 157 25 
1201 87 88 896 891 1881 1888 4156 4121 
1202 1881 1888 4156 4121 1882 1889 4157 4122 
1203 1882 1889 4157 4122 1883 1890 4158 4123 
1204 1883 1890 4158 4123 1884 1891 4159 4124 
1205 1884 1891 4159 4124 1885 1892 4160 4125 
1206 1885 1892 4160 4125 1886 1893 4161 4126 
1207 1886 1893 4161 4126 1887 1894 4162 4127 
1208 1887 1894 4162 4127 142 143 1096 1091 
1209 891 896 897 892 4121 4156 4163 4128 
1210 4121 4156 4163 4128 4122 4157 4164 4129 
1211 4122 4157 4164 4129 4123 4158 4165 4130 
1212 4123 4158 4165 4130 4124 4159 4166 4131 
1213 4124 4159 4166 4131 4125 4160 4167 4132 
1214 4125 4160 4167 4132 4126 4161 4168 4133 
1215 4126 4161 4168 4133 4127 4162 4169 4134 
1216 4127 4162 4169 4134 1091 1096 1097 1092 
1217 892 897 898 893 4128 4163 4170 4135 
1218 4128 4163 4170 4135 4129 4164 4171 4136 
1219 4129 4164 4171 4136 4130 4165 4172 4137 
1220 4130 4165 4172 4137 4131 4166 4173 4138 
1221 4131 4166 4173 4138 4132 4167 4174 4139 
1222 4132 4167 4174 4139 4133 4168 4175 4140 
1223 4133 4168 4175 4140 4134 4169 4176 4141 
1224 4134 4169 4176 4141 1092 1097 1098 1093 
1225 893 898 899 894 4135 4170 4177 4142 
1226 4135 4170 4177 4142 4136 4171 4178 4143 
1227 4136 4171 4178 4143 4137 4172 4179 4144 
1228 4137 4172 4179 4144 4138 4173 4180 4145 
1229 4138 4173 4180 4145 4139 4174 4181 4146 
1230 4139 4174 4181 4146 4140 4175 4182 4147 
1231 4140 4175 4182 4147 4141 4176 4183 4148 
1232 4141 4176 4183 4148 1093 1098 1099 1094 
1233 894 899 900 895 4142 4177 4184 4149 
1234 4142 4177 4184 4149 4143 4178 4185 4150 
1235 4143 4178 4185 4150 4144 4179 4186 4151 
1236 4144 4179 4186 4151 4145 4180 4187 4152 
1237 4145 4180 4187 4152 4146 4181 4188 4153 
1238 4146 4181 4188 4153 4147 4182 4189 4154 
1239 4147 4182 4189 4154 4148 4183 4190 4155 
1240 4148 4183 4190 4155 1094 1099 1100 1095 
1241 895 900 103 102 4149 4184 1993 1986 
1242 4149 4184 1993 1986 4150 4185 1994 1987 
1243 4150 4185 1994 1987 4151 4186 1995 1988 
1244 4151 4186 1995 1988 4152 4187 1996 1989 
1245 4152 4187 1996 1989 4153 4188 1997 1990 
1246 4153 4188 1997 1990 4154 4189 1998 1991 
1247 4154 4189 1998 1991 4155 4190 1999 1992 
1248 4155 4190 1999 1992 1095 1100 158 157 
1249 88 89 901 896 1888 1895 4191 4156 
1250 1888 1895 4191 4156 1889 1896 4192 4157 
1251 1889 1896 4192 4157 1890 1897 4193 4158 
1252 1890 1897 4193 4158 1891 1898 4194 4159 
1253 1891 1898 4194 4159 1892 1899 4195 4160 
1254 1892 1899 4195 4160 1893 1900 4196 4161 
1255 1893 1900 4196 4161 1894 1901 4197 4162 
1256 1894 1901 4197 4162 143 144 1101 1096 
1257 896 901 902 897 4156 4191 4198 4163 
1258 4156 4191 4198 4163 4157 4192 4199 4164 
1259 4157 4192 4199 4164 4158 4193 4200 4165 
1260 4158 4193 4200 4165 4159 4194 4201 4166 
1261 4159 4194 4201 4166 4160 4195 4202 4167 
1262 4160 4195 4202 4167 4161 4196 4203 4168 
1263 4161 4196 4203 4168 4162 4197 4204 4169 
1264 4162 4197 4204 4169 1096 1101 1102 1097 
1265 897 902 903 898 4163 4198 4205 4170 
1266 4163 4198 4205 4170 4164 4199 4206 4171 
1267 4164 4199 4206 4171 4165 4200 4207 4172 
1268 4165 4200 4207 4172 4166 4201 4208 4173 
1269 4166 4201 4208 4173 4167 4202 4209 4174 
1270 4167 4202 4209 4174 4168 4203 4210 4175 
1271 4168 4203 4210 4175 4169 4204 4211 4176 
1272 4169 4204 4211 4176 1097 1102 1103 1098 
1273 898 903 904 899 4170 4205 4212 4177 
1274 4170 4205 4212 4177 4171 4206 4213 4178 
1275 4171 4206 4213 4178 4172 4207 4214 4179 
1276 4172 4207 4214 4179 4173 4208 4215 4180 
1277 4173 4208 4215 4180 4174 4209 4216 4181 
1278 4174 4209 4216 4181 4175 4210 4217 4182 
1279 4175 4210 4217 4182 4176 4211 4218 4183 
1280 4176 4211 4218 4183 1098 1103 1104 1099 
1281 899 904 905 900 4177 4212 4219 4184 
1282 4177 4212 4219 4184 4178 4213 4220 4185 
1283 4178 4213 4220 4185 4179 4214 4221 4186 
1284 4179 4214 4221 4186 4180 4215 4222 4187 
1285 4180 4215 4222 4187 4181 4216 4223 4188 
1286 4181 4216 4223 4188 4182 4217 4224 4189 
1287 4182 4217 4224 4189 4183 4218 4225 4190 
1288 4183 4218 4225 4190 1099 1104 1105 1100 
1289 900 905 104 103 4184 4219 2000 1993 
1290 4184 4219 2000 1993 4185 4220 2001 1994 
1291 4185 4220 2001 1994 4186 4221 2002 1995 
1292 4186 4221 2002 1995 4187 4222 2003 1996 
1293 4187 4222 2003 1996 4188 4223 2004 1997 
1294 4188 4223 2004 1997 4189 4224 2005 1998 
1295 4189 4224 2005 1998 4190 4225 2006 1999 
1296 4190 4225 2006 1999 1100 1105 159 158 
1297 89 90 906 901 1895 1902 4226 4191 
1298 1895 1902 4226 4191 1896 1903 4227 4192 
1299 1896 1903 4227 4192 1897 1904 4228 4193 
1300 1897 1904 4228 4193 1898 1905 4229 4194 
1301 1898 1905 4229 4194 1899 1906 4230 4195 
1302 1899 1906 4230 4195 1900 1907 4231 4196 
1303 1900 1907 4231 4196 1901 1908 4232 4197 
1304 1901 1908 4232 4197 144 145 1106 1101 
1305 901 906 907 902 4191 4226 4233 4198 
1306 4191 4226 4233 4198 4192 4227 4234 4199 
1307 4192 4227 4234 4199 4193 4228 4235 4200 
1308 4193 4228 4235 4200 4194 4229 4236 4201 
1309 4194 4229 4236 4201 4195 4230 4237 4202 
1310 4195 4230 4237 4202 4196 4231 4238 4203 
1311 4196 4231 4238 4203 4197 4232 4239 4204 
1312 4197 4232 4239 4204 1101 1106 1107 1102 
1313 902 907 908 903 4198 4233 4240 4205 
1314 4198 4233 4240 4205 4199 4234 4241 4206 
1315 4199 4234 4241 4206 4200 4235 4242 4207 
1316 4200 4235 4242 4207 4201 4236 4243 4208 
1317 4201 4236 4243 4208 4202 4237 4244 4209 
1318 4202 4237 4244 4209 4203 4238 4245 4210 
1319 4203 4238 4245 4210 4204 4239 4246 4211 
1320 4204 4239 4246 4211 1102 1107 1108 1103 
1321 903 908 909 904 4205 4240 4247 4212 
1322 4205 4240 4247 4212 4206 4241 4248 4213 
1323 4206 4241 4248 4213 4207 4242 4249 4214 
1324 4207 4242 4249 4214 4208 4243 4250 4215 
1325 4208 4243 4250 4215 4209 4244 4251 4216 
1326 4209 4244 4251 4216 4210 4245 4252 4217 
1327 4210 4245 4252 4217 4211 4246 4253 4218 
1328 4211 4246 4253 4218 1103 1108 1109 1104 
1329 904 909 910 905 4212 4247 4254 4219 
1330 4212 4247 4254 4219 4213 4248 4255 4220 
1331 4213 4248 4255 4220 4214 4249 4256 4221 
1332 4214 4249 4256 4221 4215 4250 4257 4222 
1333 4215 4250 4257 4222 4216 4251 4258 4223 
1334 4216 4251 4258 4223 4217 4252 4259 4224 
1335 4217 4252 4259 4224 4218 4253 4260 4225 
1336 4218 4253 4260 4225 1104 1109 1110 1105 
1337 905 910 105 104 4219 4254 2007 2000 
1338 4219 4254 2007 2000 4220 4255 2008 2001 
1339 4220 4255 2008 2001 4221 4256 2009 2002 
1340 4221 4256 2009 2002 4222 4257 2010 2003 
1341 4222 4257 2010 2003 4223 4258 2011 2004 
1342 4223 4258 2011 2004 4224 4259 2012 2005 
1343 4224 4259 2012 2005 4225 4260 2013 2006 
1344 4225 4260 2013 2006 1105 1110 160 159 
1345 90 91 911 906 1902 1909 4261 4226 
1346 1902 1909 4261 4226 1903 1910 4262 4227 
1347 1903 1910 4262 4227 1904 1911 4263 4228 
1348 1904 1911 4263 4228 1905 1912 4264 4229 
1349 1905 1912 4264 4229 1906 1913 4265 4230 
1350 1906 1913 4265 4230 1907 1914 4266 4231 
1351 1907 1914 4266 4231 1908 1915 4267 4232 
1352 1908 1915 4267 4232 145 146 1111 1106 
1353 906 911 912 907 4226 4261 4268 4233 
1354 4226 4261 4268 4233 4227 4262 4269 4234 
1355 4227 4262 4269 4234 4228 4263 4270 4235 
1356 4228 4263 4270 4235 4229 4264 4271 4236 
1357 4229 4264 4271 4236 4230 4265 4272 4237 
1358 4230 4265 4272 4237 4231 4266 4273 4238 
1359 4231 4266 4273 4238 4232 4267 4274 4239 
1360 4232 4267 4274 4239 1106 1111 1112 1107 
1361 907 912 913 908 4233 4268 4275 4240 
1362 4233 4268 4275 4240 4234 4269 4276 4241 
1363 4234 4269 4276 4241 4235 4270 4277 4242 
1364 4235 4270 4277 4242 4236 4271 4278 4243 
1365 4236 4271 4278 4243 4237 4272 4279 4244 
1366 4237 4272 4279 4244 4238 4273 4280 4245 
1367 4238 4273 4280 4245 4239 4274 4281 4246 
1368 4239 4274 4281 4246 1107 1112 1113 1108 
1369 908 913 914 909 4240 4275 4282 4247 
1370 4240 4275 4282 4247 4241 4276 4283 4248 
1371 4241 4276 4283 4248 4242 4277 4284 4249 
1372 4242 4277 4284 4249 4243 4278 4285 4250 
1373 4243 4278 4285 4250 4244 4279 4286 4251 
1374 4244 4279 4286 4251 4245 4280 4287 4252 
1375 4245 4280 4287 4252 4246 4281 4288 4253 
1376 4246 4281 4288 4253 1108 1113 1114 1109 
1377 909 914 915 910 4247 4282 4289 4254 
1378 4247 4282 4289 4254 4248 4283 4290 4255 
1379 4248 4283 4290 4255 4249 4284 4291 4256 
1380 4249 4284 4291 4256 4250 4285 4292 4257 
1381 4250 4285 4292 4257 4251 4286 4293 4258 
1382 4251 4286 4293 4258 4252 4287 4294 4259 
1383 4252 4287 4294 4259 4253 4288 4295 4260 
1384 4253 4288 4295 4260 1109 1114 1115 1110 
1385 910 915 106 105 4254 4289 2014 2007 
1386 4254 4289 2014 2007 4255 4290 2015 2008 
1387 4255 4290 2015 2008 4256 4291 2016 2009 
1388 4256 4291 2016 2009 4257 4292 2017 2010 
1389 4257 4292 2017 2010 4258 4293 2018 2011 
1390 4258 4293 2018 2011 4259 4294 2019 2012 
1391 4259 4294 2019 2012 4260 4295 2020 2013 
1392 4260 4295 2020 2013 1110 1115 161 160 
1393 91 7 332 911 1909 609 2826 4261 
1394 1909 609 2826 4261 1910 610 2827 4262 
1395 1910 610 2827 4262 1911 611 2828 4263 
1396 1911 611 2828 4263 1912 612 2829 4264 
1397 1912 612 2829 4264 1913 613 2830 4265 
1398 1913 613 2830 4265 1914 614 2831 4266 
1399 1914 614 2831 4266 1915 615 2832 4267 
1400 1915 615 2832 4267 146 22 392 1111 
1401 911 332 333 912 4261 2826 2833 4268 
1402 4261 2826 2833 4268 4262 2827 2834 4269 
1403 4262 2827 2834 4269 4263 2828 2835 4270 
1404 4263 2828 2835 4270 4264 2829 2836 4271 
1405 4264 2829 2836 4271 4265 2830 2837 4272 
1406 4265 2830 2837 4272 4266 2831 2838 4273 
1407 4266 2831 2838 4273 4267 2832 2839 4274 
1408 4267 2832 2839 4274 1111 392 393 1112 
1409 912 333 334 913 4268 2833 2840 4275 
1410 4268 2833 2840 4275 4269 2834 2841 4276 
1411 4269 2834 2841 4276 4270 2835 2842 4277 
1412 4270 2835 2842 4277 4271 2836 2843 4278 
1413 4271 2836 2843 4278 4272 2837 2844 4279 
1414 4272 2837 2844 4279 4273 2838 2845 4280 
1415 4273 2838 2845 4280 4274 2839 2846 4281 
1416 4274 2839 2846 4281 1112 393 394 1113 
1417 913 334 335 914 4275 2840 2847 4282 
1418 4275 2840 2847 4282 4276 2841 2848 4283 
1419 4276 2841 2848 4283 4277 2842 2849 4284 
1420 4277 2842 2849 4284 4278 2843 2850 4285 
1421 4278 2843 2850 4285 4279 2844 2851 4286 
1422 4279 2844 2851 4286 4280 2845 2852 4287 
1423 4280 2845 2852 4287 4281 2846 2853 4288 
1424 4281 2846 2853 4288 1113 394 395 1114 
1425 914 335 336 915 4282 2847 2854 4289 
1426 4282 2847 2854 4289 4283 2848 2855 4290 
1427 4283 2848 2855 4290 4284 2849 2856 4291 
1428 4284 2849 2856 4291 4285 2850 2857 4292 
1429 4285 2850 2857 4292 4286 2851 2858 4293 
1430 4286 2851 2858 4293 4287 2852 2859 4294 
1431 4287 2852 2859 4294 4288 2853 2860 4295 
1432 4288 2853 2860 4295 1114 395 396 1115 
1433 915 336 11 106 4289 2854 637 2014 
1434 4289 2854 637 2014 4290 2855 638 2015 
1435 4290 2855 638 2015 4291 2856 639 2016 
1436 4291 2856 639 2016 4292 2857 640 2017 
1437 4292 2857 640 2017 4293 2858 641 2018 
1438 4293 2858 641 2018 4294 2859 642 2019 
1439 4294 2859 642 2019 4295 2860 643 2020 
1440 4295 2860 643 2020 1115 396 26 161 
3 6012 5 288
1441 7 92 916 332 609 1916 4296 2826 
1442 609 1916 4296 2826 610 1917 4297 2827 
1443 610 1917 4297 2827 611 1918 4298 2828 
1444 611 1918 4298 2828 612 1919 4299 2829 
1445 612 1919 4299 2829 613 1920 4300 2830 
1446 613 1920 4300 2830 614 1921 4301 2831 
1447 614 1921 4301 2831 615 1922 4302 2832 
1448 615 1922 4302 2832 22 147 1116 392 
1449 332 916 917 333 2826 4296 4303 2833 
1450 2826 4296 4303 2833 2827 4297 4304 2834 
1451 2827 4297 4304 2834 2828 4298 4305 2835 
1452 2828 4298 4305 2835 2829 4299 4306 2836 
1453 2829 4299 4306 2836 2830 4300 4307 2837 
1454 2830 4300 4307 2837 2831 4301 4308 2838 
1455 2831 4301 4308 2838 2832 4302 4309 2839 
1456 2832 4302 4309 2839 392 1116 1117 393 
1457 333 917 918 334 2833 4303 4310 2840 
1458 2833 4303 4310 2840 2834 4304 4311 2841 
1459 2834 4304 4311 2841 2835 4305 4312 2842 
1460 2835 4305 4312 2842 2836 4306 4313 2843 
1461 2836 4306 4313 2843 2837 4307 4314 2844 
1462 2837 4307 4314 2844 2838 4308 4315 2845 
1463 2838 4308 4315 2845 2839 4309 4316 2846 
1464 2839 4309 4316 2846 393 1117 1118 394 
1465 334 918 919 335 2840 4310 4317 2847 
1466 2840 4310 4317 2847 2841 4311 4318 2848 
1467 2841 4311 4318 2848 2842 4312 4319 2849 
1468 2842 4312 4319 2849 2843 4313 4320 2850 
1469 2843 4313 4320 2850 2844 4314 4321 2851 
1470 2844 4314 4321 2851 2845 4315 4322 2852 
1471 2845 4315 4322 2852 2846 4316 4323 2853 
1472 2846 4316 4323 2853 394 1118 1119 395 
1473 335 919 920 336 2847 4317 4324 2854 
1474 2847 4317 4324 2854 2848 4318 4325 2855 
1475 2848 4318 4325 2855 2849 4319 4326 2856 
1476 2849 4319 4326 2856 2850 4320 4327 2857 
1477 2850 4320 4327 2857 2851 4321 4328 2858 
1478 2851 4321 4328 2858 2852 4322 4329 2859 
1479 2852 4322 4329 2859 2853 4323 4330 2860 
1480 2853 4323 4330 2860 395 1119 1120 396 
1481 336 920 107 11 2854 4324 2021 637 
1482 2854 4324 2021 637 2855 4325 2022 638 
1483 2855 4325 2022 638 2856 4326 2023 639 
1484 2856 4326 2023 639 2857 4327 2024 640 
1485 2857 4327 2024 640 2858 4328 2025 641 
1486 2858 4328 2025 641 2859 4329 2026 642 
1487 2859 4329 2026 642 2860 4330 2027 643 
1488 2860 4330 2027 643 396 1120 162 26 
1489 92 93 921 916 1916 1923 4331 4296 
1490 1916 1923 4331 4296 1917 1924 4332 4297 
1491 1917 1924 4332 4297 1918 1925 4333 4298 
1492 1918 1925 4333 4298 1919 1926 4334 4299 
1493 1919 1926 4334 4299 1920 1927 4335 4300 
1494 1920 1927 4335 4300 1921 1928 4336 4301 
1495 1921 1928 4336 4301 1922 1929 4337 4302 
1496 1922 1929 4337 4302 147 148 1121 1116 
1497 916 921 922 917 4296 4331 4338 4303 
1498 4296 4331 4338 4303 4297 4332 4339 4304 
1499 4297 4332 4339 4304 4298 4333 4340 4305 
1500 4298 4333 4340 4305 4299 4334 4341 4306 
1501 4299 4334 4341 4306 4300 4335 4342 4307 
1502 4300 4335 4342 4307 4301 4336 4343 4308 
1503 4301 4336 4343 4308 4302 4337 4344 4309 
1504 4302 4337 4344 4309 1116 1121 1122 1117 
1505 917 922 923 918 4303 4338 4345 4310 
1506 4303 4338 4345 4310 4304 4339 4346 4311 
1507 4304 4339 4346 4311 4305 4340 4347 4312 
1508 4305 4340 4347 4312 4306 4341 4348 4313 
1509 4306 4341 4348 4313 4307 4342 4349 4314 
1510 4307 4342 4349 4314 4308 4343 4350 4315 
1511 4308 4343 4350 4315 4309 4344 4351 4316 
1512 4309 4344 4351 4316 1117 1122 1123 1118 
1513 918 923 924 919 4310 4345 4352 4317 
1514 4310 4345 4352 4317 4311 4346 4353 4318 
1515 4311 4346 4353 4318 4312 4347 4354 4319 
1516 4312 4347 4354 4319 4313 4348 4355 4320 
1517 4313 4348 4355 4320 4314 4349 4356 4321 
1518 4314 4349 4356 4321 4315 4350 4357 4322 
1519 4315 4350 4357 4322 4316 4351 4358 4323 
1520 4316 4351 4358 4323 1118 1123 1124 1119 
1521 919 924 925 920 4317 4352 4359 4324 
1522 4317 4352 4359 4324 4318 4353 4360 4325 
1523 4318 4353 4360 4325 4319 4354 4361 4326 
1524 4319 4354 4361 4326 4320 4355 4362 4327 
1525 4320 4355 4362 4327 4321 4356 4363 4328 
1526 4321 4356 4363 4328 4322 4357 4364 4329 
1527 4322 4357 4364 4329 4323 4358 4365 4330 
1528 4323 4358 4365 4330 1119 1124 1125 1120 
1529 920 925 108 107 4324 4359 2028 2021 
1530 4324 4359 2028 2021 4325 4360 2029 2022 
1531 4325 4360 2029 2022 4326 4361 2030 2023 
1532 4326 4361 2030 2023 4327 4362 2031 2024 
1533 4327 4362 2031 2024 4328 4363 2032 2025 
1534 4328 4363 2032 2025 4329 4364 2033 2026 
1535 4329 4364 2033 2026 4330 4365 2034 2027 
1536 4330 4365 2034 2027 1120 1125 163 162 
1537 93 94 926 921 1923 1930 4366 4331 
1538 1923 1930 4366 4331 1924 1931 4367 4332 
1539 1924 1931 4367 4332 1925 1932 4368 4333 
1540 1925 1932 4368 4333 1926 1933 4369 4334 
1541 1926 1933 4369 4334 1927 1934 4370 4335 
1542 1927 1934 4370 4335 1928 1935 4371 4336 
1543 1928 1935 4371 4336 1929 1936 4372 4337 
1544 1929 1936 4372 4337 148 149 1126 1121 
1545 921 926 927 922 4331 4366 4373 4338 
1546 4331 4366 4373 4338 4332 4367 4374 4339 
1547 4332 4367 4374 4339 4333 4368 4375 4340 
1548 4333 4368 4375 4340 4334 4369 4376 4341 
1549 4334 4369 4376 4341 4335 4370 4377 4342 
1550 4335 4370 4377 4342 4336 4371 4378 4343 
1551 4336 4371 4378 4343 4337 4372 4379 4344 
1552 4337 4372 4379 4344 1121 1126 1127 1122 
1553 922 927 928 923 4338 4373 4380 4345 
1554 4338 4373 4380 4345 4339 4374 4381 4346 
1555 4339 4374 4381 4346 4340 4375 4382 4347 
1556 4340 4375 4382 4347 4341 4376 4383 4348 
1557 4341 4376 4383 4348 4342 4377 4384 4349 
1558 4342 4377 4384 4349 4343 4378 4385 4350 
1559 4343 4378 4385 4350 4344 4379 4386 4351 
1560 4344 4379 4386 4351 1122 1127 1128 1123 
1561 923 928 929 924 4345 4380 4387 4352 
1562 4345 4380 4387 4352 4346 4381 4388 4353 
1563 4346 4381 4388 4353 4347 4382 4389 4354 
1564 4347 4382 4389 4354 4348 4383 4390 4355 
1565 4348 4383 4390 4355 4349 4384 4391 4356 
1566 4349 4384 4391 4356 4350 4385 4392 4357 
1567 4350 4385 4392 4357 4351 4386 4393 4358 
1568 4351 4386 4393 4358 1123 1128 1129 1124 
1569 924 929 930 925 4352 4387 4394 4359 
1570 4352 4387 4394 4359 4353 4388 4395 4360 
1571 4353 4388 4395 4360 4354 4389 4396 4361 
1572 4354 4389 4396 4361 4355 4390 4397 4362 
1573 4355 4390 4397 4362 4356 4391 4398 4363 
1574 4356 4391 4398 4363 4357 4392 4399 4364 
1575 4357 4392 4399 4364 4358 4393 4400 4365 
1576 4358 4393 4400 4365 1124 1129 1130 1125 
1577 925 930 109 108 4359 4394 2035 2028 
1578 4359 4394 2035 2028 4360 4395 2036 2029 
1579 4360 4395 2036 2029 4361 4396 2037 2030 
1580 4361 4396 2037 2030 4362 4397 2038 2031 
1581 4362 4397 2038 2031 4363 4398 2039 2032 
1582 4363 4398 2039 2032 4364 4399 2040 2033 
1583 4364 4399 2040 2033 4365 4400 2041 2034 
1584 4365 4400 2041 2034 1125 1130 164 163 
1585 94 95 931 926 1930 1937 4401 4366 
1586 1930 1937 4401 4366 1931 1938 4402 4367 
1587 1931 1938 4402 4367 1932 1939 4403 4368 
1588 1932 1939 4403 4368 1933 1940 4404 4369 
1589 1933 1940 4404 4369 1934 1941 4405 4370 
1590 1934 1941 4405 4370 1935 1942 4406 4371 
1591 1935 1942 4406 4371 1936 1943 4407 4372 
1592 1936 1943 4407 4372 149 150 1131 1126 
1593 926 931 932 927 4366 4401 4408 4373 
1594 4366 4401 4408 4373 4367 4402 4409 4374 
1595 4367 4402 4409 4374 4368 4403 4410 4375 
1596 4368 4403 4410 4375 4369 4404 4411 4376 
1597 4369 4404 4411 4376 4370 4405 4412 4377 
1598 4370 4405 4412 4377 4371 4406 4413 4378 
1599 4371 4406 4413 4378 4372 4407 4414 4379 
1600 4372 4407 4414 4379 1126 1131 1132 1127 
1601 927 932 933 928 4373 4408 4415 4380 
1602 4373 4408 4415 4380 4374 4409 4416 4381 
1603 4374 4409 4416 4381 4375 4410 4417 4382 
1604 4375 4410 4417 4382 4376 4411 4418 4383 
1605 4376 4411 4418 4383 4377 4412 4419 4384 
1606 4377 4412 4419 4384 4378 4413 4420 4385 
1607 4378 4413 4420 4385 4379 4414 4421 4386 
1608 4379 4414 4421 4386 1127 1132 1133 1128 
1609 928 933 934 929 4380 4415 4422 4387 
1610 4380 4415 4422 4387 4381 4416 4423 4388 
1611 4381 4416 4423 4388 4382 4417 4424 4389 
1612 4382 4417 4424 4389 4383 4418 4425 4390 
1613 4383 4418 4425 4390 4384 4419 4426 4391 
1614 4384 4419 4426 4391 4385 4420 4427 4392 
1615 4385 4420 4427 4392 4386 4421 4428 4393 
1616 4386 4421 4428 4393 1128 1133 1134 1129 
1617 929 934 935 930 4387 4422 4429 4394 
1618 4387 4422 4429 4394 4388 4423 4430 4395 
1619 4388 4423 4430 4395 4389 4424 4431 4396 
1620 4389 4424 4431 4396 4390 4425 4432 4397 
1621 4390 4425 4432 4397 4391 4426 4433 4398 
1622 4391 4426 4433 4398 4392 4427 4434 4399 
1623 4392 4427 4434 4399 4393 4428 4435 4400 
1624 4393 4428 4435 4400 1129 1134 1135 1130 
1625 930 935 110 109 4394 4429 2042 2035 
1626 4394 4429 2042 2035 4395 4430 2043 2036 
1627 4395 4430 2043 2036 4396 4431 2044 2037 
1628 4396 4431 2044 2037 4397 4432 2045 2038 
1629 4397 4432 2045 2038 4398 4433 2046 2039 
1630 4398 4433 2046 2039 4399 4434 2047 2040 
1631 4399 4434 2047 2040 4400 4435 2048 2041 
1632 4400 4435 2048 2041 1130 1135 165 164 
1633 95 96 936 931 1937 1944 4436 4401 
1634 1937 1944 4436 4401 1938 1945 4437 4402 
1635 1938 1945 4437 4402 1939 1946 4438 4403 
1636 1939 1946 4438 4403 1940 1947 4439 4404 
1637 1940 1947 4439 4404 1941 1948 4440 4405 
1638 1941 1948 4440 4405 1942 1949 4441 4406 
1639 1942 1949 4441 4406 1943 1950 4442 4407 
1640 1943 1950 4442 4407 150 151 1136 1131 
1641 931 936 937 932 4401 4436 4443 4408 
1642 4401 4436 4443 4408 4402 4437 4444 4409 
1643 4402 4437 4444 4409 4403 4438 4445 4410 
1644 4403 4438 4445 4410 4404 4439 4446 4411 
1645 4404 4439 4446 4411 4405 4440 4447 4412 
1646 4405 4440 4447 4412 4406 4441 4448 4413 
1647 4406 4441 4448 4413 4407 4442 4449 4414 
1648 4407 4442 4449 4414 1131 1136 1137 1132 
1649 932 937 938 933 4408 4443 4450 4415 
1650 4408 4443 4450 4415 4409 4444 4451 4416 
1651 4409 4444 4451 4416 4410 4445 4452 4417 
1652 4410 4445 4452 4417 4411 4446 4453 4418 
1653 4411 4446 4453 4418 4412 4447 4454 4419 
1654 4412 4447 4454 4419 4413 4448 4455 4420 
1655 4413 4448 4455 4420 4414 4449 4456 4421 
1656 4414 4449 4456 4421 1132 1137 1138 1133 
1657 933 938 939 934 4415 4450 4457 4422 
1658 4415 4450 4457 4422 4416 4451 4458 4423 
1659 4416 4451 4458 4423 4417 4452 4459 4424 
1660 4417 4452 4459 4424 4418 4453 4460 4425 
1661 4418 4453 4460 4425 4419 4454 4461 4426 
1662 4419 4454 4461 4426 4420 4455 4462 4427 
1663 4420 4455 4462 4427 4421 4456 4463 4428 
1664 4421 4456 4463 4428 1133 1138 1139 1134 
1665 934 939 940 935 4422 4457 4464 4429 
1666 4422 4457 4464 4429 4423 4458 4465 4430 
1667 4423 4458 4465 4430 4424 4459 4466 4431 
1668 4424 4459 4466 4431 4425 4460 4467 4432 
1669 4425 4460 4467 4432 4426 4461 4468 4433 
1670 4426 4461 4468 4433 4427 4462 4469 4434 
1671 4427 4462 4469 4434 4428 4463 4470 4435 
1672 4428 4463 4470 4435 1134 1139 1140 1135 
1673 935 940 111 110 4429 4464 2049 2042 
1674 4429 4464 2049 2042 4430 4465 2050 2043 
1675 4430 4465 2050 2043 4431 4466 2051 2044 
1676 4431 4466 2051 2044 4432 4467 2052 2045 
1677 4432 4467 2052 2045 4433 4468 2053 2046 
1678 4433 4468 2053 2046 4434 4469 2054 2047 
1679 4434 4469 2054 2047 4435 4470 2055 2048 
1680 4435 4470 2055 2048 1135 1140 166 165 
1681 96 8 347 936 1944 616 2931 4436 
1682 1944 616 2931 4436 1945 617 2932 4437 
1683 1945 617 2932 4437 1946 618 2933 4438 
1684 1946 618 2933 4438 1947 619 2934 4439 
1685 1947 619 2934 4439 1948 620 2935 4440 
1686 1948 620 2935 4440 1949 621 2936 4441 
1687 1949 621 2936 4441 1950 622 2937 4442 
1688 1950 622 2937 4442 151 23 402 1136 
1689 936 347 348 937 4436 2931 2938 4443 
1690 4436 2931 2938 4443 4437 2932 2939 4444 
1691 4437 2932 2939 4444 4438 2933 2940 4445 
1692 4438 2933 2940 4445 4439 2934 2941 4446 
1693 4439 2934 2941 4446 4440 2935 2942 4447 
1694 4440 2935 2942 4447 4441 2936 2943 4448 
1695 4441 2936 2943 4448 4442 2937 2944 4449 
1696 4442 2937 2944 4449 1136 402 403 1137 
1697 937 348 349 938 4443 2938 2945 4450 
1698 4443 2938 2945 4450 4444 2939 2946 4451 
1699 4444 2939 2946 4451 4445 2940 2947 4452 
1700 4445 2940 2947 4452 4446 2941 2948 4453 
1701 4446 2941 2948 4453 4447 2942 2949 4454 
1702 4447 2942 2949 4454 4448 2943 2950 4455 
1703 4448 2943 2950 4455 4449 2944 2951 4456 
1704 4449 2944 2951 4456 1137 403 404 1138 
1705 938 349 350 939 4450 2945 2952 4457 
1706 4450 2945 2952 4457 4451 2946 2953 4458 
1707 4451 2946 2953 4458 4452 2947 2954 4459 
1708 4452 2947 2954 4459 4453 2948 2955 4460 
1709 4453 2948 2955 4460 4454 2949 2956 4461 
1710 4454 2949 2956 4461 4455 2950 2957 4462 
1711 4455 2950 2957 4462 4456 2951 2958 4463 
1712 4456 2951 2958 4463 1138 404 405 1139 
1713 939 350 351 940 4457 2952 2959 4464 
1714 4457 2952 2959 4464 4458 2953 2960 4465 
1715 4458 2953 2960 4465 4459 2954 2961 4466 
1716 4459 2954 2961 4466 4460 2955 2962 4467 
1717 4460 2955 2962 4467 4461 2956 2963 4468 
1718 4461 2956 2963 4468 4462 2957 2964 4469 
1719 4462 2957 2964 4469 4463 2958 2965 4470 
1720 4463 2958 2965 4470 1139 405 406 1140 
1721 940 351 12 111 4464 2959 644 2049 
1722 4464 2959 644 2049 4465 2960 645 2050 
1723 4465 2960 645 2050 4466 2961 646 2051 
1724 4466 2961 646 2051 4467 2962 647 2052 
1725 4467 2962 647 2052 4468 2963 648 2053 
1726 4468 2963 648 2053 4469 2964 649 2054 
1727 4469 2964 649 2054 4470 2965 650 2055 
1728 4470 2965 650 2055 1140 406 27 166 
3 6020 5 288
1729 9 97 941 307 623 1951 4471 2651 
1730 623 1951 4471 2651 624 1952 4472 2652 
1731 624 1952 4472 2652 625 1953 4473 2653 
1732 625 1953 4473 2653 626 1954 4474 2654 
1733 626 1954 4474 2654 627 1955 4475 2655 
1734 627 1955 4475 2655 628 1956 4476 2656 
1735 628 1956 4476 2656 629 1957 4477 2657 
1736 629 1957 4477 2657 24 152 1141 367 
1737 307 941 942 308 2651 4471 4478 2658 
1738 2651 4471 4478 2658 2652 4472 4479 2659 
1739 2652 4472 4479 2659 2653 4473 4480 2660 
1740 2653 4473 4480 2660 2654 4474 4481 2661 
1741 2654 4474 4481 2661 2655 4475 4482 2662 
1742 2655 4475 4482 2662 2656 4476 4483 2663 
1743 2656 4476 4483 2663 2657 4477 4484 2664 
1744 2657 4477 4484 2664 367 1141 1142 368 
1745 308 942 943 309 2658 4478 4485 2665 
1746 2658 4478 4485 2665 2659 4479 4486 2666 
1747 2659 4479 4486 2666 2660 4480 4487 2667 
1748 2660 4480 4487 2667 2661 4481 4488 2668 
1749 2661 4481 4488 2668 2662 4482 4489 2669 
1750 2662 4482 4489 2669 2663 4483 4490 2670 
1751 2663 4483 4490 2670 2664 4484 4491 2671 
1752 2664 4484 4491 2671 368 1142 1143 369 
1753 309 943 944 310 2665 4485 4492 2672 
1754 2665 4485 4492 2672 2666 4486 4493 2673 
1755 2666 4486 4493 2673 2667 4487 4494 2674 
1756 2667 4487 4494 2674 2668 4488 4495 2675 
1757 2668 4488 4495 2675 2669 4489 4496 2676 
1758 2669 4489 4496 2676 2670 4490 4497 2677 
1759 2670 4490 4497 2677 2671 4491 4498 2678 
1760 2671 4491 4498 2678 369 1143 1144 370 
1761 310 944 945 311 2672 4492 4499 2679 
1762 2672 4492 4499 2679 2673 4493 4500 2680 
1763 2673 4493 4500 2680 2674 4494 4501 2681 
1764 2674 4494 4501 2681 2675 4495 4502 2682 
1765 2675 4495 4502 2682 2676 4496 4503 2683 
1766 2676 4496 4503 2683 2677 4497 4504 2684 
1767 2677 4497 4504 2684 2678 4498 4505 2685 
1768 2678 4498 4505 2685 370 1144 1145 371 
1769 311 945 112 13 2679 4499 2056 651 
1770 2679 4499 2056 651 2680 4500 2057 652 
1771 2680 4500 2057 652 2681 4501 2058 653 
1772 2681 4501 2058 653 2682 4502 2059 654 
1773 2682 4502 2059 654 2683 4503 2060 655 
1774 2683 4503 2060 655 2684 4504 2061 656 
1775 2684 4504 2061 656 2685 4505 2062 657 
1776 2685 4505 2062 657 371 1145 167 28 
1777 97 98 946 941 1951 1958 4506 4471 
1778 1951 1958 4506 4471 1952 1959 4507 4472 
1779 1952 1959 4507 4472 1953 1960 4508 4473 
1780 1953 1960 4508 4473 1954 1961 4509 4474 
1781 1954 1961 4509 4474 1955 1962 4510 4475 
1782 1955 1962 4510 4475 1956 1963 4511 4476 
1783 1956 1963 4511 4476 1957 1964 4512 4477 
1784 1957 1964 4512 4477 152 153 1146 1141 
1785 941 946 947 942 4471 4506 4513 4478 
1786 4471 4506 4513 4478 4472 4507 4514 4479 
1787 4472 4507 4514 4479 4473 4508 4515 4480 
1788 4473 4508 4515 4480 4474 4509 4516 4481 
1789 4474 4509 4516 4481 4475 4510 4517 4482 
1790 4475 4510 4517 4482 4476 4511 4518 4483 
1791 4476 4511 4518 4483 4477 4512 4519 4484 
1792 4477 4512 4519 4484 1141 1146 1147 1142 
1793 942 947 948 943 4478 4513 4520 4485 
1794 4478 4513 4520 4485 4479 4514 4521 4486 
1795 4479 4514 4521 4486 4480 4515 4522 4487 
1796 4480 4515 4522 4487 4481 4516 4523 4488 
1797 4481 4516 4523 4488 4482 4517 4524 4489 
1798 4482 4517 4524 4489 4483 4518 4525 4490 
1799 4483 4518 4525 4490 4484 4519 4526 4491 
1800 4484 4519 4526 4491 1142 1147 1148 1143 
1801 943 948 949 944 4485 4520 4527 4492 
1802 4485 4520 4527 4492 4486 4521 4528 4493 
1803 4486 4521 4528 4493 4487 4522 4529 4494 
1804 4487 4522 4529 4494 4488 4523 4530 4495 
1805 4488 4523 4530 4495 4489 4524 4531 4496 
1806 4489 4524 4531 4496 4490 4525 4532 4497 
1807 4490 4525 4532 4497 4491 4526 4533 4498 
1808 4491 4526 4533 4498 1143 1148 1149 1144 
1809 944 949 950 945 4492 4527 4534 4499 
1810 4492 4527 4534 4499 4493 4528 4535 4500 
1811 4493 4528 4535 4500 4494 4529 4536 4501 
1812 4494 4529 4536 4501 4495 4530 4537 4502 
1813 4495 4530 4537 4502 4496 4531 4538 4503 
1814 4496 4531 4538 4503 4497 4532 4539 4504 
1815 4497 4532 4539 4504 4498 4533 4540 4505 
1816 4498 4533 4540 4505 1144 1149 1150 1145 
1817 945 950 113 112 4499 4534 2063 2056 
1818 4499 4534 2063 2056 4500 4535 2064 2057 
1819 4500 4535 2064 2057 4501 4536 2065 2058 
1820 4501 4536 2065 2058 4502 4537 2066 2059 
1821 4502 4537 2066 2059 4503 4538 2067 2060 
1822 4503 4538 2067 2060 4504 4539 2068 2061 
1823 4504 4539 2068 2061 4505 4540 2069 2062 
1824 4505 4540 2069 2062 1145 1150 168 167 
1825 98 99 951 946 1958 1965 4541 4506 
1826 1958 1965 4541 4506 1959 1966 4542 4507 
1827 1959 1966 4542 4507 1960 1967 4543 4508 
1828 1960 1967 4543 4508 1961 1968 4544 4509 
1829 1961 1968 4544 4509 1962 1969 4545 4510 
1830 1962 1969 4545 4510 1963 1970 4546 4511 
1831 1963 1970 4546 4511 1964 1971 4547 4512 
1832 1964 1971 4547 4512 153 154 1151 1146 
1833 946 951 952 947 4506 4541 4548 4513 
1834 4506 4541 4548 4513 4507 4542 4549 4514 
1835 4507 4542 4549 4514 4508 4543 4550 4515 
1836 4508 4543 4550 4515 4509 4544 4551 4516 
1837 4509 4544 4551 4516 4510 4545 4552 4517 
1838 4510 4545 4552 4517 4511 4546 4553 4518 
1839 4511 4546 4553 4518 4512 4547 4554 4519 
1840 4512 4547 4554 4519 1146 1151 1152 1147 
1841 947 952 953 948 4513 4548 4555 4520 
1842 4513 4548 4555 4520 4514 4549 4556 4521 
1843 4514 4549 4556 4521 4515 4550 4557 4522 
1844 4515 4550 4557 4522 4516 4551 4558 4523 
1845 4516 4551 4558 4523 4517 4552 4559 4524 
1846 4517 4552 4559 4524 4518 4553 4560 4525 
1847 4518 4553 4560 4525 4519 4554 4561 4526 
1848 4519 4554 4561 4526 1147 1152 1153 1148 
1849 948 953 954 949 4520 4555 4562 4527 
1850 4520 4555 4562 4527 4521 4556 4563 4528 
1851 4521 4556 4563 4528 4522 4557 4564 4529 
1852 4522 4557 4564 4529 4523 4558 4565 4530 
1853 4523 4558 4565 4530 4524 4559 4566 4531 
1854 4524 4559 4566 4531 4525 4560 4567 4532 
1855 4525 4560 4567 4532 4526 4561 4568 4533 
1856 4526 4561 4568 4533 1148 1153 1154 1149 
1857 949 954 955 950 4527 4562 4569 4534 
1858 4527 4562 4569 4534 4528 4563 4570 4535 
1859 4528 4563 4570 4535 4529 4564 4571 4536 
1860 4529 4564 4571 4536 4530 4565 4572 4537 
1861 4530 4565 4572 4537 4531 4566 4573 4538 
1862 4531 4566 4573 4538 4532 4567 4574 4539 
1863 4532 4567 4574 4539 4533 4568 4575 4540 
1864 4533 4568 4575 4540 1149 1154 1155 1150 
1865 950 955 114 113 4534 4569 2070 2063 
1866 4534 4569 2070 2063 4535 4570 2071 2064 
1867 4535 4570 2071 2064 4536 4571 2072 2065 
1868 4536 4571 2072 2065 4537 4572 2073 2066 
1869 4537 4572 2073 2066 4538 4573 2074 2067 
1870 4538 4573 2074 2067 4539 4574 2075 2068 
1871 4539 4574 2075 2068 4540 4575 2076 2069 
1872 4540 4575 2076 2069 1150 1155 169 168 
1873 99 100 956 951 1965 1972 4576 4541 
1874 1965 1972 4576 4541 1966 1973 4577 4542 
1875 1966 1973 4577 4542 1967 1974 4578 4543 
1876 1967 1974 4578 4543 1968 1975 4579 4544 
1877 1968 1975 4579 4544 1969 1976 4580 4545 
1878 1969 1976 4580 4545 1970 1977 4581 4546 
1879 1970 1977 4581 4546 1971 1978 4582 4547 
1880 1971 1978 4582 4547 154 155 1156 1151 
1881 951 956 957 952 4541 4576 4583 4548 
1882 4541 4576 4583 4548 4542 4577 4584 4549 
1883 4542 4577 4584 4549 4543 4578 4585 4550 
1884 4543 4578 4585 4550 4544 4579 4586 4551 
1885 4544 4579 4586 4551 4545 4580 4587 4552 
1886 4545 4580 4587 4552 4546 4581 4588 4553 
1887 4546 4581 4588 4553 4547 4582 4589 4554 
1888 4547 4582 4589 4554 1151 1156 1157 1152 
1889 952 957 958 953 4548 4583 4590 4555 
1890 4548 4583 4590 4555 4549 4584 4591 4556 
1891 4549 4584 4591 4556 4550 4585 4592 4557 
1892 4550 4585 4592 4557 4551 4586 4593 4558 
1893 4551 4586 4593 4558 4552 4587 4594 4559 
1894 4552 4587 4594 4559 4553 4588 4595 4560 
1895 4553 4588 4595 4560 4554 4589 4596 4561 
1896 4554 4589 4596 4561 1152 1157 1158 1153 
1897 953 958 959 954 4555 4590 4597 4562 
1898 4555 4590 4597 4562 4556 4591 4598 4563 
1899 4556 4591 4598 4563 4557 4592 4599 4564 
1900 4557 4592 4599 4564 4558 4593 4600 4565 
1901 4558 4593 4600 4565 4559 4594 4601 4566 
1902 4559 4594 4601 4566 4560 4595 4602 4567 
1903 4560 4595 4602 4567 4561 4596 4603 4568 
1904 4561 4596 4603 4568 1153 1158 1159 1154 
1905 954 959 960 955 4562 4597 4604 4569 
1906 4562 4597 4604 4569 4563 4598 4605 4570 
1907 4563 4598 4605 4570 4564 4599 4606 4571 
1908 4564 4599 4606 4571 4565 4600 4607 4572 
1909 4565 4600 4607 4572 4566 4601 4608 4573 
1910 4566 4601 4608 4573 4567 4602 4609 4574 
1911 4567 4602 4609 4574 4568 4603 4610 4575 
1912 4568 4603 4610 4575 1154 1159 1160 1155 
1913 955 960 115 114 4569 4604 2077 2070 
1914 4569 4604 2077 2070 4570 4605 2078 2071 
1915 4570 4605 2078 2071 4571 4606 2079 2072 
1916 4571 4606 2079 2072 4572 4607 2080 2073 
1917 4572 4607 2080 2073 4573 4608 2081 2074 
1918 4573 4608 2081 2074 4574 4609 2082 2075 
1919 4574 4609 2082 2075 4575 4610 2083 2076 
1920 4575 4610 2083 2076 1155 1160 170 169 
1921 100 101 961 956 1972 1979 4611 4576 
1922 1972 1979 4611 4576 1973 1980 4612 4577 
1923 1973 1980 4612 4577 1974 1981 4613 4578 
1924 1974 1981 4613 4578 1975 1982 4614 4579 
1925 1975 1982 4614 4579 1976 1983 4615 4580 
1926 1976 1983 4615 4580 1977 1984 4616 4581 
1927 1977 1984 4616 4581 1978 1985 4617 4582 
1928 1978 1985 4617 4582 155 156 1161 1156 
1929 956 961 962 957 4576 4611 4618 4583 
1930 4576 4611 4618 4583 4577 4612 4619 4584 
1931 4577 4612 4619 4584 4578 4613 4620 4585 
1932 4578 4613 4620 4585 4579 4614 4621 4586 
1933 4579 4614 4621 4586 4580 4615 4622 4587 
1934 4580 4615 4622 4587 4581 4616 4623 4588 
1935 4581 4616 4623 4588 4582 4617 4624 4589 
1936 4582 4617 4624 4589 1156 1161 1162 1157 
1937 957 962 963 958 4583 4618 4625 4590 
1938 4583 4618 4625 4590 4584 4619 4626 4591 
1939 4584 4619 4626 4591 4585 4620 4627 4592 
1940 4585 4620 4627 4592 4586 4621 4628 4593 
1941 4586 4621 4628 4593 4587 4622 4629 4594 
1942 4587 4622 4629 4594 4588 4623 4630 4595 
1943 4588 4623 4630 4595 4589 4624 4631 4596 
1944 4589 4624 4631 4596 1157 1162 1163 1158 
1945 958 963 964 959 4590 4625 4632 4597 
1946 4590 4625 4632 4597 4591 4626 4633 4598 
1947 4591 4626 4633 4598 4592 4627 4634 4599 
1948 4592 4627 4634 4599 4593 4628 4635 4600 
1949 4593 4628 4635 4600 4594 4629 4636 4601 
1950 4594 4629 4636 4601 4595 4630 4637 4602 
1951 4595 4630 4637 4602 4596 4631 4638 4603 
1952 4596 4631 4638 4603 1158 1163 1164 1159 
1953 959 964 965 960 4597 4632 4639 4604 
1954 4597 4632 4639 4604 4598 4633 4640 4605 
1955 4598 4633 4640 4605 4599 4634 4641 4606 
1956 4599 4634 4641 4606 4600 4635 4642 4607 
1957 4600 4635 4642 4607 4601 4636 4643 4608 
1958 4601 4636 4643 4608 4602 4637 4644 4609 
1959 4602 4637 4644 4609 4603 4638 4645 4610 
1960 4603 4638 4645 4610 1159 1164 1165 1160 
1961 960 965 116 115 4604 4639 2084 2077 
1962 4604 4639 2084 2077 4605 4640 2085 2078 
1963 4605 4640 2085 2078 4606 4641 2086 2079 
1964 4606 4641 2086 2079 4607 4642 2087 2080 
1965 4607 4642 2087 2080 4608 4643 2088 2081 
1966 4608 4643 2088 2081 4609 4644 2089 2082 
1967 4609 4644 2089 2082 4610 4645 2090 2083 
1968 4610 4645 2090 2083 1160 1165 171 170 
1969 101 10 322 961 1979 630 2756 4611 
1970 1979 630 2756 4611 1980 631 2757 4612 
1971 1980 631 2757 4612 1981 632 2758 4613 
1972 1981 632 2758 4613 1982 633 2759 4614 
1973 1982 633 2759 4614 1983 634 2760 4615 
1974 1983 634 2760 4615 1984 635 2761 4616 
1975 1984 635 2761 4616 1985 636 2762 4617 
1976 1985 636 2762 4617 156 25 382 1161 
1977 961 322 323 962 4611 2756 2763 4618 
1978 4611 2756 2763 4618 4612 2757 2764 4619 
1979 4612 2757 2764 4619 4613 2758 2765 4620 
1980 4613 2758 2765 4620 4614 2759 2766 4621 
1981 4614 2759 2766 4621 4615 2760 2767 4622 
1982 4615 2760 2767 4622 4616 2761 2768 4623 
1983 4616 2761 2768 4623 4617 2762 2769 4624 
1984 4617 2762 2769 4624 1161 382 383 1162 
1985 962 323 324 963 4618 2763 2770 4625 
1986 4618 2763 2770 4625 4619 2764 2771 4626 
1987 4619 2764 2771 4626 4620 2765 2772 4627 
1988 4620 2765 2772 4627 4621 2766 2773 4628 
1989 4621 2766 2773 4628 4622 2767 2774 4629 
1990 4622 2767 2774 4629 4623 2768 2775 4630 
1991 4623 2768 2775 4630 4624 2769 2776 4631 
1992 4624 2769 2776 4631 1162 383 384 1163 
1993 963 324 325 964 4625 2770 2777 4632 
1994 4625 2770 2777 4632 4626 2771 2778 4633 
1995 4626 2771 2778 4633 4627 2772 2779 4634 
1996 4627 2772 2779 4634 4628 2773 2780 4635 
1997 4628 2773 2780 4635 4629 2774 2781 4636 
1998 4629 2774 2781 4636 4630 2775 2782 4637 
1999 4630 2775 2782 4637 4631 2776 2783 4638 
2000 4631 2776 2783 4638 1163 384 385 1164 
2001 964 325 326 965 4632 2777 2784 4639 
2002 4632 2777 2784 4639 4633 2778 2785 4640 
2003 4633 2778 2785 4640 4634 2779 2786 4641 
2004 4634 2779 2786 4641 4635 2780 2787 4642 
2005 4635 2780 2787 4642 4636 2781 2788 4643 
2006 4636 2781 2788 4643 4637 2782 2789 4644 
2007 4637 2782 2789 4644 4638 2783 2790 4645 
2008 4638 2783 2790 4645 1164 385 386 1165 
2009 965 326 14 116 4639 2784 658 2084 
2010 4639 2784 658 2084 4640 2785 659 2085 
2011 4640 2785 659 2085 4641 2786 660 2086 
2012 4641 2786 660 2086 4642 2787 661 2087 
2013 4642 2787 661 2087 4643 2788 662 2088 
2014 4643 2788 662 2088 4644 2789 663 2089 
2015 4644 2789 663 2089 4645 2790 664 2090 
2016 4645 2790 664 2090 1165 386 29 171 
3 6021 5 288
2017 10 102 966 322 630 1986 4646 2756 
2018 630 1986 4646 2756 631 1987 4647 2757 
2019 631 1987 4647 2757 632 1988 4648 2758 
2020 632 1988 4648 2758 633 1989 4649 2759 
2021 633 1989 4649 2759 634 1990 4650 2760 
2022 634 1990 4650 2760 635 1991 4651 2761 
2023 635 1991 4651 2761 636 1992 4652 2762 
2024 636 1992 4652 2762 25 157 1166 382 
2025 322 966 967 323 2756 4646 4653 2763 
2026 2756 4646 4653 2763 2757 4647 4654 2764 
2027 2757 4647 4654 2764 2758 4648 4655 2765 
2028 2758 4648 4655 2765 2759 4649 4656 2766 
2029 2759 4649 4656 2766 2760 4650 4657 2767 
2030 2760 4650 4657 2767 2761 4651 4658 2768 
2031 2761 4651 4658 2768 2762 4652 4659 2769 
2032 2762 4652 4659 2769 382 1166 1167 383 
2033 323 967 968 324 2763 4653 4660 2770 
2034 2763 4653 4660 2770 2764 4654 4661 2771 
2035 2764 4654 4661 2771 2765 4655 4662 2772 
2036 2765 4655 4662 2772 2766 4656 4663 2773 
2037 2766 4656 4663 2773 2767 4657 4664 2774 
2038 2767 4657 4664 2774 2768 4658 4665 2775 
2039 2768 4658 4665 2775 2769 4659 4666 2776 
2040 2769 4659 4666 2776 383 1167 1168 384 
2041 324 968 969 325 2770 4660 4667 2777 
2042 2770 4660 4667 2777 2771 4661 4668 2778 
2043 2771 4661 4668 2778 2772 4662 4669 2779 
2044 2772 4662 4669 2779 2773 4663 4670 2780 
2045 2773 4663 4670 2780 2774 4664 4671 2781 
2046 2774 4664 4671 2781 2775 4665 4672 2782 
2047 2775 4665 4672 2782 2776 4666 4673 2783 
2048 2776 4666 4673 2783 384 1168 1169 385 
2049 325 969 970 326 2777 4667 4674 2784 
2050 2777 4667 4674 2784 2778 4668 4675 2785 
2051 2778 4668 4675 2785 2779 4669 4676 2786 
2052 2779 4669 4676 2786 2780 4670 4677 2787 
2053 2780 4670 4677 2787 2781 4671 4678 2788 
2054 2781 4671 4678 2788 2782 4672 4679 2789 
2055 2782 4672 4679 2789 2783 4673 4680 2790 
2056 2783 4673 4680 2790 385 1169 1170 386 
2057 326 970 117 14 2784 4674 2091 658 
2058 2784 4674 2091 658 2785 4675 2092 659 
2059 2785 4675 2092 659 2786 4676 2093 660 
2060 2786 4676 2093 660 2787 4677 2094 661 
2061 2787 4677 2094 661 2788 4678 2095 662 
2062 2788 4678 2095 662 2789 4679 2096 663 
2063 2789 4679 2096 663 2790 4680 2097 664 
2064 2790 4680 2097 664 386 1170 172 29 
2065 102 103 971 966 1986 1993 4681 4646 
2066 1986 1993 4681 4646 1987 1994 4682 4647 
2067 1987 1994 4682 4647 1988 1995 4683 4648 
2068 1988 1995 4683 4648 1989 1996 4684 4649 
2069 1989 1996 4684 4649 1990 1997 4685 4650 
2070 1990 1997 4685 4650 1991 1998 4686 4651 
2071 1991 1998 4686 4651 1992 1999 4687 4652 
2072 1992 1999 4687 4652 157 158 1171 1166 
2073 966 971 972 967 4646 4681 4688 4653 
2074 4646 4681 4688 4653 4647 4682 4689 4654 
2075 4647 4682 4689 4654 4648 4683 4690 4655 
2076 4648 4683 4690 4655 4649 4684 4691 4656 
2077 4649 4684 4691 4656 4650 4685 4692 4657 
2078 4650 4685 4692 4657 4651 4686 4693 4658 
2079 4651 4686 4693 4658 4652 4687 4694 4659 
2080 4652 4687 4694 4659 1166 1171 1172 1167 
2081 967 972 973 968 4653 4688 4695 4660 
2082 4653 4688 4695 4660 4654 4689 4696 4661 
2083 4654 4689 4696 4661 4655 4690 4697 4662 
2084 4655 4690 4697 4662 4656 4691 4698 4663 
2085 4656 4691 4698 4663 4657 4692 4699 4664 
2086 4657 4692 4699 4664 4658 4693 4700 4665 
2087 4658 4693 4700 4665 4659 4694 4701 4666 
2088 4659 4694 4701 4666 1167 1172 1173 1168 
2089 968 973 974 969 4660 4695 4702 4667 
2090 4660 4695 4702 4667 4661 4696 4703 4668 
2091 4661 4696 4703 4668 4662 4697 4704 4669 
2092 4662 4697 4704 4669 4663 4698 4705 4670 
2093 4663 4698 4705 4670 4664 4699 4706 4671 
2094 4664 4699 4706 4671 4665 4700 4707 4672 
2095 4665 4700 4707 4672 4666 4701 4708 4673 
2096 4666 4701 4708 4673 1168 1173 1174 1169 
2097 969 974 975 970 4667 4702 4709 4674 
2098 4667 4702 4709 4674 4668 4703 4710 4675 
2099 4668 4703 4710 4675 4669 4704 4711 4676 
2100 4669 4704 4711 4676 4670 4705 4712 4677 
2101 4670 4705 4712 4677 4671 4706 4713 4678 
2102 4671 4706 4713 4678 4672 4707 4714 4679 
2103 4672 4707 4714 4679 4673 4708 4715 4680 
2104 4673 4708 4715 4680 1169 1174 1175 1170 
2105 970 975 118 117 4674 4709 2098 2091 
2106 4674 4709 2098 2091 4675 4710 2099 2092 
2107 4675 4710 2099 2092 4676 4711 2100 2093 
2108 4676 4711 2100 2093 4677 4712 2101 2094 
2109 4677 4712 2101 2094 4678 4713 2102 2095 
2110 4678 4713 2102 2095 4679 4714 2103 2096 
2111 4679 4714 2103 2096 4680 4715 2104 2097 
2112 4680 4715 2104 2097 1170 1175 173 172 
2113 103 104 976 971 1993 2000 4716 4681 
2114 1993 2000 4716 4681 1994 2001 4717 4682 
2115 1994 2001 4717 4682 1995 2002 4718 4683 
2116 1995 2002 4718 4683 1996 2003 4719 4684 
2117 1996 2003 4719 4684 1997 2004 4720 4685 
2118 1997 2004 4720 4685 1998 2005 4721 4686 
2119 1998 2005 4721 4686 1999 2006 4722 4687 
2120 1999 2006 4722 4687 158 159 1176 1171 
2121 971 976 977 972 4681 4716 4723 4688 
2122 4681 4716 4723 4688 4682 4717 4724 4689 
2123 4682 4717 4724 4689 4683 4718 4725 4690 
2124 4683 4718 4725 4690 4684 4719 4726 4691 
2125 4684 4719 4726 4691 4685 4720 4727 4692 
2126 4685 4720 4727 4692 4686 4721 4728 4693 
2127 4686 4721 4728 4693 4687 4722 4729 4694 
2128 4687 4722 4729 4694 1171 1176 1177 1172 
2129 972 977 978 973 4688 4723 4730 4695 
2130 4688 4723 4730 4695 4689 4724 4731 4696 
2131 4689 4724 4731 4696 4690 4725 4732 4697 
2132 4690 4725 4732 4697 4691 4726 4733 4698 
2133 4691 4726 4733 4698 4692 4727 4734 4699 
2134 4692 4727 4734 4699 4693 4728 4735 4700 
2135 4693 4728 4735 4700 4694 4729 4736 4701 
2136 4694 4729 4736 4701 1172 1177 1178 1173 
2137 973 978 979 974 4695 4730 4737 4702 
2138 4695 4730 4737 4702 4696 4731 4738 4703 
2139 4696 4731 4738 4703 4697 4732 4739 4704 
2140 4697 4732 4739 4704 4698 4733 4740 4705 
2141 4698 4733 4740 4705 4699 4734 4741 4706 
2142 4699 4734 4741 4706 4700 4735 4742 4707 
2143 4700 4735 4742 4707 4701 4736 4743 4708 
2144 4701 4736 4743 4708 1173 1178 1179 1174 
2145 974 979 980 975 4702 4737 4744 4709 
2146 4702 4737 4744 4709 4703 4738 4745 4710 
2147 4703 4738 4745 4710 4704 4739 4746 4711 
2148 4704 4739 4746 4711 4705 4740 4747 4712 
2149 4705 4740 4747 4712 4706 4741 4748 4713 
2150 4706 4741 4748 4713 4707 4742 4749 4714 
2151 4707 4742 4749 4714 4708 4743 4750 4715 
2152 4708 4743 4750 4715 1174 1179 1180 1175 
2153 975 980 119 118 4709 4744 2105 2098 
2154 4709 4744 2105 2098 4710 4745 2106 2099 
2155 4710 4745 2106 2099 4711 4746 2107 2100 
2156 4711 4746 2107 2100 4712 4747 2108 2101 
2157 4712 4747 2108 2101 4713 4748 2109 2102 
2158 4713 4748 2109 2102 4714 4749 2110 2103 
2159 4714 4749 2110 2103 4715 4750 2111 2104 
2160 4715 4750 2111 2104 1175 1180 174 173 
2161 104 105 981 976 2000 2007 4751 4716 
2162 2000 2007 4751 4716 2001 2008 4752 4717 
2163 2001 2008 4752 4717 2002 2009 4753 4718 
2164 2002 2009 4753 4718 2003 2010 4754 4719 
2165 2003 2010 4754 4719 2004 2011 4755 4720 
2166 2004 2011 4755 4720 2005 2012 4756 4721 
2167 2005 2012 4756 4721 2006 2013 4757 4722 
2168 2006 2013 4757 4722 159 160 1181 1176 
2169 976 981 982 977 4716 4751 4758 4723 
2170 4716 4751 4758 4723 4717 4752 4759 4724 
2171 4717 4752 4759 4724 4718 4753 4760 4725 
2172 4718 4753 4760 4725 4719 4754 4761 4726 
2173 4719 4754 4761 4726 4720 4755 4762 4727 
2174 4720 4755 4762 4727 4721 4756 4763 4728 
2175 4721 4756 4763 4728 4722 4757 4764 4729 
2176 4722 4757 4764 4729 1176 1181 1182 1177 
2177 977 982 983 978 4723 4758 4765 4730 
2178 4723 4758 4765 4730 4724 4759 4766 4731 
2179 4724 4759 4766 4731 4725 4760 4767 4732 
2180 4725 4760 4767 4732 4726 4761 4768 4733 
2181 4726 4761 4768 4733 4727 4762 4769 4734 
2182 4727 4762 4769 4734 4728 4763 4770 4735 
2183 4728 4763 4770 4735 4729 4764 4771 4736 
2184 4729 4764 4771 4736 1177 1182 1183 1178 
2185 978 983 984 979 4730 4765 4772 4737 
2186 4730 4765 4772 4737 4731 4766 4773 4738 
2187 4731 4766 4773 4738 4732 4767 4774 4739 
2188 4732 4767 4774 4739 4733 4768 4775 4740 
2189 4733 4768 4775 4740 4734 4769 4776 4741 
2190 4734 4769 4776 4741 4735 4770 4777 4742 
2191 4735 4770 4777 4742 4736 4771 4778 4743 
2192 4736 4771 4778 4743 1178 1183 1184 1179 
2193 979 984 985 980 4737 4772 4779 4744 
2194 4737 4772 4779 4744 4738 4773 4780 4745 
2195 4738 4773 4780 4745 4739 4774 4781 4746 
2196 4739 4774 4781 4746 4740 4775 4782 4747 
2197 4740 4775 4782 4747 4741 4776 4783 4748 
2198 4741 4776 4783 4748 4742 4777 4784 4749 
2199 4742 4777 4784 4749 4743 4778 4785 4750 
2200 4743 4778 4785 4750 1179 1184 1185 1180 
2201 980 985 120 119 4744 4779 2112 2105 
2202 4744 4779 2112 2105 4745 4780 2113 2106 
2203 4745 4780 2113 2106 4746 4781 2114 2107 
2204 4746 4781 2114 2107 4747 4782 2115 2108 
2205 4747 4782 2115 2108 4748 4783 2116 2109 
2206 4748 4783 2116 2109 4749 4784 2117 2110 
2207 4749 4784 2117 2110 4750 4785 2118 2111 
2208 4750 4785 2118 2111 1180 1185 175 174 
2209 105 106 986 981 2007 2014 4786 4751 
2210 2007 2014 4786 4751 2008 2015 4787 4752 
2211 2008 2015 4787 4752 2009 2016 4788 4753 
2212 2009 2016 4788 4753 2010 2017 4789 4754 
2213 2010 2017 4789 4754 2011 2018 4790 4755 
2214 2011 2018 4790 4755 2012 2019 4791 4756 
2215 2012 2019 4791 4756 2013 2020 4792 4757 
2216 2013 2020 4792 4757 160 161 1186 1181 
2217 981 986 987 982 4751 4786 4793 4758 
2218 4751 4786 4793 4758 4752 4787 4794 4759 
2219 4752 4787 4794 4759 4753 4788 4795 4760 
2220 4753 4788 4795 4760 4754 4789 4796 4761 
2221 4754 4789 4796 4761 4755 4790 4797 4762 
2222 4755 4790 4797 4762 4756 4791 4798 4763 
2223 4756 4791 4798 4763 4757 4792 4799 4764 
2224 4757 4792 4799 4764 1181 1186 1187 1182 
2225 982 987 988 983 4758 4793 4800 4765 
2226 4758 4793 4800 4765 4759 4794 4801 4766 
2227 4759 4794 4801 4766 4760 4795 4802 4767 
2228 4760 4795 4802 4767 4761 4796 4803 4768 
2229 4761 4796 4803 4768 4762 4797 4804 4769 
2230 4762 4797 4804 4769 4763 4798 4805 4770 
2231 4763 4798 4805 4770 4764 4799 4806 4771 
2232 4764 4799 4806 4771 1182 1187 1188 1183 
2233 983 988 989 984 4765 4800 4807 4772 
2234 4765 4800 4807 4772 4766 4801 4808 4773 
2235 4766 4801 4808 4773 4767 4802 4809 4774 
2236 4767 4802 4809 4774 4768 4803 4810 4775 
2237 4768 4803 4810 4775 4769 4804 4811 4776 
2238 4769 4804 4811 4776 4770 4805 4812 4777 
2239 4770 4805 4812 4777 4771 4806 4813 4778 
2240 4771 4806 4813 4778 1183 1188 1189 1184 
2241 984 989 990 985 4772 4807 4814 4779 
2242 4772 4807 4814 4779 4773 4808 4815 4780 
2243 4773 4808 4815 4780 4774 4809 4816 4781 
2244 4774 4809 4816 4781 4775 4810 4817 4782 
2245 4775 4810 4817 4782 4776 4811 4818 4783 
2246 4776 4811 4818 4783 4777 4812 4819 4784 
2247 4777 4812 4819 4784 4778 4813 4820 4785 
2248 4778 4813 4820 4785 1184 1189 1190 1185 
2249 985 990 121 120 4779 4814 2119 2112 
2250 4779 4814 2119 2112 4780 4815 2120 2113 
2251 4780 4815 2120 2113 4781 4816 2121 2114 
2252 4781 4816 2121 2114 4782 4817 2122 2115 
2253 4782 4817 2122 2115 4783 4818 2123 2116 
2254 4783 4818 2123 2116 4784 4819 2124 2117 
2255 4784 4819 2124 2117 4785 4820 2125 2118 
2256 4785 4820 2125 2118 1185 1190 176 175 
2257 106 11 337 986 2014 637 2861 4786 
2258 2014 637 2861 4786 2015 638 2862 4787 
2259 2015 638 2862 4787 2016 639 2863 4788 
2260 2016 639 2863 4788 2017 640 2864 4789 
2261 2017 640 2864 4789 2018 641 2865 4790 
2262 2018 641 2865 4790 2019 642 2866 4791 
2263 2019 642 2866 4791 2020 643 2867 4792 
2264 2020 643 2867 4792 161 26 397 1186 
2265 986 337 338 987 4786 2861 2868 4793 
2266 4786 2861 2868 4793 4787 2862 2869 4794 
2267 4787 2862 2869 4794 4788 2863 2870 4795 
2268 4788 2863 2870 4795 4789 2864 2871 4796 
2269 4789 2864 2871 4796 4790 2865 2872 4797 
2270 4790 2865 2872 4797 4791 2866 2873 4798 
2271 4791 2866 2873 4798 4792 2867 2874 4799 
2272 4792 2867 2874 4799 1186 397 398 1187 
2273 987 338 339 988 4793 2868 2875 4800 
2274 4793 2868 2875 4800 4794 2869 2876 4801 
2275 4794 2869 2876 4801 4795 2870 2877 4802 
2276 4795 2870 2877 4802 4796 2871 2878 4803 
2277 4796 2871 2878 4803 4797 2872 2879 4804 
2278 4797 2872 2879 4804 4798 2873 2880 4805 
2279 4798 2873 2880 4805 4799 2874 2881 4806 
2280 4799 2874 2881 4806 1187 398 399 1188 
2281 988 339 340 989 4800 2875 2882 4807 
2282 4800 2875 2882 4807 4801 2876 2883 4808 
2283 4801 2876 2883 4808 4802 2877 2884 4809 
2284 4802 2877 2884 4809 4803 2878 2885 4810 
2285 4803 2878 2885 4810 4804 2879 2886 4811 
2286 4804 2879 2886 4811 4805 2880 2887 4812 
2287 4805 2880 2887 4812 4806 2881 2888 4813 
2288 4806 2881 2888 4813 1188 399 400 1189 
2289 989 340 341 990 4807 2882 2889 4814 
2290 4807 2882 2889 4814 4808 2883 2890 4815 
2291 4808 2883 2890 4815 4809 2884 2891 4816 
2292 4809 2884 2891 4816 4810 2885 2892 4817 
2293 4810 2885 2892 4817 4811 2886 2893 4818 
2294 4811 2886 2893 4818 4812 2887 2894 4819 
2295 4812 2887 2894 4819 4813 2888 2895 4820 
2296 4813 2888 2895 4820 1189 400 401 1190 
2297 990 341 15 121 4814 2889 665 2119 
2298 4814 2889 665 2119 4815 2890 666 2120 
2299 4815 2890 666 2120 4816 2891 667 2121 
2300 4816 2891 667 2121 4817 2892 668 2122 
2301 4817 2892 668 2122 4818 2893 669 2123 
2302 4818 2893 669 2123 4819 2894 670 2124 
2303 4819 2894 670 2124 4820 2895 671 2125 
2304 4820 2895 671 2125 1190 401 30 176 
3 6022 5 288
2305 11 107 991 337 637 2021 4821 2861 
2306 637 2021 4821 2861 638 2022 4822 2862 
2307 638 2022 4822 2862 639 2023 4823 2863 
2308 639 2023 4823 2863 640 2024 4824 2864 
2309 640 2024 4824 2864 641 2025 4825 2865 
2310 641 2025 4825 2865 642 2026 4826 2866 
2311 642 2026 4826 2866 643 2027 4827 2867 
2312 643 2027 4827 2867 26 162 1191 397 
2313 337 991 992 338 2861 4821 4828 2868 
2314 2861 4821 4828 2868 2862 4822 4829 2869 
2315 2862 4822 4829 2869 2863 4823 4830 2870 
2316 2863 4823 4830 2870 2864 4824 4831 2871 
2317 2864 4824 4831 2871 2865 4825 4832 2872 
2318 2865 4825 4832 2872 2866 4826 4833 2873 
2319 2866 4826 4833 2873 2867 4827 4834 2874 
2320 2867 4827 4834 2874 397 1191 1192 398 
2321 338 992 993 339 2868 4828 4835 2875 
2322 2868 4828 4835 2875 2869 4829 4836 2876 
2323 2869 4829 4836 2876 2870 4830 4837 2877 
2324 2870 4830 4837 2877 2871 4831 4838 2878 
2325 2871 4831 4838 2878 2872 4832 4839 2879 
2326 2872 4832 4839 2879 2873 4833 4840 2880 
2327 2873 4833 4840 2880 2874 4834 4841 2881 
2328 2874 4834 4841 2881 398 1192 1193 399 
2329 339 993 994 340 2875 4835 4842 2882 
2330 2875 4835 4842 2882 2876 4836 4843 2883 
2331 2876 4836 4843 2883 2877 4837 4844 2884 
2332 2877 4837 4844 2884 2878 4838 4845 2885 
2333 2878 4838 4845 2885 2879 4839 4846 2886 
2334 2879 4839 4846 2886 2880 4840 4847 2887 
2335 2880 4840 4847 2887 2881 4841 4848 2888 
2336 2881 4841 4848 2888 399 1193 1194 400 
2337 340 994 995 341 2882 4842 4849 2889 
2338 2882 4842 4849 2889 2883 4843 4850 2890 
2339 2883 4843 4850 2890 2884 4844 4851 2891 
2340 2884 4844 4851 2891 2885 4845 4852 2892 
2341 2885 4845 4852 2892 2886 4846 4853 2893 
2342 2886 4846 4853 2893 2887 4847 4854 2894 
2343 2887 4847 4854 2894 2888 4848 4855 2895 
2344 2888 4848 4855 2895 400 1194 1195 401 
2345 341 995 122 15 2889 4849 2126 665 
2346 2889 4849 2126 665 2890 4850 2127 666 
2347 2890 4850 2127 666 2891 4851 2128 667 
2348 2891 4851 2128 667 2892 4852 2129 668 
2349 2892 4852 2129 668 2893 4853 2130 669 
2350 2893 4853 2130 669 2894 4854 2131 670 
2351 2894 4854 2131 670 2895 4855 2132 671 
2352 2895 4855 2132 671 401 1195 177 30 
2353 107 108 996 991 2021 2028 4856 4821 
2354 2021 2028 4856 4821 2022 2029 4857 4822 
2355 2022 2029 4857 4822 2023 2030 4858 4823 
2356 2023 2030 4858 4823 2024 2031 4859 4824 
2357 2024 2031 4859 4824 2025 2032 4860 4825 
2358 2025 2032 4860 4825 2026 2033 4861 4826 
2359 2026 2033 4861 4826 2027 2034 4862 4827 
2360 2027 2034 4862 4827 162 163 1196 1191 
2361 991 996 997 992 4821 4856 4863 4828 
2362 4821 4856 4863 4828 4822 4857 4864 4829 
2363 4822 4857 4864 4829 4823 4858 4865 4830 
2364 4823 4858 4865 4830 4824 4859 4866 4831 
2365 4824 4859 4866 4831 4825 4860 4867 4832 
2366 4825 4860 4867 4832 4826 4861 4868 4833 
2367 4826 4861 4868 4833 4827 4862 4869 4834 
2368 4827 4862 4869 4834 1191 1196 1197 1192 
2369 992 997 998 993 4828 4863 4870 4835 
2370 4828 4863 4870 4835 4829 4864 4871 4836 
2371 4829 4864 4871 4836 4830 4865 4872 4837 
2372 4830 4865 4872 4837 4831 4866 4873 4838 
2373 4831 4866 4873 4838 4832 4867 4874 4839 
2374 4832 4867 4874 4839 4833 4868 4875 4840 
2375 4833 4868 4875 4840 4834 4869 4876 4841 
2376 4834 4869 4876 4841 1192 1197 1198 1193 
2377 993 998 999 994 4835 4870 4877 4842 
2378 4835 4870 4877 4842 4836 4871 4878 4843 
2379 4836 4871 4878 4843 4837 4872 4879 4844 
2380 4837 4872 4879 4844 4838 4873 4880 4845 
2381 4838 4873 4880 4845 4839 4874 4881 4846 
2382 4839 4874 4881 4846 4840 4875 4882 4847 
2383 4840 4875 4882 4847 4841 4876 4883 4848 
2384 4841 4876 4883 4848 1193 1198 1199 1194 
2385 994 999 1000 995 4842 4877 4884 4849 
2386 4842 4877 4884 4849 4843 4878 4885 4850 
2387 4843 4878 4885 4850 4844 4879 4886 4851 
2388 4844 4879 4886 4851 4845 4880 4887 4852 
2389 4845 4880 4887 4852 4846 4881 4888 4853 
2390 4846 4881 4888 4853 4847 4882 4889 4854 
2391 4847 4882 4889 4854 4848 4883 4890 4855 
2392 4848 4883 4890 4855 1194 1199 1200 1195 
2393 995 1000 123 122 4849 4884 2133 2126 
2394 4849 4884 2133 2126 4850 4885 2134 2127 
2395 4850 4885 2134 2127 4851 4886 2135 2128 
2396 4851 4886 2135 2128 4852 4887 2136 2129 
2397 4852 4887 2136 2129 4853 4888 2137 2130 
2398 4853 4888 2137 2130 4854 4889 2138 2131 
2399 4854 4889 2138 2131 4855 4890 2139 2132 
2400 4855 4890 2139 2132 1195 1200 178 177 
2401 108 109 1001 996 2028 2035 4891 4856 
2402 2028 2035 4891 4856 2029 2036 4892 4857 
2403 2029 2036 4892 4857 2030 2037 4893 4858 
2404 2030 2037 4893 4858 2031 2038 4894 4859 
2405 2031 2038 4894 4859 2032 2039 4895 4860 
2406 2032 2039 4895 4860 2033 2040 4896 4861 
2407 2033 2040 4896 4861 2034 2041 4897 4862 
2408 2034 2041 4897 4862 163 164 1201 1196 
2409 996 1001 1002 997 4856 4891 4898 4863 
2410 4856 4891 4898 4863 4857 4892 4899 4864 
2411 4857 4892 4899 4864 4858 4893 4900 4865 
2412 4858 4893 4900 4865 4859 4894 4901 4866 
2413 4859 4894 4901 4866 4860 4895 4902 4867 
2414 4860 4895 4902 4867 4861 4896 4903 4868 
2415 4861 4896 4903 4868 4862 4897 4904 4869 
2416 4862 4897 4904 4869 1196 1201 1202 1197 
2417 997 1002 1003 998 4863 4898 4905 4870 
2418 4863 4898 4905 4870 4864 4899 4906 4871 
2419 4864 4899 4906 4871 4865 4900 4907 4872 
2420 4865 4900 4907 4872 4866 4901 4908 4873 
2421 4866 4901 4908 4873 4867 4902 4909 4874 
2422 4867 4902 4909 4874 4868 4903 4910 4875 
2423 4868 4903 4910 4875 4869 4904 4911 4876 
2424 4869 4904 4911 4876 1197 1202 1203 1198 
2425 998 1003 1004 999 4870 4905 4912 4877 
2426 4870 4905 4912 4877 4871 4906 4913 4878 
2427 4871 4906 4913 4878 4872 4907 4914 4879 
2428 4872 4907 4914 4879 4873 4908 4915 4880 
2429 4873 4908 4915 4880 4874 4909 4916 4881 
2430 4874 4909 4916 4881 4875 4910 4917 4882 
2431 4875 4910 4917 4882 4876 4911 4918 4883 
2432 4876 4911 4918 4883 1198 1203 1204 1199 
2433 999 1004 1005 1000 4877 4912 4919 4884 
2434 4877 4912 4919 4884 4878 4913 4920 4885 
2435 4878 4913 4920 4885 4879 4914 4921 4886 
2436 4879 4914 4921 4886 4880 4915 4922 4887 
2437 4880 4915 4922 4887 4881 4916 4923 4888 
2438 4881 4916 4923 4888 4882 4917 4924 4889 
2439 4882 4917 4924 4889 4883 4918 4925 4890 
2440 4883 4918 4925 4890 1199 1204 1205 1200 
2441 1000 1005 124 123 4884 4919 2140 2133 
2442 4884 4919 2140 2133 4885 4920 2141 2134 
2443 4885 4920 2141 2134 4886 4921 2142 2135 
2444 4886 4921 2142 2135 4887 4922 2143 2136 
2445 4887 4922 2143 2136 4888 4923 2144 2137 
2446 4888 4923 2144 2137 4889 4924 2145 2138 
2447 4889 4924 2145 2138 4890 4925 2146 2139 
2448 4890 4925 2146 2139 1200 1205 179 178 
2449 109 110 1006 1001 2035 2042 4926 4891 
2450 2035 2042 4926 4891 2036 2043 4927 4892 
2451 2036 2043 4927 4892 2037 2044 4928 4893 
2452 2037 2044 4928 4893 2038 2045 4929 4894 
2453 2038 2045 4929 4894 2039 2046 4930 4895 
2454 2039 2046 4930 4895 2040 2047 4931 4896 
2455 2040 2047 4931 4896 2041 2048 4932 4897 
2456 2041 2048 4932 4897 164 165 1206 1201 
2457 1001 1006 1007 1002 4891 4926 4933 4898 
2458 4891 4926 4933 4898 4892 4927 4934 4899 
2459 4892 4927 4934 4899 4893 4928 4935 4900 
2460 4893 4928 4935 4900 4894 4929 4936 4901 
2461 4894 4929 4936 4901 4895 4930 4937 4902 
2462 4895 4930 4937 4902 4896 4931 4938 4903 
2463 4896 4931 4938 4903 4897 4932 4939 4904 
2464 4897 4932 4939 4904 1201 1206 1207 1202 
2465 1002 1007 1008 1003 4898 4933 4940 4905 
2466 4898 4933 4940 4905 4899 4934 4941 4906 
2467 4899 4934 4941 4906 4900 4935 4942 4907 
2468 4900 4935 4942 4907 4901 4936 4943 4908 
2469 4901 4936 4943 4908 4902 4937 4944 4909 
2470 4902 4937 4944 4909 4903 4938 4945 4910 
2471 4903 4938 4945 4910 4904 4939 4946 4911 
2472 4904 4939 4946 4911 1202 1207 1208 1203 
2473 1003 1008 1009 1004 4905 4940 4947 4912 
2474 4905 4940 4947 4912 4906 4941 4948 4913 
2475 4906 4941 4948 4913 4907 4942 4949 4914 
2476 4907 4942 4949 4914 4908 4943 4950 4915 
2477 4908 4943 4950 4915 4909 4944 4951 4916 
2478 4909 4944 4951 4916 4910 4945 4952 4917 
2479 4910 4945 4952 4917 4911 4946 4953 4918 
2480 4911 4946 4953 4918 1203 1208 1209 1204 
2481 1004 1009 1010 1005 4912 4947 4954 4919 
2482 4912 4947 4954 4919 4913 4948 4955 4920 
2483 4913 4948 4955 4920 4914 4949 4956 4921 
2484 4914 4949 4956 4921 4915 4950 4957 4922 
2485 4915 4950 4957 4922 4916 4951 4958 4923 
2486 4916 4951 4958 4923 4917 4952 4959 4924 
2487 4917 4952 4959 4924 4918 4953 4960 4925 
2488 4918 4953 4960 4925 1204 1209 1210 1205 
2489 1005 1010 125 124 4919 4954 2147 2140 
2490 4919 4954 2147 2140 4920 4955 2148 2141 
2491 4920 4955 2148 2141 4921 4956 2149 2142 
2492 4921 4956 2149 2142 4922 4957 2150 2143 
2493 4922 4957 2150 2143 4923 4958 2151 2144 
2494 4923 4958 2151 2144 4924 4959 2152 2145 
2495 4924 4959 2152 2145 4925 4960 2153 2146 
2496 4925 4960 2153 2146 1205 1210 180 179 
2497 110 111 1011 1006 2042 2049 4961 4926 
2498 2042 2049 4961 4926 2043 2050 4962 4927 
2499 2043 2050 4962 4927 2044 2051 4963 4928 
2500 2044 2051 4963 4928 2045 2052 4964 4929 
2501 2045 2052 4964 4929 2046 2053 4965 4930 
2502 2046 2053 4965 4930 2047 2054 4966 4931 
2503 2047 2054 4966 4931 2048 2055 4967 4932 
2504 2048 2055 4967 4932 165 166 1211 1206 
2505 1006 1011 1012 1007 4926 4961 4968 4933 
2506 4926 4961 4968 4933 4927 4962 4969 4934 
2507 4927 4962 4969 4934 4928 4963 4970 4935 
2508 4928 4963 4970 4935 4929 4964 4971 4936 
2509 4929 4964 4971 4936 4930 4965 4972 4937 
2510 4930 4965 4972 4937 4931 4966 4973 4938 
2511 4931 4966 4973 4938 4932 4967 4974 4939 
2512 4932 4967 4974 4939 1206 1211 1212 1207 
2513 1007 1012 1013 1008 4933 4968 4975 4940 
2514 4933 4968 4975 4940 4934 4969 4976 4941 
2515 4934 4969 4976 4941 4935 4970 4977 4942 
2516 4935 4970 4977 4942 4936 4971 4978 4943 
2517 4936 4971 4978 4943 4937 4972 4979 4944 
2518 4937 4972 4979 4944 4938 4973 4980 4945 
2519 4938 4973 4980 4945 4939 4974 4981 4946 
2520 4939 4974 4981 4946 1207 1212 1213 1208 
2521 1008 1013 1014 1009 4940 4975 4982 4947 
2522 4940 4975 4982 4947 4941 4976 4983 4948 
2523 4941 4976 4983 4948 4942 4977 4984 4949 
2524 4942 4977 4984 4949 4943 4978 4985 4950 
2525 4943 4978 4985 4950 4944 4979 4986 4951 
2526 4944 4979 4986 4951 4945 4980 4987 4952 
2527 4945 4980 4987 4952 4946 4981 4988 4953 
2528 4946 4981 4988 4953 1208 1213 1214 1209 
2529 1009 1014 1015 1010 4947 4982 4989 4954 
2530 4947 4982 4989 4954 4948 4983 4990 4955 
2531 4948 4983 4990 4955 4949 4984 4991 4956 
2532 4949 4984 4991 4956 4950 4985 4992 4957 
2533 4950 4985 4992 4957 4951 4986 4993 4958 
2534 4951 4986 4993 4958 4952 4987 4994 4959 
2535 4952 4987 4994 4959 4953 4988 4995 4960 
2536 4953 4988 4995 4960 1209 1214 1215 1210 
2537 1010 1015 126 125 4954 4989 2154 2147 
2538 4954 4989 2154 2147 4955 4990 2155 2148 
2539 4955 4990 2155 2148 4956 4991 2156 2149 
2540 4956 4991 2156 2149 4957 4992 2157 2150 
2541 4957 4992 2157 2150 4958 4993 2158 2151 
2542 4958 4993 2158 2151 4959 4994 2159 2152 
2543 4959 4994 2159 2152 4960 4995 2160 2153 
2544 4960 4995 2160 2153 1210 1215 181 180 
2545 111 12 352 1011 2049 644 2966 4961 
2546 2049 644 2966 4961 2050 645 2967 4962 
2547 2050 645 2967 4962 2051 646 2968 4963 
2548 2051 646 2968 4963 2052 647 2969 4964 
2549 2052 647 2969 4964 2053 648 2970 4965 
2550 2053 648 2970 4965 2054 649 2971 4966 
2551 2054 649 2971 4966 2055 650 2972 4967 
2552 2055 650 2972 4967 166 27 407 1211 
2553 1011 352 353 1012 4961 2966 2973 4968 
2554 4961 2966 2973 4968 4962 2967 2974 4969 
2555 4962 2967 2974 4969 4963 2968 2975 4970 
2556 4963 2968 2975 4970 4964 2969 2976 4971 
2557 4964 2969 2976 4971 4965 2970 2977 4972 
2558 4965 2970 2977 4972 4966 2971 2978 4973 
2559 4966 2971 2978 4973 4967 2972 2979 4974 
2560 4967 2972 2979 4974 1211 407 408 1212 
2561 1012 353 354 1013 4968 2973 2980 4975 
2562 4968 2973 2980 4975 4969 2974 2981 4976 
2563 4969 2974 2981 4976 4970 2975 2982 4977 
2564 4970 2975 2982 4977 4971 2976 2983 4978 
2565 4971 2976 2983 4978 4972 2977 2984 4979 
2566 4972 2977 2984 4979 4973 2978 2985 4980 
2567 4973 2978 2985 4980 4974 2979 2986 4981 
2568 4974 2979 2986 4981 1212 408 409 1213 
2569 1013 354 355 1014 4975 2980 2987 4982 
2570 4975 2980 2987 4982 4976 2981 2988 4983 
2571 4976 2981 2988 4983 4977 2982 2989 4984 
2572 4977 2982 2989 4984 4978 2983 2990 4985 
2573 4978 2983 2990 4985 4979 2984 2991 4986 
2574 4979 2984 2991 4986 4980 2985 2992 4987 
2575 4980 2985 2992 4987 4981 2986 2993 4988 
2576 4981 2986 2993 4988 1213 409 410 1214 
2577 1014 355 356 1015 4982 2987 2994 4989 
2578 4982 2987 2994 4989 4983 2988 2995 4990 
2579 4983 2988 2995 4990 4984 2989 2996 4991 
2580 4984 2989 2996 4991 4985 2990 2997 4992 
2581 4985 2990 2997 4992 4986 2991 2998 4993 
2582 4986 2991 2998 4993 4987 2992 2999 4994 
2583 4987 2992 2999 4994 4988 2993 3000 4995 
2584 4988 2993 3000 4995 1214 410 411 1215 
2585 1015 356 16 126 4989 2994 672 2154 
2586 4989 2994 672 2154 4990 2995 673 2155 
2587 4990 2995 673 2155 4991 2996 674 2156 
2588 4991 2996 674 2156 4992 2997 675 2157 
2589 4992 2997 675 2157 4993 2998 676 2158 
2590 4993 2998 676 2158 4994 2999 677 2159 
2591 4994 2999 677 2159 4995 3000 678 2160 
2592 4995 3000 678 2160 1215 411 31 181 
3 6100 5 36
2593 17 127 1016 357 32 182 1266 412 
2594 357 1016 1017 358 412 1266 1267 413 
2595 358 1017 1018 359 413 1267 1268 414 
2596 359 1018 1019 360 414 1268 1269 415 
2597 360 1019 1020 361 415 1269 1270 416 
2598 361 1020 137 20 416 1270 197 36 
2599 127 128 1021 1016 182 183 1271 1266 
2600 1016 1021 1022 1017 1266 1271 1272 1267 
2601 1017 1022 1023 1018 1267 1272 1273 1268 
2602 1018 1023 1024 1019 1268 1273 1274 1269 
2603 1019 1024 1025 1020 1269 1274 1275 1270 
2604 1020 1025 138 137 1270 1275 198 197 
2605 128 129 1026 1021 183 184 1276 1271 
2606 1021 1026 1027 1022 1271 1276 1277 1272 
2607 1022 1027 1028 1023 1272 1277 1278 1273 
2608 1023 1028 1029 1024 1273 1278 1279 1274 
2609 1024 1029 1030 1025 1274 1279 1280 1275 
2610 1025 1030 139 138 1275 1280 199 198 
2611 129 130 1031 1026 184 185 1281 1276 
2612 1026 1031 1032 1027 1276 1281 1282 1277 
2613 1027 1032 1033 1028 1277 1282 1283 1278 
2614 1028 1033 1034 1029 1278 1283 1284 1279 
2615 1029 1034 1035 1030 1279 1284 1285 1280 
2616 1030 1035 140 139 1280 1285 200 199 
2617 130 131 1036 1031 185 186 1286 1281 
2618 1031 1036 1037 1032 1281 1286 1287 1282 
2619 1032 1037 1038 1033 1282 1287 1288 1283 
2620 1033 1038 1039 1034 1283 1288 1289 1284 
2621 1034 1039 1040 1035 1284 1289 1290 1285 
2622 1035 1040 141 140 1285 1290 201 200 
2623 131 18 372 1036 186 33 422 1286 
2624 1036 372 373 1037 1286 422 423 1287 
2625 1037 373 374 1038 1287 423 424 1288 
2626 1038 374 375 1039 1288 424 425 1289 
2627 1039 375 376 1040 1289 425 426 1290 
2628 1040 376 21 141 1290 426 37 201 
3 6101 5 36
2629 18 132 1041 372 33 187 1291 422 
2630 372 1041 1042 373 422 1291 1292 423 
2631 373 1042 1043 374 423 1292 1293 424 
2632 374 1043 1044 375 424 1293 1294 425 
2633 375 1044 1045 376 425 1294 1295 426 
2634 376 1045 142 21 426 1295 202 37 
2635 132 133 1046 1041 187 188 1296 1291 
2636 1041 1046 1047 1042 1291 1296 1297 1292 
2637 1042 1047 1048 1043 1292 1297 1298 1293 
2638 1043 1048 1049 1044 1293 1298 1299 1294 
2639 1044 1049 1050 1045 1294 1299 1300 1295 
2640 1045 1050 143 142 1295 1300 203 202 
2641 133 134 1051 1046 188 189 1301 1296 
2642 1046 1051 1052 1047 1296 1301 1302 1297 
2643 1047 1052 1053 1048 1297 1302 1303 1298 
2644 1048 1053 1054 1049 1298 1303 1304 1299 
2645 1049 1054 1055 1050 1299 1304 1305 1300 
2646 1050 1055 144 143 1300 1305 204 203 
2647 134 135 1056 1051 189 190 1306 1301 
2648 1051 1056 1057 1052 1301 1306 1307 1302 
2649 1052 1057 1058 1053 1302 1307 1308 1303 
2650 1053 1058 1059 1054 1303 1308 1309 1304 
2651 1054 1059 1060 1055 1304 1309 1310 1305 
2652 1055 1060 145 144 1305 1310 205 204 
2653 135 136 1061 1056 190 191 1311 1306 
2654 1056 1061 1062 1057 1306 1311 1312 1307 
2655 1057 1062 1063 1058 1307 1312 1313 1308 
2656 1058 1063 1064 1059 1308 1313 1314 1309 
2657 1059 1064 1065 1060 1309 1314 1315 1310 
2658 1060 1065 146 145 1310 1315 206 205 
2659 136 19 387 1061 191 34 437 1311 
2660 1061 387 388 1062 1311 437 438 1312 
2661 1062 388 389 1063 1312 438 439 1313 
2662 1063 389 390 1064 1313 439 440 1314 
2663 1064 390 391 1065 1314 440 441 1315 
2664 1065 391 22 146 1315 441 38 206 
3 6102 5 36
2665 19 532 1241 387 34 192 1316 437 
2666 387 1241 1242 388 437 1316 1317 438 
2667 388 1242 1243 389 438 1317 1318 439 
2668 389 1243 1244 390 439 1318 1319 440 
2669 390 1244 1245 391 440 1319 1320 441 
2670 391 1245 147 22 441 1320 207 38 
2671 532 533 1246 1241 192 193 1321 1316 
2672 1241 1246 1247 1242 1316 1321 1322 1317 
2673 1242 1247 1248 1243 1317 1322 1323 1318 
2674 1243 1248 1249 1244 1318 1323 1324 1319 
2675 1244 1249 1250 1245 1319 1324 1325 1320 
2676 1245 1250 148 147 1320 1325 208 207 
2677 533 534 1251 1246 193 194 1326 1321 
2678 1246 1251 1252 1247 1321 1326 1327 1322 
2679 1247 1252 1253 1248 1322 1327 1328 1323 
2680 1248 1253 1254 1249 1323 1328 1329 1324 
2681 1249 1254 1255 1250 1324 1329 1330 1325 
2682 1250 1255 149 148 1325 1330 209 208 
2683 534 535 1256 1251 194 195 1331 1326 
2684 1251 1256 1257 1252 1326 1331 1332 1327 
2685 1252 1257 1258 1253 1327 1332 1333 1328 
2686 1253 1258 1259 1254 1328 1333 1334 1329 
2687 1254 1259 1260 1255 1329 1334 1335 1330 
2688 1255 1260 150 149 1330 1335 210 209 
2689 535 536 1261 1256 195 196 1336 1331 
2690 1256 1261 1262 1257 1331 1336 1337 1332 
2691 1257 1262 1263 1258 1332 1337 1338 1333 
2692 1258 1263 1264 1259 1333 1338 1339 1334 
2693 1259 1264 1265 1260 1334 1339 1340 1335 
2694 1260 1265 151 150 1335 1340 211 210 
2695 536 64 542 1261 196 35 452 1336 
2696 1261 542 543 1262 1336 452 453 1337 
2697 1262 543 544 1263 1337 453 454 1338 
2698 1263 544 545 1264 1338 454 455 1339 
2699 1264 545 546 1265 1339 455 456 1340 
2700 1265 546 23 151 1340 456 39 211 
3 6110 5 36
2701 20 137 1066 362 36 197 1341 417 
2702 362 1066 1067 363 417 1341 1342 418 
2703 363 1067 1068 364 418 1342 1343 419 
2704 364 1068 1069 365 419 1343 1344 420 
2705 365 1069 1070 366 420 1344 1345 421 
2706 366 1070 152 24 421 1345 212 40 
2707 137 138 1071 1066 197 198 1346 1341 
2708 1066 1071 1072 1067 1341 1346 1347 1342 
2709 1067 1072 1073 1068 1342 1347 1348 1343 
2710 1068 1073 1074 1069 1343 1348 1349 1344 
2711 1069 1074 1075 1070 1344 1349 1350 1345 
2712 1070 1075 153 152 1345 1350 213 212 
2713 138 139 1076 1071 198 199 1351 1346 
2714 1071 1076 1077 1072 1346 1351 1352 1347 
2715 1072 1077 1078 1073 1347 1352 1353 1348 
2716 1073 1078 1079 1074 1348 1353 1354 1349 
2717 1074 1079 1080 1075 1349 1354 1355 1350 
2718 1075 1080 154 153 1350 1355 214 213 
2719 139 140 1081 1076 199 200 1356 1351 
2720 1076 1081 1082 1077 1351 1356 1357 1352 
2721 1077 1082 1083 1078 1352 1357 1358 1353 
2722 1078 1083 1084 1079 1353 1358 1359 1354 
2723 1079 1084 1085 1080 1354 1359 1360 1355 
2724 1080 1085 155 154 1355 1360 215 214 
2725 140 141 1086 1081 200 201 1361 1356 
2726 1081 1086 1087 1082 1356 1361 1362 1357 
2727 1082 1087 1088 1083 1357 1362 1363 1358 
2728 1083 1088 1089 1084 1358 1363 1364 1359 
2729 1084 1089 1090 1085 1359 1364 1365 1360 
2730 1085 1090 156 155 1360 1365 216 215 
2731 141 21 377 1086 201 37 427 1361 
2732 1086 377 378 1087 1361 427 428 1362 
2733 1087 378 379 1088 1362 428 429 1363 
2734 1088 379 380 1089 1363 429 430 1364 
2735 1089 380 381 1090 1364 430 431 1365 
2736 1090 381 25 156 1365 431 41 216 
3 6111 5 36
2737 21 142 1091 377 37 202 1366 427 
2738 377 1091 1092 378 427 1366 1367 428 
2739 378 1092 1093 379 428 1367 1368 429 
2740 379 1093 1094 380 429 1368 1369 430 
2741 380 1094 1095 381 430 1369 1370 431 
2742 381 1095 157 25 431 1370 217 41 
2743 142 143 1096 1091 202 203 1371 1366 
2744 1091 1096 1097 1092 1366 1371 1372 1367 
2745 1092 1097 1098 1093 1367 1372 1373 1368 
2746 1093 1098 1099 1094 1368 1373 1374 1369 
2747 1094 1099 1100 1095 1369 1374 1375 1370 
2748 1095 1100 158 157 1370 1375 218 217 
2749 143 144 1101 1096 203 204 1376 1371 
2750 1096 1101 1102 1097 1371 1376 1377 1372 
2751 1097 1102 1103 1098 1372 1377 1378 1373 
2752 1098 1103 1104 1099 1373 1378 1379 1374 
2753 1099 1104 1105 1100 1374 1379 1380 1375 
2754 1100 1105 159 158 1375 1380 219 218 
2755 144 145 1106 1101 204 205 1381 1376 
2756 1101 1106 1107 1102 1376 1381 1382 1377 
2757 1102 1107 1108 1103 1377 1382 1383 1378 
2758 1103 1108 1109 1104 1378 1383 1384 1379 
2759 1104 1109 1110 1105 1379 1384 1385 1380 
2760 1105 1110 160 159 1380 1385 220 219 
2761 145 146 1111 1106 205 206 1386 1381 
2762 1106 1111 1112 1107 1381 1386 1387 1382 
2763 1107 1112 1113 1108 1382 1387 1388 1383 
2764 1108 1113 1114 1109 1383 1388 1389 1384 
2765 1109 1114 1115 1110 1384 1389 1390 1385 
2766 1110 1115 161 160 1385 1390 221 220 
2767 146 22 392 1111 206 38 442 1386 
2768 1111 392 393 1112 1386 442 443 1387 
2769 1112 393 394 1113 1387 443 444 1388 
2770 1113 394 395 1114 1388 444 445 1389 
2771 1114 395 396 1115 1389 445 446 1390 
2772 1115 396 26 161 1390 446 42 221 
3 6112 5 36
2773 22 147 1116 392 38 207 1391 442 
2774 392 1116 1117 393 442 1391 1392 443 
2775 393 1117 1118 394 443 1392 1393 444 
2776 394 1118 1119 395 444 1393 1394 445 
2777 395 1119 1120 396 445 1394 1395 446 
2778 396 1120 162 26 446 1395 222 42 
2779 147 148 1121 1116 207 208 1396 1391 
2780 1116 1121 1122 1117 1391 1396 1397 1392 
2781 1117 1122 1123 1118 1392 1397 1398 1393 
2782 1118 1123 1124 1119 1393 1398 1399 1394 
2783 1119 1124 1125 1120 1394 1399 1400 1395 
2784 1120 1125 163 162 1395 1400 223 222 
2785 148 149 1126 1121 208 209 1401 1396 
2786 1121 1126 1127 1122 1396 1401 1402 1397 
2787 1122 1127 1128 1123 1397 1402 1403 1398 
2788 1123 1128 1129 1124 1398 1403 1404 1399 
2789 1124 1129 1130 1125 1399 1404 1405 1400 
2790 1125 1130 164 163 1400 1405 224 223 
2791 149 150 1131 1126 209 210 1406 1401 
2792 1126 1131 1132 1127 1401 1406 1407 1402 
2793 1127 1132 1133 1128 1402 1407 1408 1403 
2794 1128 1133 1134 1129 1403 1408 1409 1404 
2795 1129 1134 1135 1130 1404 1409 1410 1405 
2796 1130 1135 165 164 1405 1410 225 224 
2797 150 151 1136 1131 210 211 1411 1406 
2798 1131 1136 1137 1132 1406 1411 1412 1407 
2799 1132 1137 1138 1133 1407 1412 1413 1408 
2800 1133 1138 1139 1134 1408 1413 1414 1409 
2801 1134 1139 1140 1135 1409 1414 1415 1410 
2802 1135 1140 166 165 1410 1415 226 225 
2803 151 23 402 1136 211 39 457 1411 
2804 1136 402 403 1137 1411 457 458 1412 
2805 1137 403 404 1138 1412 458 459 1413 
2806 1138 404 405 1139 1413 459 460 1414 
2807 1139 405 406 1140 1414 460 461 1415 
2808 1140 406 27 166 1415 461 43 226 
3 6120 5 36
2809 24 152 1141 367 40 212 1466 547 
2810 367 1141 1142 368 547 1466 1467 548 
2811 368 1142 1143 369 548 1467 1468 549 
2812 369 1143 1144 370 549 1468 1469 550 
2813 370 1144 1145 371 550 1469 1470 551 
2814 371 1145 167 28 551 1470 557 65 
2815 152 153 1146 1141 212 213 1471 1466 
2816 1141 1146 1147 1142 1466 1471 1472 1467 
2817 1142 1147 1148 1143 1467 1472 1473 1468 
2818 1143 1148 1149 1144 1468 1473 1474 1469 
2819 1144 1149 1150 1145 1469 1474 1475 1470 
2820 1145 1150 168 167 1470 1475 558 557 
2821 153 154 1151 1146 213 214 1476 1471 
2822 1146 1151 1152 1147 1471 1476 1477 1472 
2823 1147 1152 1153 1148 1472 1477 1478 1473 
2824 1148 1153 1154 1149 1473 1478 1479 1474 
2825 1149 1154 1155 1150 1474 1479 1480 1475 
2826 1150 1155 169 168 1475 1480 559 558 
2827 154 155 1156 1151 214 215 1481 1476 
2828 1151 1156 1157 1152 1476 1481 1482 1477 
2829 1152 1157 1158 1153 1477 1482 1483 1478 
2830 1153 1158 1159 1154 1478 1483 1484 1479 
2831 1154 1159 1160 1155 1479 1484 1485 1480 
2832 1155 1160 170 169 1480 1485 560 559 
2833 155 156 1161 1156 215 216 1486 1481 
2834 1156 1161 1162 1157 1481 1486 1487 1482 
2835 1157 1162 1163 1158 1482 1487 1488 1483 
2836 1158 1163 1164 1159 1483 1488 1489 1484 
2837 1159 1164 1165 1160 1484 1489 1490 1485 
2838 1160 1165 171 170 1485 1490 561 560 
2839 156 25 382 1161 216 41 432 1486 
2840 1161 382 383 1162 1486 432 433 1487 
2841 1162 383 384 1163 1487 433 434 1488 
2842 1163 384 385 1164 1488 434 435 1489 
2843 1164 385 386 1165 1489 435 436 1490 
2844 1165 386 29 171 1490 436 44 561 
3 6121 5 36
2845 25 157 1166 382 41 217 1416 432 
2846 382 1166 1167 383 432 1416 1417 433 
2847 383 1167 1168 384 433 1417 1418 434 
2848 384 1168 1169 385 434 1418 1419 435 
2849 385 1169 1170 386 435 1419 1420 436 
2850 386 1170 172 29 436 1420 227 44 
2851 157 158 1171 1166 217 218 1421 1416 
2852 1166 1171 1172 1167 1416 1421 1422 1417 
2853 1167 1172 1173 1168 1417 1422 1423 1418 
2854 1168 1173 1174 1169 1418 1423 1424 1419 
2855 1169 1174 1175 1170 1419 1424 1425 1420 
2856 1170 1175 173 172 1420 1425 228 227 
2857 158 159 1176 1171 218 219 1426 1421 
2858 1171 1176 1177 1172 1421 1426 1427 1422 
2859 1172 1177 1178 1173 1422 1427 1428 1423 
2860 1173 1178 1179 1174 1423 1428 1429 1424 
2861 1174 1179 1180 1175 1424 1429 1430 1425 
2862 1175 1180 174 173 1425 1430 229 228 
2863 159 160 1181 1176 219 220 1431 1426 
2864 1176 1181 1182 1177 1426 1431 1432 1427 
2865 1177 1182 1183 1178 1427 1432 1433 1428 
2866 1178 1183 1184 1179 1428 1433 1434 1429 
2867 1179 1184 1185 1180 1429 1434 1435 1430 
2868 1180 1185 175 174 1430 1435 230 229 
2869 160 161 1186 1181 220 221 1436 1431 
2870 1181 1186 1187 1182 1431 1436 1437 1432 
2871 1182 1187 1188 1183 1432 1437 1438 1433 
2872 1183 1188 1189 1184 1433 1438 1439 1434 
2873 1184 1189 1190 1185 1434 1439 1440 1435 
2874 1185 1190 176 175 1435 1440 231 230 
2875 161 26 397 1186 221 42 447 1436 
2876 1186 397 398 1187 1436 447 448 1437 
2877 1187 398 399 1188 1437 448 449 1438 
2878 1188 399 400 1189 1438 449 450 1439 
2879 1189 400 401 1190 1439 450 451 1440 
2880 1190 401 30 176 1440 451 45 231 
3 6122 5 36
2881 26 162 1191 397 42 222 1441 447 
2882 397 1191 1192 398 447 1441 1442 448 
2883 398 1192 1193 399 448 1442 1443 449 
2884 399 1193 1194 400 449 1443 1444 450 
2885 400 1194 1195 401 450 1444 1445 451 
2886 401 1195 177 30 451 1445 232 45 
2887 162 163 1196 1191 222 223 1446 1441 
2888 1191 1196 1197 1192 1441 1446 1447 1442 
2889 1192 1197 1198 1193 1442 1447 1448 1443 
2890 1193 1198 1199 1194 1443 1448 1449 1444 
2891 1194 1199 1200 1195 1444 1449 1450 1445 
2892 1195 1200 178 177 1445 1450 233 232 
2893 163 164 1201 1196 223 224 1451 1446 
2894 1196 1201 1202 1197 1446 1451 1452 1447 
2895 1197 1202 1203 1198 1447 1452 1453 1448 
2896 1198 1203 1204 1199 1448 1453 1454 1449 
2897 1199 1204 1205 1200 1449 1454 1455 1450 
2898 1200 1205 179 178 1450 1455 234 233 
2899 164 165 1206 1201 224 225 1456 1451 
2900 1201 1206 1207 1202 1451 1456 1457 1452 
2901 1202 1207 1208 1203 1452 1457 1458 1453 
2902 1203 1208 1209 1204 1453 1458 1459 1454 
2903 1204 1209 1210 1205 1454 1459 1460 1455 
2904 1205 1210 180 179 1455 1460 235 234 
2905 165 166 1211 1206 225 226 1461 1456 
2906 1206 1211 1212 1207 1456 1461 1462 1457 
2907 1207 1212 1213 1208 1457 1462 1463 1458 
2908 1208 1213 1214 1209 1458 1463 1464 1459 
2909 1209 1214 1215 1210 1459 1464 1465 1460 
2910 1210 1215 181 180 1460 1465 236 235 
2911 166 27 407 1211 226 43 462 1461 
2912 1211 407 408 1212 1461 462 463 1462 
2913 1212 408 409 1213 1462 463 464 1463 
2914 1213 409 410 1214 1463 464 465 1464 
2915 1214 410 411 1215 1464 465 466 1465 
2916 1215 411 31 181 1465 466 46 236 
3 6200 5 288
2917 32 182 1266 412 679 2161 4996 3001 
2918 679 2161 4996 3001 680 2162 4997 3002 
2919 680 2162 4997 3002 681 2163 4998 3003 
2920 681 2163 4998 3003 682 2164 4999 3004 
2921 682 2164 4999 3004 683 2165 5000 3005 
2922 683 2165 5000 3005 684 2166 5001 3006 
2923 684 2166 5001 3006 685 2167 5002 3007 
2924 685 2167 5002 3007 47 237 1516 467 
2925 412 1266 1267 413 3001 4996 5003 3008 
2926 3001 4996 5003 3008 3002 4997 5004 3009 
2927 3002 4997 5004 3009 3003 4998 5005 3010 
2928 3003 4998 5005 3010 3004 4999 5006 3011 
2929 3004 4999 5006 3011 3005 5000 5007 3012 
2930 3005 5000 5007 3012 3006 5001 5008 3013 
2931 3006 5001 5008 3013 3007 5002 5009 3014 
2932 3007 5002 5009 3014 467 1516 1517 468 
2933 413 1267 1268 414 3008 5003 5010 3015 
2934 3008 5003 5010 3015 3009 5004 5011 3016 
2935 3009 5004 5011 3016 3010 5005 5012 3017 
2936 3010 5005 5012 3017 3011 5006 5013 3018 
2937 3011 5006 5013 3018 3012 5007 5014 3019 
2938 3012 5007 5014 3019 3013 5008 5015 3020 
2939 3013 5008 5015 3020 3014 5009 5016 3021 
2940 3014 5009 5016 3021 468 1517 1518 469 
2941 414 1268 1269 415 3015 5010 5017 3022 
2942 3015 5010 5017 3022 3016 5011 5018 3023 
2943 3016 5011 5018 3023 3017 5012 5019 3024 
2944 3017 5012 5019 3024 3018 5013 5020 3025 
2945 3018 5013 5020 3025 3019 5014 5021 3026 
2946 3019 5014 5021 3026 3020 5015 5022 3027 
2947 3020 5015 5022 3027 3021 5016 5023 3028 
2948 3021 5016 5023 3028 469 1518 1519 470 
2949 415 1269 1270 416 3022 5017 5024 3029 
2950 3022 5017 5024 3029 3023 5018 5025 3030 
2951 3023 5018 5025 3030 3024 5019 5026 3031 
2952 3024 5019 5026 3031 3025 5020 5027 3032 
2953 3025 5020 5027 3032 3026 5021 5028 3033 
2954 3026 5021 5028 3033 3027 5022 5029 3034 
2955 3027 5022 5029 3034 3028 5023 5030 3035 
2956 3028 5023 5030 3035 470 1519 1520 471 
2957 416 1270 197 36 3029 5024 2266 707 
2958 3029 5024 2266 707 3030 5025 2267 708 
2959 3030 5025 2267 708 3031 5026 2268 709 
2960 3031 5026 2268 709 3032 5027 2269 710 
2961 3032 5027 2269 710 3033 5028 2270 711 
2962 3033 5028 2270 711 3034 5029 2271 712 
2963 3034 5029 2271 712 3035 5030 2272 713 
2964 3035 5030 2272 713 471 1520 252 51 
2965 182 183 1271 1266 2161 2168 5031 4996 
2966 2161 2168 5031 4996 2162 2169 5032 4997 
2967 2162 2169 5032 4997 2163 2170 5033 4998 
2968 2163 2170 5033 4998 2164 2171 5034 4999 
2969 2164 2171 5034 4999 2165 2172 5035 5000 
2970 2165 2172 5035 5000 2166 2173 5036 5001 
2971 2166 2173 5036 5001 2167 2174 5037 5002 
2972 2167 2174 5037 5002 237 238 1521 1516 
2973 1266 1271 1272 1267 4996 5031 5038 5003 
2974 4996 5031 5038 5003 4997 5032 5039 5004 
2975 4997 5032 5039 5004 4998 5033 5040 5005 
2976 4998 5033 5040 5005 4999 5034 5041 5006 
2977 4999 5034 5041 5006 5000 5035 5042 5007 
2978 5000 5035 5042 5007 5001 5036 5043 5008 
2979 5001 5036 5043 5008 5002 5037 5044 5009 
2980 5002 5037 5044 5009 1516 1521 1522 1517 
2981 1267 1272 1273 1268 5003 5038 5045 5010 
2982 5003 5038 5045 5010 5004 5039 5046 5011 
2983 5004 5039 5046 5011 5005 5040 5047 5012 
2984 5005 5040 5047 5012 5006 5041 5048 5013 
2985 5006 5041 5048 5013 5007 5042 5049 5014 
2986 5007 5042 5049 5014 5008 5043 5050 5015 
2987 5008 5043 5050 5015 5009 5044 5051 5016 
2988 5009 5044 5051 5016 1517 1522 1523 1518 
2989 1268 1273 1274 1269 5010 5045 5052 5017 
2990 5010 5045 5052 5017 5011 5046 5053 5018 
2991 5011 5046 5053 5018 5012 5047 5054 5019 
2992 5012 5047 5054 5019 5013 5048 5055 5020 
2993 5013 5048 5055 5020 5014 5049 5056 5021 
2994 5014 5049 5056 5021 5015 5050 5057 5022 
2995 5015 5050 5057 5022 5016 5051 5058 5023 
2996 5016 5051 5058 5023 1518 1523 1524 1519 
2997 1269 1274 1275 1270 5017 5052 5059 5024 
2998 5017 5052 5059 5024 5018 5053 5060 5025 
2999 5018 5053 5060 5025 5019 5054 5061 5026 
3000 5019 5054 5061 5026 5020 5055 5062 5027 
3001 5020 5055 5062 5027 5021 5056 5063 5028 
3002 5021 5056 5063 5028 5022 5057 5064 5029 
3003 5022 5057 5064 5029 5023 5058 5065 5030 
3004 5023 5058 5065 5030 1519 1524 1525 1520 
3005 1270 1275 198 197 5024 5059 2273 2266 
3006 5024 5059 2273 2266 5025 5060 2274 2267 
3007 5025 5060 2274 2267 5026 5061 2275 2268 
3008 5026 5061 2275 2268 5027 5062 2276 2269 
3009 5027 5062 2276 2269 5028 5063 2277 2270 
3010 5028 5063 2277 2270 5029 5064 2278 2271 
3011 5029 5064 2278 2271 5030 5065 2279 2272 
3012 5030 5065 2279 2272 1520 1525 253 252 
3013 183 184 1276 1271 2168 2175 5066 5031 
3014 2168 2175 5066 5031 2169 2176 5067 5032 
3015 2169 2176 5067 5032 2170 2177 5068 5033 
3016 2170 2177 5068 5033 2171 2178 5069 5034 
3017 2171 2178 5069 5034 2172 2179 5070 5035 
3018 2172 2179 5070 5035 2173 2180 5071 5036 
3019 2173 2180 5071 5036 2174 2181 5072 5037 
3020 2174 2181 5072 5037 238 239 1526 1521 
3021 1271 1276 1277 1272 5031 5066 5073 5038 
3022 5031 5066 5073 5038 5032 5067 5074 5039 
3023 5032 5067 5074 5039 5033 5068 5075 5040 
3024 5033 5068 5075 5040 5034 5069 5076 5041 
3025 5034 5069 5076 5041 5035 5070 5077 5042 
3026 5035 5070 5077 5042 5036 5071 5078 5043 
3027 5036 5071 5078 5043 5037 5072 5079 5044 
3028 5037 5072 5079 5044 1521 1526 1527 1522 
3029 1272 1277 1278 1273 5038 5073 5080 5045 
3030 5038 5073 5080 5045 5039 5074 5081 5046 
3031 5039 5074 5081 5046 5040 5075 5082 5047 
3032 5040 5075 5082 5047 5041 5076 5083 5048 
3033 5041 5076 5083 5048 5042 5077 5084 5049 
3034 5042 5077 5084 5049 5043 5078 5085 5050 
3035 5043 5078 5085 5050 5044 5079 5086 5051 
3036 5044 5079 5086 5051 1522 1527 1528 1523 
3037 1273 1278 1279 1274 5045 5080 5087 5052 
3038 5045 5080 5087 5052 5046 5081 5088 5053 
3039 5046 5081 5088 5053 5047 5082 5089 5054 
3040 5047 5082 5089 5054 5048 5083 5090 5055 
3041 5048 5083 5090 5055 5049 5084 5091 5056 
3042 5049 5084 5091 5056 5050 5085 5092 5057 
3043 5050 5085 5092 5057 5051 5086 5093 5058 
3044 5051 5086 5093 5058 1523 1528 1529 1524 
3045 1274 1279 1280 1275 5052 5087 5094 5059 
3046 5052 5087 5094 5059 5053 5088 5095 5060 
3047 5053 5088 5095 5060 5054 5089 5096 5061 
3048 5054 5089 5096 5061 5055 5090 5097 5062 
3049 5055 5090 5097 5062 5056 5091 5098 5063 
3050 5056 5091 5098 5063 5057 5092 5099 5064 
3051 5057 5092 5099 5064 5058 5093 5100 5065 
3052 5058 5093 5100 5065 1524 1529 1530 1525 
3053 1275 1280 199 198 5059 5094 2280 2273 
3054 5059 5094 2280 2273 5060 5095 2281 2274 
3055 5060 5095 2281 2274 5061 5096 2282 2275 
3056 5061 5096 2282 2275 5062 5097 2283 2276 
3057 5062 5097 2283 2276 5063 5098 2284 2277 
3058 5063 5098 2284 2277 5064 5099 2285 2278 
3059 5064 5099 2285 2278 5065 5100 2286 2279 
3060 5065 5100 2286 2279 1525 1530 254 253 
3061 184 185 1281 1276 2175 2182 5101 5066 
3062 2175 2182 5101 5066 2176 2183 5102 5067 
3063 2176 2183 5102 5067 2177 2184 5103 5068 
3064 2177 2184 5103 5068 2178 2185 5104 5069 
3065 2178 2185 5104 5069 2179 2186 5105 5070 
3066 2179 2186 5105 5070 2180 2187 5106 5071 
3067 2180 2187 5106 5071 2181 2188 5107 5072 
3068 2181 2188 5107 5072 239 240 1531 1526 
3069 1276 1281 1282 1277 5066 5101 5108 5073 
3070 5066 5101 5108 5073 5067 5102 5109 5074 
3071 5067 5102 5109 5074 5068 5103 5110 5075 
3072 5068 5103 5110 5075 5069 5104 5111 5076 
3073 5069 5104 5111 5076 5070 5105 5112 5077 
3074 5070 5105 5112 5077 5071 5106 5113 5078 
3075 5071 5106 5113 5078 5072 5107 5114 5079 
3076 5072 5107 5114 5079 1526 1531 1532 1527 
3077 1277 1282 1283 1278 5073 5108 5115 5080 
3078 5073 5108 5115 5080 5074 5109 5116 5081 
3079 5074 5109 5116 5081 5075 5110 5117 5082 
3080 5075 5110 5117 5082 5076 5111 5118 5083 
3081 5076 5111 5118 5083 5077 5112 5119 5084 
3082 5077 5112 5119 5084 5078 5113 5120 5085 
3083 5078 5113 5120 5085 5079 5114 5121 5086 
3084 5079 5114 5121 5086 1527 1532 1533 1528 
3085 1278 1283 1284 1279 5080 5115 5122 5087 
3086 5080 5115 5122 5087 5081 5116 5123 5088 
3087 5081 5116 5123 5088 5082 5117 5124 5089 
3088 5082 5117 5124 5089 5083 5118 5125 5090 
3089 5083 5118 5125 5090 5084 5119 5126 5091 
3090 5084 5119 5126 5091 5085 5120 5127 5092 
3091 5085 5120 5127 5092 5086 5121 5128 5093 
3092 5086 5121 5128 5093 1528 1533 1534 1529 
3093 1279 1284 1285 1280 5087 5122 5129 5094 
3094 5087 5122 5129 5094 5088 5123 5130 5095 
3095 5088 5123 5130 5095 5089 5124 5131 5096 
3096 5089 5124 5131 5096 5090 5125 5132 5097 
3097 5090 5125 5132 5097 5091 5126 5133 5098 
3098 5091 5126 5133 5098 5092 5127 5134 5099 
3099 5092 5127 5134 5099 5093 5128 5135 5100 
3100 5093 5128 5135 5100 1529 1534 1535 1530 
3101 1280 1285 200 199 5094 5129 2287 2280 
3102 5094 5129 2287 2280 5095 5130 2288 2281 
3103 5095 5130 2288 2281 5096 5131 2289 2282 
3104 5096 5131 2289 2282 5097 5132 2290 2283 
3105 5097 5132 2290 2283 5098 5133 2291 2284 
3106 5098 5133 2291 2284 5099 5134 2292 2285 
3107 5099 5134 2292 2285 5100 5135 2293 2286 
3108 5100 5135 2293 2286 1530 1535 255 254 
3109 185 186 1286 1281 2182 2189 5136 5101 
3110 2182 2189 5136 5101 2183 2190 5137 5102 
3111 2183 2190 5137 5102 2184 2191 5138 5103 
3112 2184 2191 5138 5103 2185 2192 5139 5104 
3113 2185 2192 5139 5104 2186 2193 5140 5105 
3114 2186 2193 5140 5105 2187 2194 5141 5106 
3115 2187 2194 5141 5106 2188 2195 5142 5107 
3116 2188 2195 5142 5107 240 241 1536 1531 
3117 1281 1286 1287 1282 5101 5136 5143 5108 
3118 5101 5136 5143 5108 5102 5137 5144 5109 
3119 5102 5137 5144 5109 5103 5138 5145 5110 
3120 5103 5138 5145 5110 5104 5139 5146 5111 
3121 5104 5139 5146 5111 5105 5140 5147 5112 
3122 5105 5140 5147 5112 5106 5141 5148 5113 
3123 5106 5141 5148 5113 5107 5142 5149 5114 
3124 5107 5142 5149 5114 1531 1536 1537 1532 
3125 1282 1287 1288 1283 5108 5143 5150 5115 
3126 5108 5143 5150 5115 5109 5144 5151 5116 
3127 5109 5144 5151 5116 5110 5145 5152 5117 
3128 5110 5145 5152 5117 5111 5146 5153 5118 
3129 5111 5146 5153 5118 5112 5147 5154 5119 
3130 5112 5147 5154 5119 5113 5148 5155 5120 
3131 5113 5148 5155 5120 5114 5149 5156 5121 
3132 5114 5149 5156 5121 1532 1537 1538 1533 
3133 1283 1288 1289 1284 5115 5150 5157 5122 
3134 5115 5150 5157 5122 5116 5151 5158 5123 
3135 5116 5151 5158 5123 5117 5152 5159 5124 
3136 5117 5152 5159 5124 5118 5153 5160 5125 
3137 5118 5153 5160 5125 5119 5154 5161 5126 
3138 5119 5154 5161 5126 5120 5155 5162 5127 
3139 5120 5155 5162 5127 5121 5156 5163 5128 
3140 5121 5156 5163 5128 1533 1538 1539 1534 
3141 1284 1289 1290 1285 5122 5157 5164 5129 
3142 5122 5157 5164 5129 5123 5158 5165 5130 
3143 5123 5158 5165 5130 5124 5159 5166 5131 
3144 5124 5159 5166 5131 5125 5160 5167 5132 
3145 5125 5160 5167 5132 5126 5161 5168 5133 
3146 5126 5161 5168 5133 5127 5162 5169 5134 
3147 5127 5162 5169 5134 5128 5163 5170 5135 
3148 5128 5163 5170 5135 1534 1539 1540 1535 
3149 1285 1290 201 200 5129 5164 2294 2287 
3150 5129 5164 2294 2287 5130 5165 2295 2288 
3151 5130 5165 2295 2288 5131 5166 2296 2289 
3152 5131 5166 2296 2289 5132 5167 2297 2290 
3153 5132 5167 2297 2290 5133 5168 2298 2291 
3154 5133 5168 2298 2291 5134 5169 2299 2292 
3155 5134 5169 2299 2292 5135 5170 2300 2293 
3156 5135 5170 2300 2293 1535 1540 256 255 
3157 186 33 422 1286 2189 686 3106 5136 
3158 2189 686 3106 5136 2190 687 3107 5137 
3159 2190 687 3107 5137 2191 688 3108 5138 
3160 2191 688 3108 5138 2192 689 3109 5139 
3161 2192 689 3109 5139 2193 690 3110 5140 
3162 2193 690 3110 5140 2194 691 3111 5141 
3163 2194 691 3111 5141 2195 692 3112 5142 
3164 2195 692 3112 5142 241 48 482 1536 
3165 1286 422 423 1287 5136 3106 3113 5143 
3166 5136 3106 3113 5143 5137 3107 3114 5144 
3167 5137 3107 3114 5144 5138 3108 3115 5145 
3168 5138 3108 3115 5145 5139 3109 3116 5146 
3169 5139 3109 3116 5146 5140 3110 3117 5147 
3170 5140 3110 3117 5147 5141 3111 3118 5148 
3171 5141 3111 3118 5148 5142 3112 3119 5149 
3172 5142 3112 3119 5149 1536 482 483 1537 
3173 1287 423 424 1288 5143 3113 3120 5150 
3174 5143 3113 3120 5150 5144 3114 3121 5151 
3175 5144 3114 3121 5151 5145 3115 3122 5152 
3176 5145 3115 3122 5152 5146 3116 3123 5153 
3177 5146 3116 3123 5153 5147 3117 3124 5154 
3178 5147 3117 3124 5154 5148 3118 3125 5155 
3179 5148 3118 3125 5155 5149 3119 3126 5156 
3180 5149 3119 3126 5156 1537 483 484 1538 
3181 1288 424 425 1289 5150 3120 3127 5157 
3182 5150 3120 3127 5157 5151 3121 3128 5158 
3183 5151 3121 3128 5158 5152 3122 3129 5159 
3184 5152 3122 3129 5159 5153 3123 3130 5160 
3185 5153 3123 3130 5160 5154 3124 3131 5161 
3186 5154 3124 3131 5161 5155 3125 3132 5162 
3187 5155 3125 3132 5162 5156 3126 3133 5163 
3188 5156 3126 3133 5163 1538 484 485 1539 
3189 1289 425 426 1290 5157 3127 3134 5164 
3190 5157 3127 3134 5164 5158 3128 3135 5165 
3191 5158 3128 3135 5165 5159 3129 3136 5166 
3192 5159 3129 3136 5166 5160 3130 3137 5167 
3193 5160 3130 3137 5167 5161 3131 3138 5168 
3194 5161 3131 3138 5168 5162 3132 3139 5169 
3195 5162 3132 3139 5169 5163 3133 3140 5170 
3196 5163 3133 3140 5170 1539 485 486 1540 
3197 1290 426 37 201 5164 3134 714 2294 
3198 5164 3134 714 2294 5165 3135 715 2295 
3199 5165 3135 715 2295 5166 3136 716 2296 
3200 5166 3136 716 2296 5167 3137 717 2297 
3201 5167 3137 717 2297 5168 3138 718 2298 
3202 5168 3138 718 2298 5169 3139 719 2299 
3203 5169 3139 719 2299 5170 3140 720 2300 
3204 5170 3140 720 2300 1540 486 52 256 
3 6201 5 288
3205 33 187 1291 422 686 2196 5171 3106 
3206 686 2196 5171 3106 687 2197 5172 3107 
3207 687 2197 5172 3107 688 2198 5173 3108 
3208 688 2198 5173 3108 689 2199 5174 3109 
3209 689 2199 5174 3109 690 2200 5175 3110 
3210 690 2200 5175 3110 691 2201 5176 3111 
3211 691 2201 5176 3111 692 2202 5177 3112 
3212 692 2202 5177 3112 48 242 1541 482 
3213 422 1291 1292 423 3106 5171 5178 3113 
3214 3106 5171 5178 3113 3107 5172 5179 3114 
3215 3107 5172 5179 3114 3108 5173 5180 3115 
3216 3108 5173 5180 3115 3109 5174 5181 3116 
3217 3109 5174 5181 3116 3110 5175 5182 3117 
3218 3110 5175 5182 3117 3111 5176 5183 3118 
3219 3111 5176 5183 3118 3112 5177 5184 3119 
3220 3112 5177 5184 3119 482 1541 1542 483 
3221 423 1292 1293 424 3113 5178 5185 3120 
3222 3113 5178 5185 3120 3114 5179 5186 3121 
3223 3114 5179 5186 3121 3115 5180 5187 3122 
3224 3115 5180 5187 3122 3116 5181 5188 3123 
3225 3116 5181 5188 3123 3117 5182 5189 3124 
3226 3117 5182 5189 3124 3118 5183 5190 3125 
3227 3118 5183 5190 3125 3119 5184 5191 3126 
3228 3119 5184 5191 3126 483 1542 1543 484 
3229 424 1293 1294 425 3120 5185 5192 3127 
3230 3120 5185 5192 3127 3121 5186 5193 3128 
3231 3121 5186 5193 3128 3122 5187 5194 3129 
3232 3122 5187 5194 3129 3123 5188 5195 3130 
3233 3123 5188 5195 3130 3124 5189 5196 3131 
3234 3124 5189 5196 3131 3125 5190 5197 3132 
3235 3125 5190 5197 3132 3126 5191 5198 3133 
3236 3126 5191 5198 3133 484 1543 1544 485 
3237 425 1294 1295 426 3127 5192 5199 3134 
3238 3127 5192 5199 3134 3128 5193 5200 3135 
3239 3128 5193 5200 3135 3129 5194 5201 3136 
3240 3129 5194 5201 3136 3130 5195 5202 3137 
3241 3130 5195 5202 3137 3131 5196 5203 3138 
3242 3131 5196 5203 3138 3132 5197 5204 3139 
3243 3132 5197 5204 3139 3133 5198 5205 3140 
3244 3133 5198 5205 3140 485 1544 1545 486 
3245 426 1295 202 37 3134 5199 2301 714 
3246 3134 5199 2301 714 3135 5200 2302 715 
3247 3135 5200 2302 715 3136 5201 2303 716 
3248 3136 5201 2303 716 3137 5202 2304 717 
3249 3137 5202 2304 717 3138 5203 2305 718 
3250 3138 5203 2305 718 3139 5204 2306 719 
3251 3139 5204 2306 719 3140 5205 2307 720 
3252 3140 5205 2307 720 486 1545 257 52 
3253 187 188 1296 1291 2196 2203 5206 5171 
3254 2196 2203 5206 5171 2197 2204 5207 5172 
3255 2197 2204 5207 5172 2198 2205 5208 5173 
3256 2198 2205 5208 5173 2199 2206 5209 5174 
3257 2199 2206 5209 5174 2200 2207 5210 5175 
3258 2200 2207 5210 5175 2201 2208 5211 5176 
3259 2201 2208 5211 5176 2202 2209 5212 5177 
3260 2202 2209 5212 5177 242 243 1546 1541 
3261 1291 1296 1297 1292 5171 5206 5213 5178 
3262 5171 5206 5213 5178 5172 5207 5214 5179 
3263 5172 5207 5214 5179 5173 5208 5215 5180 
3264 5173 5208 5215 5180 5174 5209 5216 5181 
3265 5174 5209 5216 5181 5175 5210 5217 5182 
3266 5175 5210 5217 5182 5176 5211 5218 5183 
3267 5176 5211 5218 5183 5177 5212 5219 5184 
3268 5177 5212 5219 5184 1541 1546 1547 1542 
3269 1292 1297 1298 1293 5178 5213 5220 5185 
3270 5178 5213 5220 5185 5179 5214 5221 5186 
3271 5179 5214 5221 5186 5180 5215 5222 5187 
3272 5180 5215 5222 5187 5181 5216 5223 5188 
3273 5181 5216 5223 5188 5182 5217 5224 5189 
3274 5182 5217 5224 5189 5183 5218 5225 5190 
3275 5183 5218 5225 5190 5184 5219 5226 5191 
3276 5184 5219 5226 5191 1542 1547 1548 1543 
3277 1293 1298 1299 1294 5185 5220 5227 5192 
3278 5185 5220 5227 5192 5186 5221 5228 5193 
3279 5186 5221 5228 5193 5187 5222 5229 5194 
3280 5187 5222 5229 5194 5188 5223 5230 5195 
3281 5188 5223 5230 5195 5189 5224 5231 5196 
3282 5189 5224 5231 5196 5190 5225 5232 5197 
3283 5190 5225 5232 5197 5191 5226 5233 5198 
3284 5191 5226 5233 5198 1543 1548 1549 1544 
3285 1294 1299 1300 1295 5192 5227 5234 5199 
3286 5192 5227 5234 5199 5193 5228 5235 5200 
3287 5193 5228 5235 5200 5194 5229 5236 5201 
3288 5194 5229 5236 5201 5195 5230 5237 5202 
3289 5195 5230 5237 5202 5196 5231 5238 5203 
3290 5196 5231 5238 5203 5197 5232 5239 5204 
3291 5197 5232 5239 5204 5198 5233 5240 5205 
3292 5198 5233 5240 5205 1544 1549 1550 1545 
3293 1295 1300 203 202 5199 5234 2308 2301 
3294 5199 5234 2308 2301 5200 5235 2309 2302 
3295 5200 5235 2309 2302 5201 5236 2310 2303 
3296 5201 5236 2310 2303 5202 5237 2311 2304 
3297 5202 5237 2311 2304 5203 5238 2312 2305 
3298 5203 5238 2312 2305 5204 5239 2313 2306 
3299 5204 5239 2313 2306 5205 5240 2314 2307 
3300 5205 5240 2314 2307 1545 1550 258 257 
3301 188 189 1301 1296 2203 2210 5241 5206 
3302 2203 2210 5241 5206 2204 2211 5242 5207 
3303 2204 2211 5242 5207 2205 2212 5243 5208 
3304 2205 2212 5243 5208 2206 2213 5244 5209 
3305 2206 2213 5244 5209 2207 2214 5245 5210 
3306 2207 2214 5245 5210 2208 2215 5246 5211 
3307 2208 2215 5246 5211 2209 2216 5247 5212 
3308 2209 2216 5247 5212 243 244 1551 1546 
3309 1296 1301 1302 1297 5206 5241 5248 5213 
3310 5206 5241 5248 5213 5207 5242 5249 5214 
3311 5207 5242 5249 5214 5208 5243 5250 5215 
3312 5208 5243 5250 5215 5209 5244 5251 5216 
3313 5209 5244 5251 5216 5210 5245 5252 5217 
3314 5210 5245 5252 5217 5211 5246 5253 5218 
3315 5211 5246 5253 5218 5212 5247 5254 5219 
3316 5212 5247 5254 5219 1546 1551 1552 1547 
3317 1297 1302 1303 1298 5213 5248 5255 5220 
3318 5213 5248 5255 5220 5214 5249 5256 5221 
3319 5214 5249 5256 5221 5215 5250 5257 5222 
3320 5215 5250 5257 5222 5216 5251 5258 5223 
3321 5216 5251 5258 5223 5217 5252 5259 5224 
3322 5217 5252 5259 5224 5218 5253 5260 5225 
3323 5218 5253 5260 5225 5219 5254 5261 5226 
3324 5219 5254 5261 5226 1547 1552 1553 1548 
3325 1298 1303 1304 1299 5220 5255 5262 5227 
3326 5220 5255 5262 5227 5221 5256 5263 5228 
3327 5221 5256 5263 5228 5222 5257 5264 5229 
3328 5222 5257 5264 5229 5223 5258 5265 5230 
3329 5223 5258 5265 5230 5224 5259 5266 5231 
3330 5224 5259 5266 5231 5225 5260 5267 5232 
3331 5225 5260 5267 5232 5226 5261 5268 5233 
3332 5226 5261 5268 5233 1548 1553 1554 1549 
3333 1299 1304 1305 1300 5227 5262 5269 5234 
3334 5227 5262 5269 5234 5228 5263 5270 5235 
3335 5228 5263 5270 5235 5229 5264 5271 5236 
3336 5229 5264 5271 5236 5230 5265 5272 5237 
3337 5230 5265 5272 5237 5231 5266 5273 5238 
3338 5231 5266 5273 5238 5232 5267 5274 5239 
3339 5232 5267 5274 5239 5233 5268 5275 5240 
3340 5233 5268 5275 5240 1549 1554 1555 1550 
3341 1300 1305 204 203 5234 5269 2315 2308 
3342 5234 5269 2315 2308 5235 5270 2316 2309 
3343 5235 5270 2316 2309 5236 5271 2317 2310 
3344 5236 5271 2317 2310 5237 5272 2318 2311 
3345 5237 5272 2318 2311 5238 5273 2319 2312 
3346 5238 5273 2319 2312 5239 5274 2320 2313 
3347 5239 5274 2320 2313 5240 5275 2321 2314 
3348 5240 5275 2321 2314 1550 1555 259 258 
3349 189 190 1306 1301 2210 2217 5276 5241 
3350 2210 2217 5276 5241 2211 2218 5277 5242 
3351 2211 2218 5277 5242 2212 2219 5278 5243 
3352 2212 2219 5278 5243 2213 2220 5279 5244 
3353 2213 2220 5279 5244 2214 2221 5280 5245 
3354 2214 2221 5280 5245 2215 2222 5281 5246 
3355 2215 2222 5281 5246 2216 2223 5282 5247 
3356 2216 2223 5282 5247 244 245 1556 1551 
3357 1301 1306 1307 1302 5241 5276 5283 5248 
3358 5241 5276 5283 5248 5242 5277 5284 5249 
3359 5242 5277 5284 5249 5243 5278 5285 5250 
3360 5243 5278 5285 5250 5244 5279 5286 5251 
3361 5244 5279 5286 5251 5245 5280 5287 5252 
3362 5245 5280 5287 5252 5246 5281 5288 5253 
3363 5246 5281 5288 5253 5247 5282 5289 5254 
3364 5247 5282 5289 5254 1551 1556 1557 1552 
3365 1302 1307 1308 1303 5248 5283 5290 5255 
3366 5248 5283 5290 5255 5249 5284 5291 5256 
3367 5249 5284 5291 5256 5250 5285 5292 5257 
3368 5250 5285 5292 5257 5251 5286 5293 5258 
3369 5251 5286 5293 5258 5252 5287 5294 5259 
3370 5252 5287 5294 5259 5253 5288 5295 5260 
3371 5253 5288 5295 5260 5254 5289 5296 5261 
3372 5254 5289 5296 5261 1552 1557 1558 1553 
3373 1303 1308 1309 1304 5255 5290 5297 5262 
3374 5255 5290 5297 5262 5256 5291 5298 5263 
3375 5256 5291 5298 5263 5257 5292 5299 5264 
3376 5257 5292 5299 5264 5258 5293 5300 5265 
3377 5258 5293 5300 5265 5259 5294 5301 5266 
3378 5259 5294 5301 5266 5260 5295 5302 5267 
3379 5260 5295 5302 5267 5261 5296 5303 5268 
3380 5261 5296 5303 5268 1553 1558 1559 1554 
3381 1304 1309 1310 1305 5262 5297 5304 5269 
3382 5262 5297 5304 5269 5263 5298 5305 5270 
3383 5263 5298 5305 5270 5264 5299 5306 5271 
3384 5264 5299 5306 5271 5265 5300 5307 5272 
3385 5265 5300 5307 5272 5266 5301 5308 5273 
3386 5266 5301 5308 5273 5267 5302 5309 5274 
3387 5267 5302 5309 5274 5268 5303 5310 5275 
3388 5268 5303 5310 5275 1554 1559 1560 1555 
3389 1305 1310 205 204 5269 5304 2322 2315 
3390 5269 5304 2322 2315 5270 5305 2323 2316 
3391 5270 5305 2323 2316 5271 5306 2324 2317 
3392 5271 5306 2324 2317 5272 5307 2325 2318 
3393 5272 5307 2325 2318 5273 5308 2326 2319 
3394 5273 5308 2326 2319 5274 5309 2327 2320 
3395 5274 5309 2327 2320 5275 5310 2328 2321 
3396 5275 5310 2328 2321 1555 1560 260 259 
3397 190 191 1311 1306 2217 2224 5311 5276 
3398 2217 2224 5311 5276 2218 2225 5312 5277 
3399 2218 2225 5312 5277 2219 2226 5313 5278 
3400 2219 2226 5313 5278 2220 2227 5314 5279 
3401 2220 2227 5314 5279 2221 2228 5315 5280 
3402 2221 2228 5315 5280 2222 2229 5316 5281 
3403 2222 2229 5316 5281 2223 2230 5317 5282 
3404 2223 2230 5317 5282 245 246 1561 1556 
3405 1306 1311 1312 1307 5276 5311 5318 5283 
3406 5276 5311 5318 5283 5277 5312 5319 5284 
3407 5277 5312 5319 5284 5278 5313 5320 5285 
3408 5278 5313 5320 5285 5279 5314 5321 5286 
3409 5279 5314 5321 5286 5280 5315 5322 5287 
3410 5280 5315 5322 5287 5281 5316 5323 5288 
3411 5281 5316 5323 5288 5282 5317 5324 5289 
3412 5282 5317 5324 5289 1556 1561 1562 1557 
3413 1307 1312 1313 1308 5283 5318 5325 5290 
3414 5283 5318 5325 5290 5284 5319 5326 5291 
3415 5284 5319 5326 5291 5285 5320 5327 5292 
3416 5285 5320 5327 5292 5286 5321 5328 5293 
3417 5286 5321 5328 5293 5287 5322 5329 5294 
3418 5287 5322 5329 5294 5288 5323 5330 5295 
3419 5288 5323 5330 5295 5289 5324 5331 5296 
3420 5289 5324 5331 5296 1557 1562 1563 1558 
3421 1308 1313 1314 1309 5290 5325 5332 5297 
3422 5290 5325 5332 5297 5291 5326 5333 5298 
3423 5291 5326 5333 5298 5292 5327 5334 5299 
3424 5292 5327 5334 5299 5293 5328 5335 5300 
3425 5293 5328 5335 5300 5294 5329 5336 5301 
3426 5294 5329 5336 5301 5295 5330 5337 5302 
3427 5295 5330 5337 5302 5296 5331 5338 5303 
3428 5296 5331 5338 5303 1558 1563 1564 1559 
3429 1309 1314 1315 1310 5297 5332 5339 5304 
3430 5297 5332 5339 5304 5298 5333 5340 5305 
3431 5298 5333 5340 5305 5299 5334 5341 5306 
3432 5299 5334 5341 5306 5300 5335 5342 5307 
3433 5300 5335 5342 5307 5301 5336 5343 5308 
3434 5301 5336 5343 5308 5302 5337 5344 5309 
3435 5302 5337 5344 5309 5303 5338 5345 5310 
3436 5303 5338 5345 5310 1559 1564 1565 1560 
3437 1310 1315 206 205 5304 5339 2329 2322 
3438 5304 5339 2329 2322 5305 5340 2330 2323 
3439 5305 5340 2330 2323 5306 5341 2331 2324 
3440 5306 5341 2331 2324 5307 5342 2332 2325 
3441 5307 5342 2332 2325 5308 5343 2333 2326 
3442 5308 5343 2333 2326 5309 5344 2334 2327 
3443 5309 5344 2334 2327 5310 5345 2335 2328 
3444 5310 5345 2335 2328 1560 1565 261 260 
3445 191 34 437 1311 2224 693 3211 5311 
3446 2224 693 3211 5311 2225 694 3212 5312 
3447 2225 694 3212 5312 2226 695 3213 5313 
3448 2226 695 3213 5313 2227 696 3214 5314 
3449 2227 696 3214 5314 2228 697 3215 5315 
3450 2228 697 3215 5315 2229 698 3216 5316 
3451 2229 698 3216 5316 2230 699 3217 5317 
3452 2230 699 3217 5317 246 49 497 1561 
3453 1311 437 438 1312 5311 3211 3218 5318 
3454 5311 3211 3218 5318 5312 3212 3219 5319 
3455 5312 3212 3219 5319 5313 3213 3220 5320 
3456 5313 3213 3220 5320 5314 3214 3221 5321 
3457 5314 3214 3221 5321 5315 3215 3222 5322 
3458 5315 3215 3222 5322 5316 3216 3223 5323 
3459 5316 3216 3223 5323 5317 3217 3224 5324 
3460 5317 3217 3224 5324 1561 497 498 1562 
3461 1312 438 439 1313 5318 3218 3225 5325 
3462 5318 3218 3225 5325 5319 3219 3226 5326 
3463 5319 3219 3226 5326 5320 3220 3227 5327 
3464 5320 3220 3227 5327 5321 3221 3228 5328 
3465 5321 3221 3228 5328 5322 3222 3229 5329 
3466 5322 3222 3229 5329 5323 3223 3230 5330 
3467 5323 3223 3230 5330 5324 3224 3231 5331 
3468 5324 3224 3231 5331 1562 498 499 1563 
3469 1313 439 440 1314 5325 3225 3232 5332 
3470 5325 3225 3232 5332 5326 3226 3233 5333 
3471 5326 3226 3233 5333 5327 3227 3234 5334 
3472 5327 3227 3234 5334 5328 3228 3235 5335 
3473 5328 3228 3235 5335 5329 3229 3236 5336 
3474 5329 3229 3236 5336 5330 3230 3237 5337 
3475 5330 3230 3237 5337 5331 3231 3238 5338 
3476 5331 3231 3238 5338 1563 499 500 1564 
3477 1314 440 441 1315 5332 3232 3239 5339 
3478 5332 3232 3239 5339 5333 3233 3240 5340 
3479 5333 3233 3240 5340 5334 3234 3241 5341 
3480 5334 3234 3241 5341 5335 3235 3242 5342 
3481 5335 3235 3242 5342 5336 3236 3243 5343 
3482 5336 3236 3243 5343 5337 3237 3244 5344 
3483 5337 3237 3244 5344 5338 3238 3245 5345 
3484 5338 3238 3245 5345 1564 500 501 1565 
3485 1315 441 38 206 5339 3239 721 2329 
3486 5339 3239 721 2329 5340 3240 722 2330 
3487 5340 3240 722 2330 5341 3241 723 2331 
3488 5341 3241 723 2331 5342 3242 724 2332 
3489 5342 3242 724 2332 5343 3243 725 2333 
3490 5343 3243 725 2333 5344 3244 726 2334 
3491 5344 3244 726 2334 5345 3245 727 2335 
3492 5345 3245 727 2335 1565 501 53 261 
3 6202 5 288
3493 34 192 1316 437 693 2231 5346 3211 
3494 693 2231 5346 3211 694 2232 5347 3212 
3495 694 2232 5347 3212 695 2233 5348 3213 
3496 695 2233 5348 3213 696 2234 5349 3214 
3497 696 2234 5349 3214 697 2235 5350 3215 
3498 697 2235 5350 3215 698 2236 5351 3216 
3499 698 2236 5351 3216 699 2237 5352 3217 
3500 699 2237 5352 3217 49 247 1566 497 
3501 437 1316 1317 438 3211 5346 5353 3218 
3502 3211 5346 5353 3218 3212 5347 5354 3219 
3503 3212 5347 5354 3219 3213 5348 5355 3220 
3504 3213 5348 5355 3220 3214 5349 5356 3221 
3505 3214 5349 5356 3221 3215 5350 5357 3222 
3506 3215 5350 5357 3222 3216 5351 5358 3223 
3507 3216 5351 5358 3223 3217 5352 5359 3224 
3508 3217 5352 5359 3224 497 1566 1567 498 
3509 438 1317 1318 439 3218 5353 5360 3225 
3510 3218 5353 5360 3225 3219 5354 5361 3226 
3511 3219 5354 5361 3226 3220 5355 5362 3227 
3512 3220 5355 5362 3227 3221 5356 5363 3228 
3513 3221 5356 5363 3228 3222 5357 5364 3229 
3514 3222 5357 5364 3229 3223 5358 5365 3230 
3515 3223 5358 5365 3230 3224 5359 5366 3231 
3516 3224 5359 5366 3231 498 1567 1568 499 
3517 439 1318 1319 440 3225 5360 5367 3232 
3518 3225 5360 5367 3232 3226 5361 5368 3233 
3519 3226 5361 5368 3233 3227 5362 5369 3234 
3520 3227 5362 5369 3234 3228 5363 5370 3235 
3521 3228 5363 5370 3235 3229 5364 5371 3236 
3522 3229 5364 5371 3236 3230 5365 5372 3237 
3523 3230 5365 5372 3237 3231 5366 5373 3238 
3524 3231 5366 5373 3238 499 1568 1569 500 
3525 440 1319 1320 441 3232 5367 5374 3239 
3526 3232 5367 5374 3239 3233 5368 5375 3240 
3527 3233 5368 5375 3240 3234 5369 5376 3241 
3528 3234 5369 5376 3241 3235 5370 5377 3242 
3529 3235 5370 5377 3242 3236 5371 5378 3243 
3530 3236 5371 5378 3243 3237 5372 5379 3244 
3531 3237 5372 5379 3244 3238 5373 5380 3245 
3532 3238 5373 5380 3245 500 1569 1570 501 
3533 441 1320 207 38 3239 5374 2336 721 
3534 3239 5374 2336 721 3240 5375 2337 722 
3535 3240 5375 2337 722 3241 5376 2338 723 
3536 3241 5376 2338 723 3242 5377 2339 724 
3537 3242 5377 2339 724 3243 5378 2340 725 
3538 3243 5378 2340 725 3244 5379 2341 726 
3539 3244 5379 2341 726 3245 5380 2342 727 
3540 3245 5380 2342 727 501 1570 262 53 
3541 192 193 1321 1316 2231 2238 5381 5346 
3542 2231 2238 5381 5346 2232 2239 5382 5347 
3543 2232 2239 5382 5347 2233 2240 5383 5348 
3544 2233 2240 5383 5348 2234 2241 5384 5349 
3545 2234 2241 5384 5349 2235 2242 5385 5350 
3546 2235 2242 5385 5350 2236 2243 5386 5351 
3547 2236 2243 5386 5351 2237 2244 5387 5352 
3548 2237 2244 5387 5352 247 248 1571 1566 
3549 1316 1321 1322 1317 5346 5381 5388 5353 
3550 5346 5381 5388 5353 5347 5382 5389 5354 
3551 5347 5382 5389 5354 5348 5383 5390 5355 
3552 5348 5383 5390 5355 5349 5384 5391 5356 
3553 5349 5384 5391 5356 5350 5385 5392 5357 
3554 5350 5385 5392 5357 5351 5386 5393 5358 
3555 5351 5386 5393 5358 5352 5387 5394 5359 
3556 5352 5387 5394 5359 1566 1571 1572 1567 
3557 1317 1322 1323 1318 5353 5388 5395 5360 
3558 5353 5388 5395 5360 5354 5389 5396 5361 
3559 5354 5389 5396 5361 5355 5390 5397 5362 
3560 5355 5390 5397 5362 5356 5391 5398 5363 
3561 5356 5391 5398 5363 5357 5392 5399 5364 
3562 5357 5392 5399 5364 5358 5393 5400 5365 
3563 5358 5393 5400 5365 5359 5394 5401 5366 
3564 5359 5394 5401 5366 1567 1572 1573 1568 
3565 1318 1323 1324 1319 5360 5395 5402 5367 
3566 5360 5395 5402 5367 5361 5396 5403 5368 
3567 5361 5396 5403 5368 5362 5397 5404 5369 
3568 5362 5397 5404 5369 5363 5398 5405 5370 
3569 5363 5398 5405 5370 5364 5399 5406 5371 
3570 5364 5399 5406 5371 5365 5400 5407 5372 
3571 5365 5400 5407 5372 5366 5401 5408 5373 
3572 5366 5401 5408 5373 1568 1573 1574 1569 
3573 1319 1324 1325 1320 5367 5402 5409 5374 
3574 5367 5402 5409 5374 5368 5403 5410 5375 
3575 5368 5403 5410 5375 5369 5404 5411 5376 
3576 5369 5404 5411 5376 5370 5405 5412 5377 
3577 5370 5405 5412 5377 5371 5406 5413 5378 
3578 5371 5406 5413 5378 5372 5407 5414 5379 
3579 5372 5407 5414 5379 5373 5408 5415 5380 
3580 5373 5408 5415 5380 1569 1574 1575 1570 
3581 1320 1325 208 207 5374 5409 2343 2336 
3582 5374 5409 2343 2336 5375 5410 2344 2337 
3583 5375 5410 2344 2337 5376 5411 2345 2338 
3584 5376 5411 2345 2338 5377 5412 2346 2339 
3585 5377 5412 2346 2339 5378 5413 2347 2340 
3586 5378 5413 2347 2340 5379 5414 2348 2341 
3587 5379 5414 2348 2341 5380 5415 2349 2342 
3588 5380 5415 2349 2342 1570 1575 263 262 
3589 193 194 1326 1321 2238 2245 5416 5381 
3590 2238 2245 5416 5381 2239 2246 5417 5382 
3591 2239 2246 5417 5382 2240 2247 5418 5383 
3592 2240 2247 5418 5383 2241 2248 5419 5384 
3593 2241 2248 5419 5384 2242 2249 5420 5385 
3594 2242 2249 5420 5385 2243 2250 5421 5386 
3595 2243 2250 5421 5386 2244 2251 5422 5387 
3596 2244 2251 5422 5387 248 249 1576 1571 
3597 1321 1326 1327 1322 5381 5416 5423 5388 
3598 5381 5416 5423 5388 5382 5417 5424 5389 
3599 5382 5417 5424 5389 5383 5418 5425 5390 
3600 5383 5418 5425 5390 5384 5419 5426 5391 
3601 5384 5419 5426 5391 5385 5420 5427 5392 
3602 5385 5420 5427 5392 5386 5421 5428 5393 
3603 5386 5421 5428 5393 5387 5422 5429 5394 
3604 5387 5422 5429 5394 1571 1576 1577 1572 
3605 1322 1327 1328 1323 5388 5423 5430 5395 
3606 5388 5423 5430 5395 5389 5424 5431 5396 
3607 5389 5424 5431 5396 5390 5425 5432 5397 
3608 5390 5425 5432 5397 5391 5426 5433 5398 
3609 5391 5426 5433 5398 5392 5427 5434 5399 
3610 5392 5427 5434 5399 5393 5428 5435 5400 
3611 5393 5428 5435 5400 5394 5429 5436 5401 
3612 5394 5429 5436 5401 1572 1577 1578 1573 
3613 1323 1328 1329 1324 5395 5430 5437 5402 
3614 5395 5430 5437 5402 5396 5431 5438 5403 
3615 5396 5431 5438 5403 5397 5432 5439 5404 
3616 5397 5432 5439 5404 5398 5433 5440 5405 
3617 5398 5433 5440 5405 5399 5434 5441 5406 
3618 5399 5434 5441 5406 5400 5435 5442 5407 
3619 5400 5435 5442 5407 5401 5436 5443 5408 
3620 5401 5436 5443 5408 1573 1578 1579 1574 
3621 1324 1329 1330 1325 5402 5437 5444 5409 
3622 5402 5437 5444 5409 5403 5438 5445 5410 
3623 5403 5438 5445 5410 5404 5439 5446 5411 
3624 5404 5439 5446 5411 5405 5440 5447 5412 
3625 5405 5440 5447 5412 5406 5441 5448 5413 
3626 5406 5441 5448 5413 5407 5442 5449 5414 
3627 5407 5442 5449 5414 5408 5443 5450 5415 
3628 5408 5443 5450 5415 1574 1579 1580 1575 
3629 1325 1330 209 208 5409 5444 2350 2343 
3630 5409 5444 2350 2343 5410 5445 2351 2344 
3631 5410 5445 2351 2344 5411 5446 2352 2345 
3632 5411 5446 2352 2345 5412 5447 2353 2346 
3633 5412 5447 2353 2346 5413 5448 2354 2347 
3634 5413 5448 2354 2347 5414 5449 2355 2348 
3635 5414 5449 2355 2348 5415 5450 2356 2349 
3636 5415 5450 2356 2349 1575 1580 264 263 
3637 194 195 1331 1326 2245 2252 5451 5416 
3638 2245 2252 5451 5416 2246 2253 5452 5417 
3639 2246 2253 5452 5417 2247 2254 5453 5418 
3640 2247 2254 5453 5418 2248 2255 5454 5419 
3641 2248 2255 5454 5419 2249 2256 5455 5420 
3642 2249 2256 5455 5420 2250 2257 5456 5421 
3643 2250 2257 5456 5421 2251 2258 5457 5422 
3644 2251 2258 5457 5422 249 250 1581 1576 
3645 1326 1331 1332 1327 5416 5451 5458 5423 
3646 5416 5451 5458 5423 5417 5452 5459 5424 
3647 5417 5452 5459 5424 5418 5453 5460 5425 
3648 5418 5453 5460 5425 5419 5454 5461 5426 
3649 5419 5454 5461 5426 5420 5455 5462 5427 
3650 5420 5455 5462 5427 5421 5456 5463 5428 
3651 5421 5456 5463 5428 5422 5457 5464 5429 
3652 5422 5457 5464 5429 1576 1581 1582 1577 
3653 1327 1332 1333 1328 5423 5458 5465 5430 
3654 5423 5458 5465 5430 5424 5459 5466 5431 
3655 5424 5459 5466 5431 5425 5460 5467 5432 
3656 5425 5460 5467 5432 5426 5461 5468 5433 
3657 5426 5461 5468 5433 5427 5462 5469 5434 
3658 5427 5462 5469 5434 5428 5463 5470 5435 
3659 5428 5463 5470 5435 5429 5464 5471 5436 
3660 5429 5464 5471 5436 1577 1582 1583 1578 
3661 1328 1333 1334 1329 5430 5465 5472 5437 
3662 5430 5465 5472 5437 5431 5466 5473 5438 
3663 5431 5466 5473 5438 5432 5467 5474 5439 
3664 5432 5467 5474 5439 5433 5468 5475 5440 
3665 5433 5468 5475 5440 5434 5469 5476 5441 
3666 5434 5469 5476 5441 5435 5470 5477 5442 
3667 5435 5470 5477 5442 5436 5471 5478 5443 
3668 5436 5471 5478 5443 1578 1583 1584 1579 
3669 1329 1334 1335 1330 5437 5472 5479 5444 
3670 5437 5472 5479 5444 5438 5473 5480 5445 
3671 5438 5473 5480 5445 5439 5474 5481 5446 
3672 5439 5474 5481 5446 5440 5475 5482 5447 
3673 5440 5475 5482 5447 5441 5476 5483 5448 
3674 5441 5476 5483 5448 5442 5477 5484 5449 
3675 5442 5477 5484 5449 5443 5478 5485 5450 
3676 5443 5478 5485 5450 1579 1584 1585 1580 
3677 1330 1335 210 209 5444 5479 2357 2350 
3678 5444 5479 2357 2350 5445 5480 2358 2351 
3679 5445 5480 2358 2351 5446 5481 2359 2352 
3680 5446 5481 2359 2352 5447 5482 2360 2353 
3681 5447 5482 2360 2353 5448 5483 2361 2354 
3682 5448 5483 2361 2354 5449 5484 2362 2355 
3683 5449 5484 2362 2355 5450 5485 2363 2356 
3684 5450 5485 2363 2356 1580 1585 265 264 
3685 195 196 1336 1331 2252 2259 5486 5451 
3686 2252 2259 5486 5451 2253 2260 5487 5452 
3687 2253 2260 5487 5452 2254 2261 5488 5453 
3688 2254 2261 5488 5453 2255 2262 5489 5454 
3689 2255 2262 5489 5454 2256 2263 5490 5455 
3690 2256 2263 5490 5455 2257 2264 5491 5456 
3691 2257 2264 5491 5456 2258 2265 5492 5457 
3692 2258 2265 5492 5457 250 251 1586 1581 
3693 1331 1336 1337 1332 5451 5486 5493 5458 
3694 5451 5486 5493 5458 5452 5487 5494 5459 
3695 5452 5487 5494 5459 5453 5488 5495 5460 
3696 5453 5488 5495 5460 5454 5489 5496 5461 
3697 5454 5489 5496 5461 5455 5490 5497 5462 
3698 5455 5490 5497 5462 5456 5491 5498 5463 
3699 5456 5491 5498 5463 5457 5492 5499 5464 
3700 5457 5492 5499 5464 1581 1586 1587 1582 
3701 1332 1337 1338 1333 5458 5493 5500 5465 
3702 5458 5493 5500 5465 5459 5494 5501 5466 
3703 5459 5494 5501 5466 5460 5495 5502 5467 
3704 5460 5495 5502 5467 5461 5496 5503 5468 
3705 5461 5496 5503 5468 5462 5497 5504 5469 
3706 5462 5497 5504 5469 5463 5498 5505 5470 
3707 5463 5498 5505 5470 5464 5499 5506 5471 
3708 5464 5499 5506 5471 1582 1587 1588 1583 
3709 1333 1338 1339 1334 5465 5500 5507 5472 
3710 5465 5500 5507 5472 5466 5501 5508 5473 
3711 5466 5501 5508 5473 5467 5502 5509 5474 
3712 5467 5502 5509 5474 5468 5503 5510 5475 
3713 5468 5503 5510 5475 5469 5504 5511 5476 
3714 5469 5504 5511 5476 5470 5505 5512 5477 
3715 5470 5505 5512 5477 5471 5506 5513 5478 
3716 5471 5506 5513 5478 1583 1588 1589 1584 
3717 1334 1339 1340 1335 5472 5507 5514 5479 
3718 5472 5507 5514 5479 5473 5508 5515 5480 
3719 5473 5508 5515 5480 5474 5509 5516 5481 
3720 5474 5509 5516 5481 5475 5510 5517 5482 
3721 5475 5510 5517 5482 5476 5511 5518 5483 
3722 5476 5511 5518 5483 5477 5512 5519 5484 
3723 5477 5512 5519 5484 5478 5513 5520 5485 
3724 5478 5513 5520 5485 1584 1589 1590 1585 
3725 1335 1340 211 210 5479 5514 2364 2357 
3726 5479 5514 2364 2357 5480 5515 2365 2358 
3727 5480 5515 2365 2358 5481 5516 2366 2359 
3728 5481 5516 2366 2359 5482 5517 2367 2360 
3729 5482 5517 2367 2360 5483 5518 2368 2361 
3730 5483 5518 2368 2361 5484 5519 2369 2362 
3731 5484 5519 2369 2362 5485 5520 2370 2363 
3732 5485 5520 2370 2363 1585 1590 266 265 
3733 196 35 452 1336 2259 700 3316 5486 
3734 2259 700 3316 5486 2260 701 3317 5487 
3735 2260 701 3317 5487 2261 702 3318 5488 
3736 2261 702 3318 5488 2262 703 3319 5489 
3737 2262 703 3319 5489 2263 704 3320 5490 
3738 2263 704 3320 5490 2264 705 3321 5491 
3739 2264 705 3321 5491 2265 706 3322 5492 
3740 2265 706 3322 5492 251 50 512 1586 
3741 1336 452 453 1337 5486 3316 3323 5493 
3742 5486 3316 3323 5493 5487 3317 3324 5494 
3743 5487 3317 3324 5494 5488 3318 3325 5495 
3744 5488 3318 3325 5495 5489 3319 3326 5496 
3745 5489 3319 3326 5496 5490 3320 3327 5497 
3746 5490 3320 3327 5497 5491 3321 3328 5498 
3747 5491 3321 3328 5498 5492 3322 3329 5499 
3748 5492 3322 3329 5499 1586 512 513 1587 
3749 1337 453 454 1338 5493 3323 3330 5500 
3750 5493 3323 3330 5500 5494 3324 3331 5501 
3751 5494 3324 3331 5501 5495 3325 3332 5502 
3752 5495 3325 3332 5502 5496 3326 3333 5503 
3753 5496 3326 3333 5503 5497 3327 3334 5504 
3754 5497 3327 3334 5504 5498 3328 3335 5505 
3755 5498 3328 3335 5505 5499 3329 3336 5506 
3756 5499 3329 3336 5506 1587 513 514 1588 
3757 1338 454 455 1339 5500 3330 3337 5507 
3758 5500 3330 3337 5507 5501 3331 3338 5508 
3759 5501 3331 3338 5508 5502 3332 3339 5509 
3760 5502 3332 3339 5509 5503 3333 3340 5510 
3761 5503 3333 3340 5510 5504 3334 3341 5511 
3762 5504 3334 3341 5511 5505 3335 3342 5512 
3763 5505 3335 3342 5512 5506 3336 3343 5513 
3764 5506 3336 3343 5513 1588 514 515 1589 
3765 1339 455 456 1340 5507 3337 3344 5514 
3766 5507 3337 3344 5514 5508 3338 3345 5515 
3767 5508 3338 3345 5515 5509 3339 3346 5516 
3768 5509 3339 3346 5516 5510 3340 3347 5517 
3769 5510 3340 3347 5517 5511 3341 3348 5518 
3770 5511 3341 3348 5518 5512 3342 3349 5519 
3771 5512 3342 3349 5519 5513 3343 3350 5520 
3772 5513 3343 3350 5520 1589 515 516 1590 
3773 1340 456 39 211 5514 3344 728 2364 
3774 5514 3344 728 2364 5515 3345 729 2365 
3775 5515 3345 729 2365 5516 3346 730 2366 
3776 5516 3346 730 2366 5517 3347 731 2367 
3777 5517 3347 731 2367 5518 3348 732 2368 
3778 5518 3348 732 2368 5519 3349 733 2369 
3779 5519 3349 733 2369 5520 3350 734 2370 
3780 5520 3350 734 2370 1590 516 54 266 
3 6210 5 288
3781 36 197 1341 417 707 2266 5521 3036 
3782 707 2266 5521 3036 708 2267 5522 3037 
3783 708 2267 5522 3037 709 2268 5523 3038 
3784 709 2268 5523 3038 710 2269 5524 3039 
3785 710 2269 5524 3039 711 2270 5525 3040 
3786 711 2270 5525 3040 712 2271 5526 3041 
3787 712 2271 5526 3041 713 2272 5527 3042 
3788 713 2272 5527 3042 51 252 1591 472 
3789 417 1341 1342 418 3036 5521 5528 3043 
3790 3036 5521 5528 3043 3037 5522 5529 3044 
3791 3037 5522 5529 3044 3038 5523 5530 3045 
3792 3038 5523 5530 3045 3039 5524 5531 3046 
3793 3039 5524 5531 3046 3040 5525 5532 3047 
3794 3040 5525 5532 3047 3041 5526 5533 3048 
3795 3041 5526 5533 3048 3042 5527 5534 3049 
3796 3042 5527 5534 3049 472 1591 1592 473 
3797 418 1342 1343 419 3043 5528 5535 3050 
3798 3043 5528 5535 3050 3044 5529 5536 3051 
3799 3044 5529 5536 3051 3045 5530 5537 3052 
3800 3045 5530 5537 3052 3046 5531 5538 3053 
3801 3046 5531 5538 3053 3047 5532 5539 3054 
3802 3047 5532 5539 3054 3048 5533 5540 3055 
3803 3048 5533 5540 3055 3049 5534 5541 3056 
3804 3049 5534 5541 3056 473 1592 1593 474 
3805 419 1343 1344 420 3050 5535 5542 3057 
3806 3050 5535 5542 3057 3051 5536 5543 3058 
3807 3051 5536 5543 3058 3052 5537 5544 3059 
3808 3052 5537 5544 3059 3053 5538 5545 3060 
3809 3053 5538 5545 3060 3054 5539 5546 3061 
3810 3054 5539 5546 3061 3055 5540 5547 3062 
3811 3055 5540 5547 3062 3056 5541 5548 3063 
3812 3056 5541 5548 3063 474 1593 1594 475 
3813 420 1344 1345 421 3057 5542 5549 3064 
3814 3057 5542 5549 3064 3058 5543 5550 3065 
3815 3058 5543 5550 3065 3059 5544 5551 3066 
3816 3059 5544 5551 3066 3060 5545 5552 3067 
3817 3060 5545 5552 3067 3061 5546 5553 3068 
3818 3061 5546 5553 3068 3062 5547 5554 3069 
3819 3062 5547 5554 3069 3063 5548 5555 3070 
3820 3063 5548 5555 3070 475 1594 1595 476 
3821 421 1345 212 40 3064 5549 2371 735 
3822 3064 5549 2371 735 3065 5550 2372 736 
3823 3065 5550 2372 736 3066 5551 2373 737 
3824 3066 5551 2373 737 3067 5552 2374 738 
3825 3067 5552 2374 738 3068 5553 2375 739 
3826 3068 5553 2375 739 3069 5554 2376 740 
3827 3069 5554 2376 740 3070 5555 2377 741 
3828 3070 5555 2377 741 476 1595 267 55 
3829 197 198 1346 1341 2266 2273 5556 5521 
3830 2266 2273 5556 5521 2267 2274 5557 5522 
3831 2267 2274 5557 5522 2268 2275 5558 5523 
3832 2268 2275 5558 5523 2269 2276 5559 5524 
3833 2269 2276 5559 5524 2270 2277 5560 5525 
3834 2270 2277 5560 5525 2271 2278 5561 5526 
3835 2271 2278 5561 5526 2272 2279 5562 5527 
3836 2272 2279 5562 5527 252 253 1596 1591 
3837 1341 1346 1347 1342 5521 5556 5563 5528 
3838 5521 5556 5563 5528 5522 5557 5564 5529 
3839 5522 5557 5564 5529 5523 5558 5565 5530 
3840 5523 5558 5565 5530 5524 5559 5566 5531 
3841 5524 5559 5566 5531 5525 5560 5567 5532 
3842 5525 5560 5567 5532 5526 5561 5568 5533 
3843 5526 5561 5568 5533 5527 5562 5569 5534 
3844 5527 5562 5569 5534 1591 1596 1597 1592 
3845 1342 1347 1348 1343 5528 5563 5570 5535 
3846 5528 5563 5570 5535 5529 5564 5571 5536 
3847 5529 5564 5571 5536 5530 5565 5572 5537 
3848 5530 5565 5572 5537 5531 5566 5573 5538 
3849 5531 5566 5573 5538 5532 5567 5574 5539 
3850 5532 5567 5574 5539 5533 5568 5575 5540 
3851 5533 5568 5575 5540 5534 5569 5576 5541 
3852 5534 5569 5576 5541 1592 1597 1598 1593 
3853 1343 1348 1349 1344 5535 5570 5577 5542 
3854 5535 5570 5577 5542 5536 5571 5578 5543 
3855 5536 5571 5578 5543 5537 5572 5579 5544 
3856 5537 5572 5579 5544 5538 5573 5580 5545 
3857 5538 5573 5580 5545 5539 5574 5581 5546 
3858 5539 5574 5581 5546 5540 5575 5582 5547 
3859 5540 5575 5582 5547 5541 5576 5583 5548 
3860 5541 5576 5583 5548 1593 1598 1599 1594 
3861 1344 1349 1350 1345 5542 5577 5584 5549 
3862 5542 5577 5584 5549 5543 5578 5585 5550 
3863 5543 5578 5585 5550 5544 5579 5586 5551 
3864 5544 5579 5586 5551 5545 5580 5587 5552 
3865 5545 5580 5587 5552 5546 5581 5588 5553 
3866 5546 5581 5588 5553 5547 5582 5589 5554 
3867 5547 5582 5589 5554 5548 5583 5590 5555 
3868 5548 5583 5590 5555 1594 1599 1600 1595 
3869 1345 1350 213 212 5549 5584 2378 2371 
3870 5549 5584 2378 2371 5550 5585 2379 2372 
3871 5550 5585 2379 2372 5551 5586 2380 2373 
3872 5551 5586 2380 2373 5552 5587 2381 2374 
3873 5552 5587 2381 2374 5553 5588 2382 2375 
3874 5553 5588 2382 2375 5554 5589 2383 2376 
3875 5554 5589 2383 2376 5555 5590 2384 2377 
3876 5555 5590 2384 2377 1595 1600 268 267 
3877 198 199 1351 1346 2273 2280 5591 5556 
3878 2273 2280 5591 5556 2274 2281 5592 5557 
3879 2274 2281 5592 5557 2275 2282 5593 5558 
3880 2275 2282 5593 5558 2276 2283 5594 5559 
3881 2276 2283 5594 5559 2277 2284 5595 5560 
3882 2277 2284 5595 5560 2278 2285 5596 5561 
3883 2278 2285 5596 5561 2279 2286 5597 5562 
3884 2279 2286 5597 5562 253 254 1601 1596 
3885 1346 1351 1352 1347 5556 5591 5598 5563 
3886 5556 5591 5598 5563 5557 5592 5599 5564 
3887 5557 5592 5599 5564 5558 5593 5600 5565 
3888 5558 5593 5600 5565 5559 5594 5601 5566 
3889 5559 5594 5601 5566 5560 5595 5602 5567 
3890 5560 5595 5602 5567 5561 5596 5603 5568 
3891 5561 5596 5603 5568 5562 5597 5604 5569 
3892 5562 5597 5604 5569 1596 1601 1602 1597 
3893 1347 1352 1353 1348 5563 5598 5605 5570 
3894 5563 5598 5605 5570 5564 5599 5606 5571 
3895 5564 5599 5606 5571 5565 5600 5607 5572 
3896 5565 5600 5607 5572 5566 5601 5608 5573 
3897 5566 5601 5608 5573 5567 5602 5609 5574 
3898 5567 5602 5609 5574 5568 5603 5610 5575 
3899 5568 5603 5610 5575 5569 5604 5611 5576 
3900 5569 5604 5611 5576 1597 1602 1603 1598 
3901 1348 1353 1354 1349 5570 5605 5612 5577 
3902 5570 5605 5612 5577 5571 5606 5613 5578 
3903 5571 5606 5613 5578 5572 5607 5614 5579 
3904 5572 5607 5614 5579 5573 5608 5615 5580 
3905 5573 5608 5615 5580 5574 5609 5616 5581 
3906 5574 5609 5616 5581 5575 5610 5617 5582 
3907 5575 5610 5617 5582 5576 5611 5618 5583 
3908 5576 5611 5618 5583 1598 1603 1604 1599 
3909 1349 1354 1355 1350 5577 5612 5619 5584 
3910 5577 5612 5619 5584 5578 5613 5620 5585 
3911 5578 5613 5620 5585 5579 5614 5621 5586 
3912 5579 5614 5621 5586 5580 5615 5622 5587 
3913 5580 5615 5622 5587 5581 5616 5623 5588 
3914 5581 5616 5623 5588 5582 5617 5624 5589 
3915 5582 5617 5624 5589 5583 5618 5625 5590 
3916 5583 5618 5625 5590 1599 1604 1605 1600 
3917 1350 1355 214 213 5584 5619 2385 2378 
3918 5584 5619 2385 2378 5585 5620 2386 2379 
3919 5585 5620 2386 2379 5586 5621 2387 2380 
3920 5586 5621 2387 2380 5587 5622 2388 2381 
3921 5587 5622 2388 2381 5588 5623 2389 2382 
3922 5588 5623 2389 2382 5589 5624 2390 2383 
3923 5589 5624 2390 2383 5590 5625 2391 2384 
3924 5590 5625 2391 2384 1600 1605 269 268 
3925 199 200 1356 1351 2280 2287 5626 5591 
3926 2280 2287 5626 5591 2281 2288 5627 5592 
3927 2281 2288 5627 5592 2282 2289 5628 5593 
3928 2282 2289 5628 5593 2283 2290 5629 5594 
3929 2283 2290 5629 5594 2284 2291 5630 5595 
3930 2284 2291 5630 5595 2285 2292 5631 5596 
3931 2285 2292 5631 5596 2286 2293 5632 5597 
3932 2286 2293 5632 5597 254 255 1606 1601 
3933 1351 1356 1357 1352 5591 5626 5633 5598 
3934 5591 5626 5633 5598 5592 5627 5634 5599 
3935 5592 5627 5634 5599 5593 5628 5635 5600 
3936 5593 5628 5635 5600 5594 5629 5636 5601 
3937 5594 5629 5636 5601 5595 5630 5637 5602 
3938 5595 5630 5637 5602 5596 5631 5638 5603 
3939 5596 5631 5638 5603 5597 5632 5639 5604 
3940 5597 5632 5639 5604 1601 1606 1607 1602 
3941 1352 1357 1358 1353 5598 5633 5640 5605 
3942 5598 5633 5640 5605 5599 5634 5641 5606 
3943 5599 5634 5641 5606 5600 5635 5642 5607 
3944 5600 5635 5642 5607 5601 5636 5643 5608 
3945 5601 5636 5643 5608 5602 5637 5644 5609 
3946 5602 5637 5644 5609 5603 5638 5645 5610 
3947 5603 5638 5645 5610 5604 5639 5646 5611 
3948 5604 5639 5646 5611 1602 1607 1608 1603 
3949 1353 1358 1359 1354 5605 5640 5647 5612 
3950 5605 5640 5647 5612 5606 5641 5648 5613 
3951 5606 5641 5648 5613 5607 5642 5649 5614 
3952 5607 5642 5649 5614 5608 5643 5650 5615 
3953 5608 5643 5650 5615 5609 5644 5651 5616 
3954 5609 5644 5651 5616 5610 5645 5652 5617 
3955 5610 5645 5652 5617 5611 5646 5653 5618 
3956 5611 5646 5653 5618 1603 1608 1609 1604 
3957 1354 1359 1360 1355 5612 5647 5654 5619 
3958 5612 5647 5654 5619 5613 5648 5655 5620 
3959 5613 5648 5655 5620 5614 5649 5656 5621 
3960 5614 5649 5656 5621 5615 5650 5657 5622 
3961 5615 5650 5657 5622 5616 5651 5658 5623 
3962 5616 5651 5658 5623 5617 5652 5659 5624 
3963 5617 5652 5659 5624 5618 5653 5660 5625 
3964 5618 5653 5660 5625 1604 1609 1610 1605 
3965 1355 1360 215 214 5619 5654 2392 2385 
3966 5619 5654 2392 2385 5620 5655 2393 2386 
3967 5620 5655 2393 2386 5621 5656 2394 2387 
3968 5621 5656 2394 2387 5622 5657 2395 2388 
3969 5622 5657 2395 2388 5623 5658 2396 2389 
3970 5623 5658 2396 2389 5624 5659 2397 2390 
3971 5624 5659 2397 2390 5625 5660 2398 2391 
3972 5625 5660 2398 2391 1605 1610 270 269 
3973 200 201 1361 1356 2287 2294 5661 5626 
3974 2287 2294 5661 5626 2288 2295 5662 5627 
3975 2288 2295 5662 5627 2289 2296 5663 5628 
3976 2289 2296 5663 5628 2290 2297 5664 5629 
3977 2290 2297 5664 5629 2291 2298 5665 5630 
3978 2291 2298 5665 5630 2292 2299 5666 5631 
3979 2292 2299 5666 5631 2293 2300 5667 5632 
3980 2293 2300 5667 5632 255 256 1611 1606 
3981 1356 1361 1362 1357 5626 5661 5668 5633 
3982 5626 5661 5668 5633 5627 5662 5669 5634 
3983 5627 5662 5669 5634 5628 5663 5670 5635 
3984 5628 5663 5670 5635 5629 5664 5671 5636 
3985 5629 5664 5671 5636 5630 5665 5672 5637 
3986 5630 5665 5672 5637 5631 5666 5673 5638 
3987 5631 5666 5673 5638 5632 5667 5674 5639 
3988 5632 5667 5674 5639 1606 1611 1612 1607 
3989 1357 1362 1363 1358 5633 5668 5675 5640 
3990 5633 5668 5675 5640 5634 5669 5676 5641 
3991 5634 5669 5676 5641 5635 5670 5677 5642 
3992 5635 5670 5677 5642 5636 5671 5678 5643 
3993 5636 5671 5678 5643 5637 5672 5679 5644 
3994 5637 5672 5679 5644 5638 5673 5680 5645 
3995 5638 5673 5680 5645 5639 5674 5681 5646 
3996 5639 5674 5681 5646 1607 1612 1613 1608 
3997 1358 1363 1364 1359 5640 5675 5682 5647 
3998 5640 5675 5682 5647 5641 5676 5683 5648 
3999 5641 5676 5683 5648 5642 5677 5684 5649 
4000 5642 5677 5684 5649 5643 5678 5685 5650 
4001 5643 5678 5685 5650 5644 5679 5686 5651 
4002 5644 5679 5686 5651 5645 5680 5687 5652 
4003 5645 5680 5687 5652 5646 5681 5688 5653 
4004 5646 5681 5688 5653 1608 1613 1614 1609 
4005 1359 1364 1365 1360 5647 5682 5689 5654 
4006 5647 5682 5689 5654 5648 5683 5690 5655 
4007 5648 5683 5690 5655 5649 5684 5691 5656 
4008 5649 5684 5691 5656 5650 5685 5692 5657 
4009 5650 5685 5692 5657 5651 5686 5693 5658 
4010 5651 5686 5693 5658 5652 5687 5694 5659 
4011 5652 5687 5694 5659 5653 5688 5695 5660 
4012 5653 5688 5695 5660 1609 1614 1615 1610 
4013 1360 1365 216 215 5654 5689 2399 2392 
4014 5654 5689 2399 2392 5655 5690 2400 2393 
4015 5655 5690 2400 2393 5656 5691 2401 2394 
4016 5656 5691 2401 2394 5657 5692 2402 2395 
4017 5657 5692 2402 2395 5658 5693 2403 2396 
4018 5658 5693 2403 2396 5659 5694 2404 2397 
4019 5659 5694 2404 2397 5660 5695 2405 2398 
4020 5660 5695 2405 2398 1610 1615 271 270 
4021 201 37 427 1361 2294 714 3141 5661 
4022 2294 714 3141 5661 2295 715 3142 5662 
4023 2295 715 3142 5662 2296 716 3143 5663 
4024 2296 716 3143 5663 2297 717 3144 5664 
4025 2297 717 3144 5664 2298 718 3145 5665 
4026 2298 718 3145 5665 2299 719 3146 5666 
4027 2299 719 3146 5666 2300 720 3147 5667 
4028 2300 720 3147 5667 256 52 487 1611 
4029 1361 427 428 1362 5661 3141 3148 5668 
4030 5661 3141 3148 5668 5662 3142 3149 5669 
4031 5662 3142 3149 5669 5663 3143 3150 5670 
4032 5663 3143 3150 5670 5664 3144 3151 5671 
4033 5664 3144 3151 5671 5665 3145 3152 5672 
4034 5665 3145 3152 5672 5666 3146 3153 5673 
4035 5666 3146 3153 5673 5667 3147 3154 5674 
4036 5667 3147 3154 5674 1611 487 488 1612 
4037 1362 428 429 1363 5668 3148 3155 5675 
4038 5668 3148 3155 5675 5669 3149 3156 5676 
4039 5669 3149 3156 5676 5670 3150 3157 5677 
4040 5670 3150 3157 5677 5671 3151 3158 5678 
4041 5671 3151 3158 5678 5672 3152 3159 5679 
4042 5672 3152 3159 5679 5673 3153 3160 5680 
4043 5673 3153 3160 5680 5674 3154 3161 5681 
4044 5674 3154 3161 5681 1612 488 489 1613 
4045 1363 429 430 1364 5675 3155 3162 5682 
4046 5675 3155 3162 5682 5676 3156 3163 5683 
4047 5676 3156 3163 5683 5677 3157 3164 5684 
4048 5677 3157 3164 5684 5678 3158 3165 5685 
4049 5678 3158 3165 5685 5679 3159 3166 5686 
4050 5679 3159 3166 5686 5680 3160 3167 5687 
4051 5680 3160 3167 5687 5681 3161 3168 5688 
4052 5681 3161 3168 5688 1613 489 490 1614 
4053 1364 430 431 1365 5682 3162 3169 5689 
4054 5682 3162 3169 5689 5683 3163 3170 5690 
4055 5683 3163 3170 5690 5684 3164 3171 5691 
4056 5684 3164 3171 5691 5685 3165 3172 5692 
4057 5685 3165 3172 5692 5686 3166 3173 5693 
4058 5686 3166 3173 5693 5687 3167 3174 5694 
4059 5687 3167 3174 5694 5688 3168 3175 5695 
4060 5688 3168 3175 5695 1614 490 491 1615 
4061 1365 431 41 216 5689 3169 742 2399 
4062 5689 3169 742 2399 5690 3170 743 2400 
4063 5690 3170 743 2400 5691 3171 744 2401 
4064 5691 3171 744 2401 5692 3172 745 2402 
4065 5692 3172 745 2402 5693 3173 746 2403 
4066 5693 3173 746 2403 5694 3174 747 2404 
4067 5694 3174 747 2404 5695 3175 748 2405 
4068 5695 3175 748 2405 1615 491 56 271 
3 6211 5 288
4069 37 202 1366 427 714 2301 5696 3141 
4070 714 2301 5696 3141 715 2302 5697 3142 
4071 715 2302 5697 3142 716 2303 5698 3143 
4072 716 2303 5698 3143 717 2304 5699 3144 
4073 717 2304 5699 3144 718 2305 5700 3145 
4074 718 2305 5700 3145 719 2306 5701 3146 
4075 719 2306 5701 3146 720 2307 5702 3147 
4076 720 2307 5702 3147 52 257 1616 487 
4077 427 1366 1367 428 3141 5696 5703 3148 
4078 3141 5696 5703 3148 3142 5697 5704 3149 
4079 3142 5697 5704 3149 3143 5698 5705 3150 
4080 3143 5698 5705 3150 3144 5699 5706 3151 
4081 3144 5699 5706 3151 3145 5700 5707 3152 
4082 3145 5700 5707 3152 3146 5701 5708 3153 
4083 3146 5701 5708 3153 3147 5702 5709 3154 
4084 3147 5702 5709 3154 487 1616 1617 488 
4085 428 1367 1368 429 3148 5703 5710 3155 
4086 3148 5703 5710 3155 3149 5704 5711 3156 
4087 3149 5704 5711 3156 3150 5705 5712 3157 
4088 3150 5705 5712 3157 3151 5706 5713 3158 
4089 3151 5706 5713 3158 3152 5707 5714 3159 
4090 3152 5707 5714 3159 3153 5708 5715 3160 
4091 3153 5708 5715 3160 3154 5709 5716 3161 
4092 3154 5709 5716 3161 488 1617 1618 489 
4093 429 1368 1369 430 3155 5710 5717 3162 
4094 3155 5710 5717 3162 3156 5711 5718 3163 
4095 3156 5711 5718 3163 3157 5712 5719 3164 
4096 3157 5712 5719 3164 3158 5713 5720 3165 
4097 3158 5713 5720 3165 3159 5714 5721 3166 
4098 3159 5714 5721 3166 3160 5715 5722 3167 
4099 3160 5715 5722 3167 3161 5716 5723 3168 
4100 3161 5716 5723 3168 489 1618 1619 490 
4101 430 1369 1370 431 3162 5717 5724 3169 
4102 3162 5717 5724 3169 3163 5718 5725 3170 
4103 3163 5718 5725 3170 3164 5719 5726 3171 
4104 3164 5719 5726 3171 3165 5720 5727 3172 
4105 3165 5720 5727 3172 3166 5721 5728 3173 
4106 3166 5721 5728 3173 3167 5722 5729 3174 
4107 3167 5722 5729 3174 3168 5723 5730 3175 
4108 3168 5723 5730 3175 490 1619 1620 491 
4109 431 1370 217 41 3169 5724 2406 742 
4110 3169 5724 2406 742 3170 5725 2407 743 
4111 3170 5725 2407 743 3171 5726 2408 744 
4112 3171 5726 2408 744 3172 5727 2409 745 
4113 3172 5727 2409 745 3173 5728 2410 746 
4114 3173 5728 2410 746 3174 5729 2411 747 
4115 3174 5729 2411 747 3175 5730 2412 748 
4116 3175 5730 2412 748 491 1620 272 56 
4117 202 203 1371 1366 2301 2308 5731 5696 
4118 2301 2308 5731 5696 2302 2309 5732 5697 
4119 2302 2309 5732 5697 2303 2310 5733 5698 
4120 2303 2310 5733 5698 2304 2311 5734 5699 
4121 2304 2311 5734 5699 2305 2312 5735 5700 
4122 2305 2312 5735 5700 2306 2313 5736 5701 
4123 2306 2313 5736 5701 2307 2314 5737 5702 
4124 2307 2314 5737 5702 257 258 1621 1616 
4125 1366 1371 1372 1367 5696 5731 5738 5703 
4126 5696 5731 5738 5703 5697 5732 5739 5704 
4127 5697 5732 5739 5704 5698 5733 5740 5705 
4128 5698 5733 5740 5705 5699 5734 5741 5706 
4129 5699 5734 5741 5706 5700 5735 5742 5707 
4130 5700 5735 5742 5707 5701 5736 5743 5708 
4131 5701 5736 5743 5708 5702 5737 5744 5709 
4132 5702 5737 5744 5709 1616 1621 1622 1617 
4133 1367 1372 1373 1368 5703 5738 5745 5710 
4134 5703 5738 5745 5710 5704 5739 5746 5711 
4135 5704 5739 5746 5711 5705 5740 5747 5712 
4136 5705 5740 5747 5712 5706 5741 5748 5713 
4137 5706 5741 5748 5713 5707 5742 5749 5714 
4138 5707 5742 5749 5714 5708 5743 5750 5715 
4139 5708 5743 5750 5715 5709 5744 5751 5716 
4140 5709 5744 5751 5716 1617 1622 1623 1618 
4141 1368 1373 1374 1369 5710 5745 5752 5717 
4142 5710 5745 5752 5717 5711 5746 5753 5718 
4143 5711 5746 5753 5718 5712 5747 5754 5719 
4144 5712 5747 5754 5719 5713 5748 5755 5720 
4145 5713 5748 5755 5720 5714 5749 5756 5721 
4146 5714 5749 5756 5721 5715 5750 5757 5722 
4147 5715 5750 5757 5722 5716 5751 5758 5723 
4148 5716 5751 5758 5723 1618 1623 1624 1619 
4149 1369 1374 1375 1370 5717 5752 5759 5724 
4150 5717 5752 5759 5724 5718 5753 5760 5725 
4151 5718 5753 5760 5725 5719 5754 5761 5726 
4152 5719 5754 5761 5726 5720 5755 5762 5727 
4153 5720 5755 5762 5727 5721 5756 5763 5728 
4154 5721 5756 5763 5728 5722 5757 5764 5729 
4155 5722 5757 5764 5729 5723 5758 5765 5730 
4156 5723 5758 5765 5730 1619 1624 1625 1620 
4157 1370 1375 218 217 5724 5759 2413 2406 
4158 5724 5759 2413 2406 5725 5760 2414 2407 
4159 5725 5760 2414 2407 5726 5761 2415 2408 
4160 5726 5761 2415 2408 5727 5762 2416 2409 
4161 5727 5762 2416 2409 5728 5763 2417 2410 
4162 5728 5763 2417 2410 5729 5764 2418 2411 
4163 5729 5764 2418 2411 5730 5765 2419 2412 
4164 5730 5765 2419 2412 1620 1625 273 272 
4165 203 204 1376 1371 2308 2315 5766 5731 
4166 2308 2315 5766 5731 2309 2316 5767 5732 
4167 2309 2316 5767 5732 2310 2317 5768 5733 
4168 2310 2317 5768 5733 2311 2318 5769 5734 
4169 2311 2318 5769 5734 2312 2319 5770 5735 
4170 2312 2319 5770 5735 2313 2320 5771 5736 
4171 2313 2320 5771 5736 2314 2321 5772 5737 
4172 2314 2321 5772 5737 258 259 1626 1621 
4173 1371 1376 1377 1372 5731 5766 5773 5738 
4174 5731 5766 5773 5738 5732 5767 5774 5739 
4175 5732 5767 5774 5739 5733 5768 5775 5740 
4176 5733 5768 5775 5740 5734 5769 5776 5741 
4177 5734 5769 5776 5741 5735 5770 5777 5742 
4178 5735 5770 5777 5742 5736 5771 5778 5743 
4179 5736 5771 5778 5743 5737 5772 5779 5744 
4180 5737 5772 5779 5744 1621 1626 1627 1622 
4181 1372 1377 1378 1373 5738 5773 5780 5745 
4182 5738 5773 5780 5745 5739 5774 5781 5746 
4183 5739 5774 5781 5746 5740 5775 5782 5747 
4184 5740 5775 5782 5747 5741 5776 5783 5748 
4185 5741 5776 5783 5748 5742 5777 5784 5749 
4186 5742 5777 5784 5749 5743 5778 5785 5750 
4187 5743 5778 5785 5750 5744 5779 5786 5751 
4188 5744 5779 5786 5751 1622 1627 1628 1623 
4189 1373 1378 1379 1374 5745 5780 5787 5752 
4190 5745 5780 5787 5752 5746 5781 5788 5753 
4191 5746 5781 5788 5753 5747 5782 5789 5754 
4192 5747 5782 5789 5754 5748 5783 5790 5755 
4193 5748 5783 5790 5755 5749 5784 5791 5756 
4194 5749 5784 5791 5756 5750 5785 5792 5757 
4195 5750 5785 5792 5757 5751 5786 5793 5758 
4196 5751 5786 5793 5758 1623 1628 1629 1624 
4197 1374 1379 1380 1375 5752 5787 5794 5759 
4198 5752 5787 5794 5759 5753 5788 5795 5760 
4199 5753 5788 5795 5760 5754 5789 5796 5761 
4200 5754 5789 5796 5761 5755 5790 5797 5762 
4201 5755 5790 5797 5762 5756 5791 5798 5763 
4202 5756 5791 5798 5763 5757 5792 5799 5764 
4203 5757 5792 5799 5764 5758 5793 5800 5765 
4204 5758 5793 5800 5765 1624 1629 1630 1625 
4205 1375 1380 219 218 5759 5794 2420 2413 
4206 5759 5794 2420 2413 5760 5795 2421 2414 
4207 5760 5795 2421 2414 5761 5796 2422 2415 
4208 5761 5796 2422 2415 5762 5797 2423 2416 
4209 5762 5797 2423 2416 5763 5798 2424 2417 
4210 5763 5798 2424 2417 5764 5799 2425 2418 
4211 5764 5799 2425 2418 5765 5800 2426 2419 
4212 5765 5800 2426 2419 1625 1630 274 273 
4213 204 205 1381 1376 2315 2322 5801 5766 
4214 2315 2322 5801 5766 2316 2323 5802 5767 
4215 2316 2323 5802 5767 2317 2324 5803 5768 
4216 2317 2324 5803 5768 2318 2325 5804 5769 
4217 2318 2325 5804 5769 2319 2326 5805 5770 
4218 2319 2326 5805 5770 2320 2327 5806 5771 
4219 2320 2327 5806 5771 2321 2328 5807 5772 
4220 2321 2328 5807 5772 259 260 1631 1626 
4221 1376 1381 1382 1377 5766 5801 5808 5773 
4222 5766 5801 5808 5773 5767 5802 5809 5774 
4223 5767 5802 5809 5774 5768 5803 5810 5775 
4224 5768 5803 5810 5775 5769 5804 5811 5776 
4225 5769 5804 5811 5776 5770 5805 5812 5777 
4226 5770 5805 5812 5777 5771 5806 5813 5778 
4227 5771 5806 5813 5778 5772 5807 5814 5779 
4228 5772 5807 5814 5779 1626 1631 1632 1627 
4229 1377 1382 1383 1378 5773 5808 5815 5780 
4230 5773 5808 5815 5780 5774 5809 5816 5781 
4231 5774 5809 5816 5781 5775 5810 5817 5782 
4232 5775 5810 5817 5782 5776 5811 5818 5783 
4233 5776 5811 5818 5783 5777 5812 5819 5784 
4234 5777 5812 5819 5784 5778 5813 5820 5785 
4235 5778 5813 5820 5785 5779 5814 5821 5786 
4236 5779 5814 5821 5786 1627 1632 1633 1628 
4237 1378 1383 1384 1379 5780 5815 5822 5787 
4238 5780 5815 5822 5787 5781 5816 5823 5788 
4239 5781 5816 5823 5788 5782 5817 5824 5789 
4240 5782 5817 5824 5789 5783 5818 5825 5790 
4241 5783 5818 5825 5790 5784 5819 5826 5791 
4242 5784 5819 5826 5791 5785 5820 5827 5792 
4243 5785 5820 5827 5792 5786 5821 5828 5793 
4244 5786 5821 5828 5793 1628 1633 1634 1629 
4245 1379 1384 1385 1380 5787 5822 5829 5794 
4246 5787 5822 5829 5794 5788 5823 5830 5795 
4247 5788 5823 5830 5795 5789 5824 5831 5796 
4248 5789 5824 5831 5796 5790 5825 5832 5797 
4249 5790 5825 5832 5797 5791 5826 5833 5798 
4250 5791 5826 5833 5798 5792 5827 5834 5799 
4251 5792 5827 5834 5799 5793 5828 5835 5800 
4252 5793 5828 5835 5800 1629 1634 1635 1630 
4253 1380 1385 220 219 5794 5829 2427 2420 
4254 5794 5829 2427 2420 5795 5830 2428 2421 
4255 5795 5830 2428 2421 5796 5831 2429 2422 
4256 5796 5831 2429 2422 5797 5832 2430 2423 
4257 5797 5832 2430 2423 5798 5833 2431 2424 
4258 5798 5833 2431 2424 5799 5834 2432 2425 
4259 5799 5834 2432 2425 5800 5835 2433 2426 
4260 5800 5835 2433 2426 1630 1635 275 274 
4261 205 206 1386 1381 2322 2329 5836 5801 
4262 2322 2329 5836 5801 2323 2330 5837 5802 
4263 2323 2330 5837 5802 2324 2331 5838 5803 
4264 2324 2331 5838 5803 2325 2332 5839 5804 
4265 2325 2332 5839 5804 2326 2333 5840 5805 
4266 2326 2333 5840 5805 2327 2334 5841 5806 
4267 2327 2334 5841 5806 2328 2335 5842 5807 
4268 2328 2335 5842 5807 260 261 1636 1631 
4269 1381 1386 1387 1382 5801 5836 5843 5808 
4270 5801 5836 5843 5808 5802 5837 5844 5809 
4271 5802 5837 5844 5809 5803 5838 5845 5810 
4272 5803 5838 5845 5810 5804 5839 5846 5811 
4273 5804 5839 5846 5811 5805 5840 5847 5812 
4274 5805 5840 5847 5812 5806 5841 5848 5813 
4275 5806 5841 5848 5813 5807 5842 5849 5814 
4276 5807 5842 5849 5814 1631 1636 1637 1632 
4277 1382 1387 1388 1383 5808 5843 5850 5815 
4278 5808 5843 5850 5815 5809 5844 5851 5816 
4279 5809 5844 5851 5816 5810 5845 5852 5817 
4280 5810 5845 5852 5817 5811 5846 5853 5818 
4281 5811 5846 5853 5818 5812 5847 5854 5819 
4282 5812 5847 5854 5819 5813 5848 5855 5820 
4283 5813 5848 5855 5820 5814 5849 5856 5821 
4284 5814 5849 5856 5821 1632 1637 1638 1633 
4285 1383 1388 1389 1384 5815 5850 5857 5822 
4286 5815 5850 5857 5822 5816 5851 5858 5823 
4287 5816 5851 5858 5823 5817 5852 5859 5824 
4288 5817 5852 5859 5824 5818 5853 5860 5825 
4289 5818 5853 5860 5825 5819 5854 5861 5826 
4290 5819 5854 5861 5826 5820 5855 5862 5827 
4291 5820 5855 5862 5827 5821 5856 5863 5828 
4292 5821 5856 5863 5828 1633 1638 1639 1634 
4293 1384 1389 1390 1385 5822 5857 5864 5829 
4294 5822 5857 5864 5829 5823 5858 5865 5830 
4295 5823 5858 5865 5830 5824 5859 5866 5831 
4296 5824 5859 5866 5831 5825 5860 5867 5832 
4297 5825 5860 5867 5832 5826 5861 5868 5833 
4298 5826 5861 5868 5833 5827 5862 5869 5834 
4299 5827 5862 5869 5834 5828 5863 5870 5835 
4300 5828 5863 5870 5835 1634 1639 1640 1635 
4301 1385 1390 221 220 5829 5864 2434 2427 
4302 5829 5864 2434 2427 5830 5865 2435 2428 
4303 5830 5865 2435 2428 5831 5866 2436 2429 
4304 5831 5866 2436 2429 5832 5867 2437 2430 
4305 5832 5867 2437 2430 5833 5868 2438 2431 
4306 5833 5868 2438 2431 5834 5869 2439 2432 
4307 5834 5869 2439 2432 5835 5870 2440 2433 
4308 5835 5870 2440 2433 1635 1640 276 275 
4309 206 38 442 1386 2329 721 3246 5836 
4310 2329 721 3246 5836 2330 722 3247 5837 
4311 2330 722 3247 5837 2331 723 3248 5838 
4312 2331 723 3248 5838 2332 724 3249 5839 
4313 2332 724 3249 5839 2333 725 3250 5840 
4314 2333 725 3250 5840 2334 726 3251 5841 
4315 2334 726 3251 5841 2335 727 3252 5842 
4316 2335 727 3252 5842 261 53 502 1636 
4317 1386 442 443 1387 5836 3246 3253 5843 
4318 5836 3246 3253 5843 5837 3247 3254 5844 
4319 5837 3247 3254 5844 5838 3248 3255 5845 
4320 5838 3248 3255 5845 5839 3249 3256 5846 
4321 5839 3249 3256 5846 5840 3250 3257 5847 
4322 5840 3250 3257 5847 5841 3251 3258 5848 
4323 5841 3251 3258 5848 5842 3252 3259 5849 
4324 5842 3252 3259 5849 1636 502 503 1637 
4325 1387 443 444 1388 5843 3253 3260 5850 
4326 5843 3253 3260 5850 5844 3254 3261 5851 
4327 5844 3254 3261 5851 5845 3255 3262 5852 
4328 5845 3255 3262 5852 5846 3256 3263 5853 
4329 5846 3256 3263 5853 5847 3257 3264 5854 
4330 5847 3257 3264 5854 5848 3258 3265 5855 
4331 5848 3258 3265 5855 5849 3259 3266 5856 
4332 5849 3259 3266 5856 1637 503 504 1638 
4333 1388 444 445 1389 5850 3260 3267 5857 
4334 5850 3260 3267 5857 5851 3261 3268 5858 
4335 5851 3261 3268 5858 5852 3262 3269 5859 
4336 5852 3262 3269 5859 5853 3263 3270 5860 
4337 5853 3263 3270 5860 5854 3264 3271 5861 
4338 5854 3264 3271 5861 5855 3265 3272 5862 
4339 5855 3265 3272 5862 5856 3266 3273 5863 
4340 5856 3266 3273 5863 1638 504 505 1639 
4341 1389 445 446 1390 5857 3267 3274 5864 
4342 5857 3267 3274 5864 5858 3268 3275 5865 
4343 5858 3268 3275 5865 5859 3269 3276 5866 
4344 5859 3269 3276 5866 5860 3270 3277 5867 
4345 5860 3270 3277 5867 5861 3271 3278 5868 
4346 5861 3271 3278 5868 5862 3272 3279 5869 
4347 5862 3272 3279 5869 5863 3273 3280 5870 
4348 5863 3273 3280 5870 1639 505 506 1640 
4349 1390 446 42 221 5864 3274 749 2434 
4350 5864 3274 749 2434 5865 3275 750 2435 
4351 5865 3275 750 2435 5866 3276 751 2436 
4352 5866 3276 751 2436 5867 3277 752 2437 
4353 5867 3277 752 2437 5868 3278 753 2438 
4354 5868 3278 753 2438 5869 3279 754 2439 
4355 5869 3279 754 2439 5870 3280 755 2440 
4356 5870 3280 755 2440 1640 506 57 276 
3 6212 5 288
4357 38 207 1391 442 721 2336 5871 3246 
4358 721 2336 5871 3246 722 2337 5872 3247 
4359 722 2337 5872 3247 723 2338 5873 3248 
4360 723 2338 5873 3248 724 2339 5874 3249 
4361 724 2339 5874 3249 725 2340 5875 3250 
4362 725 2340 5875 3250 726 2341 5876 3251 
4363 726 2341 5876 3251 727 2342 5877 3252 
4364 727 2342 5877 3252 53 262 1641 502 
4365 442 1391 1392 443 3246 5871 5878 3253 
4366 3246 5871 5878 3253 3247 5872 5879 3254 
4367 3247 5872 5879 3254 3248 5873 5880 3255 
4368 3248 5873 5880 3255 3249 5874 5881 3256 
4369 3249 5874 5881 3256 3250 5875 5882 3257 
4370 3250 5875 5882 3257 3251 5876 5883 3258 
4371 3251 5876 5883 3258 3252 5877 5884 3259 
4372 3252 5877 5884 3259 502 1641 1642 503 
4373 443 1392 1393 444 3253 5878 5885 3260 
4374 3253 5878 5885 3260 3254 5879 5886 3261 
4375 3254 5879 5886 3261 3255 5880 5887 3262 
4376 3255 5880 5887 3262 3256 5881 5888 3263 
4377 3256 5881 5888 3263 3257 5882 5889 3264 
4378 3257 5882 5889 3264 3258 5883 5890 3265 
4379 3258 5883 5890 3265 3259 5884 5891 3266 
4380 3259 5884 5891 3266 503 1642 1643 504 
4381 444 1393 1394 445 3260 5885 5892 3267 
4382 3260 5885 5892 3267 3261 5886 5893 3268 
4383 3261 5886 5893 3268 3262 5887 5894 3269 
4384 3262 5887 5894 3269 3263 5888 5895 3270 
4385 3263 5888 5895 3270 3264 5889 5896 3271 
4386 3264 5889 5896 3271 3265 5890 5897 3272 
4387 3265 5890 5897 3272 3266 5891 5898 3273 
4388 3266 5891 5898 3273 504 1643 1644 505 
4389 445 1394 1395 446 3267 5892 5899 3274 
4390 3267 5892 5899 3274 3268 5893 5900 3275 
4391 3268 5893 5900 3275 3269 5894 5901 3276 
4392 3269 5894 5901 3276 3270 5895 5902 3277 
4393 3270 5895 5902 3277 3271 5896 5903 3278 
4394 3271 5896 5903 3278 3272 5897 5904 3279 
4395 3272 5897 5904 3279 3273 5898 5905 3280 
4396 3273 5898 5905 3280 505 1644 1645 506 
4397 446 1395 222 42 3274 5899 2441 749 
4398 3274 5899 2441 749 3275 5900 2442 750 
4399 3275 5900 2442 750 3276 5901 2443 751 
4400 3276 5901 2443 751 3277 5902 2444 752 
4401 3277 5902 2444 752 3278 5903 2445 753 
4402 3278 5903 2445 753 3279 5904 2446 754 
4403 3279 5904 2446 754 3280 5905 2447 755 
4404 3280 5905 2447 755 506 1645 277 57 
4405 207 208 1396 1391 2336 2343 5906 5871 
4406 2336 2343 5906 5871 2337 2344 5907 5872 
4407 2337 2344 5907 5872 2338 2345 5908 5873 
4408 2338 2345 5908 5873 2339 2346 5909 5874 
4409 2339 2346 5909 5874 2340 2347 5910 5875 
4410 2340 2347 5910 5875 2341 2348 5911 5876 
4411 2341 2348 5911 5876 2342 2349 5912 5877 
4412 2342 2349 5912 5877 262 263 1646 1641 
4413 1391 1396 1397 1392 5871 5906 5913 5878 
4414 5871 5906 5913 5878 5872 5907 5914 5879 
4415 5872 5907 5914 5879 5873 5908 5915 5880 
4416 5873 5908 5915 5880 5874 5909 5916 5881 
4417 5874 5909 5916 5881 5875 5910 5917 5882 
4418 5875 5910 5917 5882 5876 5911 5918 5883 
4419 5876 5911 5918 5883 5877 5912 5919 5884 
4420 5877 5912 5919 5884 1641 1646 1647 1642 
4421 1392 1397 1398 1393 5878 5913 5920 5885 
4422 5878 5913 5920 5885 5879 5914 5921 5886 
4423 5879 5914 5921 5886 5880 5915 5922 5887 
4424 5880 5915 5922 5887 5881 5916 5923 5888 
4425 5881 5916 5923 5888 5882 5917 5924 5889 
4426 5882 5917 5924 5889 5883 5918 5925 5890 
4427 5883 5918 5925 5890 5884 5919 5926 5891 
4428 5884 5919 5926 5891 1642 1647 1648 1643 
4429 1393 1398 1399 1394 5885 5920 5927 5892 
4430 5885 5920 5927 5892 5886 5921 5928 5893 
4431 5886 5921 5928 5893 5887 5922 5929 5894 
4432 5887 5922 5929 5894 5888 5923 5930 5895 
4433 5888 5923 5930 5895 5889 5924 5931 5896 
4434 5889 5924 5931 5896 5890 5925 5932 5897 
4435 5890 5925 5932 5897 5891 5926 5933 5898 
4436 5891 5926 5933 5898 1643 1648 1649 1644 
4437 1394 1399 1400 1395 5892 5927 5934 5899 
4438 5892 5927 5934 5899 5893 5928 5935 5900 
4439 5893 5928 5935 5900 5894 5929 5936 5901 
4440 5894 5929 5936 5901 5895 5930 5937 5902 
4441 5895 5930 5937 5902 5896 5931 5938 5903 
4442 5896 5931 5938 5903 5897 5932 5939 5904 
4443 5897 5932 5939 5904 5898 5933 5940 5905 
4444 5898 5933 5940 5905 1644 1649 1650 1645 
4445 1395 1400 223 222 5899 5934 2448 2441 
4446 5899 5934 2448 2441 5900 5935 2449 2442 
4447 5900 5935 2449 2442 5901 5936 2450 2443 
4448 5901 5936 2450 2443 5902 5937 2451 2444 
4449 5902 5937 2451 2444 5903 5938 2452 2445 
4450 5903 5938 2452 2445 5904 5939 2453 2446 
4451 5904 5939 2453 2446 5905 5940 2454 2447 
4452 5905 5940 2454 2447 1645 1650 278 277 
4453 208 209 1401 1396 2343 2350 5941 5906 
4454 2343 2350 5941 5906 2344 2351 5942 5907 
4455 2344 2351 5942 5907 2345 2352 5943 5908 
4456 2345 2352 5943 5908 2346 2353 5944 5909 
4457 2346 2353 5944 5909 2347 2354 5945 5910 
4458 2347 2354 5945 5910 2348 2355 5946 5911 
4459 2348 2355 5946 5911 2349 2356 5947 5912 
4460 2349 2356 5947 5912 263 264 1651 1646 
4461 1396 1401 1402 1397 5906 5941 5948 5913 
4462 5906 5941 5948 5913 5907 5942 5949 5914 
4463 5907 5942 5949 5914 5908 5943 5950 5915 
4464 5908 5943 5950 5915 5909 5944 5951 5916 
4465 5909 5944 5951 5916 5910 5945 5952 5917 
4466 5910 5945 5952 5917 5911 5946 5953 5918 
4467 5911 5946 5953 5918 5912 5947 5954 5919 
4468 5912 5947 5954 5919 1646 1651 1652 1647 
4469 1397 1402 1403 1398 5913 5948 5955 5920 
4470 5913 5948 5955 5920 5914 5949 5956 5921 
4471 5914 5949 5956 5921 5915 5950 5957 5922 
4472 5915 5950 5957 5922 5916 5951 5958 5923 
4473 5916 5951 5958 5923 5917 5952 5959 5924 
4474 5917 5952 5959 5924 5918 5953 5960 5925 
4475 5918 5953 5960 5925 5919 5954 5961 5926 
4476 5919 5954 5961 5926 1647 1652 1653 1648 
4477 1398 1403 1404 1399 5920 5955 5962 5927 
4478 5920 5955 5962 5927 5921 5956 5963 5928 
4479 5921 5956 5963 5928 5922 5957 5964 5929 
4480 5922 5957 5964 5929 5923 5958 5965 5930 
4481 5923 5958 5965 5930 5924 5959 5966 5931 
4482 5924 5959 5966 5931 5925 5960 5967 5932 
4483 5925 5960 5967 5932 5926 5961 5968 5933 
4484 5926 5961 5968 5933 1648 1653 1654 1649 
4485 1399 1404 1405 1400 5927 5962 5969 5934 
4486 5927 5962 5969 5934 5928 5963 5970 5935 
4487 5928 5963 5970 5935 5929 5964 5971 5936 
4488 5929 5964 5971 5936 5930 5965 5972 5937 
4489 5930 5965 5972 5937 5931 5966 5973 5938 
4490 5931 5966 5973 5938 5932 5967 5974 5939 
4491 5932 5967 5974 5939 5933 5968 5975 5940 
4492 5933 5968 5975 5940 1649 1654 1655 1650 
4493 1400 1405 224 223 5934 5969 2455 2448 
4494 5934 5969 2455 2448 5935 5970 2456 2449 
4495 5935 5970 2456 2449 5936 5971 2457 2450 
4496 5936 5971 2457 2450 5937 5972 2458 2451 
4497 5937 5972 2458 2451 5938 5973 2459 2452 
4498 5938 5973 2459 2452 5939 5974 2460 2453 
4499 5939 5974 2460 2453 5940 5975 2461 2454 
4500 5940 5975 2461 2454 1650 1655 279 278 
4501 209 210 1406 1401 2350 2357 5976 5941 
4502 2350 2357 5976 5941 2351 2358 5977 5942 
4503 2351 2358 5977 5942 2352 2359 5978 5943 
4504 2352 2359 5978 5943 2353 2360 5979 5944 
4505 2353 2360 5979 5944 2354 2361 5980 5945 
4506 2354 2361 5980 5945 2355 2362 5981 5946 
4507 2355 2362 5981 5946 2356 2363 5982 5947 
4508 2356 2363 5982 5947 264 265 1656 1651 
4509 1401 1406 1407 1402 5941 5976 5983 5948 
4510 5941 5976 5983 5948 5942 5977 5984 5949 
4511 5942 5977 5984 5949 5943 5978 5985 5950 
4512 5943 5978 5985 5950 5944 5979 5986 5951 
4513 5944 5979 5986 5951 5945 5980 5987 5952 
4514 5945 5980 5987 5952 5946 5981 5988 5953 
4515 5946 5981 5988 5953 5947 5982 5989 5954 
4516 5947 5982 5989 5954 1651 1656 1657 1652 
4517 1402 1407 1408 1403 5948 5983 5990 5955 
4518 5948 5983 5990 5955 5949 5984 5991 5956 
4519 5949 5984 5991 5956 5950 5985 5992 5957 
4520 5950 5985 5992 5957 5951 5986 5993 5958 
4521 5951 5986 5993 5958 5952 5987 5994 5959 
4522 5952 5987 5994 5959 5953 5988 5995 5960 
4523 5953 5988 5995 5960 5954 5989 5996 5961 
4524 5954 5989 5996 5961 1652 1657 1658 1653 
4525 1403 1408 1409 1404 5955 5990 5997 5962 
4526 5955 5990 5997 5962 5956 5991 5998 5963 
4527 5956 5991 5998 5963 5957 5992 5999 5964 
4528 5957 5992 5999 5964 5958 5993 6000 5965 
4529 5958 5993 6000 5965 5959 5994 6001 5966 
4530 5959 5994 6001 5966 5960 5995 6002 5967 
4531 5960 5995 6002 5967 5961 5996 6003 5968 
4532 5961 5996 6003 5968 1653 1658 1659 1654 
4533 1404 1409 1410 1405 5962 5997 6004 5969 
4534 5962 5997 6004 5969 5963 5998 6005 5970 
4535 5963 5998 6005 5970 5964 5999 6006 5971 
4536 5964 5999 6006 5971 5965 6000 6007 5972 
4537 5965 6000 6007 5972 5966 6001 6008 5973 
4538 5966 6001 6008 5973 5967 6002 6009 5974 
4539 5967 6002 6009 5974 5968 6003 6010 5975 
4540 5968 6003 6010 5975 1654 1659 1660 1655 
4541 1405 1410 225 224 5969 6004 2462 2455 
4542 5969 6004 2462 2455 5970 6005 2463 2456 
4543 5970 6005 2463 2456 5971 6006 2464 2457 
4544 5971 6006 2464 2457 5972 6007 2465 2458 
4545 5972 6007 2465 2458 5973 6008 2466 2459 
4546 5973 6008 2466 2459 5974 6009 2467 2460 
4547 5974 6009 2467 2460 5975 6010 2468 2461 
4548 5975 6010 2468 2461 1655 1660 280 279 
4549 210 211 1411 1406 2357 2364 6011 5976 
4550 2357 2364 6011 5976 2358 2365 6012 5977 
4551 2358 2365 6012 5977 2359 2366 6013 5978 
4552 2359 2366 6013 5978 2360 2367 6014 5979 
4553 2360 2367 6014 5979 2361 2368 6015 5980 
4554 2361 2368 6015 5980 2362 2369 6016 5981 
4555 2362 2369 6016 5981 2363 2370 6017 5982 
4556 2363 2370 6017 5982 265 266 1661 1656 
4557 1406 1411 1412 1407 5976 6011 6018 5983 
4558 5976 6011 6018 5983 5977 6012 6019 5984 
4559 5977 6012 6019 5984 5978 6013 6020 5985 
4560 5978 6013 6020 5985 5979 6014 6021 5986 
4561 5979 6014 6021 5986 5980 6015 6022 5987 
4562 5980 6015 6022 5987 5981 6016 6023 5988 
4563 5981 6016 6023 5988 5982 6017 6024 5989 
4564 5982 6017 6024 5989 1656 1661 1662 1657 
4565 1407 1412 1413 1408 5983 6018 6025 5990 
4566 5983 6018 6025 5990 5984 6019 6026 5991 
4567 5984 6019 6026 5991 5985 6020 6027 5992 
4568 5985 6020 6027 5992 5986 6021 6028 5993 
4569 5986 6021 6028 5993 5987 6022 6029 5994 
4570 5987 6022 6029 5994 5988 6023 6030 5995 
4571 5988 6023 6030 5995 5989 6024 6031 5996 
4572 5989 6024 6031 5996 1657 1662 1663 1658 
4573 1408 1413 1414 1409 5990 6025 6032 5997 
4574 5990 6025 6032 5997 5991 6026 6033 5998 
4575 5991 6026 6033 5998 5992 6027 6034 5999 
4576 5992 6027 6034 5999 5993 6028 6035 6000 
4577 5993 6028 6035 6000 5994 6029 6036 6001 
4578 5994 6029 6036 6001 5995 6030 6037 6002 
4579 5995 6030 6037 6002 5996 6031 6038 6003 
4580 5996 6031 6038 6003 1658 1663 1664 1659 
4581 1409 1414 1415 1410 5997 6032 6039 6004 
4582 5997 6032 6039 6004 5998 6033 6040 6005 
4583 5998 6033 6040 6005 5999 6034 6041 6006 
4584 5999 6034 6041 6006 6000 6035 6042 6007 
4585 6000 6035 6042 6007 6001 6036 6043 6008 
4586 6001 6036 6043 6008 6002 6037 6044 6009 
4587 6002 6037 6044 6009 6003 6038 6045 6010 
4588 6003 6038 6045 6010 1659 1664 1665 1660 
4589 1410 1415 226 225 6004 6039 2469 2462 
4590 6004 6039 2469 2462 6005 6040 2470 2463 
4591 6005 6040 2470 2463 6006 6041 2471 2464 
4592 6006 6041 2471 2464 6007 6042 2472 2465 
4593 6007 6042 2472 2465 6008 6043 2473 2466 
4594 6008 6043 2473 2466 6009 6044 2474 2467 
4595 6009 6044 2474 2467 6010 6045 2475 2468 
4596 6010 6045 2475 2468 1660 1665 281 280 
4597 211 39 457 1411 2364 728 3351 6011 
4598 2364 728 3351 6011 2365 729 3352 6012 
4599 2365 729 3352 6012 2366 730 3353 6013 
4600 2366 730 3353 6013 2367 731 3354 6014 
4601 2367 731 3354 6014 2368 732 3355 6015 
4602 2368 732 3355 6015 2369 733 3356 6016 
4603 2369 733 3356 6016 2370 734 3357 6017 
4604 2370 734 3357 6017 266 54 517 1661 
4605 1411 457 458 1412 6011 3351 3358 6018 
4606 6011 3351 3358 6018 6012 3352 3359 6019 
4607 6012 3352 3359 6019 6013 3353 3360 6020 
4608 6013 3353 3360 6020 6014 3354 3361 6021 
4609 6014 3354 3361 6021 6015 3355 3362 6022 
4610 6015 3355 3362 6022 6016 3356 3363 6023 
4611 6016 3356 3363 6023 6017 3357 3364 6024 
4612 6017 3357 3364 6024 1661 517 518 1662 
4613 1412 458 459 1413 6018 3358 3365 6025 
4614 6018 3358 3365 6025 6019 3359 3366 6026 
4615 6019 3359 3366 6026 6020 3360 3367 6027 
4616 6020 3360 3367 6027 6021 3361 3368 6028 
4617 6021 3361 3368 6028 6022 3362 3369 6029 
4618 6022 3362 3369 6029 6023 3363 3370 6030 
4619 6023 3363 3370 6030 6024 3364 3371 6031 
4620 6024 3364 3371 6031 1662 518 519 1663 
4621 1413 459 460 1414 6025 3365 3372 6032 
4622 6025 3365 3372 6032 6026 3366 3373 6033 
4623 6026 3366 3373 6033 6027 3367 3374 6034 
4624 6027 3367 3374 6034 6028 3368 3375 6035 
4625 6028 3368 3375 6035 6029 3369 3376 6036 
4626 6029 3369 3376 6036 6030 3370 3377 6037 
4627 6030 3370 3377 6037 6031 3371 3378 6038 
4628 6031 3371 3378 6038 1663 519 520 1664 
4629 1414 460 461 1415 6032 3372 3379 6039 
4630 6032 3372 3379 6039 6033 3373 3380 6040 
4631 6033 3373 3380 6040 6034 3374 3381 6041 
4632 6034 3374 3381 6041 6035 3375 3382 6042 
4633 6035 3375 3382 6042 6036 3376 3383 6043 
4634 6036 3376 3383 6043 6037 3377 3384 6044 
4635 6037 3377 3384 6044 6038 3378 3385 6045 
4636 6038 3378 3385 6045 1664 520 521 1665 
4637 1415 461 43 226 6039 3379 756 2469 
4638 6039 3379 756 2469 6040 3380 757 2470 
4639 6040 3380 757 2470 6041 3381 758 2471 
4640 6041 3381 758 2471 6042 3382 759 2472 
4641 6042 3382 759 2472 6043 3383 760 2473 
4642 6043 3383 760 2473 6044 3384 761 2474 
4643 6044 3384 761 2474 6045 3385 762 2475 
4644 6045 3385 762 2475 1665 521 58 281 
3 6220 5 288
4645 40 212 1491 552 735 2371 6046 3071 
4646 735 2371 6046 3071 736 2372 6047 3072 
4647 736 2372 6047 3072 737 2373 6048 3073 
4648 737 2373 6048 3073 738 2374 6049 3074 
4649 738 2374 6049 3074 739 2375 6050 3075 
4650 739 2375 6050 3075 740 2376 6051 3076 
4651 740 2376 6051 3076 741 2377 6052 3077 
4652 741 2377 6052 3077 55 267 1666 477 
4653 552 1491 1492 553 3071 6046 6053 3078 
4654 3071 6046 6053 3078 3072 6047 6054 3079 
4655 3072 6047 6054 3079 3073 6048 6055 3080 
4656 3073 6048 6055 3080 3074 6049 6056 3081 
4657 3074 6049 6056 3081 3075 6050 6057 3082 
4658 3075 6050 6057 3082 3076 6051 6058 3083 
4659 3076 6051 6058 3083 3077 6052 6059 3084 
4660 3077 6052 6059 3084 477 1666 1667 478 
4661 553 1492 1493 554 3078 6053 6060 3085 
4662 3078 6053 6060 3085 3079 6054 6061 3086 
4663 3079 6054 6061 3086 3080 6055 6062 3087 
4664 3080 6055 6062 3087 3081 6056 6063 3088 
4665 3081 6056 6063 3088 3082 6057 6064 3089 
4666 3082 6057 6064 3089 3083 6058 6065 3090 
4667 3083 6058 6065 3090 3084 6059 6066 3091 
4668 3084 6059 6066 3091 478 1667 1668 479 
4669 554 1493 1494 555 3085 6060 6067 3092 
4670 3085 6060 6067 3092 3086 6061 6068 3093 
4671 3086 6061 6068 3093 3087 6062 6069 3094 
4672 3087 6062 6069 3094 3088 6063 6070 3095 
4673 3088 6063 6070 3095 3089 6064 6071 3096 
4674 3089 6064 6071 3096 3090 6065 6072 3097 
4675 3090 6065 6072 3097 3091 6066 6073 3098 
4676 3091 6066 6073 3098 479 1668 1669 480 
4677 555 1494 1495 556 3092 6067 6074 3099 
4678 3092 6067 6074 3099 3093 6068 6075 3100 
4679 3093 6068 6075 3100 3094 6069 6076 3101 
4680 3094 6069 6076 3101 3095 6070 6077 3102 
4681 3095 6070 6077 3102 3096 6071 6078 3103 
4682 3096 6071 6078 3103 3097 6072 6079 3104 
4683 3097 6072 6079 3104 3098 6073 6080 3105 
4684 3098 6073 6080 3105 480 1669 1670 481 
4685 556 1495 562 66 3099 6074 2476 763 
4686 3099 6074 2476 763 3100 6075 2477 764 
4687 3100 6075 2477 764 3101 6076 2478 765 
4688 3101 6076 2478 765 3102 6077 2479 766 
4689 3102 6077 2479 766 3103 6078 2480 767 
4690 3103 6078 2480 767 3104 6079 2481 768 
4691 3104 6079 2481 768 3105 6080 2482 769 
4692 3105 6080 2482 769 481 1670 282 59 
4693 212 213 1496 1491 2371 2378 6081 6046 
4694 2371 2378 6081 6046 2372 2379 6082 6047 
4695 2372 2379 6082 6047 2373 2380 6083 6048 
4696 2373 2380 6083 6048 2374 2381 6084 6049 
4697 2374 2381 6084 6049 2375 2382 6085 6050 
4698 2375 2382 6085 6050 2376 2383 6086 6051 
4699 2376 2383 6086 6051 2377 2384 6087 6052 
4700 2377 2384 6087 6052 267 268 1671 1666 
4701 1491 1496 1497 1492 6046 6081 6088 6053 
4702 6046 6081 6088 6053 6047 6082 6089 6054 
4703 6047 6082 6089 6054 6048 6083 6090 6055 
4704 6048 6083 6090 6055 6049 6084 6091 6056 
4705 6049 6084 6091 6056 6050 6085 6092 6057 
4706 6050 6085 6092 6057 6051 6086 6093 6058 
4707 6051 6086 6093 6058 6052 6087 6094 6059 
4708 6052 6087 6094 6059 1666 1671 1672 1667 
4709 1492 1497 1498 1493 6053 6088 6095 6060 
4710 6053 6088 6095 6060 6054 6089 6096 6061 
4711 6054 6089 6096 6061 6055 6090 6097 6062 
4712 6055 6090 6097 6062 6056 6091 6098 6063 
4713 6056 6091 6098 6063 6057 6092 6099 6064 
4714 6057 6092 6099 6064 6058 6093 6100 6065 
4715 6058 6093 6100 6065 6059 6094 6101 6066 
4716 6059 6094 6101 6066 1667 1672 1673 1668 
4717 1493 1498 1499 1494 6060 6095 6102 6067 
4718 6060 6095 6102 6067 6061 6096 6103 6068 
4719 6061 6096 6103 6068 6062 6097 6104 6069 
4720 6062 6097 6104 6069 6063 6098 6105 6070 
4721 6063 6098 6105 6070 6064 6099 6106 6071 
4722 6064 6099 6106 6071 6065 6100 6107 6072 
4723 6065 6100 6107 6072 6066 6101 6108 6073 
4724 6066 6101 6108 6073 1668 1673 1674 1669 
4725 1494 1499 1500 1495 6067 6102 6109 6074 
4726 6067 6102 6109 6074 6068 6103 6110 6075 
4727 6068 6103 6110 6075 6069 6104 6111 6076 
4728 6069 6104 6111 6076 6070 6105 6112 6077 
4729 6070 6105 6112 6077 6071 6106 6113 6078 
4730 6071 6106 6113 6078 6072 6107 6114 6079 
4731 6072 6107 6114 6079 6073 6108 6115 6080 
4732 6073 6108 6115 6080 1669 1674 1675 1670 
4733 1495 1500 563 562 6074 6109 2483 2476 
4734 6074 6109 2483 2476 6075 6110 2484 2477 
4735 6075 6110 2484 2477 6076 6111 2485 2478 
4736 6076 6111 2485 2478 6077 6112 2486 2479 
4737 6077 6112 2486 2479 6078 6113 2487 2480 
4738 6078 6113 2487 2480 6079 6114 2488 2481 
4739 6079 6114 2488 2481 6080 6115 2489 2482 
4740 6080 6115 2489 2482 1670 1675 283 282 
4741 213 214 1501 1496 2378 2385 6116 6081 
4742 2378 2385 6116 6081 2379 2386 6117 6082 
4743 2379 2386 6117 6082 2380 2387 6118 6083 
4744 2380 2387 6118 6083 2381 2388 6119 6084 
4745 2381 2388 6119 6084 2382 2389 6120 6085 
4746 2382 2389 6120 6085 2383 2390 6121 6086 
4747 2383 2390 6121 6086 2384 2391 6122 6087 
4748 2384 2391 6122 6087 268 269 1676 1671 
4749 1496 1501 1502 1497 6081 6116 6123 6088 
4750 6081 6116 6123 6088 6082 6117 6124 6089 
4751 6082 6117 6124 6089 6083 6118 6125 6090 
4752 6083 6118 6125 6090 6084 6119 6126 6091 
4753 6084 6119 6126 6091 6085 6120 6127 6092 
4754 6085 6120 6127 6092 6086 6121 6128 6093 
4755 6086 6121 6128 6093 6087 6122 6129 6094 
4756 6087 6122 6129 6094 1671 1676 1677 1672 
4757 1497 1502 1503 1498 6088 6123 6130 6095 
4758 6088 6123 6130 6095 6089 6124 6131 6096 
4759 6089 6124 6131 6096 6090 6125 6132 6097 
4760 6090 6125 6132 6097 6091 6126 6133 6098 
4761 6091 6126 6133 6098 6092 6127 6134 6099 
4762 6092 6127 6134 6099 6093 6128 6135 6100 
4763 6093 6128 6135 6100 6094 6129 6136 6101 
4764 6094 6129 6136 6101 1672 1677 1678 1673 
4765 1498 1503 1504 1499 6095 6130 6137 6102 
4766 6095 6130 6137 6102 6096 6131 6138 6103 
4767 6096 6131 6138 6103 6097 6132 6139 6104 
4768 6097 6132 6139 6104 6098 6133 6140 6105 
4769 6098 6133 6140 6105 6099 6134 6141 6106 
4770 6099 6134 6141 6106 6100 6135 6142 6107 
4771 6100 6135 6142 6107 6101 6136 6143 6108 
4772 6101 6136 6143 6108 1673 1678 1679 1674 
4773 1499 1504 1505 1500 6102 6137 6144 6109 
4774 6102 6137 6144 6109 6103 6138 6145 6110 
4775 6103 6138 6145 6110 6104 6139 6146 6111 
4776 6104 6139 6146 6111 6105 6140 6147 6112 
4777 6105 6140 6147 6112 6106 6141 6148 6113 
4778 6106 6141 6148 6113 6107 6142 6149 6114 
4779 6107 6142 6149 6114 6108 6143 6150 6115 
4780 6108 6143 6150 6115 1674 1679 1680 1675 
4781 1500 1505 564 563 6109 6144 2490 2483 
4782 6109 6144 2490 2483 6110 6145 2491 2484 
4783 6110 6145 2491 2484 6111 6146 2492 2485 
4784 6111 6146 2492 2485 6112 6147 2493 2486 
4785 6112 6147 2493 2486 6113 6148 2494 2487 
4786 6113 6148 2494 2487 6114 6149 2495 2488 
4787 6114 6149 2495 2488 6115 6150 2496 2489 
4788 6115 6150 2496 2489 1675 1680 284 283 
4789 214 215 1506 1501 2385 2392 6151 6116 
4790 2385 2392 6151 6116 2386 2393 6152 6117 
4791 2386 2393 6152 6117 2387 2394 6153 6118 
4792 2387 2394 6153 6118 2388 2395 6154 6119 
4793 2388 2395 6154 6119 2389 2396 6155 6120 
4794 2389 2396 6155 6120 2390 2397 6156 6121 
4795 2390 2397 6156 6121 2391 2398 6157 6122 
4796 2391 2398 6157 6122 269 270 1681 1676 
4797 1501 1506 1507 1502 6116 6151 6158 6123 
4798 6116 6151 6158 6123 6117 6152 6159 6124 
4799 6117 6152 6159 6124 6118 6153 6160 6125 
4800 6118 6153 6160 6125 6119 6154 6161 6126 
4801 6119 6154 6161 6126 6120 6155 6162 6127 
4802 6120 6155 6162 6127 6121 6156 6163 6128 
4803 6121 6156 6163 6128 6122 6157 6164 6129 
4804 6122 6157 6164 6129 1676 1681 1682 1677 
4805 1502 1507 1508 1503 6123 6158 6165 6130 
4806 6123 6158 6165 6130 6124 6159 6166 6131 
4807 6124 6159 6166 6131 6125 6160 6167 6132 
4808 6125 6160 6167 6132 6126 6161 6168 6133 
4809 6126 6161 6168 6133 6127 6162 6169 6134 
4810 6127 6162 6169 6134 6128 6163 6170 6135 
4811 6128 6163 6170 6135 6129 6164 6171 6136 
4812 6129 6164 6171 6136 1677 1682 1683 1678 
4813 1503 1508 1509 1504 6130 6165 6172 6137 
4814 6130 6165 6172 6137 6131 6166 6173 6138 
4815 6131 6166 6173 6138 6132 6167 6174 6139 
4816 6132 6167 6174 6139 6133 6168 6175 6140 
4817 6133 6168 6175 6140 6134 6169 6176 6141 
4818 6134 6169 6176 6141 6135 6170 6177 6142 
4819 6135 6170 6177 6142 6136 6171 6178 6143 
4820 6136 6171 6178 6143 1678 1683 1684 1679 
4821 1504 1509 1510 1505 6137 6172 6179 6144 
4822 6137 6172 6179 6144 6138 6173 6180 6145 
4823 6138 6173 6180 6145 6139 6174 6181 6146 
4824 6139 6174 6181 6146 6140 6175 6182 6147 
4825 6140 6175 6182 6147 6141 6176 6183 6148 
4826 6141 6176 6183 6148 6142 6177 6184 6149 
4827 6142 6177 6184 6149 6143 6178 6185 6150 
4828 6143 6178 6185 6150 1679 1684 1685 1680 
4829 1505 1510 565 564 6144 6179 2497 2490 
4830 6144 6179 2497 2490 6145 6180 2498 2491 
4831 6145 6180 2498 2491 6146 6181 2499 2492 
4832 6146 6181 2499 2492 6147 6182 2500 2493 
4833 6147 6182 2500 2493 6148 6183 2501 2494 
4834 6148 6183 2501 2494 6149 6184 2502 2495 
4835 6149 6184 2502 2495 6150 6185 2503 2496 
4836 6150 6185 2503 2496 1680 1685 285 284 
4837 215 216 1511 1506 2392 2399 6186 6151 
4838 2392 2399 6186 6151 2393 2400 6187 6152 
4839 2393 2400 6187 6152 2394 2401 6188 6153 
4840 2394 2401 6188 6153 2395 2402 6189 6154 
4841 2395 2402 6189 6154 2396 2403 6190 6155 
4842 2396 2403 6190 6155 2397 2404 6191 6156 
4843 2397 2404 6191 6156 2398 2405 6192 6157 
4844 2398 2405 6192 6157 270 271 1686 1681 
4845 1506 1511 1512 1507 6151 6186 6193 6158 
4846 6151 6186 6193 6158 6152 6187 6194 6159 
4847 6152 6187 6194 6159 6153 6188 6195 6160 
4848 6153 6188 6195 6160 6154 6189 6196 6161 
4849 6154 6189 6196 6161 6155 6190 6197 6162 
4850 6155 6190 6197 6162 6156 6191 6198 6163 
4851 6156 6191 6198 6163 6157 6192 6199 6164 
4852 6157 6192 6199 6164 1681 1686 1687 1682 
4853 1507 1512 1513 1508 6158 6193 6200 6165 
4854 6158 6193 6200 6165 6159 6194 6201 6166 
4855 6159 6194 6201 6166 6160 6195 6202 6167 
4856 6160 6195 6202 6167 6161 6196 6203 6168 
4857 6161 6196 6203 6168 6162 6197 6204 6169 
4858 6162 6197 6204 6169 6163 6198 6205 6170 
4859 6163 6198 6205 6170 6164 6199 6206 6171 
4860 6164 6199 6206 6171 1682 1687 1688 1683 
4861 1508 1513 1514 1509 6165 6200 6207 6172 
4862 6165 6200 6207 6172 6166 6201 6208 6173 
4863 6166 6201 6208 6173 6167 6202 6209 6174 
4864 6167 6202 6209 6174 6168 6203 6210 6175 
4865 6168 6203 6210 6175 6169 6204 6211 6176 
4866 6169 6204 6211 6176 6170 6205 6212 6177 
4867 6170 6205 6212 6177 6171 6206 6213 6178 
4868 6171 6206 6213 6178 1683 1688 1689 1684 
4869 1509 1514 1515 1510 6172 6207 6214 6179 
4870 6172 6207 6214 6179 6173 6208 6215 6180 
4871 6173 6208 6215 6180 6174 6209 6216 6181 
4872 6174 6209 6216 6181 6175 6210 6217 6182 
4873 6175 6210 6217 6182 6176 6211 6218 6183 
4874 6176 6211 6218 6183 6177 6212 6219 6184 
4875 6177 6212 6219 6184 6178 6213 6220 6185 
4876 6178 6213 6220 6185 1684 1689 1690 1685 
4877 1510 1515 566 565 6179 6214 2504 2497 
4878 6179 6214 2504 2497 6180 6215 2505 2498 
4879 6180 6215 2505 2498 6181 6216 2506 2499 
4880 6181 6216 2506 2499 6182 6217 2507 2500 
4881 6182 6217 2507 2500 6183 6218 2508 2501 
4882 6183 6218 2508 2501 6184 6219 2509 2502 
4883 6184 6219 2509 2502 6185 6220 2510 2503 
4884 6185 6220 2510 2503 1685 1690 286 285 
4885 216 41 432 1511 2399 742 3176 6186 
4886 2399 742 3176 6186 2400 743 3177 6187 
4887 2400 743 3177 6187 2401 744 3178 6188 
4888 2401 744 3178 6188 2402 745 3179 6189 
4889 2402 745 3179 6189 2403 746 3180 6190 
4890 2403 746 3180 6190 2404 747 3181 6191 
4891 2404 747 3181 6191 2405 748 3182 6192 
4892 2405 748 3182 6192 271 56 492 1686 
4893 1511 432 433 1512 6186 3176 3183 6193 
4894 6186 3176 3183 6193 6187 3177 3184 6194 
4895 6187 3177 3184 6194 6188 3178 3185 6195 
4896 6188 3178 3185 6195 6189 3179 3186 6196 
4897 6189 3179 3186 6196 6190 3180 3187 6197 
4898 6190 3180 3187 6197 6191 3181 3188 6198 
4899 6191 3181 3188 6198 6192 3182 3189 6199 
4900 6192 3182 3189 6199 1686 492 493 1687 
4901 1512 433 434 1513 6193 3183 3190 6200 
4902 6193 3183 3190 6200 6194 3184 3191 6201 
4903 6194 3184 3191 6201 6195 3185 3192 6202 
4904 6195 3185 3192 6202 6196 3186 3193 6203 
4905 6196 3186 3193 6203 6197 3187 3194 6204 
4906 6197 3187 3194 6204 6198 3188 3195 6205 
4907 6198 3188 3195 6205 6199 3189 3196 6206 
4908 6199 3189 3196 6206 1687 493 494 1688 
4909 1513 434 435 1514 6200 3190 3197 6207 
4910 6200 3190 3197 6207 6201 3191 3198 6208 
4911 6201 3191 3198 6208 6202 3192 3199 6209 
4912 6202 3192 3199 6209 6203 3193 3200 6210 
4913 6203 3193 3200 6210 6204 3194 3201 6211 
4914 6204 3194 3201 6211 6205 3195 3202 6212 
4915 6205 3195 3202 6212 6206 3196 3203 6213 
4916 6206 3196 3203 6213 1688 494 495 1689 
4917 1514 435 436 1515 6207 3197 3204 6214 
4918 6207 3197 3204 6214 6208 3198 3205 6215 
4919 6208 3198 3205 6215 6209 3199 3206 6216 
4920 6209 3199 3206 6216 6210 3200 3207 6217 
4921 6210 3200 3207 6217 6211 3201 3208 6218 
4922 6211 3201 3208 6218 6212 3202 3209 6219 
4923 6212 3202 3209 6219 6213 3203 3210 6220 
4924 6213 3203 3210 6220 1689 495 496 1690 
4925 1515 436 44 566 6214 3204 770 2504 
4926 6214 3204 770 2504 6215 3205 771 2505 
4927 6215 3205 771 2505 6216 3206 772 2506 
4928 6216 3206 772 2506 6217 3207 773 2507 
4929 6217 3207 773 2507 6218 3208 774 2508 
4930 6218 3208 774 2508 6219 3209 775 2509 
4931 6219 3209 775 2509 6220 3210 776 2510 
4932 6220 3210 776 2510 1690 496 60 286 
3 6221 5 288
4933 41 217 1416 432 742 2406 6221 3176 
4934 742 2406 6221 3176 743 2407 6222 3177 
4935 743 2407 6222 3177 744 2408 6223 3178 
4936 744 2408 6223 3178 745 2409 6224 3179 
4937 745 2409 6224 3179 746 2410 6225 3180 
4938 746 2410 6225 3180 747 2411 6226 3181 
4939 747 2411 6226 3181 748 2412 6227 3182 
4940 748 2412 6227 3182 56 272 1691 492 
4941 432 1416 1417 433 3176 6221 6228 3183 
4942 3176 6221 6228 3183 3177 6222 6229 3184 
4943 3177 6222 6229 3184 3178 6223 6230 3185 
4944 3178 6223 6230 3185 3179 6224 6231 3186 
4945 3179 6224 6231 3186 3180 6225 6232 3187 
4946 3180 6225 6232 3187 3181 6226 6233 3188 
4947 3181 6226 6233 3188 3182 6227 6234 3189 
4948 3182 6227 6234 3189 492 1691 1692 493 
4949 433 1417 1418 434 3183 6228 6235 3190 
4950 3183 6228 6235 3190 3184 6229 6236 3191 
4951 3184 6229 6236 3191 3185 6230 6237 3192 
4952 3185 6230 6237 3192 3186 6231 6238 3193 
4953 3186 6231 6238 3193 3187 6232 6239 3194 
4954 3187 6232 6239 3194 3188 6233 6240 3195 
4955 3188 6233 6240 3195 3189 6234 6241 3196 
4956 3189 6234 6241 3196 493 1692 1693 494 
4957 434 1418 1419 435 3190 6235 6242 3197 
4958 3190 6235 6242 3197 3191 6236 6243 3198 
4959 3191 6236 6243 3198 3192 6237 6244 3199 
4960 3192 6237 6244 3199 3193 6238 6245 3200 
4961 3193 6238 6245 3200 3194 6239 6246 3201 
4962 3194 6239 6246 3201 3195 6240 6247 3202 
4963 3195 6240 6247 3202 3196 6241 6248 3203 
4964 3196 6241 6248 3203 494 1693 1694 495 
4965 435 1419 1420 436 3197 6242 6249 3204 
4966 3197 6242 6249 3204 3198 6243 6250 3205 
4967 3198 6243 6250 3205 3199 6244 6251 3206 
4968 3199 6244 6251 3206 3200 6245 6252 3207 
4969 3200 6245 6252 3207 3201 6246 6253 3208 
4970 3201 6246 6253 3208 3202 6247 6254 3209 
4971 3202 6247 6254 3209 3203 6248 6255 3210 
4972 3203 6248 6255 3210 495 1694 1695 496 
4973 436 1420 227 44 3204 6249 2511 770 
4974 3204 6249 2511 770 3205 6250 2512 771 
4975 3205 6250 2512 771 3206 6251 2513 772 
4976 3206 6251 2513 772 3207 6252 2514 773 
4977 3207 6252 2514 773 3208 6253 2515 774 
4978 3208 6253 2515 774 3209 6254 2516 775 
4979 3209 6254 2516 775 3210 6255 2517 776 
4980 3210 6255 2517 776 496 1695 287 60 
4981 217 218 1421 1416 2406 2413 6256 6221 
4982 2406 2413 6256 6221 2407 2414 6257 6222 
4983 2407 2414 6257 6222 2408 2415 6258 6223 
4984 2408 2415 6258 6223 2409 2416 6259 6224 
4985 2409 2416 6259 6224 2410 2417 6260 6225 
4986 2410 2417 6260 6225 2411 2418 6261 6226 
4987 2411 2418 6261 6226 2412 2419 6262 6227 
4988 2412 2419 6262 6227 272 273 1696 1691 
4989 1416 1421 1422 1417 6221 6256 6263 6228 
4990 6221 6256 6263 6228 6222 6257 6264 6229 
4991 6222 6257 6264 6229 6223 6258 6265 6230 
4992 6223 6258 6265 6230 6224 6259 6266 6231 
4993 6224 6259 6266 6231 6225 6260 6267 6232 
4994 6225 6260 6267 6232 6226 6261 6268 6233 
4995 6226 6261 6268 6233 6227 6262 6269 6234 
4996 6227 6262 6269 6234 1691 1696 1697 1692 
4997 1417 1422 1423 1418 6228 6263 6270 6235 
4998 6228 6263 6270 6235 6229 6264 6271 6236 
4999 6229 6264 6271 6236 6230 6265 6272 6237 
5000 6230 6265 6272 6237 6231 6266 6273 6238 
5001 6231 6266 6273 6238 6232 6267 6274 6239 
5002 6232 6267 6274 6239 6233 6268 6275 6240 
5003 6233 6268 6275 6240 6234 6269 6276 6241 
5004 6234 6269 6276 6241 1692 1697 1698 1693 
5005 1418 1423 1424 1419 6235 6270 6277 6242 
5006 6235 6270 6277 6242 6236 6271 6278 6243 
5007 6236 6271 6278 6243 6237 6272 6279 6244 
5008 6237 6272 6279 6244 6238 6273 6280 6245 
5009 6238 6273 6280 6245 6239 6274 6281 6246 
5010 6239 6274 6281 6246 6240 6275 6282 6247 
5011 6240 6275 6282 6247 6241 6276 6283 6248 
5012 6241 6276 6283 6248 1693 1698 1699 1694 
5013 1419 1424 1425 1420 6242 6277 6284 6249 
5014 6242 6277 6284 6249 6243 6278 6285 6250 
5015 6243 6278 6285 6250 6244 6279 6286 6251 
5016 6244 6279 6286 6251 6245 6280 6287 6252 
5017 6245 6280 6287 6252 6246 6281 6288 6253 
5018 6246 6281 6288 6253 6247 6282 6289 6254 
5019 6247 6282 6289 6254 6248 6283 6290 6255 
5020 6248 6283 6290 6255 1694 1699 1700 1695 
5021 1420 1425 228 227 6249 6284 2518 2511 
5022 6249 6284 2518 2511 6250 6285 2519 2512 
5023 6250 6285 2519 2512 6251 6286 2520 2513 
5024 6251 6286 2520 2513 6252 6287 2521 2514 
5025 6252 6287 2521 2514 6253 6288 2522 2515 
5026 6253 6288 2522 2515 6254 6289 2523 2516 
5027 6254 6289 2523 2516 6255 6290 2524 2517 
5028 6255 6290 2524 2517 1695 1700 288 287 
5029 218 219 1426 1421 2413 2420 6291 6256 
5030 2413 2420 6291 6256 2414 2421 6292 6257 
5031 2414 2421 6292 6257 2415 2422 6293 6258 
5032 2415 2422 6293 6258 2416 2423 6294 6259 
5033 2416 2423 6294 6259 2417 2424 6295 6260 
5034 2417 2424 6295 6260 2418 2425 6296 6261 
5035 2418 2425 6296 6261 2419 2426 6297 6262 
5036 2419 2426 6297 6262 273 274 1701 1696 
5037 1421 1426 1427 1422 6256 6291 6298 6263 
5038 6256 6291 6298 6263 6257 6292 6299 6264 
5039 6257 6292 6299 6264 6258 6293 6300 6265 
5040 6258 6293 6300 6265 6259 6294 6301 6266 
5041 6259 6294 6301 6266 6260 6295 6302 6267 
5042 6260 6295 6302 6267 6261 6296 6303 6268 
5043 6261 6296 6303 6268 6262 6297 6304 6269 
5044 6262 6297 6304 6269 1696 1701 1702 1697 
5045 1422 1427 1428 1423 6263 6298 6305 6270 
5046 6263 6298 6305 6270 6264 6299 6306 6271 
5047 6264 6299 6306 6271 6265 6300 6307 6272 
5048 6265 6300 6307 6272 6266 6301 6308 6273 
5049 6266 6301 6308 6273 6267 6302 6309 6274 
5050 6267 6302 6309 6274 6268 6303 6310 6275 
5051 6268 6303 6310 6275 6269 6304 6311 6276 
5052 6269 6304 6311 6276 1697 1702 1703 1698 
5053 1423 1428 1429 1424 6270 6305 6312 6277 
5054 6270 6305 6312 6277 6271 6306 6313 6278 
5055 6271 6306 6313 6278 6272 6307 6314 6279 
5056 6272 6307 6314 6279 6273 6308 6315 6280 
5057 6273 6308 6315 6280 6274 6309 6316 6281 
5058 6274 6309 6316 6281 6275 6310 6317 6282 
5059 6275 6310 6317 6282 6276 6311 6318 6283 
5060 6276 6311 6318 6283 1698 1703 1704 1699 
5061 1424 1429 1430 1425 6277 6312 6319 6284 
5062 6277 6312 6319 6284 6278 6313 6320 6285 
5063 6278 6313 6320 6285 6279 6314 6321 6286 
5064 6279 6314 6321 6286 6280 6315 6322 6287 
5065 6280 6315 6322 6287 6281 6316 6323 6288 
5066 6281 6316 6323 6288 6282 6317 6324 6289 
5067 6282 6317 6324 6289 6283 6318 6325 6290 
5068 6283 6318 6325 6290 1699 1704 1705 1700 
5069 1425 1430 229 228 6284 6319 2525 2518 
5070 6284 6319 2525 2518 6285 6320 2526 2519 
5071 6285 6320 2526 2519 6286 6321 2527 2520 
5072 6286 6321 2527 2520 6287 6322 2528 2521 
5073 6287 6322 2528 2521 6288 6323 2529 2522 
5074 6288 6323 2529 2522 6289 6324 2530 2523 
5075 6289 6324 2530 2523 6290 6325 2531 2524 
5076 6290 6325 2531 2524 1700 1705 289 288 
5077 219 220 1431 1426 2420 2427 6326 6291 
5078 2420 2427 6326 6291 2421 2428 6327 6292 
5079 2421 2428 6327 6292 2422 2429 6328 6293 
5080 2422 2429 6328 6293 2423 2430 6329 6294 
5081 2423 2430 6329 6294 2424 2431 6330 6295 
5082 2424 2431 6330 6295 2425 2432 6331 6296 
5083 2425 2432 6331 6296 2426 2433 6332 6297 
5084 2426 2433 6332 6297 274 275 1706 1701 
5085 1426 1431 1432 1427 6291 6326 6333 6298 
5086 6291 6326 6333 6298 6292 6327 6334 6299 
5087 6292 6327 6334 6299 6293 6328 6335 6300 
5088 6293 6328 6335 6300 6294 6329 6336 6301 
5089 6294 6329 6336 6301 6295 6330 6337 6302 
5090 6295 6330 6337 6302 6296 6331 6338 6303 
5091 6296 6331 6338 6303 6297 6332 6339 6304 
5092 6297 6332 6339 6304 1701 1706 1707 1702 
5093 1427 1432 1433 1428 6298 6333 6340 6305 
5094 6298 6333 6340 6305 6299 6334 6341 6306 
5095 6299 6334 6341 6306 6300 6335 6342 6307 
5096 6300 6335 6342 6307 6301 6336 6343 6308 
5097 6301 6336 6343 6308 6302 6337 6344 6309 
5098 6302 6337 6344 6309 6303 6338 6345 6310 
5099 6303 6338 6345 6310 6304 6339 6346 6311 
5100 6304 6339 6346 6311 1702 1707 1708 1703 
5101 1428 1433 1434 1429 6305 6340 6347 6312 
5102 6305 6340 6347 6312 6306 6341 6348 6313 
5103 6306 6341 6348 6313 6307 6342 6349 6314 
5104 6307 6342 6349 6314 6308 6343 6350 6315 
5105 6308 6343 6350 6315 6309 6344 6351 6316 
5106 6309 6344 6351 6316 6310 6345 6352 6317 
5107 6310 6345 6352 6317 6311 6346 6353 6318 
5108 6311 6346 6353 6318 1703 1708 1709 1704 
5109 1429 1434 1435 1430 6312 6347 6354 6319 
5110 6312 6347 6354 6319 6313 6348 6355 6320 
5111 6313 6348 6355 6320 6314 6349 6356 6321 
5112 6314 6349 6356 6321 6315 6350 6357 6322 
5113 6315 6350 6357 6322 6316 6351 6358 6323 
5114 6316 6351 6358 6323 6317 6352 6359 6324 
5115 6317 6352 6359 6324 6318 6353 6360 6325 
5116 6318 6353 6360 6325 1704 1709 1710 1705 
5117 1430 1435 230 229 6319 6354 2532 2525 
5118 6319 6354 2532 2525 6320 6355 2533 2526 
5119 6320 6355 2533 2526 6321 6356 2534 2527 
5120 6321 6356 2534 2527 6322 6357 2535 2528 
5121 6322 6357 2535 2528 6323 6358 2536 2529 
5122 6323 6358 2536 2529 6324 6359 2537 2530 
5123 6324 6359 2537 2530 6325 6360 2538 2531 
5124 6325 6360 2538 2531 1705 1710 290 289 
5125 220 221 1436 1431 2427 2434 6361 6326 
5126 2427 2434 6361 6326 2428 2435 6362 6327 
5127 2428 2435 6362 6327 2429 2436 6363 6328 
5128 2429 2436 6363 6328 2430 2437 6364 6329 
5129 2430 2437 6364 6329 2431 2438 6365 6330 
5130 2431 2438 6365 6330 2432 2439 6366 6331 
5131 2432 2439 6366 6331 2433 2440 6367 6332 
5132 2433 2440 6367 6332 275 276 1711 1706 
5133 1431 1436 1437 1432 6326 6361 6368 6333 
5134 6326 6361 6368 6333 6327 6362 6369 6334 
5135 6327 6362 6369 6334 6328 6363 6370 6335 
5136 6328 6363 6370 6335 6329 6364 6371 6336 
5137 6329 6364 6371 6336 6330 6365 6372 6337 
5138 6330 6365 6372 6337 6331 6366 6373 6338 
5139 6331 6366 6373 6338 6332 6367 6374 6339 
5140 6332 6367 6374 6339 1706 1711 1712 1707 
5141 1432 1437 1438 1433 6333 6368 6375 6340 
5142 6333 6368 6375 6340 6334 6369 6376 6341 
5143 6334 6369 6376 6341 6335 6370 6377 6342 
5144 6335 6370 6377 6342 6336 6371 6378 6343 
5145 6336 6371 6378 6343 6337 6372 6379 6344 
5146 6337 6372 6379 6344 6338 6373 6380 6345 
5147 6338 6373 6380 6345 6339 6374 6381 6346 
5148 6339 6374 6381 6346 1707 1712 1713 1708 
5149 1433 1438 1439 1434 6340 6375 6382 6347 
5150 6340 6375 6382 6347 6341 6376 6383 6348 
5151 6341 6376 6383 6348 6342 6377 6384 6349 
5152 6342 6377 6384 6349 6343 6378 6385 6350 
5153 6343 6378 6385 6350 6344 6379 6386 6351 
5154 6344 6379 6386 6351 6345 6380 6387 6352 
5155 6345 6380 6387 6352 6346 6381 6388 6353 
5156 6346 6381 6388 6353 1708 1713 1714 1709 
5157 1434 1439 1440 1435 6347 6382 6389 6354 
5158 6347 6382 6389 6354 6348 6383 6390 6355 
5159 6348 6383 6390 6355 6349 6384 6391 6356 
5160 6349 6384 6391 6356 6350 6385 6392 6357 
5161 6350 6385 6392 6357 6351 6386 6393 6358 
5162 6351 6386 6393 6358 6352 6387 6394 6359 
5163 6352 6387 6394 6359 6353 6388 6395 6360 
5164 6353 6388 6395 6360 1709 1714 1715 1710 
5165 1435 1440 231 230 6354 6389 2539 2532 
5166 6354 6389 2539 2532 6355 6390 2540 2533 
5167 6355 6390 2540 2533 6356 6391 2541 2534 
5168 6356 6391 2541 2534 6357 6392 2542 2535 
5169 6357 6392 2542 2535 6358 6393 2543 2536 
5170 6358 6393 2543 2536 6359 6394 2544 2537 
5171 6359 6394 2544 2537 6360 6395 2545 2538 
5172 6360 6395 2545 2538 1710 1715 291 290 
5173 221 42 447 1436 2434 749 3281 6361 
5174 2434 749 3281 6361 2435 750 3282 6362 
5175 2435 750 3282 6362 2436 751 3283 6363 
5176 2436 751 3283 6363 2437 752 3284 6364 
5177 2437 752 3284 6364 2438 753 3285 6365 
5178 2438 753 3285 6365 2439 754 3286 6366 
5179 2439 754 3286 6366 2440 755 3287 6367 
5180 2440 755 3287 6367 276 57 507 1711 
5181 1436 447 448 1437 6361 3281 3288 6368 
5182 6361 3281 3288 6368 6362 3282 3289 6369 
5183 6362 3282 3289 6369 6363 3283 3290 6370 
5184 6363 3283 3290 6370 6364 3284 3291 6371 
5185 6364 3284 3291 6371 6365 3285 3292 6372 
5186 6365 3285 3292 6372 6366 3286 3293 6373 
5187 6366 3286 3293 6373 6367 3287 3294 6374 
5188 6367 3287 3294 6374 1711 507 508 1712 
5189 1437 448 449 1438 6368 3288 3295 6375 
5190 6368 3288 3295 6375 6369 3289 3296 6376 
5191 6369 3289 3296 6376 6370 3290 3297 6377 
5192 6370 3290 3297 6377 6371 3291 3298 6378 
5193 6371 3291 3298 6378 6372 3292 3299 6379 
5194 6372 3292 3299 6379 6373 3293 3300 6380 
5195 6373 3293 3300 6380 6374 3294 3301 6381 
5196 6374 3294 3301 6381 1712 508 509 1713 
5197 1438 449 450 1439 6375 3295 3302 6382 
5198 6375 3295 3302 6382 6376 3296 3303 6383 
5199 6376 3296 3303 6383 6377 3297 3304 6384 
5200 6377 3297 3304 6384 6378 3298 3305 6385 
5201 6378 3298 3305 6385 6379 3299 3306 6386 
5202 6379 3299 3306 6386 6380 3300 3307 6387 
5203 6380 3300 3307 6387 6381 3301 3308 6388 
5204 6381 3301 3308 6388 1713 509 510 1714 
5205 1439 450 451 1440 6382 3302 3309 6389 
5206 6382 3302 3309 6389 6383 3303 3310 6390 
5207 6383 3303 3310 6390 6384 3304 3311 6391 
5208 6384 3304 3311 6391 6385 3305 3312 6392 
5209 6385 3305 3312 6392 6386 3306 3313 6393 
5210 6386 3306 3313 6393 6387 3307 3314 6394 
5211 6387 3307 3314 6394 6388 3308 3315 6395 
5212 6388 3308 3315 6395 1714 510 511 1715 
5213 1440 451 45 231 6389 3309 777 2539 
5214 6389 3309 777 2539 6390 3310 778 2540 
5215 6390 3310 778 2540 6391 3311 779 2541 
5216 6391 3311 779 2541 6392 3312 780 2542 
5217 6392 3312 780 2542 6393 3313 781 2543 
5218 6393 3313 781 2543 6394 3314 782 2544 
5219 6394 3314 782 2544 6395 3315 783 2545 
5220 6395 3315 783 2545 1715 511 61 291 
3 6222 5 288
5221 42 222 1441 447 749 2441 6396 3281 
5222 749 2441 6396 3281 750 2442 6397 3282 
5223 750 2442 6397 3282 751 2443 6398 3283 
5224 751 2443 6398 3283 752 2444 6399 3284 
5225 752 2444 6399 3284 753 2445 6400 3285 
5226 753 2445 6400 3285 754 2446 6401 3286 
5227 754 2446 6401 3286 755 2447 6402 3287 
5228 755 2447 6402 3287 57 277 1716 507 
5229 447 1441 1442 448 3281 6396 6403 3288 
5230 3281 6396 6403 3288 3282 6397 6404 3289 
5231 3282 6397 6404 3289 3283 6398 6405 3290 
5232 3283 6398 6405 3290 3284 6399 6406 3291 
5233 3284 6399 6406 3291 3285 6400 6407 3292 
5234 3285 6400 6407 3292 3286 6401 6408 3293 
5235 3286 6401 6408 3293 3287 6402 6409 3294 
5236 3287 6402 6409 3294 507 1716 1717 508 
5237 448 1442 1443 449 3288 6403 6410 3295 
5238 3288 6403 6410 3295 3289 6404 6411 3296 
5239 3289 6404 6411 3296 3290 6405 6412 3297 
5240 3290 6405 6412 3297 3291 6406 6413 3298 
5241 3291 6406 6413 3298 3292 6407 6414 3299 
5242 3292 6407 6414 3299 3293 6408 6415 3300 
5243 3293 6408 6415 3300 3294 6409 6416 3301 
5244 3294 6409 6416 3301 508 1717 1718 509 
5245 449 1443 1444 450 3295 6410 6417 3302 
5246 3295 6410 6417 3302 3296 6411 6418 3303 
5247 3296 6411 6418 3303 3297 6412 6419 3304 
5248 3297 6412 6419 3304 3298 6413 6420 3305 
5249 3298 6413 6420 3305 3299 6414 6421 3306 
5250 3299 6414 6421 3306 3300 6415 6422 3307 
5251 3300 6415 6422 3307 3301 6416 6423 3308 
5252 3301 6416 6423 3308 509 1718 1719 510 
5253 450 1444 1445 451 3302 6417 6424 3309 
5254 3302 6417 6424 3309 3303 6418 6425 3310 
5255 3303 6418 6425 3310 3304 6419 6426 3311 
5256 3304 6419 6426 3311 3305 6420 6427 3312 
5257 3305 6420 6427 3312 3306 6421 6428 3313 
5258 3306 6421 6428 3313 3307 6422 6429 3314 
5259 3307 6422 6429 3314 3308 6423 6430 3315 
5260 3308 6423 6430 3315 510 1719 1720 511 
5261 451 1445 232 45 3309 6424 2546 777 
5262 3309 6424 2546 777 3310 6425 2547 778 
5263 3310 6425 2547 778 3311 6426 2548 779 
5264 3311 6426 2548 779 3312 6427 2549 780 
5265 3312 6427 2549 780 3313 6428 2550 781 
5266 3313 6428 2550 781 3314 6429 2551 782 
5267 3314 6429 2551 782 3315 6430 2552 783 
5268 3315 6430 2552 783 511 1720 292 61 
5269 222 223 1446 1441 2441 2448 6431 6396 
5270 2441 2448 6431 6396 2442 2449 6432 6397 
5271 2442 2449 6432 6397 2443 2450 6433 6398 
5272 2443 2450 6433 6398 2444 2451 6434 6399 
5273 2444 2451 6434 6399 2445 2452 6435 6400 
5274 2445 2452 6435 6400 2446 2453 6436 6401 
5275 2446 2453 6436 6401 2447 2454 6437 6402 
5276 2447 2454 6437 6402 277 278 1721 1716 
5277 1441 1446 1447 1442 6396 6431 6438 6403 
5278 6396 6431 6438 6403 6397 6432 6439 6404 
5279 6397 6432 6439 6404 6398 6433 6440 6405 
5280 6398 6433 6440 6405 6399 6434 6441 6406 
5281 6399 6434 6441 6406 6400 6435 6442 6407 
5282 6400 6435 6442 6407 6401 6436 6443 6408 
5283 6401 6436 6443 6408 6402 6437 6444 6409 
5284 6402 6437 6444 6409 1716 1721 1722 1717 
5285 1442 1447 1448 1443 6403 6438 6445 6410 
5286 6403 6438 6445 6410 6404 6439 6446 6411 
5287 6404 6439 6446 6411 6405 6440 6447 6412 
5288 6405 6440 6447 6412 6406 6441 6448 6413 
5289 6406 6441 6448 6413 6407 6442 6449 6414 
5290 6407 6442 6449 6414 6408 6443 6450 6415 
5291 6408 6443 6450 6415 6409 6444 6451 6416 
5292 6409 6444 6451 6416 1717 1722 1723 1718 
5293 1443 1448 1449 1444 6410 6445 6452 6417 
5294 6410 6445 6452 6417 6411 6446 6453 6418 
5295 6411 6446 6453 6418 6412 6447 6454 6419 
5296 6412 6447 6454 6419 6413 6448 6455 6420 
5297 6413 6448 6455 6420 6414 6449 6456 6421 
5298 6414 6449 6456 6421 6415 6450 6457 6422 
5299 6415 6450 6457 6422 6416 6451 6458 6423 
5300 6416 6451 6458 6423 1718 1723 1724 1719 
5301 1444 1449 1450 1445 6417 6452 6459 6424 
5302 6417 6452 6459 6424 6418 6453 6460 6425 
5303 6418 6453 6460 6425 6419 6454 6461 6426 
5304 6419 6454 6461 6426 6420 6455 6462 6427 
5305 6420 6455 6462 6427 6421 6456 6463 6428 
5306 6421 6456 6463 6428 6422 6457 6464 6429 
5307 6422 6457 6464 6429 6423 6458 6465 6430 
5308 6423 6458 6465 6430 1719 1724 1725 1720 
5309 1445 1450 233 232 6424 6459 2553 2546 
5310 6424 6459 2553 2546 6425 6460 2554 2547 
5311 6425 6460 2554 2547 6426 6461 2555 2548 
5312 6426 6461 2555 2548 6427 6462 2556 2549 
5313 6427 6462 2556 2549 6428 6463 2557 2550 
5314 6428 6463 2557 2550 6429 6464 2558 2551 
5315 6429 6464 2558 2551 6430 6465 2559 2552 
5316 6430 6465 2559 2552 1720 1725 293 292 
5317 223 224 1451 1446 2448 2455 6466 6431 
5318 2448 2455 6466 6431 2449 2456 6467 6432 
5319 2449 2456 6467 6432 2450 2457 6468 6433 
5320 2450 2457 6468 6433 2451 2458 6469 6434 
5321 2451 2458 6469 6434 2452 2459 6470 6435 
5322 2452 2459 6470 6435 2453 2460 6471 6436 
5323 2453 2460 6471 6436 2454 2461 6472 6437 
5324 2454 2461 6472 6437 278 279 1726 1721 
5325 1446 1451 1452 1447 6431 6466 6473 6438 
5326 6431 6466 6473 6438 6432 6467 6474 6439 
5327 6432 6467 6474 6439 6433 6468 6475 6440 
5328 6433 6468 6475 6440 6434 6469 6476 6441 
5329 6434 6469 6476 6441 6435 6470 6477 6442 
5330 6435 6470 6477 6442 6436 6471 6478 6443 
5331 6436 6471 6478 6443 6437 6472 6479 6444 
5332 6437 6472 6479 6444 1721 1726 1727 1722 
5333 1447 1452 1453 1448 6438 6473 6480 6445 
5334 6438 6473 6480 6445 6439 6474 6481 6446 
5335 6439 6474 6481 6446 6440 6475 6482 6447 
5336 6440 6475 6482 6447 6441 6476 6483 6448 
5337 6441 6476 6483 6448 6442 6477 6484 6449 
5338 6442 6477 6484 6449 6443 6478 6485 6450 
5339 6443 6478 6485 6450 6444 6479 6486 6451 
5340 6444 6479 6486 6451 1722 1727 1728 1723 
5341 1448 1453 1454 1449 6445 6480 6487 6452 
5342 6445 6480 6487 6452 6446 6481 6488 6453 
5343 6446 6481 6488 6453 6447 6482 6489 6454 
5344 6447 6482 6489 6454 6448 6483 6490 6455 
5345 6448 6483 6490 6455 6449 6484 6491 6456 
5346 6449 6484 6491 6456 6450 6485 6492 6457 
5347 6450 6485 6492 6457 6451 6486 6493 6458 
5348 6451 6486 6493 6458 1723 1728 1729 1724 
5349 1449 1454 1455 1450 6452 6487 6494 6459 
5350 6452 6487 6494 6459 6453 6488 6495 6460 
5351 6453 6488 6495 6460 6454 6489 6496 6461 
5352 6454 6489 6496 6461 6455 6490 6497 6462 
5353 6455 6490 6497 6462 6456 6491 6498 6463 
5354 6456 6491 6498 6463 6457 6492 6499 6464 
5355 6457 6492 6499 6464 6458 6493 6500 6465 
5356 6458 6493 6500 6465 1724 1729 1730 1725 
5357 1450 1455 234 233 6459 6494 2560 2553 
5358 6459 6494 2560 2553 6460 6495 2561 2554 
5359 6460 6495 2561 2554 6461 6496 2562 2555 
5360 6461 6496 2562 2555 6462 6497 2563 2556 
5361 6462 6497 2563 2556 6463 6498 2564 2557 
5362 6463 6498 2564 2557 6464 6499 2565 2558 
5363 6464 6499 2565 2558 6465 6500 2566 2559 
5364 6465 6500 2566 2559 1725 1730 294 293 
5365 224 225 1456 1451 2455 2462 6501 6466 
5366 2455 2462 6501 6466 2456 2463 6502 6467 
5367 2456 2463 6502 6467 2457 2464 6503 6468 
5368 2457 2464 6503 6468 2458 2465 6504 6469 
5369 2458 2465 6504 6469 2459 2466 6505 6470 
5370 2459 2466 6505 6470 2460 2467 6506 6471 
5371 2460 2467 6506 6471 2461 2468 6507 6472 
5372 2461 2468 6507 6472 279 280 1731 1726 
5373 1451 1456 1457 1452 6466 6501 6508 6473 
5374 6466 6501 6508 6473 6467 6502 6509 6474 
5375 6467 6502 6509 6474 6468 6503 6510 6475 
5376 6468 6503 6510 6475 6469 6504 6511 6476 
5377 6469 6504 6511 6476 6470 6505 6512 6477 
5378 6470 6505 6512 6477 6471 6506 6513 6478 
5379 6471 6506 6513 6478 6472 6507 6514 6479 
5380 6472 6507 6514 6479 1726 1731 1732 1727 
5381 1452 1457 1458 1453 6473 6508 6515 6480 
5382 6473 6508 6515 6480 6474 6509 6516 6481 
5383 6474 6509 6516 6481 6475 6510 6517 6482 
5384 6475 6510 6517 6482 6476 6511 6518 6483 
5385 6476 6511 6518 6483 6477 6512 6519 6484 
5386 6477 6512 6519 6484 6478 6513 6520 6485 
5387 6478 6513 6520 6485 6479 6514 6521 6486 
5388 6479 6514 6521 6486 1727 1732 1733 1728 
5389 1453 1458 1459 1454 6480 6515 6522 6487 
5390 6480 6515 6522 6487 6481 6516 6523 6488 
5391 6481 6516 6523 6488 6482 6517 6524 6489 
5392 6482 6517 6524 6489 6483 6518 6525 6490 
5393 6483 6518 6525 6490 6484 6519 6526 6491 
5394 6484 6519 6526 6491 6485 6520 6527 6492 
5395 6485 6520 6527 6492 6486 6521 6528 6493 
5396 6486 6521 6528 6493 1728 1733 1734 1729 
5397 1454 1459 1460 1455 6487 6522 6529 6494 
5398 6487 6522 6529 6494 6488 6523 6530 6495 
5399 6488 6523 6530 6495 6489 6524 6531 6496 
5400 6489 6524 6531 6496 6490 6525 6532 6497 
5401 6490 6525 6532 6497 6491 6526 6533 6498 
5402 6491 6526 6533 6498 6492 6527 6534 6499 
5403 6492 6527 6534 6499 6493 6528 6535 6500 
5404 6493 6528 6535 6500 1729 1734 1735 1730 
5405 1455 1460 235 234 6494 6529 2567 2560 
5406 6494 6529 2567 2560 6495 6530 2568 2561 
5407 6495 6530 2568 2561 6496 6531 2569 2562 
5408 6496 6531 2569 2562 6497 6532 2570 2563 
5409 6497 6532 2570 2563 6498 6533 2571 2564 
5410 6498 6533 2571 2564 6499 6534 2572 2565 
5411 6499 6534 2572 2565 6500 6535 2573 2566 
5412 6500 6535 2573 2566 1730 1735 295 294 
5413 225 226 1461 1456 2462 2469 6536 6501 
5414 2462 2469 6536 6501 2463 2470 6537 6502 
5415 2463 2470 6537 6502 2464 2471 6538 6503 
5416 2464 2471 6538 6503 2465 2472 6539 6504 
5417 2465 2472 6539 6504 2466 2473 6540 6505 
5418 2466 2473 6540 6505 2467 2474 6541 6506 
5419 2467 2474 6541 6506 2468 2475 6542 6507 
5420 2468 2475 6542 6507 280 281 1736 1731 
5421 1456 1461 1462 1457 6501 6536 6543 6508 
5422 6501 6536 6543 6508 6502 6537 6544 6509 
5423 6502 6537 6544 6509 6503 6538 6545 6510 
5424 6503 6538 6545 6510 6504 6539 6546 6511 
5425 6504 6539 6546 6511 6505 6540 6547 6512 
5426 6505 6540 6547 6512 6506 6541 6548 6513 
5427 6506 6541 6548 6513 6507 6542 6549 6514 
5428 6507 6542 6549 6514 1731 1736 1737 1732 
5429 1457 1462 1463 1458 6508 6543 6550 6515 
5430 6508 6543 6550 6515 6509 6544 6551 6516 
5431 6509 6544 6551 6516 6510 6545 6552 6517 
5432 6510 6545 6552 6517 6511 6546 6553 6518 
5433 6511 6546 6553 6518 6512 6547 6554 6519 
5434 6512 6547 6554 6519 6513 6548 6555 6520 
5435 6513 6548 6555 6520 6514 6549 6556 6521 
5436 6514 6549 6556 6521 1732 1737 1738 1733 
5437 1458 1463 1464 1459 6515 6550 6557 6522 
5438 6515 6550 6557 6522 6516 6551 6558 6523 
5439 6516 6551 6558 6523 6517 6552 6559 6524 
5440 6517 6552 6559 6524 6518 6553 6560 6525 
5441 6518 6553 6560 6525 6519 6554 6561 6526 
5442 6519 6554 6561 6526 6520 6555 6562 6527 
5443 6520 6555 6562 6527 6521 6556 6563 6528 
5444 6521 6556 6563 6528 1733 1738 1739 1734 
5445 1459 1464 1465 1460 6522 6557 6564 6529 
5446 6522 6557 6564 6529 6523 6558 6565 6530 
5447 6523 6558 6565 6530 6524 6559 6566 6531 
5448 6524 6559 6566 6531 6525 6560 6567 6532 
5449 6525 6560 6567 6532 6526 6561 6568 6533 
5450 6526 6561 6568 6533 6527 6562 6569 6534 
5451 6527 6562 6569 6534 6528 6563 6570 6535 
5452 6528 6563 6570 6535 1734 1739 1740 1735 
5453 1460 1465 236 235 6529 6564 2574 2567 
5454 6529 6564 2574 2567 6530 6565 2575 2568 
5455 6530 6565 2575 2568 6531 6566 2576 2569 
5456 6531 6566 2576 2569 6532 6567 2577 2570 
5457 6532 6567 2577 2570 6533 6568 2578 2571 
5458 6533 6568 2578 2571 6534 6569 2579 2572 
5459 6534 6569 2579 2572 6535 6570 2580 2573 
5460 6535 6570 2580 2573 1735 1740 296 295 
5461 226 43 462 1461 2469 756 3386 6536 
5462 2469 756 3386 6536 2470 757 3387 6537 
5463 2470 757 3387 6537 2471 758 3388 6538 
5464 2471 758 3388 6538 2472 759 3389 6539 
5465 2472 759 3389 6539 2473 760 3390 6540 
5466 2473 760 3390 6540 2474 761 3391 6541 
5467 2474 761 3391 6541 2475 762 3392 6542 
5468 2475 762 3392 6542 281 58 522 1736 
5469 1461 462 463 1462 6536 3386 3393 6543 
5470 6536 3386 3393 6543 6537 3387 3394 6544 
5471 6537 3387 3394 6544 6538 3388 3395 6545 
5472 6538 3388 3395 6545 6539 3389 3396 6546 
5473 6539 3389 3396 6546 6540 3390 3397 6547 
5474 6540 3390 3397 6547 6541 3391 3398 6548 
5475 6541 3391 3398 6548 6542 3392 3399 6549 
5476 6542 3392 3399 6549 1736 522 523 1737 
5477 1462 463 464 1463 6543 3393 3400 6550 
5478 6543 3393 3400 6550 6544 3394 3401 6551 
5479 6544 3394 3401 6551 6545 3395 3402 6552 
5480 6545 3395 3402 6552 6546 3396 3403 6553 
5481 6546 3396 3403 6553 6547 3397 3404 6554 
5482 6547 3397 3404 6554 6548 3398 3405 6555 
5483 6548 3398 3405 6555 6549 3399 3406 6556 
5484 6549 3399 3406 6556 1737 523 524 1738 
5485 1463 464 465 1464 6550 3400 3407 6557 
5486 6550 3400 3407 6557 6551 3401 3408 6558 
5487 6551 3401 3408 6558 6552 3402 3409 6559 
5488 6552 3402 3409 6559 6553 3403 3410 6560 
5489 6553 3403 3410 6560 6554 3404 3411 6561 
5490 6554 3404 3411 6561 6555 3405 3412 6562 
5491 6555 3405 3412 6562 6556 3406 3413 6563 
5492 6556 3406 3413 6563 1738 524 525 1739 
5493 1464 465 466 1465 6557 3407 3414 6564 
5494 6557 3407 3414 6564 6558 3408 3415 6565 
5495 6558 3408 3415 6565 6559 3409 3416 6566 
5496 6559 3409 3416 6566 6560 3410 3417 6567 
5497 6560 3410 3417 6567 6561 3411 3418 6568 
5498 6561 3411 3418 6568 6562 3412 3419 6569 
5499 6562 3412 3419 6569 6563 3413 3420 6570 
5500 6563 3413 3420 6570 1739 525 526 1740 
5501 1465 466 46 236 6564 3414 784 2574 
5502 6564 3414 784 2574 6565 3415 785 2575 
5503 6565 3415 785 2575 6566 3416 786 2576 
5504 6566 3416 786 2576 6567 3417 787 2577 
5505 6567 3417 787 2577 6568 3418 788 2578 
5506 6568 3418 788 2578 6569 3419 789 2579 
5507 6569 3419 789 2579 6570 3420 790 2580 
5508 6570 3420 790 2580 1740 526 62 296 
$EndElements
