$MeshFormat
2.2 0 8
$EndMeshFormat
$PhysicalNames
1
3 1 "materialID"
$EndPhysicalNames
$Nodes
6570
1 0 0 0
2 100 0 0
3 200 0 0
4 300 0 0
5 0 100 0
6 100 100 0
7 200 100 0
8 300 100 0
9 0 200 0
10 100 200 0
11 200 200 0
12 300 200 0
13 0 300 0
14 100 300 0
15 200 300 0
16 300 300 0
17 0 0 120
18 100 0 120
19 200 0 120
20 0 100 120
21 100 100 120
22 200 100 120
23 300 100 120
24 0 200 120
25 100 200 120
26 200 200 120
27 300 200 120
28 0 300 120
29 100 300 120
30 200 300 120
31 300 300 120
32 0 0 180
33 100 0 180
34 200 0 180
35 300 0 180
36 0 100 180
37 100 100 180
38 200 100 180
39 300 100 180
40 0 200 180
41 100 200 180
42 200 200 180
43 300 200 180
44 100 300 180
45 200 300 180
46 300 300 180
47 0 0 300
48 100 0 300
49 200 0 300
50 300 0 300
51 0 100 300
52 100 100 300
53 200 100 300
54 300 100 300
55 0 200 300
56 100 200 300
57 200 200 300
58 300 200 300
59 0 300 300
60 100 300 300
61 200 300 300
62 300 300 300
63 300 0 119.5
64 300 0 120.5
65 0 300 179.5
66 0 300 180.5
67 16.66666666659806 0 0
68 33.33333333318424 0 0
69 49.99999999982364 0 0
70 66.66666666648433 0 0
71 83.33333333324218 0 0
72 116.6666666664946 0 0
73 133.3333333329893 0 0
74 149.9999999994839 0 0
75 166.6666666660635 0 0
76 183.3333333330318 0 0
77 216.6666666664576 0 0
78 233.3333333329152 0 0
79 249.9999999993728 0 0
80 266.6666666661375 0 0
81 283.3333333330688 0 0
82 16.66666666659806 100 0
83 33.33333333318424 100 0
84 49.99999999982364 100 0
85 66.66666666648433 100 0
86 83.33333333324218 100 0
87 116.6666666664946 100 0
88 133.3333333329893 100 0
89 149.9999999994839 100 0
90 166.6666666660635 100 0
91 183.3333333330318 100 0
92 216.6666666664576 100 0
93 233.3333333329152 100 0
94 249.9999999993728 100 0
95 266.6666666661375 100 0
96 283.3333333330688 100 0
97 16.66666666659806 200 0
98 33.33333333318424 200 0
99 49.99999999982364 200 0
100 66.66666666648433 200 0
101 83.33333333324218 200 0
102 116.6666666664946 200 0
103 133.3333333329893 200 0
104 149.9999999994839 200 0
105 166.6666666660635 200 0
106 183.3333333330318 200 0
107 216.6666666664576 200 0
108 233.3333333329152 200 0
109 249.9999999993728 200 0
110 266.6666666661375 200 0
111 283.3333333330688 200 0
112 16.66666666659806 300 0
113 33.33333333318424 300 0
114 49.99999999982364 300 0
115 66.66666666648433 300 0
116 83.33333333324218 300 0
117 116.6666666664946 300 0
118 133.3333333329893 300 0
119 149.9999999994839 300 0
120 166.6666666660635 300 0
121 183.3333333330318 300 0
122 216.6666666664576 300 0
123 233.3333333329152 300 0
124 249.9999999993728 300 0
125 266.6666666661375 300 0
126 283.3333333330688 300 0
127 16.66666666659806 0 120
128 33.33333333318424 0 120
129 49.99999999982364 0 120
130 66.66666666648433 0 120
131 83.33333333324218 0 120
132 116.6666666664946 0 120
133 133.3333333329893 0 120
134 149.9999999994839 0 120
135 166.6666666660635 0 120
136 183.3333333330318 0 120
137 16.66666666659806 100 120
138 33.33333333318424 100 120
139 49.99999999982364 100 120
140 66.66666666648433 100 120
141 83.33333333324218 100 120
142 116.6666666664946 100 120
143 133.3333333329893 100 120
144 149.9999999994839 100 120
145 166.6666666660635 100 120
146 183.3333333330318 100 120
147 216.6666666664576 100 120
148 233.3333333329152 100 120
149 249.9999999993728 100 120
150 266.6666666661375 100 120
151 283.3333333330688 100 120
152 16.66666666659806 200 120
153 33.33333333318424 200 120
154 49.99999999982364 200 120
155 66.66666666648433 200 120
156 83.33333333324218 200 120
157 116.6666666664946 200 120
158 133.3333333329893 200 120
159 149.9999999994839 200 120
160 166.6666666660635 200 120
161 183.3333333330318 200 120
162 216.6666666664576 200 120
163 233.3333333329152 200 120
164 249.9999999993728 200 120
165 266.6666666661375 200 120
166 283.3333333330688 200 120
167 16.66666666659806 300 120
168 33.33333333318424 300 120
169 49.99999999982364 300 120
170 66.66666666648433 300 120
171 83.33333333324218 300 120
172 116.6666666664946 300 120
173 133.3333333329893 300 120
174 149.9999999994839 300 120
175 166.6666666660635 300 120
176 183.3333333330318 300 120
177 216.6666666664576 300 120
178 233.3333333329152 300 120
179 249.9999999993728 300 120
180 266.6666666661375 300 120
181 283.3333333330688 300 120
182 16.66666666659806 0 180
183 33.33333333318424 0 180
184 49.99999999982364 0 180
185 66.66666666648433 0 180
186 83.33333333324218 0 180
187 116.6666666664946 0 180
188 133.3333333329893 0 180
189 149.9999999994839 0 180
190 166.6666666660635 0 180
191 183.3333333330318 0 180
192 216.6666666664576 0 180
193 233.3333333329152 0 180
194 249.9999999993728 0 180
195 266.6666666661375 0 180
196 283.3333333330688 0 180
197 16.66666666659806 100 180
198 33.33333333318424 100 180
199 49.99999999982364 100 180
200 66.66666666648433 100 180
201 83.33333333324218 100 180
202 116.6666666664946 100 180
203 133.3333333329893 100 180
204 149.9999999994839 100 180
205 166.6666666660635 100 180
206 183.3333333330318 100 180
207 216.6666666664576 100 180
208 233.3333333329152 100 180
209 249.9999999993728 100 180
210 266.6666666661375 100 180
211 283.3333333330688 100 180
212 16.66666666659806 200 180
213 33.33333333318424 200 180
214 49.99999999982364 200 180
215 66.66666666648433 200 180
216 83.33333333324218 200 180
217 116.6666666664946 200 180
218 133.3333333329893 200 180
219 149.9999999994839 200 180
220 166.6666666660635 200 180
221 183.3333333330318 200 180
222 216.6666666664576 200 180
223 233.3333333329152 200 180
224 249.9999999993728 200 180
225 266.6666666661375 200 180
226 283.3333333330688 200 180
227 116.6666666664946 300 180
228 133.3333333329893 300 180
229 149.9999999994839 300 180
230 166.6666666660635 300 180
231 183.3333333330318 300 180
232 216.6666666664576 300 180
233 233.3333333329152 300 180
234 249.9999999993728 300 180
235 266.6666666661375 300 180
236 283.3333333330688 300 180
237 16.66666666659806 0 300
238 33.33333333318424 0 300
239 49.99999999982364 0 300
240 66.66666666648433 0 300
241 83.33333333324218 0 300
242 116.6666666664946 0 300
243 133.3333333329893 0 300
244 149.9999999994839 0 300
245 166.6666666660635 0 300
246 183.3333333330318 0 300
247 216.6666666664576 0 300
248 233.3333333329152 0 300
249 249.9999999993728 0 300
250 266.6666666661375 0 300
251 283.3333333330688 0 300
252 16.66666666659806 100 300
253 33.33333333318424 100 300
254 49.99999999982364 100 300
255 66.66666666648433 100 300
256 83.33333333324218 100 300
257 116.6666666664946 100 300
258 133.3333333329893 100 300
259 149.9999999994839 100 300
260 166.6666666660635 100 300
261 183.3333333330318 100 300
262 216.6666666664576 100 300
263 233.3333333329152 100 300
264 249.9999999993728 100 300
265 266.6666666661375 100 300
266 283.3333333330688 100 300
267 16.66666666659806 200 300
268 33.33333333318424 200 300
269 49.99999999982364 200 300
270 66.66666666648433 200 300
271 83.33333333324218 200 300
272 116.6666666664946 200 300
273 133.3333333329893 200 300
274 149.9999999994839 200 300
275 166.6666666660635 200 300
276 183.3333333330318 200 300
277 216.6666666664576 200 300
278 233.3333333329152 200 300
279 249.9999999993728 200 300
280 266.6666666661375 200 300
281 283.3333333330688 200 300
282 16.66666666659806 300 300
283 33.33333333318424 300 300
284 49.99999999982364 300 300
285 66.66666666648433 300 300
286 83.33333333324218 300 300
287 116.6666666664946 300 300
288 133.3333333329893 300 300
289 149.9999999994839 300 300
290 166.6666666660635 300 300
291 183.3333333330318 300 300
292 216.6666666664576 300 300
293 233.3333333329152 300 300
294 249.9999999993728 300 300
295 266.6666666661375 300 300
296 283.3333333330688 300 300
297 0 16.66666666659806 0
298 0 33.33333333318424 0
299 0 49.99999999982364 0
300 0 66.66666666648433 0
301 0 83.33333333324218 0
302 0 116.6666666664946 0
303 0 133.3333333329893 0
304 0 149.9999999994839 0
305 0 166.6666666660635 0
306 0 183.3333333330318 0
307 0 216.6666666664576 0
308 0 233.3333333329152 0
309 0 249.9999999993728 0
310 0 266.6666666661375 0
311 0 283.3333333330688 0
312 100 16.66666666659806 0
313 100 33.33333333318424 0
314 100 49.99999999982364 0
315 100 66.66666666648433 0
316 100 83.33333333324218 0
317 100 116.6666666664946 0
318 100 133.3333333329893 0
319 100 149.9999999994839 0
320 100 166.6666666660635 0
321 100 183.3333333330318 0
322 100 216.6666666664576 0
323 100 233.3333333329152 0
324 100 249.9999999993728 0
325 100 266.6666666661375 0
326 100 283.3333333330688 0
327 200 16.66666666659806 0
328 200 33.33333333318424 0
329 200 49.99999999982364 0
330 200 66.66666666648433 0
331 200 83.33333333324218 0
332 200 116.6666666664946 0
333 200 133.3333333329893 0
334 200 149.9999999994839 0
335 200 166.6666666660635 0
336 200 183.3333333330318 0
337 200 216.6666666664576 0
338 200 233.3333333329152 0
339 200 249.9999999993728 0
340 200 266.6666666661375 0
341 200 283.3333333330688 0
342 300 16.66666666659806 0
343 300 33.33333333318424 0
344 300 49.99999999982364 0
345 300 66.66666666648433 0
346 300 83.33333333324218 0
347 300 116.6666666664946 0
348 300 133.3333333329893 0
349 300 149.9999999994839 0
350 300 166.6666666660635 0
351 300 183.3333333330318 0
352 300 216.6666666664576 0
353 300 233.3333333329152 0
354 300 249.9999999993728 0
355 300 266.6666666661375 0
356 300 283.3333333330688 0
357 0 16.66666666659806 120
358 0 33.33333333318424 120
359 0 49.99999999982364 120
360 0 66.66666666648433 120
361 0 83.33333333324218 120
362 0 116.6666666664946 120
363 0 133.3333333329893 120
364 0 149.9999999994839 120
365 0 166.6666666660635 120
366 0 183.3333333330318 120
367 0 216.6666666664576 120
368 0 233.3333333329152 120
369 0 249.9999999993728 120
370 0 266.6666666661375 120
371 0 283.3333333330688 120
372 100 16.66666666659806 120
373 100 33.33333333318424 120
374 100 49.99999999982364 120
375 100 66.66666666648433 120
376 100 83.33333333324218 120
377 100 116.6666666664946 120
378 100 133.3333333329893 120
379 100 149.9999999994839 120
380 100 166.6666666660635 120
381 100 183.3333333330318 120
382 100 216.6666666664576 120
383 100 233.3333333329152 120
384 100 249.9999999993728 120
385 100 266.6666666661375 120
386 100 283.3333333330688 120
387 200 16.66666666659806 120
388 200 33.33333333318424 120
389 200 49.99999999982364 120
390 200 66.66666666648433 120
391 200 83.33333333324218 120
392 200 116.6666666664946 120
393 200 133.3333333329893 120
394 200 149.9999999994839 120
395 200 166.6666666660635 120
396 200 183.3333333330318 120
397 200 216.6666666664576 120
398 200 233.3333333329152 120
399 200 249.9999999993728 120
400 200 266.6666666661375 120
401 200 283.3333333330688 120
402 300 116.6666666664946 120
403 300 133.3333333329893 120
404 300 149.9999999994839 120
405 300 166.6666666660635 120
406 300 183.3333333330318 120
407 300 216.6666666664576 120
408 300 233.3333333329152 120
409 300 249.9999999993728 120
410 300 266.6666666661375 120
411 300 283.3333333330688 120
412 0 16.66666666659806 180
413 0 33.33333333318424 180
414 0 49.99999999982364 180
415 0 66.66666666648433 180
416 0 83.33333333324218 180
417 0 116.6666666664946 180
418 0 133.3333333329893 180
419 0 149.9999999994839 180
420 0 166.6666666660635 180
421 0 183.3333333330318 180
422 100 16.66666666659806 180
423 100 33.33333333318424 180
424 100 49.99999999982364 180
425 100 66.66666666648433 180
426 100 83.33333333324218 180
427 100 116.6666666664946 180
428 100 133.3333333329893 180
429 100 149.9999999994839 180
430 100 166.6666666660635 180
431 100 183.3333333330318 180
432 100 216.6666666664576 180
433 100 233.3333333329152 180
434 100 249.9999999993728 180
435 100 266.6666666661375 180
436 100 283.3333333330688 180
437 200 16.66666666659806 180
438 200 33.33333333318424 180
439 200 49.99999999982364 180
440 200 66.66666666648433 180
441 200 83.33333333324218 180
442 200 116.6666666664946 180
443 200 133.3333333329893 180
444 200 149.9999999994839 180
445 200 166.6666666660635 180
446 200 183.3333333330318 180
447 200 216.6666666664576 180
448 200 233.3333333329152 180
449 200 249.9999999993728 180
450 200 266.6666666661375 180
451 200 283.3333333330688 180
452 300 16.66666666659806 180
453 300 33.33333333318424 180
454 300 49.99999999982364 180
455 300 66.66666666648433 180
456 300 83.33333333324218 180
457 300 116.6666666664946 180
458 300 133.3333333329893 180
459 300 149.9999999994839 180
460 300 166.6666666660635 180
461 300 183.3333333330318 180
462 300 216.6666666664576 180
463 300 233.3333333329152 180
464 300 249.9999999993728 180
465 300 266.6666666661375 180
466 300 283.3333333330688 180
467 0 16.66666666659806 300
468 0 33.33333333318424 300
469 0 49.99999999982364 300
470 0 66.66666666648433 300
471 0 83.33333333324218 300
472 0 116.6666666664946 300
473 0 133.3333333329893 300
474 0 149.9999999994839 300
475 0 166.6666666660635 300
476 0 183.3333333330318 300
477 0 216.6666666664576 300
478 0 233.3333333329152 300
479 0 249.9999999993728 300
480 0 266.6666666661375 300
481 0 283.3333333330688 300
482 100 16.66666666659806 300
483 100 33.33333333318424 300
484 100 49.99999999982364 300
485 100 66.66666666648433 300
486 100 83.33333333324218 300
487 100 116.6666666664946 300
488 100 133.3333333329893 300
489 100 149.9999999994839 300
490 100 166.6666666660635 300
491 100 183.3333333330318 300
492 100 216.6666666664576 300
493 100 233.3333333329152 300
494 100 249.9999999993728 300
495 100 266.6666666661375 300
496 100 283.3333333330688 300
497 200 16.66666666659806 300
498 200 33.33333333318424 300
499 200 49.99999999982364 300
500 200 66.66666666648433 300
501 200 83.33333333324218 300
502 200 116.6666666664946 300
503 200 133.3333333329893 300
504 200 149.9999999994839 300
505 200 166.6666666660635 300
506 200 183.3333333330318 300
507 200 216.6666666664576 300
508 200 233.3333333329152 300
509 200 249.9999999993728 300
510 200 266.6666666661375 300
511 200 283.3333333330688 300
512 300 16.66666666659806 300
513 300 33.33333333318424 300
514 300 49.99999999982364 300
515 300 66.66666666648433 300
516 300 83.33333333324218 300
517 300 116.6666666664946 300
518 300 133.3333333329893 300
519 300 149.9999999994839 300
520 300 166.6666666660635 300
521 300 183.3333333330318 300
522 300 216.6666666664576 300
523 300 233.3333333329152 300
524 300 249.9999999993728 300
525 300 266.6666666661375 300
526 300 283.3333333330688 300
527 216.6666666664576 0 119.9166666666677
528 233.3333333329152 0 119.8333333333354
529 249.9999999993728 0 119.7500000000031
530 266.6666666661375 0 119.6666666666693
531 283.3333333330688 0 119.5833333333347
532 216.6666666664576 0 120.0833333333323
533 233.3333333329152 0 120.1666666666646
534 249.9999999993728 0 120.2499999999969
535 266.6666666661375 0 120.3333333333307
536 283.3333333330688 0 120.4166666666653
537 300 16.66666666659808 119.583333333333
538 300 33.33333333318429 119.6666666666659
539 300 49.99999999982367 119.7499999999991
540 300 66.66666666648436 119.8333333333324
541 300 83.33333333324219 119.9166666666662
542 300 16.66666666659808 120.416666666667
543 300 33.33333333318429 120.3333333333341
544 300 49.99999999982367 120.2500000000009
545 300 66.66666666648436 120.1666666666676
546 300 83.33333333324219 120.0833333333338
547 0 216.6666666664576 179.9166666666677
548 0 233.3333333329152 179.8333333333354
549 0 249.9999999993728 179.7500000000031
550 0 266.6666666661375 179.6666666666693
551 0 283.3333333330688 179.5833333333347
552 0 216.6666666664576 180.0833333333323
553 0 233.3333333329152 180.1666666666646
554 0 249.9999999993728 180.2499999999969
555 0 266.6666666661375 180.3333333333307
556 0 283.3333333330688 180.4166666666653
557 16.66666666659806 300 179.583333333333
558 33.33333333318424 300 179.6666666666659
559 49.99999999982365 300 179.7499999999991
560 66.66666666648433 300 179.8333333333324
561 83.33333333324217 300 179.9166666666662
562 16.66666666659806 300 180.416666666667
563 33.33333333318424 300 180.3333333333341
564 49.99999999982365 300 180.2500000000009
565 66.66666666648433 300 180.1666666666676
566 83.33333333324217 300 180.0833333333338
567 0 0 17.14285714285511
568 0 0 34.28571428569089
569 0 0 51.42857142848169
570 0 0 68.57142857132322
571 0 0 85.71428571421548
572 0 0 102.8571428571077
573 100 0 17.14285714285511
574 100 0 34.28571428569089
575 100 0 51.42857142848169
576 100 0 68.57142857132322
577 100 0 85.71428571421548
578 100 0 102.8571428571077
579 200 0 17.14285714285511
580 200 0 34.28571428569089
581 200 0 51.42857142848169
582 200 0 68.57142857132322
583 200 0 85.71428571421548
584 200 0 102.8571428571077
585 300 0 17.07142857141287
586 300 0 34.14285714278487
587 300 0 51.21428571415682
588 300 0 68.28571428557953
589 300 0 85.35714285705302
590 300 0 102.4285714285265
591 0 100 17.14285714285511
592 0 100 34.28571428569089
593 0 100 51.42857142848169
594 0 100 68.57142857132322
595 0 100 85.71428571421548
596 0 100 102.8571428571077
597 100 100 17.14285714285511
598 100 100 34.28571428569089
599 100 100 51.42857142848169
600 100 100 68.57142857132322
601 100 100 85.71428571421548
602 100 100 102.8571428571077
603 200 100 17.14285714285511
604 200 100 34.28571428569089
605 200 100 51.42857142848169
606 200 100 68.57142857132322
607 200 100 85.71428571421548
608 200 100 102.8571428571077
609 300 100 17.14285714285511
610 300 100 34.28571428569089
611 300 100 51.42857142848169
612 300 100 68.57142857132322
613 300 100 85.71428571421548
614 300 100 102.8571428571077
615 0 200 17.14285714285511
616 0 200 34.28571428569089
617 0 200 51.42857142848169
618 0 200 68.57142857132322
619 0 200 85.71428571421548
620 0 200 102.8571428571077
621 100 200 17.14285714285511
622 100 200 34.28571428569089
623 100 200 51.42857142848169
624 100 200 68.57142857132322
625 100 200 85.71428571421548
626 100 200 102.8571428571077
627 200 200 17.14285714285511
628 200 200 34.28571428569089
629 200 200 51.42857142848169
630 200 200 68.57142857132322
631 200 200 85.71428571421548
632 200 200 102.8571428571077
633 300 200 17.14285714285511
634 300 200 34.28571428569089
635 300 200 51.42857142848169
636 300 200 68.57142857132322
637 300 200 85.71428571421548
638 300 200 102.8571428571077
639 0 300 17.14285714285511
640 0 300 34.28571428569089
641 0 300 51.42857142848169
642 0 300 68.57142857132322
643 0 300 85.71428571421548
644 0 300 102.8571428571077
645 100 300 17.14285714285511
646 100 300 34.28571428569089
647 100 300 51.42857142848169
648 100 300 68.57142857132322
649 100 300 85.71428571421548
650 100 300 102.8571428571077
651 200 300 17.14285714285511
652 200 300 34.28571428569089
653 200 300 51.42857142848169
654 200 300 68.57142857132322
655 200 300 85.71428571421548
656 200 300 102.8571428571077
657 300 300 17.14285714285511
658 300 300 34.28571428569089
659 300 300 51.42857142848169
660 300 300 68.57142857132322
661 300 300 85.71428571421548
662 300 300 102.8571428571077
663 0 0 139.9999999998705
664 0 0 159.9999999999352
665 100 0 139.9999999998705
666 100 0 159.9999999999352
667 200 0 139.9999999998705
668 200 0 159.9999999999352
669 300 0 140.3333333333333
670 300 0 160.1666666666667
671 0 100 139.9999999998705
672 0 100 159.9999999999352
673 100 100 139.9999999998705
674 100 100 159.9999999999352
675 200 100 139.9999999998705
676 200 100 159.9999999999352
677 300 100 139.9999999998705
678 300 100 159.9999999999352
679 0 200 139.9999999998705
680 0 200 159.9999999999352
681 100 200 139.9999999998705
682 100 200 159.9999999999352
683 200 200 139.9999999998705
684 200 200 159.9999999999352
685 300 200 139.9999999998705
686 300 200 159.9999999999352
687 0 300 139.8333333333333
688 0 300 159.6666666666667
689 100 300 139.9999999998705
690 100 300 159.9999999999352
691 200 300 139.9999999998705
692 200 300 159.9999999999352
693 300 300 139.9999999998705
694 300 300 159.9999999999352
695 0 0 197.1428571426542
696 0 0 214.2857142853084
697 0 0 231.4285714279625
698 0 0 248.5714285708196
699 0 0 265.7142857138797
700 0 0 282.8571428569398
701 100 0 197.1428571426542
702 100 0 214.2857142853084
703 100 0 231.4285714279625
704 100 0 248.5714285708196
705 100 0 265.7142857138797
706 100 0 282.8571428569398
707 200 0 197.1428571426542
708 200 0 214.2857142853084
709 200 0 231.4285714279625
710 200 0 248.5714285708196
711 200 0 265.7142857138797
712 200 0 282.8571428569398
713 300 0 197.1428571426542
714 300 0 214.2857142853084
715 300 0 231.4285714279625
716 300 0 248.5714285708196
717 300 0 265.7142857138797
718 300 0 282.8571428569398
719 0 100 197.1428571426542
720 0 100 214.2857142853084
721 0 100 231.4285714279625
722 0 100 248.5714285708196
723 0 100 265.7142857138797
724 0 100 282.8571428569398
725 100 100 197.1428571426542
726 100 100 214.2857142853084
727 100 100 231.4285714279625
728 100 100 248.5714285708196
729 100 100 265.7142857138797
730 100 100 282.8571428569398
731 200 100 197.1428571426542
732 200 100 214.2857142853084
733 200 100 231.4285714279625
734 200 100 248.5714285708196
735 200 100 265.7142857138797
736 200 100 282.8571428569398
737 300 100 197.1428571426542
738 300 100 214.2857142853084
739 300 100 231.4285714279625
740 300 100 248.5714285708196
741 300 100 265.7142857138797
742 300 100 282.8571428569398
743 0 200 197.1428571426542
744 0 200 214.2857142853084
745 0 200 231.4285714279625
746 0 200 248.5714285708196
747 0 200 265.7142857138797
748 0 200 282.8571428569398
749 100 200 197.1428571426542
750 100 200 214.2857142853084
751 100 200 231.4285714279625
752 100 200 248.5714285708196
753 100 200 265.7142857138797
754 100 200 282.8571428569398
755 200 200 197.1428571426542
756 200 200 214.2857142853084
757 200 200 231.4285714279625
758 200 200 248.5714285708196
759 200 200 265.7142857138797
760 200 200 282.8571428569398
761 300 200 197.1428571426542
762 300 200 214.2857142853084
763 300 200 231.4285714279625
764 300 200 248.5714285708196
765 300 200 265.7142857138797
766 300 200 282.8571428569398
767 0 300 197.5714285714286
768 0 300 214.6428571428571
769 0 300 231.7142857142857
770 0 300 248.7857142857143
771 0 300 265.8571428571428
772 0 300 282.9285714285714
773 100 300 197.1428571426542
774 100 300 214.2857142853084
775 100 300 231.4285714279625
776 100 300 248.5714285708196
777 100 300 265.7142857138797
778 100 300 282.8571428569398
779 200 300 197.1428571426542
780 200 300 214.2857142853084
781 200 300 231.4285714279625
782 200 300 248.5714285708196
783 200 300 265.7142857138797
784 200 300 282.8571428569398
785 300 300 197.1428571426542
786 300 300 214.2857142853084
787 300 300 231.4285714279625
788 300 300 248.5714285708196
789 300 300 265.7142857138797
790 300 300 282.8571428569398
791 16.66666666661539 16.66666666661539 0
792 16.66666666662721 33.33333333323629 0
793 16.66666666663118 49.99999999988325 0
794 16.66666666662722 66.66666666655767 0
795 16.6666666666154 83.33333333327232 0
796 33.33333333323629 16.66666666662721 0
797 33.3333333332623 33.3333333332623 0
798 33.3333333332703 49.99999999991542 0
799 33.33333333326231 66.66666666659076 0
800 33.3333333332363 83.33333333328947 0
801 49.99999999988325 16.66666666663118 0
802 49.99999999991542 33.3333333332703 0
803 49.99999999992539 49.99999999992539 0
804 49.99999999991542 66.66666666660043 0
805 49.99999999988326 83.33333333329485 0
806 66.66666666655767 16.66666666662722 0
807 66.66666666659076 33.33333333326231 0
808 66.66666666660043 49.99999999991542 0
809 66.66666666659074 66.66666666659074 0
810 66.66666666655766 83.33333333328946 0
811 83.33333333327232 16.6666666666154 0
812 83.33333333328947 33.3333333332363 0
813 83.33333333329485 49.99999999988326 0
814 83.33333333328946 66.66666666655766 0
815 83.33333333327232 83.33333333327232 0
816 116.666666666534 16.6666666666154 0
817 116.6666666665605 33.3333333332363 0
818 116.6666666665697 49.99999999988326 0
819 116.6666666665605 66.66666666655767 0
820 116.666666666534 83.33333333327232 0
821 133.3333333330807 16.66666666662723 0
822 133.3333333331385 33.33333333326232 0
823 133.3333333331577 49.99999999991545 0
824 133.3333333331385 66.66666666659077 0
825 133.3333333330807 83.3333333332895 0
826 149.9999999996612 16.66666666663119 0
827 149.999999999755 33.33333333327032 0
828 149.9999999997839 49.9999999999254 0
829 149.999999999755 66.66666666660045 0
830 149.9999999996611 83.33333333329486 0
831 166.6666666663249 16.66666666662723 0
832 166.6666666664364 33.33333333326232 0
833 166.6666666664682 49.99999999991544 0
834 166.6666666664365 66.66666666659076 0
835 166.666666666325 83.3333333332895 0
836 183.3333333331386 16.6666666666154 0
837 183.3333333331977 33.3333333332363 0
838 183.333333333216 49.99999999988327 0
839 183.3333333331978 66.66666666655767 0
840 183.3333333331387 83.33333333327234 0
841 216.6666666665109 16.6666666666154 0
842 216.6666666665457 33.33333333323631 0
843 216.6666666665575 49.99999999988328 0
844 216.6666666665457 66.66666666655767 0
845 216.6666666665109 83.33333333327235 0
846 233.3333333330403 16.66666666662723 0
847 233.3333333331145 33.33333333326232 0
848 233.3333333331383 49.99999999991544 0
849 233.3333333331145 66.66666666659076 0
850 233.3333333330403 83.33333333328949 0
851 249.9999999996205 16.66666666663119 0
852 249.9999999997337 33.33333333327031 0
853 249.9999999997669 49.99999999992541 0
854 249.9999999997337 66.66666666660046 0
855 249.9999999996205 83.33333333329486 0
856 266.6666666663354 16.66666666662723 0
857 266.6666666664327 33.33333333326232 0
858 266.6666666664619 49.99999999991545 0
859 266.6666666664327 66.66666666659077 0
860 266.6666666663355 83.3333333332895 0
861 283.333333333151 16.6666666666154 0
862 283.3333333331997 33.3333333332363 0
863 283.3333333332154 49.99999999988327 0
864 283.3333333331997 66.66666666655769 0
865 283.333333333151 83.33333333327235 0
866 16.6666666666154 116.666666666534 0
867 16.66666666662723 133.3333333330807 0
868 16.66666666663119 149.9999999996612 0
869 16.66666666662723 166.6666666663249 0
870 16.6666666666154 183.3333333331386 0
871 33.3333333332363 116.6666666665605 0
872 33.33333333326232 133.3333333331385 0
873 33.3333333332703 149.999999999755 0
874 33.33333333326231 166.6666666664364 0
875 33.3333333332363 183.3333333331978 0
876 49.99999999988326 116.6666666665697 0
877 49.99999999991544 133.3333333331577 0
878 49.99999999992539 149.999999999784 0
879 49.99999999991543 166.6666666664682 0
880 49.99999999988326 183.333333333216 0
881 66.66666666655767 116.6666666665605 0
882 66.66666666659076 133.3333333331385 0
883 66.66666666660045 149.999999999755 0
884 66.66666666659076 166.6666666664365 0
885 66.66666666655766 183.3333333331977 0
886 83.33333333327232 116.666666666534 0
887 83.33333333328949 133.3333333330807 0
888 83.33333333329485 149.9999999996611 0
889 83.33333333328949 166.666666666325 0
890 83.33333333327234 183.3333333331386 0
891 116.666666666534 116.666666666534 0
892 116.6666666665605 133.3333333330807 0
893 116.6666666665697 149.9999999996612 0
894 116.6666666665606 166.666666666325 0
895 116.666666666534 183.3333333331387 0
896 133.3333333330807 116.6666666665605 0
897 133.3333333331385 133.3333333331385 0
898 133.3333333331576 149.9999999997551 0
899 133.3333333331385 166.6666666664365 0
900 133.3333333330807 183.3333333331978 0
901 149.9999999996612 116.6666666665697 0
902 149.9999999997551 133.3333333331576 0
903 149.999999999784 149.999999999784 0
904 149.999999999755 166.6666666664682 0
905 149.9999999996612 183.333333333216 0
906 166.666666666325 116.6666666665606 0
907 166.6666666664365 133.3333333331385 0
908 166.6666666664682 149.999999999755 0
909 166.6666666664365 166.6666666664365 0
910 166.6666666663249 183.3333333331978 0
911 183.3333333331387 116.666666666534 0
912 183.3333333331978 133.3333333330807 0
913 183.333333333216 149.9999999996612 0
914 183.3333333331978 166.6666666663249 0
915 183.3333333331386 183.3333333331386 0
916 216.6666666665109 116.666666666534 0
917 216.6666666665457 133.3333333330807 0
918 216.6666666665574 149.9999999996611 0
919 216.6666666665457 166.6666666663249 0
920 216.6666666665109 183.3333333331386 0
921 233.3333333330403 116.6666666665605 0
922 233.3333333331144 133.3333333331385 0
923 233.3333333331383 149.999999999755 0
924 233.3333333331145 166.6666666664365 0
925 233.3333333330403 183.3333333331977 0
926 249.9999999996205 116.6666666665697 0
927 249.9999999997335 133.3333333331576 0
928 249.9999999997668 149.9999999997839 0
929 249.9999999997336 166.6666666664682 0
930 249.9999999996205 183.3333333332159 0
931 266.6666666663354 116.6666666665605 0
932 266.6666666664327 133.3333333331385 0
933 266.6666666664619 149.999999999755 0
934 266.6666666664327 166.6666666664365 0
935 266.6666666663354 183.3333333331978 0
936 283.333333333151 116.666666666534 0
937 283.3333333331998 133.3333333330807 0
938 283.3333333332154 149.9999999996612 0
939 283.3333333331997 166.6666666663249 0
940 283.333333333151 183.3333333331386 0
941 16.6666666666154 216.6666666665109 0
942 16.66666666662723 233.3333333330403 0
943 16.66666666663119 249.9999999996205 0
944 16.66666666662723 266.6666666663354 0
945 16.6666666666154 283.333333333151 0
946 33.3333333332363 216.6666666665457 0
947 33.33333333326232 233.3333333331145 0
948 33.3333333332703 249.9999999997337 0
949 33.33333333326232 266.6666666664327 0
950 33.3333333332363 283.3333333331997 0
951 49.99999999988326 216.6666666665575 0
952 49.99999999991544 233.3333333331383 0
953 49.9999999999254 249.9999999997668 0
954 49.99999999991543 266.6666666664618 0
955 49.99999999988325 283.3333333332153 0
956 66.66666666655767 216.6666666665458 0
957 66.66666666659077 233.3333333331145 0
958 66.66666666660043 249.9999999997336 0
959 66.66666666659074 266.6666666664327 0
960 66.66666666655766 283.3333333331997 0
961 83.33333333327234 216.6666666665109 0
962 83.3333333332895 233.3333333330403 0
963 83.33333333329486 249.9999999996206 0
964 83.3333333332895 266.6666666663355 0
965 83.33333333327234 283.333333333151 0
966 116.6666666665339 216.6666666665108 0
967 116.6666666665605 233.3333333330403 0
968 116.6666666665697 249.9999999996205 0
969 116.6666666665605 266.6666666663355 0
970 116.666666666534 283.333333333151 0
971 133.3333333330807 216.6666666665457 0
972 133.3333333331385 233.3333333331145 0
973 133.3333333331577 249.9999999997336 0
974 133.3333333331385 266.6666666664327 0
975 133.3333333330807 283.3333333331998 0
976 149.9999999996611 216.6666666665574 0
977 149.999999999755 233.3333333331383 0
978 149.999999999784 249.9999999997669 0
979 149.999999999755 266.6666666664619 0
980 149.9999999996612 283.3333333332154 0
981 166.6666666663249 216.6666666665457 0
982 166.6666666664365 233.3333333331145 0
983 166.6666666664682 249.9999999997336 0
984 166.6666666664365 266.6666666664327 0
985 166.6666666663249 283.3333333331997 0
986 183.3333333331386 216.6666666665108 0
987 183.3333333331977 233.3333333330403 0
988 183.333333333216 249.9999999996205 0
989 183.3333333331978 266.6666666663354 0
990 183.3333333331386 283.333333333151 0
991 216.6666666665109 216.6666666665109 0
992 216.6666666665457 233.3333333330403 0
993 216.6666666665575 249.9999999996206 0
994 216.6666666665458 266.6666666663355 0
995 216.6666666665109 283.333333333151 0
996 233.3333333330403 216.6666666665457 0
997 233.3333333331145 233.3333333331145 0
998 233.3333333331384 249.9999999997337 0
999 233.3333333331146 266.6666666664327 0
1000 233.3333333330403 283.3333333331998 0
1001 249.9999999996206 216.6666666665575 0
1002 249.9999999997337 233.3333333331384 0
1003 249.9999999997669 249.9999999997669 0
1004 249.9999999997337 266.6666666664619 0
1005 249.9999999996206 283.3333333332154 0
1006 266.6666666663355 216.6666666665458 0
1007 266.6666666664327 233.3333333331145 0
1008 266.6666666664619 249.9999999997337 0
1009 266.6666666664327 266.6666666664327 0
1010 266.6666666663355 283.3333333331997 0
1011 283.333333333151 216.6666666665109 0
1012 283.3333333331998 233.3333333330403 0
1013 283.3333333332154 249.9999999996205 0
1014 283.3333333331998 266.6666666663355 0
1015 283.333333333151 283.333333333151 0
1016 16.66666666661539 16.66666666661539 120
1017 16.66666666662721 33.33333333323629 120
1018 16.66666666663118 49.99999999988325 120
1019 16.66666666662722 66.66666666655767 120
1020 16.6666666666154 83.33333333327232 120
1021 33.33333333323629 16.66666666662721 120
1022 33.3333333332623 33.3333333332623 120
1023 33.3333333332703 49.99999999991542 120
1024 33.33333333326231 66.66666666659076 120
1025 33.3333333332363 83.33333333328947 120
1026 49.99999999988325 16.66666666663118 120
1027 49.99999999991542 33.3333333332703 120
1028 49.99999999992539 49.99999999992539 120
1029 49.99999999991542 66.66666666660043 120
1030 49.99999999988326 83.33333333329485 120
1031 66.66666666655767 16.66666666662722 120
1032 66.66666666659076 33.33333333326231 120
1033 66.66666666660043 49.99999999991542 120
1034 66.66666666659074 66.66666666659074 120
1035 66.66666666655766 83.33333333328946 120
1036 83.33333333327232 16.6666666666154 120
1037 83.33333333328947 33.3333333332363 120
1038 83.33333333329485 49.99999999988326 120
1039 83.33333333328946 66.66666666655766 120
1040 83.33333333327232 83.33333333327232 120
1041 116.666666666534 16.6666666666154 120
1042 116.6666666665605 33.3333333332363 120
1043 116.6666666665697 49.99999999988326 120
1044 116.6666666665605 66.66666666655767 120
1045 116.666666666534 83.33333333327232 120
1046 133.3333333330807 16.66666666662723 120
1047 133.3333333331385 33.33333333326232 120
1048 133.3333333331577 49.99999999991545 120
1049 133.3333333331385 66.66666666659077 120
1050 133.3333333330807 83.3333333332895 120
1051 149.9999999996612 16.66666666663119 120
1052 149.999999999755 33.33333333327032 120
1053 149.9999999997839 49.9999999999254 120
1054 149.999999999755 66.66666666660045 120
1055 149.9999999996611 83.33333333329486 120
1056 166.6666666663249 16.66666666662723 120
1057 166.6666666664364 33.33333333326232 120
1058 166.6666666664682 49.99999999991544 120
1059 166.6666666664365 66.66666666659076 120
1060 166.666666666325 83.3333333332895 120
1061 183.3333333331386 16.6666666666154 120
1062 183.3333333331977 33.3333333332363 120
1063 183.333333333216 49.99999999988327 120
1064 183.3333333331978 66.66666666655767 120
1065 183.3333333331387 83.33333333327234 120
1066 16.6666666666154 116.666666666534 120
1067 16.66666666662723 133.3333333330807 120
1068 16.66666666663119 149.9999999996612 120
1069 16.66666666662723 166.6666666663249 120
1070 16.6666666666154 183.3333333331386 120
1071 33.3333333332363 116.6666666665605 120
1072 33.33333333326232 133.3333333331385 120
1073 33.3333333332703 149.999999999755 120
1074 33.33333333326231 166.6666666664364 120
1075 33.3333333332363 183.3333333331978 120
1076 49.99999999988326 116.6666666665697 120
1077 49.99999999991544 133.3333333331577 120
1078 49.99999999992539 149.999999999784 120
1079 49.99999999991543 166.6666666664682 120
1080 49.99999999988326 183.333333333216 120
1081 66.66666666655767 116.6666666665605 120
1082 66.66666666659076 133.3333333331385 120
1083 66.66666666660045 149.999999999755 120
1084 66.66666666659076 166.6666666664365 120
1085 66.66666666655766 183.3333333331977 120
1086 83.33333333327232 116.666666666534 120
1087 83.33333333328949 133.3333333330807 120
1088 83.33333333329485 149.9999999996611 120
1089 83.33333333328949 166.666666666325 120
1090 83.33333333327234 183.3333333331386 120
1091 116.666666666534 116.666666666534 120
1092 116.6666666665605 133.3333333330807 120
1093 116.6666666665697 149.9999999996612 120
1094 116.6666666665606 166.666666666325 120
1095 116.666666666534 183.3333333331387 120
1096 133.3333333330807 116.6666666665605 120
1097 133.3333333331385 133.3333333331385 120
1098 133.3333333331576 149.9999999997551 120
1099 133.3333333331385 166.6666666664365 120
1100 133.3333333330807 183.3333333331978 120
1101 149.9999999996612 116.6666666665697 120
1102 149.9999999997551 133.3333333331576 120
1103 149.999999999784 149.999999999784 120
1104 149.999999999755 166.6666666664682 120
1105 149.9999999996612 183.333333333216 120
1106 166.666666666325 116.6666666665606 120
1107 166.6666666664365 133.3333333331385 120
1108 166.6666666664682 149.999999999755 120
1109 166.6666666664365 166.6666666664365 120
1110 166.6666666663249 183.3333333331978 120
1111 183.3333333331387 116.666666666534 120
1112 183.3333333331978 133.3333333330807 120
1113 183.333333333216 149.9999999996612 120
1114 183.3333333331978 166.6666666663249 120
1115 183.3333333331386 183.3333333331386 120
1116 216.6666666665109 116.666666666534 120
1117 216.6666666665457 133.3333333330807 120
1118 216.6666666665574 149.9999999996611 120
1119 216.6666666665457 166.6666666663249 120
1120 216.6666666665109 183.3333333331386 120
1121 233.3333333330403 116.6666666665605 120
1122 233.3333333331144 133.3333333331385 120
1123 233.3333333331383 149.999999999755 120
1124 233.3333333331145 166.6666666664365 120
1125 233.3333333330403 183.3333333331977 120
1126 249.9999999996205 116.6666666665697 120
1127 249.9999999997335 133.3333333331576 120
1128 249.9999999997668 149.9999999997839 120
1129 249.9999999997336 166.6666666664682 120
1130 249.9999999996205 183.3333333332159 120
1131 266.6666666663354 116.6666666665605 120
1132 266.6666666664327 133.3333333331385 120
1133 266.6666666664619 149.999999999755 120
1134 266.6666666664327 166.6666666664365 120
1135 266.6666666663354 183.3333333331978 120
1136 283.333333333151 116.666666666534 120
1137 283.3333333331998 133.3333333330807 120
1138 283.3333333332154 149.9999999996612 120
1139 283.3333333331997 166.6666666663249 120
1140 283.333333333151 183.3333333331386 120
1141 16.6666666666154 216.6666666665109 120
1142 16.66666666662723 233.3333333330403 120
1143 16.66666666663119 249.9999999996205 120
1144 16.66666666662723 266.6666666663354 120
1145 16.6666666666154 283.333333333151 120
1146 33.3333333332363 216.6666666665457 120
1147 33.33333333326232 233.3333333331145 120
1148 33.3333333332703 249.9999999997337 120
1149 33.33333333326232 266.6666666664327 120
1150 33.3333333332363 283.3333333331997 120
1151 49.99999999988326 216.6666666665575 120
1152 49.99999999991544 233.3333333331383 120
1153 49.9999999999254 249.9999999997668 120
1154 49.99999999991543 266.6666666664618 120
1155 49.99999999988325 283.3333333332153 120
1156 66.66666666655767 216.6666666665458 120
1157 66.66666666659077 233.3333333331145 120
1158 66.66666666660043 249.9999999997336 120
1159 66.66666666659074 266.6666666664327 120
1160 66.66666666655766 283.3333333331997 120
1161 83.33333333327234 216.6666666665109 120
1162 83.3333333332895 233.3333333330403 120
1163 83.33333333329486 249.9999999996206 120
1164 83.3333333332895 266.6666666663355 120
1165 83.33333333327234 283.333333333151 120
1166 116.6666666665339 216.6666666665108 120
1167 116.6666666665605 233.3333333330403 120
1168 116.6666666665697 249.9999999996205 120
1169 116.6666666665605 266.6666666663355 120
1170 116.666666666534 283.333333333151 120
1171 133.3333333330807 216.6666666665457 120
1172 133.3333333331385 233.3333333331145 120
1173 133.3333333331577 249.9999999997336 120
1174 133.3333333331385 266.6666666664327 120
1175 133.3333333330807 283.3333333331998 120
1176 149.9999999996611 216.6666666665574 120
1177 149.999999999755 233.3333333331383 120
1178 149.999999999784 249.9999999997669 120
1179 149.999999999755 266.6666666664619 120
1180 149.9999999996612 283.3333333332154 120
1181 166.6666666663249 216.6666666665457 120
1182 166.6666666664365 233.3333333331145 120
1183 166.6666666664682 249.9999999997336 120
1184 166.6666666664365 266.6666666664327 120
1185 166.6666666663249 283.3333333331997 120
1186 183.3333333331386 216.6666666665108 120
1187 183.3333333331977 233.3333333330403 120
1188 183.333333333216 249.9999999996205 120
1189 183.3333333331978 266.6666666663354 120
1190 183.3333333331386 283.333333333151 120
1191 216.6666666665109 216.6666666665109 120
1192 216.6666666665457 233.3333333330403 120
1193 216.6666666665575 249.9999999996206 120
1194 216.6666666665458 266.6666666663355 120
1195 216.6666666665109 283.333333333151 120
1196 233.3333333330403 216.6666666665457 120
1197 233.3333333331145 233.3333333331145 120
1198 233.3333333331384 249.9999999997337 120
1199 233.3333333331146 266.6666666664327 120
1200 233.3333333330403 283.3333333331998 120
1201 249.9999999996206 216.6666666665575 120
1202 249.9999999997337 233.3333333331384 120
1203 249.9999999997669 249.9999999997669 120
1204 249.9999999997337 266.6666666664619 120
1205 249.9999999996206 283.3333333332154 120
1206 266.6666666663355 216.6666666665458 120
1207 266.6666666664327 233.3333333331145 120
1208 266.6666666664619 249.9999999997337 120
1209 266.6666666664327 266.6666666664327 120
1210 266.6666666663355 283.3333333331997 120
1211 283.333333333151 216.6666666665109 120
1212 283.3333333331998 233.3333333330403 120
1213 283.3333333332154 249.9999999996205 120
1214 283.3333333331998 266.6666666663355 120
1215 283.333333333151 283.333333333151 120
1216 216.6666666665109 16.66666666661541 119.9305555555562
1217 216.6666666665457 33.33333333323632 119.9444444444447
1218 216.6666666665574 49.99999999988327 119.9583333333335
1219 216.6666666665457 66.66666666655769 119.9722222222224
1220 216.6666666665109 83.33333333327234 119.9861111111112
1221 233.3333333330402 16.66666666662723 119.8611111111123
1222 233.3333333331145 33.33333333326232 119.8888888888895
1223 233.3333333331383 49.99999999991542 119.916666666667
1224 233.3333333331144 66.66666666659077 119.9444444444447
1225 233.3333333330403 83.33333333328949 119.9722222222224
1226 249.9999999996206 16.66666666663119 119.7916666666682
1227 249.9999999997337 33.33333333327032 119.8333333333341
1228 249.9999999997669 49.99999999992541 119.8750000000004
1229 249.9999999997336 66.66666666660045 119.9166666666669
1230 249.9999999996205 83.33333333329486 119.9583333333336
1231 266.6666666663355 16.66666666662723 119.7222222222235
1232 266.6666666664327 33.33333333326232 119.7777777777783
1233 266.6666666664618 49.99999999991544 119.8333333333336
1234 266.6666666664327 66.66666666659076 119.888888888889
1235 266.6666666663355 83.33333333328949 119.9444444444446
1236 283.333333333151 16.66666666661541 119.6527777777783
1237 283.3333333331997 33.33333333323632 119.7222222222222
1238 283.3333333332154 49.99999999988328 119.7916666666665
1239 283.3333333331998 66.6666666665577 119.8611111111109
1240 283.333333333151 83.33333333327234 119.9305555555555
1241 216.6666666665109 16.66666666661541 120.0694444444438
1242 216.6666666665457 33.33333333323632 120.0555555555552
1243 216.6666666665574 49.99999999988327 120.0416666666665
1244 216.6666666665457 66.66666666655769 120.0277777777776
1245 216.6666666665109 83.33333333327234 120.0138888888888
1246 233.3333333330402 16.66666666662723 120.1388888888877
1247 233.3333333331145 33.33333333326232 120.1111111111105
1248 233.3333333331383 49.99999999991542 120.083333333333
1249 233.3333333331144 66.66666666659077 120.0555555555553
1250 233.3333333330403 83.33333333328949 120.0277777777776
1251 249.9999999996206 16.66666666663119 120.2083333333318
1252 249.9999999997337 33.33333333327032 120.1666666666659
1253 249.9999999997669 49.99999999992541 120.1249999999996
1254 249.9999999997336 66.66666666660045 120.083333333333
1255 249.9999999996205 83.33333333329486 120.0416666666665
1256 266.6666666663355 16.66666666662723 120.2777777777765
1257 266.6666666664327 33.33333333326232 120.2222222222217
1258 266.6666666664618 49.99999999991544 120.1666666666664
1259 266.6666666664327 66.66666666659076 120.111111111111
1260 266.6666666663355 83.33333333328949 120.0555555555554
1261 283.333333333151 16.66666666661541 120.3472222222217
1262 283.3333333331997 33.33333333323632 120.2777777777777
1263 283.3333333332154 49.99999999988328 120.2083333333335
1264 283.3333333331998 66.6666666665577 120.1388888888891
1265 283.333333333151 83.33333333327234 120.0694444444445
1266 16.66666666661539 16.66666666661539 180
1267 16.66666666662721 33.33333333323629 180
1268 16.66666666663118 49.99999999988325 180
1269 16.66666666662722 66.66666666655767 180
1270 16.6666666666154 83.33333333327232 180
1271 33.33333333323629 16.66666666662721 180
1272 33.3333333332623 33.3333333332623 180
1273 33.3333333332703 49.99999999991542 180
1274 33.33333333326231 66.66666666659076 180
1275 33.3333333332363 83.33333333328947 180
1276 49.99999999988325 16.66666666663118 180
1277 49.99999999991542 33.3333333332703 180
1278 49.99999999992539 49.99999999992539 180
1279 49.99999999991542 66.66666666660043 180
1280 49.99999999988326 83.33333333329485 180
1281 66.66666666655767 16.66666666662722 180
1282 66.66666666659076 33.33333333326231 180
1283 66.66666666660043 49.99999999991542 180
1284 66.66666666659074 66.66666666659074 180
1285 66.66666666655766 83.33333333328946 180
1286 83.33333333327232 16.6666666666154 180
1287 83.33333333328947 33.3333333332363 180
1288 83.33333333329485 49.99999999988326 180
1289 83.33333333328946 66.66666666655766 180
1290 83.33333333327232 83.33333333327232 180
1291 116.666666666534 16.6666666666154 180
1292 116.6666666665605 33.3333333332363 180
1293 116.6666666665697 49.99999999988326 180
1294 116.6666666665605 66.66666666655767 180
1295 116.666666666534 83.33333333327232 180
1296 133.3333333330807 16.66666666662723 180
1297 133.3333333331385 33.33333333326232 180
1298 133.3333333331577 49.99999999991545 180
1299 133.3333333331385 66.66666666659077 180
1300 133.3333333330807 83.3333333332895 180
1301 149.9999999996612 16.66666666663119 180
1302 149.999999999755 33.33333333327032 180
1303 149.9999999997839 49.9999999999254 180
1304 149.999999999755 66.66666666660045 180
1305 149.9999999996611 83.33333333329486 180
1306 166.6666666663249 16.66666666662723 180
1307 166.6666666664364 33.33333333326232 180
1308 166.6666666664682 49.99999999991544 180
1309 166.6666666664365 66.66666666659076 180
1310 166.666666666325 83.3333333332895 180
1311 183.3333333331386 16.6666666666154 180
1312 183.3333333331977 33.3333333332363 180
1313 183.333333333216 49.99999999988327 180
1314 183.3333333331978 66.66666666655767 180
1315 183.3333333331387 83.33333333327234 180
1316 216.6666666665109 16.6666666666154 180
1317 216.6666666665457 33.33333333323631 180
1318 216.6666666665575 49.99999999988328 180
1319 216.6666666665457 66.66666666655767 180
1320 216.6666666665109 83.33333333327235 180
1321 233.3333333330403 16.66666666662723 180
1322 233.3333333331145 33.33333333326232 180
1323 233.3333333331383 49.99999999991544 180
1324 233.3333333331145 66.66666666659076 180
1325 233.3333333330403 83.33333333328949 180
1326 249.9999999996205 16.66666666663119 180
1327 249.9999999997337 33.33333333327031 180
1328 249.9999999997669 49.99999999992541 180
1329 249.9999999997337 66.66666666660046 180
1330 249.9999999996205 83.33333333329486 180
1331 266.6666666663354 16.66666666662723 180
1332 266.6666666664327 33.33333333326232 180
1333 266.6666666664619 49.99999999991545 180
1334 266.6666666664327 66.66666666659077 180
1335 266.6666666663355 83.3333333332895 180
1336 283.333333333151 16.6666666666154 180
1337 283.3333333331997 33.3333333332363 180
1338 283.3333333332154 49.99999999988327 180
1339 283.3333333331997 66.66666666655769 180
1340 283.333333333151 83.33333333327235 180
1341 16.6666666666154 116.666666666534 180
1342 16.66666666662723 133.3333333330807 180
1343 16.66666666663119 149.9999999996612 180
1344 16.66666666662723 166.6666666663249 180
1345 16.6666666666154 183.3333333331386 180
1346 33.3333333332363 116.6666666665605 180
1347 33.33333333326232 133.3333333331385 180
1348 33.3333333332703 149.999999999755 180
1349 33.33333333326231 166.6666666664364 180
1350 33.3333333332363 183.3333333331978 180
1351 49.99999999988326 116.6666666665697 180
1352 49.99999999991544 133.3333333331577 180
1353 49.99999999992539 149.999999999784 180
1354 49.99999999991543 166.6666666664682 180
1355 49.99999999988326 183.333333333216 180
1356 66.66666666655767 116.6666666665605 180
1357 66.66666666659076 133.3333333331385 180
1358 66.66666666660045 149.999999999755 180
1359 66.66666666659076 166.6666666664365 180
1360 66.66666666655766 183.3333333331977 180
1361 83.33333333327232 116.666666666534 180
1362 83.33333333328949 133.3333333330807 180
1363 83.33333333329485 149.9999999996611 180
1364 83.33333333328949 166.666666666325 180
1365 83.33333333327234 183.3333333331386 180
1366 116.666666666534 116.666666666534 180
1367 116.6666666665605 133.3333333330807 180
1368 116.6666666665697 149.9999999996612 180
1369 116.6666666665606 166.666666666325 180
1370 116.666666666534 183.3333333331387 180
1371 133.3333333330807 116.6666666665605 180
1372 133.3333333331385 133.3333333331385 180
1373 133.3333333331576 149.9999999997551 180
1374 133.3333333331385 166.6666666664365 180
1375 133.3333333330807 183.3333333331978 180
1376 149.9999999996612 116.6666666665697 180
1377 149.9999999997551 133.3333333331576 180
1378 149.999999999784 149.999999999784 180
1379 149.999999999755 166.6666666664682 180
1380 149.9999999996612 183.333333333216 180
1381 166.666666666325 116.6666666665606 180
1382 166.6666666664365 133.3333333331385 180
1383 166.6666666664682 149.999999999755 180
1384 166.6666666664365 166.6666666664365 180
1385 166.6666666663249 183.3333333331978 180
1386 183.3333333331387 116.666666666534 180
1387 183.3333333331978 133.3333333330807 180
1388 183.333333333216 149.9999999996612 180
1389 183.3333333331978 166.6666666663249 180
1390 183.3333333331386 183.3333333331386 180
1391 216.6666666665109 116.666666666534 180
1392 216.6666666665457 133.3333333330807 180
1393 216.6666666665574 149.9999999996611 180
1394 216.6666666665457 166.6666666663249 180
1395 216.6666666665109 183.3333333331386 180
1396 233.3333333330403 116.6666666665605 180
1397 233.3333333331144 133.3333333331385 180
1398 233.3333333331383 149.999999999755 180
1399 233.3333333331145 166.6666666664365 180
1400 233.3333333330403 183.3333333331977 180
1401 249.9999999996205 116.6666666665697 180
1402 249.9999999997335 133.3333333331576 180
1403 249.9999999997668 149.9999999997839 180
1404 249.9999999997336 166.6666666664682 180
1405 249.9999999996205 183.3333333332159 180
1406 266.6666666663354 116.6666666665605 180
1407 266.6666666664327 133.3333333331385 180
1408 266.6666666664619 149.999999999755 180
1409 266.6666666664327 166.6666666664365 180
1410 266.6666666663354 183.3333333331978 180
1411 283.333333333151 116.666666666534 180
1412 283.3333333331998 133.3333333330807 180
1413 283.3333333332154 149.9999999996612 180
1414 283.3333333331997 166.6666666663249 180
1415 283.333333333151 183.3333333331386 180
1416 116.6666666665339 216.6666666665108 180
1417 116.6666666665605 233.3333333330403 180
1418 116.6666666665697 249.9999999996205 180
1419 116.6666666665605 266.6666666663355 180
1420 116.666666666534 283.333333333151 180
1421 133.3333333330807 216.6666666665457 180
1422 133.3333333331385 233.3333333331145 180
1423 133.3333333331577 249.9999999997336 180
1424 133.3333333331385 266.6666666664327 180
1425 133.3333333330807 283.3333333331998 180
1426 149.9999999996611 216.6666666665574 180
1427 149.999999999755 233.3333333331383 180
1428 149.999999999784 249.9999999997669 180
1429 149.999999999755 266.6666666664619 180
1430 149.9999999996612 283.3333333332154 180
1431 166.6666666663249 216.6666666665457 180
1432 166.6666666664365 233.3333333331145 180
1433 166.6666666664682 249.9999999997336 180
1434 166.6666666664365 266.6666666664327 180
1435 166.6666666663249 283.3333333331997 180
1436 183.3333333331386 216.6666666665108 180
1437 183.3333333331977 233.3333333330403 180
1438 183.333333333216 249.9999999996205 180
1439 183.3333333331978 266.6666666663354 180
1440 183.3333333331386 283.333333333151 180
1441 216.6666666665109 216.6666666665109 180
1442 216.6666666665457 233.3333333330403 180
1443 216.6666666665575 249.9999999996206 180
1444 216.6666666665458 266.6666666663355 180
1445 216.6666666665109 283.333333333151 180
1446 233.3333333330403 216.6666666665457 180
1447 233.3333333331145 233.3333333331145 180
1448 233.3333333331384 249.9999999997337 180
1449 233.3333333331146 266.6666666664327 180
1450 233.3333333330403 283.3333333331998 180
1451 249.9999999996206 216.6666666665575 180
1452 249.9999999997337 233.3333333331384 180
1453 249.9999999997669 249.9999999997669 180
1454 249.9999999997337 266.6666666664619 180
1455 249.9999999996206 283.3333333332154 180
1456 266.6666666663355 216.6666666665458 180
1457 266.6666666664327 233.3333333331145 180
1458 266.6666666664619 249.9999999997337 180
1459 266.6666666664327 266.6666666664327 180
1460 266.6666666663355 283.3333333331997 180
1461 283.333333333151 216.6666666665109 180
1462 283.3333333331998 233.3333333330403 180
1463 283.3333333332154 249.9999999996205 180
1464 283.3333333331998 266.6666666663355 180
1465 283.333333333151 283.333333333151 180
1466 16.6666666666154 216.6666666665109 179.9305555555562
1467 16.66666666662723 233.3333333330403 179.8611111111123
1468 16.66666666663118 249.9999999996205 179.7916666666682
1469 16.66666666662723 266.6666666663355 179.7222222222235
1470 16.66666666661541 283.3333333331511 179.6527777777784
1471 33.33333333323631 216.6666666665456 179.9444444444448
1472 33.33333333326232 233.3333333331145 179.8888888888895
1473 33.33333333327031 249.9999999997337 179.833333333334
1474 33.33333333326232 266.6666666664327 179.7777777777783
1475 33.3333333332363 283.3333333331998 179.7222222222223
1476 49.99999999988326 216.6666666665574 179.9583333333335
1477 49.99999999991544 233.3333333331384 179.916666666667
1478 49.99999999992541 249.9999999997669 179.8750000000004
1479 49.99999999991543 266.6666666664619 179.8333333333336
1480 49.99999999988327 283.3333333332154 179.7916666666665
1481 66.66666666655767 216.6666666665457 179.9722222222224
1482 66.66666666659076 233.3333333331144 179.9444444444447
1483 66.66666666660043 249.9999999997336 179.916666666667
1484 66.66666666659077 266.6666666664326 179.888888888889
1485 66.66666666655769 283.3333333331998 179.8611111111109
1486 83.33333333327231 216.6666666665109 179.9861111111112
1487 83.33333333328949 233.3333333330403 179.9722222222224
1488 83.33333333329485 249.9999999996205 179.9583333333335
1489 83.33333333328949 266.6666666663353 179.9444444444446
1490 83.33333333327234 283.333333333151 179.9305555555555
1491 16.6666666666154 216.6666666665109 180.0694444444439
1492 16.66666666662723 233.3333333330403 180.1388888888877
1493 16.66666666663118 249.9999999996205 180.2083333333318
1494 16.66666666662723 266.6666666663355 180.2777777777765
1495 16.66666666661541 283.3333333331511 180.3472222222217
1496 33.33333333323631 216.6666666665456 180.0555555555552
1497 33.33333333326232 233.3333333331145 180.1111111111105
1498 33.33333333327031 249.9999999997337 180.1666666666659
1499 33.33333333326232 266.6666666664327 180.2222222222217
1500 33.3333333332363 283.3333333331998 180.2777777777777
1501 49.99999999988326 216.6666666665574 180.0416666666665
1502 49.99999999991544 233.3333333331384 180.083333333333
1503 49.99999999992541 249.9999999997669 180.1249999999996
1504 49.99999999991543 266.6666666664619 180.1666666666665
1505 49.99999999988327 283.3333333332154 180.2083333333335
1506 66.66666666655767 216.6666666665457 180.0277777777777
1507 66.66666666659076 233.3333333331144 180.0555555555553
1508 66.66666666660043 249.9999999997336 180.083333333333
1509 66.66666666659077 266.6666666664326 180.111111111111
1510 66.66666666655769 283.3333333331998 180.1388888888892
1511 83.33333333327231 216.6666666665109 180.0138888888889
1512 83.33333333328949 233.3333333330403 180.0277777777776
1513 83.33333333329485 249.9999999996205 180.0416666666664
1514 83.33333333328949 266.6666666663353 180.0555555555554
1515 83.33333333327234 283.333333333151 180.0694444444446
1516 16.66666666661539 16.66666666661539 300
1517 16.66666666662721 33.33333333323629 300
1518 16.66666666663118 49.99999999988325 300
1519 16.66666666662722 66.66666666655767 300
1520 16.6666666666154 83.33333333327232 300
1521 33.33333333323629 16.66666666662721 300
1522 33.3333333332623 33.3333333332623 300
1523 33.3333333332703 49.99999999991542 300
1524 33.33333333326231 66.66666666659076 300
1525 33.3333333332363 83.33333333328947 300
1526 49.99999999988325 16.66666666663118 300
1527 49.99999999991542 33.3333333332703 300
1528 49.99999999992539 49.99999999992539 300
1529 49.99999999991542 66.66666666660043 300
1530 49.99999999988326 83.33333333329485 300
1531 66.66666666655767 16.66666666662722 300
1532 66.66666666659076 33.33333333326231 300
1533 66.66666666660043 49.99999999991542 300
1534 66.66666666659074 66.66666666659074 300
1535 66.66666666655766 83.33333333328946 300
1536 83.33333333327232 16.6666666666154 300
1537 83.33333333328947 33.3333333332363 300
1538 83.33333333329485 49.99999999988326 300
1539 83.33333333328946 66.66666666655766 300
1540 83.33333333327232 83.33333333327232 300
1541 116.666666666534 16.6666666666154 300
1542 116.6666666665605 33.3333333332363 300
1543 116.6666666665697 49.99999999988326 300
1544 116.6666666665605 66.66666666655767 300
1545 116.666666666534 83.33333333327232 300
1546 133.3333333330807 16.66666666662723 300
1547 133.3333333331385 33.33333333326232 300
1548 133.3333333331577 49.99999999991545 300
1549 133.3333333331385 66.66666666659077 300
1550 133.3333333330807 83.3333333332895 300
1551 149.9999999996612 16.66666666663119 300
1552 149.999999999755 33.33333333327032 300
1553 149.9999999997839 49.9999999999254 300
1554 149.999999999755 66.66666666660045 300
1555 149.9999999996611 83.33333333329486 300
1556 166.6666666663249 16.66666666662723 300
1557 166.6666666664364 33.33333333326232 300
1558 166.6666666664682 49.99999999991544 300
1559 166.6666666664365 66.66666666659076 300
1560 166.666666666325 83.3333333332895 300
1561 183.3333333331386 16.6666666666154 300
1562 183.3333333331977 33.3333333332363 300
1563 183.333333333216 49.99999999988327 300
1564 183.3333333331978 66.66666666655767 300
1565 183.3333333331387 83.33333333327234 300
1566 216.6666666665109 16.6666666666154 300
1567 216.6666666665457 33.33333333323631 300
1568 216.6666666665575 49.99999999988328 300
1569 216.6666666665457 66.66666666655767 300
1570 216.6666666665109 83.33333333327235 300
1571 233.3333333330403 16.66666666662723 300
1572 233.3333333331145 33.33333333326232 300
1573 233.3333333331383 49.99999999991544 300
1574 233.3333333331145 66.66666666659076 300
1575 233.3333333330403 83.33333333328949 300
1576 249.9999999996205 16.66666666663119 300
1577 249.9999999997337 33.33333333327031 300
1578 249.9999999997669 49.99999999992541 300
1579 249.9999999997337 66.66666666660046 300
1580 249.9999999996205 83.33333333329486 300
1581 266.6666666663354 16.66666666662723 300
1582 266.6666666664327 33.33333333326232 300
1583 266.6666666664619 49.99999999991545 300
1584 266.6666666664327 66.66666666659077 300
1585 266.6666666663355 83.3333333332895 300
1586 283.333333333151 16.6666666666154 300
1587 283.3333333331997 33.3333333332363 300
1588 283.3333333332154 49.99999999988327 300
1589 283.3333333331997 66.66666666655769 300
1590 283.333333333151 83.33333333327235 300
1591 16.6666666666154 116.666666666534 300
1592 16.66666666662723 133.3333333330807 300
1593 16.66666666663119 149.9999999996612 300
1594 16.66666666662723 166.6666666663249 300
1595 16.6666666666154 183.3333333331386 300
1596 33.3333333332363 116.6666666665605 300
1597 33.33333333326232 133.3333333331385 300
1598 33.3333333332703 149.999999999755 300
1599 33.33333333326231 166.6666666664364 300
1600 33.3333333332363 183.3333333331978 300
1601 49.99999999988326 116.6666666665697 300
1602 49.99999999991544 133.3333333331577 300
1603 49.99999999992539 149.999999999784 300
1604 49.99999999991543 166.6666666664682 300
1605 49.99999999988326 183.333333333216 300
1606 66.66666666655767 116.6666666665605 300
1607 66.66666666659076 133.3333333331385 300
1608 66.66666666660045 149.999999999755 300
1609 66.66666666659076 166.6666666664365 300
1610 66.66666666655766 183.3333333331977 300
1611 83.33333333327232 116.666666666534 300
1612 83.33333333328949 133.3333333330807 300
1613 83.33333333329485 149.9999999996611 300
1614 83.33333333328949 166.666666666325 300
1615 83.33333333327234 183.3333333331386 300
1616 116.666666666534 116.666666666534 300
1617 116.6666666665605 133.3333333330807 300
1618 116.6666666665697 149.9999999996612 300
1619 116.6666666665606 166.666666666325 300
1620 116.666666666534 183.3333333331387 300
1621 133.3333333330807 116.6666666665605 300
1622 133.3333333331385 133.3333333331385 300
1623 133.3333333331576 149.9999999997551 300
1624 133.3333333331385 166.6666666664365 300
1625 133.3333333330807 183.3333333331978 300
1626 149.9999999996612 116.6666666665697 300
1627 149.9999999997551 133.3333333331576 300
1628 149.999999999784 149.999999999784 300
1629 149.999999999755 166.6666666664682 300
1630 149.9999999996612 183.333333333216 300
1631 166.666666666325 116.6666666665606 300
1632 166.6666666664365 133.3333333331385 300
1633 166.6666666664682 149.999999999755 300
1634 166.6666666664365 166.6666666664365 300
1635 166.6666666663249 183.3333333331978 300
1636 183.3333333331387 116.666666666534 300
1637 183.3333333331978 133.3333333330807 300
1638 183.333333333216 149.9999999996612 300
1639 183.3333333331978 166.6666666663249 300
1640 183.3333333331386 183.3333333331386 300
1641 216.6666666665109 116.666666666534 300
1642 216.6666666665457 133.3333333330807 300
1643 216.6666666665574 149.9999999996611 300
1644 216.6666666665457 166.6666666663249 300
1645 216.6666666665109 183.3333333331386 300
1646 233.3333333330403 116.6666666665605 300
1647 233.3333333331144 133.3333333331385 300
1648 233.3333333331383 149.999999999755 300
1649 233.3333333331145 166.6666666664365 300
1650 233.3333333330403 183.3333333331977 300
1651 249.9999999996205 116.6666666665697 300
1652 249.9999999997335 133.3333333331576 300
1653 249.9999999997668 149.9999999997839 300
1654 249.9999999997336 166.6666666664682 300
1655 249.9999999996205 183.3333333332159 300
1656 266.6666666663354 116.6666666665605 300
1657 266.6666666664327 133.3333333331385 300
1658 266.6666666664619 149.999999999755 300
1659 266.6666666664327 166.6666666664365 300
1660 266.6666666663354 183.3333333331978 300
1661 283.333333333151 116.666666666534 300
1662 283.3333333331998 133.3333333330807 300
1663 283.3333333332154 149.9999999996612 300
1664 283.3333333331997 166.6666666663249 300
1665 283.333333333151 183.3333333331386 300
1666 16.6666666666154 216.6666666665109 300
1667 16.66666666662723 233.3333333330403 300
1668 16.66666666663119 249.9999999996205 300
1669 16.66666666662723 266.6666666663354 300
1670 16.6666666666154 283.333333333151 300
1671 33.3333333332363 216.6666666665457 300
1672 33.33333333326232 233.3333333331145 300
1673 33.3333333332703 249.9999999997337 300
1674 33.33333333326232 266.6666666664327 300
1675 33.3333333332363 283.3333333331997 300
1676 49.99999999988326 216.6666666665575 300
1677 49.99999999991544 233.3333333331383 300
1678 49.9999999999254 249.9999999997668 300
1679 49.99999999991543 266.6666666664618 300
1680 49.99999999988325 283.3333333332153 300
1681 66.66666666655767 216.6666666665458 300
1682 66.66666666659077 233.3333333331145 300
1683 66.66666666660043 249.9999999997336 300
1684 66.66666666659074 266.6666666664327 300
1685 66.66666666655766 283.3333333331997 300
1686 83.33333333327234 216.6666666665109 300
1687 83.3333333332895 233.3333333330403 300
1688 83.33333333329486 249.9999999996206 300
1689 83.3333333332895 266.6666666663355 300
1690 83.33333333327234 283.333333333151 300
1691 116.6666666665339 216.6666666665108 300
1692 116.6666666665605 233.3333333330403 300
1693 116.6666666665697 249.9999999996205 300
1694 116.6666666665605 266.6666666663355 300
1695 116.666666666534 283.333333333151 300
1696 133.3333333330807 216.6666666665457 300
1697 133.3333333331385 233.3333333331145 300
1698 133.3333333331577 249.9999999997336 300
1699 133.3333333331385 266.6666666664327 300
1700 133.3333333330807 283.3333333331998 300
1701 149.9999999996611 216.6666666665574 300
1702 149.999999999755 233.3333333331383 300
1703 149.999999999784 249.9999999997669 300
1704 149.999999999755 266.6666666664619 300
1705 149.9999999996612 283.3333333332154 300
1706 166.6666666663249 216.6666666665457 300
1707 166.6666666664365 233.3333333331145 300
1708 166.6666666664682 249.9999999997336 300
1709 166.6666666664365 266.6666666664327 300
1710 166.6666666663249 283.3333333331997 300
1711 183.3333333331386 216.6666666665108 300
1712 183.3333333331977 233.3333333330403 300
1713 183.333333333216 249.9999999996205 300
1714 183.3333333331978 266.6666666663354 300
1715 183.3333333331386 283.333333333151 300
1716 216.6666666665109 216.6666666665109 300
1717 216.6666666665457 233.3333333330403 300
1718 216.6666666665575 249.9999999996206 300
1719 216.6666666665458 266.6666666663355 300
1720 216.6666666665109 283.333333333151 300
1721 233.3333333330403 216.6666666665457 300
1722 233.3333333331145 233.3333333331145 300
1723 233.3333333331384 249.9999999997337 300
1724 233.3333333331146 266.6666666664327 300
1725 233.3333333330403 283.3333333331998 300
1726 249.9999999996206 216.6666666665575 300
1727 249.9999999997337 233.3333333331384 300
1728 249.9999999997669 249.9999999997669 300
1729 249.9999999997337 266.6666666664619 300
1730 249.9999999996206 283.3333333332154 300
1731 266.6666666663355 216.6666666665458 300
1732 266.6666666664327 233.3333333331145 300
1733 266.6666666664619 249.9999999997337 300
1734 266.6666666664327 266.6666666664327 300
1735 266.6666666663355 283.3333333331997 300
1736 283.333333333151 216.6666666665109 300
1737 283.3333333331998 233.3333333330403 300
1738 283.3333333332154 249.9999999996205 300
1739 283.3333333331998 266.6666666663355 300
1740 283.333333333151 283.333333333151 300
1741 16.66666666661774 0 17.14285714284589
1742 16.66666666663194 0 34.28571428568421
1743 16.66666666663881 0 51.42857142851395
1744 16.66666666663881 0 68.57142857136297
1745 16.66666666663194 0 85.71428571423525
1746 16.66666666661774 0 102.8571428571161
1747 33.33333333324067 0 17.14285714284382
1748 33.33333333327081 0 34.28571428568568
1749 33.33333333328412 0 51.42857142852795
1750 33.33333333328411 0 68.57142857138076
1751 33.33333333327082 0 85.71428571424694
1752 33.33333333324068 0 102.8571428571216
1753 49.99999999988847 0 17.14285714284359
1754 49.99999999992556 0 34.28571428568671
1755 49.999999999942 0 51.42857142853202
1756 49.99999999994201 0 68.57142857138591
1757 49.99999999992556 0 85.71428571425069
1758 49.99999999988848 0 102.8571428571234
1759 66.66666666656248 0 17.14285714284381
1760 66.66666666659985 0 34.28571428568567
1761 66.66666666661541 0 51.42857142852796
1762 66.66666666661543 0 68.57142857138076
1763 66.66666666659985 0 85.71428571424697
1764 66.66666666656248 0 102.8571428571216
1765 83.33333333327505 0 17.14285714284589
1766 83.33333333329477 0 34.28571428568422
1767 83.33333333330357 0 51.42857142851394
1768 83.33333333330353 0 68.57142857136297
1769 83.33333333329475 0 85.71428571423526
1770 83.33333333327504 0 102.8571428571161
1771 116.6666666665402 0 17.14285714284589
1772 116.6666666665732 0 34.28571428568421
1773 116.6666666665897 0 51.42857142851395
1774 116.6666666665897 0 68.57142857136297
1775 116.6666666665731 0 85.71428571423525
1776 116.6666666665402 0 102.8571428571161
1777 133.3333333330923 0 17.14285714284382
1778 133.3333333331617 0 34.28571428568566
1779 133.3333333331951 0 51.42857142852795
1780 133.3333333331951 0 68.57142857138076
1781 133.3333333331617 0 85.71428571424694
1782 133.3333333330923 0 102.8571428571216
1783 149.9999999996763 0 17.14285714284359
1784 149.9999999997844 0 34.28571428568671
1785 149.999999999832 0 51.42857142853201
1786 149.999999999832 0 68.57142857138591
1787 149.9999999997843 0 85.71428571425068
1788 149.9999999996762 0 102.8571428571234
1789 166.6666666663398 0 17.14285714284381
1790 166.6666666664642 0 34.28571428568566
1791 166.6666666665141 0 51.42857142852796
1792 166.666666666514 0 68.57142857138076
1793 166.6666666664641 0 85.71428571424694
1794 166.6666666663398 0 102.8571428571215
1795 183.3333333331471 0 17.14285714284589
1796 183.3333333332142 0 34.28571428568421
1797 183.3333333332433 0 51.42857142851395
1798 183.3333333332432 0 68.57142857136299
1799 183.3333333332141 0 85.71428571423526
1800 183.3333333331471 0 102.8571428571161
1801 216.666666666518 0 17.1309184212442
1802 216.66666666656 0 34.26183897938598
1803 216.6666666665805 0 51.39276443551373
1804 216.6666666665804 0 68.52369902017286
1805 216.6666666665597 0 85.65464988353072
1806 216.6666666665177 0 102.785630135183
1807 233.3333333330533 0 17.11899429581564
1808 233.3333333331402 0 34.23799226366603
1809 233.3333333331804 0 51.35699861009448
1810 233.3333333331804 0 68.47602039695289
1811 233.33333333314 0 85.59506899981363
1812 233.3333333330529 0 102.7141631493755
1813 249.9999999996368 0 17.10708328219454
1814 249.9999999997648 0 34.21417078479835
1815 249.9999999998185 0 51.32126789932151
1816 249.9999999998185 0 68.42838264919109
1817 249.9999999997648 0 85.53552773325619
1818 249.9999999996368 0 102.6427233168085
1819 266.6666666663494 0 17.09518483155994
1820 266.6666666664601 0 34.19037332034846
1821 266.6666666665075 0 51.28557015629215
1822 266.6666666665075 0 68.38078238473933
1823 266.6666666664603 0 85.47602137852002
1824 266.6666666663499 0 102.5713059195543
1825 283.3333333331587 0 17.08329945021205
1826 283.3333333332153 0 34.16660101911052
1827 283.3333333332413 0 51.24990744636559
1828 283.3333333332415 0 68.33322293823407
1829 283.3333333332156 0 85.41655463163693
1830 283.3333333331591 0 102.4999156919669
1831 16.66666666661774 100 17.14285714284589
1832 16.66666666663194 100 34.28571428568421
1833 16.66666666663881 100 51.42857142851395
1834 16.66666666663881 100 68.57142857136297
1835 16.66666666663194 100 85.71428571423525
1836 16.66666666661774 100 102.8571428571161
1837 33.33333333324067 100 17.14285714284382
1838 33.33333333327081 100 34.28571428568568
1839 33.33333333328412 100 51.42857142852795
1840 33.33333333328411 100 68.57142857138076
1841 33.33333333327082 100 85.71428571424694
1842 33.33333333324068 100 102.8571428571216
1843 49.99999999988847 100 17.14285714284359
1844 49.99999999992556 100 34.28571428568671
1845 49.999999999942 100 51.42857142853202
1846 49.99999999994201 100 68.57142857138591
1847 49.99999999992556 100 85.71428571425069
1848 49.99999999988848 100 102.8571428571234
1849 66.66666666656248 100 17.14285714284381
1850 66.66666666659985 100 34.28571428568567
1851 66.66666666661541 100 51.42857142852796
1852 66.66666666661543 100 68.57142857138076
1853 66.66666666659985 100 85.71428571424697
1854 66.66666666656248 100 102.8571428571216
1855 83.33333333327505 100 17.14285714284589
1856 83.33333333329477 100 34.28571428568422
1857 83.33333333330357 100 51.42857142851394
1858 83.33333333330353 100 68.57142857136297
1859 83.33333333329475 100 85.71428571423526
1860 83.33333333327504 100 102.8571428571161
1861 116.6666666665402 99.99999999999999 17.14285714284589
1862 116.6666666665732 99.99999999999999 34.28571428568421
1863 116.6666666665897 99.99999999999999 51.42857142851395
1864 116.6666666665897 99.99999999999999 68.57142857136297
1865 116.6666666665731 99.99999999999999 85.71428571423525
1866 116.6666666665402 99.99999999999999 102.8571428571161
1867 133.3333333330923 99.99999999999999 17.14285714284382
1868 133.3333333331617 99.99999999999999 34.28571428568566
1869 133.3333333331951 99.99999999999999 51.42857142852795
1870 133.3333333331951 99.99999999999999 68.57142857138076
1871 133.3333333331617 99.99999999999999 85.71428571424694
1872 133.3333333330923 99.99999999999999 102.8571428571216
1873 149.9999999996763 99.99999999999999 17.14285714284359
1874 149.9999999997844 99.99999999999999 34.28571428568671
1875 149.999999999832 99.99999999999999 51.42857142853201
1876 149.999999999832 99.99999999999999 68.57142857138591
1877 149.9999999997843 99.99999999999999 85.71428571425068
1878 149.9999999996762 99.99999999999999 102.8571428571234
1879 166.6666666663398 99.99999999999999 17.14285714284381
1880 166.6666666664642 99.99999999999999 34.28571428568566
1881 166.6666666665141 99.99999999999999 51.42857142852796
1882 166.666666666514 99.99999999999999 68.57142857138076
1883 166.6666666664641 99.99999999999999 85.71428571424694
1884 166.6666666663398 99.99999999999999 102.8571428571215
1885 183.3333333331471 99.99999999999999 17.14285714284589
1886 183.3333333332142 99.99999999999999 34.28571428568421
1887 183.3333333332433 99.99999999999999 51.42857142851395
1888 183.3333333332432 99.99999999999999 68.57142857136299
1889 183.3333333332141 99.99999999999999 85.71428571423526
1890 183.3333333331471 99.99999999999999 102.8571428571161
1891 216.6666666665181 99.99999999999999 17.14285714284588
1892 216.6666666665602 99.99999999999999 34.28571428568421
1893 216.6666666665807 99.99999999999999 51.42857142851395
1894 216.6666666665807 99.99999999999999 68.57142857136297
1895 216.6666666665601 99.99999999999999 85.71428571423525
1896 216.666666666518 99.99999999999999 102.8571428571161
1897 233.3333333330536 99.99999999999999 17.14285714284381
1898 233.3333333331407 99.99999999999999 34.28571428568566
1899 233.3333333331809 99.99999999999999 51.42857142852794
1900 233.3333333331809 99.99999999999999 68.57142857138076
1901 233.3333333331406 99.99999999999999 85.71428571424696
1902 233.3333333330534 99.99999999999999 102.8571428571215
1903 249.9999999996373 99.99999999999999 17.14285714284359
1904 249.9999999997655 99.99999999999999 34.28571428568669
1905 249.9999999998191 99.99999999999999 51.428571428532
1906 249.9999999998191 99.99999999999999 68.57142857138592
1907 249.9999999997655 99.99999999999999 85.71428571425071
1908 249.9999999996373 99.99999999999999 102.8571428571234
1909 266.6666666663501 99.99999999999999 17.14285714284381
1910 266.6666666664607 99.99999999999999 34.28571428568566
1911 266.666666666508 99.99999999999999 51.42857142852795
1912 266.666666666508 99.99999999999999 68.57142857138078
1913 266.6666666664607 99.99999999999999 85.71428571424694
1914 266.6666666663501 99.99999999999999 102.8571428571216
1915 283.3333333331591 99.99999999999999 17.14285714284589
1916 283.3333333332158 99.99999999999999 34.28571428568421
1917 283.3333333332417 99.99999999999999 51.42857142851394
1918 283.3333333332417 99.99999999999999 68.57142857136297
1919 283.3333333332158 99.99999999999999 85.71428571423525
1920 283.3333333331591 99.99999999999999 102.8571428571161
1921 16.66666666661774 200 17.14285714284589
1922 16.66666666663194 200 34.28571428568421
1923 16.66666666663881 200 51.42857142851395
1924 16.66666666663881 200 68.57142857136297
1925 16.66666666663194 200 85.71428571423525
1926 16.66666666661774 200 102.8571428571161
1927 33.33333333324067 200 17.14285714284382
1928 33.33333333327081 200 34.28571428568568
1929 33.33333333328412 200 51.42857142852795
1930 33.33333333328411 200 68.57142857138076
1931 33.33333333327082 200 85.71428571424694
1932 33.33333333324068 200 102.8571428571216
1933 49.99999999988847 200 17.14285714284359
1934 49.99999999992556 200 34.28571428568671
1935 49.999999999942 200 51.42857142853202
1936 49.99999999994201 200 68.57142857138591
1937 49.99999999992556 200 85.71428571425069
1938 49.99999999988848 200 102.8571428571234
1939 66.66666666656248 200 17.14285714284381
1940 66.66666666659985 200 34.28571428568567
1941 66.66666666661541 200 51.42857142852796
1942 66.66666666661543 200 68.57142857138076
1943 66.66666666659985 200 85.71428571424697
1944 66.66666666656248 200 102.8571428571216
1945 83.33333333327505 200 17.14285714284589
1946 83.33333333329477 200 34.28571428568422
1947 83.33333333330357 200 51.42857142851394
1948 83.33333333330353 200 68.57142857136297
1949 83.33333333329475 200 85.71428571423526
1950 83.33333333327504 200 102.8571428571161
1951 116.6666666665402 200 17.14285714284589
1952 116.6666666665732 200 34.28571428568421
1953 116.6666666665897 200 51.42857142851395
1954 116.6666666665897 200 68.57142857136297
1955 116.6666666665731 200 85.71428571423525
1956 116.6666666665402 200 102.8571428571161
1957 133.3333333330923 200 17.14285714284382
1958 133.3333333331617 200 34.28571428568566
1959 133.3333333331951 200 51.42857142852795
1960 133.3333333331951 200 68.57142857138076
1961 133.3333333331617 200 85.71428571424694
1962 133.3333333330923 200 102.8571428571216
1963 149.9999999996763 200 17.14285714284359
1964 149.9999999997844 200 34.28571428568671
1965 149.999999999832 200 51.42857142853201
1966 149.999999999832 200 68.57142857138591
1967 149.9999999997843 200 85.71428571425068
1968 149.9999999996762 200 102.8571428571234
1969 166.6666666663398 200 17.14285714284381
1970 166.6666666664642 200 34.28571428568566
1971 166.6666666665141 200 51.42857142852796
1972 166.666666666514 200 68.57142857138076
1973 166.6666666664641 200 85.71428571424694
1974 166.6666666663398 200 102.8571428571215
1975 183.3333333331471 200 17.14285714284589
1976 183.3333333332142 200 34.28571428568421
1977 183.3333333332433 200 51.42857142851395
1978 183.3333333332432 200 68.57142857136299
1979 183.3333333332141 200 85.71428571423526
1980 183.3333333331471 200 102.8571428571161
1981 216.6666666665181 200 17.14285714284588
1982 216.6666666665602 200 34.28571428568421
1983 216.6666666665807 200 51.42857142851395
1984 216.6666666665807 200 68.57142857136297
1985 216.6666666665601 200 85.71428571423525
1986 216.666666666518 200 102.8571428571161
1987 233.3333333330536 200 17.14285714284381
1988 233.3333333331407 200 34.28571428568566
1989 233.3333333331809 200 51.42857142852794
1990 233.3333333331809 200 68.57142857138076
1991 233.3333333331406 200 85.71428571424696
1992 233.3333333330534 200 102.8571428571215
1993 249.9999999996373 200 17.14285714284359
1994 249.9999999997655 200 34.28571428568669
1995 249.9999999998191 200 51.428571428532
1996 249.9999999998191 200 68.57142857138592
1997 249.9999999997655 200 85.71428571425071
1998 249.9999999996373 200 102.8571428571234
1999 266.6666666663501 200 17.14285714284381
2000 266.6666666664607 200 34.28571428568566
2001 266.666666666508 200 51.42857142852795
2002 266.666666666508 200 68.57142857138078
2003 266.6666666664607 200 85.71428571424694
2004 266.6666666663501 200 102.8571428571216
2005 283.3333333331591 200 17.14285714284589
2006 283.3333333332158 200 34.28571428568421
2007 283.3333333332417 200 51.42857142851394
2008 283.3333333332417 200 68.57142857136297
2009 283.3333333332158 200 85.71428571423525
2010 283.3333333331591 200 102.8571428571161
2011 16.66666666661774 300 17.14285714284589
2012 16.66666666663194 300 34.28571428568421
2013 16.66666666663881 300 51.42857142851395
2014 16.66666666663881 300 68.57142857136297
2015 16.66666666663194 300 85.71428571423525
2016 16.66666666661774 300 102.8571428571161
2017 33.33333333324067 300 17.14285714284382
2018 33.33333333327081 300 34.28571428568568
2019 33.33333333328412 300 51.42857142852795
2020 33.33333333328411 300 68.57142857138076
2021 33.33333333327082 300 85.71428571424694
2022 33.33333333324068 300 102.8571428571216
2023 49.99999999988847 300 17.14285714284359
2024 49.99999999992556 300 34.28571428568671
2025 49.999999999942 300 51.42857142853202
2026 49.99999999994201 300 68.57142857138591
2027 49.99999999992556 300 85.71428571425069
2028 49.99999999988848 300 102.8571428571234
2029 66.66666666656248 300 17.14285714284381
2030 66.66666666659985 300 34.28571428568567
2031 66.66666666661541 300 51.42857142852796
2032 66.66666666661543 300 68.57142857138076
2033 66.66666666659985 300 85.71428571424697
2034 66.66666666656248 300 102.8571428571216
2035 83.33333333327505 300 17.14285714284589
2036 83.33333333329477 300 34.28571428568422
2037 83.33333333330357 300 51.42857142851394
2038 83.33333333330353 300 68.57142857136297
2039 83.33333333329475 300 85.71428571423526
2040 83.33333333327504 300 102.8571428571161
2041 116.6666666665402 300 17.14285714284589
2042 116.6666666665732 300 34.28571428568421
2043 116.6666666665897 300 51.42857142851395
2044 116.6666666665897 300 68.57142857136297
2045 116.6666666665731 300 85.71428571423525
2046 116.6666666665402 300 102.8571428571161
2047 133.3333333330923 300 17.14285714284382
2048 133.3333333331617 300 34.28571428568566
2049 133.3333333331951 300 51.42857142852795
2050 133.3333333331951 300 68.57142857138076
2051 133.3333333331617 300 85.71428571424694
2052 133.3333333330923 300 102.8571428571216
2053 149.9999999996763 300 17.14285714284359
2054 149.9999999997844 300 34.28571428568671
2055 149.999999999832 300 51.42857142853201
2056 149.999999999832 300 68.57142857138591
2057 149.9999999997843 300 85.71428571425068
2058 149.9999999996762 300 102.8571428571234
2059 166.6666666663398 300 17.14285714284381
2060 166.6666666664642 300 34.28571428568566
2061 166.6666666665141 300 51.42857142852796
2062 166.666666666514 300 68.57142857138076
2063 166.6666666664641 300 85.71428571424694
2064 166.6666666663398 300 102.8571428571215
2065 183.3333333331471 300 17.14285714284589
2066 183.3333333332142 300 34.28571428568421
2067 183.3333333332433 300 51.42857142851395
2068 183.3333333332432 300 68.57142857136299
2069 183.3333333332141 300 85.71428571423526
2070 183.3333333331471 300 102.8571428571161
2071 216.6666666665181 300 17.14285714284588
2072 216.6666666665602 300 34.28571428568421
2073 216.6666666665807 300 51.42857142851395
2074 216.6666666665807 300 68.57142857136297
2075 216.6666666665601 300 85.71428571423525
2076 216.666666666518 300 102.8571428571161
2077 233.3333333330536 300 17.14285714284381
2078 233.3333333331407 300 34.28571428568566
2079 233.3333333331809 300 51.42857142852794
2080 233.3333333331809 300 68.57142857138076
2081 233.3333333331406 300 85.71428571424696
2082 233.3333333330534 300 102.8571428571215
2083 249.9999999996373 300 17.14285714284359
2084 249.9999999997655 300 34.28571428568669
2085 249.9999999998191 300 51.428571428532
2086 249.9999999998191 300 68.57142857138592
2087 249.9999999997655 300 85.71428571425071
2088 249.9999999996373 300 102.8571428571234
2089 266.6666666663501 300 17.14285714284381
2090 266.6666666664607 300 34.28571428568566
2091 266.666666666508 300 51.42857142852795
2092 266.666666666508 300 68.57142857138078
2093 266.6666666664607 300 85.71428571424694
2094 266.6666666663501 300 102.8571428571216
2095 283.3333333331591 300 17.14285714284589
2096 283.3333333332158 300 34.28571428568421
2097 283.3333333332417 300 51.42857142851394
2098 283.3333333332417 300 68.57142857136297
2099 283.3333333332158 300 85.71428571423525
2100 283.3333333331591 300 102.8571428571161
2101 16.66666666660878 0 139.9999999999469
2102 16.66666666660878 0 159.999999999964
2103 33.33333333322499 0 139.9999999999748
2104 33.33333333322499 0 159.9999999999795
2105 49.99999999986952 0 139.9999999999819
2106 49.99999999986951 0 159.9999999999842
2107 66.66666666654589 0 139.9999999999748
2108 66.66666666654591 0 159.9999999999796
2109 83.33333333326502 0 139.999999999947
2110 83.333333333265 0 159.999999999964
2111 116.6666666665166 0 139.999999999947
2112 116.6666666665166 0 159.999999999964
2113 133.3333333330485 0 139.9999999999748
2114 133.3333333330485 0 159.9999999999796
2115 149.9999999996215 0 139.9999999999819
2116 149.9999999996215 0 159.9999999999842
2117 166.66666666629 0 139.9999999999748
2118 166.66666666629 0 159.9999999999795
2119 183.3333333331158 0 139.9999999999469
2120 183.3333333331158 0 159.999999999964
2121 216.6666666664902 0 140.0556594437568
2122 216.6666666664903 0 160.0278544551649
2123 233.3333333330034 0 140.1112556000107
2124 233.3333333330035 0 160.0556658360068
2125 249.9999999995783 0 140.1668217825936
2126 249.9999999995783 0 160.0834528687779
2127 266.666666666297 0 140.2223665381965
2128 266.6666666662969 0 160.1112212098626
2129 283.3333333331278 0 140.2778814939792
2130 283.3333333331276 0 160.1389653416074
2131 16.66666666660878 99.99999999999999 139.9999999999469
2132 16.66666666660878 99.99999999999999 159.999999999964
2133 33.33333333322499 99.99999999999999 139.9999999999748
2134 33.33333333322499 99.99999999999999 159.9999999999795
2135 49.99999999986952 99.99999999999999 139.9999999999819
2136 49.99999999986951 99.99999999999999 159.9999999999842
2137 66.66666666654589 99.99999999999999 139.9999999999748
2138 66.66666666654591 99.99999999999999 159.9999999999796
2139 83.33333333326502 99.99999999999999 139.999999999947
2140 83.333333333265 99.99999999999999 159.999999999964
2141 116.6666666665166 100 139.999999999947
2142 116.6666666665166 100 159.999999999964
2143 133.3333333330485 100 139.9999999999748
2144 133.3333333330485 100 159.9999999999796
2145 149.9999999996215 100 139.9999999999819
2146 149.9999999996215 100 159.9999999999842
2147 166.66666666629 100 139.9999999999748
2148 166.66666666629 100 159.9999999999795
2149 183.3333333331158 100 139.9999999999469
2150 183.3333333331158 100 159.999999999964
2151 216.6666666664906 100 139.9999999999469
2152 216.6666666664906 100 159.999999999964
2153 233.3333333330041 100 139.9999999999748
2154 233.3333333330041 100 159.9999999999796
2155 249.9999999995794 100 139.9999999999819
2156 249.9999999995794 100 159.9999999999842
2157 266.6666666662981 100 139.9999999999748
2158 266.6666666662981 100 159.9999999999795
2159 283.3333333331284 100 139.999999999947
2160 283.3333333331285 100 159.999999999964
2161 16.66666666660878 200 139.9999999999469
2162 16.66666666660878 200 159.999999999964
2163 33.33333333322499 200 139.9999999999748
2164 33.33333333322499 200 159.9999999999795
2165 49.99999999986952 200 139.9999999999819
2166 49.99999999986951 200 159.9999999999842
2167 66.66666666654589 200 139.9999999999748
2168 66.66666666654591 200 159.9999999999796
2169 83.33333333326502 200 139.999999999947
2170 83.333333333265 200 159.999999999964
2171 116.6666666665166 200 139.999999999947
2172 116.6666666665166 200 159.999999999964
2173 133.3333333330485 200 139.9999999999748
2174 133.3333333330485 200 159.9999999999796
2175 149.9999999996215 200 139.9999999999819
2176 149.9999999996215 200 159.9999999999842
2177 166.66666666629 200 139.9999999999748
2178 166.66666666629 200 159.9999999999795
2179 183.3333333331158 200 139.9999999999469
2180 183.3333333331158 200 159.999999999964
2181 216.6666666664906 200 139.9999999999469
2182 216.6666666664906 200 159.999999999964
2183 233.3333333330041 200 139.9999999999748
2184 233.3333333330041 200 159.9999999999796
2185 249.9999999995794 200 139.9999999999819
2186 249.9999999995794 200 159.9999999999842
2187 266.6666666662981 200 139.9999999999748
2188 266.6666666662981 200 159.9999999999795
2189 283.3333333331284 200 139.999999999947
2190 283.3333333331285 200 159.999999999964
2191 16.66666666660863 300 139.8610346583894
2192 16.66666666660866 300 159.7221185060172
2193 33.33333333322472 300 139.8887787901293
2194 33.33333333322474 300 159.7776334617946
2195 49.99999999986923 300 139.9165471312044
2196 49.99999999986925 300 159.8331782173877
2197 66.66666666654565 300 139.9443341639543
2198 66.66666666654565 300 159.8887443999496
2199 83.33333333326492 300 139.9721455447485
2200 83.33333333326487 300 159.9443405561561
2201 116.6666666665166 300 139.999999999947
2202 116.6666666665166 300 159.999999999964
2203 133.3333333330485 300 139.9999999999748
2204 133.3333333330485 300 159.9999999999796
2205 149.9999999996215 300 139.9999999999819
2206 149.9999999996215 300 159.9999999999842
2207 166.66666666629 300 139.9999999999748
2208 166.66666666629 300 159.9999999999795
2209 183.3333333331158 300 139.9999999999469
2210 183.3333333331158 300 159.999999999964
2211 216.6666666664906 300 139.9999999999469
2212 216.6666666664906 300 159.999999999964
2213 233.3333333330041 300 139.9999999999748
2214 233.3333333330041 300 159.9999999999796
2215 249.9999999995794 300 139.9999999999819
2216 249.9999999995794 300 159.9999999999842
2217 266.6666666662981 300 139.9999999999748
2218 266.6666666662981 300 159.9999999999795
2219 283.3333333331284 300 139.999999999947
2220 283.3333333331285 300 159.999999999964
2221 16.66666666661775 0 197.1428571426961
2222 16.66666666663194 0 214.285714285407
2223 16.66666666663881 0 231.4285714281583
2224 16.66666666663881 0 248.5714285710154
2225 16.66666666663194 0 265.7142857139783
2226 16.66666666661775 0 282.8571428569817
2227 33.33333333324068 0 197.142857142724
2228 33.3333333332708 0 214.2857142854675
2229 33.33333333328412 0 231.428571428254
2230 33.33333333328412 0 248.5714285711112
2231 33.33333333327081 0 265.7142857140389
2232 33.33333333324068 0 282.8571428570097
2233 49.99999999988847 0 197.1428571427335
2234 49.99999999992556 0 214.2857142854873
2235 49.999999999942 0 231.4285714282831
2236 49.999999999942 0 248.5714285711402
2237 49.99999999992556 0 265.7142857140587
2238 49.99999999988848 0 282.8571428570193
2239 66.66666666656248 0 197.142857142724
2240 66.66666666659987 0 214.2857142854675
2241 66.66666666661541 0 231.428571428254
2242 66.66666666661543 0 248.5714285711112
2243 66.66666666659985 0 265.7142857140389
2244 66.66666666656249 0 282.8571428570097
2245 83.33333333327505 0 197.1428571426961
2246 83.33333333329476 0 214.285714285407
2247 83.33333333330353 0 231.4285714281582
2248 83.33333333330356 0 248.5714285710154
2249 83.33333333329476 0 265.7142857139784
2250 83.33333333327504 0 282.8571428569817
2251 116.6666666665402 0 197.1428571426961
2252 116.6666666665731 0 214.285714285407
2253 116.6666666665897 0 231.4285714281583
2254 116.6666666665897 0 248.5714285710154
2255 116.6666666665731 0 265.7142857139785
2256 116.6666666665402 0 282.8571428569819
2257 133.3333333330923 0 197.142857142724
2258 133.3333333331617 0 214.2857142854675
2259 133.3333333331951 0 231.4285714282541
2260 133.3333333331951 0 248.5714285711112
2261 133.3333333331617 0 265.714285714039
2262 133.3333333330923 0 282.8571428570098
2263 149.9999999996763 0 197.1428571427335
2264 149.9999999997843 0 214.2857142854873
2265 149.9999999998321 0 231.428571428283
2266 149.999999999832 0 248.5714285711402
2267 149.9999999997843 0 265.7142857140588
2268 149.9999999996762 0 282.8571428570193
2269 166.6666666663398 0 197.142857142724
2270 166.6666666664641 0 214.2857142854675
2271 166.6666666665141 0 231.428571428254
2272 166.6666666665141 0 248.5714285711111
2273 166.6666666664641 0 265.7142857140389
2274 166.6666666663398 0 282.8571428570098
2275 183.3333333331471 0 197.1428571426961
2276 183.3333333332142 0 214.285714285407
2277 183.3333333332433 0 231.4285714281583
2278 183.3333333332433 0 248.5714285710154
2279 183.3333333332141 0 265.7142857139784
2280 183.3333333331471 0 282.8571428569818
2281 216.666666666518 0 197.1428571426961
2282 216.6666666665601 0 214.285714285407
2283 216.6666666665807 0 231.4285714281583
2284 216.6666666665807 0 248.5714285710154
2285 216.6666666665601 0 265.7142857139783
2286 216.6666666665181 0 282.8571428569817
2287 233.3333333330535 0 197.142857142724
2288 233.3333333331407 0 214.2857142854675
2289 233.333333333181 0 231.4285714282541
2290 233.3333333331809 0 248.5714285711112
2291 233.3333333331407 0 265.7142857140389
2292 233.3333333330535 0 282.8571428570098
2293 249.9999999996373 0 197.1428571427336
2294 249.9999999997655 0 214.2857142854873
2295 249.9999999998192 0 231.4285714282831
2296 249.9999999998191 0 248.5714285711402
2297 249.9999999997655 0 265.7142857140588
2298 249.9999999996373 0 282.8571428570194
2299 266.6666666663501 0 197.142857142724
2300 266.6666666664607 0 214.2857142854675
2301 266.6666666665081 0 231.428571428254
2302 266.666666666508 0 248.5714285711111
2303 266.6666666664607 0 265.7142857140389
2304 266.66666666635 0 282.8571428570097
2305 283.3333333331591 0 197.1428571426961
2306 283.3333333332158 0 214.285714285407
2307 283.3333333332417 0 231.4285714281583
2308 283.3333333332417 0 248.5714285710154
2309 283.3333333332158 0 265.7142857139783
2310 283.3333333331591 0 282.8571428569817
2311 16.66666666661775 100 197.1428571426961
2312 16.66666666663194 100 214.285714285407
2313 16.66666666663881 100 231.4285714281583
2314 16.66666666663881 100 248.5714285710154
2315 16.66666666663194 100 265.7142857139783
2316 16.66666666661775 100 282.8571428569817
2317 33.33333333324068 100 197.142857142724
2318 33.3333333332708 100 214.2857142854675
2319 33.33333333328412 100 231.428571428254
2320 33.33333333328412 100 248.5714285711112
2321 33.33333333327081 100 265.7142857140389
2322 33.33333333324068 100 282.8571428570097
2323 49.99999999988847 100 197.1428571427335
2324 49.99999999992556 100 214.2857142854873
2325 49.999999999942 100 231.4285714282831
2326 49.999999999942 100 248.5714285711402
2327 49.99999999992556 100 265.7142857140587
2328 49.99999999988848 100 282.8571428570193
2329 66.66666666656248 100 197.142857142724
2330 66.66666666659987 100 214.2857142854675
2331 66.66666666661541 100 231.428571428254
2332 66.66666666661543 100 248.5714285711112
2333 66.66666666659985 100 265.7142857140389
2334 66.66666666656249 100 282.8571428570097
2335 83.33333333327505 100 197.1428571426961
2336 83.33333333329476 100 214.285714285407
2337 83.33333333330353 100 231.4285714281582
2338 83.33333333330356 100 248.5714285710154
2339 83.33333333329476 100 265.7142857139784
2340 83.33333333327504 100 282.8571428569817
2341 116.6666666665402 100 197.1428571426961
2342 116.6666666665731 100 214.285714285407
2343 116.6666666665897 100 231.4285714281583
2344 116.6666666665897 100 248.5714285710154
2345 116.6666666665731 100 265.7142857139785
2346 116.6666666665402 100 282.8571428569819
2347 133.3333333330923 100 197.142857142724
2348 133.3333333331617 100 214.2857142854675
2349 133.3333333331951 100 231.4285714282541
2350 133.3333333331951 100 248.5714285711112
2351 133.3333333331617 100 265.714285714039
2352 133.3333333330923 100 282.8571428570098
2353 149.9999999996763 100 197.1428571427335
2354 149.9999999997843 100 214.2857142854873
2355 149.9999999998321 100 231.428571428283
2356 149.999999999832 100 248.5714285711402
2357 149.9999999997843 100 265.7142857140588
2358 149.9999999996762 100 282.8571428570193
2359 166.6666666663398 100 197.142857142724
2360 166.6666666664641 100 214.2857142854675
2361 166.6666666665141 100 231.428571428254
2362 166.6666666665141 100 248.5714285711111
2363 166.6666666664641 100 265.7142857140389
2364 166.6666666663398 100 282.8571428570098
2365 183.3333333331471 100 197.1428571426961
2366 183.3333333332142 100 214.285714285407
2367 183.3333333332433 100 231.4285714281583
2368 183.3333333332433 100 248.5714285710154
2369 183.3333333332141 100 265.7142857139784
2370 183.3333333331471 100 282.8571428569818
2371 216.666666666518 100 197.1428571426961
2372 216.6666666665601 100 214.285714285407
2373 216.6666666665807 100 231.4285714281583
2374 216.6666666665807 100 248.5714285710154
2375 216.6666666665601 100 265.7142857139783
2376 216.6666666665181 100 282.8571428569817
2377 233.3333333330535 100 197.142857142724
2378 233.3333333331407 100 214.2857142854675
2379 233.333333333181 100 231.4285714282541
2380 233.3333333331809 100 248.5714285711112
2381 233.3333333331407 100 265.7142857140389
2382 233.3333333330535 100 282.8571428570098
2383 249.9999999996373 100 197.1428571427336
2384 249.9999999997655 100 214.2857142854873
2385 249.9999999998192 100 231.4285714282831
2386 249.9999999998191 100 248.5714285711402
2387 249.9999999997655 100 265.7142857140588
2388 249.9999999996373 100 282.8571428570194
2389 266.6666666663501 100 197.142857142724
2390 266.6666666664607 100 214.2857142854675
2391 266.6666666665081 100 231.428571428254
2392 266.666666666508 100 248.5714285711111
2393 266.6666666664607 100 265.7142857140389
2394 266.66666666635 100 282.8571428570097
2395 283.3333333331591 100 197.1428571426961
2396 283.3333333332158 100 214.285714285407
2397 283.3333333332417 100 231.4285714281583
2398 283.3333333332417 100 248.5714285710154
2399 283.3333333332158 100 265.7142857139783
2400 283.3333333331591 100 282.8571428569817
2401 16.66666666661775 200 197.1428571426961
2402 16.66666666663194 200 214.285714285407
2403 16.66666666663881 200 231.4285714281583
2404 16.66666666663881 200 248.5714285710154
2405 16.66666666663194 200 265.7142857139783
2406 16.66666666661775 200 282.8571428569817
2407 33.33333333324068 200 197.142857142724
2408 33.3333333332708 200 214.2857142854675
2409 33.33333333328412 200 231.428571428254
2410 33.33333333328412 200 248.5714285711112
2411 33.33333333327081 200 265.7142857140389
2412 33.33333333324068 200 282.8571428570097
2413 49.99999999988847 200 197.1428571427335
2414 49.99999999992556 200 214.2857142854873
2415 49.999999999942 200 231.4285714282831
2416 49.999999999942 200 248.5714285711402
2417 49.99999999992556 200 265.7142857140587
2418 49.99999999988848 200 282.8571428570193
2419 66.66666666656248 200 197.142857142724
2420 66.66666666659987 200 214.2857142854675
2421 66.66666666661541 200 231.428571428254
2422 66.66666666661543 200 248.5714285711112
2423 66.66666666659985 200 265.7142857140389
2424 66.66666666656249 200 282.8571428570097
2425 83.33333333327505 200 197.1428571426961
2426 83.33333333329476 200 214.285714285407
2427 83.33333333330353 200 231.4285714281582
2428 83.33333333330356 200 248.5714285710154
2429 83.33333333329476 200 265.7142857139784
2430 83.33333333327504 200 282.8571428569817
2431 116.6666666665402 200 197.1428571426961
2432 116.6666666665731 200 214.285714285407
2433 116.6666666665897 200 231.4285714281583
2434 116.6666666665897 200 248.5714285710154
2435 116.6666666665731 200 265.7142857139785
2436 116.6666666665402 200 282.8571428569819
2437 133.3333333330923 200 197.142857142724
2438 133.3333333331617 200 214.2857142854675
2439 133.3333333331951 200 231.4285714282541
2440 133.3333333331951 200 248.5714285711112
2441 133.3333333331617 200 265.714285714039
2442 133.3333333330923 200 282.8571428570098
2443 149.9999999996763 200 197.1428571427335
2444 149.9999999997843 200 214.2857142854873
2445 149.9999999998321 200 231.428571428283
2446 149.999999999832 200 248.5714285711402
2447 149.9999999997843 200 265.7142857140588
2448 149.9999999996762 200 282.8571428570193
2449 166.6666666663398 200 197.142857142724
2450 166.6666666664641 200 214.2857142854675
2451 166.6666666665141 200 231.428571428254
2452 166.6666666665141 200 248.5714285711111
2453 166.6666666664641 200 265.7142857140389
2454 166.6666666663398 200 282.8571428570098
2455 183.3333333331471 200 197.1428571426961
2456 183.3333333332142 200 214.285714285407
2457 183.3333333332433 200 231.4285714281583
2458 183.3333333332433 200 248.5714285710154
2459 183.3333333332141 200 265.7142857139784
2460 183.3333333331471 200 282.8571428569818
2461 216.666666666518 200 197.1428571426961
2462 216.6666666665601 200 214.285714285407
2463 216.6666666665807 200 231.4285714281583
2464 216.6666666665807 200 248.5714285710154
2465 216.6666666665601 200 265.7142857139783
2466 216.6666666665181 200 282.8571428569817
2467 233.3333333330535 200 197.142857142724
2468 233.3333333331407 200 214.2857142854675
2469 233.333333333181 200 231.4285714282541
2470 233.3333333331809 200 248.5714285711112
2471 233.3333333331407 200 265.7142857140389
2472 233.3333333330535 200 282.8571428570098
2473 249.9999999996373 200 197.1428571427336
2474 249.9999999997655 200 214.2857142854873
2475 249.9999999998192 200 231.4285714282831
2476 249.9999999998191 200 248.5714285711402
2477 249.9999999997655 200 265.7142857140588
2478 249.9999999996373 200 282.8571428570194
2479 266.6666666663501 200 197.142857142724
2480 266.6666666664607 200 214.2857142854675
2481 266.6666666665081 200 231.428571428254
2482 266.666666666508 200 248.5714285711111
2483 266.6666666664607 200 265.7142857140389
2484 266.66666666635 200 282.8571428570097
2485 283.3333333331591 200 197.1428571426961
2486 283.3333333332158 200 214.285714285407
2487 283.3333333332417 200 231.4285714281583
2488 283.3333333332417 200 248.5714285710154
2489 283.3333333332158 200 265.7142857139783
2490 283.3333333331591 200 282.8571428569817
2491 16.66666666661776 300 197.5000843079833
2492 16.6666666666319 300 214.5834453682687
2493 16.66666666663873 300 231.6667770616423
2494 16.6666666666387 300 248.7500925535143
2495 16.66666666663183 300 265.8333989808045
2496 16.66666666661767 300 282.9167005497487
2497 33.33333333324063 300 197.4286940803849
2498 33.33333333327069 300 214.5239786213665
2499 33.33333333328396 300 231.6192176151171
2500 33.33333333328393 300 248.7144298435666
2501 33.33333333327062 300 265.8096266795435
2502 33.33333333324052 300 282.9048151683834
2503 49.99999999988837 300 197.3572766831089
2504 49.99999999992541 300 214.4644722665901
2505 49.99999999994182 300 231.5716173506144
2506 49.99999999994182 300 248.6787321004864
2507 49.9999999999254 300 265.7858292150532
2508 49.99999999988834 300 282.8929167177261
2509 66.66666666656232 300 197.2858368505056
2510 66.66666666659967 300 214.4049309999639
2511 66.66666666661526 300 231.5239796027608
2512 66.66666666661527 300 248.6430013896233
2513 66.66666666659972 300 265.7620077361207
2514 66.66666666656239 300 282.881005704072
2515 83.33333333327489 300 197.2143698646456
2516 83.3333333332946 300 214.3453501161404
2517 83.33333333330346 300 231.4763009793846
2518 83.33333333330347 300 248.6072355640518
2519 83.3333333332947 300 265.7381610203054
2520 83.33333333327501 300 282.8690815785993
2521 116.6666666665402 300 197.1428571426961
2522 116.6666666665731 300 214.285714285407
2523 116.6666666665897 300 231.4285714281583
2524 116.6666666665897 300 248.5714285710154
2525 116.6666666665731 300 265.7142857139785
2526 116.6666666665402 300 282.8571428569819
2527 133.3333333330923 300 197.142857142724
2528 133.3333333331617 300 214.2857142854675
2529 133.3333333331951 300 231.4285714282541
2530 133.3333333331951 300 248.5714285711112
2531 133.3333333331617 300 265.714285714039
2532 133.3333333330923 300 282.8571428570098
2533 149.9999999996763 300 197.1428571427335
2534 149.9999999997843 300 214.2857142854873
2535 149.9999999998321 300 231.428571428283
2536 149.999999999832 300 248.5714285711402
2537 149.9999999997843 300 265.7142857140588
2538 149.9999999996762 300 282.8571428570193
2539 166.6666666663398 300 197.142857142724
2540 166.6666666664641 300 214.2857142854675
2541 166.6666666665141 300 231.428571428254
2542 166.6666666665141 300 248.5714285711111
2543 166.6666666664641 300 265.7142857140389
2544 166.6666666663398 300 282.8571428570098
2545 183.3333333331471 300 197.1428571426961
2546 183.3333333332142 300 214.285714285407
2547 183.3333333332433 300 231.4285714281583
2548 183.3333333332433 300 248.5714285710154
2549 183.3333333332141 300 265.7142857139784
2550 183.3333333331471 300 282.8571428569818
2551 216.666666666518 300 197.1428571426961
2552 216.6666666665601 300 214.285714285407
2553 216.6666666665807 300 231.4285714281583
2554 216.6666666665807 300 248.5714285710154
2555 216.6666666665601 300 265.7142857139783
2556 216.6666666665181 300 282.8571428569817
2557 233.3333333330535 300 197.142857142724
2558 233.3333333331407 300 214.2857142854675
2559 233.333333333181 300 231.4285714282541
2560 233.3333333331809 300 248.5714285711112
2561 233.3333333331407 300 265.7142857140389
2562 233.3333333330535 300 282.8571428570098
2563 249.9999999996373 300 197.1428571427336
2564 249.9999999997655 300 214.2857142854873
2565 249.9999999998192 300 231.4285714282831
2566 249.9999999998191 300 248.5714285711402
2567 249.9999999997655 300 265.7142857140588
2568 249.9999999996373 300 282.8571428570194
2569 266.6666666663501 300 197.142857142724
2570 266.6666666664607 300 214.2857142854675
2571 266.6666666665081 300 231.428571428254
2572 266.666666666508 300 248.5714285711111
2573 266.6666666664607 300 265.7142857140389
2574 266.66666666635 300 282.8571428570097
2575 283.3333333331591 300 197.1428571426961
2576 283.3333333332158 300 214.285714285407
2577 283.3333333332417 300 231.4285714281583
2578 283.3333333332417 300 248.5714285710154
2579 283.3333333332158 300 265.7142857139783
2580 283.3333333331591 300 282.8571428569817
2581 0 16.66666666661774 17.14285714284589
2582 0 16.66666666663194 34.28571428568421
2583 0 16.66666666663881 51.42857142851395
2584 0 16.66666666663881 68.57142857136297
2585 0 16.66666666663194 85.71428571423525
2586 0 16.66666666661774 102.8571428571161
2587 0 33.33333333324067 17.14285714284382
2588 0 33.33333333327081 34.28571428568568
2589 0 33.33333333328412 51.42857142852795
2590 0 33.33333333328411 68.57142857138076
2591 0 33.33333333327082 85.71428571424694
2592 0 33.33333333324068 102.8571428571216
2593 0 49.99999999988847 17.14285714284359
2594 0 49.99999999992556 34.28571428568671
2595 0 49.999999999942 51.42857142853202
2596 0 49.99999999994201 68.57142857138591
2597 0 49.99999999992556 85.71428571425069
2598 0 49.99999999988848 102.8571428571234
2599 0 66.66666666656248 17.14285714284381
2600 0 66.66666666659985 34.28571428568567
2601 0 66.66666666661541 51.42857142852796
2602 0 66.66666666661543 68.57142857138076
2603 0 66.66666666659985 85.71428571424697
2604 0 66.66666666656248 102.8571428571216
2605 0 83.33333333327505 17.14285714284589
2606 0 83.33333333329477 34.28571428568422
2607 0 83.33333333330357 51.42857142851394
2608 0 83.33333333330353 68.57142857136297
2609 0 83.33333333329475 85.71428571423526
2610 0 83.33333333327504 102.8571428571161
2611 0 116.6666666665402 17.14285714284589
2612 0 116.6666666665732 34.28571428568421
2613 0 116.6666666665897 51.42857142851395
2614 0 116.6666666665897 68.57142857136297
2615 0 116.6666666665731 85.71428571423525
2616 0 116.6666666665402 102.8571428571161
2617 0 133.3333333330923 17.14285714284382
2618 0 133.3333333331617 34.28571428568566
2619 0 133.3333333331951 51.42857142852795
2620 0 133.3333333331951 68.57142857138076
2621 0 133.3333333331617 85.71428571424694
2622 0 133.3333333330923 102.8571428571216
2623 0 149.9999999996763 17.14285714284359
2624 0 149.9999999997844 34.28571428568671
2625 0 149.999999999832 51.42857142853201
2626 0 149.999999999832 68.57142857138591
2627 0 149.9999999997843 85.71428571425068
2628 0 149.9999999996762 102.8571428571234
2629 0 166.6666666663398 17.14285714284381
2630 0 166.6666666664642 34.28571428568566
2631 0 166.6666666665141 51.42857142852796
2632 0 166.666666666514 68.57142857138076
2633 0 166.6666666664641 85.71428571424694
2634 0 166.6666666663398 102.8571428571215
2635 0 183.3333333331471 17.14285714284589
2636 0 183.3333333332142 34.28571428568421
2637 0 183.3333333332433 51.42857142851395
2638 0 183.3333333332432 68.57142857136299
2639 0 183.3333333332141 85.71428571423526
2640 0 183.3333333331471 102.8571428571161
2641 0 216.6666666665181 17.14285714284588
2642 0 216.6666666665602 34.28571428568421
2643 0 216.6666666665807 51.42857142851395
2644 0 216.6666666665807 68.57142857136297
2645 0 216.6666666665601 85.71428571423525
2646 0 216.666666666518 102.8571428571161
2647 0 233.3333333330536 17.14285714284381
2648 0 233.3333333331407 34.28571428568566
2649 0 233.3333333331809 51.42857142852794
2650 0 233.3333333331809 68.57142857138076
2651 0 233.3333333331406 85.71428571424696
2652 0 233.3333333330534 102.8571428571215
2653 0 249.9999999996373 17.14285714284359
2654 0 249.9999999997655 34.28571428568669
2655 0 249.9999999998191 51.428571428532
2656 0 249.9999999998191 68.57142857138592
2657 0 249.9999999997655 85.71428571425071
2658 0 249.9999999996373 102.8571428571234
2659 0 266.6666666663501 17.14285714284381
2660 0 266.6666666664607 34.28571428568566
2661 0 266.666666666508 51.42857142852795
2662 0 266.666666666508 68.57142857138078
2663 0 266.6666666664607 85.71428571424694
2664 0 266.6666666663501 102.8571428571216
2665 0 283.3333333331591 17.14285714284589
2666 0 283.3333333332158 34.28571428568421
2667 0 283.3333333332417 51.42857142851394
2668 0 283.3333333332417 68.57142857136297
2669 0 283.3333333332158 85.71428571423525
2670 0 283.3333333331591 102.8571428571161
2671 100 16.66666666661774 17.14285714284589
2672 100 16.66666666663194 34.28571428568421
2673 100 16.66666666663881 51.42857142851395
2674 100 16.66666666663881 68.57142857136297
2675 100 16.66666666663194 85.71428571423525
2676 100 16.66666666661774 102.8571428571161
2677 100 33.33333333324067 17.14285714284382
2678 100 33.33333333327081 34.28571428568568
2679 100 33.33333333328412 51.42857142852795
2680 100 33.33333333328411 68.57142857138076
2681 100 33.33333333327082 85.71428571424694
2682 100 33.33333333324068 102.8571428571216
2683 100 49.99999999988847 17.14285714284359
2684 100 49.99999999992556 34.28571428568671
2685 100 49.999999999942 51.42857142853202
2686 100 49.99999999994201 68.57142857138591
2687 100 49.99999999992556 85.71428571425069
2688 100 49.99999999988848 102.8571428571234
2689 100 66.66666666656248 17.14285714284381
2690 100 66.66666666659985 34.28571428568567
2691 100 66.66666666661541 51.42857142852796
2692 100 66.66666666661543 68.57142857138076
2693 100 66.66666666659985 85.71428571424697
2694 100 66.66666666656248 102.8571428571216
2695 100 83.33333333327505 17.14285714284589
2696 100 83.33333333329477 34.28571428568422
2697 100 83.33333333330357 51.42857142851394
2698 100 83.33333333330353 68.57142857136297
2699 100 83.33333333329475 85.71428571423526
2700 100 83.33333333327504 102.8571428571161
2701 99.99999999999999 116.6666666665402 17.14285714284589
2702 99.99999999999999 116.6666666665732 34.28571428568421
2703 99.99999999999999 116.6666666665897 51.42857142851395
2704 99.99999999999999 116.6666666665897 68.57142857136297
2705 99.99999999999999 116.6666666665731 85.71428571423525
2706 99.99999999999999 116.6666666665402 102.8571428571161
2707 99.99999999999999 133.3333333330923 17.14285714284382
2708 99.99999999999999 133.3333333331617 34.28571428568566
2709 99.99999999999999 133.3333333331951 51.42857142852795
2710 99.99999999999999 133.3333333331951 68.57142857138076
2711 99.99999999999999 133.3333333331617 85.71428571424694
2712 99.99999999999999 133.3333333330923 102.8571428571216
2713 99.99999999999999 149.9999999996763 17.14285714284359
2714 99.99999999999999 149.9999999997844 34.28571428568671
2715 99.99999999999999 149.999999999832 51.42857142853201
2716 99.99999999999999 149.999999999832 68.57142857138591
2717 99.99999999999999 149.9999999997843 85.71428571425068
2718 99.99999999999999 149.9999999996762 102.8571428571234
2719 99.99999999999999 166.6666666663398 17.14285714284381
2720 99.99999999999999 166.6666666664642 34.28571428568566
2721 99.99999999999999 166.6666666665141 51.42857142852796
2722 99.99999999999999 166.666666666514 68.57142857138076
2723 99.99999999999999 166.6666666664641 85.71428571424694
2724 99.99999999999999 166.6666666663398 102.8571428571215
2725 99.99999999999999 183.3333333331471 17.14285714284589
2726 99.99999999999999 183.3333333332142 34.28571428568421
2727 99.99999999999999 183.3333333332433 51.42857142851395
2728 99.99999999999999 183.3333333332432 68.57142857136299
2729 99.99999999999999 183.3333333332141 85.71428571423526
2730 99.99999999999999 183.3333333331471 102.8571428571161
2731 99.99999999999999 216.6666666665181 17.14285714284588
2732 99.99999999999999 216.6666666665602 34.28571428568421
2733 99.99999999999999 216.6666666665807 51.42857142851395
2734 99.99999999999999 216.6666666665807 68.57142857136297
2735 99.99999999999999 216.6666666665601 85.71428571423525
2736 99.99999999999999 216.666666666518 102.8571428571161
2737 99.99999999999999 233.3333333330536 17.14285714284381
2738 99.99999999999999 233.3333333331407 34.28571428568566
2739 99.99999999999999 233.3333333331809 51.42857142852794
2740 99.99999999999999 233.3333333331809 68.57142857138076
2741 99.99999999999999 233.3333333331406 85.71428571424696
2742 99.99999999999999 233.3333333330534 102.8571428571215
2743 99.99999999999999 249.9999999996373 17.14285714284359
2744 99.99999999999999 249.9999999997655 34.28571428568669
2745 99.99999999999999 249.9999999998191 51.428571428532
2746 99.99999999999999 249.9999999998191 68.57142857138592
2747 99.99999999999999 249.9999999997655 85.71428571425071
2748 99.99999999999999 249.9999999996373 102.8571428571234
2749 99.99999999999999 266.6666666663501 17.14285714284381
2750 99.99999999999999 266.6666666664607 34.28571428568566
2751 99.99999999999999 266.666666666508 51.42857142852795
2752 99.99999999999999 266.666666666508 68.57142857138078
2753 99.99999999999999 266.6666666664607 85.71428571424694
2754 99.99999999999999 266.6666666663501 102.8571428571216
2755 99.99999999999999 283.3333333331591 17.14285714284589
2756 99.99999999999999 283.3333333332158 34.28571428568421
2757 99.99999999999999 283.3333333332417 51.42857142851394
2758 99.99999999999999 283.3333333332417 68.57142857136297
2759 99.99999999999999 283.3333333332158 85.71428571423525
2760 99.99999999999999 283.3333333331591 102.8571428571161
2761 200 16.66666666661774 17.14285714284589
2762 200 16.66666666663194 34.28571428568421
2763 200 16.66666666663881 51.42857142851395
2764 200 16.66666666663881 68.57142857136297
2765 200 16.66666666663194 85.71428571423525
2766 200 16.66666666661774 102.8571428571161
2767 200 33.33333333324067 17.14285714284382
2768 200 33.33333333327081 34.28571428568568
2769 200 33.33333333328412 51.42857142852795
2770 200 33.33333333328411 68.57142857138076
2771 200 33.33333333327082 85.71428571424694
2772 200 33.33333333324068 102.8571428571216
2773 200 49.99999999988847 17.14285714284359
2774 200 49.99999999992556 34.28571428568671
2775 200 49.999999999942 51.42857142853202
2776 200 49.99999999994201 68.57142857138591
2777 200 49.99999999992556 85.71428571425069
2778 200 49.99999999988848 102.8571428571234
2779 200 66.66666666656248 17.14285714284381
2780 200 66.66666666659985 34.28571428568567
2781 200 66.66666666661541 51.42857142852796
2782 200 66.66666666661543 68.57142857138076
2783 200 66.66666666659985 85.71428571424697
2784 200 66.66666666656248 102.8571428571216
2785 200 83.33333333327505 17.14285714284589
2786 200 83.33333333329477 34.28571428568422
2787 200 83.33333333330357 51.42857142851394
2788 200 83.33333333330353 68.57142857136297
2789 200 83.33333333329475 85.71428571423526
2790 200 83.33333333327504 102.8571428571161
2791 200 116.6666666665402 17.14285714284589
2792 200 116.6666666665732 34.28571428568421
2793 200 116.6666666665897 51.42857142851395
2794 200 116.6666666665897 68.57142857136297
2795 200 116.6666666665731 85.71428571423525
2796 200 116.6666666665402 102.8571428571161
2797 200 133.3333333330923 17.14285714284382
2798 200 133.3333333331617 34.28571428568566
2799 200 133.3333333331951 51.42857142852795
2800 200 133.3333333331951 68.57142857138076
2801 200 133.3333333331617 85.71428571424694
2802 200 133.3333333330923 102.8571428571216
2803 200 149.9999999996763 17.14285714284359
2804 200 149.9999999997844 34.28571428568671
2805 200 149.999999999832 51.42857142853201
2806 200 149.999999999832 68.57142857138591
2807 200 149.9999999997843 85.71428571425068
2808 200 149.9999999996762 102.8571428571234
2809 200 166.6666666663398 17.14285714284381
2810 200 166.6666666664642 34.28571428568566
2811 200 166.6666666665141 51.42857142852796
2812 200 166.666666666514 68.57142857138076
2813 200 166.6666666664641 85.71428571424694
2814 200 166.6666666663398 102.8571428571215
2815 200 183.3333333331471 17.14285714284589
2816 200 183.3333333332142 34.28571428568421
2817 200 183.3333333332433 51.42857142851395
2818 200 183.3333333332432 68.57142857136299
2819 200 183.3333333332141 85.71428571423526
2820 200 183.3333333331471 102.8571428571161
2821 200 216.6666666665181 17.14285714284588
2822 200 216.6666666665602 34.28571428568421
2823 200 216.6666666665807 51.42857142851395
2824 200 216.6666666665807 68.57142857136297
2825 200 216.6666666665601 85.71428571423525
2826 200 216.666666666518 102.8571428571161
2827 200 233.3333333330536 17.14285714284381
2828 200 233.3333333331407 34.28571428568566
2829 200 233.3333333331809 51.42857142852794
2830 200 233.3333333331809 68.57142857138076
2831 200 233.3333333331406 85.71428571424696
2832 200 233.3333333330534 102.8571428571215
2833 200 249.9999999996373 17.14285714284359
2834 200 249.9999999997655 34.28571428568669
2835 200 249.9999999998191 51.428571428532
2836 200 249.9999999998191 68.57142857138592
2837 200 249.9999999997655 85.71428571425071
2838 200 249.9999999996373 102.8571428571234
2839 200 266.6666666663501 17.14285714284381
2840 200 266.6666666664607 34.28571428568566
2841 200 266.666666666508 51.42857142852795
2842 200 266.666666666508 68.57142857138078
2843 200 266.6666666664607 85.71428571424694
2844 200 266.6666666663501 102.8571428571216
2845 200 283.3333333331591 17.14285714284589
2846 200 283.3333333332158 34.28571428568421
2847 200 283.3333333332417 51.42857142851394
2848 200 283.3333333332417 68.57142857136297
2849 200 283.3333333332158 85.71428571423525
2850 200 283.3333333331591 102.8571428571161
2851 300 16.66666666661767 17.08329945021189
2852 300 16.66666666663183 34.16660101911029
2853 300 16.6666666666387 51.24990744636533
2854 300 16.66666666663873 68.33322293823373
2855 300 16.66666666663191 85.41655463163633
2856 300 16.66666666661777 102.4999156919659
2857 300 33.33333333324053 17.09518483155965
2858 300 33.33333333327062 34.19037332034808
2859 300 33.33333333328394 51.28557015629169
2860 300 33.33333333328397 68.38078238473871
2861 300 33.33333333327071 85.47602137851904
2862 300 33.33333333324065 102.5713059195525
2863 300 49.99999999988835 17.10708328219421
2864 300 49.99999999992539 34.2141707847979
2865 300 49.99999999994181 51.32126789932099
2866 300 49.99999999994183 68.4283826491904
2867 300 49.99999999992541 85.53552773325508
2868 300 49.99999999988839 102.6427233168064
2869 300 66.66666666656239 17.11899429581536
2870 300 66.66666666659972 34.23799226366566
2871 300 66.66666666661527 51.35699861009405
2872 300 66.66666666661528 68.47602039695229
2873 300 66.6666666665997 85.59506899981271
2874 300 66.66666666656235 102.7141631493739
2875 300 83.33333333327499 17.13091842124404
2876 300 83.3333333332947 34.26183897938578
2877 300 83.33333333330347 51.39276443551348
2878 300 83.33333333330347 68.52369902017254
2879 300 83.33333333329465 85.65464988353023
2880 300 83.33333333327492 102.7856301351821
2881 300 116.6666666665402 17.14285714284589
2882 300 116.6666666665732 34.28571428568421
2883 300 116.6666666665897 51.42857142851395
2884 300 116.6666666665897 68.57142857136297
2885 300 116.6666666665731 85.71428571423525
2886 300 116.6666666665402 102.8571428571161
2887 300 133.3333333330923 17.14285714284382
2888 300 133.3333333331617 34.28571428568566
2889 300 133.3333333331951 51.42857142852795
2890 300 133.3333333331951 68.57142857138076
2891 300 133.3333333331617 85.71428571424694
2892 300 133.3333333330923 102.8571428571216
2893 300 149.9999999996763 17.14285714284359
2894 300 149.9999999997844 34.28571428568671
2895 300 149.999999999832 51.42857142853201
2896 300 149.999999999832 68.57142857138591
2897 300 149.9999999997843 85.71428571425068
2898 300 149.9999999996762 102.8571428571234
2899 300 166.6666666663398 17.14285714284381
2900 300 166.6666666664642 34.28571428568566
2901 300 166.6666666665141 51.42857142852796
2902 300 166.666666666514 68.57142857138076
2903 300 166.6666666664641 85.71428571424694
2904 300 166.6666666663398 102.8571428571215
2905 300 183.3333333331471 17.14285714284589
2906 300 183.3333333332142 34.28571428568421
2907 300 183.3333333332433 51.42857142851395
2908 300 183.3333333332432 68.57142857136299
2909 300 183.3333333332141 85.71428571423526
2910 300 183.3333333331471 102.8571428571161
2911 300 216.6666666665181 17.14285714284588
2912 300 216.6666666665602 34.28571428568421
2913 300 216.6666666665807 51.42857142851395
2914 300 216.6666666665807 68.57142857136297
2915 300 216.6666666665601 85.71428571423525
2916 300 216.666666666518 102.8571428571161
2917 300 233.3333333330536 17.14285714284381
2918 300 233.3333333331407 34.28571428568566
2919 300 233.3333333331809 51.42857142852794
2920 300 233.3333333331809 68.57142857138076
2921 300 233.3333333331406 85.71428571424696
2922 300 233.3333333330534 102.8571428571215
2923 300 249.9999999996373 17.14285714284359
2924 300 249.9999999997655 34.28571428568669
2925 300 249.9999999998191 51.428571428532
2926 300 249.9999999998191 68.57142857138592
2927 300 249.9999999997655 85.71428571425071
2928 300 249.9999999996373 102.8571428571234
2929 300 266.6666666663501 17.14285714284381
2930 300 266.6666666664607 34.28571428568566
2931 300 266.666666666508 51.42857142852795
2932 300 266.666666666508 68.57142857138078
2933 300 266.6666666664607 85.71428571424694
2934 300 266.6666666663501 102.8571428571216
2935 300 283.3333333331591 17.14285714284589
2936 300 283.3333333332158 34.28571428568421
2937 300 283.3333333332417 51.42857142851394
2938 300 283.3333333332417 68.57142857136297
2939 300 283.3333333332158 85.71428571423525
2940 300 283.3333333331591 102.8571428571161
2941 0 16.66666666660878 139.9999999999469
2942 0 16.66666666660878 159.999999999964
2943 0 33.33333333322499 139.9999999999748
2944 0 33.33333333322499 159.9999999999795
2945 0 49.99999999986952 139.9999999999819
2946 0 49.99999999986951 159.9999999999842
2947 0 66.66666666654589 139.9999999999748
2948 0 66.66666666654591 159.9999999999796
2949 0 83.33333333326502 139.999999999947
2950 0 83.333333333265 159.999999999964
2951 0 116.6666666665166 139.999999999947
2952 0 116.6666666665166 159.999999999964
2953 0 133.3333333330485 139.9999999999748
2954 0 133.3333333330485 159.9999999999796
2955 0 149.9999999996215 139.9999999999819
2956 0 149.9999999996215 159.9999999999842
2957 0 166.66666666629 139.9999999999748
2958 0 166.66666666629 159.9999999999795
2959 0 183.3333333331158 139.9999999999469
2960 0 183.3333333331158 159.999999999964
2961 0 216.6666666664904 139.9721455447489
2962 0 216.6666666664903 159.9443405561569
2963 0 233.3333333330035 139.944334163955
2964 0 233.3333333330034 159.888744399951
2965 0 249.9999999995783 139.9165471312053
2966 0 249.9999999995782 159.8331782173895
2967 0 266.666666666297 139.88877879013
2968 0 266.6666666662971 159.7776334617962
2969 0 283.3333333331277 139.8610346583897
2970 0 283.3333333331278 159.7221185060181
2971 99.99999999999999 16.66666666660878 139.9999999999469
2972 99.99999999999999 16.66666666660878 159.999999999964
2973 99.99999999999999 33.33333333322499 139.9999999999748
2974 99.99999999999999 33.33333333322499 159.9999999999795
2975 99.99999999999999 49.99999999986952 139.9999999999819
2976 99.99999999999999 49.99999999986951 159.9999999999842
2977 99.99999999999999 66.66666666654589 139.9999999999748
2978 99.99999999999999 66.66666666654591 159.9999999999796
2979 99.99999999999999 83.33333333326502 139.999999999947
2980 99.99999999999999 83.333333333265 159.999999999964
2981 100 116.6666666665166 139.999999999947
2982 100 116.6666666665166 159.999999999964
2983 100 133.3333333330485 139.9999999999748
2984 100 133.3333333330485 159.9999999999796
2985 100 149.9999999996215 139.9999999999819
2986 100 149.9999999996215 159.9999999999842
2987 100 166.66666666629 139.9999999999748
2988 100 166.66666666629 159.9999999999795
2989 100 183.3333333331158 139.9999999999469
2990 100 183.3333333331158 159.999999999964
2991 100 216.6666666664906 139.9999999999469
2992 100 216.6666666664906 159.999999999964
2993 100 233.3333333330041 139.9999999999748
2994 100 233.3333333330041 159.9999999999796
2995 100 249.9999999995794 139.9999999999819
2996 100 249.9999999995794 159.9999999999842
2997 100 266.6666666662981 139.9999999999748
2998 100 266.6666666662981 159.9999999999795
2999 100 283.3333333331284 139.999999999947
3000 100 283.3333333331285 159.999999999964
3001 200 16.66666666660878 139.9999999999469
3002 200 16.66666666660878 159.999999999964
3003 200 33.33333333322499 139.9999999999748
3004 200 33.33333333322499 159.9999999999795
3005 200 49.99999999986952 139.9999999999819
3006 200 49.99999999986951 159.9999999999842
3007 200 66.66666666654589 139.9999999999748
3008 200 66.66666666654591 159.9999999999796
3009 200 83.33333333326502 139.999999999947
3010 200 83.333333333265 159.999999999964
3011 200 116.6666666665166 139.999999999947
3012 200 116.6666666665166 159.999999999964
3013 200 133.3333333330485 139.9999999999748
3014 200 133.3333333330485 159.9999999999796
3015 200 149.9999999996215 139.9999999999819
3016 200 149.9999999996215 159.9999999999842
3017 200 166.66666666629 139.9999999999748
3018 200 166.66666666629 159.9999999999795
3019 200 183.3333333331158 139.9999999999469
3020 200 183.3333333331158 159.999999999964
3021 200 216.6666666664906 139.9999999999469
3022 200 216.6666666664906 159.999999999964
3023 200 233.3333333330041 139.9999999999748
3024 200 233.3333333330041 159.9999999999796
3025 200 249.9999999995794 139.9999999999819
3026 200 249.9999999995794 159.9999999999842
3027 200 266.6666666662981 139.9999999999748
3028 200 266.6666666662981 159.9999999999795
3029 200 283.3333333331284 139.999999999947
3030 200 283.3333333331285 159.999999999964
3031 300 16.66666666660867 140.2778814939801
3032 300 16.66666666660864 160.138965341608
3033 300 33.33333333322477 140.2223665381982
3034 300 33.33333333322473 160.1112212098635
3035 300 49.99999999986927 140.1668217825955
3036 300 49.99999999986925 160.0834528687789
3037 300 66.66666666654567 140.1112556000123
3038 300 66.66666666654568 160.0556658360076
3039 300 83.3333333332649 140.0556594437577
3040 300 83.33333333326492 160.0278544551654
3041 300 116.6666666665166 139.999999999947
3042 300 116.6666666665166 159.999999999964
3043 300 133.3333333330485 139.9999999999748
3044 300 133.3333333330485 159.9999999999796
3045 300 149.9999999996215 139.9999999999819
3046 300 149.9999999996215 159.9999999999842
3047 300 166.66666666629 139.9999999999748
3048 300 166.66666666629 159.9999999999795
3049 300 183.3333333331158 139.9999999999469
3050 300 183.3333333331158 159.999999999964
3051 300 216.6666666664906 139.9999999999469
3052 300 216.6666666664906 159.999999999964
3053 300 233.3333333330041 139.9999999999748
3054 300 233.3333333330041 159.9999999999796
3055 300 249.9999999995794 139.9999999999819
3056 300 249.9999999995794 159.9999999999842
3057 300 266.6666666662981 139.9999999999748
3058 300 266.6666666662981 159.9999999999795
3059 300 283.3333333331284 139.999999999947
3060 300 283.3333333331285 159.999999999964
3061 0 16.66666666661775 197.1428571426961
3062 0 16.66666666663194 214.285714285407
3063 0 16.66666666663881 231.4285714281583
3064 0 16.66666666663881 248.5714285710154
3065 0 16.66666666663194 265.7142857139783
3066 0 16.66666666661775 282.8571428569817
3067 0 33.33333333324068 197.142857142724
3068 0 33.3333333332708 214.2857142854675
3069 0 33.33333333328412 231.428571428254
3070 0 33.33333333328412 248.5714285711112
3071 0 33.33333333327081 265.7142857140389
3072 0 33.33333333324068 282.8571428570097
3073 0 49.99999999988847 197.1428571427335
3074 0 49.99999999992556 214.2857142854873
3075 0 49.999999999942 231.4285714282831
3076 0 49.999999999942 248.5714285711402
3077 0 49.99999999992556 265.7142857140587
3078 0 49.99999999988848 282.8571428570193
3079 0 66.66666666656248 197.142857142724
3080 0 66.66666666659987 214.2857142854675
3081 0 66.66666666661541 231.428571428254
3082 0 66.66666666661543 248.5714285711112
3083 0 66.66666666659985 265.7142857140389
3084 0 66.66666666656249 282.8571428570097
3085 0 83.33333333327505 197.1428571426961
3086 0 83.33333333329476 214.285714285407
3087 0 83.33333333330353 231.4285714281582
3088 0 83.33333333330356 248.5714285710154
3089 0 83.33333333329476 265.7142857139784
3090 0 83.33333333327504 282.8571428569817
3091 0 116.6666666665402 197.1428571426961
3092 0 116.6666666665731 214.285714285407
3093 0 116.6666666665897 231.4285714281583
3094 0 116.6666666665897 248.5714285710154
3095 0 116.6666666665731 265.7142857139785
3096 0 116.6666666665402 282.8571428569819
3097 0 133.3333333330923 197.142857142724
3098 0 133.3333333331617 214.2857142854675
3099 0 133.3333333331951 231.4285714282541
3100 0 133.3333333331951 248.5714285711112
3101 0 133.3333333331617 265.714285714039
3102 0 133.3333333330923 282.8571428570098
3103 0 149.9999999996763 197.1428571427335
3104 0 149.9999999997843 214.2857142854873
3105 0 149.9999999998321 231.428571428283
3106 0 149.999999999832 248.5714285711402
3107 0 149.9999999997843 265.7142857140588
3108 0 149.9999999996762 282.8571428570193
3109 0 166.6666666663398 197.142857142724
3110 0 166.6666666664641 214.2857142854675
3111 0 166.6666666665141 231.428571428254
3112 0 166.6666666665141 248.5714285711111
3113 0 166.6666666664641 265.7142857140389
3114 0 166.6666666663398 282.8571428570098
3115 0 183.3333333331471 197.1428571426961
3116 0 183.3333333332142 214.285714285407
3117 0 183.3333333332433 231.4285714281583
3118 0 183.3333333332433 248.5714285710154
3119 0 183.3333333332141 265.7142857139784
3120 0 183.3333333331471 282.8571428569818
3121 0 216.6666666665177 197.2143698646447
3122 0 216.6666666665598 214.3453501161399
3123 0 216.6666666665804 231.4763009793842
3124 0 216.6666666665805 248.6072355640514
3125 0 216.66666666656 265.7381610203051
3126 0 216.666666666518 282.8690815785992
3127 0 233.333333333053 197.285836850504
3128 0 233.3333333331401 214.4049309999629
3129 0 233.3333333331804 231.5239796027602
3130 0 233.3333333331804 248.6430013896227
3131 0 233.3333333331402 265.7620077361203
3132 0 233.3333333330533 282.8810057040717
3133 0 249.9999999996368 197.3572766831068
3134 0 249.9999999997648 214.4644722665889
3135 0 249.9999999998184 231.5716173506137
3136 0 249.9999999998185 248.6787321004858
3137 0 249.9999999997649 265.7858292150527
3138 0 249.9999999996369 282.8929167177257
3139 0 266.6666666663498 197.4286940803831
3140 0 266.6666666664602 214.5239786213655
3141 0 266.6666666665074 231.6192176151164
3142 0 266.6666666665074 248.714429843566
3143 0 266.6666666664601 265.809626679543
3144 0 266.6666666663496 282.9048151683831
3145 0 283.3333333331591 197.5000843079825
3146 0 283.3333333332156 214.5834453682682
3147 0 283.3333333332413 231.6667770616419
3148 0 283.3333333332413 248.750092553514
3149 0 283.3333333332153 265.8333989808042
3150 0 283.3333333331587 282.9167005497486
3151 100 16.66666666661775 197.1428571426961
3152 100 16.66666666663194 214.285714285407
3153 100 16.66666666663881 231.4285714281583
3154 100 16.66666666663881 248.5714285710154
3155 100 16.66666666663194 265.7142857139783
3156 100 16.66666666661775 282.8571428569817
3157 100 33.33333333324068 197.142857142724
3158 100 33.3333333332708 214.2857142854675
3159 100 33.33333333328412 231.428571428254
3160 100 33.33333333328412 248.5714285711112
3161 100 33.33333333327081 265.7142857140389
3162 100 33.33333333324068 282.8571428570097
3163 100 49.99999999988847 197.1428571427335
3164 100 49.99999999992556 214.2857142854873
3165 100 49.999999999942 231.4285714282831
3166 100 49.999999999942 248.5714285711402
3167 100 49.99999999992556 265.7142857140587
3168 100 49.99999999988848 282.8571428570193
3169 100 66.66666666656248 197.142857142724
3170 100 66.66666666659987 214.2857142854675
3171 100 66.66666666661541 231.428571428254
3172 100 66.66666666661543 248.5714285711112
3173 100 66.66666666659985 265.7142857140389
3174 100 66.66666666656249 282.8571428570097
3175 100 83.33333333327505 197.1428571426961
3176 100 83.33333333329476 214.285714285407
3177 100 83.33333333330353 231.4285714281582
3178 100 83.33333333330356 248.5714285710154
3179 100 83.33333333329476 265.7142857139784
3180 100 83.33333333327504 282.8571428569817
3181 100 116.6666666665402 197.1428571426961
3182 100 116.6666666665731 214.285714285407
3183 100 116.6666666665897 231.4285714281583
3184 100 116.6666666665897 248.5714285710154
3185 100 116.6666666665731 265.7142857139785
3186 100 116.6666666665402 282.8571428569819
3187 100 133.3333333330923 197.142857142724
3188 100 133.3333333331617 214.2857142854675
3189 100 133.3333333331951 231.4285714282541
3190 100 133.3333333331951 248.5714285711112
3191 100 133.3333333331617 265.714285714039
3192 100 133.3333333330923 282.8571428570098
3193 100 149.9999999996763 197.1428571427335
3194 100 149.9999999997843 214.2857142854873
3195 100 149.9999999998321 231.428571428283
3196 100 149.999999999832 248.5714285711402
3197 100 149.9999999997843 265.7142857140588
3198 100 149.9999999996762 282.8571428570193
3199 100 166.6666666663398 197.142857142724
3200 100 166.6666666664641 214.2857142854675
3201 100 166.6666666665141 231.428571428254
3202 100 166.6666666665141 248.5714285711111
3203 100 166.6666666664641 265.7142857140389
3204 100 166.6666666663398 282.8571428570098
3205 100 183.3333333331471 197.1428571426961
3206 100 183.3333333332142 214.285714285407
3207 100 183.3333333332433 231.4285714281583
3208 100 183.3333333332433 248.5714285710154
3209 100 183.3333333332141 265.7142857139784
3210 100 183.3333333331471 282.8571428569818
3211 100 216.666666666518 197.1428571426961
3212 100 216.6666666665601 214.285714285407
3213 100 216.6666666665807 231.4285714281583
3214 100 216.6666666665807 248.5714285710154
3215 100 216.6666666665601 265.7142857139783
3216 100 216.6666666665181 282.8571428569817
3217 100 233.3333333330535 197.142857142724
3218 100 233.3333333331407 214.2857142854675
3219 100 233.333333333181 231.4285714282541
3220 100 233.3333333331809 248.5714285711112
3221 100 233.3333333331407 265.7142857140389
3222 100 233.3333333330535 282.8571428570098
3223 100 249.9999999996373 197.1428571427336
3224 100 249.9999999997655 214.2857142854873
3225 100 249.9999999998192 231.4285714282831
3226 100 249.9999999998191 248.5714285711402
3227 100 249.9999999997655 265.7142857140588
3228 100 249.9999999996373 282.8571428570194
3229 100 266.6666666663501 197.142857142724
3230 100 266.6666666664607 214.2857142854675
3231 100 266.6666666665081 231.428571428254
3232 100 266.666666666508 248.5714285711111
3233 100 266.6666666664607 265.7142857140389
3234 100 266.66666666635 282.8571428570097
3235 100 283.3333333331591 197.1428571426961
3236 100 283.3333333332158 214.285714285407
3237 100 283.3333333332417 231.4285714281583
3238 100 283.3333333332417 248.5714285710154
3239 100 283.3333333332158 265.7142857139783
3240 100 283.3333333331591 282.8571428569817
3241 200 16.66666666661775 197.1428571426961
3242 200 16.66666666663194 214.285714285407
3243 200 16.66666666663881 231.4285714281583
3244 200 16.66666666663881 248.5714285710154
3245 200 16.66666666663194 265.7142857139783
3246 200 16.66666666661775 282.8571428569817
3247 200 33.33333333324068 197.142857142724
3248 200 33.3333333332708 214.2857142854675
3249 200 33.33333333328412 231.428571428254
3250 200 33.33333333328412 248.5714285711112
3251 200 33.33333333327081 265.7142857140389
3252 200 33.33333333324068 282.8571428570097
3253 200 49.99999999988847 197.1428571427335
3254 200 49.99999999992556 214.2857142854873
3255 200 49.999999999942 231.4285714282831
3256 200 49.999999999942 248.5714285711402
3257 200 49.99999999992556 265.7142857140587
3258 200 49.99999999988848 282.8571428570193
3259 200 66.66666666656248 197.142857142724
3260 200 66.66666666659987 214.2857142854675
3261 200 66.66666666661541 231.428571428254
3262 200 66.66666666661543 248.5714285711112
3263 200 66.66666666659985 265.7142857140389
3264 200 66.66666666656249 282.8571428570097
3265 200 83.33333333327505 197.1428571426961
3266 200 83.33333333329476 214.285714285407
3267 200 83.33333333330353 231.4285714281582
3268 200 83.33333333330356 248.5714285710154
3269 200 83.33333333329476 265.7142857139784
3270 200 83.33333333327504 282.8571428569817
3271 200 116.6666666665402 197.1428571426961
3272 200 116.6666666665731 214.285714285407
3273 200 116.6666666665897 231.4285714281583
3274 200 116.6666666665897 248.5714285710154
3275 200 116.6666666665731 265.7142857139785
3276 200 116.6666666665402 282.8571428569819
3277 200 133.3333333330923 197.142857142724
3278 200 133.3333333331617 214.2857142854675
3279 200 133.3333333331951 231.4285714282541
3280 200 133.3333333331951 248.5714285711112
3281 200 133.3333333331617 265.714285714039
3282 200 133.3333333330923 282.8571428570098
3283 200 149.9999999996763 197.1428571427335
3284 200 149.9999999997843 214.2857142854873
3285 200 149.9999999998321 231.428571428283
3286 200 149.999999999832 248.5714285711402
3287 200 149.9999999997843 265.7142857140588
3288 200 149.9999999996762 282.8571428570193
3289 200 166.6666666663398 197.142857142724
3290 200 166.6666666664641 214.2857142854675
3291 200 166.6666666665141 231.428571428254
3292 200 166.6666666665141 248.5714285711111
3293 200 166.6666666664641 265.7142857140389
3294 200 166.6666666663398 282.8571428570098
3295 200 183.3333333331471 197.1428571426961
3296 200 183.3333333332142 214.285714285407
3297 200 183.3333333332433 231.4285714281583
3298 200 183.3333333332433 248.5714285710154
3299 200 183.3333333332141 265.7142857139784
3300 200 183.3333333331471 282.8571428569818
3301 200 216.666666666518 197.1428571426961
3302 200 216.6666666665601 214.285714285407
3303 200 216.6666666665807 231.4285714281583
3304 200 216.6666666665807 248.5714285710154
3305 200 216.6666666665601 265.7142857139783
3306 200 216.6666666665181 282.8571428569817
3307 200 233.3333333330535 197.142857142724
3308 200 233.3333333331407 214.2857142854675
3309 200 233.333333333181 231.4285714282541
3310 200 233.3333333331809 248.5714285711112
3311 200 233.3333333331407 265.7142857140389
3312 200 233.3333333330535 282.8571428570098
3313 200 249.9999999996373 197.1428571427336
3314 200 249.9999999997655 214.2857142854873
3315 200 249.9999999998192 231.4285714282831
3316 200 249.9999999998191 248.5714285711402
3317 200 249.9999999997655 265.7142857140588
3318 200 249.9999999996373 282.8571428570194
3319 200 266.6666666663501 197.142857142724
3320 200 266.6666666664607 214.2857142854675
3321 200 266.6666666665081 231.428571428254
3322 200 266.666666666508 248.5714285711111
3323 200 266.6666666664607 265.7142857140389
3324 200 266.66666666635 282.8571428570097
3325 200 283.3333333331591 197.1428571426961
3326 200 283.3333333332158 214.285714285407
3327 200 283.3333333332417 231.4285714281583
3328 200 283.3333333332417 248.5714285710154
3329 200 283.3333333332158 265.7142857139783
3330 200 283.3333333331591 282.8571428569817
3331 300 16.66666666661775 197.1428571426961
3332 300 16.66666666663194 214.285714285407
3333 300 16.66666666663881 231.4285714281583
3334 300 16.66666666663881 248.5714285710154
3335 300 16.66666666663194 265.7142857139783
3336 300 16.66666666661775 282.8571428569817
3337 300 33.33333333324068 197.142857142724
3338 300 33.3333333332708 214.2857142854675
3339 300 33.33333333328412 231.428571428254
3340 300 33.33333333328412 248.5714285711112
3341 300 33.33333333327081 265.7142857140389
3342 300 33.33333333324068 282.8571428570097
3343 300 49.99999999988847 197.1428571427335
3344 300 49.99999999992556 214.2857142854873
3345 300 49.999999999942 231.4285714282831
3346 300 49.999999999942 248.5714285711402
3347 300 49.99999999992556 265.7142857140587
3348 300 49.99999999988848 282.8571428570193
3349 300 66.66666666656248 197.142857142724
3350 300 66.66666666659987 214.2857142854675
3351 300 66.66666666661541 231.428571428254
3352 300 66.66666666661543 248.5714285711112
3353 300 66.66666666659985 265.7142857140389
3354 300 66.66666666656249 282.8571428570097
3355 300 83.33333333327505 197.1428571426961
3356 300 83.33333333329476 214.285714285407
3357 300 83.33333333330353 231.4285714281582
3358 300 83.33333333330356 248.5714285710154
3359 300 83.33333333329476 265.7142857139784
3360 300 83.33333333327504 282.8571428569817
3361 300 116.6666666665402 197.1428571426961
3362 300 116.6666666665731 214.285714285407
3363 300 116.6666666665897 231.4285714281583
3364 300 116.6666666665897 248.5714285710154
3365 300 116.6666666665731 265.7142857139785
3366 300 116.6666666665402 282.8571428569819
3367 300 133.3333333330923 197.142857142724
3368 300 133.3333333331617 214.2857142854675
3369 300 133.3333333331951 231.4285714282541
3370 300 133.3333333331951 248.5714285711112
3371 300 133.3333333331617 265.714285714039
3372 300 133.3333333330923 282.8571428570098
3373 300 149.9999999996763 197.1428571427335
3374 300 149.9999999997843 214.2857142854873
3375 300 149.9999999998321 231.428571428283
3376 300 149.999999999832 248.5714285711402
3377 300 149.9999999997843 265.7142857140588
3378 300 149.9999999996762 282.8571428570193
3379 300 166.6666666663398 197.142857142724
3380 300 166.6666666664641 214.2857142854675
3381 300 166.6666666665141 231.428571428254
3382 300 166.6666666665141 248.5714285711111
3383 300 166.6666666664641 265.7142857140389
3384 300 166.6666666663398 282.8571428570098
3385 300 183.3333333331471 197.1428571426961
3386 300 183.3333333332142 214.285714285407
3387 300 183.3333333332433 231.4285714281583
3388 300 183.3333333332433 248.5714285710154
3389 300 183.3333333332141 265.7142857139784
3390 300 183.3333333331471 282.8571428569818
3391 300 216.666666666518 197.1428571426961
3392 300 216.6666666665601 214.285714285407
3393 300 216.6666666665807 231.4285714281583
3394 300 216.6666666665807 248.5714285710154
3395 300 216.6666666665601 265.7142857139783
3396 300 216.6666666665181 282.8571428569817
3397 300 233.3333333330535 197.142857142724
3398 300 233.3333333331407 214.2857142854675
3399 300 233.333333333181 231.4285714282541
3400 300 233.3333333331809 248.5714285711112
3401 300 233.3333333331407 265.7142857140389
3402 300 233.3333333330535 282.8571428570098
3403 300 249.9999999996373 197.1428571427336
3404 300 249.9999999997655 214.2857142854873
3405 300 249.9999999998192 231.4285714282831
3406 300 249.9999999998191 248.5714285711402
3407 300 249.9999999997655 265.7142857140588
3408 300 249.9999999996373 282.8571428570194
3409 300 266.6666666663501 197.142857142724
3410 300 266.6666666664607 214.2857142854675
3411 300 266.6666666665081 231.428571428254
3412 300 266.666666666508 248.5714285711111
3413 300 266.6666666664607 265.7142857140389
3414 300 266.66666666635 282.8571428570097
3415 300 283.3333333331591 197.1428571426961
3416 300 283.3333333332158 214.285714285407
3417 300 283.3333333332417 231.4285714281583
3418 300 283.3333333332417 248.5714285710154
3419 300 283.3333333332158 265.7142857139783
3420 300 283.3333333331591 282.8571428569817
3421 16.66666666663507 16.66666666663507 17.14285714283667
3422 16.66666666664927 16.66666666664927 34.28571428567755
3423 16.66666666665614 16.66666666665613 51.42857142854622
3424 16.66666666665615 16.66666666665614 68.57142857140273
3425 16.66666666664926 16.66666666664927 85.71428571425503
3426 16.66666666663507 16.66666666663509 102.8571428571244
3427 16.6666666666469 33.33333333329271 17.1428571428346
3428 16.66666666666109 33.33333333332285 34.28571428567899
3429 16.66666666666797 33.33333333333617 51.42857142856019
3430 16.66666666666797 33.33333333333616 68.57142857142048
3431 16.6666666666611 33.33333333332285 85.71428571426668
3432 16.6666666666469 33.33333333329273 102.8571428571299
3433 16.66666666665088 49.99999999994805 17.14285714283437
3434 16.66666666666506 49.99999999998516 34.28571428568002
3435 16.66666666667193 50.00000000000158 51.42857142856429
3436 16.66666666667193 50.00000000000159 68.57142857142566
3437 16.66666666666507 49.99999999998516 85.71428571427049
3438 16.66666666665086 49.99999999994807 102.8571428571318
3439 16.66666666664691 66.66666666663585 17.14285714283459
3440 16.66666666666111 66.66666666667317 34.285714285679
3441 16.66666666666797 66.66666666668876 51.42857142856023
3442 16.66666666666798 66.66666666668874 68.57142857142048
3443 16.66666666666111 66.66666666667319 85.71428571426674
3444 16.66666666664691 66.66666666663585 102.8571428571299
3445 16.66666666663509 83.33333333330519 17.14285714283667
3446 16.66666666664927 83.33333333332494 34.28571428567755
3447 16.66666666665614 83.33333333333373 51.42857142854621
3448 16.66666666665614 83.33333333333366 68.57142857140272
3449 16.66666666664928 83.33333333332489 85.71428571425503
3450 16.66666666663508 83.33333333330518 102.8571428571245
3451 33.33333333329271 16.6666666666469 17.1428571428346
3452 33.33333333332285 16.66666666666109 34.28571428567899
3453 33.33333333333617 16.66666666666796 51.42857142856018
3454 33.33333333333616 16.66666666666796 68.57142857142051
3455 33.33333333332285 16.6666666666611 85.71428571426675
3456 33.33333333329273 16.6666666666469 102.8571428571299
3457 33.33333333331873 33.33333333331874 17.14285714283253
3458 33.33333333334888 33.33333333334888 34.28571428568046
3459 33.33333333336218 33.33333333336218 51.42857142857422
3460 33.33333333336219 33.33333333336219 68.5714285714383
3461 33.33333333334887 33.33333333334887 85.71428571427843
3462 33.33333333331873 33.33333333331873 102.8571428571354
3463 33.33333333332673 49.99999999998025 17.1428571428323
3464 33.33333333335688 50.00000000001734 34.28571428568149
3465 33.33333333337016 50.00000000003375 51.42857142857829
3466 33.33333333337018 50.00000000003379 68.57142857144345
3467 33.33333333335688 50.00000000001734 85.71428571428218
3468 33.33333333332675 49.99999999998028 102.8571428571372
3469 33.33333333331873 66.66666666666893 17.14285714283252
3470 33.33333333334888 66.66666666670625 34.28571428568043
3471 33.33333333336219 66.66666666672184 51.42857142857423
3472 33.33333333336219 66.66666666672182 68.5714285714383
3473 33.33333333334887 66.66666666670625 85.7142857142784
3474 33.33333333331875 66.6666666666689 102.8571428571354
3475 33.33333333329273 83.33333333332236 17.1428571428346
3476 33.33333333332286 83.33333333334207 34.28571428567899
3477 33.33333333333616 83.33333333335091 51.42857142856019
3478 33.33333333333618 83.33333333335085 68.57142857142051
3479 33.33333333332285 83.33333333334203 85.71428571426674
3480 33.33333333329276 83.33333333332236 102.8571428571299
3481 49.99999999994805 16.66666666665088 17.14285714283437
3482 49.99999999998516 16.66666666666506 34.28571428568004
3483 50.00000000000158 16.66666666667193 51.42857142856429
3484 50.00000000000162 16.66666666667193 68.57142857142566
3485 49.99999999998516 16.66666666666507 85.71428571427047
3486 49.99999999994807 16.66666666665087 102.8571428571318
3487 49.99999999998022 33.33333333332674 17.1428571428323
3488 50.00000000001734 33.33333333335689 34.28571428568149
3489 50.00000000003375 33.33333333337016 51.42857142857826
3490 50.00000000003379 33.33333333337018 68.57142857144345
3491 50.00000000001734 33.33333333335688 85.71428571428218
3492 49.99999999998028 33.33333333332675 102.8571428571372
3493 49.99999999999022 49.99999999999022 17.14285714283208
3494 50.00000000002732 50.00000000002731 34.28571428568251
3495 50.00000000004374 50.00000000004374 51.42857142858233
3496 50.00000000004373 50.00000000004376 68.57142857144859
3497 50.00000000002731 50.00000000002731 85.71428571428594
3498 49.99999999999022 49.99999999999022 102.8571428571391
3499 49.99999999998024 66.66666666667862 17.1428571428323
3500 50.00000000001734 66.66666666671595 34.28571428568149
3501 50.00000000003376 66.66666666673152 51.42857142857827
3502 50.00000000003379 66.66666666673152 68.57142857144345
3503 50.00000000001733 66.66666666671597 85.7142857142822
3504 49.99999999998025 66.66666666667862 102.8571428571373
3505 49.9999999999481 83.33333333332773 17.14285714283437
3506 49.99999999998516 83.33333333334744 34.28571428568004
3507 50.00000000000159 83.33333333335626 51.42857142856428
3508 50.00000000000162 83.33333333335621 68.57142857142566
3509 49.99999999998519 83.33333333334743 85.71428571427047
3510 49.9999999999481 83.33333333332772 102.8571428571318
3511 66.66666666663585 16.66666666664691 17.14285714283459
3512 66.66666666667317 16.6666666666611 34.285714285679
3513 66.66666666668877 16.66666666666797 51.42857142856023
3514 66.66666666668874 16.66666666666798 68.57142857142051
3515 66.66666666667318 16.6666666666611 85.71428571426672
3516 66.66666666663583 16.66666666664691 102.8571428571299
3517 66.66666666666895 33.33333333331873 17.14285714283253
3518 66.66666666670628 33.33333333334888 34.28571428568047
3519 66.66666666672185 33.33333333336219 51.42857142857423
3520 66.66666666672188 33.3333333333622 68.5714285714383
3521 66.66666666670628 33.33333333334888 85.71428571427842
3522 66.6666666666689 33.33333333331875 102.8571428571354
3523 66.66666666667862 49.99999999998023 17.1428571428323
3524 66.66666666671594 50.00000000001734 34.28571428568149
3525 66.66666666673153 50.00000000003376 51.42857142857829
3526 66.66666666673152 50.00000000003379 68.57142857144345
3527 66.66666666671597 50.0000000000173 85.71428571428218
3528 66.66666666667862 49.99999999998025 102.8571428571373
3529 66.6666666666689 66.6666666666689 17.14285714283252
3530 66.66666666670625 66.66666666670625 34.28571428568045
3531 66.66666666672182 66.66666666672182 51.42857142857423
3532 66.66666666672185 66.66666666672182 68.5714285714383
3533 66.66666666670625 66.66666666670625 85.71428571427849
3534 66.6666666666689 66.6666666666689 102.8571428571354
3535 66.66666666663583 83.33333333332236 17.14285714283459
3536 66.66666666667312 83.33333333334207 34.285714285679
3537 66.66666666668874 83.33333333335086 51.42857142856022
3538 66.66666666668874 83.33333333335084 68.57142857142051
3539 66.66666666667317 83.33333333334203 85.71428571426678
3540 66.66666666663582 83.3333333333223 102.8571428571299
3541 83.33333333330522 16.66666666663509 17.14285714283667
3542 83.33333333332492 16.66666666664927 34.28571428567754
3543 83.33333333333373 16.66666666665614 51.42857142854621
3544 83.33333333333366 16.66666666665614 68.57142857140272
3545 83.33333333332486 16.66666666664928 85.71428571425501
3546 83.33333333330523 16.66666666663508 102.8571428571244
3547 83.33333333332237 33.33333333329273 17.1428571428346
3548 83.33333333334207 33.33333333332286 34.28571428567902
3549 83.33333333335091 33.33333333333616 51.42857142856019
3550 83.33333333335079 33.33333333333618 68.57142857142051
3551 83.33333333334203 33.33333333332285 85.71428571426674
3552 83.33333333332236 33.33333333329276 102.8571428571299
3553 83.33333333332773 49.9999999999481 17.14285714283437
3554 83.33333333334744 49.99999999998516 34.28571428568004
3555 83.33333333335629 50.00000000000159 51.42857142856425
3556 83.33333333335621 50.00000000000162 68.57142857142566
3557 83.33333333334743 49.99999999998519 85.71428571427047
3558 83.33333333332772 49.9999999999481 102.8571428571318
3559 83.3333333333223 66.66666666663583 17.14285714283459
3560 83.33333333334201 66.66666666667312 34.285714285679
3561 83.33333333335085 66.66666666668874 51.4285714285602
3562 83.33333333335079 66.66666666668874 68.57142857142051
3563 83.33333333334203 66.66666666667317 85.71428571426678
3564 83.3333333333223 66.66666666663582 102.8571428571299
3565 83.33333333330518 83.33333333330518 17.14285714283667
3566 83.33333333332493 83.33333333332494 34.28571428567756
3567 83.33333333333374 83.33333333333374 51.42857142854621
3568 83.33333333333367 83.33333333333367 68.57142857140272
3569 83.33333333332487 83.33333333332486 85.71428571425508
3570 83.33333333330515 83.33333333330515 102.8571428571244
3571 116.6666666665796 16.66666666663507 17.14285714283668
3572 116.6666666666125 16.66666666664927 34.28571428567755
3573 116.6666666666291 16.66666666665614 51.42857142854621
3574 116.666666666629 16.66666666665614 68.57142857140275
3575 116.6666666666125 16.66666666664928 85.71428571425501
3576 116.6666666665796 16.66666666663509 102.8571428571244
3577 116.6666666666061 33.33333333329274 17.1428571428346
3578 116.6666666666391 33.33333333332288 34.28571428567899
3579 116.6666666666556 33.33333333333618 51.42857142856022
3580 116.6666666666556 33.33333333333618 68.57142857142054
3581 116.6666666666389 33.33333333332286 85.71428571426677
3582 116.6666666666061 33.33333333329276 102.8571428571299
3583 116.6666666666152 49.9999999999481 17.14285714283437
3584 116.6666666666482 49.99999999998519 34.28571428568002
3585 116.6666666666648 50.00000000000162 51.42857142856428
3586 116.6666666666648 50.00000000000162 68.57142857142566
3587 116.6666666666481 49.99999999998516 85.71428571427052
3588 116.6666666666152 49.9999999999481 102.8571428571318
3589 116.6666666666061 66.66666666663582 17.1428571428346
3590 116.6666666666391 66.66666666667317 34.28571428567901
3591 116.6666666666557 66.66666666668877 51.42857142856022
3592 116.6666666666557 66.66666666668874 68.57142857142054
3593 116.666666666639 66.66666666667319 85.71428571426677
3594 116.6666666666061 66.66666666663582 102.85714285713
3595 116.6666666665795 83.33333333330521 17.14285714283668
3596 116.6666666666125 83.3333333333249 34.28571428567756
3597 116.6666666666291 83.33333333333368 51.42857142854621
3598 116.6666666666291 83.33333333333366 68.57142857140275
3599 116.6666666666125 83.33333333332484 85.71428571425503
3600 116.6666666665795 83.33333333330513 102.8571428571245
3601 133.3333333331838 16.6666666666469 17.1428571428346
3602 133.3333333332532 16.66666666666109 34.28571428567901
3603 133.3333333332866 16.66666666666797 51.42857142856022
3604 133.3333333332865 16.66666666666798 68.57142857142054
3605 133.3333333332532 16.6666666666611 85.71428571426678
3606 133.3333333331838 16.66666666664691 102.8571428571299
3607 133.3333333332416 33.33333333331876 17.14285714283253
3608 133.3333333333109 33.3333333333489 34.28571428568044
3609 133.3333333333444 33.33333333336221 51.42857142857423
3610 133.3333333333444 33.33333333336219 68.57142857143833
3611 133.3333333333109 33.3333333333489 85.71428571427843
3612 133.3333333332416 33.33333333331878 102.8571428571354
3613 133.3333333332607 49.99999999998025 17.1428571428323
3614 133.3333333333302 50.00000000001737 34.28571428568146
3615 133.3333333333634 50.00000000003379 51.42857142857829
3616 133.3333333333635 50.00000000003379 68.57142857144346
3617 133.3333333333301 50.00000000001733 85.7142857142822
3618 133.3333333332607 49.99999999998027 102.8571428571372
3619 133.3333333332416 66.6666666666689 17.14285714283253
3620 133.3333333333109 66.66666666670626 34.28571428568045
3621 133.3333333333443 66.66666666672185 51.42857142857423
3622 133.3333333333444 66.66666666672185 68.57142857143835
3623 133.3333333333109 66.66666666670626 85.71428571427846
3624 133.3333333332416 66.6666666666689 102.8571428571354
3625 133.3333333331838 83.33333333332236 17.1428571428346
3626 133.3333333332532 83.3333333333421 34.28571428567901
3627 133.3333333332866 83.33333333335085 51.42857142856022
3628 133.3333333332865 83.33333333335084 68.57142857142054
3629 133.3333333332532 83.33333333334203 85.71428571426675
3630 133.3333333331839 83.33333333332232 102.8571428571299
3631 149.9999999998535 16.66666666665087 17.14285714283437
3632 149.9999999999616 16.66666666666507 34.28571428568003
3633 150.0000000000092 16.66666666667195 51.42857142856429
3634 150.0000000000092 16.66666666667193 68.57142857142566
3635 149.9999999999615 16.66666666666507 85.71428571427046
3636 149.9999999998535 16.66666666665087 102.8571428571318
3637 149.9999999999474 33.33333333332675 17.1428571428323
3638 150.0000000000554 33.33333333335689 34.28571428568148
3639 150.0000000001031 33.3333333333702 51.42857142857826
3640 150.0000000001031 33.33333333337019 68.57142857144345
3641 150.0000000000554 33.33333333335688 85.71428571428214
3642 149.9999999999473 33.33333333332676 102.8571428571372
3643 149.9999999999763 49.99999999999019 17.14285714283209
3644 150.0000000000844 50.00000000002731 34.2857142856825
3645 150.000000000132 50.00000000004373 51.42857142858233
3646 150.000000000132 50.00000000004374 68.57142857144862
3647 150.0000000000843 50.00000000002728 85.71428571428586
3648 149.9999999999763 49.99999999999022 102.8571428571391
3649 149.9999999999474 66.66666666667859 17.1428571428323
3650 150.0000000000555 66.66666666671597 34.28571428568149
3651 150.0000000001031 66.66666666673154 51.42857142857827
3652 150.0000000001031 66.66666666673152 68.57142857144345
3653 150.0000000000555 66.66666666671597 85.71428571428218
3654 149.9999999999474 66.66666666667859 102.8571428571372
3655 149.9999999998535 83.33333333332773 17.14285714283437
3656 149.9999999999616 83.33333333334744 34.28571428568004
3657 150.0000000000093 83.33333333335625 51.42857142856425
3658 150.0000000000093 83.33333333335622 68.57142857142566
3659 149.9999999999615 83.33333333334741 85.71428571427047
3660 149.9999999998535 83.33333333332772 102.8571428571317
3661 166.6666666666012 16.66666666664692 17.1428571428346
3662 166.6666666667255 16.66666666666111 34.285714285679
3663 166.6666666667755 16.66666666666798 51.42857142856023
3664 166.6666666667754 16.66666666666798 68.57142857142054
3665 166.6666666667255 16.66666666666111 85.71428571426681
3666 166.6666666666011 16.66666666664691 102.8571428571298
3667 166.6666666667127 33.33333333331876 17.14285714283253
3668 166.666666666837 33.3333333333489 34.28571428568044
3669 166.6666666668869 33.33333333336221 51.42857142857423
3670 166.666666666887 33.3333333333622 68.57142857143833
3671 166.6666666668369 33.3333333333489 85.71428571427842
3672 166.6666666667126 33.33333333331878 102.8571428571354
3673 166.6666666667445 49.99999999998025 17.1428571428323
3674 166.6666666668688 50.00000000001734 34.28571428568146
3675 166.6666666669187 50.00000000003379 51.42857142857829
3676 166.6666666669188 50.00000000003379 68.57142857144345
3677 166.6666666668688 50.00000000001734 85.71428571428218
3678 166.6666666667443 49.99999999998027 102.8571428571372
3679 166.6666666667127 66.66666666666887 17.14285714283253
3680 166.666666666837 66.66666666670625 34.28571428568045
3681 166.666666666887 66.66666666672185 51.42857142857423
3682 166.6666666668869 66.66666666672182 68.57142857143833
3683 166.666666666837 66.66666666670625 85.71428571427847
3684 166.6666666667127 66.6666666666689 102.8571428571354
3685 166.6666666666013 83.33333333332237 17.1428571428346
3686 166.6666666667255 83.33333333334208 34.285714285679
3687 166.6666666667755 83.33333333335085 51.42857142856023
3688 166.6666666667755 83.33333333335084 68.57142857142054
3689 166.6666666667255 83.33333333334203 85.71428571426675
3690 166.6666666666012 83.33333333332232 102.8571428571299
3691 183.3333333332539 16.66666666663508 17.14285714283668
3692 183.3333333333211 16.66666666664927 34.28571428567755
3693 183.3333333333501 16.66666666665615 51.42857142854621
3694 183.3333333333501 16.66666666665614 68.57142857140275
3695 183.333333333321 16.66666666664928 85.71428571425508
3696 183.3333333332538 16.66666666663508 102.8571428571244
3697 183.3333333333132 33.33333333329275 17.1428571428346
3698 183.3333333333803 33.33333333332287 34.285714285679
3699 183.3333333334092 33.33333333333618 51.42857142856021
3700 183.3333333334092 33.33333333333618 68.57142857142054
3701 183.3333333333801 33.33333333332287 85.71428571426678
3702 183.3333333333131 33.33333333329276 102.85714285713
3703 183.3333333333313 49.99999999994809 17.14285714283437
3704 183.3333333333985 49.99999999998519 34.28571428568002
3705 183.3333333334274 50.00000000000161 51.42857142856428
3706 183.3333333334274 50.00000000000162 68.57142857142566
3707 183.3333333333983 49.99999999998516 85.71428571427055
3708 183.3333333333313 49.99999999994811 102.8571428571317
3709 183.3333333333132 66.66666666663583 17.1428571428346
3710 183.3333333333803 66.66666666667317 34.28571428567901
3711 183.3333333334093 66.66666666668877 51.42857142856022
3712 183.3333333334093 66.66666666668876 68.57142857142055
3713 183.3333333333801 66.66666666667319 85.71428571426678
3714 183.3333333333131 66.66666666663582 102.85714285713
3715 183.333333333254 83.33333333330519 17.14285714283668
3716 183.3333333333212 83.3333333333249 34.28571428567756
3717 183.3333333333502 83.33333333333368 51.42857142854621
3718 183.3333333333501 83.33333333333367 68.57142857140275
3719 183.333333333321 83.33333333332487 85.71428571425506
3720 183.333333333254 83.33333333330512 102.8571428571244
3721 216.6666666665713 16.66666666663506 17.13290256098543
3722 216.6666666666134 16.66666666664926 34.26580725584802
3723 216.6666666666338 16.66666666665614 51.39871684212183
3724 216.6666666666337 16.66666666665613 68.53163554624257
3725 216.666666666613 16.66666666664927 85.66457051617381
3726 216.666666666571 16.66666666663509 102.7975348708468
3727 216.6666666666061 33.3333333332927 17.13488911782409
3728 216.6666666666482 33.33333333332286 34.26978026980227
3729 216.6666666666686 33.33333333333615 51.40467607833445
3730 216.6666666666686 33.33333333333616 68.53958053793593
3731 216.666666666648 33.33333333332286 85.67450031086022
3732 216.666666666606 33.33333333329276 102.8094472671996
3733 216.6666666666178 49.99999999994807 17.13687785287878
3734 216.6666666666599 49.99999999998516 34.27375747762488
3735 216.6666666666803 50.00000000000159 51.41064115338931
3736 216.6666666666804 50.00000000000159 68.54753233260988
3737 216.6666666666597 49.99999999998517 85.684436706849
3738 216.6666666666177 49.9999999999481 102.8213641918273
3739 216.6666666666061 66.66666666663576 17.13886868176496
3740 216.6666666666481 66.66666666667317 34.27773868784879
3741 216.6666666666686 66.66666666668871 51.41661172306141
3742 216.6666666666687 66.66666666668874 68.55549037449367
3743 216.6666666666481 66.66666666667317 85.69437892146854
3744 216.6666666666059 66.66666666663576 102.833284855671
3745 216.6666666665715 83.33333333330519 17.14086169595391
3746 216.6666666666134 83.33333333332493 34.28172410421438
3747 216.6666666666341 83.33333333333373 51.42258814516622
3748 216.666666666634 83.33333333333366 68.56345522894327
3749 216.6666666666133 83.33333333332493 85.70432773894126
3750 216.6666666665714 83.33333333330518 102.8452100450516
3751 233.3333333331784 16.66666666664688 17.12296014261143
3752 233.3333333332652 16.66666666666106 34.24592405150062
3753 233.3333333333055 16.66666666666793 51.36889656201725
3754 233.3333333333054 16.66666666666795 68.49188496106048
3755 233.3333333332651 16.6666666666611 85.61490110725077
3756 233.3333333331781 16.6666666666469 102.7379649980081
3757 233.3333333332527 33.33333333331871 17.12693082359498
3758 233.3333333333397 33.33333333334881 34.25386531431158
3759 233.3333333333797 33.33333333336212 51.38080817316733
3760 233.3333333333798 33.33333333336213 68.50776645643737
3761 233.3333333333394 33.33333333334885 85.63475153878267
3762 233.3333333332524 33.33333333331872 102.7617821680215
3763 233.3333333332764 49.9999999999802 17.13090586100873
3764 233.3333333333635 50.00000000001728 34.26181496485962
3765 233.3333333334036 50.00000000003372 51.39273146201183
3766 233.3333333334036 50.00000000003369 68.5236615577881
3767 233.3333333333634 50.00000000001727 85.65461517292709
3768 233.3333333332763 49.9999999999802 102.7856083945885
3769 233.3333333332528 66.66666666666885 17.13488508608498
3770 233.3333333333398 66.66666666670622 34.26977262021229
3771 233.33333333338 66.6666666667218 51.4046657400989
3772 233.33333333338 66.6666666667218 68.53956915356875
3773 233.3333333333397 66.66666666670621 85.67449044434053
3774 233.3333333332525 66.66666666666887 102.8094420995908
3775 233.3333333331787 83.33333333332232 17.13886868176496
3776 233.3333333332658 83.33333333334204 34.2777386878488
3777 233.3333333333057 83.33333333335081 51.41661172306138
3778 233.3333333333059 83.33333333335079 68.55549037449371
3779 233.3333333332656 83.33333333334204 85.69437892146851
3780 233.3333333331785 83.33333333332232 102.8332848556709
3781 249.9999999998847 16.66666666665084 17.11302865074396
3782 250.0000000000127 16.666666666665 34.22606187786332
3783 250.0000000000663 16.66666666667189 51.33910554411614
3784 250.0000000000664 16.6666666666719 68.45216843875799
3785 250.0000000000127 16.66666666666504 85.56526471262595
3786 249.9999999998847 16.66666666665087 102.678417752869
3787 249.9999999999979 33.33333333332666 17.11898127057144
3788 250.000000000126 33.33333333335678 34.23796718338885
3789 250.0000000001797 33.33333333337009 51.356963677761
3790 250.0000000001796 33.33333333337009 68.47597962523987
3791 250.0000000001259 33.33333333335682 85.59502917814198
3792 249.9999999999979 33.33333333332672 102.7141351710023
3793 250.0000000000312 49.99999999999017 17.12494042504331
3794 250.0000000001592 50.00000000002721 34.24988507052022
3795 250.0000000002128 50.00000000004368 51.37483932795246
3796 250.0000000002128 50.00000000004367 68.49981122068893
3797 250.0000000001591 50.00000000002721 85.62481344758096
3798 250.0000000000311 49.99999999999018 102.7498661739678
3799 249.9999999999981 66.66666666667857 17.13090586100871
3800 250.0000000001262 66.6666666667159 34.26181496485961
3801 250.0000000001797 66.66666666673142 51.39273146201185
3802 250.0000000001797 66.66666666673146 68.52366155778805
3803 250.0000000001259 66.66666666671583 85.65461517292709
3804 249.999999999998 66.66666666667851 102.7856083945884
3805 249.9999999998851 83.33333333332772 17.13687785287878
3806 250.0000000000131 83.33333333334741 34.27375747762489
3807 250.0000000000667 83.33333333335615 51.41064115338933
3808 250.0000000000667 83.33333333335619 68.54753233260988
3809 250.000000000013 83.33333333334737 85.68443670684906
3810 249.9999999998849 83.33333333332769 102.8213641918274
3811 266.6666666665475 16.66666666664687 17.10310762803205
3812 266.6666666666583 16.66666666666103 34.2062197162407
3813 266.6666666667054 16.66666666666791 51.30934199933371
3814 266.6666666667056 16.66666666666792 68.41248315254587
3815 266.6666666666584 16.66666666666107 85.5156574111847
3816 266.6666666665478 16.66666666664691 102.6188892038237
3817 266.666666666645 33.33333333331866 17.11104009287249
3818 266.6666666667555 33.33333333334875 34.22208506207751
3819 266.6666666668028 33.33333333336208 51.33314116084804
3820 266.666666666803 33.33333333336208 68.44421778291279
3821 266.6666666667555 33.3333333333488 85.55533009204689
3822 266.666666666645 33.33333333331871 102.6665031308578
3823 266.6666666666742 49.99999999998018 17.11898127057144
3824 266.6666666667847 50.00000000001721 34.23796718338887
3825 266.6666666668322 50.00000000003366 51.35696367776109
3826 266.6666666668322 50.00000000003367 68.47597962524
3827 266.6666666667849 50.00000000001724 85.59502917814208
3828 266.6666666666744 49.9999999999802 102.7141351710023
3829 266.6666666666451 66.66666666666885 17.12693082359496
3830 266.6666666667559 66.66666666670618 34.25386531431155
3831 266.6666666668031 66.66666666672172 51.38080817316737
3832 266.6666666668031 66.6666666667217 68.50776645643735
3833 266.6666666667558 66.66666666670615 85.6347515387826
3834 266.6666666666451 66.6666666666688 102.7617821680213
3835 266.6666666665478 83.33333333332239 17.13488911782407
3836 266.6666666666586 83.33333333334203 34.26978026980225
3837 266.6666666667059 83.33333333335075 51.40467607833445
3838 266.6666666667059 83.33333333335079 68.53958053793592
3839 266.6666666666586 83.33333333334197 85.67450031086028
3840 266.6666666665479 83.33333333332224 102.8094472671995
3841 283.3333333332411 16.66666666663501 17.09319749639277
3842 283.3333333332976 16.66666666664918 34.18639852396139
3843 283.3333333333237 16.66666666665606 51.27960764880197
3844 283.3333333333238 16.66666666665607 68.37283188128723
3845 283.3333333332977 16.66666666664925 85.46608311628657
3846 283.3333333332413 16.66666666663509 102.5593832961672
3847 283.3333333332899 33.33333333329261 17.10310762803199
3848 283.3333333333465 33.33333333332271 34.20621971624069
3849 283.3333333333724 33.33333333333602 51.30934199933367
3850 283.3333333333727 33.33333333333606 68.41248315254595
3851 283.3333333333467 33.33333333332278 85.51565741118469
3852 283.3333333332899 33.33333333329271 102.6188892038234
3853 283.3333333333056 49.99999999994798 17.11302865074387
3854 283.3333333333622 49.99999999998501 34.22606187786329
3855 283.3333333333881 50.00000000000146 51.33910554411624
3856 283.3333333333881 50.00000000000146 68.45216843875808
3857 283.3333333333622 49.99999999998504 85.56526471262588
3858 283.3333333333058 49.999999999948 102.6784177528685
3859 283.33333333329 66.66666666663573 17.12296014261135
3860 283.3333333333467 66.66666666667308 34.24592405150057
3861 283.3333333333726 66.66666666668867 51.36889656201721
3862 283.3333333333727 66.66666666668864 68.49188496106046
3863 283.3333333333468 66.66666666667307 85.61490110725062
3864 283.3333333332901 66.66666666663573 102.7379649980076
3865 283.3333333332414 83.33333333330513 17.13290256098537
3866 283.3333333332978 83.33333333332489 34.26580725584795
3867 283.3333333333239 83.33333333333364 51.39871684212178
3868 283.333333333324 83.33333333333363 68.53163554624251
3869 283.333333333298 83.33333333332479 85.66457051617374
3870 283.3333333332415 83.33333333330508 102.7975348708465
3871 16.66666666663507 116.6666666665796 17.14285714283667
3872 16.66666666664927 116.6666666666125 34.28571428567755
3873 16.66666666665614 116.6666666666291 51.42857142854621
3874 16.66666666665614 116.666666666629 68.57142857140275
3875 16.66666666664928 116.6666666666124 85.71428571425507
3876 16.66666666663508 116.6666666665795 102.8571428571245
3877 16.6666666666469 133.3333333331838 17.1428571428346
3878 16.66666666666109 133.3333333332532 34.285714285679
3879 16.66666666666796 133.3333333332866 51.4285714285602
3880 16.66666666666798 133.3333333332865 68.57142857142048
3881 16.6666666666611 133.3333333332532 85.71428571426674
3882 16.6666666666469 133.3333333331839 102.85714285713
3883 16.66666666665086 149.9999999998535 17.14285714283437
3884 16.66666666666506 149.9999999999616 34.28571428568003
3885 16.66666666667193 150.0000000000093 51.42857142856425
3886 16.66666666667193 150.0000000000093 68.57142857142566
3887 16.66666666666507 149.9999999999615 85.71428571427043
3888 16.66666666665087 149.9999999998535 102.8571428571318
3889 16.66666666664692 166.6666666666012 17.1428571428346
3890 16.66666666666111 166.6666666667255 34.285714285679
3891 16.66666666666798 166.6666666667755 51.42857142856023
3892 16.66666666666798 166.6666666667754 68.57142857142048
3893 16.66666666666111 166.6666666667255 85.71428571426674
3894 16.66666666664691 166.6666666666011 102.8571428571299
3895 16.66666666663508 183.3333333332539 17.14285714283668
3896 16.66666666664927 183.333333333321 34.28571428567755
3897 16.66666666665615 183.3333333333501 51.42857142854621
3898 16.66666666665615 183.3333333333501 68.57142857140275
3899 16.66666666664928 183.3333333333209 85.71428571425508
3900 16.66666666663508 183.3333333332538 102.8571428571244
3901 33.33333333329275 116.6666666666061 17.1428571428346
3902 33.33333333332286 116.6666666666391 34.285714285679
3903 33.33333333333618 116.6666666666556 51.42857142856022
3904 33.33333333333616 116.6666666666557 68.57142857142054
3905 33.33333333332286 116.666666666639 85.71428571426677
3906 33.33333333329276 116.6666666666061 102.8571428571299
3907 33.33333333331873 133.3333333332416 17.14285714283253
3908 33.33333333334888 133.3333333333109 34.28571428568044
3909 33.3333333333622 133.3333333333444 51.42857142857423
3910 33.33333333336219 133.3333333333444 68.57142857143833
3911 33.33333333334888 133.3333333333109 85.71428571427849
3912 33.33333333331877 133.3333333332416 102.8571428571354
3913 33.33333333332673 149.9999999999473 17.1428571428323
3914 33.33333333335688 150.0000000000555 34.28571428568149
3915 33.33333333337018 150.0000000001031 51.42857142857826
3916 33.33333333337018 150.0000000001031 68.57142857144345
3917 33.33333333335687 150.0000000000554 85.71428571428216
3918 33.33333333332675 149.9999999999474 102.8571428571373
3919 33.33333333331873 166.6666666667128 17.14285714283253
3920 33.33333333334886 166.666666666837 34.28571428568044
3921 33.33333333336219 166.666666666887 51.42857142857423
3922 33.33333333336218 166.6666666668869 68.57142857143833
3923 33.33333333334887 166.6666666668369 85.7142857142784
3924 33.33333333331875 166.6666666667126 102.8571428571353
3925 33.33333333329275 183.3333333333132 17.1428571428346
3926 33.33333333332288 183.3333333333802 34.285714285679
3927 33.33333333333617 183.3333333334093 51.42857142856021
3928 33.33333333333618 183.3333333334092 68.57142857142054
3929 33.33333333332287 183.3333333333801 85.71428571426678
3930 33.33333333329276 183.3333333333131 102.8571428571299
3931 49.99999999994807 116.6666666666152 17.14285714283437
3932 49.99999999998519 116.6666666666483 34.28571428568002
3933 50.00000000000162 116.6666666666648 51.42857142856428
3934 50.00000000000161 116.6666666666648 68.57142857142566
3935 49.99999999998516 116.6666666666482 85.71428571427052
3936 49.9999999999481 116.6666666666152 102.8571428571318
3937 49.99999999998025 133.3333333332607 17.14285714283232
3938 50.00000000001734 133.3333333333302 34.28571428568148
3939 50.00000000003379 133.3333333333634 51.42857142857829
3940 50.00000000003379 133.3333333333636 68.57142857144346
3941 50.00000000001732 133.33333333333 85.71428571428224
3942 49.99999999998028 133.3333333332608 102.8571428571372
3943 49.99999999999019 149.9999999999764 17.14285714283207
3944 50.00000000002729 150.0000000000844 34.28571428568251
3945 50.00000000004373 150.000000000132 51.42857142858233
3946 50.00000000004373 150.0000000001321 68.57142857144856
3947 50.00000000002728 150.0000000000844 85.71428571428594
3948 49.99999999999022 149.9999999999764 102.8571428571391
3949 49.99999999998022 166.6666666667445 17.1428571428323
3950 50.00000000001734 166.6666666668688 34.28571428568146
3951 50.00000000003379 166.6666666669188 51.42857142857829
3952 50.00000000003376 166.6666666669187 68.57142857144345
3953 50.00000000001734 166.6666666668687 85.71428571428218
3954 49.99999999998028 166.6666666667443 102.8571428571372
3955 49.9999999999481 183.3333333333313 17.14285714283437
3956 49.9999999999852 183.3333333333983 34.28571428568002
3957 50.00000000000161 183.3333333334276 51.42857142856428
3958 50.00000000000162 183.3333333334274 68.57142857142566
3959 49.99999999998516 183.3333333333983 85.71428571427055
3960 49.9999999999481 183.3333333333312 102.8571428571317
3961 66.66666666663582 116.6666666666061 17.1428571428346
3962 66.66666666667317 116.6666666666391 34.285714285679
3963 66.66666666668877 116.6666666666557 51.42857142856022
3964 66.66666666668874 116.6666666666557 68.57142857142054
3965 66.66666666667319 116.666666666639 85.71428571426678
3966 66.66666666663582 116.6666666666061 102.8571428571299
3967 66.66666666666889 133.3333333332416 17.14285714283253
3968 66.66666666670625 133.3333333333109 34.28571428568045
3969 66.66666666672185 133.3333333333443 51.42857142857424
3970 66.66666666672184 133.3333333333444 68.57142857143835
3971 66.66666666670625 133.3333333333109 85.71428571427847
3972 66.6666666666689 133.3333333332416 102.8571428571354
3973 66.66666666667859 149.9999999999473 17.1428571428323
3974 66.66666666671597 150.0000000000555 34.2857142856815
3975 66.66666666673154 150.0000000001031 51.42857142857829
3976 66.66666666673152 150.0000000001031 68.57142857144345
3977 66.66666666671597 150.0000000000554 85.7142857142822
3978 66.66666666667859 149.9999999999474 102.8571428571373
3979 66.66666666666887 166.6666666667128 17.14285714283253
3980 66.66666666670625 166.666666666837 34.28571428568045
3981 66.66666666672182 166.666666666887 51.42857142857423
3982 66.66666666672182 166.6666666668869 68.57142857143833
3983 66.66666666670625 166.6666666668371 85.71428571427847
3984 66.6666666666689 166.6666666667128 102.8571428571353
3985 66.66666666663578 183.3333333333131 17.1428571428346
3986 66.66666666667314 183.3333333333802 34.28571428567901
3987 66.66666666668871 183.3333333334092 51.42857142856023
3988 66.66666666668874 183.3333333334092 68.57142857142055
3989 66.66666666667318 183.3333333333801 85.71428571426677
3990 66.66666666663582 183.3333333333131 102.8571428571299
3991 83.33333333330519 116.6666666665795 17.14285714283668
3992 83.3333333333249 116.6666666666125 34.28571428567755
3993 83.33333333333368 116.6666666666291 51.4285714285462
3994 83.33333333333358 116.6666666666291 68.57142857140275
3995 83.33333333332484 116.6666666666124 85.71428571425507
3996 83.33333333330513 116.6666666665795 102.8571428571245
3997 83.3333333333223 133.3333333331839 17.1428571428346
3998 83.33333333334204 133.3333333332531 34.285714285679
3999 83.33333333335091 133.3333333332865 51.42857142856023
4000 83.33333333335078 133.3333333332865 68.57142857142054
4001 83.33333333334203 133.3333333332532 85.71428571426677
4002 83.33333333332232 133.3333333331839 102.85714285713
4003 83.33333333332773 149.9999999998534 17.14285714283437
4004 83.33333333334741 149.9999999999615 34.28571428568004
4005 83.33333333335626 150.0000000000092 51.42857142856425
4006 83.33333333335617 150.0000000000092 68.57142857142566
4007 83.33333333334743 149.9999999999615 85.71428571427049
4008 83.33333333332769 149.9999999998535 102.8571428571318
4009 83.33333333332237 166.6666666666013 17.1428571428346
4010 83.33333333334203 166.6666666667256 34.28571428567901
4011 83.33333333335091 166.6666666667755 51.42857142856022
4012 83.33333333335084 166.6666666667755 68.57142857142054
4013 83.33333333334201 166.6666666667255 85.71428571426677
4014 83.33333333332232 166.6666666666011 102.8571428571299
4015 83.33333333330519 183.333333333254 17.14285714283668
4016 83.33333333332492 183.333333333321 34.28571428567755
4017 83.33333333333368 183.3333333333501 51.42857142854621
4018 83.33333333333366 183.3333333333501 68.57142857140275
4019 83.33333333332486 183.333333333321 85.71428571425506
4020 83.33333333330512 183.3333333332539 102.8571428571244
4021 116.6666666665795 116.6666666665795 17.14285714283668
4022 116.6666666666125 116.6666666666124 34.28571428567755
4023 116.6666666666291 116.6666666666291 51.42857142854621
4024 116.666666666629 116.666666666629 68.57142857140275
4025 116.6666666666124 116.6666666666125 85.71428571425506
4026 116.6666666665795 116.6666666665795 102.8571428571244
4027 116.666666666606 133.3333333331838 17.1428571428346
4028 116.666666666639 133.3333333332532 34.285714285679
4029 116.6666666666556 133.3333333332866 51.42857142856023
4030 116.6666666666556 133.3333333332865 68.57142857142054
4031 116.666666666639 133.3333333332532 85.71428571426674
4032 116.6666666666061 133.3333333331839 102.85714285713
4033 116.6666666666152 149.9999999998535 17.14285714283437
4034 116.6666666666482 149.9999999999616 34.28571428568002
4035 116.6666666666648 150.0000000000093 51.42857142856425
4036 116.6666666666648 150.0000000000093 68.57142857142566
4037 116.6666666666481 149.9999999999615 85.71428571427045
4038 116.6666666666152 149.9999999998535 102.8571428571317
4039 116.6666666666061 166.6666666666013 17.1428571428346
4040 116.6666666666391 166.6666666667256 34.28571428567901
4041 116.6666666666557 166.6666666667754 51.42857142856022
4042 116.6666666666557 166.6666666667755 68.57142857142054
4043 116.666666666639 166.6666666667255 85.71428571426675
4044 116.6666666666061 166.6666666666011 102.8571428571299
4045 116.6666666665794 183.333333333254 17.14285714283668
4046 116.6666666666124 183.333333333321 34.28571428567754
4047 116.666666666629 183.3333333333501 51.42857142854621
4048 116.666666666629 183.3333333333501 68.57142857140275
4049 116.6666666666125 183.333333333321 85.71428571425503
4050 116.6666666665795 183.3333333332539 102.8571428571244
4051 133.3333333331838 116.6666666666061 17.1428571428346
4052 133.3333333332532 116.6666666666391 34.285714285679
4053 133.3333333332865 116.6666666666556 51.42857142856023
4054 133.3333333332865 116.6666666666557 68.57142857142054
4055 133.3333333332532 116.666666666639 85.71428571426674
4056 133.3333333331838 116.6666666666061 102.8571428571299
4057 133.3333333332416 133.3333333332416 17.14285714283253
4058 133.3333333333109 133.3333333333109 34.28571428568045
4059 133.3333333333443 133.3333333333443 51.42857142857422
4060 133.3333333333444 133.3333333333444 68.57142857143833
4061 133.3333333333109 133.3333333333109 85.71428571427849
4062 133.3333333332416 133.3333333332416 102.8571428571354
4063 133.3333333332607 149.9999999999474 17.1428571428323
4064 133.33333333333 150.0000000000555 34.28571428568146
4065 133.3333333333635 150.0000000001032 51.42857142857827
4066 133.3333333333635 150.0000000001032 68.57142857144345
4067 133.33333333333 150.0000000000554 85.71428571428218
4068 133.3333333332607 149.9999999999474 102.8571428571372
4069 133.3333333332416 166.6666666667128 17.14285714283253
4070 133.3333333333109 166.6666666668372 34.28571428568045
4071 133.3333333333443 166.6666666668871 51.42857142857423
4072 133.3333333333443 166.6666666668871 68.57142857143833
4073 133.3333333333109 166.666666666837 85.71428571427843
4074 133.3333333332416 166.6666666667127 102.8571428571354
4075 133.3333333331838 183.3333333333132 17.1428571428346
4076 133.3333333332532 183.3333333333801 34.28571428567899
4077 133.3333333332866 183.3333333334092 51.42857142856022
4078 133.3333333332865 183.3333333334093 68.57142857142054
4079 133.3333333332532 183.3333333333801 85.71428571426679
4080 133.3333333331838 183.333333333313 102.8571428571299
4081 149.9999999998535 116.6666666666152 17.14285714283437
4082 149.9999999999615 116.6666666666482 34.28571428568002
4083 150.0000000000092 116.6666666666648 51.42857142856428
4084 150.0000000000093 116.6666666666648 68.57142857142566
4085 149.9999999999615 116.6666666666481 85.71428571427045
4086 149.9999999998535 116.6666666666152 102.8571428571318
4087 149.9999999999474 133.3333333332607 17.14285714283231
4088 150.0000000000555 133.33333333333 34.28571428568146
4089 150.0000000001032 133.3333333333635 51.42857142857827
4090 150.0000000001032 133.3333333333635 68.57142857144345
4091 150.0000000000554 133.33333333333 85.71428571428211
4092 149.9999999999474 133.3333333332608 102.8571428571372
4093 149.9999999999764 149.9999999999764 17.14285714283207
4094 150.0000000000845 150.0000000000844 34.28571428568252
4095 150.0000000001322 150.0000000001321 51.42857142858233
4096 150.000000000132 150.0000000001321 68.57142857144856
4097 150.0000000000844 150.0000000000843 85.71428571428586
4098 149.9999999999764 149.9999999999764 102.8571428571391
4099 149.9999999999474 166.6666666667445 17.1428571428323
4100 150.0000000000555 166.6666666668688 34.28571428568146
4101 150.0000000001032 166.6666666669187 51.42857142857827
4102 150.0000000001032 166.6666666669186 68.57142857144345
4103 150.0000000000554 166.6666666668687 85.71428571428213
4104 149.9999999999474 166.6666666667443 102.8571428571372
4105 149.9999999998535 183.3333333333313 17.14285714283437
4106 149.9999999999616 183.3333333333983 34.28571428568003
4107 150.0000000000093 183.3333333334274 51.42857142856428
4108 150.0000000000093 183.3333333334274 68.57142857142566
4109 149.9999999999615 183.3333333333983 85.71428571427046
4110 149.9999999998535 183.3333333333312 102.8571428571317
4111 166.6666666666012 116.666666666606 17.1428571428346
4112 166.6666666667255 116.6666666666391 34.28571428567898
4113 166.6666666667755 116.6666666666557 51.42857142856022
4114 166.6666666667755 116.6666666666557 68.57142857142054
4115 166.6666666667255 116.666666666639 85.71428571426675
4116 166.6666666666011 116.6666666666061 102.8571428571299
4117 166.6666666667128 133.3333333332416 17.14285714283253
4118 166.6666666668372 133.3333333333109 34.28571428568045
4119 166.6666666668871 133.3333333333443 51.42857142857424
4120 166.666666666887 133.3333333333443 68.57142857143833
4121 166.666666666837 133.3333333333109 85.7142857142785
4122 166.6666666667128 133.3333333332416 102.8571428571354
4123 166.6666666667445 149.9999999999474 17.1428571428323
4124 166.6666666668688 150.0000000000555 34.28571428568147
4125 166.6666666669188 150.0000000001032 51.42857142857829
4126 166.6666666669186 150.0000000001032 68.57142857144345
4127 166.6666666668687 150.0000000000554 85.7142857142822
4128 166.6666666667444 149.9999999999474 102.8571428571372
4129 166.6666666667128 166.6666666667128 17.14285714283253
4130 166.6666666668371 166.6666666668371 34.28571428568045
4131 166.666666666887 166.666666666887 51.42857142857423
4132 166.6666666668869 166.666666666887 68.57142857143833
4133 166.666666666837 166.666666666837 85.71428571427845
4134 166.6666666667128 166.6666666667127 102.8571428571353
4135 166.6666666666012 183.3333333333132 17.1428571428346
4136 166.6666666667255 183.3333333333801 34.28571428567901
4137 166.6666666667754 183.3333333334092 51.42857142856022
4138 166.6666666667754 183.3333333334093 68.57142857142054
4139 166.6666666667255 183.3333333333801 85.71428571426677
4140 166.6666666666011 183.333333333313 102.8571428571299
4141 183.333333333254 116.6666666665795 17.14285714283668
4142 183.3333333333211 116.6666666666124 34.28571428567756
4143 183.3333333333502 116.666666666629 51.42857142854621
4144 183.3333333333501 116.666666666629 68.57142857140275
4145 183.333333333321 116.6666666666125 85.71428571425504
4146 183.333333333254 116.6666666665795 102.8571428571244
4147 183.3333333333132 133.3333333331838 17.1428571428346
4148 183.3333333333802 133.3333333332532 34.285714285679
4149 183.3333333334092 133.3333333332866 51.42857142856021
4150 183.3333333334093 133.3333333332865 68.57142857142055
4151 183.3333333333801 133.3333333332532 85.71428571426678
4152 183.333333333313 133.3333333331838 102.85714285713
4153 183.3333333333313 149.9999999998535 17.14285714283437
4154 183.3333333333983 149.9999999999616 34.28571428568002
4155 183.3333333334275 150.0000000000093 51.42857142856425
4156 183.3333333334274 150.0000000000093 68.57142857142566
4157 183.3333333333983 149.9999999999615 85.71428571427047
4158 183.3333333333312 149.9999999998535 102.8571428571317
4159 183.3333333333132 166.6666666666013 17.1428571428346
4160 183.3333333333802 166.6666666667256 34.285714285679
4161 183.3333333334092 166.6666666667754 51.42857142856022
4162 183.3333333334093 166.6666666667755 68.57142857142054
4163 183.3333333333801 166.6666666667254 85.71428571426678
4164 183.333333333313 166.6666666666011 102.8571428571299
4165 183.3333333332539 183.3333333332539 17.14285714283668
4166 183.333333333321 183.333333333321 34.28571428567756
4167 183.3333333333501 183.3333333333501 51.42857142854621
4168 183.3333333333501 183.3333333333501 68.57142857140275
4169 183.3333333333209 183.3333333333209 85.71428571425507
4170 183.3333333332539 183.3333333332538 102.8571428571244
4171 216.6666666665713 116.6666666665795 17.14285714283668
4172 216.6666666666132 116.6666666666125 34.28571428567751
4173 216.6666666666338 116.6666666666291 51.42857142854621
4174 216.6666666666338 116.6666666666291 68.57142857140275
4175 216.6666666666132 116.6666666666124 85.71428571425506
4176 216.6666666665712 116.6666666665795 102.8571428571244
4177 216.6666666666062 133.3333333331838 17.1428571428346
4178 216.6666666666483 133.3333333332531 34.28571428567896
4179 216.6666666666688 133.3333333332865 51.42857142856019
4180 216.6666666666687 133.3333333332865 68.57142857142054
4181 216.6666666666482 133.3333333332532 85.71428571426672
4182 216.6666666666061 133.3333333331839 102.85714285713
4183 216.6666666666178 149.9999999998535 17.14285714283437
4184 216.6666666666599 149.9999999999616 34.28571428568001
4185 216.6666666666805 150.0000000000093 51.42857142856425
4186 216.6666666666804 150.0000000000093 68.57142857142566
4187 216.6666666666598 149.9999999999615 85.71428571427046
4188 216.6666666666177 149.9999999998535 102.8571428571318
4189 216.6666666666062 166.6666666666013 17.1428571428346
4190 216.6666666666483 166.6666666667255 34.28571428567898
4191 216.6666666666688 166.6666666667754 51.42857142856022
4192 216.6666666666687 166.6666666667754 68.57142857142054
4193 216.6666666666483 166.6666666667255 85.71428571426677
4194 216.6666666666061 166.6666666666011 102.8571428571299
4195 216.6666666665714 183.3333333332539 17.14285714283668
4196 216.6666666666134 183.333333333321 34.28571428567751
4197 216.666666666634 183.3333333333501 51.42857142854621
4198 216.6666666666339 183.3333333333501 68.57142857140275
4199 216.6666666666133 183.3333333333208 85.71428571425507
4200 216.6666666665712 183.3333333332539 102.8571428571244
4201 233.3333333331787 116.6666666666061 17.14285714283459
4202 233.3333333332657 116.666666666639 34.28571428567896
4203 233.3333333333059 116.6666666666556 51.42857142856019
4204 233.333333333306 116.6666666666556 68.57142857142054
4205 233.3333333332656 116.666666666639 85.71428571426672
4206 233.3333333331785 116.6666666666061 102.8571428571299
4207 233.3333333332528 133.3333333332415 17.14285714283253
4208 233.3333333333398 133.333333333311 34.28571428568041
4209 233.33333333338 133.3333333333443 51.42857142857421
4210 233.3333333333801 133.3333333333443 68.57142857143833
4211 233.3333333333397 133.3333333333108 85.71428571427847
4212 233.3333333332526 133.3333333332415 102.8571428571354
4213 233.3333333332766 149.9999999999473 17.1428571428323
4214 233.3333333333636 150.0000000000555 34.28571428568146
4215 233.3333333334039 150.0000000001032 51.42857142857827
4216 233.333333333404 150.0000000001032 68.57142857144345
4217 233.3333333333636 150.0000000000554 85.71428571428217
4218 233.3333333332765 149.9999999999474 102.8571428571372
4219 233.3333333332528 166.6666666667128 17.14285714283251
4220 233.33333333334 166.6666666668371 34.28571428568042
4221 233.3333333333801 166.666666666887 51.4285714285742
4222 233.3333333333801 166.6666666668869 68.57142857143833
4223 233.3333333333397 166.666666666837 85.71428571427847
4224 233.3333333332526 166.6666666667128 102.8571428571353
4225 233.3333333331788 183.3333333333131 17.14285714283459
4226 233.3333333332657 183.3333333333801 34.28571428567896
4227 233.3333333333058 183.3333333334091 51.42857142856019
4228 233.3333333333059 183.3333333334092 68.57142857142054
4229 233.3333333332657 183.3333333333801 85.71428571426677
4230 233.3333333331785 183.333333333313 102.8571428571299
4231 249.999999999885 116.6666666666152 17.14285714283436
4232 250.0000000000132 116.6666666666482 34.28571428567999
4233 250.0000000000667 116.6666666666648 51.42857142856428
4234 250.0000000000667 116.6666666666648 68.57142857142564
4235 250.0000000000132 116.6666666666481 85.71428571427052
4236 249.999999999885 116.6666666666152 102.8571428571318
4237 249.999999999998 133.3333333332606 17.14285714283229
4238 250.0000000001262 133.33333333333 34.28571428568145
4239 250.0000000001798 133.3333333333635 51.42857142857827
4240 250.0000000001797 133.3333333333635 68.57142857144343
4241 250.0000000001262 133.33333333333 85.71428571428218
4242 249.999999999998 133.3333333332608 102.8571428571372
4243 250.0000000000313 149.9999999999763 17.14285714283207
4244 250.0000000001595 150.0000000000843 34.2857142856825
4245 250.000000000213 150.000000000132 51.42857142858233
4246 250.0000000002131 150.000000000132 68.57142857144862
4247 250.0000000001594 150.0000000000843 85.71428571428592
4248 250.0000000000313 149.9999999999762 102.8571428571391
4249 249.9999999999982 166.6666666667445 17.14285714283228
4250 250.0000000001262 166.6666666668688 34.28571428568145
4251 250.0000000001799 166.6666666669187 51.42857142857827
4252 250.0000000001799 166.6666666669186 68.57142857144345
4253 250.0000000001261 166.6666666668687 85.71428571428218
4254 249.9999999999981 166.6666666667443 102.8571428571372
4255 249.999999999885 183.3333333333311 17.14285714283436
4256 250.0000000000132 183.3333333333981 34.28571428568002
4257 250.0000000000668 183.3333333334274 51.42857142856428
4258 250.0000000000668 183.3333333334274 68.57142857142571
4259 250.0000000000132 183.3333333333981 85.71428571427053
4260 249.999999999885 183.3333333333312 102.8571428571318
4261 266.6666666665479 116.6666666666061 17.14285714283459
4262 266.6666666666587 116.666666666639 34.28571428567899
4263 266.666666666706 116.6666666666556 51.42857142856022
4264 266.666666666706 116.6666666666556 68.57142857142054
4265 266.6666666666587 116.6666666666389 85.71428571426675
4266 266.6666666665481 116.666666666606 102.8571428571299
4267 266.6666666666454 133.3333333332416 17.14285714283253
4268 266.6666666667559 133.3333333333109 34.28571428568044
4269 266.6666666668031 133.3333333333442 51.42857142857423
4270 266.6666666668033 133.3333333333443 68.57142857143833
4271 266.6666666667558 133.3333333333109 85.71428571427846
4272 266.6666666666453 133.3333333332417 102.8571428571354
4273 266.6666666666744 149.9999999999474 17.1428571428323
4274 266.6666666667851 150.0000000000555 34.28571428568146
4275 266.6666666668325 150.0000000001032 51.42857142857827
4276 266.6666666668324 150.0000000001032 68.57142857144345
4277 266.6666666667854 150.0000000000554 85.71428571428214
4278 266.6666666666744 149.9999999999474 102.8571428571372
4279 266.6666666666453 166.6666666667128 17.14285714283251
4280 266.6666666667558 166.666666666837 34.28571428568045
4281 266.6666666668031 166.666666666887 51.42857142857423
4282 266.6666666668033 166.6666666668869 68.57142857143833
4283 266.6666666667558 166.666666666837 85.71428571427843
4284 266.6666666666453 166.6666666667127 102.8571428571353
4285 266.6666666665479 183.3333333333131 17.14285714283459
4286 266.6666666666587 183.3333333333802 34.28571428567898
4287 266.6666666667059 183.3333333334092 51.42857142856023
4288 266.6666666667059 183.3333333334092 68.57142857142055
4289 266.6666666666588 183.3333333333801 85.71428571426677
4290 266.6666666665479 183.333333333313 102.8571428571299
4291 283.3333333332413 116.6666666665795 17.14285714283668
4292 283.3333333332981 116.6666666666125 34.28571428567755
4293 283.3333333333239 116.6666666666291 51.42857142854621
4294 283.333333333324 116.6666666666291 68.57142857140276
4295 283.333333333298 116.6666666666125 85.71428571425504
4296 283.3333333332414 116.6666666665795 102.8571428571245
4297 283.3333333332901 133.3333333331838 17.1428571428346
4298 283.3333333333468 133.3333333332532 34.28571428567901
4299 283.3333333333727 133.3333333332866 51.42857142856022
4300 283.3333333333727 133.3333333332865 68.57142857142054
4301 283.3333333333467 133.3333333332532 85.71428571426671
4302 283.3333333332902 133.3333333331839 102.85714285713
4303 283.3333333333057 149.9999999998535 17.14285714283437
4304 283.3333333333624 149.9999999999616 34.28571428568002
4305 283.3333333333883 150.0000000000093 51.42857142856425
4306 283.3333333333883 150.0000000000093 68.57142857142566
4307 283.3333333333624 149.9999999999615 85.71428571427047
4308 283.3333333333056 149.9999999998535 102.8571428571318
4309 283.3333333332899 166.6666666666013 17.1428571428346
4310 283.3333333333468 166.6666666667256 34.285714285679
4311 283.3333333333727 166.6666666667755 51.42857142856021
4312 283.3333333333727 166.6666666667755 68.57142857142054
4313 283.3333333333467 166.6666666667255 85.71428571426678
4314 283.3333333332899 166.6666666666011 102.8571428571299
4315 283.3333333332414 183.3333333332539 17.14285714283668
4316 283.3333333332982 183.333333333321 34.28571428567756
4317 283.333333333324 183.3333333333501 51.42857142854621
4318 283.333333333324 183.3333333333501 68.57142857140275
4319 283.3333333332978 183.333333333321 85.71428571425507
4320 283.3333333332415 183.3333333332538 102.8571428571244
4321 16.66666666663509 216.6666666665714 17.14285714283667
4322 16.66666666664928 216.6666666666135 34.28571428567753
4323 16.66666666665615 216.6666666666341 51.42857142854621
4324 16.66666666665615 216.666666666634 68.57142857140275
4325 16.66666666664928 216.6666666666135 85.71428571425508
4326 16.66666666663508 216.6666666665714 102.8571428571244
4327 16.66666666664691 233.3333333331787 17.14285714283459
4328 16.66666666666111 233.3333333332658 34.28571428567897
4329 16.66666666666796 233.3333333333061 51.42857142856019
4330 16.66666666666798 233.3333333333059 68.57142857142048
4331 16.6666666666611 233.3333333332657 85.71428571426677
4332 16.66666666664691 233.3333333331786 102.8571428571299
4333 16.66666666665087 249.9999999998852 17.14285714283437
4334 16.66666666666507 250.0000000000135 34.28571428568002
4335 16.66666666667194 250.0000000000668 51.42857142856426
4336 16.66666666667194 250.0000000000668 68.57142857142564
4337 16.66666666666507 250.0000000000133 85.71428571427055
4338 16.66666666665087 249.9999999998851 102.8571428571318
4339 16.66666666664691 266.6666666665479 17.1428571428346
4340 16.66666666666111 266.6666666666587 34.28571428567899
4341 16.66666666666798 266.666666666706 51.42857142856022
4342 16.66666666666799 266.666666666706 68.57142857142054
4343 16.6666666666611 266.6666666666587 85.71428571426674
4344 16.66666666664691 266.666666666548 102.85714285713
4345 16.66666666663508 283.3333333332414 17.14285714283668
4346 16.66666666664928 283.3333333332981 34.28571428567755
4347 16.66666666665615 283.3333333333239 51.42857142854621
4348 16.66666666665615 283.3333333333239 68.57142857140275
4349 16.66666666664928 283.3333333332978 85.71428571425508
4350 16.66666666663509 283.3333333332413 102.8571428571245
4351 33.33333333329274 216.6666666666063 17.1428571428346
4352 33.33333333332286 216.6666666666482 34.28571428567898
4353 33.33333333333616 216.666666666669 51.42857142856022
4354 33.33333333333619 216.666666666669 68.57142857142054
4355 33.33333333332286 216.6666666666483 85.71428571426674
4356 33.33333333329276 216.6666666666062 102.85714285713
4357 33.33333333331876 233.3333333332529 17.14285714283253
4358 33.3333333333489 233.3333333333401 34.28571428568043
4359 33.33333333336221 233.3333333333802 51.42857142857419
4360 33.33333333336219 233.3333333333802 68.57142857143833
4361 33.3333333333489 233.3333333333399 85.71428571427847
4362 33.33333333331878 233.3333333332527 102.8571428571354
4363 33.33333333332673 249.9999999999983 17.1428571428323
4364 33.33333333335685 250.0000000001264 34.28571428568147
4365 33.33333333337018 250.0000000001799 51.42857142857825
4366 33.33333333337016 250.0000000001801 68.57142857144345
4367 33.33333333335687 250.0000000001265 85.71428571428224
4368 33.33333333332673 249.9999999999981 102.8571428571373
4369 33.33333333331873 266.6666666666452 17.14285714283253
4370 33.33333333334888 266.6666666667559 34.28571428568043
4371 33.33333333336219 266.6666666668032 51.42857142857423
4372 33.33333333336219 266.6666666668032 68.57142857143833
4373 33.33333333334888 266.6666666667558 85.71428571427845
4374 33.33333333331876 266.6666666666453 102.8571428571354
4375 33.33333333329274 283.3333333332901 17.1428571428346
4376 33.33333333332286 283.3333333333468 34.28571428567899
4377 33.33333333333616 283.3333333333728 51.42857142856022
4378 33.33333333333619 283.3333333333728 68.57142857142054
4379 33.33333333332286 283.3333333333468 85.71428571426678
4380 33.33333333329273 283.3333333332901 102.85714285713
4381 49.9999999999481 216.6666666666179 17.14285714283437
4382 49.99999999998516 216.66666666666 34.28571428568001
4383 50.00000000000162 216.6666666666806 51.42857142856429
4384 50.00000000000163 216.6666666666806 68.57142857142566
4385 49.99999999998516 216.66666666666 85.71428571427049
4386 49.9999999999481 216.666666666618 102.8571428571318
4387 49.99999999998025 233.3333333332765 17.1428571428323
4388 50.00000000001734 233.3333333333638 34.28571428568146
4389 50.00000000003379 233.3333333334039 51.42857142857827
4390 50.00000000003379 233.333333333404 68.57142857144345
4391 50.00000000001733 233.3333333333636 85.71428571428224
4392 49.99999999998028 233.3333333332764 102.8571428571372
4393 49.9999999999902 250.0000000000314 17.14285714283207
4394 50.00000000002729 250.0000000001596 34.2857142856825
4395 50.00000000004373 250.000000000213 51.42857142858233
4396 50.00000000004373 250.0000000002131 68.57142857144862
4397 50.0000000000273 250.0000000001595 85.71428571428601
4398 49.99999999999022 250.0000000000313 102.8571428571391
4399 49.99999999998022 266.6666666666744 17.1428571428323
4400 50.00000000001734 266.6666666667849 34.28571428568147
4401 50.00000000003379 266.6666666668323 51.42857142857827
4402 50.00000000003376 266.6666666668324 68.57142857144345
4403 50.00000000001734 266.666666666785 85.71428571428218
4404 49.99999999998028 266.6666666666744 102.8571428571373
4405 49.99999999994803 283.3333333333056 17.14285714283437
4406 49.99999999998516 283.3333333333622 34.28571428568002
4407 50.00000000000158 283.3333333333881 51.42857142856428
4408 50.00000000000159 283.3333333333881 68.57142857142566
4409 49.99999999998516 283.3333333333621 85.71428571427053
4410 49.99999999994807 283.3333333333056 102.8571428571318
4411 66.66666666663582 216.6666666666062 17.14285714283459
4412 66.66666666667315 216.6666666666482 34.285714285679
4413 66.66666666668877 216.6666666666689 51.42857142856023
4414 66.66666666668874 216.6666666666688 68.57142857142054
4415 66.66666666667321 216.6666666666483 85.71428571426679
4416 66.66666666663582 216.6666666666062 102.85714285713
4417 66.66666666666892 233.3333333332528 17.14285714283251
4418 66.66666666670628 233.33333333334 34.28571428568045
4419 66.66666666672185 233.3333333333801 51.42857142857424
4420 66.66666666672185 233.3333333333802 68.57142857143833
4421 66.66666666670628 233.3333333333399 85.71428571427847
4422 66.6666666666689 233.3333333332527 102.8571428571354
4423 66.66666666667857 249.9999999999981 17.1428571428323
4424 66.66666666671594 250.0000000001263 34.28571428568146
4425 66.66666666673149 250.00000000018 51.42857142857827
4426 66.66666666673152 250.0000000001799 68.57142857144345
4427 66.66666666671597 250.0000000001262 85.71428571428224
4428 66.66666666667855 249.9999999999981 102.8571428571373
4429 66.66666666666887 266.6666666666453 17.14285714283251
4430 66.66666666670625 266.6666666667559 34.28571428568045
4431 66.66666666672182 266.6666666668032 51.42857142857423
4432 66.66666666672182 266.6666666668033 68.57142857143833
4433 66.66666666670625 266.6666666667559 85.71428571427849
4434 66.66666666666887 266.6666666666453 102.8571428571355
4435 66.66666666663578 283.3333333332901 17.1428571428346
4436 66.66666666667314 283.3333333333467 34.28571428567901
4437 66.66666666668874 283.3333333333727 51.42857142856022
4438 66.66666666668874 283.3333333333727 68.57142857142054
4439 66.66666666667317 283.3333333333468 85.71428571426677
4440 66.66666666663582 283.3333333332899 102.85714285713
4441 83.33333333330519 216.6666666665714 17.14285714283667
4442 83.33333333332494 216.6666666666135 34.28571428567754
4443 83.33333333333373 216.6666666666341 51.42857142854621
4444 83.3333333333337 216.666666666634 68.57142857140275
4445 83.33333333332486 216.6666666666134 85.71428571425508
4446 83.33333333330515 216.6666666665714 102.8571428571245
4447 83.33333333332237 233.3333333331786 17.14285714283459
4448 83.33333333334208 233.3333333332657 34.285714285679
4449 83.33333333335085 233.333333333306 51.42857142856019
4450 83.33333333335084 233.3333333333059 68.57142857142054
4451 83.33333333334203 233.3333333332657 85.71428571426675
4452 83.33333333332236 233.3333333331784 102.8571428571299
4453 83.33333333332773 249.9999999998852 17.14285714283437
4454 83.33333333334744 250.0000000000134 34.28571428568003
4455 83.33333333335624 250.0000000000669 51.42857142856425
4456 83.33333333335619 250.0000000000668 68.57142857142566
4457 83.33333333334741 250.0000000000133 85.71428571427052
4458 83.33333333332774 249.999999999885 102.8571428571318
4459 83.33333333332236 266.6666666665481 17.1428571428346
4460 83.33333333334207 266.6666666666587 34.285714285679
4461 83.33333333335085 266.666666666706 51.42857142856019
4462 83.33333333335082 266.666666666706 68.57142857142054
4463 83.33333333334201 266.6666666666587 85.71428571426678
4464 83.33333333332232 266.666666666548 102.8571428571299
4465 83.33333333330519 283.3333333332415 17.14285714283668
4466 83.3333333333249 283.3333333332982 34.28571428567755
4467 83.33333333333368 283.333333333324 51.42857142854621
4468 83.33333333333366 283.333333333324 68.57142857140275
4469 83.33333333332484 283.3333333332978 85.71428571425507
4470 83.33333333330512 283.3333333332413 102.8571428571244
4471 116.6666666665795 216.6666666665713 17.14285714283668
4472 116.6666666666125 216.6666666666132 34.28571428567754
4473 116.666666666629 216.6666666666338 51.42857142854621
4474 116.6666666666291 216.6666666666338 68.57142857140275
4475 116.6666666666124 216.6666666666132 85.71428571425506
4476 116.6666666665795 216.6666666665712 102.8571428571245
4477 116.666666666606 233.3333333331785 17.14285714283459
4478 116.666666666639 233.3333333332657 34.28571428567897
4479 116.6666666666556 233.3333333333058 51.4285714285602
4480 116.6666666666556 233.3333333333059 68.57142857142054
4481 116.6666666666389 233.3333333332656 85.71428571426674
4482 116.6666666666061 233.3333333331785 102.8571428571299
4483 116.6666666666152 249.999999999885 17.14285714283437
4484 116.6666666666482 250.0000000000131 34.28571428568002
4485 116.6666666666648 250.0000000000667 51.42857142856425
4486 116.6666666666648 250.0000000000668 68.57142857142564
4487 116.6666666666481 250.0000000000131 85.71428571427052
4488 116.6666666666152 249.999999999885 102.8571428571318
4489 116.6666666666061 266.666666666548 17.1428571428346
4490 116.6666666666391 266.6666666666587 34.28571428567899
4491 116.6666666666556 266.666666666706 51.42857142856022
4492 116.6666666666556 266.666666666706 68.57142857142054
4493 116.666666666639 266.6666666666587 85.71428571426674
4494 116.6666666666061 266.6666666665481 102.85714285713
4495 116.6666666665795 283.3333333332412 17.14285714283668
4496 116.6666666666125 283.333333333298 34.28571428567755
4497 116.6666666666291 283.3333333333239 51.42857142854621
4498 116.666666666629 283.3333333333239 68.57142857140275
4499 116.6666666666125 283.3333333332978 85.71428571425506
4500 116.6666666665795 283.3333333332413 102.8571428571245
4501 133.3333333331837 216.6666666666062 17.1428571428346
4502 133.3333333332531 216.6666666666481 34.28571428567896
4503 133.3333333332865 216.6666666666686 51.42857142856023
4504 133.3333333332865 216.6666666666687 68.57142857142054
4505 133.3333333332531 216.6666666666481 85.71428571426672
4506 133.3333333331837 216.6666666666061 102.85714285713
4507 133.3333333332415 233.3333333332526 17.14285714283253
4508 133.3333333333109 233.3333333333398 34.28571428568042
4509 133.3333333333443 233.3333333333801 51.42857142857422
4510 133.3333333333443 233.3333333333802 68.57142857143833
4511 133.3333333333108 233.3333333333397 85.71428571427847
4512 133.3333333332415 233.3333333332526 102.8571428571354
4513 133.3333333332607 249.999999999998 17.14285714283229
4514 133.33333333333 250.0000000001263 34.28571428568146
4515 133.3333333333635 250.0000000001799 51.42857142857826
4516 133.3333333333635 250.0000000001799 68.57142857144343
4517 133.33333333333 250.0000000001262 85.71428571428224
4518 133.3333333332607 249.9999999999981 102.8571428571372
4519 133.3333333332416 266.6666666666453 17.14285714283253
4520 133.3333333333109 266.6666666667558 34.28571428568044
4521 133.3333333333442 266.6666666668033 51.42857142857423
4522 133.3333333333443 266.6666666668033 68.57142857143833
4523 133.3333333333109 266.6666666667558 85.71428571427843
4524 133.3333333332416 266.6666666666453 102.8571428571354
4525 133.3333333331837 283.3333333332901 17.1428571428346
4526 133.3333333332532 283.3333333333468 34.28571428567901
4527 133.3333333332866 283.3333333333726 51.42857142856022
4528 133.3333333332865 283.3333333333726 68.57142857142054
4529 133.3333333332532 283.3333333333467 85.71428571426678
4530 133.3333333331838 283.3333333332901 102.85714285713
4531 149.9999999998535 216.6666666666177 17.14285714283437
4532 149.9999999999615 216.6666666666599 34.28571428568001
4533 150.0000000000091 216.6666666666805 51.42857142856429
4534 150.0000000000093 216.6666666666804 68.57142857142564
4535 149.9999999999615 216.6666666666598 85.7142857142704
4536 149.9999999998534 216.6666666666177 102.8571428571318
4537 149.9999999999473 233.3333333332766 17.1428571428323
4538 150.0000000000554 233.3333333333636 34.28571428568146
4539 150.0000000001031 233.3333333334039 51.42857142857827
4540 150.0000000001031 233.333333333404 68.57142857144345
4541 150.0000000000554 233.3333333333636 85.71428571428217
4542 149.9999999999473 233.3333333332765 102.8571428571372
4543 149.9999999999764 250.0000000000314 17.14285714283207
4544 150.0000000000843 250.0000000001595 34.28571428568249
4545 150.000000000132 250.000000000213 51.42857142858232
4546 150.000000000132 250.0000000002131 68.57142857144861
4547 150.0000000000844 250.0000000001595 85.71428571428586
4548 149.9999999999763 250.0000000000313 102.8571428571391
4549 149.9999999999474 266.6666666666744 17.1428571428323
4550 150.0000000000555 266.6666666667852 34.28571428568146
4551 150.0000000001032 266.6666666668324 51.42857142857827
4552 150.0000000001032 266.6666666668324 68.57142857144345
4553 150.0000000000554 266.6666666667851 85.7142857142821
4554 149.9999999999474 266.6666666666744 102.8571428571372
4555 149.9999999998535 283.3333333333055 17.14285714283437
4556 149.9999999999616 283.3333333333624 34.28571428568002
4557 150.0000000000092 283.3333333333883 51.42857142856425
4558 150.0000000000092 283.3333333333883 68.57142857142566
4559 149.9999999999615 283.3333333333624 85.71428571427047
4560 149.9999999998535 283.3333333333056 102.8571428571318
4561 166.6666666666012 216.6666666666061 17.14285714283458
4562 166.6666666667255 216.6666666666481 34.28571428567898
4563 166.6666666667755 216.6666666666687 51.42857142856022
4564 166.6666666667755 216.6666666666687 68.57142857142054
4565 166.6666666667255 216.6666666666481 85.71428571426672
4566 166.6666666666011 216.6666666666061 102.85714285713
4567 166.6666666667128 233.3333333332527 17.14285714283251
4568 166.6666666668371 233.3333333333398 34.28571428568042
4569 166.666666666887 233.3333333333801 51.42857142857424
4570 166.6666666668869 233.3333333333801 68.57142857143833
4571 166.666666666837 233.3333333333397 85.71428571427847
4572 166.6666666667128 233.3333333332525 102.8571428571353
4573 166.6666666667445 249.9999999999981 17.1428571428323
4574 166.6666666668689 250.0000000001262 34.28571428568146
4575 166.6666666669186 250.0000000001799 51.42857142857826
4576 166.6666666669186 250.0000000001799 68.57142857144345
4577 166.6666666668688 250.0000000001262 85.71428571428224
4578 166.6666666667443 249.999999999998 102.8571428571372
4579 166.6666666667128 266.6666666666453 17.14285714283251
4580 166.666666666837 266.6666666667559 34.28571428568044
4581 166.666666666887 266.6666666668031 51.42857142857423
4582 166.6666666668869 266.6666666668033 68.57142857143833
4583 166.666666666837 266.6666666667558 85.71428571427843
4584 166.6666666667127 266.6666666666453 102.8571428571354
4585 166.6666666666012 283.3333333332901 17.1428571428346
4586 166.6666666667255 283.3333333333468 34.285714285679
4587 166.6666666667755 283.3333333333727 51.42857142856022
4588 166.6666666667755 283.3333333333728 68.57142857142054
4589 166.6666666667255 283.3333333333468 85.71428571426677
4590 166.6666666666011 283.3333333332899 102.8571428571299
4591 183.333333333254 216.6666666665714 17.14285714283668
4592 183.333333333321 216.6666666666133 34.28571428567751
4593 183.3333333333501 216.6666666666339 51.42857142854621
4594 183.3333333333501 216.6666666666339 68.57142857140275
4595 183.3333333333208 216.6666666666133 85.71428571425507
4596 183.3333333332539 216.6666666665713 102.8571428571245
4597 183.3333333333132 233.3333333331785 17.14285714283458
4598 183.3333333333801 233.3333333332656 34.28571428567896
4599 183.3333333334092 233.3333333333058 51.42857142856019
4600 183.3333333334092 233.3333333333058 68.57142857142054
4601 183.3333333333801 233.3333333332656 85.71428571426677
4602 183.3333333333131 233.3333333331784 102.8571428571299
4603 183.3333333333314 249.9999999998849 17.14285714283437
4604 183.3333333333983 250.000000000013 34.28571428568002
4605 183.3333333334275 250.0000000000668 51.42857142856425
4606 183.3333333334274 250.0000000000668 68.57142857142564
4607 183.3333333333982 250.000000000013 85.71428571427053
4608 183.3333333333312 249.999999999885 102.8571428571318
4609 183.3333333333131 266.6666666665479 17.1428571428346
4610 183.3333333333803 266.6666666666587 34.28571428567898
4611 183.3333333334092 266.6666666667059 51.42857142856022
4612 183.3333333334092 266.666666666706 68.57142857142055
4613 183.3333333333801 266.6666666666587 85.71428571426677
4614 183.333333333313 266.6666666665479 102.8571428571299
4615 183.3333333332539 283.3333333332414 17.14285714283668
4616 183.333333333321 283.3333333332981 34.28571428567756
4617 183.3333333333501 283.333333333324 51.42857142854621
4618 183.3333333333501 283.333333333324 68.57142857140275
4619 183.333333333321 283.3333333332978 85.71428571425507
4620 183.3333333332539 283.3333333332412 102.8571428571245
4621 216.6666666665715 216.6666666665714 17.14285714283666
4622 216.6666666666135 216.6666666666135 34.28571428567751
4623 216.6666666666339 216.6666666666339 51.4285714285462
4624 216.666666666634 216.666666666634 68.57142857140273
4625 216.6666666666134 216.6666666666134 85.71428571425507
4626 216.6666666665714 216.6666666665714 102.8571428571245
4627 216.6666666666063 233.3333333331787 17.14285714283459
4628 216.6666666666482 233.3333333332656 34.28571428567896
4629 216.6666666666689 233.333333333306 51.42857142856019
4630 216.6666666666688 233.3333333333059 68.57142857142054
4631 216.6666666666482 233.3333333332656 85.71428571426677
4632 216.6666666666061 233.3333333331784 102.8571428571299
4633 216.6666666666181 249.9999999998851 17.14285714283436
4634 216.6666666666601 250.0000000000132 34.28571428567997
4635 216.6666666666807 250.0000000000668 51.42857142856425
4636 216.6666666666807 250.000000000067 68.57142857142564
4637 216.66666666666 250.0000000000132 85.71428571427052
4638 216.6666666666179 249.9999999998851 102.8571428571318
4639 216.6666666666063 266.6666666665481 17.14285714283459
4640 216.6666666666482 266.6666666666587 34.28571428567899
4641 216.6666666666688 266.666666666706 51.42857142856022
4642 216.6666666666688 266.6666666667061 68.57142857142054
4643 216.6666666666483 266.6666666666588 85.71428571426679
4644 216.6666666666061 266.666666666548 102.85714285713
4645 216.6666666665714 283.3333333332412 17.14285714283666
4646 216.6666666666134 283.3333333332979 34.28571428567753
4647 216.666666666634 283.3333333333239 51.42857142854621
4648 216.666666666634 283.3333333333237 68.57142857140275
4649 216.6666666666134 283.3333333332978 85.71428571425506
4650 216.6666666665714 283.3333333332413 102.8571428571244
4651 233.3333333331786 216.6666666666061 17.14285714283459
4652 233.3333333332657 216.6666666666482 34.28571428567896
4653 233.3333333333059 216.6666666666688 51.42857142856021
4654 233.3333333333059 216.6666666666688 68.57142857142054
4655 233.3333333332656 216.6666666666482 85.71428571426677
4656 233.3333333331784 216.6666666666061 102.8571428571299
4657 233.3333333332529 233.3333333332528 17.14285714283251
4658 233.3333333333399 233.3333333333398 34.28571428568041
4659 233.3333333333801 233.3333333333801 51.42857142857421
4660 233.3333333333801 233.3333333333802 68.57142857143833
4661 233.3333333333398 233.3333333333399 85.71428571427846
4662 233.3333333332527 233.3333333332527 102.8571428571353
4663 233.3333333332768 249.9999999999982 17.14285714283228
4664 233.3333333333638 250.0000000001263 34.28571428568144
4665 233.333333333404 250.0000000001799 51.42857142857827
4666 233.3333333334041 250.00000000018 68.57142857144345
4667 233.3333333333638 250.0000000001264 85.71428571428223
4668 233.3333333332766 249.9999999999982 102.8571428571372
4669 233.3333333332528 266.6666666666454 17.14285714283251
4670 233.3333333333399 266.6666666667558 34.28571428568043
4671 233.3333333333802 266.6666666668033 51.4285714285742
4672 233.3333333333803 266.6666666668033 68.57142857143833
4673 233.3333333333399 266.6666666667558 85.71428571427847
4674 233.3333333332528 266.6666666666453 102.8571428571354
4675 233.3333333331787 283.3333333332901 17.14285714283459
4676 233.3333333332657 283.3333333333468 34.28571428567898
4677 233.3333333333058 283.3333333333726 51.42857142856019
4678 233.3333333333059 283.3333333333727 68.57142857142054
4679 233.3333333332657 283.3333333333467 85.71428571426677
4680 233.3333333331785 283.3333333332902 102.8571428571299
4681 249.9999999998852 216.6666666666179 17.14285714283437
4682 250.0000000000134 216.66666666666 34.28571428567999
4683 250.0000000000669 216.6666666666807 51.42857142856426
4684 250.0000000000669 216.6666666666807 68.57142857142564
4685 250.0000000000132 216.6666666666601 85.7142857142705
4686 249.9999999998852 216.666666666618 102.8571428571318
4687 249.9999999999983 233.3333333332767 17.14285714283228
4688 250.0000000001264 233.3333333333637 34.28571428568144
4689 250.00000000018 233.333333333404 51.42857142857824
4690 250.00000000018 233.333333333404 68.57142857144345
4691 250.0000000001263 233.3333333333638 85.71428571428223
4692 249.9999999999983 233.3333333332766 102.8571428571372
4693 250.0000000000315 250.0000000000314 17.14285714283205
4694 250.0000000001595 250.0000000001595 34.28571428568246
4695 250.0000000002133 250.0000000002132 51.42857142858233
4696 250.0000000002132 250.0000000002131 68.57142857144861
4697 250.0000000001597 250.0000000001595 85.71428571428598
4698 250.0000000000313 250.0000000000315 102.8571428571391
4699 249.9999999999982 266.6666666666744 17.1428571428323
4700 250.0000000001264 266.6666666667852 34.28571428568144
4701 250.00000000018 266.6666666668326 51.42857142857826
4702 250.00000000018 266.6666666668324 68.57142857144351
4703 250.0000000001264 266.6666666667853 85.71428571428218
4704 249.9999999999982 266.6666666666745 102.8571428571373
4705 249.9999999998851 283.3333333333056 17.14285714283436
4706 250.0000000000133 283.3333333333624 34.28571428567999
4707 250.0000000000669 283.3333333333881 51.42857142856425
4708 250.0000000000668 283.3333333333883 68.57142857142566
4709 250.0000000000132 283.3333333333624 85.71428571427053
4710 249.9999999998851 283.3333333333056 102.8571428571318
4711 266.6666666665481 216.6666666666062 17.14285714283459
4712 266.6666666666587 216.6666666666482 34.28571428567896
4713 266.666666666706 216.6666666666688 51.42857142856022
4714 266.6666666667061 216.6666666666688 68.57142857142055
4715 266.6666666666588 216.6666666666482 85.71428571426672
4716 266.666666666548 216.6666666666062 102.8571428571299
4717 266.6666666666454 233.3333333332528 17.14285714283251
4718 266.6666666667558 233.3333333333398 34.28571428568041
4719 266.6666666668034 233.3333333333801 51.4285714285742
4720 266.6666666668033 233.3333333333801 68.57142857143835
4721 266.6666666667558 233.3333333333399 85.71428571427845
4722 266.6666666666453 233.3333333332527 102.8571428571354
4723 266.6666666666744 249.9999999999983 17.14285714283228
4724 266.6666666667852 250.0000000001264 34.28571428568145
4725 266.6666666668326 250.0000000001798 51.42857142857827
4726 266.6666666668324 250.0000000001801 68.57142857144345
4727 266.6666666667853 250.0000000001264 85.71428571428223
4728 266.6666666666744 249.9999999999982 102.8571428571373
4729 266.6666666666454 266.6666666666453 17.14285714283251
4730 266.6666666667558 266.6666666667558 34.28571428568043
4731 266.6666666668033 266.6666666668033 51.4285714285742
4732 266.6666666668033 266.6666666668033 68.57142857143833
4733 266.666666666756 266.6666666667559 85.71428571427843
4734 266.6666666666453 266.6666666666453 102.8571428571354
4735 266.666666666548 283.3333333332902 17.14285714283459
4736 266.6666666666587 283.3333333333468 34.285714285679
4737 266.666666666706 283.3333333333727 51.42857142856019
4738 266.6666666667061 283.3333333333727 68.57142857142054
4739 266.6666666666586 283.3333333333467 85.71428571426677
4740 266.666666666548 283.3333333332899 102.85714285713
4741 283.3333333332413 216.6666666665713 17.14285714283668
4742 283.333333333298 216.6666666666134 34.28571428567753
4743 283.3333333333239 216.6666666666339 51.42857142854621
4744 283.3333333333239 216.666666666634 68.57142857140273
4745 283.333333333298 216.6666666666134 85.71428571425507
4746 283.3333333332414 216.6666666665714 102.8571428571245
4747 283.3333333332902 233.3333333331787 17.14285714283459
4748 283.3333333333469 233.3333333332657 34.28571428567898
4749 283.3333333333729 233.333333333306 51.42857142856019
4750 283.3333333333729 233.3333333333059 68.57142857142054
4751 283.3333333333469 233.3333333332656 85.71428571426677
4752 283.3333333332902 233.3333333331785 102.8571428571299
4753 283.3333333333055 249.9999999998851 17.14285714283437
4754 283.3333333333625 250.0000000000131 34.28571428568002
4755 283.3333333333881 250.0000000000668 51.42857142856425
4756 283.3333333333883 250.0000000000668 68.57142857142566
4757 283.3333333333624 250.0000000000132 85.71428571427053
4758 283.3333333333056 249.9999999998851 102.8571428571318
4759 283.3333333332901 266.666666666548 17.1428571428346
4760 283.3333333333468 266.6666666666587 34.285714285679
4761 283.3333333333727 266.6666666667059 51.42857142856019
4762 283.3333333333727 266.6666666667059 68.57142857142054
4763 283.3333333333467 266.6666666666586 85.71428571426677
4764 283.3333333332902 266.666666666548 102.85714285713
4765 283.3333333332413 283.3333333332412 17.14285714283668
4766 283.3333333332981 283.3333333332979 34.28571428567754
4767 283.3333333333239 283.333333333324 51.42857142854621
4768 283.3333333333241 283.3333333333239 68.57142857140275
4769 283.3333333332979 283.333333333298 85.71428571425507
4770 283.3333333332414 283.3333333332414 102.8571428571245
4771 16.6666666666261 16.6666666666261 140.0000000000235
4772 16.6666666666261 16.6666666666261 159.9999999999927
4773 16.66666666663793 33.33333333327705 140.0000000000513
4774 16.66666666663793 33.33333333327705 160.0000000000082
4775 16.66666666664191 49.99999999992911 140.0000000000584
4776 16.66666666664189 49.99999999992913 160.0000000000129
4777 16.66666666663794 66.66666666661925 140.0000000000513
4778 16.66666666663793 66.66666666661925 160.0000000000084
4779 16.6666666666261 83.33333333329516 140.0000000000235
4780 16.66666666662612 83.33333333329512 159.9999999999927
4781 33.33333333327703 16.66666666663792 140.0000000000513
4782 33.33333333327704 16.66666666663793 160.0000000000083
4783 33.33333333330307 33.33333333330306 140.0000000000792
4784 33.33333333330307 33.33333333330306 160.0000000000238
4785 33.33333333331106 49.99999999996128 140.0000000000863
4786 33.33333333331105 49.99999999996127 160.0000000000285
4787 33.33333333330306 66.66666666665233 140.0000000000792
4788 33.33333333330308 66.66666666665233 160.0000000000239
4789 33.33333333327704 83.33333333331231 140.0000000000513
4790 33.33333333327707 83.3333333333123 160.0000000000083
4791 49.99999999992911 16.66666666664191 140.0000000000584
4792 49.99999999992912 16.66666666664189 160.0000000000129
4793 49.99999999996128 33.33333333331106 140.0000000000863
4794 49.99999999996128 33.33333333331105 160.0000000000285
4795 49.99999999997127 49.99999999997127 140.0000000000933
4796 49.99999999997124 49.99999999997124 160.0000000000333
4797 49.99999999996128 66.66666666666197 140.0000000000862
4798 49.99999999996129 66.666666666662 160.0000000000286
4799 49.99999999992914 83.33333333331768 140.0000000000584
4800 49.99999999992912 83.33333333331765 160.000000000013
4801 66.66666666661919 16.66666666663794 140.0000000000513
4802 66.66666666661925 16.66666666663793 160.0000000000084
4803 66.66666666665228 33.33333333330307 140.0000000000792
4804 66.66666666665233 33.33333333330308 160.000000000024
4805 66.66666666666197 49.99999999996128 140.0000000000862
4806 66.666666666662 49.99999999996129 160.0000000000286
4807 66.6666666666523 66.6666666666523 140.0000000000792
4808 66.6666666666523 66.6666666666523 160.000000000024
4809 66.66666666661922 83.33333333331231 140.0000000000513
4810 66.66666666661922 83.33333333331228 160.0000000000084
4811 83.33333333329516 16.6666666666261 140.0000000000235
4812 83.33333333329514 16.66666666662612 159.9999999999927
4813 83.33333333331231 33.33333333327704 140.0000000000514
4814 83.3333333333123 33.33333333327707 160.0000000000083
4815 83.33333333331767 49.99999999992914 140.0000000000583
4816 83.33333333331765 49.99999999992912 160.000000000013
4817 83.33333333331231 66.66666666661922 140.0000000000513
4818 83.33333333331228 66.66666666661921 160.0000000000084
4819 83.33333333329514 83.33333333329514 140.0000000000235
4820 83.33333333329513 83.33333333329513 159.9999999999928
4821 116.666666666556 16.66666666662612 140.0000000000235
4822 116.666666666556 16.66666666662612 159.9999999999927
4823 116.6666666665826 33.33333333327705 140.0000000000514
4824 116.6666666665825 33.33333333327707 160.0000000000084
4825 116.6666666665916 49.99999999992914 140.0000000000585
4826 116.6666666665916 49.99999999992916 160.000000000013
4827 116.6666666665825 66.66666666661926 140.0000000000514
4828 116.6666666665825 66.66666666661925 160.0000000000084
4829 116.666666666556 83.33333333329516 140.0000000000235
4830 116.6666666665559 83.33333333329513 159.9999999999928
4831 133.33333333314 16.66666666663795 140.0000000000513
4832 133.33333333314 16.66666666663795 160.0000000000084
4833 133.3333333331977 33.33333333330309 140.0000000000792
4834 133.3333333331977 33.33333333330308 160.000000000024
4835 133.3333333332168 49.9999999999613 140.0000000000862
4836 133.3333333332168 49.99999999996132 160.0000000000286
4837 133.3333333331977 66.66666666665233 140.0000000000792
4838 133.3333333331976 66.66666666665233 160.000000000024
4839 133.33333333314 83.33333333331231 140.0000000000513
4840 133.33333333314 83.33333333331231 160.0000000000084
4841 149.9999999997987 16.66666666664192 140.0000000000584
4842 149.9999999997987 16.66666666664192 160.0000000000129
4843 149.9999999998926 33.33333333331107 140.0000000000863
4844 149.9999999998925 33.33333333331107 160.0000000000285
4845 149.9999999999216 49.99999999997127 140.0000000000933
4846 149.9999999999215 49.99999999997127 160.0000000000331
4847 149.9999999998926 66.66666666666202 140.0000000000862
4848 149.9999999998926 66.666666666662 160.0000000000285
4849 149.9999999997987 83.33333333331767 140.0000000000584
4850 149.9999999997986 83.33333333331768 160.000000000013
4851 166.6666666665514 16.66666666663795 140.0000000000513
4852 166.6666666665513 16.66666666663795 160.0000000000082
4853 166.6666666666629 33.33333333330309 140.0000000000792
4854 166.6666666666628 33.33333333330307 160.0000000000238
4855 166.6666666666947 49.99999999996132 140.0000000000862
4856 166.6666666666947 49.9999999999613 160.0000000000285
4857 166.6666666666629 66.66666666665233 140.0000000000792
4858 166.6666666666629 66.66666666665233 160.0000000000238
4859 166.6666666665514 83.33333333331231 140.0000000000513
4860 166.6666666665514 83.33333333331228 160.0000000000082
4861 183.3333333332226 16.66666666662612 140.0000000000234
4862 183.3333333332226 16.66666666662612 159.9999999999928
4863 183.3333333332817 33.33333333327706 140.0000000000513
4864 183.3333333332818 33.33333333327707 160.0000000000083
4865 183.3333333332999 49.99999999992914 140.0000000000584
4866 183.3333333333 49.99999999992915 160.000000000013
4867 183.3333333332819 66.66666666661926 140.0000000000513
4868 183.3333333332818 66.66666666661925 160.0000000000084
4869 183.3333333332226 83.33333333329514 140.0000000000235
4870 183.3333333332227 83.33333333329514 159.9999999999928
4871 216.6666666665435 16.6666666666261 140.0464001558897
4872 216.6666666665436 16.66666666662609 160.0232247881104
4873 216.6666666665785 33.33333333327702 140.0371303485772
4874 216.6666666665785 33.33333333327702 160.0185879865973
4875 216.6666666665903 49.99999999992911 140.0278555746104
4876 216.6666666665902 49.99999999992907 160.013947150185
4877 216.6666666665786 66.66666666661922 140.0185772294685
4878 216.6666666665787 66.66666666661922 160.0093031984838
4879 216.6666666665439 83.33333333329513 140.0092938886974
4880 216.6666666665438 83.33333333329514 160.0046551887617
4881 233.3333333331285 16.66666666663791 140.0927475721307
4882 233.3333333331286 16.6666666666379 160.0464136809315
4883 233.3333333332028 33.33333333330299 140.0742185054084
4884 233.333333333203 33.33333333330297 160.0371472569521
4885 233.3333333332268 49.99999999996119 140.0556795053986
4886 233.3333333332269 49.9999999999612 160.0278727631853
4887 233.333333333203 66.66666666665225 140.0371333630522
4888 233.3333333332032 66.66666666665228 160.01859203885
4889 233.3333333331289 83.33333333331228 140.0185772294685
4890 233.3333333331291 83.33333333331228 160.0093031984838
4891 249.9999999998263 16.66666666664186 140.1390700103091
4892 249.9999999998263 16.66666666664184 160.0695822836919
4893 249.9999999999395 33.33333333331095 140.1112866797854
4894 249.9999999999395 33.33333333331093 160.0556902952561
4895 249.999999999973 49.99999999997117 140.0834884493408
4896 249.9999999999729 49.99999999997115 160.0417862021448
4897 249.99999999994 66.66666666666191 140.0556795053986
4898 249.9999999999399 66.66666666666194 160.0278727631854
4899 249.999999999827 83.33333333331763 140.0278555746106
4900 249.999999999827 83.33333333331764 160.0139471501851
4901 266.6666666664951 16.66666666663787 140.1853745926682
4902 266.666666666495 16.66666666663785 160.0927353100451
4903 266.6666666665925 33.33333333330288 140.1483405695039
4904 266.6666666665924 33.33333333330287 160.0742208724325
4905 266.6666666666219 49.99999999996113 140.1112866797856
4906 266.6666666666218 49.99999999996114 160.0556902952562
4907 266.6666666665929 66.66666666665218 140.0742185054086
4908 266.6666666665929 66.66666666665219 160.0371472569521
4909 266.6666666664958 83.33333333331228 140.0371303485773
4910 266.6666666664959 83.33333333331224 160.0185879865973
4911 283.33333333321 16.66666666662603 140.23165434184
4912 283.33333333321 16.66666666662599 160.1158681619467
4913 283.3333333332589 33.33333333327683 140.1853745926686
4914 283.3333333332587 33.33333333327683 160.0927353100454
4915 283.3333333332746 49.99999999992893 140.1390700103098
4916 283.3333333332746 49.99999999992892 160.0695822836922
4917 283.3333333332592 66.66666666661905 140.0927475721313
4918 283.3333333332592 66.66666666661908 160.0464136809318
4919 283.3333333332105 83.33333333329506 140.0464001558901
4920 283.3333333332105 83.33333333329507 160.0232247881107
4921 16.66666666662612 116.666666666556 140.0000000000235
4922 16.66666666662612 116.666666666556 159.9999999999928
4923 16.66666666663795 133.3333333331399 140.0000000000513
4924 16.66666666663795 133.33333333314 160.0000000000082
4925 16.66666666664191 149.9999999997987 140.0000000000583
4926 16.66666666664191 149.9999999997987 160.000000000013
4927 16.66666666663795 166.6666666665514 140.0000000000513
4928 16.66666666663795 166.6666666665513 160.0000000000082
4929 16.66666666662612 183.3333333332226 140.0000000000235
4930 16.66666666662612 183.3333333332226 159.9999999999927
4931 33.33333333327705 116.6666666665826 140.0000000000514
4932 33.33333333327707 116.6666666665825 160.0000000000083
4933 33.33333333330308 133.3333333331977 140.0000000000792
4934 33.33333333330308 133.3333333331977 160.000000000024
4935 33.33333333331107 149.9999999998925 140.0000000000862
4936 33.33333333331106 149.9999999998926 160.0000000000285
4937 33.33333333330306 166.6666666666629 140.0000000000792
4938 33.33333333330307 166.6666666666628 160.0000000000238
4939 33.33333333327706 183.3333333332817 140.0000000000513
4940 33.33333333327707 183.3333333332818 160.0000000000083
4941 49.99999999992914 116.6666666665917 140.0000000000584
4942 49.99999999992915 116.6666666665916 160.000000000013
4943 49.99999999996131 133.3333333332169 140.0000000000862
4944 49.99999999996128 133.333333333217 160.0000000000286
4945 49.99999999997127 149.9999999999216 140.0000000000934
4946 49.99999999997124 149.9999999999216 160.0000000000331
4947 49.99999999996129 166.6666666666946 140.0000000000863
4948 49.9999999999613 166.6666666666947 160.0000000000285
4949 49.99999999992915 183.3333333332999 140.0000000000583
4950 49.99999999992914 183.3333333332999 160.000000000013
4951 66.66666666661925 116.6666666665826 140.0000000000514
4952 66.66666666661925 116.6666666665825 160.0000000000083
4953 66.66666666665233 133.3333333331977 140.0000000000792
4954 66.66666666665233 133.3333333331977 160.000000000024
4955 66.66666666666202 149.9999999998926 140.0000000000862
4956 66.666666666662 149.9999999998926 160.0000000000286
4957 66.66666666665233 166.6666666666629 140.0000000000792
4958 66.66666666665233 166.666666666663 160.000000000024
4959 66.66666666661922 183.3333333332818 140.0000000000513
4960 66.66666666661922 183.3333333332818 160.0000000000083
4961 83.33333333329514 116.666666666556 140.0000000000236
4962 83.33333333329513 116.666666666556 159.9999999999928
4963 83.33333333331237 133.33333333314 140.0000000000513
4964 83.33333333331231 133.33333333314 160.0000000000084
4965 83.33333333331767 149.9999999997987 140.0000000000584
4966 83.33333333331765 149.9999999997986 160.000000000013
4967 83.33333333331231 166.6666666665515 140.0000000000513
4968 83.33333333331228 166.6666666665514 160.0000000000083
4969 83.33333333329514 183.3333333332226 140.0000000000235
4970 83.33333333329513 183.3333333332226 159.9999999999928
4971 116.666666666556 116.666666666556 140.0000000000236
4972 116.666666666556 116.666666666556 159.9999999999928
4973 116.6666666665826 133.33333333314 140.0000000000514
4974 116.6666666665825 133.33333333314 160.0000000000084
4975 116.6666666665916 149.9999999997988 140.0000000000585
4976 116.6666666665916 149.9999999997987 160.0000000000129
4977 116.6666666665826 166.6666666665515 140.0000000000514
4978 116.6666666665825 166.6666666665515 160.0000000000082
4979 116.666666666556 183.3333333332226 140.0000000000235
4980 116.6666666665559 183.3333333332226 159.9999999999928
4981 133.33333333314 116.6666666665826 140.0000000000514
4982 133.3333333331399 116.6666666665825 160.0000000000083
4983 133.3333333331977 133.3333333331977 140.0000000000792
4984 133.3333333331977 133.3333333331977 160.000000000024
4985 133.3333333332168 149.9999999998927 140.0000000000862
4986 133.3333333332169 149.9999999998926 160.0000000000285
4987 133.3333333331978 166.666666666663 140.0000000000792
4988 133.3333333331977 166.666666666663 160.0000000000239
4989 133.33333333314 183.3333333332819 140.0000000000513
4990 133.33333333314 183.3333333332818 160.0000000000083
4991 149.9999999997988 116.6666666665916 140.0000000000584
4992 149.9999999997987 116.6666666665916 160.000000000013
4993 149.9999999998926 133.3333333332168 140.0000000000862
4994 149.9999999998927 133.3333333332169 160.0000000000285
4995 149.9999999999216 149.9999999999215 140.0000000000934
4996 149.9999999999216 149.9999999999216 160.0000000000332
4997 149.9999999998927 166.6666666666947 140.0000000000863
4998 149.9999999998926 166.6666666666947 160.0000000000285
4999 149.9999999997988 183.3333333332999 140.0000000000584
5000 149.9999999997987 183.3333333332999 160.000000000013
5001 166.6666666665514 116.6666666665826 140.0000000000514
5002 166.6666666665514 116.6666666665824 160.0000000000082
5003 166.666666666663 133.3333333331978 140.0000000000792
5004 166.666666666663 133.3333333331977 160.0000000000239
5005 166.6666666666947 149.9999999998926 140.0000000000862
5006 166.6666666666947 149.9999999998926 160.0000000000285
5007 166.666666666663 166.6666666666631 140.0000000000792
5008 166.6666666666631 166.666666666663 160.0000000000238
5009 166.6666666665515 183.3333333332818 140.0000000000513
5010 166.6666666665515 183.3333333332817 160.0000000000083
5011 183.3333333332227 116.6666666665559 140.0000000000235
5012 183.3333333332226 116.6666666665559 159.9999999999928
5013 183.3333333332819 133.33333333314 140.0000000000514
5014 183.3333333332817 133.3333333331399 160.0000000000083
5015 183.3333333332999 149.9999999997988 140.0000000000584
5016 183.3333333332999 149.9999999997987 160.000000000013
5017 183.3333333332818 166.6666666665515 140.0000000000513
5018 183.3333333332817 166.6666666665515 160.0000000000083
5019 183.3333333332226 183.3333333332226 140.0000000000234
5020 183.3333333332226 183.3333333332226 159.9999999999927
5021 216.6666666665437 116.666666666556 140.0000000000235
5022 216.6666666665438 116.666666666556 159.9999999999928
5023 216.6666666665786 133.33333333314 140.0000000000513
5024 216.6666666665786 133.33333333314 160.0000000000083
5025 216.6666666665903 149.9999999997987 140.0000000000584
5026 216.6666666665903 149.9999999997987 160.0000000000129
5027 216.6666666665786 166.6666666665514 140.0000000000513
5028 216.6666666665787 166.6666666665514 160.0000000000082
5029 216.6666666665438 183.3333333332227 140.0000000000234
5030 216.6666666665438 183.3333333332226 159.9999999999927
5031 233.3333333331293 116.6666666665825 140.0000000000514
5032 233.3333333331292 116.6666666665825 160.0000000000083
5033 233.3333333332033 133.3333333331977 140.0000000000792
5034 233.3333333332033 133.3333333331977 160.000000000024
5035 233.3333333332271 149.9999999998925 140.0000000000862
5036 233.3333333332272 149.9999999998926 160.0000000000285
5037 233.3333333332033 166.666666666663 140.0000000000792
5038 233.3333333332033 166.6666666666631 160.0000000000239
5039 233.3333333331292 183.3333333332817 140.0000000000513
5040 233.3333333331292 183.3333333332817 160.0000000000083
5041 249.999999999827 116.6666666665917 140.0000000000585
5042 249.999999999827 116.6666666665917 160.000000000013
5043 249.9999999999403 133.3333333332169 140.0000000000863
5044 249.9999999999402 133.3333333332169 160.0000000000285
5045 249.9999999999735 149.9999999999215 140.0000000000933
5046 249.9999999999733 149.9999999999215 160.0000000000332
5047 249.9999999999403 166.6666666666947 140.0000000000863
5048 249.9999999999402 166.6666666666948 160.0000000000285
5049 249.9999999998272 183.3333333332999 140.0000000000584
5050 249.9999999998272 183.3333333333 160.0000000000129
5051 266.6666666664959 116.6666666665825 140.0000000000514
5052 266.6666666664962 116.6666666665825 160.0000000000083
5053 266.6666666665932 133.3333333331977 140.0000000000792
5054 266.6666666665933 133.3333333331977 160.0000000000239
5055 266.6666666666223 149.9999999998926 140.0000000000862
5056 266.6666666666226 149.9999999998926 160.0000000000285
5057 266.6666666665932 166.6666666666631 140.0000000000791
5058 266.6666666665933 166.666666666663 160.0000000000238
5059 266.6666666664961 183.3333333332818 140.0000000000513
5060 266.666666666496 183.3333333332818 160.0000000000083
5061 283.3333333332106 116.666666666556 140.0000000000236
5062 283.3333333332106 116.666666666556 159.9999999999928
5063 283.3333333332594 133.33333333314 140.0000000000513
5064 283.3333333332595 133.33333333314 160.0000000000083
5065 283.3333333332749 149.9999999997988 140.0000000000584
5066 283.3333333332751 149.9999999997987 160.0000000000129
5067 283.3333333332591 166.6666666665515 140.0000000000513
5068 283.3333333332594 166.6666666665515 160.0000000000082
5069 283.3333333332108 183.3333333332226 140.0000000000235
5070 283.3333333332108 183.3333333332226 159.9999999999927
5071 16.66666666662609 216.6666666665437 139.9767752118955
5072 16.6666666666261 216.6666666665436 159.9535998441161
5073 16.66666666663789 233.3333333331287 139.953586319109
5074 16.66666666663791 233.3333333331286 159.9072524279099
5075 16.66666666664182 249.9999999998262 139.9304177163559
5076 16.66666666664184 249.9999999998262 159.8609299897386
5077 16.66666666663786 266.6666666664952 139.9072646899959
5078 16.66666666663787 266.6666666664952 159.814625407373
5079 16.66666666662601 283.33333333321 139.8841318380785
5080 16.66666666662603 283.3333333332101 159.7683456581852
5081 33.33333333327702 216.6666666665785 139.981412013449
5082 33.33333333327702 216.6666666665783 159.9628696514691
5083 33.333333333303 233.3333333332032 139.9628527431255
5084 33.333333333303 233.3333333332031 159.9257814946693
5085 33.33333333331092 249.9999999999396 139.9443097048244
5086 33.33333333331093 249.9999999999395 159.8887133202952
5087 33.33333333330291 266.6666666665926 139.9257791276352
5088 33.3333333333029 266.6666666665926 159.8516594305639
5089 33.33333333327682 283.3333333332588 139.9072646899958
5090 33.33333333327684 283.3333333332591 159.8146254073727
5091 49.99999999992909 216.6666666665902 139.9860528498744
5092 49.99999999992909 216.6666666665902 159.9721444254488
5093 49.9999999999612 233.3333333332269 139.9721272369066
5094 49.99999999996123 233.3333333332268 159.9443204946933
5095 49.99999999997112 249.9999999999729 139.9582137979503
5096 49.99999999997111 249.9999999999727 159.9165115507542
5097 49.99999999996108 266.6666666666219 139.9443097048243
5098 49.99999999996112 266.6666666666222 159.8887133202951
5099 49.99999999992889 283.3333333332744 139.9304177163556
5100 49.9999999999289 283.3333333332748 159.8609299897381
5101 66.66666666661921 216.6666666665787 139.9906968015672
5102 66.66666666661921 216.6666666665785 159.9814227705826
5103 66.66666666665225 233.333333333203 139.9814079612365
5104 66.66666666665228 233.3333333332031 159.9628666370342
5105 66.66666666666185 249.9999999999399 139.9721272369066
5106 66.66666666666188 249.9999999999397 159.9443204946932
5107 66.66666666665213 266.6666666665929 139.9628527431254
5108 66.66666666665216 266.666666666593 159.925781494669
5109 66.66666666661904 283.333333333259 139.9535863191088
5110 66.66666666661902 283.3333333332592 159.9072524279094
5111 83.33333333329517 216.6666666665439 139.99534481125
5112 83.33333333329514 216.6666666665438 159.9907061113144
5113 83.33333333331231 233.333333333129 139.9906968015673
5114 83.3333333333123 233.333333333129 159.9814227705825
5115 83.33333333331761 249.999999999827 139.9860528498745
5116 83.3333333333176 249.999999999827 159.972144425449
5117 83.33333333331227 266.666666666496 139.981412013449
5118 83.33333333331225 266.6666666664959 159.962869651469
5119 83.3333333332951 283.3333333332106 139.9767752118953
5120 83.33333333329503 283.3333333332106 159.9535998441159
5121 116.666666666556 216.6666666665437 140.0000000000235
5122 116.6666666665559 216.6666666665438 159.9999999999928
5123 116.6666666665825 233.3333333331291 140.0000000000514
5124 116.6666666665824 233.3333333331292 160.0000000000084
5125 116.6666666665917 249.9999999998272 140.0000000000585
5126 116.6666666665916 249.9999999998271 160.000000000013
5127 116.6666666665825 266.6666666664962 140.0000000000514
5128 116.6666666665825 266.6666666664962 160.0000000000083
5129 116.666666666556 283.3333333332105 140.0000000000235
5130 116.666666666556 283.3333333332107 159.9999999999927
5131 133.33333333314 216.6666666665786 140.0000000000513
5132 133.3333333331398 216.6666666665786 160.0000000000083
5133 133.3333333331977 233.3333333332033 140.0000000000792
5134 133.3333333331977 233.3333333332033 160.000000000024
5135 133.3333333332168 249.9999999999403 140.0000000000863
5136 133.3333333332168 249.9999999999402 160.0000000000285
5137 133.3333333331977 266.6666666665932 140.0000000000792
5138 133.3333333331977 266.6666666665935 160.0000000000239
5139 133.33333333314 283.3333333332594 140.0000000000513
5140 133.33333333314 283.3333333332595 160.0000000000083
5141 149.9999999997987 216.6666666665903 140.0000000000584
5142 149.9999999997987 216.6666666665903 160.000000000013
5143 149.9999999998926 233.3333333332271 140.0000000000862
5144 149.9999999998926 233.3333333332272 160.0000000000285
5145 149.9999999999216 249.9999999999735 140.0000000000934
5146 149.9999999999216 249.9999999999735 160.0000000000331
5147 149.9999999998926 266.6666666666225 140.0000000000862
5148 149.9999999998926 266.6666666666226 160.0000000000285
5149 149.9999999997988 283.3333333332748 140.0000000000584
5150 149.9999999997987 283.3333333332749 160.0000000000129
5151 166.6666666665515 216.6666666665786 140.0000000000513
5152 166.6666666665514 216.6666666665786 160.0000000000082
5153 166.666666666663 233.3333333332033 140.0000000000792
5154 166.666666666663 233.3333333332033 160.0000000000238
5155 166.6666666666947 249.9999999999403 140.0000000000863
5156 166.6666666666947 249.9999999999402 160.0000000000285
5157 166.6666666666629 266.6666666665932 140.0000000000792
5158 166.666666666663 266.6666666665932 160.0000000000238
5159 166.6666666665515 283.3333333332592 140.0000000000513
5160 166.6666666665515 283.3333333332595 160.0000000000082
5161 183.3333333332227 216.6666666665439 140.0000000000234
5162 183.3333333332226 216.6666666665438 159.9999999999927
5163 183.3333333332817 233.3333333331291 140.0000000000513
5164 183.3333333332817 233.3333333331292 160.0000000000084
5165 183.3333333332999 249.9999999998272 140.0000000000584
5166 183.3333333332999 249.9999999998272 160.0000000000129
5167 183.3333333332818 266.6666666664961 140.0000000000513
5168 183.3333333332818 266.666666666496 160.0000000000083
5169 183.3333333332226 283.3333333332105 140.0000000000235
5170 183.3333333332226 283.3333333332108 159.9999999999927
5171 216.6666666665439 216.6666666665439 140.0000000000234
5172 216.6666666665438 216.6666666665438 159.9999999999927
5173 216.6666666665787 233.3333333331291 140.0000000000513
5174 216.6666666665786 233.3333333331291 160.0000000000084
5175 216.6666666665904 249.9999999998273 140.0000000000584
5176 216.6666666665905 249.9999999998273 160.0000000000129
5177 216.6666666665787 266.6666666664962 140.0000000000513
5178 216.6666666665787 266.6666666664962 160.0000000000083
5179 216.6666666665439 283.3333333332105 140.0000000000235
5180 216.6666666665438 283.3333333332106 159.9999999999927
5181 233.3333333331293 216.6666666665787 140.0000000000513
5182 233.3333333331292 216.6666666665786 160.0000000000083
5183 233.3333333332035 233.3333333332034 140.0000000000792
5184 233.3333333332034 233.3333333332034 160.0000000000239
5185 233.3333333332274 249.9999999999403 140.0000000000863
5186 233.3333333332273 249.9999999999403 160.0000000000286
5187 233.3333333332034 266.6666666665932 140.0000000000792
5188 233.3333333332034 266.6666666665935 160.0000000000239
5189 233.3333333331293 283.3333333332594 140.0000000000513
5190 233.3333333331292 283.3333333332595 160.0000000000083
5191 249.9999999998272 216.6666666665904 140.0000000000584
5192 249.9999999998273 216.6666666665905 160.000000000013
5193 249.9999999999404 233.3333333332273 140.0000000000863
5194 249.9999999999402 233.3333333332274 160.0000000000285
5195 249.9999999999736 249.9999999999735 140.0000000000934
5196 249.9999999999736 249.9999999999735 160.0000000000332
5197 249.9999999999404 266.6666666666226 140.0000000000862
5198 249.9999999999404 266.6666666666226 160.0000000000286
5199 249.9999999998271 283.3333333332748 140.0000000000584
5200 249.9999999998271 283.3333333332749 160.000000000013
5201 266.6666666664959 216.6666666665788 140.0000000000513
5202 266.6666666664962 216.6666666665787 160.0000000000083
5203 266.6666666665932 233.3333333332033 140.0000000000792
5204 266.6666666665934 233.3333333332035 160.0000000000238
5205 266.6666666666224 249.9999999999404 140.0000000000862
5206 266.6666666666227 249.9999999999404 160.0000000000285
5207 266.6666666665933 266.6666666665932 140.0000000000791
5208 266.6666666665935 266.6666666665935 160.0000000000238
5209 266.666666666496 283.3333333332592 140.0000000000513
5210 266.666666666496 283.3333333332595 160.0000000000083
5211 283.3333333332106 216.666666666544 140.0000000000234
5212 283.3333333332106 216.6666666665438 159.9999999999927
5213 283.3333333332594 233.3333333331292 140.0000000000513
5214 283.3333333332595 233.3333333331294 160.0000000000084
5215 283.3333333332749 249.9999999998272 140.0000000000584
5216 283.3333333332749 249.9999999998272 160.000000000013
5217 283.3333333332594 266.6666666664961 140.0000000000513
5218 283.3333333332594 266.6666666664961 160.0000000000083
5219 283.3333333332106 283.3333333332106 140.0000000000235
5220 283.3333333332107 283.3333333332107 159.9999999999927
5221 16.66666666663507 16.66666666663508 197.1428571427381
5222 16.66666666664927 16.66666666664928 214.2857142855056
5223 16.66666666665616 16.66666666665615 231.428571428354
5224 16.66666666665616 16.66666666665614 248.5714285712112
5225 16.66666666664928 16.66666666664928 265.7142857140768
5226 16.66666666663509 16.66666666663509 282.8571428570237
5227 16.6666666666469 33.33333333329273 197.1428571427661
5228 16.6666666666611 33.33333333332287 214.2857142855661
5229 16.66666666666797 33.33333333333617 231.4285714284497
5230 16.66666666666797 33.33333333333616 248.5714285713069
5231 16.66666666666109 33.33333333332287 265.7142857141372
5232 16.66666666664691 33.33333333329272 282.8571428570517
5233 16.66666666665087 49.99999999994807 197.1428571427755
5234 16.66666666666507 49.99999999998516 214.2857142855859
5235 16.66666666667193 50.00000000000162 231.4285714284788
5236 16.66666666667195 50.00000000000159 248.571428571336
5237 16.66666666666507 49.99999999998516 265.7142857141573
5238 16.66666666665088 49.99999999994809 282.8571428570613
5239 16.6666666666469 66.66666666663585 197.1428571427659
5240 16.6666666666611 66.66666666667322 214.2857142855662
5241 16.66666666666798 66.66666666668874 231.4285714284499
5242 16.66666666666799 66.66666666668877 248.5714285713069
5243 16.66666666666111 66.66666666667317 265.7142857141375
5244 16.66666666664691 66.66666666663585 282.8571428570517
5245 16.66666666663509 83.33333333330521 197.142857142738
5246 16.66666666664928 83.33333333332492 214.2857142855056
5247 16.66666666665616 83.33333333333368 231.428571428354
5248 16.66666666665616 83.33333333333373 248.5714285712112
5249 16.66666666664928 83.3333333333249 265.7142857140769
5250 16.66666666663509 83.33333333330522 282.8571428570235
5251 33.33333333329274 16.6666666666469 197.1428571427661
5252 33.33333333332286 16.6666666666611 214.2857142855661
5253 33.33333333333617 16.66666666666797 231.4285714284498
5254 33.33333333333616 16.66666666666797 248.5714285713068
5255 33.33333333332286 16.66666666666109 265.7142857141372
5256 33.33333333329272 16.6666666666469 282.8571428570516
5257 33.33333333331876 33.33333333331875 197.1428571427938
5258 33.33333333334889 33.33333333334889 214.2857142856266
5259 33.33333333336218 33.33333333336218 231.4285714285454
5260 33.33333333336218 33.33333333336218 248.5714285714027
5261 33.33333333334887 33.33333333334887 265.714285714198
5262 33.33333333331873 33.33333333331873 282.8571428570796
5263 33.33333333332673 49.99999999998028 197.1428571428033
5264 33.33333333335688 50.00000000001734 214.2857142856464
5265 33.33333333337018 50.00000000003379 231.4285714285746
5266 33.33333333337018 50.00000000003379 248.5714285714317
5267 33.33333333335686 50.00000000001734 265.7142857142177
5268 33.33333333332674 49.99999999998027 282.8571428570891
5269 33.33333333331875 66.6666666666689 197.1428571427938
5270 33.33333333334889 66.66666666670632 214.2857142856267
5271 33.33333333336221 66.66666666672185 231.4285714285455
5272 33.33333333336219 66.66666666672185 248.5714285714027
5273 33.33333333334888 66.66666666670631 265.714285714198
5274 33.33333333331876 66.6666666666689 282.8571428570796
5275 33.33333333329276 83.33333333332236 197.142857142766
5276 33.33333333332285 83.33333333334208 214.2857142855661
5277 33.33333333333619 83.33333333335084 231.4285714284497
5278 33.33333333333618 83.33333333335091 248.5714285713069
5279 33.33333333332288 83.33333333334208 265.7142857141375
5280 33.33333333329273 83.33333333332237 282.8571428570515
5281 49.99999999994807 16.66666666665087 197.1428571427756
5282 49.99999999998516 16.66666666666507 214.2857142855859
5283 50.00000000000161 16.66666666667194 231.4285714284788
5284 50.00000000000159 16.66666666667195 248.571428571336
5285 49.99999999998516 16.66666666666507 265.7142857141573
5286 49.99999999994809 16.66666666665088 282.8571428570613
5287 49.99999999998028 33.33333333332673 197.1428571428033
5288 50.00000000001735 33.33333333335688 214.2857142856464
5289 50.00000000003376 33.33333333337018 231.4285714285745
5290 50.00000000003376 33.33333333337018 248.5714285714319
5291 50.00000000001734 33.33333333335686 265.7142857142177
5292 49.99999999998026 33.33333333332675 282.8571428570891
5293 49.99999999999022 49.99999999999022 197.1428571428129
5294 50.00000000002732 50.00000000002731 214.2857142856664
5295 50.00000000004373 50.00000000004373 231.4285714286036
5296 50.00000000004377 50.00000000004376 248.5714285714608
5297 50.00000000002731 50.00000000002731 265.7142857142375
5298 49.99999999999022 49.99999999999022 282.8571428570987
5299 49.99999999998024 66.66666666667859 197.1428571428033
5300 50.00000000001734 66.666666666716 214.2857142856466
5301 50.00000000003378 66.66666666673152 231.4285714285747
5302 50.00000000003379 66.66666666673154 248.5714285714317
5303 50.00000000001733 66.66666666671597 265.7142857142177
5304 49.99999999998028 66.66666666667859 282.8571428570891
5305 49.99999999994809 83.33333333332774 197.1428571427755
5306 49.99999999998519 83.33333333334745 214.285714285586
5307 50.00000000000162 83.33333333335622 231.4285714284788
5308 50.00000000000162 83.33333333335625 248.571428571336
5309 49.99999999998516 83.33333333334748 265.7142857141573
5310 49.9999999999481 83.33333333332774 282.857142857061
5311 66.66666666663585 16.6666666666469 197.1428571427661
5312 66.66666666667322 16.6666666666611 214.2857142855661
5313 66.66666666668874 16.66666666666798 231.4285714284497
5314 66.66666666668876 16.66666666666799 248.5714285713069
5315 66.66666666667321 16.6666666666611 265.7142857141375
5316 66.66666666663588 16.66666666664691 282.8571428570516
5317 66.6666666666689 33.33333333331874 197.1428571427938
5318 66.66666666670629 33.33333333334889 214.2857142856267
5319 66.66666666672185 33.33333333336219 231.4285714285455
5320 66.66666666672185 33.3333333333622 248.5714285714027
5321 66.66666666670631 33.33333333334889 265.714285714198
5322 66.6666666666689 33.33333333331876 282.8571428570795
5323 66.66666666667858 49.99999999998025 197.1428571428034
5324 66.66666666671598 50.00000000001734 214.2857142856466
5325 66.66666666673153 50.00000000003379 231.4285714285747
5326 66.66666666673154 50.00000000003379 248.5714285714317
5327 66.66666666671597 50.00000000001733 265.7142857142177
5328 66.66666666667859 49.99999999998028 282.8571428570891
5329 66.6666666666689 66.6666666666689 197.1428571427937
5330 66.66666666670633 66.66666666670633 214.2857142856268
5331 66.66666666672182 66.66666666672182 231.4285714285455
5332 66.66666666672185 66.66666666672185 248.5714285714027
5333 66.66666666670631 66.66666666670631 265.714285714198
5334 66.6666666666689 66.6666666666689 282.8571428570796
5335 66.66666666663582 83.33333333332233 197.1428571427659
5336 66.66666666667322 83.33333333334208 214.2857142855662
5337 66.66666666668874 83.33333333335082 231.4285714284498
5338 66.66666666668877 83.33333333335082 248.5714285713069
5339 66.66666666667319 83.33333333334208 265.7142857141375
5340 66.66666666663582 83.33333333332239 282.8571428570515
5341 83.33333333330521 16.66666666663509 197.1428571427381
5342 83.33333333332493 16.66666666664928 214.2857142855056
5343 83.33333333333368 16.66666666665616 231.4285714283541
5344 83.33333333333374 16.66666666665616 248.5714285712112
5345 83.33333333332492 16.66666666664928 265.714285714077
5346 83.33333333330522 16.66666666663509 282.8571428570236
5347 83.33333333332236 33.33333333329276 197.1428571427661
5348 83.33333333334208 33.33333333332285 214.2857142855661
5349 83.33333333335084 33.33333333333616 231.4285714284497
5350 83.33333333335091 33.33333333333618 248.571428571307
5351 83.33333333334208 33.33333333332288 265.7142857141375
5352 83.33333333332232 33.33333333329273 282.8571428570517
5353 83.33333333332774 49.99999999994809 197.1428571427755
5354 83.33333333334745 49.99999999998519 214.2857142855859
5355 83.33333333335622 50.00000000000162 231.4285714284788
5356 83.33333333335625 50.00000000000161 248.571428571336
5357 83.33333333334748 49.99999999998516 265.7142857141573
5358 83.33333333332774 49.9999999999481 282.857142857061
5359 83.33333333332233 66.66666666663582 197.1428571427659
5360 83.33333333334208 66.66666666667322 214.2857142855661
5361 83.33333333335084 66.66666666668874 231.4285714284497
5362 83.33333333335084 66.66666666668877 248.5714285713069
5363 83.33333333334208 66.66666666667319 265.7142857141375
5364 83.33333333332233 66.66666666663582 282.8571428570515
5365 83.33333333330519 83.33333333330518 197.142857142738
5366 83.33333333332493 83.3333333333249 214.2857142855056
5367 83.33333333333366 83.33333333333366 231.4285714283538
5368 83.33333333333374 83.33333333333374 248.5714285712112
5369 83.33333333332492 83.33333333332492 265.714285714077
5370 83.33333333330521 83.33333333330521 282.8571428570235
5371 116.6666666665795 16.66666666663508 197.1428571427381
5372 116.6666666666125 16.66666666664928 214.2857142855056
5373 116.6666666666291 16.66666666665616 231.4285714283541
5374 116.6666666666291 16.66666666665616 248.5714285712112
5375 116.6666666666125 16.66666666664928 265.7142857140771
5376 116.6666666665796 16.66666666663509 282.8571428570237
5377 116.6666666666061 33.33333333329276 197.142857142766
5378 116.666666666639 33.33333333332287 214.2857142855662
5379 116.6666666666556 33.33333333333617 231.4285714284498
5380 116.6666666666556 33.33333333333618 248.5714285713071
5381 116.6666666666389 33.33333333332288 265.7142857141375
5382 116.6666666666061 33.33333333329274 282.8571428570517
5383 116.6666666666153 49.9999999999481 197.1428571427755
5384 116.6666666666483 49.99999999998519 214.285714285586
5385 116.6666666666648 50.00000000000162 231.428571428479
5386 116.6666666666648 50.00000000000162 248.5714285713361
5387 116.6666666666482 49.99999999998519 265.7142857141575
5388 116.6666666666153 49.9999999999481 282.8571428570613
5389 116.6666666666062 66.66666666663583 197.142857142766
5390 116.6666666666391 66.66666666667322 214.2857142855662
5391 116.6666666666556 66.66666666668874 231.4285714284498
5392 116.6666666666556 66.66666666668877 248.5714285713071
5393 116.666666666639 66.66666666667317 265.7142857141377
5394 116.6666666666061 66.66666666663585 282.8571428570517
5395 116.6666666665795 83.33333333330519 197.1428571427381
5396 116.6666666666126 83.3333333333249 214.2857142855056
5397 116.6666666666291 83.33333333333367 231.428571428354
5398 116.666666666629 83.33333333333368 248.5714285712114
5399 116.6666666666125 83.3333333333249 265.714285714077
5400 116.6666666665796 83.33333333330519 282.8571428570236
5401 133.3333333331838 16.66666666664691 197.142857142766
5402 133.3333333332532 16.66666666666112 214.2857142855661
5403 133.3333333332866 16.66666666666798 231.4285714284499
5404 133.3333333332866 16.66666666666799 248.5714285713068
5405 133.3333333332532 16.66666666666111 265.7142857141375
5406 133.3333333331838 16.66666666664693 282.8571428570516
5407 133.3333333332416 33.33333333331878 197.1428571427938
5408 133.333333333311 33.33333333334889 214.2857142856265
5409 133.3333333333444 33.3333333333622 231.4285714285455
5410 133.3333333333444 33.33333333336221 248.5714285714027
5411 133.3333333333111 33.33333333334889 265.714285714198
5412 133.3333333332416 33.33333333331877 282.8571428570797
5413 133.3333333332607 49.99999999998028 197.1428571428035
5414 133.3333333333302 50.00000000001737 214.2857142856465
5415 133.3333333333635 50.00000000003379 231.4285714285746
5416 133.3333333333635 50.00000000003379 248.5714285714318
5417 133.3333333333302 50.00000000001737 265.714285714218
5418 133.3333333332607 49.99999999998027 282.8571428570892
5419 133.3333333332414 66.66666666666893 197.1428571427938
5420 133.333333333311 66.66666666670632 214.2857142856267
5421 133.3333333333444 66.66666666672185 231.4285714285455
5422 133.3333333333444 66.66666666672182 248.5714285714027
5423 133.3333333333109 66.66666666670626 265.7142857141982
5424 133.3333333332416 66.66666666666893 282.8571428570797
5425 133.3333333331838 83.33333333332236 197.1428571427661
5426 133.3333333332532 83.3333333333421 214.2857142855661
5427 133.3333333332866 83.33333333335084 231.4285714284498
5428 133.3333333332866 83.33333333335091 248.5714285713069
5429 133.3333333332532 83.33333333334208 265.7142857141377
5430 133.3333333331837 83.33333333332237 282.8571428570516
5431 149.9999999998536 16.66666666665089 197.1428571427756
5432 149.9999999999615 16.66666666666507 214.2857142855859
5433 150.0000000000094 16.66666666667195 231.4285714284787
5434 150.0000000000093 16.66666666667195 248.571428571336
5435 149.9999999999615 16.66666666666507 265.7142857141573
5436 149.9999999998535 16.66666666665088 282.8571428570611
5437 149.9999999999474 33.33333333332676 197.1428571428034
5438 150.0000000000555 33.33333333335688 214.2857142856463
5439 150.0000000001031 33.3333333333702 231.4285714285744
5440 150.0000000001031 33.33333333337018 248.5714285714318
5441 150.0000000000554 33.33333333335688 265.7142857142177
5442 149.9999999999472 33.33333333332676 282.8571428570891
5443 149.9999999999764 49.99999999999022 197.1428571428129
5444 150.0000000000843 50.00000000002731 214.2857142856662
5445 150.000000000132 50.00000000004374 231.4285714286035
5446 150.0000000001321 50.00000000004373 248.5714285714608
5447 150.0000000000844 50.00000000002731 265.7142857142377
5448 149.9999999999763 49.99999999999022 282.8571428570988
5449 149.9999999999474 66.66666666667862 197.1428571428033
5450 150.0000000000555 66.66666666671595 214.2857142856465
5451 150.0000000001031 66.66666666673152 231.4285714285744
5452 150.0000000001031 66.66666666673152 248.5714285714318
5453 150.0000000000554 66.66666666671597 265.7142857142179
5454 149.9999999999474 66.66666666667862 282.8571428570891
5455 149.9999999998535 83.33333333332774 197.1428571427755
5456 149.9999999999616 83.33333333334744 214.285714285586
5457 150.0000000000092 83.33333333335624 231.4285714284786
5458 150.0000000000092 83.33333333335626 248.571428571336
5459 149.9999999999615 83.33333333334741 265.7142857141574
5460 149.9999999998534 83.33333333332769 282.857142857061
5461 166.6666666666011 16.66666666664692 197.142857142766
5462 166.6666666667254 16.66666666666112 214.285714285566
5463 166.6666666667754 16.66666666666799 231.4285714284497
5464 166.6666666667754 16.66666666666799 248.5714285713069
5465 166.6666666667255 16.66666666666112 265.7142857141375
5466 166.6666666666012 16.66666666664692 282.8571428570516
5467 166.6666666667127 33.33333333331877 197.1428571427938
5468 166.666666666837 33.33333333334889 214.2857142856266
5469 166.6666666668869 33.33333333336219 231.4285714285454
5470 166.666666666887 33.33333333336221 248.5714285714026
5471 166.666666666837 33.33333333334888 265.714285714198
5472 166.6666666667127 33.33333333331877 282.8571428570797
5473 166.6666666667445 49.99999999998028 197.1428571428035
5474 166.6666666668688 50.00000000001737 214.2857142856465
5475 166.6666666669188 50.00000000003379 231.4285714285745
5476 166.6666666669188 50.00000000003379 248.5714285714317
5477 166.6666666668687 50.00000000001737 265.7142857142177
5478 166.6666666667446 49.99999999998027 282.8571428570892
5479 166.6666666667127 66.6666666666689 197.1428571427937
5480 166.666666666837 66.66666666670631 214.2857142856267
5481 166.6666666668869 66.66666666672185 231.4285714285455
5482 166.666666666887 66.66666666672182 248.5714285714026
5483 166.666666666837 66.66666666670628 265.714285714198
5484 166.6666666667127 66.6666666666689 282.8571428570797
5485 166.6666666666013 83.33333333332234 197.142857142766
5486 166.6666666667255 83.33333333334208 214.2857142855662
5487 166.6666666667754 83.33333333335084 231.4285714284497
5488 166.6666666667755 83.33333333335091 248.5714285713069
5489 166.6666666667255 83.33333333334207 265.7142857141375
5490 166.6666666666013 83.33333333332237 282.8571428570515
5491 183.3333333332539 16.66666666663509 197.1428571427381
5492 183.3333333333211 16.66666666664929 214.2857142855056
5493 183.3333333333501 16.66666666665616 231.428571428354
5494 183.33333333335 16.66666666665616 248.5714285712112
5495 183.333333333321 16.66666666664928 265.714285714077
5496 183.3333333332539 16.66666666663509 282.8571428570237
5497 183.333333333313 33.33333333329276 197.142857142766
5498 183.3333333333801 33.33333333332287 214.2857142855662
5499 183.3333333334093 33.33333333333618 231.4285714284497
5500 183.3333333334093 33.33333333333619 248.5714285713069
5501 183.3333333333801 33.33333333332288 265.7142857141375
5502 183.333333333313 33.33333333329274 282.8571428570518
5503 183.3333333333313 49.99999999994809 197.1428571427755
5504 183.3333333333985 49.99999999998519 214.2857142855862
5505 183.3333333334276 50.00000000000163 231.4285714284788
5506 183.3333333334276 50.00000000000162 248.571428571336
5507 183.3333333333983 49.99999999998519 265.7142857141573
5508 183.3333333333313 49.9999999999481 282.8571428570613
5509 183.3333333333132 66.66666666663586 197.142857142766
5510 183.3333333333804 66.66666666667324 214.2857142855662
5511 183.3333333334093 66.66666666668874 231.4285714284498
5512 183.3333333334093 66.66666666668878 248.571428571307
5513 183.3333333333801 66.66666666667318 265.7142857141375
5514 183.3333333333131 66.66666666663585 282.8571428570517
5515 183.333333333254 83.33333333330526 197.1428571427381
5516 183.3333333333212 83.33333333332492 214.2857142855056
5517 183.3333333333502 83.33333333333373 231.428571428354
5518 183.3333333333502 83.33333333333366 248.5714285712112
5519 183.333333333321 83.33333333332486 265.7142857140771
5520 183.333333333254 83.33333333330522 282.8571428570236
5521 216.6666666665715 16.66666666663509 197.1428571427381
5522 216.6666666666135 16.66666666664929 214.2857142855056
5523 216.666666666634 16.66666666665616 231.4285714283542
5524 216.6666666666339 16.66666666665616 248.571428571211
5525 216.6666666666135 16.66666666664928 265.7142857140768
5526 216.6666666665714 16.66666666663509 282.8571428570237
5527 216.6666666666063 33.33333333329276 197.142857142766
5528 216.6666666666483 33.33333333332285 214.2857142855661
5529 216.6666666666689 33.33333333333619 231.4285714284499
5530 216.6666666666688 33.33333333333618 248.5714285713069
5531 216.6666666666482 33.33333333332288 265.7142857141372
5532 216.6666666666061 33.33333333329276 282.8571428570517
5533 216.6666666666179 49.99999999994809 197.1428571427755
5534 216.6666666666601 49.99999999998519 214.285714285586
5535 216.6666666666806 50.00000000000162 231.428571428479
5536 216.6666666666806 50.00000000000162 248.571428571336
5537 216.66666666666 49.99999999998519 265.7142857141573
5538 216.6666666666179 49.99999999994809 282.8571428570611
5539 216.6666666666063 66.66666666663586 197.1428571427659
5540 216.6666666666483 66.66666666667322 214.2857142855661
5541 216.6666666666689 66.66666666668874 231.4285714284498
5542 216.6666666666688 66.66666666668877 248.5714285713069
5543 216.6666666666483 66.66666666667317 265.7142857141375
5544 216.6666666666061 66.66666666663585 282.8571428570516
5545 216.6666666665715 83.33333333330528 197.142857142738
5546 216.6666666666135 83.33333333332494 214.2857142855056
5547 216.666666666634 83.33333333333371 231.4285714283541
5548 216.6666666666339 83.33333333333373 248.5714285712112
5549 216.6666666666134 83.33333333332496 265.714285714077
5550 216.6666666665713 83.33333333330522 282.8571428570235
5551 233.3333333331787 16.66666666664691 197.142857142766
5552 233.3333333332658 16.66666666666112 214.2857142855661
5553 233.333333333306 16.66666666666799 231.4285714284498
5554 233.3333333333059 16.66666666666799 248.571428571307
5555 233.3333333332657 16.66666666666111 265.7142857141375
5556 233.3333333331786 16.66666666664692 282.8571428570516
5557 233.3333333332528 33.33333333331876 197.142857142794
5558 233.33333333334 33.33333333334888 214.2857142856267
5559 233.3333333333804 33.3333333333622 231.4285714285455
5560 233.3333333333802 33.33333333336219 248.5714285714027
5561 233.33333333334 33.33333333334889 265.714285714198
5562 233.3333333332528 33.33333333331876 282.8571428570797
5563 233.3333333332766 49.99999999998028 197.1428571428035
5564 233.3333333333638 50.00000000001737 214.2857142856465
5565 233.3333333334041 50.00000000003379 231.4285714285746
5566 233.3333333334039 50.00000000003379 248.5714285714319
5567 233.3333333333639 50.00000000001737 265.7142857142177
5568 233.3333333332766 49.99999999998027 282.8571428570892
5569 233.3333333332527 66.6666666666689 197.1428571427939
5570 233.33333333334 66.66666666670631 214.2857142856268
5571 233.3333333333802 66.66666666672185 231.4285714285456
5572 233.3333333333802 66.66666666672182 248.5714285714028
5573 233.33333333334 66.66666666670628 265.714285714198
5574 233.3333333332528 66.6666666666689 282.8571428570797
5575 233.3333333331786 83.33333333332234 197.1428571427661
5576 233.3333333332658 83.3333333333421 214.2857142855662
5577 233.3333333333061 83.33333333335084 231.4285714284498
5578 233.3333333333059 83.33333333335086 248.5714285713069
5579 233.3333333332659 83.3333333333421 265.7142857141375
5580 233.3333333331787 83.33333333332232 282.8571428570516
5581 249.9999999998851 16.66666666665089 197.1428571427755
5582 250.0000000000133 16.66666666666508 214.2857142855859
5583 250.000000000067 16.66666666667195 231.4285714284788
5584 250.0000000000669 16.66666666667194 248.5714285713359
5585 250.0000000000132 16.66666666666507 265.7142857141574
5586 249.9999999998851 16.66666666665088 282.8571428570611
5587 249.9999999999982 33.33333333332673 197.1428571428036
5588 250.0000000001264 33.33333333335688 214.2857142856465
5589 250.0000000001801 33.33333333337019 231.4285714285745
5590 250.0000000001801 33.33333333337018 248.5714285714317
5591 250.0000000001264 33.33333333335687 265.7142857142177
5592 249.9999999999983 33.33333333332674 282.8571428570891
5593 250.0000000000315 49.99999999999026 197.142857142813
5594 250.0000000001596 50.00000000002734 214.2857142856662
5595 250.0000000002134 50.00000000004376 231.4285714286036
5596 250.0000000002133 50.00000000004377 248.5714285714607
5597 250.0000000001599 50.00000000002731 265.7142857142377
5598 250.0000000000315 49.99999999999024 282.8571428570988
5599 249.9999999999982 66.66666666667859 197.1428571428034
5600 250.0000000001264 66.666666666716 214.2857142856465
5601 250.00000000018 66.66666666673154 231.4285714285746
5602 250.00000000018 66.66666666673154 248.5714285714317
5603 250.0000000001266 66.66666666671597 265.714285714218
5604 249.9999999999982 66.66666666667861 282.8571428570892
5605 249.9999999998851 83.33333333332776 197.1428571427755
5606 250.0000000000134 83.33333333334744 214.285714285586
5607 250.000000000067 83.33333333335624 231.4285714284788
5608 250.0000000000669 83.33333333335628 248.5714285713359
5609 250.0000000000133 83.33333333334741 265.7142857141575
5610 249.9999999998852 83.33333333332769 282.8571428570611
5611 266.6666666665479 16.66666666664692 197.142857142766
5612 266.6666666666586 16.66666666666112 214.2857142855661
5613 266.6666666667061 16.66666666666799 231.4285714284499
5614 266.6666666667059 16.66666666666799 248.5714285713069
5615 266.6666666666586 16.66666666666112 265.7142857141374
5616 266.6666666665479 16.66666666664693 282.8571428570515
5617 266.6666666666452 33.33333333331878 197.1428571427938
5618 266.6666666667558 33.33333333334889 214.2857142856267
5619 266.6666666668033 33.33333333336219 231.4285714285455
5620 266.6666666668032 33.33333333336221 248.5714285714027
5621 266.6666666667559 33.33333333334888 265.714285714198
5622 266.6666666666451 33.33333333331877 282.8571428570796
5623 266.6666666666746 49.99999999998027 197.1428571428034
5624 266.6666666667851 50.00000000001737 214.2857142856466
5625 266.6666666668327 50.0000000000338 231.4285714285746
5626 266.6666666668325 50.00000000003379 248.5714285714317
5627 266.6666666667851 50.00000000001737 265.7142857142177
5628 266.6666666666745 49.99999999998028 282.8571428570891
5629 266.6666666666454 66.66666666666893 197.1428571427938
5630 266.666666666756 66.66666666670631 214.2857142856267
5631 266.6666666668035 66.66666666672185 231.4285714285455
5632 266.6666666668033 66.66666666672182 248.5714285714026
5633 266.666666666756 66.66666666670626 265.714285714198
5634 266.6666666666454 66.66666666666893 282.8571428570796
5635 266.666666666548 83.33333333332234 197.142857142766
5636 266.6666666666586 83.33333333334208 214.2857142855662
5637 266.666666666706 83.33333333335082 231.4285714284498
5638 266.6666666667059 83.33333333335091 248.5714285713069
5639 266.6666666666586 83.33333333334208 265.7142857141375
5640 266.6666666665481 83.33333333332239 282.8571428570515
5641 283.3333333332415 16.66666666663509 197.1428571427381
5642 283.3333333332981 16.66666666664929 214.2857142855056
5643 283.3333333333239 16.66666666665616 231.4285714283541
5644 283.333333333324 16.66666666665616 248.5714285712112
5645 283.3333333332981 16.66666666664928 265.7142857140768
5646 283.3333333332412 16.66666666663509 282.8571428570236
5647 283.3333333332901 33.33333333329276 197.142857142766
5648 283.333333333347 33.33333333332286 214.2857142855662
5649 283.3333333333727 33.33333333333616 231.4285714284498
5650 283.3333333333727 33.33333333333619 248.5714285713069
5651 283.3333333333468 33.33333333332288 265.7142857141372
5652 283.3333333332899 33.33333333329273 282.8571428570516
5653 283.3333333333057 49.99999999994809 197.1428571427755
5654 283.3333333333625 49.99999999998519 214.285714285586
5655 283.3333333333883 50.00000000000161 231.4285714284789
5656 283.3333333333881 50.00000000000162 248.571428571336
5657 283.3333333333625 49.99999999998519 265.7142857141573
5658 283.3333333333058 49.9999999999481 282.8571428570611
5659 283.3333333332902 66.66666666663586 197.142857142766
5660 283.3333333333467 66.66666666667322 214.2857142855662
5661 283.3333333333725 66.66666666668877 231.4285714284498
5662 283.3333333333727 66.66666666668877 248.5714285713069
5663 283.3333333333468 66.66666666667319 265.7142857141374
5664 283.3333333332901 66.66666666663585 282.8571428570516
5665 283.3333333332415 83.33333333330526 197.1428571427381
5666 283.3333333332981 83.33333333332492 214.2857142855056
5667 283.333333333324 83.33333333333373 231.4285714283539
5668 283.333333333324 83.33333333333374 248.5714285712112
5669 283.3333333332981 83.33333333332492 265.714285714077
5670 283.3333333332415 83.33333333330519 282.8571428570235
5671 16.66666666663509 116.6666666665796 197.1428571427381
5672 16.66666666664928 116.6666666666125 214.2857142855056
5673 16.66666666665616 116.6666666666291 231.4285714283541
5674 16.66666666665616 116.6666666666291 248.5714285712112
5675 16.66666666664928 116.6666666666125 265.7142857140771
5676 16.66666666663509 116.6666666665796 282.8571428570237
5677 16.66666666664691 133.3333333331838 197.142857142766
5678 16.6666666666611 133.3333333332532 214.2857142855661
5679 16.66666666666798 133.3333333332865 231.4285714284498
5680 16.66666666666798 133.3333333332866 248.571428571307
5681 16.66666666666111 133.3333333332532 265.7142857141375
5682 16.66666666664693 133.3333333331838 282.8571428570517
5683 16.66666666665087 149.9999999998536 197.1428571427755
5684 16.66666666666507 149.9999999999616 214.2857142855859
5685 16.66666666667195 150.0000000000093 231.4285714284787
5686 16.66666666667195 150.0000000000093 248.5714285713361
5687 16.66666666666507 149.9999999999616 265.7142857141573
5688 16.66666666665087 149.9999999998534 282.8571428570611
5689 16.66666666664692 166.6666666666012 197.142857142766
5690 16.66666666666111 166.6666666667254 214.285714285566
5691 16.66666666666799 166.6666666667754 231.4285714284496
5692 16.66666666666799 166.6666666667754 248.5714285713069
5693 16.66666666666112 166.6666666667255 265.7142857141375
5694 16.66666666664693 166.6666666666012 282.8571428570517
5695 16.66666666663509 183.3333333332539 197.1428571427381
5696 16.66666666664928 183.3333333333211 214.2857142855057
5697 16.66666666665616 183.3333333333502 231.428571428354
5698 16.66666666665616 183.3333333333502 248.5714285712112
5699 16.66666666664928 183.333333333321 265.7142857140769
5700 16.66666666663509 183.3333333332539 282.8571428570237
5701 33.33333333329276 116.6666666666062 197.1428571427659
5702 33.33333333332287 116.6666666666391 214.2857142855661
5703 33.33333333333617 116.6666666666556 231.4285714284498
5704 33.33333333333618 116.6666666666557 248.5714285713069
5705 33.33333333332285 116.666666666639 265.7142857141375
5706 33.33333333329274 116.6666666666061 282.8571428570517
5707 33.33333333331876 133.3333333332416 197.1428571427939
5708 33.33333333334888 133.3333333333109 214.2857142856267
5709 33.3333333333622 133.3333333333444 231.4285714285455
5710 33.33333333336219 133.3333333333444 248.5714285714027
5711 33.33333333334888 133.3333333333111 265.714285714198
5712 33.33333333331876 133.3333333332415 282.8571428570797
5713 33.33333333332675 149.9999999999474 197.1428571428034
5714 33.33333333335686 150.0000000000555 214.2857142856463
5715 33.33333333337018 150.0000000001032 231.4285714285745
5716 33.33333333337018 150.0000000001031 248.5714285714317
5717 33.33333333335687 150.0000000000554 265.714285714218
5718 33.33333333332675 149.9999999999474 282.8571428570891
5719 33.33333333331875 166.6666666667128 197.1428571427938
5720 33.33333333334888 166.666666666837 214.2857142856266
5721 33.33333333336219 166.666666666887 231.4285714285454
5722 33.33333333336219 166.6666666668869 248.5714285714026
5723 33.33333333334887 166.666666666837 265.714285714198
5724 33.33333333331876 166.6666666667127 282.8571428570797
5725 33.33333333329276 183.3333333333132 197.1428571427659
5726 33.33333333332287 183.3333333333802 214.2857142855662
5727 33.33333333333618 183.3333333334093 231.4285714284497
5728 33.33333333333619 183.3333333334093 248.5714285713069
5729 33.33333333332288 183.3333333333801 265.7142857141375
5730 33.33333333329274 183.3333333333131 282.8571428570517
5731 49.99999999994807 116.6666666666153 197.1428571427756
5732 49.99999999998519 116.6666666666482 214.2857142855859
5733 50.00000000000162 116.6666666666648 231.4285714284789
5734 50.00000000000162 116.6666666666647 248.571428571336
5735 49.99999999998516 116.6666666666482 265.7142857141573
5736 49.9999999999481 116.6666666666152 282.8571428570613
5737 49.99999999998028 133.3333333332608 197.1428571428035
5738 50.00000000001737 133.3333333333302 214.2857142856465
5739 50.00000000003379 133.3333333333634 231.4285714285746
5740 50.00000000003379 133.3333333333636 248.5714285714319
5741 50.00000000001734 133.3333333333302 265.714285714218
5742 49.99999999998028 133.3333333332607 282.8571428570892
5743 49.99999999999022 149.9999999999764 197.1428571428129
5744 50.00000000002731 150.0000000000844 214.2857142856662
5745 50.00000000004374 150.0000000001321 231.4285714286035
5746 50.00000000004373 150.000000000132 248.5714285714608
5747 50.00000000002731 150.0000000000844 265.7142857142377
5748 49.99999999999022 149.9999999999764 282.8571428570987
5749 49.99999999998028 166.6666666667445 197.1428571428033
5750 50.00000000001734 166.6666666668688 214.2857142856465
5751 50.00000000003379 166.6666666669188 231.4285714285745
5752 50.00000000003376 166.6666666669187 248.5714285714317
5753 50.00000000001734 166.6666666668688 265.7142857142177
5754 49.99999999998028 166.6666666667445 282.8571428570892
5755 49.99999999994809 183.3333333333313 197.1428571427756
5756 49.99999999998519 183.3333333333984 214.285714285586
5757 50.00000000000162 183.3333333334275 231.4285714284788
5758 50.00000000000162 183.3333333334275 248.571428571336
5759 49.99999999998519 183.3333333333983 265.7142857141573
5760 49.9999999999481 183.3333333333312 282.8571428570613
5761 66.66666666663585 116.6666666666062 197.142857142766
5762 66.66666666667322 116.666666666639 214.2857142855662
5763 66.66666666668874 116.6666666666556 231.4285714284498
5764 66.66666666668877 116.6666666666556 248.571428571307
5765 66.66666666667322 116.666666666639 265.7142857141375
5766 66.66666666663585 116.6666666666061 282.8571428570517
5767 66.66666666666887 133.3333333332415 197.1428571427939
5768 66.66666666670631 133.3333333333109 214.2857142856267
5769 66.66666666672185 133.3333333333444 231.4285714285455
5770 66.66666666672182 133.3333333333444 248.5714285714028
5771 66.66666666670631 133.3333333333109 265.7142857141982
5772 66.6666666666689 133.3333333332415 282.8571428570797
5773 66.66666666667862 149.9999999999475 197.1428571428034
5774 66.66666666671595 150.0000000000555 214.2857142856465
5775 66.66666666673152 150.0000000001032 231.4285714285744
5776 66.66666666673152 150.0000000001031 248.5714285714318
5777 66.66666666671597 150.0000000000555 265.714285714218
5778 66.66666666667862 149.9999999999474 282.8571428570891
5779 66.6666666666689 166.6666666667129 197.1428571427938
5780 66.66666666670631 166.666666666837 214.2857142856267
5781 66.66666666672185 166.666666666887 231.4285714285455
5782 66.66666666672185 166.666666666887 248.5714285714026
5783 66.66666666670628 166.6666666668371 265.714285714198
5784 66.6666666666689 166.6666666667128 282.8571428570797
5785 66.66666666663582 183.333333333313 197.142857142766
5786 66.66666666667321 183.3333333333803 214.2857142855662
5787 66.66666666668874 183.3333333334093 231.4285714284497
5788 66.66666666668877 183.3333333334093 248.571428571307
5789 66.66666666667318 183.3333333333801 265.7142857141375
5790 66.66666666663582 183.333333333313 282.8571428570518
5791 83.33333333330519 116.6666666665795 197.1428571427381
5792 83.33333333332493 116.6666666666125 214.2857142855056
5793 83.33333333333367 116.6666666666291 231.4285714283541
5794 83.33333333333368 116.666666666629 248.5714285712112
5795 83.33333333332492 116.6666666666125 265.714285714077
5796 83.33333333330521 116.6666666665796 282.8571428570237
5797 83.33333333332234 133.3333333331837 197.1428571427661
5798 83.3333333333421 133.3333333332532 214.2857142855661
5799 83.33333333335084 133.3333333332865 231.4285714284498
5800 83.33333333335091 133.3333333332865 248.5714285713071
5801 83.33333333334207 133.3333333332532 265.7142857141377
5802 83.33333333332232 133.3333333331837 282.8571428570516
5803 83.33333333332772 149.9999999998536 197.1428571427755
5804 83.33333333334743 149.9999999999616 214.2857142855859
5805 83.33333333335619 150.0000000000093 231.4285714284786
5806 83.33333333335624 150.0000000000092 248.571428571336
5807 83.33333333334744 149.9999999999615 265.7142857141574
5808 83.33333333332774 149.9999999998534 282.8571428570611
5809 83.33333333332233 166.6666666666012 197.1428571427661
5810 83.33333333334208 166.6666666667256 214.2857142855661
5811 83.33333333335084 166.6666666667755 231.4285714284497
5812 83.33333333335085 166.6666666667755 248.5714285713069
5813 83.33333333334207 166.6666666667255 265.7142857141375
5814 83.33333333332232 166.6666666666013 282.8571428570516
5815 83.33333333330526 183.333333333254 197.1428571427381
5816 83.33333333332492 183.3333333333211 214.2857142855056
5817 83.33333333333373 183.3333333333502 231.428571428354
5818 83.33333333333368 183.3333333333502 248.5714285712112
5819 83.33333333332492 183.333333333321 265.7142857140771
5820 83.33333333330521 183.3333333332539 282.8571428570236
5821 116.6666666665796 116.6666666665796 197.1428571427381
5822 116.6666666666125 116.6666666666125 214.2857142855057
5823 116.6666666666291 116.6666666666291 231.428571428354
5824 116.666666666629 116.666666666629 248.5714285712114
5825 116.6666666666125 116.6666666666125 265.7142857140771
5826 116.6666666665795 116.6666666665795 282.8571428570239
5827 116.6666666666061 133.3333333331838 197.1428571427661
5828 116.666666666639 133.3333333332532 214.2857142855662
5829 116.6666666666556 133.3333333332865 231.4285714284499
5830 116.6666666666556 133.3333333332865 248.5714285713071
5831 116.666666666639 133.3333333332532 265.7142857141378
5832 116.6666666666061 133.3333333331838 282.8571428570517
5833 116.6666666666152 149.9999999998536 197.1428571427755
5834 116.6666666666482 149.9999999999616 214.2857142855859
5835 116.6666666666648 150.0000000000093 231.4285714284788
5836 116.6666666666647 150.0000000000093 248.5714285713361
5837 116.6666666666481 149.9999999999616 265.7142857141575
5838 116.6666666666152 149.9999999998535 282.8571428570613
5839 116.6666666666062 166.6666666666013 197.142857142766
5840 116.6666666666391 166.6666666667255 214.2857142855662
5841 116.6666666666556 166.6666666667755 231.4285714284499
5842 116.6666666666557 166.6666666667755 248.571428571307
5843 116.666666666639 166.6666666667255 265.7142857141375
5844 116.6666666666061 166.6666666666013 282.8571428570517
5845 116.6666666665795 183.3333333332539 197.1428571427381
5846 116.6666666666125 183.3333333333212 214.2857142855057
5847 116.666666666629 183.3333333333502 231.4285714283541
5848 116.666666666629 183.3333333333502 248.5714285712112
5849 116.6666666666125 183.333333333321 265.714285714077
5850 116.6666666665795 183.3333333332539 282.8571428570237
5851 133.3333333331837 116.6666666666061 197.142857142766
5852 133.3333333332532 116.666666666639 214.2857142855661
5853 133.3333333332865 116.6666666666556 231.4285714284499
5854 133.3333333332865 116.6666666666556 248.571428571307
5855 133.3333333332532 116.666666666639 265.7142857141378
5856 133.3333333331837 116.6666666666061 282.8571428570518
5857 133.3333333332415 133.3333333332415 197.1428571427941
5858 133.3333333333109 133.3333333333109 214.2857142856266
5859 133.3333333333444 133.3333333333444 231.4285714285457
5860 133.3333333333443 133.3333333333444 248.5714285714029
5861 133.3333333333109 133.3333333333108 265.7142857141982
5862 133.3333333332415 133.3333333332415 282.8571428570797
5863 133.3333333332606 149.9999999999474 197.1428571428035
5864 133.3333333333302 150.0000000000555 214.2857142856463
5865 133.3333333333635 150.0000000001032 231.4285714285745
5866 133.3333333333635 150.0000000001032 248.5714285714317
5867 133.3333333333302 150.0000000000555 265.714285714218
5868 133.3333333332608 149.9999999999474 282.8571428570891
5869 133.3333333332415 166.6666666667129 197.1428571427939
5870 133.3333333333109 166.6666666668371 214.2857142856267
5871 133.3333333333444 166.6666666668871 231.4285714285455
5872 133.3333333333444 166.6666666668871 248.5714285714026
5873 133.3333333333109 166.6666666668372 265.7142857141982
5874 133.3333333332415 166.6666666667128 282.8571428570797
5875 133.3333333331838 183.3333333333132 197.142857142766
5876 133.3333333332532 183.3333333333803 214.2857142855662
5877 133.3333333332865 183.3333333334093 231.4285714284498
5878 133.3333333332865 183.3333333334093 248.571428571307
5879 133.3333333332532 183.3333333333801 265.7142857141376
5880 133.3333333331837 183.3333333333131 282.8571428570517
5881 149.9999999998536 116.6666666666152 197.1428571427756
5882 149.9999999999616 116.6666666666482 214.2857142855859
5883 150.0000000000093 116.6666666666648 231.4285714284788
5884 150.0000000000093 116.6666666666647 248.571428571336
5885 149.9999999999616 116.6666666666481 265.7142857141575
5886 149.9999999998535 116.6666666666152 282.8571428570613
5887 149.9999999999474 133.3333333332607 197.1428571428035
5888 150.0000000000555 133.33333333333 214.2857142856464
5889 150.0000000001033 133.3333333333635 231.4285714285745
5890 150.0000000001031 133.3333333333635 248.5714285714319
5891 150.0000000000555 133.33333333333 265.7142857142179
5892 149.9999999999474 133.3333333332607 282.8571428570892
5893 149.9999999999764 149.9999999999764 197.1428571428129
5894 150.0000000000844 150.0000000000844 214.2857142856662
5895 150.0000000001322 150.0000000001321 231.4285714286034
5896 150.0000000001321 150.0000000001321 248.5714285714607
5897 150.0000000000844 150.0000000000844 265.7142857142377
5898 149.9999999999763 149.9999999999763 282.8571428570986
5899 149.9999999999474 166.6666666667445 197.1428571428033
5900 150.0000000000555 166.6666666668687 214.2857142856464
5901 150.0000000001031 166.6666666669187 231.4285714285744
5902 150.0000000001031 166.6666666669187 248.5714285714317
5903 150.0000000000554 166.6666666668688 265.7142857142179
5904 149.9999999999474 166.6666666667445 282.8571428570892
5905 149.9999999998535 183.3333333333313 197.1428571427756
5906 149.9999999999616 183.3333333333984 214.285714285586
5907 150.0000000000093 183.3333333334275 231.4285714284787
5908 150.0000000000092 183.3333333334275 248.571428571336
5909 149.9999999999616 183.3333333333983 265.7142857141574
5910 149.9999999998535 183.3333333333312 282.8571428570613
5911 166.6666666666013 116.6666666666061 197.142857142766
5912 166.6666666667256 116.666666666639 214.2857142855662
5913 166.6666666667755 116.6666666666557 231.4285714284498
5914 166.6666666667755 116.6666666666556 248.5714285713069
5915 166.6666666667255 116.666666666639 265.7142857141375
5916 166.6666666666012 116.6666666666061 282.8571428570517
5917 166.6666666667129 133.3333333332415 197.142857142794
5918 166.6666666668371 133.3333333333109 214.2857142856267
5919 166.666666666887 133.3333333333444 231.4285714285455
5920 166.6666666668871 133.3333333333444 248.5714285714026
5921 166.6666666668371 133.3333333333109 265.7142857141982
5922 166.6666666667129 133.3333333332415 282.8571428570797
5923 166.6666666667446 149.9999999999475 197.1428571428035
5924 166.6666666668688 150.0000000000555 214.2857142856464
5925 166.6666666669188 150.0000000001031 231.4285714285744
5926 166.6666666669188 150.0000000001031 248.5714285714318
5927 166.6666666668687 150.0000000000555 265.714285714218
5928 166.6666666667445 149.9999999999474 282.8571428570891
5929 166.6666666667128 166.6666666667129 197.1428571427939
5930 166.666666666837 166.666666666837 214.2857142856267
5931 166.666666666887 166.6666666668871 231.4285714285454
5932 166.666666666887 166.666666666887 248.5714285714026
5933 166.6666666668371 166.6666666668372 265.714285714198
5934 166.6666666667129 166.6666666667128 282.8571428570797
5935 166.6666666666013 183.3333333333131 197.1428571427659
5936 166.6666666667255 183.3333333333803 214.2857142855662
5937 166.6666666667754 183.3333333334093 231.4285714284497
5938 166.6666666667755 183.3333333334093 248.5714285713069
5939 166.6666666667255 183.3333333333801 265.7142857141375
5940 166.6666666666013 183.3333333333131 282.8571428570517
5941 183.333333333254 116.6666666665795 197.1428571427381
5942 183.333333333321 116.6666666666125 214.2857142855056
5943 183.3333333333502 116.6666666666291 231.4285714283541
5944 183.3333333333502 116.666666666629 248.5714285712112
5945 183.333333333321 116.6666666666125 265.714285714077
5946 183.333333333254 116.6666666665795 282.8571428570237
5947 183.3333333333132 133.3333333331839 197.1428571427661
5948 183.3333333333802 133.3333333332532 214.2857142855662
5949 183.3333333334093 133.3333333332865 231.4285714284498
5950 183.3333333334093 133.3333333332865 248.571428571307
5951 183.3333333333801 133.3333333332532 265.7142857141377
5952 183.3333333333131 133.3333333331837 282.8571428570517
5953 183.3333333333314 149.9999999998535 197.1428571427755
5954 183.3333333333984 149.9999999999616 214.285714285586
5955 183.3333333334275 150.0000000000093 231.4285714284787
5956 183.3333333334275 150.0000000000092 248.571428571336
5957 183.3333333333983 149.9999999999616 265.7142857141574
5958 183.3333333333312 149.9999999998534 282.8571428570611
5959 183.3333333333131 166.6666666666013 197.142857142766
5960 183.3333333333803 166.6666666667255 214.2857142855662
5961 183.3333333334093 166.6666666667754 231.4285714284496
5962 183.3333333334093 166.6666666667755 248.5714285713069
5963 183.3333333333801 166.6666666667255 265.7142857141375
5964 183.3333333333131 166.6666666666013 282.8571428570517
5965 183.3333333332539 183.3333333332539 197.1428571427381
5966 183.3333333333211 183.3333333333211 214.2857142855057
5967 183.3333333333502 183.3333333333501 231.428571428354
5968 183.3333333333502 183.3333333333501 248.5714285712112
5969 183.333333333321 183.333333333321 265.7142857140769
5970 183.3333333332539 183.3333333332539 282.8571428570237
5971 216.6666666665713 116.6666666665795 197.1428571427381
5972 216.6666666666134 116.6666666666125 214.2857142855055
5973 216.666666666634 116.666666666629 231.4285714283541
5974 216.6666666666339 116.666666666629 248.5714285712111
5975 216.6666666666133 116.6666666666124 265.714285714077
5976 216.6666666665713 116.6666666665795 282.8571428570237
5977 216.666666666606 133.3333333331837 197.142857142766
5978 216.6666666666482 133.3333333332531 214.2857142855662
5979 216.6666666666688 133.3333333332865 231.4285714284499
5980 216.6666666666688 133.3333333332865 248.571428571307
5981 216.6666666666482 133.3333333332531 265.7142857141375
5982 216.666666666606 133.3333333331837 282.8571428570517
5983 216.6666666666179 149.9999999998536 197.1428571427755
5984 216.6666666666597 149.9999999999616 214.2857142855858
5985 216.6666666666806 150.0000000000093 231.4285714284788
5986 216.6666666666805 150.0000000000093 248.5714285713358
5987 216.6666666666598 149.9999999999615 265.7142857141572
5988 216.6666666666179 149.9999999998535 282.8571428570613
5989 216.666666666606 166.6666666666013 197.142857142766
5990 216.6666666666482 166.6666666667255 214.2857142855661
5991 216.6666666666688 166.6666666667754 231.4285714284498
5992 216.6666666666688 166.6666666667754 248.5714285713069
5993 216.6666666666482 166.6666666667255 265.7142857141375
5994 216.666666666606 166.6666666666012 282.8571428570517
5995 216.6666666665714 183.3333333332539 197.1428571427381
5996 216.6666666666134 183.3333333333211 214.2857142855057
5997 216.666666666634 183.3333333333501 231.4285714283542
5998 216.666666666634 183.3333333333501 248.5714285712112
5999 216.6666666666134 183.333333333321 265.714285714077
6000 216.6666666665714 183.3333333332539 282.8571428570237
6001 233.3333333331786 116.666666666606 197.1428571427661
6002 233.3333333332656 116.666666666639 214.2857142855662
6003 233.333333333306 116.6666666666556 231.4285714284499
6004 233.3333333333059 116.6666666666556 248.5714285713071
6005 233.3333333332658 116.666666666639 265.7142857141375
6006 233.3333333331785 116.666666666606 282.8571428570518
6007 233.3333333332527 133.3333333332415 197.142857142794
6008 233.3333333333399 133.3333333333108 214.2857142856267
6009 233.3333333333801 133.3333333333443 231.4285714285457
6010 233.3333333333801 133.3333333333442 248.5714285714029
6011 233.3333333333398 133.3333333333108 265.7142857141982
6012 233.3333333332527 133.3333333332415 282.8571428570797
6013 233.3333333332766 149.9999999999474 197.1428571428035
6014 233.3333333333638 150.0000000000555 214.2857142856464
6015 233.333333333404 150.0000000001031 231.4285714285745
6016 233.333333333404 150.0000000001031 248.5714285714317
6017 233.3333333333638 150.0000000000554 265.714285714218
6018 233.3333333332766 149.9999999999474 282.8571428570891
6019 233.3333333332527 166.6666666667129 197.142857142794
6020 233.3333333333399 166.666666666837 214.2857142856266
6021 233.3333333333802 166.666666666887 231.4285714285455
6022 233.3333333333801 166.666666666887 248.5714285714027
6023 233.33333333334 166.666666666837 265.714285714198
6024 233.3333333332528 166.6666666667127 282.8571428570797
6025 233.3333333331786 183.333333333313 197.142857142766
6026 233.3333333332658 183.3333333333802 214.2857142855661
6027 233.333333333306 183.3333333334093 231.4285714284497
6028 233.333333333306 183.3333333334093 248.571428571307
6029 233.3333333332658 183.33333333338 265.7142857141375
6030 233.3333333331785 183.333333333313 282.8571428570517
6031 249.9999999998849 116.6666666666152 197.1428571427756
6032 250.0000000000132 116.6666666666482 214.285714285586
6033 250.0000000000668 116.6666666666648 231.4285714284789
6034 250.0000000000667 116.6666666666647 248.571428571336
6035 250.0000000000132 116.6666666666481 265.7142857141575
6036 249.999999999885 116.6666666666152 282.8571428570615
6037 249.999999999998 133.3333333332607 197.1428571428036
6038 250.0000000001262 133.3333333333301 214.2857142856465
6039 250.00000000018 133.3333333333635 231.4285714285747
6040 250.0000000001798 133.3333333333635 248.5714285714319
6041 250.0000000001263 133.3333333333301 265.714285714218
6042 249.9999999999981 133.3333333332606 282.8571428570892
6043 250.0000000000313 149.9999999999763 197.1428571428129
6044 250.0000000001594 150.0000000000844 214.2857142856662
6045 250.0000000002132 150.000000000132 231.4285714286035
6046 250.000000000213 150.000000000132 248.5714285714607
6047 250.0000000001595 150.0000000000843 265.7142857142378
6048 250.0000000000314 149.9999999999762 282.8571428570987
6049 249.9999999999981 166.6666666667445 197.1428571428036
6050 250.0000000001262 166.6666666668687 214.2857142856464
6051 250.0000000001801 166.6666666669187 231.4285714285745
6052 250.0000000001799 166.6666666669187 248.5714285714316
6053 250.0000000001264 166.6666666668688 265.7142857142179
6054 249.9999999999983 166.6666666667445 282.8571428570892
6055 249.9999999998851 183.3333333333312 197.1428571427756
6056 250.0000000000132 183.3333333333984 214.285714285586
6057 250.000000000067 183.3333333334274 231.4285714284788
6058 250.0000000000669 183.3333333334274 248.571428571336
6059 250.0000000000132 183.3333333333983 265.7142857141574
6060 249.9999999998851 183.3333333333312 282.8571428570613
6061 266.666666666548 116.666666666606 197.1428571427661
6062 266.6666666666585 116.666666666639 214.2857142855662
6063 266.666666666706 116.6666666666556 231.4285714284497
6064 266.666666666706 116.6666666666555 248.5714285713069
6065 266.6666666666585 116.6666666666389 265.7142857141375
6066 266.6666666665478 116.6666666666061 282.8571428570517
6067 266.6666666666453 133.3333333332415 197.142857142794
6068 266.666666666756 133.333333333311 214.2857142856267
6069 266.6666666668031 133.3333333333443 231.4285714285456
6070 266.6666666668031 133.3333333333444 248.5714285714027
6071 266.6666666667558 133.3333333333108 265.7142857141982
6072 266.6666666666453 133.3333333332415 282.8571428570797
6073 266.6666666666747 149.9999999999474 197.1428571428036
6074 266.6666666667851 150.0000000000555 214.2857142856465
6075 266.6666666668327 150.0000000001031 231.4285714285745
6076 266.6666666668324 150.0000000001031 248.5714285714317
6077 266.6666666667851 150.0000000000554 265.714285714218
6078 266.6666666666744 149.9999999999474 282.8571428570891
6079 266.6666666666453 166.6666666667128 197.1428571427939
6080 266.666666666756 166.666666666837 214.2857142856267
6081 266.6666666668031 166.6666666668871 231.4285714285455
6082 266.6666666668031 166.666666666887 248.5714285714026
6083 266.6666666667558 166.6666666668371 265.714285714198
6084 266.6666666666453 166.6666666667128 282.8571428570797
6085 266.6666666665479 183.3333333333132 197.1428571427659
6086 266.6666666666585 183.3333333333802 214.2857142855662
6087 266.6666666667061 183.3333333334093 231.4285714284498
6088 266.6666666667059 183.3333333334093 248.5714285713069
6089 266.6666666666586 183.3333333333801 265.7142857141375
6090 266.6666666665478 183.333333333313 282.8571428570517
6091 283.3333333332413 116.6666666665796 197.1428571427381
6092 283.3333333332981 116.6666666666125 214.2857142855057
6093 283.3333333333241 116.6666666666291 231.4285714283541
6094 283.333333333324 116.6666666666291 248.5714285712112
6095 283.3333333332981 116.6666666666125 265.714285714077
6096 283.3333333332413 116.6666666665795 282.8571428570237
6097 283.3333333332901 133.3333333331839 197.142857142766
6098 283.3333333333467 133.3333333332532 214.2857142855662
6099 283.3333333333726 133.3333333332865 231.4285714284498
6100 283.3333333333727 133.3333333332865 248.5714285713071
6101 283.3333333333468 133.3333333332532 265.7142857141375
6102 283.3333333332902 133.3333333331837 282.8571428570518
6103 283.3333333333058 149.9999999998535 197.1428571427755
6104 283.3333333333624 149.9999999999616 214.2857142855859
6105 283.3333333333883 150.0000000000093 231.4285714284786
6106 283.3333333333884 150.0000000000093 248.571428571336
6107 283.3333333333625 149.9999999999615 265.7142857141573
6108 283.3333333333056 149.9999999998534 282.8571428570611
6109 283.3333333332902 166.6666666666013 197.142857142766
6110 283.3333333333467 166.6666666667255 214.2857142855662
6111 283.3333333333727 166.6666666667754 231.4285714284498
6112 283.3333333333726 166.6666666667755 248.5714285713069
6113 283.3333333333467 166.6666666667255 265.7142857141375
6114 283.3333333332899 166.6666666666013 282.8571428570517
6115 283.3333333332415 183.3333333332539 197.1428571427381
6116 283.3333333332981 183.3333333333211 214.2857142855057
6117 283.3333333333239 183.3333333333502 231.428571428354
6118 283.333333333324 183.3333333333501 248.5714285712112
6119 283.3333333332981 183.333333333321 265.714285714077
6120 283.3333333332414 183.3333333332539 282.8571428570237
6121 16.66666666663509 216.6666666665711 197.2024651290248
6122 16.66666666664928 216.6666666666132 214.3354294836006
6123 16.66666666665614 216.6666666666337 231.4683644535227
6124 16.66666666665614 216.6666666666339 248.6012831576447
6125 16.66666666664927 216.6666666666133 265.7341927439226
6126 16.66666666663508 216.6666666665713 282.867097438884
6127 16.66666666664692 233.3333333331782 197.2620350019081
6128 16.6666666666611 233.3333333332653 214.385098892614
6129 16.66666666666796 233.3333333333056 231.5081150388322
6130 16.66666666666794 233.3333333333056 248.6311034378734
6131 16.66666666666107 233.3333333332654 265.7540759483522
6132 16.66666666664689 233.3333333331785 282.8770398572947
6133 16.66666666665088 249.9999999998845 197.321582247075
6134 16.66666666666504 250.0000000000127 214.4347352872902
6135 16.6666666666719 250.0000000000663 231.5478315611956
6136 16.66666666667189 250.0000000000663 248.6608944558345
6137 16.66666666666501 250.0000000000128 265.7739381220392
6138 16.66666666665084 249.9999999998847 282.8869713491869
6139 16.66666666664692 266.6666666665479 197.3811107961327
6140 16.66666666666109 266.6666666666582 214.4843425887514
6141 16.66666666666793 266.6666666667056 231.587516847423
6142 16.66666666666791 266.6666666667055 248.6906580006331
6143 16.66666666666103 266.6666666666582 265.7937802836846
6144 16.66666666664687 266.6666666665476 282.8968923719123
6145 16.66666666663511 283.3333333332414 197.4406167037896
6146 16.66666666664926 283.3333333332978 214.5339168836438
6147 16.66666666665608 283.3333333333238 231.6271681186583
6148 16.66666666665607 283.3333333333235 248.7203923511434
6149 16.66666666664918 283.3333333332976 265.8136014759654
6150 16.66666666663502 283.333333333241 282.9068025035579
6151 33.33333333329276 216.6666666666059 197.1905527327004
6152 33.33333333332285 216.666666666648 214.325499688977
6153 33.33333333333614 216.6666666666687 231.4604194619307
6154 33.33333333333616 216.6666666666688 248.5953239215298
6155 33.33333333332283 216.6666666666482 265.7302197300213
6156 33.3333333332927 216.6666666666062 282.8651108820665
6157 33.33333333331876 233.3333333332525 197.2382178319183
6158 33.33333333334885 233.3333333333396 214.3652484611349
6159 33.33333333336214 233.3333333333799 231.4922335435435
6160 33.33333333336213 233.3333333333799 248.619191826808
6161 33.33333333334883 233.3333333333397 265.7461346855844
6162 33.33333333331872 233.3333333332527 282.8730691763274
6163 33.33333333332671 249.9999999999978 197.2858648289588
6164 33.33333333335682 250.000000000126 214.4049708218148
6165 33.33333333337011 250.0000000001796 231.5240203747861
6166 33.33333333337008 250.0000000001797 248.6430363222588
6167 33.33333333335676 250.000000000126 265.7620328165456
6168 33.33333333332666 249.999999999998 282.88101872937
6169 33.33333333331873 266.666666666645 197.3334968691081
6170 33.3333333333488 266.6666666667556 214.4446699079148
6171 33.33333333336208 266.6666666668028 231.5557822171081
6172 33.33333333336206 266.6666666668028 248.6668588391678
6173 33.33333333334875 266.6666666667555 265.777914937865
6174 33.33333333331864 266.6666666666449 282.8889599070749
6175 33.33333333329271 283.3333333332901 197.3811107961331
6176 33.33333333332277 283.3333333333468 214.4843425887513
6177 33.33333333333605 283.3333333333725 231.587516847423
6178 33.33333333333602 283.3333333333724 248.690658000633
6179 33.33333333332271 283.3333333333465 265.7937802836847
6180 33.33333333329259 283.3333333332897 282.8968923719121
6181 49.99999999994807 216.6666666666177 197.1786358080813
6182 49.99999999998516 216.6666666666599 214.3155632930073
6183 50.00000000000159 216.6666666666804 231.4524676672869
6184 50.00000000000159 216.6666666666805 248.5893588465039
6185 49.99999999998516 216.66666666666 265.7262425222145
6186 49.99999999994803 216.6666666666178 282.8631221470183
6187 49.99999999998025 233.3333333332765 197.2143916053565
6188 50.00000000001731 233.3333333333635 214.3453848270039
6189 50.00000000003374 233.3333333334039 231.4763384422178
6190 50.00000000003373 233.3333333334038 248.6072685379874
6191 50.00000000001726 233.3333333333635 265.7381850350462
6192 49.99999999998024 233.3333333332765 282.8690941389173
6193 49.99999999999019 250.000000000031 197.2501338259943
6194 50.00000000002723 250.0000000001592 214.3751865523818
6195 50.00000000004365 250.0000000002129 231.5001887793542
6196 50.00000000004365 250.0000000002129 248.6251606720833
6197 50.00000000002722 250.0000000001592 265.7501149294162
6198 49.99999999999017 250.0000000000312 282.8750595748976
6199 49.99999999998021 266.6666666666744 197.2858648289589
6200 50.00000000001722 266.6666666667849 214.4049708218147
6201 50.00000000003368 266.666666666832 231.5240203747859
6202 50.00000000003365 266.6666666668322 248.6430363222587
6203 50.00000000001722 266.6666666667849 265.7620328165453
6204 49.99999999998019 266.666666666674 282.8810187293699
6205 49.99999999994801 283.3333333333055 197.3215822470756
6206 49.99999999998504 283.3333333333622 214.4347352872903
6207 50.00000000000148 283.3333333333881 231.5478315611956
6208 50.00000000000148 283.3333333333879 248.6608944558344
6209 49.99999999998505 283.333333333362 265.7739381220394
6210 49.99999999994796 283.3333333333053 282.8869713491872
6211 66.66666666663579 216.666666666606 197.1667151442252
6212 66.66666666667317 216.6666666666482 214.3056210783627
6213 66.66666666668874 216.6666666666688 231.4445096253695
6214 66.66666666668871 216.6666666666688 248.583388276799
6215 66.66666666667317 216.6666666666482 265.7222613119678
6216 66.66666666663582 216.6666666666061 282.8611313181215
6217 66.66666666666885 233.3333333332525 197.1905579003397
6218 66.66666666670625 233.3333333333398 214.3255095555631
6219 66.6666666667218 233.3333333333798 231.4604308464029
6220 66.66666666672182 233.3333333333799 248.5953342598669
6221 66.66666666670625 233.3333333333399 265.7302273796678
6222 66.6666666666689 233.3333333332527 282.8651149138287
6223 66.66666666667848 249.999999999998 197.2143916053566
6224 66.66666666671586 250.0000000001261 214.3453848270039
6225 66.66666666673142 250.0000000001798 231.4763384422179
6226 66.66666666673146 250.0000000001798 248.6072685379874
6227 66.66666666671588 250.0000000001262 265.7381850350463
6228 66.66666666667852 249.999999999998 282.8690941389172
6229 66.66666666666882 266.6666666666452 197.2382178319182
6230 66.66666666670616 266.6666666667556 214.365248461135
6231 66.66666666672174 266.666666666803 231.4922335435436
6232 66.66666666672177 266.666666666803 248.6191918268081
6233 66.66666666670619 266.6666666667556 265.7461346855845
6234 66.66666666666885 266.6666666666451 282.8730691763275
6235 66.66666666663571 283.3333333332901 197.2620350019087
6236 66.66666666667305 283.3333333333469 214.3850988926144
6237 66.66666666668863 283.3333333333725 231.5081150388324
6238 66.66666666668866 283.3333333333725 248.6311034378735
6239 66.66666666667308 283.3333333333467 265.7540759483522
6240 66.66666666663573 283.3333333332899 282.8770398572948
6241 83.33333333330519 216.6666666665714 197.1547899548108
6242 83.3333333333249 216.6666666666134 214.2956722608181
6243 83.33333333333363 216.666666666634 231.4365447708093
6244 83.33333333333371 216.666666666634 248.5774118545873
6245 83.33333333332492 216.6666666666134 265.7182758955398
6246 83.33333333330522 216.6666666665713 282.8591383039063
6247 83.33333333332232 233.3333333331784 197.166715144225
6248 83.33333333334204 233.3333333332657 214.3056210783625
6249 83.33333333335078 233.333333333306 231.4445096253693
6250 83.33333333335085 233.3333333333059 248.583388276799
6251 83.33333333334204 233.3333333332656 265.7222613119677
6252 83.33333333332232 233.3333333331787 282.8611313181217
6253 83.33333333332764 249.9999999998849 197.1786358080814
6254 83.33333333334733 250.0000000000132 214.3155632930071
6255 83.33333333335618 250.0000000000668 231.4524676672867
6256 83.33333333335621 250.0000000000668 248.5893588465039
6257 83.33333333334741 250.0000000000132 265.7262425222147
6258 83.33333333332769 249.999999999885 282.8631221470184
6259 83.33333333332224 266.6666666665477 197.1905527327005
6260 83.33333333334201 266.6666666666587 214.3254996889771
6261 83.33333333335078 266.6666666667057 231.4604194619306
6262 83.33333333335079 266.666666666706 248.5953239215299
6263 83.33333333334203 266.6666666666587 265.7302197300214
6264 83.33333333332232 266.6666666665481 282.8651108820666
6265 83.33333333330509 283.3333333332414 197.202465129025
6266 83.33333333332482 283.3333333332981 214.3354294836009
6267 83.33333333333361 283.3333333333241 231.4683644535228
6268 83.33333333333364 283.333333333324 248.6012831576448
6269 83.33333333332487 283.3333333332978 265.7341927439227
6270 83.33333333330515 283.3333333332412 282.867097438884
6271 116.6666666665795 216.6666666665712 197.1428571427381
6272 116.6666666666125 216.6666666666133 214.2857142855056
6273 116.666666666629 216.6666666666339 231.4285714283541
6274 116.666666666629 216.6666666666338 248.5714285712112
6275 116.6666666666124 216.6666666666132 265.714285714077
6276 116.6666666665795 216.6666666665712 282.8571428570237
6277 116.6666666666061 233.3333333331786 197.1428571427661
6278 116.666666666639 233.3333333332658 214.2857142855662
6279 116.6666666666556 233.333333333306 231.4285714284498
6280 116.6666666666556 233.333333333306 248.5714285713071
6281 116.666666666639 233.3333333332658 265.7142857141377
6282 116.6666666666061 233.3333333331785 282.8571428570517
6283 116.6666666666153 249.9999999998851 197.1428571427756
6284 116.6666666666482 250.0000000000133 214.285714285586
6285 116.6666666666648 250.000000000067 231.4285714284789
6286 116.6666666666647 250.0000000000668 248.571428571336
6287 116.6666666666481 250.0000000000131 265.7142857141575
6288 116.6666666666152 249.9999999998851 282.8571428570615
6289 116.6666666666061 266.6666666665479 197.142857142766
6290 116.6666666666391 266.6666666666587 214.2857142855662
6291 116.6666666666556 266.666666666706 231.4285714284498
6292 116.6666666666556 266.666666666706 248.571428571307
6293 116.666666666639 266.6666666666587 265.7142857141377
6294 116.6666666666062 266.666666666548 282.8571428570517
6295 116.6666666665796 283.3333333332413 197.1428571427381
6296 116.6666666666125 283.333333333298 214.2857142855057
6297 116.6666666666291 283.3333333333239 231.4285714283541
6298 116.666666666629 283.3333333333239 248.5714285712112
6299 116.6666666666125 283.333333333298 265.714285714077
6300 116.6666666665795 283.3333333332412 282.8571428570237
6301 133.3333333331837 216.666666666606 197.1428571427659
6302 133.3333333332531 216.6666666666482 214.2857142855661
6303 133.3333333332865 216.6666666666688 231.42857142845
6304 133.3333333332865 216.6666666666688 248.5714285713069
6305 133.3333333332531 216.6666666666481 265.7142857141374
6306 133.3333333331837 216.666666666606 282.8571428570517
6307 133.3333333332414 233.3333333332527 197.142857142794
6308 133.3333333333109 233.3333333333399 214.2857142856267
6309 133.3333333333443 233.3333333333802 231.4285714285456
6310 133.3333333333443 233.3333333333801 248.5714285714027
6311 133.3333333333109 233.3333333333399 265.7142857141982
6312 133.3333333332415 233.3333333332528 282.8571428570797
6313 133.3333333332606 249.9999999999981 197.1428571428036
6314 133.33333333333 250.0000000001264 214.2857142856465
6315 133.3333333333634 250.00000000018 231.4285714285747
6316 133.3333333333634 250.0000000001799 248.5714285714317
6317 133.33333333333 250.0000000001264 265.714285714218
6318 133.3333333332606 249.9999999999983 282.8571428570892
6319 133.3333333332415 266.6666666666453 197.1428571427939
6320 133.3333333333109 266.666666666756 214.2857142856267
6321 133.3333333333444 266.6666666668033 231.4285714285456
6322 133.3333333333444 266.6666666668034 248.5714285714027
6323 133.3333333333108 266.666666666756 265.714285714198
6324 133.3333333332415 266.6666666666453 282.8571428570797
6325 133.3333333331838 283.3333333332901 197.142857142766
6326 133.3333333332532 283.3333333333467 214.2857142855661
6327 133.3333333332865 283.3333333333727 231.4285714284498
6328 133.3333333332865 283.3333333333727 248.5714285713069
6329 133.3333333332532 283.3333333333467 265.7142857141375
6330 133.3333333331837 283.3333333332899 282.8571428570517
6331 149.9999999998535 216.6666666666179 197.1428571427755
6332 149.9999999999616 216.6666666666597 214.2857142855858
6333 150.0000000000093 216.6666666666805 231.4285714284788
6334 150.0000000000093 216.6666666666805 248.571428571336
6335 149.9999999999615 216.6666666666598 265.7142857141571
6336 149.9999999998534 216.6666666666178 282.8571428570612
6337 149.9999999999474 233.3333333332766 197.1428571428033
6338 150.0000000000555 233.3333333333637 214.2857142856465
6339 150.0000000001031 233.333333333404 231.4285714285745
6340 150.0000000001031 233.333333333404 248.5714285714317
6341 150.0000000000554 233.3333333333638 265.7142857142179
6342 149.9999999999474 233.3333333332766 282.8571428570892
6343 149.9999999999764 250.0000000000314 197.1428571428129
6344 150.0000000000844 250.0000000001596 214.2857142856662
6345 150.0000000001321 250.0000000002132 231.4285714286036
6346 150.0000000001321 250.0000000002132 248.5714285714607
6347 150.0000000000844 250.0000000001596 265.7142857142377
6348 149.9999999999764 250.0000000000315 282.8571428570988
6349 149.9999999999474 266.6666666666746 197.1428571428034
6350 150.0000000000555 266.666666666785 214.2857142856465
6351 150.0000000001031 266.6666666668327 231.4285714285746
6352 150.0000000001031 266.6666666668324 248.5714285714317
6353 150.0000000000554 266.6666666667851 265.7142857142179
6354 149.9999999999474 266.6666666666744 282.8571428570891
6355 149.9999999998535 283.3333333333057 197.1428571427756
6356 149.9999999999616 283.3333333333624 214.2857142855859
6357 150.0000000000093 283.3333333333883 231.4285714284788
6358 150.0000000000092 283.3333333333883 248.5714285713359
6359 149.9999999999616 283.3333333333624 265.7142857141572
6360 149.9999999998535 283.3333333333056 282.8571428570613
6361 166.6666666666011 216.666666666606 197.1428571427659
6362 166.6666666667255 216.6666666666482 214.285714285566
6363 166.6666666667754 216.6666666666688 231.4285714284498
6364 166.6666666667755 216.6666666666688 248.5714285713069
6365 166.6666666667255 216.666666666648 265.7142857141374
6366 166.6666666666012 216.666666666606 282.8571428570517
6367 166.6666666667129 233.3333333332527 197.142857142794
6368 166.666666666837 233.3333333333399 214.2857142856267
6369 166.6666666668871 233.3333333333802 231.4285714285455
6370 166.6666666668871 233.3333333333801 248.5714285714027
6371 166.666666666837 233.33333333334 265.714285714198
6372 166.6666666667127 233.3333333332527 282.8571428570797
6373 166.6666666667445 249.9999999999981 197.1428571428035
6374 166.6666666668688 250.0000000001263 214.2857142856465
6375 166.6666666669188 250.0000000001801 231.4285714285746
6376 166.6666666669188 250.0000000001799 248.5714285714316
6377 166.6666666668687 250.0000000001264 265.714285714218
6378 166.6666666667444 249.9999999999983 282.8571428570892
6379 166.6666666667127 266.6666666666453 197.1428571427939
6380 166.666666666837 266.6666666667559 214.2857142856267
6381 166.666666666887 266.6666666668031 231.4285714285455
6382 166.666666666887 266.6666666668031 248.5714285714027
6383 166.6666666668371 266.6666666667558 265.714285714198
6384 166.6666666667127 266.666666666645 282.8571428570797
6385 166.6666666666013 283.3333333332902 197.142857142766
6386 166.6666666667255 283.3333333333468 214.2857142855662
6387 166.6666666667754 283.3333333333726 231.4285714284498
6388 166.6666666667755 283.3333333333728 248.5714285713069
6389 166.6666666667255 283.3333333333468 265.7142857141375
6390 166.6666666666013 283.33333333329 282.8571428570517
6391 183.3333333332539 216.6666666665712 197.1428571427381
6392 183.3333333333211 216.6666666666133 214.2857142855056
6393 183.3333333333501 216.666666666634 231.4285714283541
6394 183.3333333333501 216.6666666666339 248.5714285712111
6395 183.333333333321 216.6666666666133 265.714285714077
6396 183.3333333332539 216.6666666665712 282.8571428570236
6397 183.333333333313 233.3333333331785 197.142857142766
6398 183.3333333333801 233.3333333332657 214.2857142855662
6399 183.3333333334093 233.3333333333059 231.4285714284498
6400 183.3333333334093 233.3333333333059 248.5714285713069
6401 183.33333333338 233.3333333332657 265.7142857141375
6402 183.333333333313 233.3333333331784 282.8571428570517
6403 183.3333333333313 249.9999999998852 197.1428571427756
6404 183.3333333333984 250.0000000000132 214.2857142855861
6405 183.3333333334275 250.000000000067 231.4285714284788
6406 183.3333333334275 250.0000000000669 248.5714285713359
6407 183.3333333333983 250.0000000000132 265.7142857141574
6408 183.3333333333312 249.9999999998852 282.8571428570613
6409 183.3333333333132 266.6666666665479 197.142857142766
6410 183.3333333333802 266.6666666666584 214.2857142855662
6411 183.3333333334093 266.666666666706 231.4285714284498
6412 183.3333333334093 266.6666666667058 248.5714285713069
6413 183.3333333333801 266.6666666666586 265.7142857141375
6414 183.3333333333131 266.6666666665478 282.8571428570517
6415 183.3333333332539 283.3333333332413 197.1428571427381
6416 183.3333333333211 283.3333333332981 214.2857142855056
6417 183.3333333333502 283.333333333324 231.4285714283539
6418 183.3333333333501 283.333333333324 248.5714285712112
6419 183.333333333321 283.3333333332981 265.714285714077
6420 183.3333333332539 283.3333333332412 282.8571428570237
6421 216.6666666665713 216.6666666665714 197.1428571427381
6422 216.6666666666136 216.6666666666134 214.2857142855055
6423 216.6666666666341 216.6666666666341 231.4285714283542
6424 216.666666666634 216.666666666634 248.5714285712111
6425 216.6666666666135 216.6666666666135 265.7142857140768
6426 216.6666666665714 216.6666666665714 282.8571428570237
6427 216.6666666666063 233.3333333331786 197.1428571427661
6428 216.6666666666482 233.3333333332657 214.2857142855661
6429 216.666666666669 233.333333333306 231.4285714284498
6430 216.6666666666688 233.3333333333059 248.5714285713069
6431 216.6666666666482 233.3333333332657 265.7142857141374
6432 216.6666666666061 233.3333333331787 282.8571428570517
6433 216.6666666666179 249.9999999998851 197.1428571427756
6434 216.6666666666601 250.0000000000134 214.2857142855859
6435 216.6666666666807 250.0000000000671 231.428571428479
6436 216.6666666666806 250.0000000000669 248.5714285713359
6437 216.6666666666601 250.0000000000134 265.7142857141573
6438 216.666666666618 249.9999999998853 282.8571428570613
6439 216.6666666666062 266.6666666665479 197.142857142766
6440 216.6666666666483 266.6666666666587 214.2857142855661
6441 216.6666666666689 266.6666666667061 231.4285714284499
6442 216.6666666666689 266.6666666667061 248.5714285713069
6443 216.6666666666482 266.6666666666588 265.7142857141374
6444 216.6666666666061 266.666666666548 282.8571428570516
6445 216.6666666665712 283.3333333332413 197.142857142738
6446 216.6666666666135 283.3333333332981 214.2857142855055
6447 216.666666666634 283.3333333333238 231.4285714283541
6448 216.666666666634 283.3333333333239 248.571428571211
6449 216.6666666666134 283.3333333332978 265.7142857140769
6450 216.6666666665714 283.3333333332412 282.8571428570236
6451 233.3333333331786 216.6666666666063 197.1428571427661
6452 233.3333333332657 216.6666666666482 214.2857142855662
6453 233.333333333306 216.666666666669 231.4285714284499
6454 233.333333333306 216.6666666666688 248.571428571307
6455 233.3333333332657 216.6666666666481 265.7142857141374
6456 233.3333333331787 216.6666666666061 282.8571428570517
6457 233.3333333332528 233.3333333332527 197.142857142794
6458 233.33333333334 233.33333333334 214.2857142856267
6459 233.3333333333802 233.3333333333802 231.4285714285456
6460 233.3333333333802 233.3333333333802 248.5714285714028
6461 233.3333333333399 233.3333333333399 265.714285714198
6462 233.3333333332528 233.3333333332528 282.8571428570797
6463 233.3333333332767 249.9999999999982 197.1428571428035
6464 233.3333333333639 250.0000000001264 214.2857142856465
6465 233.3333333334041 250.00000000018 231.4285714285746
6466 233.333333333404 250.0000000001801 248.5714285714317
6467 233.3333333333638 250.0000000001264 265.714285714218
6468 233.3333333332767 249.9999999999982 282.8571428570892
6469 233.3333333332528 266.6666666666453 197.142857142794
6470 233.33333333334 266.666666666756 214.2857142856267
6471 233.3333333333804 266.6666666668033 231.4285714285456
6472 233.3333333333801 266.6666666668033 248.5714285714027
6473 233.33333333334 266.666666666756 265.714285714198
6474 233.3333333332528 266.6666666666453 282.8571428570797
6475 233.3333333331786 283.3333333332899 197.142857142766
6476 233.3333333332658 283.3333333333467 214.2857142855661
6477 233.333333333306 283.3333333333727 231.4285714284499
6478 233.3333333333059 283.3333333333727 248.5714285713069
6479 233.3333333332658 283.3333333333467 265.7142857141375
6480 233.3333333331786 283.3333333332899 282.8571428570517
6481 249.9999999998851 216.6666666666179 197.1428571427755
6482 250.0000000000134 216.66666666666 214.2857142855859
6483 250.000000000067 216.6666666666807 231.428571428479
6484 250.0000000000669 216.6666666666806 248.571428571336
6485 250.0000000000134 216.6666666666601 265.7142857141573
6486 249.9999999998852 216.666666666618 282.8571428570612
6487 249.9999999999983 233.3333333332768 197.1428571428036
6488 250.0000000001264 233.3333333333639 214.2857142856465
6489 250.00000000018 233.3333333334041 231.4285714285746
6490 250.00000000018 233.3333333334041 248.5714285714317
6491 250.0000000001266 233.3333333333639 265.714285714218
6492 249.9999999999983 233.3333333332768 282.8571428570892
6493 250.0000000000315 250.0000000000315 197.1428571428131
6494 250.0000000001595 250.0000000001595 214.2857142856662
6495 250.0000000002132 250.0000000002132 231.4285714286036
6496 250.0000000002134 250.0000000002133 248.5714285714607
6497 250.0000000001596 250.0000000001595 265.7142857142378
6498 250.0000000000315 250.0000000000316 282.8571428570988
6499 249.9999999999983 266.6666666666745 197.1428571428035
6500 250.0000000001263 266.666666666785 214.2857142856465
6501 250.00000000018 266.6666666668325 231.4285714285747
6502 250.00000000018 266.6666666668324 248.5714285714317
6503 250.0000000001265 266.6666666667851 265.7142857142179
6504 249.9999999999983 266.6666666666744 282.8571428570892
6505 249.9999999998851 283.3333333333055 197.1428571427755
6506 250.0000000000134 283.3333333333624 214.285714285586
6507 250.0000000000671 283.3333333333883 231.4285714284788
6508 250.0000000000669 283.3333333333881 248.5714285713359
6509 250.0000000000134 283.3333333333624 265.7142857141572
6510 249.999999999885 283.3333333333055 282.8571428570613
6511 266.666666666548 216.6666666666062 197.1428571427659
6512 266.6666666666587 216.6666666666482 214.2857142855661
6513 266.666666666706 216.6666666666689 231.4285714284499
6514 266.6666666667061 216.6666666666689 248.5714285713069
6515 266.6666666666588 216.6666666666482 265.7142857141375
6516 266.666666666548 216.6666666666062 282.8571428570517
6517 266.6666666666453 233.3333333332529 197.142857142794
6518 266.666666666756 233.33333333334 214.2857142856267
6519 266.6666666668034 233.3333333333802 231.4285714285456
6520 266.6666666668033 233.3333333333802 248.5714285714027
6521 266.666666666756 233.33333333334 265.714285714198
6522 266.6666666666453 233.3333333332528 282.8571428570797
6523 266.6666666666745 249.9999999999982 197.1428571428036
6524 266.666666666785 250.0000000001264 214.2857142856465
6525 266.6666666668325 250.00000000018 231.4285714285747
6526 266.6666666668324 250.0000000001802 248.5714285714317
6527 266.6666666667851 250.0000000001265 265.714285714218
6528 266.6666666666744 249.9999999999984 282.8571428570892
6529 266.6666666666453 266.6666666666453 197.1428571427939
6530 266.6666666667559 266.6666666667559 214.2857142856267
6531 266.6666666668033 266.6666666668033 231.4285714285455
6532 266.6666666668033 266.6666666668033 248.5714285714026
6533 266.666666666756 266.6666666667561 265.714285714198
6534 266.6666666666453 266.6666666666453 282.8571428570796
6535 266.6666666665479 283.3333333332901 197.142857142766
6536 266.6666666666586 283.3333333333467 214.2857142855662
6537 266.6666666667061 283.3333333333727 231.4285714284498
6538 266.666666666706 283.3333333333727 248.5714285713069
6539 266.6666666666586 283.3333333333467 265.7142857141375
6540 266.6666666665479 283.3333333332899 282.8571428570516
6541 283.3333333332413 216.6666666665713 197.1428571427381
6542 283.3333333332981 216.6666666666134 214.2857142855055
6543 283.3333333333239 216.666666666634 231.4285714283541
6544 283.333333333324 216.666666666634 248.5714285712111
6545 283.3333333332981 216.6666666666134 265.7142857140768
6546 283.3333333332412 216.6666666665714 282.8571428570236
6547 283.3333333332902 233.3333333331786 197.142857142766
6548 283.3333333333469 233.3333333332658 214.2857142855661
6549 283.3333333333728 233.333333333306 231.4285714284498
6550 283.3333333333729 233.333333333306 248.5714285713069
6551 283.3333333333469 233.3333333332659 265.7142857141375
6552 283.3333333332899 233.3333333331787 282.8571428570517
6553 283.3333333333059 249.9999999998852 197.1428571427756
6554 283.3333333333624 250.0000000000134 214.2857142855859
6555 283.3333333333884 250.0000000000671 231.428571428479
6556 283.3333333333881 250.0000000000669 248.5714285713359
6557 283.3333333333624 250.0000000000132 265.7142857141573
6558 283.3333333333055 249.9999999998851 282.8571428570612
6559 283.3333333332901 266.6666666665479 197.142857142766
6560 283.3333333333467 266.6666666666586 214.2857142855662
6561 283.3333333333727 266.666666666706 231.4285714284498
6562 283.3333333333727 266.6666666667059 248.5714285713069
6563 283.3333333333468 266.6666666666586 265.7142857141374
6564 283.3333333332899 266.6666666665479 282.8571428570516
6565 283.3333333332413 283.3333333332413 197.1428571427381
6566 283.3333333332981 283.3333333332981 214.2857142855057
6567 283.3333333333239 283.3333333333239 231.4285714283541
6568 283.3333333333239 283.333333333324 248.5714285712111
6569 283.3333333332981 283.3333333332978 265.7142857140768
6570 283.3333333332413 283.3333333332412 282.8571428570236
$EndNodes
$Elements
5508
1 5 2 1 6000 1 67 791 297 567 1741 3421 2581
2 5 2 1 6000 567 1741 3421 2581 568 1742 3422 2582
3 5 2 1 6000 568 1742 3422 2582 569 1743 3423 2583
4 5 2 1 6000 569 1743 3423 2583 570 1744 3424 2584
5 5 2 1 6000 570 1744 3424 2584 571 1745 3425 2585
6 5 2 1 6000 571 1745 3425 2585 572 1746 3426 2586
7 5 2 1 6000 572 1746 3426 2586 17 127 1016 357
8 5 2 1 6000 297 791 792 298 2581 3421 3427 2587
9 5 2 1 6000 2581 3421 3427 2587 2582 3422 3428 2588
10 5 2 1 6000 2582 3422 3428 2588 2583 3423 3429 2589
11 5 2 1 6000 2583 3423 3429 2589 2584 3424 3430 2590
12 5 2 1 6000 2584 3424 3430 2590 2585 3425 3431 2591
13 5 2 1 6000 2585 3425 3431 2591 2586 3426 3432 2592
14 5 2 1 6000 2586 3426 3432 2592 357 1016 1017 358
15 5 2 1 6000 298 792 793 299 2587 3427 3433 2593
16 5 2 1 6000 2587 3427 3433 2593 2588 3428 3434 2594
17 5 2 1 6000 2588 3428 3434 2594 2589 3429 3435 2595
18 5 2 1 6000 2589 3429 3435 2595 2590 3430 3436 2596
19 5 2 1 6000 2590 3430 3436 2596 2591 3431 3437 2597
20 5 2 1 6000 2591 3431 3437 2597 2592 3432 3438 2598
21 5 2 1 6000 2592 3432 3438 2598 358 1017 1018 359
22 5 2 1 6000 299 793 794 300 2593 3433 3439 2599
23 5 2 1 6000 2593 3433 3439 2599 2594 3434 3440 2600
24 5 2 1 6000 2594 3434 3440 2600 2595 3435 3441 2601
25 5 2 1 6000 2595 3435 3441 2601 2596 3436 3442 2602
26 5 2 1 6000 2596 3436 3442 2602 2597 3437 3443 2603
27 5 2 1 6000 2597 3437 3443 2603 2598 3438 3444 2604
28 5 2 1 6000 2598 3438 3444 2604 359 1018 1019 360
29 5 2 1 6000 300 794 795 301 2599 3439 3445 2605
30 5 2 1 6000 2599 3439 3445 2605 2600 3440 3446 2606
31 5 2 1 6000 2600 3440 3446 2606 2601 3441 3447 2607
32 5 2 1 6000 2601 3441 3447 2607 2602 3442 3448 2608
33 5 2 1 6000 2602 3442 3448 2608 2603 3443 3449 2609
34 5 2 1 6000 2603 3443 3449 2609 2604 3444 3450 2610
35 5 2 1 6000 2604 3444 3450 2610 360 1019 1020 361
36 5 2 1 6000 301 795 82 5 2605 3445 1831 591
37 5 2 1 6000 2605 3445 1831 591 2606 3446 1832 592
38 5 2 1 6000 2606 3446 1832 592 2607 3447 1833 593
39 5 2 1 6000 2607 3447 1833 593 2608 3448 1834 594
40 5 2 1 6000 2608 3448 1834 594 2609 3449 1835 595
41 5 2 1 6000 2609 3449 1835 595 2610 3450 1836 596
42 5 2 1 6000 2610 3450 1836 596 361 1020 137 20
43 5 2 1 6000 67 68 796 791 1741 1747 3451 3421
44 5 2 1 6000 1741 1747 3451 3421 1742 1748 3452 3422
45 5 2 1 6000 1742 1748 3452 3422 1743 1749 3453 3423
46 5 2 1 6000 1743 1749 3453 3423 1744 1750 3454 3424
47 5 2 1 6000 1744 1750 3454 3424 1745 1751 3455 3425
48 5 2 1 6000 1745 1751 3455 3425 1746 1752 3456 3426
49 5 2 1 6000 1746 1752 3456 3426 127 128 1021 1016
50 5 2 1 6000 791 796 797 792 3421 3451 3457 3427
51 5 2 1 6000 3421 3451 3457 3427 3422 3452 3458 3428
52 5 2 1 6000 3422 3452 3458 3428 3423 3453 3459 3429
53 5 2 1 6000 3423 3453 3459 3429 3424 3454 3460 3430
54 5 2 1 6000 3424 3454 3460 3430 3425 3455 3461 3431
55 5 2 1 6000 3425 3455 3461 3431 3426 3456 3462 3432
56 5 2 1 6000 3426 3456 3462 3432 1016 1021 1022 1017
57 5 2 1 6000 792 797 798 793 3427 3457 3463 3433
58 5 2 1 6000 3427 3457 3463 3433 3428 3458 3464 3434
59 5 2 1 6000 3428 3458 3464 3434 3429 3459 3465 3435
60 5 2 1 6000 3429 3459 3465 3435 3430 3460 3466 3436
61 5 2 1 6000 3430 3460 3466 3436 3431 3461 3467 3437
62 5 2 1 6000 3431 3461 3467 3437 3432 3462 3468 3438
63 5 2 1 6000 3432 3462 3468 3438 1017 1022 1023 1018
64 5 2 1 6000 793 798 799 794 3433 3463 3469 3439
65 5 2 1 6000 3433 3463 3469 3439 3434 3464 3470 3440
66 5 2 1 6000 3434 3464 3470 3440 3435 3465 3471 3441
67 5 2 1 6000 3435 3465 3471 3441 3436 3466 3472 3442
68 5 2 1 6000 3436 3466 3472 3442 3437 3467 3473 3443
69 5 2 1 6000 3437 3467 3473 3443 3438 3468 3474 3444
70 5 2 1 6000 3438 3468 3474 3444 1018 1023 1024 1019
71 5 2 1 6000 794 799 800 795 3439 3469 3475 3445
72 5 2 1 6000 3439 3469 3475 3445 3440 3470 3476 3446
73 5 2 1 6000 3440 3470 3476 3446 3441 3471 3477 3447
74 5 2 1 6000 3441 3471 3477 3447 3442 3472 3478 3448
75 5 2 1 6000 3442 3472 3478 3448 3443 3473 3479 3449
76 5 2 1 6000 3443 3473 3479 3449 3444 3474 3480 3450
77 5 2 1 6000 3444 3474 3480 3450 1019 1024 1025 1020
78 5 2 1 6000 795 800 83 82 3445 3475 1837 1831
79 5 2 1 6000 3445 3475 1837 1831 3446 3476 1838 1832
80 5 2 1 6000 3446 3476 1838 1832 3447 3477 1839 1833
81 5 2 1 6000 3447 3477 1839 1833 3448 3478 1840 1834
82 5 2 1 6000 3448 3478 1840 1834 3449 3479 1841 1835
83 5 2 1 6000 3449 3479 1841 1835 3450 3480 1842 1836
84 5 2 1 6000 3450 3480 1842 1836 1020 1025 138 137
85 5 2 1 6000 68 69 801 796 1747 1753 3481 3451
86 5 2 1 6000 1747 1753 3481 3451 1748 1754 3482 3452
87 5 2 1 6000 1748 1754 3482 3452 1749 1755 3483 3453
88 5 2 1 6000 1749 1755 3483 3453 1750 1756 3484 3454
89 5 2 1 6000 1750 1756 3484 3454 1751 1757 3485 3455
90 5 2 1 6000 1751 1757 3485 3455 1752 1758 3486 3456
91 5 2 1 6000 1752 1758 3486 3456 128 129 1026 1021
92 5 2 1 6000 796 801 802 797 3451 3481 3487 3457
93 5 2 1 6000 3451 3481 3487 3457 3452 3482 3488 3458
94 5 2 1 6000 3452 3482 3488 3458 3453 3483 3489 3459
95 5 2 1 6000 3453 3483 3489 3459 3454 3484 3490 3460
96 5 2 1 6000 3454 3484 3490 3460 3455 3485 3491 3461
97 5 2 1 6000 3455 3485 3491 3461 3456 3486 3492 3462
98 5 2 1 6000 3456 3486 3492 3462 1021 1026 1027 1022
99 5 2 1 6000 797 802 803 798 3457 3487 3493 3463
100 5 2 1 6000 3457 3487 3493 3463 3458 3488 3494 3464
101 5 2 1 6000 3458 3488 3494 3464 3459 3489 3495 3465
102 5 2 1 6000 3459 3489 3495 3465 3460 3490 3496 3466
103 5 2 1 6000 3460 3490 3496 3466 3461 3491 3497 3467
104 5 2 1 6000 3461 3491 3497 3467 3462 3492 3498 3468
105 5 2 1 6000 3462 3492 3498 3468 1022 1027 1028 1023
106 5 2 1 6000 798 803 804 799 3463 3493 3499 3469
107 5 2 1 6000 3463 3493 3499 3469 3464 3494 3500 3470
108 5 2 1 6000 3464 3494 3500 3470 3465 3495 3501 3471
109 5 2 1 6000 3465 3495 3501 3471 3466 3496 3502 3472
110 5 2 1 6000 3466 3496 3502 3472 3467 3497 3503 3473
111 5 2 1 6000 3467 3497 3503 3473 3468 3498 3504 3474
112 5 2 1 6000 3468 3498 3504 3474 1023 1028 1029 1024
113 5 2 1 6000 799 804 805 800 3469 3499 3505 3475
114 5 2 1 6000 3469 3499 3505 3475 3470 3500 3506 3476
115 5 2 1 6000 3470 3500 3506 3476 3471 3501 3507 3477
116 5 2 1 6000 3471 3501 3507 3477 3472 3502 3508 3478
117 5 2 1 6000 3472 3502 3508 3478 3473 3503 3509 3479
118 5 2 1 6000 3473 3503 3509 3479 3474 3504 3510 3480
119 5 2 1 6000 3474 3504 3510 3480 1024 1029 1030 1025
120 5 2 1 6000 800 805 84 83 3475 3505 1843 1837
121 5 2 1 6000 3475 3505 1843 1837 3476 3506 1844 1838
122 5 2 1 6000 3476 3506 1844 1838 3477 3507 1845 1839
123 5 2 1 6000 3477 3507 1845 1839 3478 3508 1846 1840
124 5 2 1 6000 3478 3508 1846 1840 3479 3509 1847 1841
125 5 2 1 6000 3479 3509 1847 1841 3480 3510 1848 1842
126 5 2 1 6000 3480 3510 1848 1842 1025 1030 139 138
127 5 2 1 6000 69 70 806 801 1753 1759 3511 3481
128 5 2 1 6000 1753 1759 3511 3481 1754 1760 3512 3482
129 5 2 1 6000 1754 1760 3512 3482 1755 1761 3513 3483
130 5 2 1 6000 1755 1761 3513 3483 1756 1762 3514 3484
131 5 2 1 6000 1756 1762 3514 3484 1757 1763 3515 3485
132 5 2 1 6000 1757 1763 3515 3485 1758 1764 3516 3486
133 5 2 1 6000 1758 1764 3516 3486 129 130 1031 1026
134 5 2 1 6000 801 806 807 802 3481 3511 3517 3487
135 5 2 1 6000 3481 3511 3517 3487 3482 3512 3518 3488
136 5 2 1 6000 3482 3512 3518 3488 3483 3513 3519 3489
137 5 2 1 6000 3483 3513 3519 3489 3484 3514 3520 3490
138 5 2 1 6000 3484 3514 3520 3490 3485 3515 3521 3491
139 5 2 1 6000 3485 3515 3521 3491 3486 3516 3522 3492
140 5 2 1 6000 3486 3516 3522 3492 1026 1031 1032 1027
141 5 2 1 6000 802 807 808 803 3487 3517 3523 3493
142 5 2 1 6000 3487 3517 3523 3493 3488 3518 3524 3494
143 5 2 1 6000 3488 3518 3524 3494 3489 3519 3525 3495
144 5 2 1 6000 3489 3519 3525 3495 3490 3520 3526 3496
145 5 2 1 6000 3490 3520 3526 3496 3491 3521 3527 3497
146 5 2 1 6000 3491 3521 3527 3497 3492 3522 3528 3498
147 5 2 1 6000 3492 3522 3528 3498 1027 1032 1033 1028
148 5 2 1 6000 803 808 809 804 3493 3523 3529 3499
149 5 2 1 6000 3493 3523 3529 3499 3494 3524 3530 3500
150 5 2 1 6000 3494 3524 3530 3500 3495 3525 3531 3501
151 5 2 1 6000 3495 3525 3531 3501 3496 3526 3532 3502
152 5 2 1 6000 3496 3526 3532 3502 3497 3527 3533 3503
153 5 2 1 6000 3497 3527 3533 3503 3498 3528 3534 3504
154 5 2 1 6000 3498 3528 3534 3504 1028 1033 1034 1029
155 5 2 1 6000 804 809 810 805 3499 3529 3535 3505
156 5 2 1 6000 3499 3529 3535 3505 3500 3530 3536 3506
157 5 2 1 6000 3500 3530 3536 3506 3501 3531 3537 3507
158 5 2 1 6000 3501 3531 3537 3507 3502 3532 3538 3508
159 5 2 1 6000 3502 3532 3538 3508 3503 3533 3539 3509
160 5 2 1 6000 3503 3533 3539 3509 3504 3534 3540 3510
161 5 2 1 6000 3504 3534 3540 3510 1029 1034 1035 1030
162 5 2 1 6000 805 810 85 84 3505 3535 1849 1843
163 5 2 1 6000 3505 3535 1849 1843 3506 3536 1850 1844
164 5 2 1 6000 3506 3536 1850 1844 3507 3537 1851 1845
165 5 2 1 6000 3507 3537 1851 1845 3508 3538 1852 1846
166 5 2 1 6000 3508 3538 1852 1846 3509 3539 1853 1847
167 5 2 1 6000 3509 3539 1853 1847 3510 3540 1854 1848
168 5 2 1 6000 3510 3540 1854 1848 1030 1035 140 139
169 5 2 1 6000 70 71 811 806 1759 1765 3541 3511
170 5 2 1 6000 1759 1765 3541 3511 1760 1766 3542 3512
171 5 2 1 6000 1760 1766 3542 3512 1761 1767 3543 3513
172 5 2 1 6000 1761 1767 3543 3513 1762 1768 3544 3514
173 5 2 1 6000 1762 1768 3544 3514 1763 1769 3545 3515
174 5 2 1 6000 1763 1769 3545 3515 1764 1770 3546 3516
175 5 2 1 6000 1764 1770 3546 3516 130 131 1036 1031
176 5 2 1 6000 806 811 812 807 3511 3541 3547 3517
177 5 2 1 6000 3511 3541 3547 3517 3512 3542 3548 3518
178 5 2 1 6000 3512 3542 3548 3518 3513 3543 3549 3519
179 5 2 1 6000 3513 3543 3549 3519 3514 3544 3550 3520
180 5 2 1 6000 3514 3544 3550 3520 3515 3545 3551 3521
181 5 2 1 6000 3515 3545 3551 3521 3516 3546 3552 3522
182 5 2 1 6000 3516 3546 3552 3522 1031 1036 1037 1032
183 5 2 1 6000 807 812 813 808 3517 3547 3553 3523
184 5 2 1 6000 3517 3547 3553 3523 3518 3548 3554 3524
185 5 2 1 6000 3518 3548 3554 3524 3519 3549 3555 3525
186 5 2 1 6000 3519 3549 3555 3525 3520 3550 3556 3526
187 5 2 1 6000 3520 3550 3556 3526 3521 3551 3557 3527
188 5 2 1 6000 3521 3551 3557 3527 3522 3552 3558 3528
189 5 2 1 6000 3522 3552 3558 3528 1032 1037 1038 1033
190 5 2 1 6000 808 813 814 809 3523 3553 3559 3529
191 5 2 1 6000 3523 3553 3559 3529 3524 3554 3560 3530
192 5 2 1 6000 3524 3554 3560 3530 3525 3555 3561 3531
193 5 2 1 6000 3525 3555 3561 3531 3526 3556 3562 3532
194 5 2 1 6000 3526 3556 3562 3532 3527 3557 3563 3533
195 5 2 1 6000 3527 3557 3563 3533 3528 3558 3564 3534
196 5 2 1 6000 3528 3558 3564 3534 1033 1038 1039 1034
197 5 2 1 6000 809 814 815 810 3529 3559 3565 3535
198 5 2 1 6000 3529 3559 3565 3535 3530 3560 3566 3536
199 5 2 1 6000 3530 3560 3566 3536 3531 3561 3567 3537
200 5 2 1 6000 3531 3561 3567 3537 3532 3562 3568 3538
201 5 2 1 6000 3532 3562 3568 3538 3533 3563 3569 3539
202 5 2 1 6000 3533 3563 3569 3539 3534 3564 3570 3540
203 5 2 1 6000 3534 3564 3570 3540 1034 1039 1040 1035
204 5 2 1 6000 810 815 86 85 3535 3565 1855 1849
205 5 2 1 6000 3535 3565 1855 1849 3536 3566 1856 1850
206 5 2 1 6000 3536 3566 1856 1850 3537 3567 1857 1851
207 5 2 1 6000 3537 3567 1857 1851 3538 3568 1858 1852
208 5 2 1 6000 3538 3568 1858 1852 3539 3569 1859 1853
209 5 2 1 6000 3539 3569 1859 1853 3540 3570 1860 1854
210 5 2 1 6000 3540 3570 1860 1854 1035 1040 141 140
211 5 2 1 6000 71 2 312 811 1765 573 2671 3541
212 5 2 1 6000 1765 573 2671 3541 1766 574 2672 3542
213 5 2 1 6000 1766 574 2672 3542 1767 575 2673 3543
214 5 2 1 6000 1767 575 2673 3543 1768 576 2674 3544
215 5 2 1 6000 1768 576 2674 3544 1769 577 2675 3545
216 5 2 1 6000 1769 577 2675 3545 1770 578 2676 3546
217 5 2 1 6000 1770 578 2676 3546 131 18 372 1036
218 5 2 1 6000 811 312 313 812 3541 2671 2677 3547
219 5 2 1 6000 3541 2671 2677 3547 3542 2672 2678 3548
220 5 2 1 6000 3542 2672 2678 3548 3543 2673 2679 3549
221 5 2 1 6000 3543 2673 2679 3549 3544 2674 2680 3550
222 5 2 1 6000 3544 2674 2680 3550 3545 2675 2681 3551
223 5 2 1 6000 3545 2675 2681 3551 3546 2676 2682 3552
224 5 2 1 6000 3546 2676 2682 3552 1036 372 373 1037
225 5 2 1 6000 812 313 314 813 3547 2677 2683 3553
226 5 2 1 6000 3547 2677 2683 3553 3548 2678 2684 3554
227 5 2 1 6000 3548 2678 2684 3554 3549 2679 2685 3555
228 5 2 1 6000 3549 2679 2685 3555 3550 2680 2686 3556
229 5 2 1 6000 3550 2680 2686 3556 3551 2681 2687 3557
230 5 2 1 6000 3551 2681 2687 3557 3552 2682 2688 3558
231 5 2 1 6000 3552 2682 2688 3558 1037 373 374 1038
232 5 2 1 6000 813 314 315 814 3553 2683 2689 3559
233 5 2 1 6000 3553 2683 2689 3559 3554 2684 2690 3560
234 5 2 1 6000 3554 2684 2690 3560 3555 2685 2691 3561
235 5 2 1 6000 3555 2685 2691 3561 3556 2686 2692 3562
236 5 2 1 6000 3556 2686 2692 3562 3557 2687 2693 3563
237 5 2 1 6000 3557 2687 2693 3563 3558 2688 2694 3564
238 5 2 1 6000 3558 2688 2694 3564 1038 374 375 1039
239 5 2 1 6000 814 315 316 815 3559 2689 2695 3565
240 5 2 1 6000 3559 2689 2695 3565 3560 2690 2696 3566
241 5 2 1 6000 3560 2690 2696 3566 3561 2691 2697 3567
242 5 2 1 6000 3561 2691 2697 3567 3562 2692 2698 3568
243 5 2 1 6000 3562 2692 2698 3568 3563 2693 2699 3569
244 5 2 1 6000 3563 2693 2699 3569 3564 2694 2700 3570
245 5 2 1 6000 3564 2694 2700 3570 1039 375 376 1040
246 5 2 1 6000 815 316 6 86 3565 2695 597 1855
247 5 2 1 6000 3565 2695 597 1855 3566 2696 598 1856
248 5 2 1 6000 3566 2696 598 1856 3567 2697 599 1857
249 5 2 1 6000 3567 2697 599 1857 3568 2698 600 1858
250 5 2 1 6000 3568 2698 600 1858 3569 2699 601 1859
251 5 2 1 6000 3569 2699 601 1859 3570 2700 602 1860
252 5 2 1 6000 3570 2700 602 1860 1040 376 21 141
253 5 2 1 6001 2 72 816 312 573 1771 3571 2671
254 5 2 1 6001 573 1771 3571 2671 574 1772 3572 2672
255 5 2 1 6001 574 1772 3572 2672 575 1773 3573 2673
256 5 2 1 6001 575 1773 3573 2673 576 1774 3574 2674
257 5 2 1 6001 576 1774 3574 2674 577 1775 3575 2675
258 5 2 1 6001 577 1775 3575 2675 578 1776 3576 2676
259 5 2 1 6001 578 1776 3576 2676 18 132 1041 372
260 5 2 1 6001 312 816 817 313 2671 3571 3577 2677
261 5 2 1 6001 2671 3571 3577 2677 2672 3572 3578 2678
262 5 2 1 6001 2672 3572 3578 2678 2673 3573 3579 2679
263 5 2 1 6001 2673 3573 3579 2679 2674 3574 3580 2680
264 5 2 1 6001 2674 3574 3580 2680 2675 3575 3581 2681
265 5 2 1 6001 2675 3575 3581 2681 2676 3576 3582 2682
266 5 2 1 6001 2676 3576 3582 2682 372 1041 1042 373
267 5 2 1 6001 313 817 818 314 2677 3577 3583 2683
268 5 2 1 6001 2677 3577 3583 2683 2678 3578 3584 2684
269 5 2 1 6001 2678 3578 3584 2684 2679 3579 3585 2685
270 5 2 1 6001 2679 3579 3585 2685 2680 3580 3586 2686
271 5 2 1 6001 2680 3580 3586 2686 2681 3581 3587 2687
272 5 2 1 6001 2681 3581 3587 2687 2682 3582 3588 2688
273 5 2 1 6001 2682 3582 3588 2688 373 1042 1043 374
274 5 2 1 6001 314 818 819 315 2683 3583 3589 2689
275 5 2 1 6001 2683 3583 3589 2689 2684 3584 3590 2690
276 5 2 1 6001 2684 3584 3590 2690 2685 3585 3591 2691
277 5 2 1 6001 2685 3585 3591 2691 2686 3586 3592 2692
278 5 2 1 6001 2686 3586 3592 2692 2687 3587 3593 2693
279 5 2 1 6001 2687 3587 3593 2693 2688 3588 3594 2694
280 5 2 1 6001 2688 3588 3594 2694 374 1043 1044 375
281 5 2 1 6001 315 819 820 316 2689 3589 3595 2695
282 5 2 1 6001 2689 3589 3595 2695 2690 3590 3596 2696
283 5 2 1 6001 2690 3590 3596 2696 2691 3591 3597 2697
284 5 2 1 6001 2691 3591 3597 2697 2692 3592 3598 2698
285 5 2 1 6001 2692 3592 3598 2698 2693 3593 3599 2699
286 5 2 1 6001 2693 3593 3599 2699 2694 3594 3600 2700
287 5 2 1 6001 2694 3594 3600 2700 375 1044 1045 376
288 5 2 1 6001 316 820 87 6 2695 3595 1861 597
289 5 2 1 6001 2695 3595 1861 597 2696 3596 1862 598
290 5 2 1 6001 2696 3596 1862 598 2697 3597 1863 599
291 5 2 1 6001 2697 3597 1863 599 2698 3598 1864 600
292 5 2 1 6001 2698 3598 1864 600 2699 3599 1865 601
293 5 2 1 6001 2699 3599 1865 601 2700 3600 1866 602
294 5 2 1 6001 2700 3600 1866 602 376 1045 142 21
295 5 2 1 6001 72 73 821 816 1771 1777 3601 3571
296 5 2 1 6001 1771 1777 3601 3571 1772 1778 3602 3572
297 5 2 1 6001 1772 1778 3602 3572 1773 1779 3603 3573
298 5 2 1 6001 1773 1779 3603 3573 1774 1780 3604 3574
299 5 2 1 6001 1774 1780 3604 3574 1775 1781 3605 3575
300 5 2 1 6001 1775 1781 3605 3575 1776 1782 3606 3576
301 5 2 1 6001 1776 1782 3606 3576 132 133 1046 1041
302 5 2 1 6001 816 821 822 817 3571 3601 3607 3577
303 5 2 1 6001 3571 3601 3607 3577 3572 3602 3608 3578
304 5 2 1 6001 3572 3602 3608 3578 3573 3603 3609 3579
305 5 2 1 6001 3573 3603 3609 3579 3574 3604 3610 3580
306 5 2 1 6001 3574 3604 3610 3580 3575 3605 3611 3581
307 5 2 1 6001 3575 3605 3611 3581 3576 3606 3612 3582
308 5 2 1 6001 3576 3606 3612 3582 1041 1046 1047 1042
309 5 2 1 6001 817 822 823 818 3577 3607 3613 3583
310 5 2 1 6001 3577 3607 3613 3583 3578 3608 3614 3584
311 5 2 1 6001 3578 3608 3614 3584 3579 3609 3615 3585
312 5 2 1 6001 3579 3609 3615 3585 3580 3610 3616 3586
313 5 2 1 6001 3580 3610 3616 3586 3581 3611 3617 3587
314 5 2 1 6001 3581 3611 3617 3587 3582 3612 3618 3588
315 5 2 1 6001 3582 3612 3618 3588 1042 1047 1048 1043
316 5 2 1 6001 818 823 824 819 3583 3613 3619 3589
317 5 2 1 6001 3583 3613 3619 3589 3584 3614 3620 3590
318 5 2 1 6001 3584 3614 3620 3590 3585 3615 3621 3591
319 5 2 1 6001 3585 3615 3621 3591 3586 3616 3622 3592
320 5 2 1 6001 3586 3616 3622 3592 3587 3617 3623 3593
321 5 2 1 6001 3587 3617 3623 3593 3588 3618 3624 3594
322 5 2 1 6001 3588 3618 3624 3594 1043 1048 1049 1044
323 5 2 1 6001 819 824 825 820 3589 3619 3625 3595
324 5 2 1 6001 3589 3619 3625 3595 3590 3620 3626 3596
325 5 2 1 6001 3590 3620 3626 3596 3591 3621 3627 3597
326 5 2 1 6001 3591 3621 3627 3597 3592 3622 3628 3598
327 5 2 1 6001 3592 3622 3628 3598 3593 3623 3629 3599
328 5 2 1 6001 3593 3623 3629 3599 3594 3624 3630 3600
329 5 2 1 6001 3594 3624 3630 3600 1044 1049 1050 1045
330 5 2 1 6001 820 825 88 87 3595 3625 1867 1861
331 5 2 1 6001 3595 3625 1867 1861 3596 3626 1868 1862
332 5 2 1 6001 3596 3626 1868 1862 3597 3627 1869 1863
333 5 2 1 6001 3597 3627 1869 1863 3598 3628 1870 1864
334 5 2 1 6001 3598 3628 1870 1864 3599 3629 1871 1865
335 5 2 1 6001 3599 3629 1871 1865 3600 3630 1872 1866
336 5 2 1 6001 3600 3630 1872 1866 1045 1050 143 142
337 5 2 1 6001 73 74 826 821 1777 1783 3631 3601
338 5 2 1 6001 1777 1783 3631 3601 1778 1784 3632 3602
339 5 2 1 6001 1778 1784 3632 3602 1779 1785 3633 3603
340 5 2 1 6001 1779 1785 3633 3603 1780 1786 3634 3604
341 5 2 1 6001 1780 1786 3634 3604 1781 1787 3635 3605
342 5 2 1 6001 1781 1787 3635 3605 1782 1788 3636 3606
343 5 2 1 6001 1782 1788 3636 3606 133 134 1051 1046
344 5 2 1 6001 821 826 827 822 3601 3631 3637 3607
345 5 2 1 6001 3601 3631 3637 3607 3602 3632 3638 3608
346 5 2 1 6001 3602 3632 3638 3608 3603 3633 3639 3609
347 5 2 1 6001 3603 3633 3639 3609 3604 3634 3640 3610
348 5 2 1 6001 3604 3634 3640 3610 3605 3635 3641 3611
349 5 2 1 6001 3605 3635 3641 3611 3606 3636 3642 3612
350 5 2 1 6001 3606 3636 3642 3612 1046 1051 1052 1047
351 5 2 1 6001 822 827 828 823 3607 3637 3643 3613
352 5 2 1 6001 3607 3637 3643 3613 3608 3638 3644 3614
353 5 2 1 6001 3608 3638 3644 3614 3609 3639 3645 3615
354 5 2 1 6001 3609 3639 3645 3615 3610 3640 3646 3616
355 5 2 1 6001 3610 3640 3646 3616 3611 3641 3647 3617
356 5 2 1 6001 3611 3641 3647 3617 3612 3642 3648 3618
357 5 2 1 6001 3612 3642 3648 3618 1047 1052 1053 1048
358 5 2 1 6001 823 828 829 824 3613 3643 3649 3619
359 5 2 1 6001 3613 3643 3649 3619 3614 3644 3650 3620
360 5 2 1 6001 3614 3644 3650 3620 3615 3645 3651 3621
361 5 2 1 6001 3615 3645 3651 3621 3616 3646 3652 3622
362 5 2 1 6001 3616 3646 3652 3622 3617 3647 3653 3623
363 5 2 1 6001 3617 3647 3653 3623 3618 3648 3654 3624
364 5 2 1 6001 3618 3648 3654 3624 1048 1053 1054 1049
365 5 2 1 6001 824 829 830 825 3619 3649 3655 3625
366 5 2 1 6001 3619 3649 3655 3625 3620 3650 3656 3626
367 5 2 1 6001 3620 3650 3656 3626 3621 3651 3657 3627
368 5 2 1 6001 3621 3651 3657 3627 3622 3652 3658 3628
369 5 2 1 6001 3622 3652 3658 3628 3623 3653 3659 3629
370 5 2 1 6001 3623 3653 3659 3629 3624 3654 3660 3630
371 5 2 1 6001 3624 3654 3660 3630 1049 1054 1055 1050
372 5 2 1 6001 825 830 89 88 3625 3655 1873 1867
373 5 2 1 6001 3625 3655 1873 1867 3626 3656 1874 1868
374 5 2 1 6001 3626 3656 1874 1868 3627 3657 1875 1869
375 5 2 1 6001 3627 3657 1875 1869 3628 3658 1876 1870
376 5 2 1 6001 3628 3658 1876 1870 3629 3659 1877 1871
377 5 2 1 6001 3629 3659 1877 1871 3630 3660 1878 1872
378 5 2 1 6001 3630 3660 1878 1872 1050 1055 144 143
379 5 2 1 6001 74 75 831 826 1783 1789 3661 3631
380 5 2 1 6001 1783 1789 3661 3631 1784 1790 3662 3632
381 5 2 1 6001 1784 1790 3662 3632 1785 1791 3663 3633
382 5 2 1 6001 1785 1791 3663 3633 1786 1792 3664 3634
383 5 2 1 6001 1786 1792 3664 3634 1787 1793 3665 3635
384 5 2 1 6001 1787 1793 3665 3635 1788 1794 3666 3636
385 5 2 1 6001 1788 1794 3666 3636 134 135 1056 1051
386 5 2 1 6001 826 831 832 827 3631 3661 3667 3637
387 5 2 1 6001 3631 3661 3667 3637 3632 3662 3668 3638
388 5 2 1 6001 3632 3662 3668 3638 3633 3663 3669 3639
389 5 2 1 6001 3633 3663 3669 3639 3634 3664 3670 3640
390 5 2 1 6001 3634 3664 3670 3640 3635 3665 3671 3641
391 5 2 1 6001 3635 3665 3671 3641 3636 3666 3672 3642
392 5 2 1 6001 3636 3666 3672 3642 1051 1056 1057 1052
393 5 2 1 6001 827 832 833 828 3637 3667 3673 3643
394 5 2 1 6001 3637 3667 3673 3643 3638 3668 3674 3644
395 5 2 1 6001 3638 3668 3674 3644 3639 3669 3675 3645
396 5 2 1 6001 3639 3669 3675 3645 3640 3670 3676 3646
397 5 2 1 6001 3640 3670 3676 3646 3641 3671 3677 3647
398 5 2 1 6001 3641 3671 3677 3647 3642 3672 3678 3648
399 5 2 1 6001 3642 3672 3678 3648 1052 1057 1058 1053
400 5 2 1 6001 828 833 834 829 3643 3673 3679 3649
401 5 2 1 6001 3643 3673 3679 3649 3644 3674 3680 3650
402 5 2 1 6001 3644 3674 3680 3650 3645 3675 3681 3651
403 5 2 1 6001 3645 3675 3681 3651 3646 3676 3682 3652
404 5 2 1 6001 3646 3676 3682 3652 3647 3677 3683 3653
405 5 2 1 6001 3647 3677 3683 3653 3648 3678 3684 3654
406 5 2 1 6001 3648 3678 3684 3654 1053 1058 1059 1054
407 5 2 1 6001 829 834 835 830 3649 3679 3685 3655
408 5 2 1 6001 3649 3679 3685 3655 3650 3680 3686 3656
409 5 2 1 6001 3650 3680 3686 3656 3651 3681 3687 3657
410 5 2 1 6001 3651 3681 3687 3657 3652 3682 3688 3658
411 5 2 1 6001 3652 3682 3688 3658 3653 3683 3689 3659
412 5 2 1 6001 3653 3683 3689 3659 3654 3684 3690 3660
413 5 2 1 6001 3654 3684 3690 3660 1054 1059 1060 1055
414 5 2 1 6001 830 835 90 89 3655 3685 1879 1873
415 5 2 1 6001 3655 3685 1879 1873 3656 3686 1880 1874
416 5 2 1 6001 3656 3686 1880 1874 3657 3687 1881 1875
417 5 2 1 6001 3657 3687 1881 1875 3658 3688 1882 1876
418 5 2 1 6001 3658 3688 1882 1876 3659 3689 1883 1877
419 5 2 1 6001 3659 3689 1883 1877 3660 3690 1884 1878
420 5 2 1 6001 3660 3690 1884 1878 1055 1060 145 144
421 5 2 1 6001 75 76 836 831 1789 1795 3691 3661
422 5 2 1 6001 1789 1795 3691 3661 1790 1796 3692 3662
423 5 2 1 6001 1790 1796 3692 3662 1791 1797 3693 3663
424 5 2 1 6001 1791 1797 3693 3663 1792 1798 3694 3664
425 5 2 1 6001 1792 1798 3694 3664 1793 1799 3695 3665
426 5 2 1 6001 1793 1799 3695 3665 1794 1800 3696 3666
427 5 2 1 6001 1794 1800 3696 3666 135 136 1061 1056
428 5 2 1 6001 831 836 837 832 3661 3691 3697 3667
429 5 2 1 6001 3661 3691 3697 3667 3662 3692 3698 3668
430 5 2 1 6001 3662 3692 3698 3668 3663 3693 3699 3669
431 5 2 1 6001 3663 3693 3699 3669 3664 3694 3700 3670
432 5 2 1 6001 3664 3694 3700 3670 3665 3695 3701 3671
433 5 2 1 6001 3665 3695 3701 3671 3666 3696 3702 3672
434 5 2 1 6001 3666 3696 3702 3672 1056 1061 1062 1057
435 5 2 1 6001 832 837 838 833 3667 3697 3703 3673
436 5 2 1 6001 3667 3697 3703 3673 3668 3698 3704 3674
437 5 2 1 6001 3668 3698 3704 3674 3669 3699 3705 3675
438 5 2 1 6001 3669 3699 3705 3675 3670 3700 3706 3676
439 5 2 1 6001 3670 3700 3706 3676 3671 3701 3707 3677
440 5 2 1 6001 3671 3701 3707 3677 3672 3702 3708 3678
441 5 2 1 6001 3672 3702 3708 3678 1057 1062 1063 1058
442 5 2 1 6001 833 838 839 834 3673 3703 3709 3679
443 5 2 1 6001 3673 3703 3709 3679 3674 3704 3710 3680
444 5 2 1 6001 3674 3704 3710 3680 3675 3705 3711 3681
445 5 2 1 6001 3675 3705 3711 3681 3676 3706 3712 3682
446 5 2 1 6001 3676 3706 3712 3682 3677 3707 3713 3683
447 5 2 1 6001 3677 3707 3713 3683 3678 3708 3714 3684
448 5 2 1 6001 3678 3708 3714 3684 1058 1063 1064 1059
449 5 2 1 6001 834 839 840 835 3679 3709 3715 3685
450 5 2 1 6001 3679 3709 3715 3685 3680 3710 3716 3686
451 5 2 1 6001 3680 3710 3716 3686 3681 3711 3717 3687
452 5 2 1 6001 3681 3711 3717 3687 3682 3712 3718 3688
453 5 2 1 6001 3682 3712 3718 3688 3683 3713 3719 3689
454 5 2 1 6001 3683 3713 3719 3689 3684 3714 3720 3690
455 5 2 1 6001 3684 3714 3720 3690 1059 1064 1065 1060
456 5 2 1 6001 835 840 91 90 3685 3715 1885 1879
457 5 2 1 6001 3685 3715 1885 1879 3686 3716 1886 1880
458 5 2 1 6001 3686 3716 1886 1880 3687 3717 1887 1881
459 5 2 1 6001 3687 3717 1887 1881 3688 3718 1888 1882
460 5 2 1 6001 3688 3718 1888 1882 3689 3719 1889 1883
461 5 2 1 6001 3689 3719 1889 1883 3690 3720 1890 1884
462 5 2 1 6001 3690 3720 1890 1884 1060 1065 146 145
463 5 2 1 6001 76 3 327 836 1795 579 2761 3691
464 5 2 1 6001 1795 579 2761 3691 1796 580 2762 3692
465 5 2 1 6001 1796 580 2762 3692 1797 581 2763 3693
466 5 2 1 6001 1797 581 2763 3693 1798 582 2764 3694
467 5 2 1 6001 1798 582 2764 3694 1799 583 2765 3695
468 5 2 1 6001 1799 583 2765 3695 1800 584 2766 3696
469 5 2 1 6001 1800 584 2766 3696 136 19 387 1061
470 5 2 1 6001 836 327 328 837 3691 2761 2767 3697
471 5 2 1 6001 3691 2761 2767 3697 3692 2762 2768 3698
472 5 2 1 6001 3692 2762 2768 3698 3693 2763 2769 3699
473 5 2 1 6001 3693 2763 2769 3699 3694 2764 2770 3700
474 5 2 1 6001 3694 2764 2770 3700 3695 2765 2771 3701
475 5 2 1 6001 3695 2765 2771 3701 3696 2766 2772 3702
476 5 2 1 6001 3696 2766 2772 3702 1061 387 388 1062
477 5 2 1 6001 837 328 329 838 3697 2767 2773 3703
478 5 2 1 6001 3697 2767 2773 3703 3698 2768 2774 3704
479 5 2 1 6001 3698 2768 2774 3704 3699 2769 2775 3705
480 5 2 1 6001 3699 2769 2775 3705 3700 2770 2776 3706
481 5 2 1 6001 3700 2770 2776 3706 3701 2771 2777 3707
482 5 2 1 6001 3701 2771 2777 3707 3702 2772 2778 3708
483 5 2 1 6001 3702 2772 2778 3708 1062 388 389 1063
484 5 2 1 6001 838 329 330 839 3703 2773 2779 3709
485 5 2 1 6001 3703 2773 2779 3709 3704 2774 2780 3710
486 5 2 1 6001 3704 2774 2780 3710 3705 2775 2781 3711
487 5 2 1 6001 3705 2775 2781 3711 3706 2776 2782 3712
488 5 2 1 6001 3706 2776 2782 3712 3707 2777 2783 3713
489 5 2 1 6001 3707 2777 2783 3713 3708 2778 2784 3714
490 5 2 1 6001 3708 2778 2784 3714 1063 389 390 1064
491 5 2 1 6001 839 330 331 840 3709 2779 2785 3715
492 5 2 1 6001 3709 2779 2785 3715 3710 2780 2786 3716
493 5 2 1 6001 3710 2780 2786 3716 3711 2781 2787 3717
494 5 2 1 6001 3711 2781 2787 3717 3712 2782 2788 3718
495 5 2 1 6001 3712 2782 2788 3718 3713 2783 2789 3719
496 5 2 1 6001 3713 2783 2789 3719 3714 2784 2790 3720
497 5 2 1 6001 3714 2784 2790 3720 1064 390 391 1065
498 5 2 1 6001 840 331 7 91 3715 2785 603 1885
499 5 2 1 6001 3715 2785 603 1885 3716 2786 604 1886
500 5 2 1 6001 3716 2786 604 1886 3717 2787 605 1887
501 5 2 1 6001 3717 2787 605 1887 3718 2788 606 1888
502 5 2 1 6001 3718 2788 606 1888 3719 2789 607 1889
503 5 2 1 6001 3719 2789 607 1889 3720 2790 608 1890
504 5 2 1 6001 3720 2790 608 1890 1065 391 22 146
505 5 2 1 6002 3 77 841 327 579 1801 3721 2761
506 5 2 1 6002 579 1801 3721 2761 580 1802 3722 2762
507 5 2 1 6002 580 1802 3722 2762 581 1803 3723 2763
508 5 2 1 6002 581 1803 3723 2763 582 1804 3724 2764
509 5 2 1 6002 582 1804 3724 2764 583 1805 3725 2765
510 5 2 1 6002 583 1805 3725 2765 584 1806 3726 2766
511 5 2 1 6002 584 1806 3726 2766 19 527 1216 387
512 5 2 1 6002 327 841 842 328 2761 3721 3727 2767
513 5 2 1 6002 2761 3721 3727 2767 2762 3722 3728 2768
514 5 2 1 6002 2762 3722 3728 2768 2763 3723 3729 2769
515 5 2 1 6002 2763 3723 3729 2769 2764 3724 3730 2770
516 5 2 1 6002 2764 3724 3730 2770 2765 3725 3731 2771
517 5 2 1 6002 2765 3725 3731 2771 2766 3726 3732 2772
518 5 2 1 6002 2766 3726 3732 2772 387 1216 1217 388
519 5 2 1 6002 328 842 843 329 2767 3727 3733 2773
520 5 2 1 6002 2767 3727 3733 2773 2768 3728 3734 2774
521 5 2 1 6002 2768 3728 3734 2774 2769 3729 3735 2775
522 5 2 1 6002 2769 3729 3735 2775 2770 3730 3736 2776
523 5 2 1 6002 2770 3730 3736 2776 2771 3731 3737 2777
524 5 2 1 6002 2771 3731 3737 2777 2772 3732 3738 2778
525 5 2 1 6002 2772 3732 3738 2778 388 1217 1218 389
526 5 2 1 6002 329 843 844 330 2773 3733 3739 2779
527 5 2 1 6002 2773 3733 3739 2779 2774 3734 3740 2780
528 5 2 1 6002 2774 3734 3740 2780 2775 3735 3741 2781
529 5 2 1 6002 2775 3735 3741 2781 2776 3736 3742 2782
530 5 2 1 6002 2776 3736 3742 2782 2777 3737 3743 2783
531 5 2 1 6002 2777 3737 3743 2783 2778 3738 3744 2784
532 5 2 1 6002 2778 3738 3744 2784 389 1218 1219 390
533 5 2 1 6002 330 844 845 331 2779 3739 3745 2785
534 5 2 1 6002 2779 3739 3745 2785 2780 3740 3746 2786
535 5 2 1 6002 2780 3740 3746 2786 2781 3741 3747 2787
536 5 2 1 6002 2781 3741 3747 2787 2782 3742 3748 2788
537 5 2 1 6002 2782 3742 3748 2788 2783 3743 3749 2789
538 5 2 1 6002 2783 3743 3749 2789 2784 3744 3750 2790
539 5 2 1 6002 2784 3744 3750 2790 390 1219 1220 391
540 5 2 1 6002 331 845 92 7 2785 3745 1891 603
541 5 2 1 6002 2785 3745 1891 603 2786 3746 1892 604
542 5 2 1 6002 2786 3746 1892 604 2787 3747 1893 605
543 5 2 1 6002 2787 3747 1893 605 2788 3748 1894 606
544 5 2 1 6002 2788 3748 1894 606 2789 3749 1895 607
545 5 2 1 6002 2789 3749 1895 607 2790 3750 1896 608
546 5 2 1 6002 2790 3750 1896 608 391 1220 147 22
547 5 2 1 6002 77 78 846 841 1801 1807 3751 3721
548 5 2 1 6002 1801 1807 3751 3721 1802 1808 3752 3722
549 5 2 1 6002 1802 1808 3752 3722 1803 1809 3753 3723
550 5 2 1 6002 1803 1809 3753 3723 1804 1810 3754 3724
551 5 2 1 6002 1804 1810 3754 3724 1805 1811 3755 3725
552 5 2 1 6002 1805 1811 3755 3725 1806 1812 3756 3726
553 5 2 1 6002 1806 1812 3756 3726 527 528 1221 1216
554 5 2 1 6002 841 846 847 842 3721 3751 3757 3727
555 5 2 1 6002 3721 3751 3757 3727 3722 3752 3758 3728
556 5 2 1 6002 3722 3752 3758 3728 3723 3753 3759 3729
557 5 2 1 6002 3723 3753 3759 3729 3724 3754 3760 3730
558 5 2 1 6002 3724 3754 3760 3730 3725 3755 3761 3731
559 5 2 1 6002 3725 3755 3761 3731 3726 3756 3762 3732
560 5 2 1 6002 3726 3756 3762 3732 1216 1221 1222 1217
561 5 2 1 6002 842 847 848 843 3727 3757 3763 3733
562 5 2 1 6002 3727 3757 3763 3733 3728 3758 3764 3734
563 5 2 1 6002 3728 3758 3764 3734 3729 3759 3765 3735
564 5 2 1 6002 3729 3759 3765 3735 3730 3760 3766 3736
565 5 2 1 6002 3730 3760 3766 3736 3731 3761 3767 3737
566 5 2 1 6002 3731 3761 3767 3737 3732 3762 3768 3738
567 5 2 1 6002 3732 3762 3768 3738 1217 1222 1223 1218
568 5 2 1 6002 843 848 849 844 3733 3763 3769 3739
569 5 2 1 6002 3733 3763 3769 3739 3734 3764 3770 3740
570 5 2 1 6002 3734 3764 3770 3740 3735 3765 3771 3741
571 5 2 1 6002 3735 3765 3771 3741 3736 3766 3772 3742
572 5 2 1 6002 3736 3766 3772 3742 3737 3767 3773 3743
573 5 2 1 6002 3737 3767 3773 3743 3738 3768 3774 3744
574 5 2 1 6002 3738 3768 3774 3744 1218 1223 1224 1219
575 5 2 1 6002 844 849 850 845 3739 3769 3775 3745
576 5 2 1 6002 3739 3769 3775 3745 3740 3770 3776 3746
577 5 2 1 6002 3740 3770 3776 3746 3741 3771 3777 3747
578 5 2 1 6002 3741 3771 3777 3747 3742 3772 3778 3748
579 5 2 1 6002 3742 3772 3778 3748 3743 3773 3779 3749
580 5 2 1 6002 3743 3773 3779 3749 3744 3774 3780 3750
581 5 2 1 6002 3744 3774 3780 3750 1219 1224 1225 1220
582 5 2 1 6002 845 850 93 92 3745 3775 1897 1891
583 5 2 1 6002 3745 3775 1897 1891 3746 3776 1898 1892
584 5 2 1 6002 3746 3776 1898 1892 3747 3777 1899 1893
585 5 2 1 6002 3747 3777 1899 1893 3748 3778 1900 1894
586 5 2 1 6002 3748 3778 1900 1894 3749 3779 1901 1895
587 5 2 1 6002 3749 3779 1901 1895 3750 3780 1902 1896
588 5 2 1 6002 3750 3780 1902 1896 1220 1225 148 147
589 5 2 1 6002 78 79 851 846 1807 1813 3781 3751
590 5 2 1 6002 1807 1813 3781 3751 1808 1814 3782 3752
591 5 2 1 6002 1808 1814 3782 3752 1809 1815 3783 3753
592 5 2 1 6002 1809 1815 3783 3753 1810 1816 3784 3754
593 5 2 1 6002 1810 1816 3784 3754 1811 1817 3785 3755
594 5 2 1 6002 1811 1817 3785 3755 1812 1818 3786 3756
595 5 2 1 6002 1812 1818 3786 3756 528 529 1226 1221
596 5 2 1 6002 846 851 852 847 3751 3781 3787 3757
597 5 2 1 6002 3751 3781 3787 3757 3752 3782 3788 3758
598 5 2 1 6002 3752 3782 3788 3758 3753 3783 3789 3759
599 5 2 1 6002 3753 3783 3789 3759 3754 3784 3790 3760
600 5 2 1 6002 3754 3784 3790 3760 3755 3785 3791 3761
601 5 2 1 6002 3755 3785 3791 3761 3756 3786 3792 3762
602 5 2 1 6002 3756 3786 3792 3762 1221 1226 1227 1222
603 5 2 1 6002 847 852 853 848 3757 3787 3793 3763
604 5 2 1 6002 3757 3787 3793 3763 3758 3788 3794 3764
605 5 2 1 6002 3758 3788 3794 3764 3759 3789 3795 3765
606 5 2 1 6002 3759 3789 3795 3765 3760 3790 3796 3766
607 5 2 1 6002 3760 3790 3796 3766 3761 3791 3797 3767
608 5 2 1 6002 3761 3791 3797 3767 3762 3792 3798 3768
609 5 2 1 6002 3762 3792 3798 3768 1222 1227 1228 1223
610 5 2 1 6002 848 853 854 849 3763 3793 3799 3769
611 5 2 1 6002 3763 3793 3799 3769 3764 3794 3800 3770
612 5 2 1 6002 3764 3794 3800 3770 3765 3795 3801 3771
613 5 2 1 6002 3765 3795 3801 3771 3766 3796 3802 3772
614 5 2 1 6002 3766 3796 3802 3772 3767 3797 3803 3773
615 5 2 1 6002 3767 3797 3803 3773 3768 3798 3804 3774
616 5 2 1 6002 3768 3798 3804 3774 1223 1228 1229 1224
617 5 2 1 6002 849 854 855 850 3769 3799 3805 3775
618 5 2 1 6002 3769 3799 3805 3775 3770 3800 3806 3776
619 5 2 1 6002 3770 3800 3806 3776 3771 3801 3807 3777
620 5 2 1 6002 3771 3801 3807 3777 3772 3802 3808 3778
621 5 2 1 6002 3772 3802 3808 3778 3773 3803 3809 3779
622 5 2 1 6002 3773 3803 3809 3779 3774 3804 3810 3780
623 5 2 1 6002 3774 3804 3810 3780 1224 1229 1230 1225
624 5 2 1 6002 850 855 94 93 3775 3805 1903 1897
625 5 2 1 6002 3775 3805 1903 1897 3776 3806 1904 1898
626 5 2 1 6002 3776 3806 1904 1898 3777 3807 1905 1899
627 5 2 1 6002 3777 3807 1905 1899 3778 3808 1906 1900
628 5 2 1 6002 3778 3808 1906 1900 3779 3809 1907 1901
629 5 2 1 6002 3779 3809 1907 1901 3780 3810 1908 1902
630 5 2 1 6002 3780 3810 1908 1902 1225 1230 149 148
631 5 2 1 6002 79 80 856 851 1813 1819 3811 3781
632 5 2 1 6002 1813 1819 3811 3781 1814 1820 3812 3782
633 5 2 1 6002 1814 1820 3812 3782 1815 1821 3813 3783
634 5 2 1 6002 1815 1821 3813 3783 1816 1822 3814 3784
635 5 2 1 6002 1816 1822 3814 3784 1817 1823 3815 3785
636 5 2 1 6002 1817 1823 3815 3785 1818 1824 3816 3786
637 5 2 1 6002 1818 1824 3816 3786 529 530 1231 1226
638 5 2 1 6002 851 856 857 852 3781 3811 3817 3787
639 5 2 1 6002 3781 3811 3817 3787 3782 3812 3818 3788
640 5 2 1 6002 3782 3812 3818 3788 3783 3813 3819 3789
641 5 2 1 6002 3783 3813 3819 3789 3784 3814 3820 3790
642 5 2 1 6002 3784 3814 3820 3790 3785 3815 3821 3791
643 5 2 1 6002 3785 3815 3821 3791 3786 3816 3822 3792
644 5 2 1 6002 3786 3816 3822 3792 1226 1231 1232 1227
645 5 2 1 6002 852 857 858 853 3787 3817 3823 3793
646 5 2 1 6002 3787 3817 3823 3793 3788 3818 3824 3794
647 5 2 1 6002 3788 3818 3824 3794 3789 3819 3825 3795
648 5 2 1 6002 3789 3819 3825 3795 3790 3820 3826 3796
649 5 2 1 6002 3790 3820 3826 3796 3791 3821 3827 3797
650 5 2 1 6002 3791 3821 3827 3797 3792 3822 3828 3798
651 5 2 1 6002 3792 3822 3828 3798 1227 1232 1233 1228
652 5 2 1 6002 853 858 859 854 3793 3823 3829 3799
653 5 2 1 6002 3793 3823 3829 3799 3794 3824 3830 3800
654 5 2 1 6002 3794 3824 3830 3800 3795 3825 3831 3801
655 5 2 1 6002 3795 3825 3831 3801 3796 3826 3832 3802
656 5 2 1 6002 3796 3826 3832 3802 3797 3827 3833 3803
657 5 2 1 6002 3797 3827 3833 3803 3798 3828 3834 3804
658 5 2 1 6002 3798 3828 3834 3804 1228 1233 1234 1229
659 5 2 1 6002 854 859 860 855 3799 3829 3835 3805
660 5 2 1 6002 3799 3829 3835 3805 3800 3830 3836 3806
661 5 2 1 6002 3800 3830 3836 3806 3801 3831 3837 3807
662 5 2 1 6002 3801 3831 3837 3807 3802 3832 3838 3808
663 5 2 1 6002 3802 3832 3838 3808 3803 3833 3839 3809
664 5 2 1 6002 3803 3833 3839 3809 3804 3834 3840 3810
665 5 2 1 6002 3804 3834 3840 3810 1229 1234 1235 1230
666 5 2 1 6002 855 860 95 94 3805 3835 1909 1903
667 5 2 1 6002 3805 3835 1909 1903 3806 3836 1910 1904
668 5 2 1 6002 3806 3836 1910 1904 3807 3837 1911 1905
669 5 2 1 6002 3807 3837 1911 1905 3808 3838 1912 1906
670 5 2 1 6002 3808 3838 1912 1906 3809 3839 1913 1907
671 5 2 1 6002 3809 3839 1913 1907 3810 3840 1914 1908
672 5 2 1 6002 3810 3840 1914 1908 1230 1235 150 149
673 5 2 1 6002 80 81 861 856 1819 1825 3841 3811
674 5 2 1 6002 1819 1825 3841 3811 1820 1826 3842 3812
675 5 2 1 6002 1820 1826 3842 3812 1821 1827 3843 3813
676 5 2 1 6002 1821 1827 3843 3813 1822 1828 3844 3814
677 5 2 1 6002 1822 1828 3844 3814 1823 1829 3845 3815
678 5 2 1 6002 1823 1829 3845 3815 1824 1830 3846 3816
679 5 2 1 6002 1824 1830 3846 3816 530 531 1236 1231
680 5 2 1 6002 856 861 862 857 3811 3841 3847 3817
681 5 2 1 6002 3811 3841 3847 3817 3812 3842 3848 3818
682 5 2 1 6002 3812 3842 3848 3818 3813 3843 3849 3819
683 5 2 1 6002 3813 3843 3849 3819 3814 3844 3850 3820
684 5 2 1 6002 3814 3844 3850 3820 3815 3845 3851 3821
685 5 2 1 6002 3815 3845 3851 3821 3816 3846 3852 3822
686 5 2 1 6002 3816 3846 3852 3822 1231 1236 1237 1232
687 5 2 1 6002 857 862 863 858 3817 3847 3853 3823
688 5 2 1 6002 3817 3847 3853 3823 3818 3848 3854 3824
689 5 2 1 6002 3818 3848 3854 3824 3819 3849 3855 3825
690 5 2 1 6002 3819 3849 3855 3825 3820 3850 3856 3826
691 5 2 1 6002 3820 3850 3856 3826 3821 3851 3857 3827
692 5 2 1 6002 3821 3851 3857 3827 3822 3852 3858 3828
693 5 2 1 6002 3822 3852 3858 3828 1232 1237 1238 1233
694 5 2 1 6002 858 863 864 859 3823 3853 3859 3829
695 5 2 1 6002 3823 3853 3859 3829 3824 3854 3860 3830
696 5 2 1 6002 3824 3854 3860 3830 3825 3855 3861 3831
697 5 2 1 6002 3825 3855 3861 3831 3826 3856 3862 3832
698 5 2 1 6002 3826 3856 3862 3832 3827 3857 3863 3833
699 5 2 1 6002 3827 3857 3863 3833 3828 3858 3864 3834
700 5 2 1 6002 3828 3858 3864 3834 1233 1238 1239 1234
701 5 2 1 6002 859 864 865 860 3829 3859 3865 3835
702 5 2 1 6002 3829 3859 3865 3835 3830 3860 3866 3836
703 5 2 1 6002 3830 3860 3866 3836 3831 3861 3867 3837
704 5 2 1 6002 3831 3861 3867 3837 3832 3862 3868 3838
705 5 2 1 6002 3832 3862 3868 3838 3833 3863 3869 3839
706 5 2 1 6002 3833 3863 3869 3839 3834 3864 3870 3840
707 5 2 1 6002 3834 3864 3870 3840 1234 1239 1240 1235
708 5 2 1 6002 860 865 96 95 3835 3865 1915 1909
709 5 2 1 6002 3835 3865 1915 1909 3836 3866 1916 1910
710 5 2 1 6002 3836 3866 1916 1910 3837 3867 1917 1911
711 5 2 1 6002 3837 3867 1917 1911 3838 3868 1918 1912
712 5 2 1 6002 3838 3868 1918 1912 3839 3869 1919 1913
713 5 2 1 6002 3839 3869 1919 1913 3840 3870 1920 1914
714 5 2 1 6002 3840 3870 1920 1914 1235 1240 151 150
715 5 2 1 6002 81 4 342 861 1825 585 2851 3841
716 5 2 1 6002 1825 585 2851 3841 1826 586 2852 3842
717 5 2 1 6002 1826 586 2852 3842 1827 587 2853 3843
718 5 2 1 6002 1827 587 2853 3843 1828 588 2854 3844
719 5 2 1 6002 1828 588 2854 3844 1829 589 2855 3845
720 5 2 1 6002 1829 589 2855 3845 1830 590 2856 3846
721 5 2 1 6002 1830 590 2856 3846 531 63 537 1236
722 5 2 1 6002 861 342 343 862 3841 2851 2857 3847
723 5 2 1 6002 3841 2851 2857 3847 3842 2852 2858 3848
724 5 2 1 6002 3842 2852 2858 3848 3843 2853 2859 3849
725 5 2 1 6002 3843 2853 2859 3849 3844 2854 2860 3850
726 5 2 1 6002 3844 2854 2860 3850 3845 2855 2861 3851
727 5 2 1 6002 3845 2855 2861 3851 3846 2856 2862 3852
728 5 2 1 6002 3846 2856 2862 3852 1236 537 538 1237
729 5 2 1 6002 862 343 344 863 3847 2857 2863 3853
730 5 2 1 6002 3847 2857 2863 3853 3848 2858 2864 3854
731 5 2 1 6002 3848 2858 2864 3854 3849 2859 2865 3855
732 5 2 1 6002 3849 2859 2865 3855 3850 2860 2866 3856
733 5 2 1 6002 3850 2860 2866 3856 3851 2861 2867 3857
734 5 2 1 6002 3851 2861 2867 3857 3852 2862 2868 3858
735 5 2 1 6002 3852 2862 2868 3858 1237 538 539 1238
736 5 2 1 6002 863 344 345 864 3853 2863 2869 3859
737 5 2 1 6002 3853 2863 2869 3859 3854 2864 2870 3860
738 5 2 1 6002 3854 2864 2870 3860 3855 2865 2871 3861
739 5 2 1 6002 3855 2865 2871 3861 3856 2866 2872 3862
740 5 2 1 6002 3856 2866 2872 3862 3857 2867 2873 3863
741 5 2 1 6002 3857 2867 2873 3863 3858 2868 2874 3864
742 5 2 1 6002 3858 2868 2874 3864 1238 539 540 1239
743 5 2 1 6002 864 345 346 865 3859 2869 2875 3865
744 5 2 1 6002 3859 2869 2875 3865 3860 2870 2876 3866
745 5 2 1 6002 3860 2870 2876 3866 3861 2871 2877 3867
746 5 2 1 6002 3861 2871 2877 3867 3862 2872 2878 3868
747 5 2 1 6002 3862 2872 2878 3868 3863 2873 2879 3869
748 5 2 1 6002 3863 2873 2879 3869 3864 2874 2880 3870
749 5 2 1 6002 3864 2874 2880 3870 1239 540 541 1240
750 5 2 1 6002 865 346 8 96 3865 2875 609 1915
751 5 2 1 6002 3865 2875 609 1915 3866 2876 610 1916
752 5 2 1 6002 3866 2876 610 1916 3867 2877 611 1917
753 5 2 1 6002 3867 2877 611 1917 3868 2878 612 1918
754 5 2 1 6002 3868 2878 612 1918 3869 2879 613 1919
755 5 2 1 6002 3869 2879 613 1919 3870 2880 614 1920
756 5 2 1 6002 3870 2880 614 1920 1240 541 23 151
757 5 2 1 6010 5 82 866 302 591 1831 3871 2611
758 5 2 1 6010 591 1831 3871 2611 592 1832 3872 2612
759 5 2 1 6010 592 1832 3872 2612 593 1833 3873 2613
760 5 2 1 6010 593 1833 3873 2613 594 1834 3874 2614
761 5 2 1 6010 594 1834 3874 2614 595 1835 3875 2615
762 5 2 1 6010 595 1835 3875 2615 596 1836 3876 2616
763 5 2 1 6010 596 1836 3876 2616 20 137 1066 362
764 5 2 1 6010 302 866 867 303 2611 3871 3877 2617
765 5 2 1 6010 2611 3871 3877 2617 2612 3872 3878 2618
766 5 2 1 6010 2612 3872 3878 2618 2613 3873 3879 2619
767 5 2 1 6010 2613 3873 3879 2619 2614 3874 3880 2620
768 5 2 1 6010 2614 3874 3880 2620 2615 3875 3881 2621
769 5 2 1 6010 2615 3875 3881 2621 2616 3876 3882 2622
770 5 2 1 6010 2616 3876 3882 2622 362 1066 1067 363
771 5 2 1 6010 303 867 868 304 2617 3877 3883 2623
772 5 2 1 6010 2617 3877 3883 2623 2618 3878 3884 2624
773 5 2 1 6010 2618 3878 3884 2624 2619 3879 3885 2625
774 5 2 1 6010 2619 3879 3885 2625 2620 3880 3886 2626
775 5 2 1 6010 2620 3880 3886 2626 2621 3881 3887 2627
776 5 2 1 6010 2621 3881 3887 2627 2622 3882 3888 2628
777 5 2 1 6010 2622 3882 3888 2628 363 1067 1068 364
778 5 2 1 6010 304 868 869 305 2623 3883 3889 2629
779 5 2 1 6010 2623 3883 3889 2629 2624 3884 3890 2630
780 5 2 1 6010 2624 3884 3890 2630 2625 3885 3891 2631
781 5 2 1 6010 2625 3885 3891 2631 2626 3886 3892 2632
782 5 2 1 6010 2626 3886 3892 2632 2627 3887 3893 2633
783 5 2 1 6010 2627 3887 3893 2633 2628 3888 3894 2634
784 5 2 1 6010 2628 3888 3894 2634 364 1068 1069 365
785 5 2 1 6010 305 869 870 306 2629 3889 3895 2635
786 5 2 1 6010 2629 3889 3895 2635 2630 3890 3896 2636
787 5 2 1 6010 2630 3890 3896 2636 2631 3891 3897 2637
788 5 2 1 6010 2631 3891 3897 2637 2632 3892 3898 2638
789 5 2 1 6010 2632 3892 3898 2638 2633 3893 3899 2639
790 5 2 1 6010 2633 3893 3899 2639 2634 3894 3900 2640
791 5 2 1 6010 2634 3894 3900 2640 365 1069 1070 366
792 5 2 1 6010 306 870 97 9 2635 3895 1921 615
793 5 2 1 6010 2635 3895 1921 615 2636 3896 1922 616
794 5 2 1 6010 2636 3896 1922 616 2637 3897 1923 617
795 5 2 1 6010 2637 3897 1923 617 2638 3898 1924 618
796 5 2 1 6010 2638 3898 1924 618 2639 3899 1925 619
797 5 2 1 6010 2639 3899 1925 619 2640 3900 1926 620
798 5 2 1 6010 2640 3900 1926 620 366 1070 152 24
799 5 2 1 6010 82 83 871 866 1831 1837 3901 3871
800 5 2 1 6010 1831 1837 3901 3871 1832 1838 3902 3872
801 5 2 1 6010 1832 1838 3902 3872 1833 1839 3903 3873
802 5 2 1 6010 1833 1839 3903 3873 1834 1840 3904 3874
803 5 2 1 6010 1834 1840 3904 3874 1835 1841 3905 3875
804 5 2 1 6010 1835 1841 3905 3875 1836 1842 3906 3876
805 5 2 1 6010 1836 1842 3906 3876 137 138 1071 1066
806 5 2 1 6010 866 871 872 867 3871 3901 3907 3877
807 5 2 1 6010 3871 3901 3907 3877 3872 3902 3908 3878
808 5 2 1 6010 3872 3902 3908 3878 3873 3903 3909 3879
809 5 2 1 6010 3873 3903 3909 3879 3874 3904 3910 3880
810 5 2 1 6010 3874 3904 3910 3880 3875 3905 3911 3881
811 5 2 1 6010 3875 3905 3911 3881 3876 3906 3912 3882
812 5 2 1 6010 3876 3906 3912 3882 1066 1071 1072 1067
813 5 2 1 6010 867 872 873 868 3877 3907 3913 3883
814 5 2 1 6010 3877 3907 3913 3883 3878 3908 3914 3884
815 5 2 1 6010 3878 3908 3914 3884 3879 3909 3915 3885
816 5 2 1 6010 3879 3909 3915 3885 3880 3910 3916 3886
817 5 2 1 6010 3880 3910 3916 3886 3881 3911 3917 3887
818 5 2 1 6010 3881 3911 3917 3887 3882 3912 3918 3888
819 5 2 1 6010 3882 3912 3918 3888 1067 1072 1073 1068
820 5 2 1 6010 868 873 874 869 3883 3913 3919 3889
821 5 2 1 6010 3883 3913 3919 3889 3884 3914 3920 3890
822 5 2 1 6010 3884 3914 3920 3890 3885 3915 3921 3891
823 5 2 1 6010 3885 3915 3921 3891 3886 3916 3922 3892
824 5 2 1 6010 3886 3916 3922 3892 3887 3917 3923 3893
825 5 2 1 6010 3887 3917 3923 3893 3888 3918 3924 3894
826 5 2 1 6010 3888 3918 3924 3894 1068 1073 1074 1069
827 5 2 1 6010 869 874 875 870 3889 3919 3925 3895
828 5 2 1 6010 3889 3919 3925 3895 3890 3920 3926 3896
829 5 2 1 6010 3890 3920 3926 3896 3891 3921 3927 3897
830 5 2 1 6010 3891 3921 3927 3897 3892 3922 3928 3898
831 5 2 1 6010 3892 3922 3928 3898 3893 3923 3929 3899
832 5 2 1 6010 3893 3923 3929 3899 3894 3924 3930 3900
833 5 2 1 6010 3894 3924 3930 3900 1069 1074 1075 1070
834 5 2 1 6010 870 875 98 97 3895 3925 1927 1921
835 5 2 1 6010 3895 3925 1927 1921 3896 3926 1928 1922
836 5 2 1 6010 3896 3926 1928 1922 3897 3927 1929 1923
837 5 2 1 6010 3897 3927 1929 1923 3898 3928 1930 1924
838 5 2 1 6010 3898 3928 1930 1924 3899 3929 1931 1925
839 5 2 1 6010 3899 3929 1931 1925 3900 3930 1932 1926
840 5 2 1 6010 3900 3930 1932 1926 1070 1075 153 152
841 5 2 1 6010 83 84 876 871 1837 1843 3931 3901
842 5 2 1 6010 1837 1843 3931 3901 1838 1844 3932 3902
843 5 2 1 6010 1838 1844 3932 3902 1839 1845 3933 3903
844 5 2 1 6010 1839 1845 3933 3903 1840 1846 3934 3904
845 5 2 1 6010 1840 1846 3934 3904 1841 1847 3935 3905
846 5 2 1 6010 1841 1847 3935 3905 1842 1848 3936 3906
847 5 2 1 6010 1842 1848 3936 3906 138 139 1076 1071
848 5 2 1 6010 871 876 877 872 3901 3931 3937 3907
849 5 2 1 6010 3901 3931 3937 3907 3902 3932 3938 3908
850 5 2 1 6010 3902 3932 3938 3908 3903 3933 3939 3909
851 5 2 1 6010 3903 3933 3939 3909 3904 3934 3940 3910
852 5 2 1 6010 3904 3934 3940 3910 3905 3935 3941 3911
853 5 2 1 6010 3905 3935 3941 3911 3906 3936 3942 3912
854 5 2 1 6010 3906 3936 3942 3912 1071 1076 1077 1072
855 5 2 1 6010 872 877 878 873 3907 3937 3943 3913
856 5 2 1 6010 3907 3937 3943 3913 3908 3938 3944 3914
857 5 2 1 6010 3908 3938 3944 3914 3909 3939 3945 3915
858 5 2 1 6010 3909 3939 3945 3915 3910 3940 3946 3916
859 5 2 1 6010 3910 3940 3946 3916 3911 3941 3947 3917
860 5 2 1 6010 3911 3941 3947 3917 3912 3942 3948 3918
861 5 2 1 6010 3912 3942 3948 3918 1072 1077 1078 1073
862 5 2 1 6010 873 878 879 874 3913 3943 3949 3919
863 5 2 1 6010 3913 3943 3949 3919 3914 3944 3950 3920
864 5 2 1 6010 3914 3944 3950 3920 3915 3945 3951 3921
865 5 2 1 6010 3915 3945 3951 3921 3916 3946 3952 3922
866 5 2 1 6010 3916 3946 3952 3922 3917 3947 3953 3923
867 5 2 1 6010 3917 3947 3953 3923 3918 3948 3954 3924
868 5 2 1 6010 3918 3948 3954 3924 1073 1078 1079 1074
869 5 2 1 6010 874 879 880 875 3919 3949 3955 3925
870 5 2 1 6010 3919 3949 3955 3925 3920 3950 3956 3926
871 5 2 1 6010 3920 3950 3956 3926 3921 3951 3957 3927
872 5 2 1 6010 3921 3951 3957 3927 3922 3952 3958 3928
873 5 2 1 6010 3922 3952 3958 3928 3923 3953 3959 3929
874 5 2 1 6010 3923 3953 3959 3929 3924 3954 3960 3930
875 5 2 1 6010 3924 3954 3960 3930 1074 1079 1080 1075
876 5 2 1 6010 875 880 99 98 3925 3955 1933 1927
877 5 2 1 6010 3925 3955 1933 1927 3926 3956 1934 1928
878 5 2 1 6010 3926 3956 1934 1928 3927 3957 1935 1929
879 5 2 1 6010 3927 3957 1935 1929 3928 3958 1936 1930
880 5 2 1 6010 3928 3958 1936 1930 3929 3959 1937 1931
881 5 2 1 6010 3929 3959 1937 1931 3930 3960 1938 1932
882 5 2 1 6010 3930 3960 1938 1932 1075 1080 154 153
883 5 2 1 6010 84 85 881 876 1843 1849 3961 3931
884 5 2 1 6010 1843 1849 3961 3931 1844 1850 3962 3932
885 5 2 1 6010 1844 1850 3962 3932 1845 1851 3963 3933
886 5 2 1 6010 1845 1851 3963 3933 1846 1852 3964 3934
887 5 2 1 6010 1846 1852 3964 3934 1847 1853 3965 3935
888 5 2 1 6010 1847 1853 3965 3935 1848 1854 3966 3936
889 5 2 1 6010 1848 1854 3966 3936 139 140 1081 1076
890 5 2 1 6010 876 881 882 877 3931 3961 3967 3937
891 5 2 1 6010 3931 3961 3967 3937 3932 3962 3968 3938
892 5 2 1 6010 3932 3962 3968 3938 3933 3963 3969 3939
893 5 2 1 6010 3933 3963 3969 3939 3934 3964 3970 3940
894 5 2 1 6010 3934 3964 3970 3940 3935 3965 3971 3941
895 5 2 1 6010 3935 3965 3971 3941 3936 3966 3972 3942
896 5 2 1 6010 3936 3966 3972 3942 1076 1081 1082 1077
897 5 2 1 6010 877 882 883 878 3937 3967 3973 3943
898 5 2 1 6010 3937 3967 3973 3943 3938 3968 3974 3944
899 5 2 1 6010 3938 3968 3974 3944 3939 3969 3975 3945
900 5 2 1 6010 3939 3969 3975 3945 3940 3970 3976 3946
901 5 2 1 6010 3940 3970 3976 3946 3941 3971 3977 3947
902 5 2 1 6010 3941 3971 3977 3947 3942 3972 3978 3948
903 5 2 1 6010 3942 3972 3978 3948 1077 1082 1083 1078
904 5 2 1 6010 878 883 884 879 3943 3973 3979 3949
905 5 2 1 6010 3943 3973 3979 3949 3944 3974 3980 3950
906 5 2 1 6010 3944 3974 3980 3950 3945 3975 3981 3951
907 5 2 1 6010 3945 3975 3981 3951 3946 3976 3982 3952
908 5 2 1 6010 3946 3976 3982 3952 3947 3977 3983 3953
909 5 2 1 6010 3947 3977 3983 3953 3948 3978 3984 3954
910 5 2 1 6010 3948 3978 3984 3954 1078 1083 1084 1079
911 5 2 1 6010 879 884 885 880 3949 3979 3985 3955
912 5 2 1 6010 3949 3979 3985 3955 3950 3980 3986 3956
913 5 2 1 6010 3950 3980 3986 3956 3951 3981 3987 3957
914 5 2 1 6010 3951 3981 3987 3957 3952 3982 3988 3958
915 5 2 1 6010 3952 3982 3988 3958 3953 3983 3989 3959
916 5 2 1 6010 3953 3983 3989 3959 3954 3984 3990 3960
917 5 2 1 6010 3954 3984 3990 3960 1079 1084 1085 1080
918 5 2 1 6010 880 885 100 99 3955 3985 1939 1933
919 5 2 1 6010 3955 3985 1939 1933 3956 3986 1940 1934
920 5 2 1 6010 3956 3986 1940 1934 3957 3987 1941 1935
921 5 2 1 6010 3957 3987 1941 1935 3958 3988 1942 1936
922 5 2 1 6010 3958 3988 1942 1936 3959 3989 1943 1937
923 5 2 1 6010 3959 3989 1943 1937 3960 3990 1944 1938
924 5 2 1 6010 3960 3990 1944 1938 1080 1085 155 154
925 5 2 1 6010 85 86 886 881 1849 1855 3991 3961
926 5 2 1 6010 1849 1855 3991 3961 1850 1856 3992 3962
927 5 2 1 6010 1850 1856 3992 3962 1851 1857 3993 3963
928 5 2 1 6010 1851 1857 3993 3963 1852 1858 3994 3964
929 5 2 1 6010 1852 1858 3994 3964 1853 1859 3995 3965
930 5 2 1 6010 1853 1859 3995 3965 1854 1860 3996 3966
931 5 2 1 6010 1854 1860 3996 3966 140 141 1086 1081
932 5 2 1 6010 881 886 887 882 3961 3991 3997 3967
933 5 2 1 6010 3961 3991 3997 3967 3962 3992 3998 3968
934 5 2 1 6010 3962 3992 3998 3968 3963 3993 3999 3969
935 5 2 1 6010 3963 3993 3999 3969 3964 3994 4000 3970
936 5 2 1 6010 3964 3994 4000 3970 3965 3995 4001 3971
937 5 2 1 6010 3965 3995 4001 3971 3966 3996 4002 3972
938 5 2 1 6010 3966 3996 4002 3972 1081 1086 1087 1082
939 5 2 1 6010 882 887 888 883 3967 3997 4003 3973
940 5 2 1 6010 3967 3997 4003 3973 3968 3998 4004 3974
941 5 2 1 6010 3968 3998 4004 3974 3969 3999 4005 3975
942 5 2 1 6010 3969 3999 4005 3975 3970 4000 4006 3976
943 5 2 1 6010 3970 4000 4006 3976 3971 4001 4007 3977
944 5 2 1 6010 3971 4001 4007 3977 3972 4002 4008 3978
945 5 2 1 6010 3972 4002 4008 3978 1082 1087 1088 1083
946 5 2 1 6010 883 888 889 884 3973 4003 4009 3979
947 5 2 1 6010 3973 4003 4009 3979 3974 4004 4010 3980
948 5 2 1 6010 3974 4004 4010 3980 3975 4005 4011 3981
949 5 2 1 6010 3975 4005 4011 3981 3976 4006 4012 3982
950 5 2 1 6010 3976 4006 4012 3982 3977 4007 4013 3983
951 5 2 1 6010 3977 4007 4013 3983 3978 4008 4014 3984
952 5 2 1 6010 3978 4008 4014 3984 1083 1088 1089 1084
953 5 2 1 6010 884 889 890 885 3979 4009 4015 3985
954 5 2 1 6010 3979 4009 4015 3985 3980 4010 4016 3986
955 5 2 1 6010 3980 4010 4016 3986 3981 4011 4017 3987
956 5 2 1 6010 3981 4011 4017 3987 3982 4012 4018 3988
957 5 2 1 6010 3982 4012 4018 3988 3983 4013 4019 3989
958 5 2 1 6010 3983 4013 4019 3989 3984 4014 4020 3990
959 5 2 1 6010 3984 4014 4020 3990 1084 1089 1090 1085
960 5 2 1 6010 885 890 101 100 3985 4015 1945 1939
961 5 2 1 6010 3985 4015 1945 1939 3986 4016 1946 1940
962 5 2 1 6010 3986 4016 1946 1940 3987 4017 1947 1941
963 5 2 1 6010 3987 4017 1947 1941 3988 4018 1948 1942
964 5 2 1 6010 3988 4018 1948 1942 3989 4019 1949 1943
965 5 2 1 6010 3989 4019 1949 1943 3990 4020 1950 1944
966 5 2 1 6010 3990 4020 1950 1944 1085 1090 156 155
967 5 2 1 6010 86 6 317 886 1855 597 2701 3991
968 5 2 1 6010 1855 597 2701 3991 1856 598 2702 3992
969 5 2 1 6010 1856 598 2702 3992 1857 599 2703 3993
970 5 2 1 6010 1857 599 2703 3993 1858 600 2704 3994
971 5 2 1 6010 1858 600 2704 3994 1859 601 2705 3995
972 5 2 1 6010 1859 601 2705 3995 1860 602 2706 3996
973 5 2 1 6010 1860 602 2706 3996 141 21 377 1086
974 5 2 1 6010 886 317 318 887 3991 2701 2707 3997
975 5 2 1 6010 3991 2701 2707 3997 3992 2702 2708 3998
976 5 2 1 6010 3992 2702 2708 3998 3993 2703 2709 3999
977 5 2 1 6010 3993 2703 2709 3999 3994 2704 2710 4000
978 5 2 1 6010 3994 2704 2710 4000 3995 2705 2711 4001
979 5 2 1 6010 3995 2705 2711 4001 3996 2706 2712 4002
980 5 2 1 6010 3996 2706 2712 4002 1086 377 378 1087
981 5 2 1 6010 887 318 319 888 3997 2707 2713 4003
982 5 2 1 6010 3997 2707 2713 4003 3998 2708 2714 4004
983 5 2 1 6010 3998 2708 2714 4004 3999 2709 2715 4005
984 5 2 1 6010 3999 2709 2715 4005 4000 2710 2716 4006
985 5 2 1 6010 4000 2710 2716 4006 4001 2711 2717 4007
986 5 2 1 6010 4001 2711 2717 4007 4002 2712 2718 4008
987 5 2 1 6010 4002 2712 2718 4008 1087 378 379 1088
988 5 2 1 6010 888 319 320 889 4003 2713 2719 4009
989 5 2 1 6010 4003 2713 2719 4009 4004 2714 2720 4010
990 5 2 1 6010 4004 2714 2720 4010 4005 2715 2721 4011
991 5 2 1 6010 4005 2715 2721 4011 4006 2716 2722 4012
992 5 2 1 6010 4006 2716 2722 4012 4007 2717 2723 4013
993 5 2 1 6010 4007 2717 2723 4013 4008 2718 2724 4014
994 5 2 1 6010 4008 2718 2724 4014 1088 379 380 1089
995 5 2 1 6010 889 320 321 890 4009 2719 2725 4015
996 5 2 1 6010 4009 2719 2725 4015 4010 2720 2726 4016
997 5 2 1 6010 4010 2720 2726 4016 4011 2721 2727 4017
998 5 2 1 6010 4011 2721 2727 4017 4012 2722 2728 4018
999 5 2 1 6010 4012 2722 2728 4018 4013 2723 2729 4019
1000 5 2 1 6010 4013 2723 2729 4019 4014 2724 2730 4020
1001 5 2 1 6010 4014 2724 2730 4020 1089 380 381 1090
1002 5 2 1 6010 890 321 10 101 4015 2725 621 1945
1003 5 2 1 6010 4015 2725 621 1945 4016 2726 622 1946
1004 5 2 1 6010 4016 2726 622 1946 4017 2727 623 1947
1005 5 2 1 6010 4017 2727 623 1947 4018 2728 624 1948
1006 5 2 1 6010 4018 2728 624 1948 4019 2729 625 1949
1007 5 2 1 6010 4019 2729 625 1949 4020 2730 626 1950
1008 5 2 1 6010 4020 2730 626 1950 1090 381 25 156
1009 5 2 1 6011 6 87 891 317 597 1861 4021 2701
1010 5 2 1 6011 597 1861 4021 2701 598 1862 4022 2702
1011 5 2 1 6011 598 1862 4022 2702 599 1863 4023 2703
1012 5 2 1 6011 599 1863 4023 2703 600 1864 4024 2704
1013 5 2 1 6011 600 1864 4024 2704 601 1865 4025 2705
1014 5 2 1 6011 601 1865 4025 2705 602 1866 4026 2706
1015 5 2 1 6011 602 1866 4026 2706 21 142 1091 377
1016 5 2 1 6011 317 891 892 318 2701 4021 4027 2707
1017 5 2 1 6011 2701 4021 4027 2707 2702 4022 4028 2708
1018 5 2 1 6011 2702 4022 4028 2708 2703 4023 4029 2709
1019 5 2 1 6011 2703 4023 4029 2709 2704 4024 4030 2710
1020 5 2 1 6011 2704 4024 4030 2710 2705 4025 4031 2711
1021 5 2 1 6011 2705 4025 4031 2711 2706 4026 4032 2712
1022 5 2 1 6011 2706 4026 4032 2712 377 1091 1092 378
1023 5 2 1 6011 318 892 893 319 2707 4027 4033 2713
1024 5 2 1 6011 2707 4027 4033 2713 2708 4028 4034 2714
1025 5 2 1 6011 2708 4028 4034 2714 2709 4029 4035 2715
1026 5 2 1 6011 2709 4029 4035 2715 2710 4030 4036 2716
1027 5 2 1 6011 2710 4030 4036 2716 2711 4031 4037 2717
1028 5 2 1 6011 2711 4031 4037 2717 2712 4032 4038 2718
1029 5 2 1 6011 2712 4032 4038 2718 378 1092 1093 379
1030 5 2 1 6011 319 893 894 320 2713 4033 4039 2719
1031 5 2 1 6011 2713 4033 4039 2719 2714 4034 4040 2720
1032 5 2 1 6011 2714 4034 4040 2720 2715 4035 4041 2721
1033 5 2 1 6011 2715 4035 4041 2721 2716 4036 4042 2722
1034 5 2 1 6011 2716 4036 4042 2722 2717 4037 4043 2723
1035 5 2 1 6011 2717 4037 4043 2723 2718 4038 4044 2724
1036 5 2 1 6011 2718 4038 4044 2724 379 1093 1094 380
1037 5 2 1 6011 320 894 895 321 2719 4039 4045 2725
1038 5 2 1 6011 2719 4039 4045 2725 2720 4040 4046 2726
1039 5 2 1 6011 2720 4040 4046 2726 2721 4041 4047 2727
1040 5 2 1 6011 2721 4041 4047 2727 2722 4042 4048 2728
1041 5 2 1 6011 2722 4042 4048 2728 2723 4043 4049 2729
1042 5 2 1 6011 2723 4043 4049 2729 2724 4044 4050 2730
1043 5 2 1 6011 2724 4044 4050 2730 380 1094 1095 381
1044 5 2 1 6011 321 895 102 10 2725 4045 1951 621
1045 5 2 1 6011 2725 4045 1951 621 2726 4046 1952 622
1046 5 2 1 6011 2726 4046 1952 622 2727 4047 1953 623
1047 5 2 1 6011 2727 4047 1953 623 2728 4048 1954 624
1048 5 2 1 6011 2728 4048 1954 624 2729 4049 1955 625
1049 5 2 1 6011 2729 4049 1955 625 2730 4050 1956 626
1050 5 2 1 6011 2730 4050 1956 626 381 1095 157 25
1051 5 2 1 6011 87 88 896 891 1861 1867 4051 4021
1052 5 2 1 6011 1861 1867 4051 4021 1862 1868 4052 4022
1053 5 2 1 6011 1862 1868 4052 4022 1863 1869 4053 4023
1054 5 2 1 6011 1863 1869 4053 4023 1864 1870 4054 4024
1055 5 2 1 6011 1864 1870 4054 4024 1865 1871 4055 4025
1056 5 2 1 6011 1865 1871 4055 4025 1866 1872 4056 4026
1057 5 2 1 6011 1866 1872 4056 4026 142 143 1096 1091
1058 5 2 1 6011 891 896 897 892 4021 4051 4057 4027
1059 5 2 1 6011 4021 4051 4057 4027 4022 4052 4058 4028
1060 5 2 1 6011 4022 4052 4058 4028 4023 4053 4059 4029
1061 5 2 1 6011 4023 4053 4059 4029 4024 4054 4060 4030
1062 5 2 1 6011 4024 4054 4060 4030 4025 4055 4061 4031
1063 5 2 1 6011 4025 4055 4061 4031 4026 4056 4062 4032
1064 5 2 1 6011 4026 4056 4062 4032 1091 1096 1097 1092
1065 5 2 1 6011 892 897 898 893 4027 4057 4063 4033
1066 5 2 1 6011 4027 4057 4063 4033 4028 4058 4064 4034
1067 5 2 1 6011 4028 4058 4064 4034 4029 4059 4065 4035
1068 5 2 1 6011 4029 4059 4065 4035 4030 4060 4066 4036
1069 5 2 1 6011 4030 4060 4066 4036 4031 4061 4067 4037
1070 5 2 1 6011 4031 4061 4067 4037 4032 4062 4068 4038
1071 5 2 1 6011 4032 4062 4068 4038 1092 1097 1098 1093
1072 5 2 1 6011 893 898 899 894 4033 4063 4069 4039
1073 5 2 1 6011 4033 4063 4069 4039 4034 4064 4070 4040
1074 5 2 1 6011 4034 4064 4070 4040 4035 4065 4071 4041
1075 5 2 1 6011 4035 4065 4071 4041 4036 4066 4072 4042
1076 5 2 1 6011 4036 4066 4072 4042 4037 4067 4073 4043
1077 5 2 1 6011 4037 4067 4073 4043 4038 4068 4074 4044
1078 5 2 1 6011 4038 4068 4074 4044 1093 1098 1099 1094
1079 5 2 1 6011 894 899 900 895 4039 4069 4075 4045
1080 5 2 1 6011 4039 4069 4075 4045 4040 4070 4076 4046
1081 5 2 1 6011 4040 4070 4076 4046 4041 4071 4077 4047
1082 5 2 1 6011 4041 4071 4077 4047 4042 4072 4078 4048
1083 5 2 1 6011 4042 4072 4078 4048 4043 4073 4079 4049
1084 5 2 1 6011 4043 4073 4079 4049 4044 4074 4080 4050
1085 5 2 1 6011 4044 4074 4080 4050 1094 1099 1100 1095
1086 5 2 1 6011 895 900 103 102 4045 4075 1957 1951
1087 5 2 1 6011 4045 4075 1957 1951 4046 4076 1958 1952
1088 5 2 1 6011 4046 4076 1958 1952 4047 4077 1959 1953
1089 5 2 1 6011 4047 4077 1959 1953 4048 4078 1960 1954
1090 5 2 1 6011 4048 4078 1960 1954 4049 4079 1961 1955
1091 5 2 1 6011 4049 4079 1961 1955 4050 4080 1962 1956
1092 5 2 1 6011 4050 4080 1962 1956 1095 1100 158 157
1093 5 2 1 6011 88 89 901 896 1867 1873 4081 4051
1094 5 2 1 6011 1867 1873 4081 4051 1868 1874 4082 4052
1095 5 2 1 6011 1868 1874 4082 4052 1869 1875 4083 4053
1096 5 2 1 6011 1869 1875 4083 4053 1870 1876 4084 4054
1097 5 2 1 6011 1870 1876 4084 4054 1871 1877 4085 4055
1098 5 2 1 6011 1871 1877 4085 4055 1872 1878 4086 4056
1099 5 2 1 6011 1872 1878 4086 4056 143 144 1101 1096
1100 5 2 1 6011 896 901 902 897 4051 4081 4087 4057
1101 5 2 1 6011 4051 4081 4087 4057 4052 4082 4088 4058
1102 5 2 1 6011 4052 4082 4088 4058 4053 4083 4089 4059
1103 5 2 1 6011 4053 4083 4089 4059 4054 4084 4090 4060
1104 5 2 1 6011 4054 4084 4090 4060 4055 4085 4091 4061
1105 5 2 1 6011 4055 4085 4091 4061 4056 4086 4092 4062
1106 5 2 1 6011 4056 4086 4092 4062 1096 1101 1102 1097
1107 5 2 1 6011 897 902 903 898 4057 4087 4093 4063
1108 5 2 1 6011 4057 4087 4093 4063 4058 4088 4094 4064
1109 5 2 1 6011 4058 4088 4094 4064 4059 4089 4095 4065
1110 5 2 1 6011 4059 4089 4095 4065 4060 4090 4096 4066
1111 5 2 1 6011 4060 4090 4096 4066 4061 4091 4097 4067
1112 5 2 1 6011 4061 4091 4097 4067 4062 4092 4098 4068
1113 5 2 1 6011 4062 4092 4098 4068 1097 1102 1103 1098
1114 5 2 1 6011 898 903 904 899 4063 4093 4099 4069
1115 5 2 1 6011 4063 4093 4099 4069 4064 4094 4100 4070
1116 5 2 1 6011 4064 4094 4100 4070 4065 4095 4101 4071
1117 5 2 1 6011 4065 4095 4101 4071 4066 4096 4102 4072
1118 5 2 1 6011 4066 4096 4102 4072 4067 4097 4103 4073
1119 5 2 1 6011 4067 4097 4103 4073 4068 4098 4104 4074
1120 5 2 1 6011 4068 4098 4104 4074 1098 1103 1104 1099
1121 5 2 1 6011 899 904 905 900 4069 4099 4105 4075
1122 5 2 1 6011 4069 4099 4105 4075 4070 4100 4106 4076
1123 5 2 1 6011 4070 4100 4106 4076 4071 4101 4107 4077
1124 5 2 1 6011 4071 4101 4107 4077 4072 4102 4108 4078
1125 5 2 1 6011 4072 4102 4108 4078 4073 4103 4109 4079
1126 5 2 1 6011 4073 4103 4109 4079 4074 4104 4110 4080
1127 5 2 1 6011 4074 4104 4110 4080 1099 1104 1105 1100
1128 5 2 1 6011 900 905 104 103 4075 4105 1963 1957
1129 5 2 1 6011 4075 4105 1963 1957 4076 4106 1964 1958
1130 5 2 1 6011 4076 4106 1964 1958 4077 4107 1965 1959
1131 5 2 1 6011 4077 4107 1965 1959 4078 4108 1966 1960
1132 5 2 1 6011 4078 4108 1966 1960 4079 4109 1967 1961
1133 5 2 1 6011 4079 4109 1967 1961 4080 4110 1968 1962
1134 5 2 1 6011 4080 4110 1968 1962 1100 1105 159 158
1135 5 2 1 6011 89 90 906 901 1873 1879 4111 4081
1136 5 2 1 6011 1873 1879 4111 4081 1874 1880 4112 4082
1137 5 2 1 6011 1874 1880 4112 4082 1875 1881 4113 4083
1138 5 2 1 6011 1875 1881 4113 4083 1876 1882 4114 4084
1139 5 2 1 6011 1876 1882 4114 4084 1877 1883 4115 4085
1140 5 2 1 6011 1877 1883 4115 4085 1878 1884 4116 4086
1141 5 2 1 6011 1878 1884 4116 4086 144 145 1106 1101
1142 5 2 1 6011 901 906 907 902 4081 4111 4117 4087
1143 5 2 1 6011 4081 4111 4117 4087 4082 4112 4118 4088
1144 5 2 1 6011 4082 4112 4118 4088 4083 4113 4119 4089
1145 5 2 1 6011 4083 4113 4119 4089 4084 4114 4120 4090
1146 5 2 1 6011 4084 4114 4120 4090 4085 4115 4121 4091
1147 5 2 1 6011 4085 4115 4121 4091 4086 4116 4122 4092
1148 5 2 1 6011 4086 4116 4122 4092 1101 1106 1107 1102
1149 5 2 1 6011 902 907 908 903 4087 4117 4123 4093
1150 5 2 1 6011 4087 4117 4123 4093 4088 4118 4124 4094
1151 5 2 1 6011 4088 4118 4124 4094 4089 4119 4125 4095
1152 5 2 1 6011 4089 4119 4125 4095 4090 4120 4126 4096
1153 5 2 1 6011 4090 4120 4126 4096 4091 4121 4127 4097
1154 5 2 1 6011 4091 4121 4127 4097 4092 4122 4128 4098
1155 5 2 1 6011 4092 4122 4128 4098 1102 1107 1108 1103
1156 5 2 1 6011 903 908 909 904 4093 4123 4129 4099
1157 5 2 1 6011 4093 4123 4129 4099 4094 4124 4130 4100
1158 5 2 1 6011 4094 4124 4130 4100 4095 4125 4131 4101
1159 5 2 1 6011 4095 4125 4131 4101 4096 4126 4132 4102
1160 5 2 1 6011 4096 4126 4132 4102 4097 4127 4133 4103
1161 5 2 1 6011 4097 4127 4133 4103 4098 4128 4134 4104
1162 5 2 1 6011 4098 4128 4134 4104 1103 1108 1109 1104
1163 5 2 1 6011 904 909 910 905 4099 4129 4135 4105
1164 5 2 1 6011 4099 4129 4135 4105 4100 4130 4136 4106
1165 5 2 1 6011 4100 4130 4136 4106 4101 4131 4137 4107
1166 5 2 1 6011 4101 4131 4137 4107 4102 4132 4138 4108
1167 5 2 1 6011 4102 4132 4138 4108 4103 4133 4139 4109
1168 5 2 1 6011 4103 4133 4139 4109 4104 4134 4140 4110
1169 5 2 1 6011 4104 4134 4140 4110 1104 1109 1110 1105
1170 5 2 1 6011 905 910 105 104 4105 4135 1969 1963
1171 5 2 1 6011 4105 4135 1969 1963 4106 4136 1970 1964
1172 5 2 1 6011 4106 4136 1970 1964 4107 4137 1971 1965
1173 5 2 1 6011 4107 4137 1971 1965 4108 4138 1972 1966
1174 5 2 1 6011 4108 4138 1972 1966 4109 4139 1973 1967
1175 5 2 1 6011 4109 4139 1973 1967 4110 4140 1974 1968
1176 5 2 1 6011 4110 4140 1974 1968 1105 1110 160 159
1177 5 2 1 6011 90 91 911 906 1879 1885 4141 4111
1178 5 2 1 6011 1879 1885 4141 4111 1880 1886 4142 4112
1179 5 2 1 6011 1880 1886 4142 4112 1881 1887 4143 4113
1180 5 2 1 6011 1881 1887 4143 4113 1882 1888 4144 4114
1181 5 2 1 6011 1882 1888 4144 4114 1883 1889 4145 4115
1182 5 2 1 6011 1883 1889 4145 4115 1884 1890 4146 4116
1183 5 2 1 6011 1884 1890 4146 4116 145 146 1111 1106
1184 5 2 1 6011 906 911 912 907 4111 4141 4147 4117
1185 5 2 1 6011 4111 4141 4147 4117 4112 4142 4148 4118
1186 5 2 1 6011 4112 4142 4148 4118 4113 4143 4149 4119
1187 5 2 1 6011 4113 4143 4149 4119 4114 4144 4150 4120
1188 5 2 1 6011 4114 4144 4150 4120 4115 4145 4151 4121
1189 5 2 1 6011 4115 4145 4151 4121 4116 4146 4152 4122
1190 5 2 1 6011 4116 4146 4152 4122 1106 1111 1112 1107
1191 5 2 1 6011 907 912 913 908 4117 4147 4153 4123
1192 5 2 1 6011 4117 4147 4153 4123 4118 4148 4154 4124
1193 5 2 1 6011 4118 4148 4154 4124 4119 4149 4155 4125
1194 5 2 1 6011 4119 4149 4155 4125 4120 4150 4156 4126
1195 5 2 1 6011 4120 4150 4156 4126 4121 4151 4157 4127
1196 5 2 1 6011 4121 4151 4157 4127 4122 4152 4158 4128
1197 5 2 1 6011 4122 4152 4158 4128 1107 1112 1113 1108
1198 5 2 1 6011 908 913 914 909 4123 4153 4159 4129
1199 5 2 1 6011 4123 4153 4159 4129 4124 4154 4160 4130
1200 5 2 1 6011 4124 4154 4160 4130 4125 4155 4161 4131
1201 5 2 1 6011 4125 4155 4161 4131 4126 4156 4162 4132
1202 5 2 1 6011 4126 4156 4162 4132 4127 4157 4163 4133
1203 5 2 1 6011 4127 4157 4163 4133 4128 4158 4164 4134
1204 5 2 1 6011 4128 4158 4164 4134 1108 1113 1114 1109
1205 5 2 1 6011 909 914 915 910 4129 4159 4165 4135
1206 5 2 1 6011 4129 4159 4165 4135 4130 4160 4166 4136
1207 5 2 1 6011 4130 4160 4166 4136 4131 4161 4167 4137
1208 5 2 1 6011 4131 4161 4167 4137 4132 4162 4168 4138
1209 5 2 1 6011 4132 4162 4168 4138 4133 4163 4169 4139
1210 5 2 1 6011 4133 4163 4169 4139 4134 4164 4170 4140
1211 5 2 1 6011 4134 4164 4170 4140 1109 1114 1115 1110
1212 5 2 1 6011 910 915 106 105 4135 4165 1975 1969
1213 5 2 1 6011 4135 4165 1975 1969 4136 4166 1976 1970
1214 5 2 1 6011 4136 4166 1976 1970 4137 4167 1977 1971
1215 5 2 1 6011 4137 4167 1977 1971 4138 4168 1978 1972
1216 5 2 1 6011 4138 4168 1978 1972 4139 4169 1979 1973
1217 5 2 1 6011 4139 4169 1979 1973 4140 4170 1980 1974
1218 5 2 1 6011 4140 4170 1980 1974 1110 1115 161 160
1219 5 2 1 6011 91 7 332 911 1885 603 2791 4141
1220 5 2 1 6011 1885 603 2791 4141 1886 604 2792 4142
1221 5 2 1 6011 1886 604 2792 4142 1887 605 2793 4143
1222 5 2 1 6011 1887 605 2793 4143 1888 606 2794 4144
1223 5 2 1 6011 1888 606 2794 4144 1889 607 2795 4145
1224 5 2 1 6011 1889 607 2795 4145 1890 608 2796 4146
1225 5 2 1 6011 1890 608 2796 4146 146 22 392 1111
1226 5 2 1 6011 911 332 333 912 4141 2791 2797 4147
1227 5 2 1 6011 4141 2791 2797 4147 4142 2792 2798 4148
1228 5 2 1 6011 4142 2792 2798 4148 4143 2793 2799 4149
1229 5 2 1 6011 4143 2793 2799 4149 4144 2794 2800 4150
1230 5 2 1 6011 4144 2794 2800 4150 4145 2795 2801 4151
1231 5 2 1 6011 4145 2795 2801 4151 4146 2796 2802 4152
1232 5 2 1 6011 4146 2796 2802 4152 1111 392 393 1112
1233 5 2 1 6011 912 333 334 913 4147 2797 2803 4153
1234 5 2 1 6011 4147 2797 2803 4153 4148 2798 2804 4154
1235 5 2 1 6011 4148 2798 2804 4154 4149 2799 2805 4155
1236 5 2 1 6011 4149 2799 2805 4155 4150 2800 2806 4156
1237 5 2 1 6011 4150 2800 2806 4156 4151 2801 2807 4157
1238 5 2 1 6011 4151 2801 2807 4157 4152 2802 2808 4158
1239 5 2 1 6011 4152 2802 2808 4158 1112 393 394 1113
1240 5 2 1 6011 913 334 335 914 4153 2803 2809 4159
1241 5 2 1 6011 4153 2803 2809 4159 4154 2804 2810 4160
1242 5 2 1 6011 4154 2804 2810 4160 4155 2805 2811 4161
1243 5 2 1 6011 4155 2805 2811 4161 4156 2806 2812 4162
1244 5 2 1 6011 4156 2806 2812 4162 4157 2807 2813 4163
1245 5 2 1 6011 4157 2807 2813 4163 4158 2808 2814 4164
1246 5 2 1 6011 4158 2808 2814 4164 1113 394 395 1114
1247 5 2 1 6011 914 335 336 915 4159 2809 2815 4165
1248 5 2 1 6011 4159 2809 2815 4165 4160 2810 2816 4166
1249 5 2 1 6011 4160 2810 2816 4166 4161 2811 2817 4167
1250 5 2 1 6011 4161 2811 2817 4167 4162 2812 2818 4168
1251 5 2 1 6011 4162 2812 2818 4168 4163 2813 2819 4169
1252 5 2 1 6011 4163 2813 2819 4169 4164 2814 2820 4170
1253 5 2 1 6011 4164 2814 2820 4170 1114 395 396 1115
1254 5 2 1 6011 915 336 11 106 4165 2815 627 1975
1255 5 2 1 6011 4165 2815 627 1975 4166 2816 628 1976
1256 5 2 1 6011 4166 2816 628 1976 4167 2817 629 1977
1257 5 2 1 6011 4167 2817 629 1977 4168 2818 630 1978
1258 5 2 1 6011 4168 2818 630 1978 4169 2819 631 1979
1259 5 2 1 6011 4169 2819 631 1979 4170 2820 632 1980
1260 5 2 1 6011 4170 2820 632 1980 1115 396 26 161
1261 5 2 1 6012 7 92 916 332 603 1891 4171 2791
1262 5 2 1 6012 603 1891 4171 2791 604 1892 4172 2792
1263 5 2 1 6012 604 1892 4172 2792 605 1893 4173 2793
1264 5 2 1 6012 605 1893 4173 2793 606 1894 4174 2794
1265 5 2 1 6012 606 1894 4174 2794 607 1895 4175 2795
1266 5 2 1 6012 607 1895 4175 2795 608 1896 4176 2796
1267 5 2 1 6012 608 1896 4176 2796 22 147 1116 392
1268 5 2 1 6012 332 916 917 333 2791 4171 4177 2797
1269 5 2 1 6012 2791 4171 4177 2797 2792 4172 4178 2798
1270 5 2 1 6012 2792 4172 4178 2798 2793 4173 4179 2799
1271 5 2 1 6012 2793 4173 4179 2799 2794 4174 4180 2800
1272 5 2 1 6012 2794 4174 4180 2800 2795 4175 4181 2801
1273 5 2 1 6012 2795 4175 4181 2801 2796 4176 4182 2802
1274 5 2 1 6012 2796 4176 4182 2802 392 1116 1117 393
1275 5 2 1 6012 333 917 918 334 2797 4177 4183 2803
1276 5 2 1 6012 2797 4177 4183 2803 2798 4178 4184 2804
1277 5 2 1 6012 2798 4178 4184 2804 2799 4179 4185 2805
1278 5 2 1 6012 2799 4179 4185 2805 2800 4180 4186 2806
1279 5 2 1 6012 2800 4180 4186 2806 2801 4181 4187 2807
1280 5 2 1 6012 2801 4181 4187 2807 2802 4182 4188 2808
1281 5 2 1 6012 2802 4182 4188 2808 393 1117 1118 394
1282 5 2 1 6012 334 918 919 335 2803 4183 4189 2809
1283 5 2 1 6012 2803 4183 4189 2809 2804 4184 4190 2810
1284 5 2 1 6012 2804 4184 4190 2810 2805 4185 4191 2811
1285 5 2 1 6012 2805 4185 4191 2811 2806 4186 4192 2812
1286 5 2 1 6012 2806 4186 4192 2812 2807 4187 4193 2813
1287 5 2 1 6012 2807 4187 4193 2813 2808 4188 4194 2814
1288 5 2 1 6012 2808 4188 4194 2814 394 1118 1119 395
1289 5 2 1 6012 335 919 920 336 2809 4189 4195 2815
1290 5 2 1 6012 2809 4189 4195 2815 2810 4190 4196 2816
1291 5 2 1 6012 2810 4190 4196 2816 2811 4191 4197 2817
1292 5 2 1 6012 2811 4191 4197 2817 2812 4192 4198 2818
1293 5 2 1 6012 2812 4192 4198 2818 2813 4193 4199 2819
1294 5 2 1 6012 2813 4193 4199 2819 2814 4194 4200 2820
1295 5 2 1 6012 2814 4194 4200 2820 395 1119 1120 396
1296 5 2 1 6012 336 920 107 11 2815 4195 1981 627
1297 5 2 1 6012 2815 4195 1981 627 2816 4196 1982 628
1298 5 2 1 6012 2816 4196 1982 628 2817 4197 1983 629
1299 5 2 1 6012 2817 4197 1983 629 2818 4198 1984 630
1300 5 2 1 6012 2818 4198 1984 630 2819 4199 1985 631
1301 5 2 1 6012 2819 4199 1985 631 2820 4200 1986 632
1302 5 2 1 6012 2820 4200 1986 632 396 1120 162 26
1303 5 2 1 6012 92 93 921 916 1891 1897 4201 4171
1304 5 2 1 6012 1891 1897 4201 4171 1892 1898 4202 4172
1305 5 2 1 6012 1892 1898 4202 4172 1893 1899 4203 4173
1306 5 2 1 6012 1893 1899 4203 4173 1894 1900 4204 4174
1307 5 2 1 6012 1894 1900 4204 4174 1895 1901 4205 4175
1308 5 2 1 6012 1895 1901 4205 4175 1896 1902 4206 4176
1309 5 2 1 6012 1896 1902 4206 4176 147 148 1121 1116
1310 5 2 1 6012 916 921 922 917 4171 4201 4207 4177
1311 5 2 1 6012 4171 4201 4207 4177 4172 4202 4208 4178
1312 5 2 1 6012 4172 4202 4208 4178 4173 4203 4209 4179
1313 5 2 1 6012 4173 4203 4209 4179 4174 4204 4210 4180
1314 5 2 1 6012 4174 4204 4210 4180 4175 4205 4211 4181
1315 5 2 1 6012 4175 4205 4211 4181 4176 4206 4212 4182
1316 5 2 1 6012 4176 4206 4212 4182 1116 1121 1122 1117
1317 5 2 1 6012 917 922 923 918 4177 4207 4213 4183
1318 5 2 1 6012 4177 4207 4213 4183 4178 4208 4214 4184
1319 5 2 1 6012 4178 4208 4214 4184 4179 4209 4215 4185
1320 5 2 1 6012 4179 4209 4215 4185 4180 4210 4216 4186
1321 5 2 1 6012 4180 4210 4216 4186 4181 4211 4217 4187
1322 5 2 1 6012 4181 4211 4217 4187 4182 4212 4218 4188
1323 5 2 1 6012 4182 4212 4218 4188 1117 1122 1123 1118
1324 5 2 1 6012 918 923 924 919 4183 4213 4219 4189
1325 5 2 1 6012 4183 4213 4219 4189 4184 4214 4220 4190
1326 5 2 1 6012 4184 4214 4220 4190 4185 4215 4221 4191
1327 5 2 1 6012 4185 4215 4221 4191 4186 4216 4222 4192
1328 5 2 1 6012 4186 4216 4222 4192 4187 4217 4223 4193
1329 5 2 1 6012 4187 4217 4223 4193 4188 4218 4224 4194
1330 5 2 1 6012 4188 4218 4224 4194 1118 1123 1124 1119
1331 5 2 1 6012 919 924 925 920 4189 4219 4225 4195
1332 5 2 1 6012 4189 4219 4225 4195 4190 4220 4226 4196
1333 5 2 1 6012 4190 4220 4226 4196 4191 4221 4227 4197
1334 5 2 1 6012 4191 4221 4227 4197 4192 4222 4228 4198
1335 5 2 1 6012 4192 4222 4228 4198 4193 4223 4229 4199
1336 5 2 1 6012 4193 4223 4229 4199 4194 4224 4230 4200
1337 5 2 1 6012 4194 4224 4230 4200 1119 1124 1125 1120
1338 5 2 1 6012 920 925 108 107 4195 4225 1987 1981
1339 5 2 1 6012 4195 4225 1987 1981 4196 4226 1988 1982
1340 5 2 1 6012 4196 4226 1988 1982 4197 4227 1989 1983
1341 5 2 1 6012 4197 4227 1989 1983 4198 4228 1990 1984
1342 5 2 1 6012 4198 4228 1990 1984 4199 4229 1991 1985
1343 5 2 1 6012 4199 4229 1991 1985 4200 4230 1992 1986
1344 5 2 1 6012 4200 4230 1992 1986 1120 1125 163 162
1345 5 2 1 6012 93 94 926 921 1897 1903 4231 4201
1346 5 2 1 6012 1897 1903 4231 4201 1898 1904 4232 4202
1347 5 2 1 6012 1898 1904 4232 4202 1899 1905 4233 4203
1348 5 2 1 6012 1899 1905 4233 4203 1900 1906 4234 4204
1349 5 2 1 6012 1900 1906 4234 4204 1901 1907 4235 4205
1350 5 2 1 6012 1901 1907 4235 4205 1902 1908 4236 4206
1351 5 2 1 6012 1902 1908 4236 4206 148 149 1126 1121
1352 5 2 1 6012 921 926 927 922 4201 4231 4237 4207
1353 5 2 1 6012 4201 4231 4237 4207 4202 4232 4238 4208
1354 5 2 1 6012 4202 4232 4238 4208 4203 4233 4239 4209
1355 5 2 1 6012 4203 4233 4239 4209 4204 4234 4240 4210
1356 5 2 1 6012 4204 4234 4240 4210 4205 4235 4241 4211
1357 5 2 1 6012 4205 4235 4241 4211 4206 4236 4242 4212
1358 5 2 1 6012 4206 4236 4242 4212 1121 1126 1127 1122
1359 5 2 1 6012 922 927 928 923 4207 4237 4243 4213
1360 5 2 1 6012 4207 4237 4243 4213 4208 4238 4244 4214
1361 5 2 1 6012 4208 4238 4244 4214 4209 4239 4245 4215
1362 5 2 1 6012 4209 4239 4245 4215 4210 4240 4246 4216
1363 5 2 1 6012 4210 4240 4246 4216 4211 4241 4247 4217
1364 5 2 1 6012 4211 4241 4247 4217 4212 4242 4248 4218
1365 5 2 1 6012 4212 4242 4248 4218 1122 1127 1128 1123
1366 5 2 1 6012 923 928 929 924 4213 4243 4249 4219
1367 5 2 1 6012 4213 4243 4249 4219 4214 4244 4250 4220
1368 5 2 1 6012 4214 4244 4250 4220 4215 4245 4251 4221
1369 5 2 1 6012 4215 4245 4251 4221 4216 4246 4252 4222
1370 5 2 1 6012 4216 4246 4252 4222 4217 4247 4253 4223
1371 5 2 1 6012 4217 4247 4253 4223 4218 4248 4254 4224
1372 5 2 1 6012 4218 4248 4254 4224 1123 1128 1129 1124
1373 5 2 1 6012 924 929 930 925 4219 4249 4255 4225
1374 5 2 1 6012 4219 4249 4255 4225 4220 4250 4256 4226
1375 5 2 1 6012 4220 4250 4256 4226 4221 4251 4257 4227
1376 5 2 1 6012 4221 4251 4257 4227 4222 4252 4258 4228
1377 5 2 1 6012 4222 4252 4258 4228 4223 4253 4259 4229
1378 5 2 1 6012 4223 4253 4259 4229 4224 4254 4260 4230
1379 5 2 1 6012 4224 4254 4260 4230 1124 1129 1130 1125
1380 5 2 1 6012 925 930 109 108 4225 4255 1993 1987
1381 5 2 1 6012 4225 4255 1993 1987 4226 4256 1994 1988
1382 5 2 1 6012 4226 4256 1994 1988 4227 4257 1995 1989
1383 5 2 1 6012 4227 4257 1995 1989 4228 4258 1996 1990
1384 5 2 1 6012 4228 4258 1996 1990 4229 4259 1997 1991
1385 5 2 1 6012 4229 4259 1997 1991 4230 4260 1998 1992
1386 5 2 1 6012 4230 4260 1998 1992 1125 1130 164 163
1387 5 2 1 6012 94 95 931 926 1903 1909 4261 4231
1388 5 2 1 6012 1903 1909 4261 4231 1904 1910 4262 4232
1389 5 2 1 6012 1904 1910 4262 4232 1905 1911 4263 4233
1390 5 2 1 6012 1905 1911 4263 4233 1906 1912 4264 4234
1391 5 2 1 6012 1906 1912 4264 4234 1907 1913 4265 4235
1392 5 2 1 6012 1907 1913 4265 4235 1908 1914 4266 4236
1393 5 2 1 6012 1908 1914 4266 4236 149 150 1131 1126
1394 5 2 1 6012 926 931 932 927 4231 4261 4267 4237
1395 5 2 1 6012 4231 4261 4267 4237 4232 4262 4268 4238
1396 5 2 1 6012 4232 4262 4268 4238 4233 4263 4269 4239
1397 5 2 1 6012 4233 4263 4269 4239 4234 4264 4270 4240
1398 5 2 1 6012 4234 4264 4270 4240 4235 4265 4271 4241
1399 5 2 1 6012 4235 4265 4271 4241 4236 4266 4272 4242
1400 5 2 1 6012 4236 4266 4272 4242 1126 1131 1132 1127
1401 5 2 1 6012 927 932 933 928 4237 4267 4273 4243
1402 5 2 1 6012 4237 4267 4273 4243 4238 4268 4274 4244
1403 5 2 1 6012 4238 4268 4274 4244 4239 4269 4275 4245
1404 5 2 1 6012 4239 4269 4275 4245 4240 4270 4276 4246
1405 5 2 1 6012 4240 4270 4276 4246 4241 4271 4277 4247
1406 5 2 1 6012 4241 4271 4277 4247 4242 4272 4278 4248
1407 5 2 1 6012 4242 4272 4278 4248 1127 1132 1133 1128
1408 5 2 1 6012 928 933 934 929 4243 4273 4279 4249
1409 5 2 1 6012 4243 4273 4279 4249 4244 4274 4280 4250
1410 5 2 1 6012 4244 4274 4280 4250 4245 4275 4281 4251
1411 5 2 1 6012 4245 4275 4281 4251 4246 4276 4282 4252
1412 5 2 1 6012 4246 4276 4282 4252 4247 4277 4283 4253
1413 5 2 1 6012 4247 4277 4283 4253 4248 4278 4284 4254
1414 5 2 1 6012 4248 4278 4284 4254 1128 1133 1134 1129
1415 5 2 1 6012 929 934 935 930 4249 4279 4285 4255
1416 5 2 1 6012 4249 4279 4285 4255 4250 4280 4286 4256
1417 5 2 1 6012 4250 4280 4286 4256 4251 4281 4287 4257
1418 5 2 1 6012 4251 4281 4287 4257 4252 4282 4288 4258
1419 5 2 1 6012 4252 4282 4288 4258 4253 4283 4289 4259
1420 5 2 1 6012 4253 4283 4289 4259 4254 4284 4290 4260
1421 5 2 1 6012 4254 4284 4290 4260 1129 1134 1135 1130
1422 5 2 1 6012 930 935 110 109 4255 4285 1999 1993
1423 5 2 1 6012 4255 4285 1999 1993 4256 4286 2000 1994
1424 5 2 1 6012 4256 4286 2000 1994 4257 4287 2001 1995
1425 5 2 1 6012 4257 4287 2001 1995 4258 4288 2002 1996
1426 5 2 1 6012 4258 4288 2002 1996 4259 4289 2003 1997
1427 5 2 1 6012 4259 4289 2003 1997 4260 4290 2004 1998
1428 5 2 1 6012 4260 4290 2004 1998 1130 1135 165 164
1429 5 2 1 6012 95 96 936 931 1909 1915 4291 4261
1430 5 2 1 6012 1909 1915 4291 4261 1910 1916 4292 4262
1431 5 2 1 6012 1910 1916 4292 4262 1911 1917 4293 4263
1432 5 2 1 6012 1911 1917 4293 4263 1912 1918 4294 4264
1433 5 2 1 6012 1912 1918 4294 4264 1913 1919 4295 4265
1434 5 2 1 6012 1913 1919 4295 4265 1914 1920 4296 4266
1435 5 2 1 6012 1914 1920 4296 4266 150 151 1136 1131
1436 5 2 1 6012 931 936 937 932 4261 4291 4297 4267
1437 5 2 1 6012 4261 4291 4297 4267 4262 4292 4298 4268
1438 5 2 1 6012 4262 4292 4298 4268 4263 4293 4299 4269
1439 5 2 1 6012 4263 4293 4299 4269 4264 4294 4300 4270
1440 5 2 1 6012 4264 4294 4300 4270 4265 4295 4301 4271
1441 5 2 1 6012 4265 4295 4301 4271 4266 4296 4302 4272
1442 5 2 1 6012 4266 4296 4302 4272 1131 1136 1137 1132
1443 5 2 1 6012 932 937 938 933 4267 4297 4303 4273
1444 5 2 1 6012 4267 4297 4303 4273 4268 4298 4304 4274
1445 5 2 1 6012 4268 4298 4304 4274 4269 4299 4305 4275
1446 5 2 1 6012 4269 4299 4305 4275 4270 4300 4306 4276
1447 5 2 1 6012 4270 4300 4306 4276 4271 4301 4307 4277
1448 5 2 1 6012 4271 4301 4307 4277 4272 4302 4308 4278
1449 5 2 1 6012 4272 4302 4308 4278 1132 1137 1138 1133
1450 5 2 1 6012 933 938 939 934 4273 4303 4309 4279
1451 5 2 1 6012 4273 4303 4309 4279 4274 4304 4310 4280
1452 5 2 1 6012 4274 4304 4310 4280 4275 4305 4311 4281
1453 5 2 1 6012 4275 4305 4311 4281 4276 4306 4312 4282
1454 5 2 1 6012 4276 4306 4312 4282 4277 4307 4313 4283
1455 5 2 1 6012 4277 4307 4313 4283 4278 4308 4314 4284
1456 5 2 1 6012 4278 4308 4314 4284 1133 1138 1139 1134
1457 5 2 1 6012 934 939 940 935 4279 4309 4315 4285
1458 5 2 1 6012 4279 4309 4315 4285 4280 4310 4316 4286
1459 5 2 1 6012 4280 4310 4316 4286 4281 4311 4317 4287
1460 5 2 1 6012 4281 4311 4317 4287 4282 4312 4318 4288
1461 5 2 1 6012 4282 4312 4318 4288 4283 4313 4319 4289
1462 5 2 1 6012 4283 4313 4319 4289 4284 4314 4320 4290
1463 5 2 1 6012 4284 4314 4320 4290 1134 1139 1140 1135
1464 5 2 1 6012 935 940 111 110 4285 4315 2005 1999
1465 5 2 1 6012 4285 4315 2005 1999 4286 4316 2006 2000
1466 5 2 1 6012 4286 4316 2006 2000 4287 4317 2007 2001
1467 5 2 1 6012 4287 4317 2007 2001 4288 4318 2008 2002
1468 5 2 1 6012 4288 4318 2008 2002 4289 4319 2009 2003
1469 5 2 1 6012 4289 4319 2009 2003 4290 4320 2010 2004
1470 5 2 1 6012 4290 4320 2010 2004 1135 1140 166 165
1471 5 2 1 6012 96 8 347 936 1915 609 2881 4291
1472 5 2 1 6012 1915 609 2881 4291 1916 610 2882 4292
1473 5 2 1 6012 1916 610 2882 4292 1917 611 2883 4293
1474 5 2 1 6012 1917 611 2883 4293 1918 612 2884 4294
1475 5 2 1 6012 1918 612 2884 4294 1919 613 2885 4295
1476 5 2 1 6012 1919 613 2885 4295 1920 614 2886 4296
1477 5 2 1 6012 1920 614 2886 4296 151 23 402 1136
1478 5 2 1 6012 936 347 348 937 4291 2881 2887 4297
1479 5 2 1 6012 4291 2881 2887 4297 4292 2882 2888 4298
1480 5 2 1 6012 4292 2882 2888 4298 4293 2883 2889 4299
1481 5 2 1 6012 4293 2883 2889 4299 4294 2884 2890 4300
1482 5 2 1 6012 4294 2884 2890 4300 4295 2885 2891 4301
1483 5 2 1 6012 4295 2885 2891 4301 4296 2886 2892 4302
1484 5 2 1 6012 4296 2886 2892 4302 1136 402 403 1137
1485 5 2 1 6012 937 348 349 938 4297 2887 2893 4303
1486 5 2 1 6012 4297 2887 2893 4303 4298 2888 2894 4304
1487 5 2 1 6012 4298 2888 2894 4304 4299 2889 2895 4305
1488 5 2 1 6012 4299 2889 2895 4305 4300 2890 2896 4306
1489 5 2 1 6012 4300 2890 2896 4306 4301 2891 2897 4307
1490 5 2 1 6012 4301 2891 2897 4307 4302 2892 2898 4308
1491 5 2 1 6012 4302 2892 2898 4308 1137 403 404 1138
1492 5 2 1 6012 938 349 350 939 4303 2893 2899 4309
1493 5 2 1 6012 4303 2893 2899 4309 4304 2894 2900 4310
1494 5 2 1 6012 4304 2894 2900 4310 4305 2895 2901 4311
1495 5 2 1 6012 4305 2895 2901 4311 4306 2896 2902 4312
1496 5 2 1 6012 4306 2896 2902 4312 4307 2897 2903 4313
1497 5 2 1 6012 4307 2897 2903 4313 4308 2898 2904 4314
1498 5 2 1 6012 4308 2898 2904 4314 1138 404 405 1139
1499 5 2 1 6012 939 350 351 940 4309 2899 2905 4315
1500 5 2 1 6012 4309 2899 2905 4315 4310 2900 2906 4316
1501 5 2 1 6012 4310 2900 2906 4316 4311 2901 2907 4317
1502 5 2 1 6012 4311 2901 2907 4317 4312 2902 2908 4318
1503 5 2 1 6012 4312 2902 2908 4318 4313 2903 2909 4319
1504 5 2 1 6012 4313 2903 2909 4319 4314 2904 2910 4320
1505 5 2 1 6012 4314 2904 2910 4320 1139 405 406 1140
1506 5 2 1 6012 940 351 12 111 4315 2905 633 2005
1507 5 2 1 6012 4315 2905 633 2005 4316 2906 634 2006
1508 5 2 1 6012 4316 2906 634 2006 4317 2907 635 2007
1509 5 2 1 6012 4317 2907 635 2007 4318 2908 636 2008
1510 5 2 1 6012 4318 2908 636 2008 4319 2909 637 2009
1511 5 2 1 6012 4319 2909 637 2009 4320 2910 638 2010
1512 5 2 1 6012 4320 2910 638 2010 1140 406 27 166
1513 5 2 1 6020 9 97 941 307 615 1921 4321 2641
1514 5 2 1 6020 615 1921 4321 2641 616 1922 4322 2642
1515 5 2 1 6020 616 1922 4322 2642 617 1923 4323 2643
1516 5 2 1 6020 617 1923 4323 2643 618 1924 4324 2644
1517 5 2 1 6020 618 1924 4324 2644 619 1925 4325 2645
1518 5 2 1 6020 619 1925 4325 2645 620 1926 4326 2646
1519 5 2 1 6020 620 1926 4326 2646 24 152 1141 367
1520 5 2 1 6020 307 941 942 308 2641 4321 4327 2647
1521 5 2 1 6020 2641 4321 4327 2647 2642 4322 4328 2648
1522 5 2 1 6020 2642 4322 4328 2648 2643 4323 4329 2649
1523 5 2 1 6020 2643 4323 4329 2649 2644 4324 4330 2650
1524 5 2 1 6020 2644 4324 4330 2650 2645 4325 4331 2651
1525 5 2 1 6020 2645 4325 4331 2651 2646 4326 4332 2652
1526 5 2 1 6020 2646 4326 4332 2652 367 1141 1142 368
1527 5 2 1 6020 308 942 943 309 2647 4327 4333 2653
1528 5 2 1 6020 2647 4327 4333 2653 2648 4328 4334 2654
1529 5 2 1 6020 2648 4328 4334 2654 2649 4329 4335 2655
1530 5 2 1 6020 2649 4329 4335 2655 2650 4330 4336 2656
1531 5 2 1 6020 2650 4330 4336 2656 2651 4331 4337 2657
1532 5 2 1 6020 2651 4331 4337 2657 2652 4332 4338 2658
1533 5 2 1 6020 2652 4332 4338 2658 368 1142 1143 369
1534 5 2 1 6020 309 943 944 310 2653 4333 4339 2659
1535 5 2 1 6020 2653 4333 4339 2659 2654 4334 4340 2660
1536 5 2 1 6020 2654 4334 4340 2660 2655 4335 4341 2661
1537 5 2 1 6020 2655 4335 4341 2661 2656 4336 4342 2662
1538 5 2 1 6020 2656 4336 4342 2662 2657 4337 4343 2663
1539 5 2 1 6020 2657 4337 4343 2663 2658 4338 4344 2664
1540 5 2 1 6020 2658 4338 4344 2664 369 1143 1144 370
1541 5 2 1 6020 310 944 945 311 2659 4339 4345 2665
1542 5 2 1 6020 2659 4339 4345 2665 2660 4340 4346 2666
1543 5 2 1 6020 2660 4340 4346 2666 2661 4341 4347 2667
1544 5 2 1 6020 2661 4341 4347 2667 2662 4342 4348 2668
1545 5 2 1 6020 2662 4342 4348 2668 2663 4343 4349 2669
1546 5 2 1 6020 2663 4343 4349 2669 2664 4344 4350 2670
1547 5 2 1 6020 2664 4344 4350 2670 370 1144 1145 371
1548 5 2 1 6020 311 945 112 13 2665 4345 2011 639
1549 5 2 1 6020 2665 4345 2011 639 2666 4346 2012 640
1550 5 2 1 6020 2666 4346 2012 640 2667 4347 2013 641
1551 5 2 1 6020 2667 4347 2013 641 2668 4348 2014 642
1552 5 2 1 6020 2668 4348 2014 642 2669 4349 2015 643
1553 5 2 1 6020 2669 4349 2015 643 2670 4350 2016 644
1554 5 2 1 6020 2670 4350 2016 644 371 1145 167 28
1555 5 2 1 6020 97 98 946 941 1921 1927 4351 4321
1556 5 2 1 6020 1921 1927 4351 4321 1922 1928 4352 4322
1557 5 2 1 6020 1922 1928 4352 4322 1923 1929 4353 4323
1558 5 2 1 6020 1923 1929 4353 4323 1924 1930 4354 4324
1559 5 2 1 6020 1924 1930 4354 4324 1925 1931 4355 4325
1560 5 2 1 6020 1925 1931 4355 4325 1926 1932 4356 4326
1561 5 2 1 6020 1926 1932 4356 4326 152 153 1146 1141
1562 5 2 1 6020 941 946 947 942 4321 4351 4357 4327
1563 5 2 1 6020 4321 4351 4357 4327 4322 4352 4358 4328
1564 5 2 1 6020 4322 4352 4358 4328 4323 4353 4359 4329
1565 5 2 1 6020 4323 4353 4359 4329 4324 4354 4360 4330
1566 5 2 1 6020 4324 4354 4360 4330 4325 4355 4361 4331
1567 5 2 1 6020 4325 4355 4361 4331 4326 4356 4362 4332
1568 5 2 1 6020 4326 4356 4362 4332 1141 1146 1147 1142
1569 5 2 1 6020 942 947 948 943 4327 4357 4363 4333
1570 5 2 1 6020 4327 4357 4363 4333 4328 4358 4364 4334
1571 5 2 1 6020 4328 4358 4364 4334 4329 4359 4365 4335
1572 5 2 1 6020 4329 4359 4365 4335 4330 4360 4366 4336
1573 5 2 1 6020 4330 4360 4366 4336 4331 4361 4367 4337
1574 5 2 1 6020 4331 4361 4367 4337 4332 4362 4368 4338
1575 5 2 1 6020 4332 4362 4368 4338 1142 1147 1148 1143
1576 5 2 1 6020 943 948 949 944 4333 4363 4369 4339
1577 5 2 1 6020 4333 4363 4369 4339 4334 4364 4370 4340
1578 5 2 1 6020 4334 4364 4370 4340 4335 4365 4371 4341
1579 5 2 1 6020 4335 4365 4371 4341 4336 4366 4372 4342
1580 5 2 1 6020 4336 4366 4372 4342 4337 4367 4373 4343
1581 5 2 1 6020 4337 4367 4373 4343 4338 4368 4374 4344
1582 5 2 1 6020 4338 4368 4374 4344 1143 1148 1149 1144
1583 5 2 1 6020 944 949 950 945 4339 4369 4375 4345
1584 5 2 1 6020 4339 4369 4375 4345 4340 4370 4376 4346
1585 5 2 1 6020 4340 4370 4376 4346 4341 4371 4377 4347
1586 5 2 1 6020 4341 4371 4377 4347 4342 4372 4378 4348
1587 5 2 1 6020 4342 4372 4378 4348 4343 4373 4379 4349
1588 5 2 1 6020 4343 4373 4379 4349 4344 4374 4380 4350
1589 5 2 1 6020 4344 4374 4380 4350 1144 1149 1150 1145
1590 5 2 1 6020 945 950 113 112 4345 4375 2017 2011
1591 5 2 1 6020 4345 4375 2017 2011 4346 4376 2018 2012
1592 5 2 1 6020 4346 4376 2018 2012 4347 4377 2019 2013
1593 5 2 1 6020 4347 4377 2019 2013 4348 4378 2020 2014
1594 5 2 1 6020 4348 4378 2020 2014 4349 4379 2021 2015
1595 5 2 1 6020 4349 4379 2021 2015 4350 4380 2022 2016
1596 5 2 1 6020 4350 4380 2022 2016 1145 1150 168 167
1597 5 2 1 6020 98 99 951 946 1927 1933 4381 4351
1598 5 2 1 6020 1927 1933 4381 4351 1928 1934 4382 4352
1599 5 2 1 6020 1928 1934 4382 4352 1929 1935 4383 4353
1600 5 2 1 6020 1929 1935 4383 4353 1930 1936 4384 4354
1601 5 2 1 6020 1930 1936 4384 4354 1931 1937 4385 4355
1602 5 2 1 6020 1931 1937 4385 4355 1932 1938 4386 4356
1603 5 2 1 6020 1932 1938 4386 4356 153 154 1151 1146
1604 5 2 1 6020 946 951 952 947 4351 4381 4387 4357
1605 5 2 1 6020 4351 4381 4387 4357 4352 4382 4388 4358
1606 5 2 1 6020 4352 4382 4388 4358 4353 4383 4389 4359
1607 5 2 1 6020 4353 4383 4389 4359 4354 4384 4390 4360
1608 5 2 1 6020 4354 4384 4390 4360 4355 4385 4391 4361
1609 5 2 1 6020 4355 4385 4391 4361 4356 4386 4392 4362
1610 5 2 1 6020 4356 4386 4392 4362 1146 1151 1152 1147
1611 5 2 1 6020 947 952 953 948 4357 4387 4393 4363
1612 5 2 1 6020 4357 4387 4393 4363 4358 4388 4394 4364
1613 5 2 1 6020 4358 4388 4394 4364 4359 4389 4395 4365
1614 5 2 1 6020 4359 4389 4395 4365 4360 4390 4396 4366
1615 5 2 1 6020 4360 4390 4396 4366 4361 4391 4397 4367
1616 5 2 1 6020 4361 4391 4397 4367 4362 4392 4398 4368
1617 5 2 1 6020 4362 4392 4398 4368 1147 1152 1153 1148
1618 5 2 1 6020 948 953 954 949 4363 4393 4399 4369
1619 5 2 1 6020 4363 4393 4399 4369 4364 4394 4400 4370
1620 5 2 1 6020 4364 4394 4400 4370 4365 4395 4401 4371
1621 5 2 1 6020 4365 4395 4401 4371 4366 4396 4402 4372
1622 5 2 1 6020 4366 4396 4402 4372 4367 4397 4403 4373
1623 5 2 1 6020 4367 4397 4403 4373 4368 4398 4404 4374
1624 5 2 1 6020 4368 4398 4404 4374 1148 1153 1154 1149
1625 5 2 1 6020 949 954 955 950 4369 4399 4405 4375
1626 5 2 1 6020 4369 4399 4405 4375 4370 4400 4406 4376
1627 5 2 1 6020 4370 4400 4406 4376 4371 4401 4407 4377
1628 5 2 1 6020 4371 4401 4407 4377 4372 4402 4408 4378
1629 5 2 1 6020 4372 4402 4408 4378 4373 4403 4409 4379
1630 5 2 1 6020 4373 4403 4409 4379 4374 4404 4410 4380
1631 5 2 1 6020 4374 4404 4410 4380 1149 1154 1155 1150
1632 5 2 1 6020 950 955 114 113 4375 4405 2023 2017
1633 5 2 1 6020 4375 4405 2023 2017 4376 4406 2024 2018
1634 5 2 1 6020 4376 4406 2024 2018 4377 4407 2025 2019
1635 5 2 1 6020 4377 4407 2025 2019 4378 4408 2026 2020
1636 5 2 1 6020 4378 4408 2026 2020 4379 4409 2027 2021
1637 5 2 1 6020 4379 4409 2027 2021 4380 4410 2028 2022
1638 5 2 1 6020 4380 4410 2028 2022 1150 1155 169 168
1639 5 2 1 6020 99 100 956 951 1933 1939 4411 4381
1640 5 2 1 6020 1933 1939 4411 4381 1934 1940 4412 4382
1641 5 2 1 6020 1934 1940 4412 4382 1935 1941 4413 4383
1642 5 2 1 6020 1935 1941 4413 4383 1936 1942 4414 4384
1643 5 2 1 6020 1936 1942 4414 4384 1937 1943 4415 4385
1644 5 2 1 6020 1937 1943 4415 4385 1938 1944 4416 4386
1645 5 2 1 6020 1938 1944 4416 4386 154 155 1156 1151
1646 5 2 1 6020 951 956 957 952 4381 4411 4417 4387
1647 5 2 1 6020 4381 4411 4417 4387 4382 4412 4418 4388
1648 5 2 1 6020 4382 4412 4418 4388 4383 4413 4419 4389
1649 5 2 1 6020 4383 4413 4419 4389 4384 4414 4420 4390
1650 5 2 1 6020 4384 4414 4420 4390 4385 4415 4421 4391
1651 5 2 1 6020 4385 4415 4421 4391 4386 4416 4422 4392
1652 5 2 1 6020 4386 4416 4422 4392 1151 1156 1157 1152
1653 5 2 1 6020 952 957 958 953 4387 4417 4423 4393
1654 5 2 1 6020 4387 4417 4423 4393 4388 4418 4424 4394
1655 5 2 1 6020 4388 4418 4424 4394 4389 4419 4425 4395
1656 5 2 1 6020 4389 4419 4425 4395 4390 4420 4426 4396
1657 5 2 1 6020 4390 4420 4426 4396 4391 4421 4427 4397
1658 5 2 1 6020 4391 4421 4427 4397 4392 4422 4428 4398
1659 5 2 1 6020 4392 4422 4428 4398 1152 1157 1158 1153
1660 5 2 1 6020 953 958 959 954 4393 4423 4429 4399
1661 5 2 1 6020 4393 4423 4429 4399 4394 4424 4430 4400
1662 5 2 1 6020 4394 4424 4430 4400 4395 4425 4431 4401
1663 5 2 1 6020 4395 4425 4431 4401 4396 4426 4432 4402
1664 5 2 1 6020 4396 4426 4432 4402 4397 4427 4433 4403
1665 5 2 1 6020 4397 4427 4433 4403 4398 4428 4434 4404
1666 5 2 1 6020 4398 4428 4434 4404 1153 1158 1159 1154
1667 5 2 1 6020 954 959 960 955 4399 4429 4435 4405
1668 5 2 1 6020 4399 4429 4435 4405 4400 4430 4436 4406
1669 5 2 1 6020 4400 4430 4436 4406 4401 4431 4437 4407
1670 5 2 1 6020 4401 4431 4437 4407 4402 4432 4438 4408
1671 5 2 1 6020 4402 4432 4438 4408 4403 4433 4439 4409
1672 5 2 1 6020 4403 4433 4439 4409 4404 4434 4440 4410
1673 5 2 1 6020 4404 4434 4440 4410 1154 1159 1160 1155
1674 5 2 1 6020 955 960 115 114 4405 4435 2029 2023
1675 5 2 1 6020 4405 4435 2029 2023 4406 4436 2030 2024
1676 5 2 1 6020 4406 4436 2030 2024 4407 4437 2031 2025
1677 5 2 1 6020 4407 4437 2031 2025 4408 4438 2032 2026
1678 5 2 1 6020 4408 4438 2032 2026 4409 4439 2033 2027
1679 5 2 1 6020 4409 4439 2033 2027 4410 4440 2034 2028
1680 5 2 1 6020 4410 4440 2034 2028 1155 1160 170 169
1681 5 2 1 6020 100 101 961 956 1939 1945 4441 4411
1682 5 2 1 6020 1939 1945 4441 4411 1940 1946 4442 4412
1683 5 2 1 6020 1940 1946 4442 4412 1941 1947 4443 4413
1684 5 2 1 6020 1941 1947 4443 4413 1942 1948 4444 4414
1685 5 2 1 6020 1942 1948 4444 4414 1943 1949 4445 4415
1686 5 2 1 6020 1943 1949 4445 4415 1944 1950 4446 4416
1687 5 2 1 6020 1944 1950 4446 4416 155 156 1161 1156
1688 5 2 1 6020 956 961 962 957 4411 4441 4447 4417
1689 5 2 1 6020 4411 4441 4447 4417 4412 4442 4448 4418
1690 5 2 1 6020 4412 4442 4448 4418 4413 4443 4449 4419
1691 5 2 1 6020 4413 4443 4449 4419 4414 4444 4450 4420
1692 5 2 1 6020 4414 4444 4450 4420 4415 4445 4451 4421
1693 5 2 1 6020 4415 4445 4451 4421 4416 4446 4452 4422
1694 5 2 1 6020 4416 4446 4452 4422 1156 1161 1162 1157
1695 5 2 1 6020 957 962 963 958 4417 4447 4453 4423
1696 5 2 1 6020 4417 4447 4453 4423 4418 4448 4454 4424
1697 5 2 1 6020 4418 4448 4454 4424 4419 4449 4455 4425
1698 5 2 1 6020 4419 4449 4455 4425 4420 4450 4456 4426
1699 5 2 1 6020 4420 4450 4456 4426 4421 4451 4457 4427
1700 5 2 1 6020 4421 4451 4457 4427 4422 4452 4458 4428
1701 5 2 1 6020 4422 4452 4458 4428 1157 1162 1163 1158
1702 5 2 1 6020 958 963 964 959 4423 4453 4459 4429
1703 5 2 1 6020 4423 4453 4459 4429 4424 4454 4460 4430
1704 5 2 1 6020 4424 4454 4460 4430 4425 4455 4461 4431
1705 5 2 1 6020 4425 4455 4461 4431 4426 4456 4462 4432
1706 5 2 1 6020 4426 4456 4462 4432 4427 4457 4463 4433
1707 5 2 1 6020 4427 4457 4463 4433 4428 4458 4464 4434
1708 5 2 1 6020 4428 4458 4464 4434 1158 1163 1164 1159
1709 5 2 1 6020 959 964 965 960 4429 4459 4465 4435
1710 5 2 1 6020 4429 4459 4465 4435 4430 4460 4466 4436
1711 5 2 1 6020 4430 4460 4466 4436 4431 4461 4467 4437
1712 5 2 1 6020 4431 4461 4467 4437 4432 4462 4468 4438
1713 5 2 1 6020 4432 4462 4468 4438 4433 4463 4469 4439
1714 5 2 1 6020 4433 4463 4469 4439 4434 4464 4470 4440
1715 5 2 1 6020 4434 4464 4470 4440 1159 1164 1165 1160
1716 5 2 1 6020 960 965 116 115 4435 4465 2035 2029
1717 5 2 1 6020 4435 4465 2035 2029 4436 4466 2036 2030
1718 5 2 1 6020 4436 4466 2036 2030 4437 4467 2037 2031
1719 5 2 1 6020 4437 4467 2037 2031 4438 4468 2038 2032
1720 5 2 1 6020 4438 4468 2038 2032 4439 4469 2039 2033
1721 5 2 1 6020 4439 4469 2039 2033 4440 4470 2040 2034
1722 5 2 1 6020 4440 4470 2040 2034 1160 1165 171 170
1723 5 2 1 6020 101 10 322 961 1945 621 2731 4441
1724 5 2 1 6020 1945 621 2731 4441 1946 622 2732 4442
1725 5 2 1 6020 1946 622 2732 4442 1947 623 2733 4443
1726 5 2 1 6020 1947 623 2733 4443 1948 624 2734 4444
1727 5 2 1 6020 1948 624 2734 4444 1949 625 2735 4445
1728 5 2 1 6020 1949 625 2735 4445 1950 626 2736 4446
1729 5 2 1 6020 1950 626 2736 4446 156 25 382 1161
1730 5 2 1 6020 961 322 323 962 4441 2731 2737 4447
1731 5 2 1 6020 4441 2731 2737 4447 4442 2732 2738 4448
1732 5 2 1 6020 4442 2732 2738 4448 4443 2733 2739 4449
1733 5 2 1 6020 4443 2733 2739 4449 4444 2734 2740 4450
1734 5 2 1 6020 4444 2734 2740 4450 4445 2735 2741 4451
1735 5 2 1 6020 4445 2735 2741 4451 4446 2736 2742 4452
1736 5 2 1 6020 4446 2736 2742 4452 1161 382 383 1162
1737 5 2 1 6020 962 323 324 963 4447 2737 2743 4453
1738 5 2 1 6020 4447 2737 2743 4453 4448 2738 2744 4454
1739 5 2 1 6020 4448 2738 2744 4454 4449 2739 2745 4455
1740 5 2 1 6020 4449 2739 2745 4455 4450 2740 2746 4456
1741 5 2 1 6020 4450 2740 2746 4456 4451 2741 2747 4457
1742 5 2 1 6020 4451 2741 2747 4457 4452 2742 2748 4458
1743 5 2 1 6020 4452 2742 2748 4458 1162 383 384 1163
1744 5 2 1 6020 963 324 325 964 4453 2743 2749 4459
1745 5 2 1 6020 4453 2743 2749 4459 4454 2744 2750 4460
1746 5 2 1 6020 4454 2744 2750 4460 4455 2745 2751 4461
1747 5 2 1 6020 4455 2745 2751 4461 4456 2746 2752 4462
1748 5 2 1 6020 4456 2746 2752 4462 4457 2747 2753 4463
1749 5 2 1 6020 4457 2747 2753 4463 4458 2748 2754 4464
1750 5 2 1 6020 4458 2748 2754 4464 1163 384 385 1164
1751 5 2 1 6020 964 325 326 965 4459 2749 2755 4465
1752 5 2 1 6020 4459 2749 2755 4465 4460 2750 2756 4466
1753 5 2 1 6020 4460 2750 2756 4466 4461 2751 2757 4467
1754 5 2 1 6020 4461 2751 2757 4467 4462 2752 2758 4468
1755 5 2 1 6020 4462 2752 2758 4468 4463 2753 2759 4469
1756 5 2 1 6020 4463 2753 2759 4469 4464 2754 2760 4470
1757 5 2 1 6020 4464 2754 2760 4470 1164 385 386 1165
1758 5 2 1 6020 965 326 14 116 4465 2755 645 2035
1759 5 2 1 6020 4465 2755 645 2035 4466 2756 646 2036
1760 5 2 1 6020 4466 2756 646 2036 4467 2757 647 2037
1761 5 2 1 6020 4467 2757 647 2037 4468 2758 648 2038
1762 5 2 1 6020 4468 2758 648 2038 4469 2759 649 2039
1763 5 2 1 6020 4469 2759 649 2039 4470 2760 650 2040
1764 5 2 1 6020 4470 2760 650 2040 1165 386 29 171
1765 5 2 1 6021 10 102 966 322 621 1951 4471 2731
1766 5 2 1 6021 621 1951 4471 2731 622 1952 4472 2732
1767 5 2 1 6021 622 1952 4472 2732 623 1953 4473 2733
1768 5 2 1 6021 623 1953 4473 2733 624 1954 4474 2734
1769 5 2 1 6021 624 1954 4474 2734 625 1955 4475 2735
1770 5 2 1 6021 625 1955 4475 2735 626 1956 4476 2736
1771 5 2 1 6021 626 1956 4476 2736 25 157 1166 382
1772 5 2 1 6021 322 966 967 323 2731 4471 4477 2737
1773 5 2 1 6021 2731 4471 4477 2737 2732 4472 4478 2738
1774 5 2 1 6021 2732 4472 4478 2738 2733 4473 4479 2739
1775 5 2 1 6021 2733 4473 4479 2739 2734 4474 4480 2740
1776 5 2 1 6021 2734 4474 4480 2740 2735 4475 4481 2741
1777 5 2 1 6021 2735 4475 4481 2741 2736 4476 4482 2742
1778 5 2 1 6021 2736 4476 4482 2742 382 1166 1167 383
1779 5 2 1 6021 323 967 968 324 2737 4477 4483 2743
1780 5 2 1 6021 2737 4477 4483 2743 2738 4478 4484 2744
1781 5 2 1 6021 2738 4478 4484 2744 2739 4479 4485 2745
1782 5 2 1 6021 2739 4479 4485 2745 2740 4480 4486 2746
1783 5 2 1 6021 2740 4480 4486 2746 2741 4481 4487 2747
1784 5 2 1 6021 2741 4481 4487 2747 2742 4482 4488 2748
1785 5 2 1 6021 2742 4482 4488 2748 383 1167 1168 384
1786 5 2 1 6021 324 968 969 325 2743 4483 4489 2749
1787 5 2 1 6021 2743 4483 4489 2749 2744 4484 4490 2750
1788 5 2 1 6021 2744 4484 4490 2750 2745 4485 4491 2751
1789 5 2 1 6021 2745 4485 4491 2751 2746 4486 4492 2752
1790 5 2 1 6021 2746 4486 4492 2752 2747 4487 4493 2753
1791 5 2 1 6021 2747 4487 4493 2753 2748 4488 4494 2754
1792 5 2 1 6021 2748 4488 4494 2754 384 1168 1169 385
1793 5 2 1 6021 325 969 970 326 2749 4489 4495 2755
1794 5 2 1 6021 2749 4489 4495 2755 2750 4490 4496 2756
1795 5 2 1 6021 2750 4490 4496 2756 2751 4491 4497 2757
1796 5 2 1 6021 2751 4491 4497 2757 2752 4492 4498 2758
1797 5 2 1 6021 2752 4492 4498 2758 2753 4493 4499 2759
1798 5 2 1 6021 2753 4493 4499 2759 2754 4494 4500 2760
1799 5 2 1 6021 2754 4494 4500 2760 385 1169 1170 386
1800 5 2 1 6021 326 970 117 14 2755 4495 2041 645
1801 5 2 1 6021 2755 4495 2041 645 2756 4496 2042 646
1802 5 2 1 6021 2756 4496 2042 646 2757 4497 2043 647
1803 5 2 1 6021 2757 4497 2043 647 2758 4498 2044 648
1804 5 2 1 6021 2758 4498 2044 648 2759 4499 2045 649
1805 5 2 1 6021 2759 4499 2045 649 2760 4500 2046 650
1806 5 2 1 6021 2760 4500 2046 650 386 1170 172 29
1807 5 2 1 6021 102 103 971 966 1951 1957 4501 4471
1808 5 2 1 6021 1951 1957 4501 4471 1952 1958 4502 4472
1809 5 2 1 6021 1952 1958 4502 4472 1953 1959 4503 4473
1810 5 2 1 6021 1953 1959 4503 4473 1954 1960 4504 4474
1811 5 2 1 6021 1954 1960 4504 4474 1955 1961 4505 4475
1812 5 2 1 6021 1955 1961 4505 4475 1956 1962 4506 4476
1813 5 2 1 6021 1956 1962 4506 4476 157 158 1171 1166
1814 5 2 1 6021 966 971 972 967 4471 4501 4507 4477
1815 5 2 1 6021 4471 4501 4507 4477 4472 4502 4508 4478
1816 5 2 1 6021 4472 4502 4508 4478 4473 4503 4509 4479
1817 5 2 1 6021 4473 4503 4509 4479 4474 4504 4510 4480
1818 5 2 1 6021 4474 4504 4510 4480 4475 4505 4511 4481
1819 5 2 1 6021 4475 4505 4511 4481 4476 4506 4512 4482
1820 5 2 1 6021 4476 4506 4512 4482 1166 1171 1172 1167
1821 5 2 1 6021 967 972 973 968 4477 4507 4513 4483
1822 5 2 1 6021 4477 4507 4513 4483 4478 4508 4514 4484
1823 5 2 1 6021 4478 4508 4514 4484 4479 4509 4515 4485
1824 5 2 1 6021 4479 4509 4515 4485 4480 4510 4516 4486
1825 5 2 1 6021 4480 4510 4516 4486 4481 4511 4517 4487
1826 5 2 1 6021 4481 4511 4517 4487 4482 4512 4518 4488
1827 5 2 1 6021 4482 4512 4518 4488 1167 1172 1173 1168
1828 5 2 1 6021 968 973 974 969 4483 4513 4519 4489
1829 5 2 1 6021 4483 4513 4519 4489 4484 4514 4520 4490
1830 5 2 1 6021 4484 4514 4520 4490 4485 4515 4521 4491
1831 5 2 1 6021 4485 4515 4521 4491 4486 4516 4522 4492
1832 5 2 1 6021 4486 4516 4522 4492 4487 4517 4523 4493
1833 5 2 1 6021 4487 4517 4523 4493 4488 4518 4524 4494
1834 5 2 1 6021 4488 4518 4524 4494 1168 1173 1174 1169
1835 5 2 1 6021 969 974 975 970 4489 4519 4525 4495
1836 5 2 1 6021 4489 4519 4525 4495 4490 4520 4526 4496
1837 5 2 1 6021 4490 4520 4526 4496 4491 4521 4527 4497
1838 5 2 1 6021 4491 4521 4527 4497 4492 4522 4528 4498
1839 5 2 1 6021 4492 4522 4528 4498 4493 4523 4529 4499
1840 5 2 1 6021 4493 4523 4529 4499 4494 4524 4530 4500
1841 5 2 1 6021 4494 4524 4530 4500 1169 1174 1175 1170
1842 5 2 1 6021 970 975 118 117 4495 4525 2047 2041
1843 5 2 1 6021 4495 4525 2047 2041 4496 4526 2048 2042
1844 5 2 1 6021 4496 4526 2048 2042 4497 4527 2049 2043
1845 5 2 1 6021 4497 4527 2049 2043 4498 4528 2050 2044
1846 5 2 1 6021 4498 4528 2050 2044 4499 4529 2051 2045
1847 5 2 1 6021 4499 4529 2051 2045 4500 4530 2052 2046
1848 5 2 1 6021 4500 4530 2052 2046 1170 1175 173 172
1849 5 2 1 6021 103 104 976 971 1957 1963 4531 4501
1850 5 2 1 6021 1957 1963 4531 4501 1958 1964 4532 4502
1851 5 2 1 6021 1958 1964 4532 4502 1959 1965 4533 4503
1852 5 2 1 6021 1959 1965 4533 4503 1960 1966 4534 4504
1853 5 2 1 6021 1960 1966 4534 4504 1961 1967 4535 4505
1854 5 2 1 6021 1961 1967 4535 4505 1962 1968 4536 4506
1855 5 2 1 6021 1962 1968 4536 4506 158 159 1176 1171
1856 5 2 1 6021 971 976 977 972 4501 4531 4537 4507
1857 5 2 1 6021 4501 4531 4537 4507 4502 4532 4538 4508
1858 5 2 1 6021 4502 4532 4538 4508 4503 4533 4539 4509
1859 5 2 1 6021 4503 4533 4539 4509 4504 4534 4540 4510
1860 5 2 1 6021 4504 4534 4540 4510 4505 4535 4541 4511
1861 5 2 1 6021 4505 4535 4541 4511 4506 4536 4542 4512
1862 5 2 1 6021 4506 4536 4542 4512 1171 1176 1177 1172
1863 5 2 1 6021 972 977 978 973 4507 4537 4543 4513
1864 5 2 1 6021 4507 4537 4543 4513 4508 4538 4544 4514
1865 5 2 1 6021 4508 4538 4544 4514 4509 4539 4545 4515
1866 5 2 1 6021 4509 4539 4545 4515 4510 4540 4546 4516
1867 5 2 1 6021 4510 4540 4546 4516 4511 4541 4547 4517
1868 5 2 1 6021 4511 4541 4547 4517 4512 4542 4548 4518
1869 5 2 1 6021 4512 4542 4548 4518 1172 1177 1178 1173
1870 5 2 1 6021 973 978 979 974 4513 4543 4549 4519
1871 5 2 1 6021 4513 4543 4549 4519 4514 4544 4550 4520
1872 5 2 1 6021 4514 4544 4550 4520 4515 4545 4551 4521
1873 5 2 1 6021 4515 4545 4551 4521 4516 4546 4552 4522
1874 5 2 1 6021 4516 4546 4552 4522 4517 4547 4553 4523
1875 5 2 1 6021 4517 4547 4553 4523 4518 4548 4554 4524
1876 5 2 1 6021 4518 4548 4554 4524 1173 1178 1179 1174
1877 5 2 1 6021 974 979 980 975 4519 4549 4555 4525
1878 5 2 1 6021 4519 4549 4555 4525 4520 4550 4556 4526
1879 5 2 1 6021 4520 4550 4556 4526 4521 4551 4557 4527
1880 5 2 1 6021 4521 4551 4557 4527 4522 4552 4558 4528
1881 5 2 1 6021 4522 4552 4558 4528 4523 4553 4559 4529
1882 5 2 1 6021 4523 4553 4559 4529 4524 4554 4560 4530
1883 5 2 1 6021 4524 4554 4560 4530 1174 1179 1180 1175
1884 5 2 1 6021 975 980 119 118 4525 4555 2053 2047
1885 5 2 1 6021 4525 4555 2053 2047 4526 4556 2054 2048
1886 5 2 1 6021 4526 4556 2054 2048 4527 4557 2055 2049
1887 5 2 1 6021 4527 4557 2055 2049 4528 4558 2056 2050
1888 5 2 1 6021 4528 4558 2056 2050 4529 4559 2057 2051
1889 5 2 1 6021 4529 4559 2057 2051 4530 4560 2058 2052
1890 5 2 1 6021 4530 4560 2058 2052 1175 1180 174 173
1891 5 2 1 6021 104 105 981 976 1963 1969 4561 4531
1892 5 2 1 6021 1963 1969 4561 4531 1964 1970 4562 4532
1893 5 2 1 6021 1964 1970 4562 4532 1965 1971 4563 4533
1894 5 2 1 6021 1965 1971 4563 4533 1966 1972 4564 4534
1895 5 2 1 6021 1966 1972 4564 4534 1967 1973 4565 4535
1896 5 2 1 6021 1967 1973 4565 4535 1968 1974 4566 4536
1897 5 2 1 6021 1968 1974 4566 4536 159 160 1181 1176
1898 5 2 1 6021 976 981 982 977 4531 4561 4567 4537
1899 5 2 1 6021 4531 4561 4567 4537 4532 4562 4568 4538
1900 5 2 1 6021 4532 4562 4568 4538 4533 4563 4569 4539
1901 5 2 1 6021 4533 4563 4569 4539 4534 4564 4570 4540
1902 5 2 1 6021 4534 4564 4570 4540 4535 4565 4571 4541
1903 5 2 1 6021 4535 4565 4571 4541 4536 4566 4572 4542
1904 5 2 1 6021 4536 4566 4572 4542 1176 1181 1182 1177
1905 5 2 1 6021 977 982 983 978 4537 4567 4573 4543
1906 5 2 1 6021 4537 4567 4573 4543 4538 4568 4574 4544
1907 5 2 1 6021 4538 4568 4574 4544 4539 4569 4575 4545
1908 5 2 1 6021 4539 4569 4575 4545 4540 4570 4576 4546
1909 5 2 1 6021 4540 4570 4576 4546 4541 4571 4577 4547
1910 5 2 1 6021 4541 4571 4577 4547 4542 4572 4578 4548
1911 5 2 1 6021 4542 4572 4578 4548 1177 1182 1183 1178
1912 5 2 1 6021 978 983 984 979 4543 4573 4579 4549
1913 5 2 1 6021 4543 4573 4579 4549 4544 4574 4580 4550
1914 5 2 1 6021 4544 4574 4580 4550 4545 4575 4581 4551
1915 5 2 1 6021 4545 4575 4581 4551 4546 4576 4582 4552
1916 5 2 1 6021 4546 4576 4582 4552 4547 4577 4583 4553
1917 5 2 1 6021 4547 4577 4583 4553 4548 4578 4584 4554
1918 5 2 1 6021 4548 4578 4584 4554 1178 1183 1184 1179
1919 5 2 1 6021 979 984 985 980 4549 4579 4585 4555
1920 5 2 1 6021 4549 4579 4585 4555 4550 4580 4586 4556
1921 5 2 1 6021 4550 4580 4586 4556 4551 4581 4587 4557
1922 5 2 1 6021 4551 4581 4587 4557 4552 4582 4588 4558
1923 5 2 1 6021 4552 4582 4588 4558 4553 4583 4589 4559
1924 5 2 1 6021 4553 4583 4589 4559 4554 4584 4590 4560
1925 5 2 1 6021 4554 4584 4590 4560 1179 1184 1185 1180
1926 5 2 1 6021 980 985 120 119 4555 4585 2059 2053
1927 5 2 1 6021 4555 4585 2059 2053 4556 4586 2060 2054
1928 5 2 1 6021 4556 4586 2060 2054 4557 4587 2061 2055
1929 5 2 1 6021 4557 4587 2061 2055 4558 4588 2062 2056
1930 5 2 1 6021 4558 4588 2062 2056 4559 4589 2063 2057
1931 5 2 1 6021 4559 4589 2063 2057 4560 4590 2064 2058
1932 5 2 1 6021 4560 4590 2064 2058 1180 1185 175 174
1933 5 2 1 6021 105 106 986 981 1969 1975 4591 4561
1934 5 2 1 6021 1969 1975 4591 4561 1970 1976 4592 4562
1935 5 2 1 6021 1970 1976 4592 4562 1971 1977 4593 4563
1936 5 2 1 6021 1971 1977 4593 4563 1972 1978 4594 4564
1937 5 2 1 6021 1972 1978 4594 4564 1973 1979 4595 4565
1938 5 2 1 6021 1973 1979 4595 4565 1974 1980 4596 4566
1939 5 2 1 6021 1974 1980 4596 4566 160 161 1186 1181
1940 5 2 1 6021 981 986 987 982 4561 4591 4597 4567
1941 5 2 1 6021 4561 4591 4597 4567 4562 4592 4598 4568
1942 5 2 1 6021 4562 4592 4598 4568 4563 4593 4599 4569
1943 5 2 1 6021 4563 4593 4599 4569 4564 4594 4600 4570
1944 5 2 1 6021 4564 4594 4600 4570 4565 4595 4601 4571
1945 5 2 1 6021 4565 4595 4601 4571 4566 4596 4602 4572
1946 5 2 1 6021 4566 4596 4602 4572 1181 1186 1187 1182
1947 5 2 1 6021 982 987 988 983 4567 4597 4603 4573
1948 5 2 1 6021 4567 4597 4603 4573 4568 4598 4604 4574
1949 5 2 1 6021 4568 4598 4604 4574 4569 4599 4605 4575
1950 5 2 1 6021 4569 4599 4605 4575 4570 4600 4606 4576
1951 5 2 1 6021 4570 4600 4606 4576 4571 4601 4607 4577
1952 5 2 1 6021 4571 4601 4607 4577 4572 4602 4608 4578
1953 5 2 1 6021 4572 4602 4608 4578 1182 1187 1188 1183
1954 5 2 1 6021 983 988 989 984 4573 4603 4609 4579
1955 5 2 1 6021 4573 4603 4609 4579 4574 4604 4610 4580
1956 5 2 1 6021 4574 4604 4610 4580 4575 4605 4611 4581
1957 5 2 1 6021 4575 4605 4611 4581 4576 4606 4612 4582
1958 5 2 1 6021 4576 4606 4612 4582 4577 4607 4613 4583
1959 5 2 1 6021 4577 4607 4613 4583 4578 4608 4614 4584
1960 5 2 1 6021 4578 4608 4614 4584 1183 1188 1189 1184
1961 5 2 1 6021 984 989 990 985 4579 4609 4615 4585
1962 5 2 1 6021 4579 4609 4615 4585 4580 4610 4616 4586
1963 5 2 1 6021 4580 4610 4616 4586 4581 4611 4617 4587
1964 5 2 1 6021 4581 4611 4617 4587 4582 4612 4618 4588
1965 5 2 1 6021 4582 4612 4618 4588 4583 4613 4619 4589
1966 5 2 1 6021 4583 4613 4619 4589 4584 4614 4620 4590
1967 5 2 1 6021 4584 4614 4620 4590 1184 1189 1190 1185
1968 5 2 1 6021 985 990 121 120 4585 4615 2065 2059
1969 5 2 1 6021 4585 4615 2065 2059 4586 4616 2066 2060
1970 5 2 1 6021 4586 4616 2066 2060 4587 4617 2067 2061
1971 5 2 1 6021 4587 4617 2067 2061 4588 4618 2068 2062
1972 5 2 1 6021 4588 4618 2068 2062 4589 4619 2069 2063
1973 5 2 1 6021 4589 4619 2069 2063 4590 4620 2070 2064
1974 5 2 1 6021 4590 4620 2070 2064 1185 1190 176 175
1975 5 2 1 6021 106 11 337 986 1975 627 2821 4591
1976 5 2 1 6021 1975 627 2821 4591 1976 628 2822 4592
1977 5 2 1 6021 1976 628 2822 4592 1977 629 2823 4593
1978 5 2 1 6021 1977 629 2823 4593 1978 630 2824 4594
1979 5 2 1 6021 1978 630 2824 4594 1979 631 2825 4595
1980 5 2 1 6021 1979 631 2825 4595 1980 632 2826 4596
1981 5 2 1 6021 1980 632 2826 4596 161 26 397 1186
1982 5 2 1 6021 986 337 338 987 4591 2821 2827 4597
1983 5 2 1 6021 4591 2821 2827 4597 4592 2822 2828 4598
1984 5 2 1 6021 4592 2822 2828 4598 4593 2823 2829 4599
1985 5 2 1 6021 4593 2823 2829 4599 4594 2824 2830 4600
1986 5 2 1 6021 4594 2824 2830 4600 4595 2825 2831 4601
1987 5 2 1 6021 4595 2825 2831 4601 4596 2826 2832 4602
1988 5 2 1 6021 4596 2826 2832 4602 1186 397 398 1187
1989 5 2 1 6021 987 338 339 988 4597 2827 2833 4603
1990 5 2 1 6021 4597 2827 2833 4603 4598 2828 2834 4604
1991 5 2 1 6021 4598 2828 2834 4604 4599 2829 2835 4605
1992 5 2 1 6021 4599 2829 2835 4605 4600 2830 2836 4606
1993 5 2 1 6021 4600 2830 2836 4606 4601 2831 2837 4607
1994 5 2 1 6021 4601 2831 2837 4607 4602 2832 2838 4608
1995 5 2 1 6021 4602 2832 2838 4608 1187 398 399 1188
1996 5 2 1 6021 988 339 340 989 4603 2833 2839 4609
1997 5 2 1 6021 4603 2833 2839 4609 4604 2834 2840 4610
1998 5 2 1 6021 4604 2834 2840 4610 4605 2835 2841 4611
1999 5 2 1 6021 4605 2835 2841 4611 4606 2836 2842 4612
2000 5 2 1 6021 4606 2836 2842 4612 4607 2837 2843 4613
2001 5 2 1 6021 4607 2837 2843 4613 4608 2838 2844 4614
2002 5 2 1 6021 4608 2838 2844 4614 1188 399 400 1189
2003 5 2 1 6021 989 340 341 990 4609 2839 2845 4615
2004 5 2 1 6021 4609 2839 2845 4615 4610 2840 2846 4616
2005 5 2 1 6021 4610 2840 2846 4616 4611 2841 2847 4617
2006 5 2 1 6021 4611 2841 2847 4617 4612 2842 2848 4618
2007 5 2 1 6021 4612 2842 2848 4618 4613 2843 2849 4619
2008 5 2 1 6021 4613 2843 2849 4619 4614 2844 2850 4620
2009 5 2 1 6021 4614 2844 2850 4620 1189 400 401 1190
2010 5 2 1 6021 990 341 15 121 4615 2845 651 2065
2011 5 2 1 6021 4615 2845 651 2065 4616 2846 652 2066
2012 5 2 1 6021 4616 2846 652 2066 4617 2847 653 2067
2013 5 2 1 6021 4617 2847 653 2067 4618 2848 654 2068
2014 5 2 1 6021 4618 2848 654 2068 4619 2849 655 2069
2015 5 2 1 6021 4619 2849 655 2069 4620 2850 656 2070
2016 5 2 1 6021 4620 2850 656 2070 1190 401 30 176
2017 5 2 1 6022 11 107 991 337 627 1981 4621 2821
2018 5 2 1 6022 627 1981 4621 2821 628 1982 4622 2822
2019 5 2 1 6022 628 1982 4622 2822 629 1983 4623 2823
2020 5 2 1 6022 629 1983 4623 2823 630 1984 4624 2824
2021 5 2 1 6022 630 1984 4624 2824 631 1985 4625 2825
2022 5 2 1 6022 631 1985 4625 2825 632 1986 4626 2826
2023 5 2 1 6022 632 1986 4626 2826 26 162 1191 397
2024 5 2 1 6022 337 991 992 338 2821 4621 4627 2827
2025 5 2 1 6022 2821 4621 4627 2827 2822 4622 4628 2828
2026 5 2 1 6022 2822 4622 4628 2828 2823 4623 4629 2829
2027 5 2 1 6022 2823 4623 4629 2829 2824 4624 4630 2830
2028 5 2 1 6022 2824 4624 4630 2830 2825 4625 4631 2831
2029 5 2 1 6022 2825 4625 4631 2831 2826 4626 4632 2832
2030 5 2 1 6022 2826 4626 4632 2832 397 1191 1192 398
2031 5 2 1 6022 338 992 993 339 2827 4627 4633 2833
2032 5 2 1 6022 2827 4627 4633 2833 2828 4628 4634 2834
2033 5 2 1 6022 2828 4628 4634 2834 2829 4629 4635 2835
2034 5 2 1 6022 2829 4629 4635 2835 2830 4630 4636 2836
2035 5 2 1 6022 2830 4630 4636 2836 2831 4631 4637 2837
2036 5 2 1 6022 2831 4631 4637 2837 2832 4632 4638 2838
2037 5 2 1 6022 2832 4632 4638 2838 398 1192 1193 399
2038 5 2 1 6022 339 993 994 340 2833 4633 4639 2839
2039 5 2 1 6022 2833 4633 4639 2839 2834 4634 4640 2840
2040 5 2 1 6022 2834 4634 4640 2840 2835 4635 4641 2841
2041 5 2 1 6022 2835 4635 4641 2841 2836 4636 4642 2842
2042 5 2 1 6022 2836 4636 4642 2842 2837 4637 4643 2843
2043 5 2 1 6022 2837 4637 4643 2843 2838 4638 4644 2844
2044 5 2 1 6022 2838 4638 4644 2844 399 1193 1194 400
2045 5 2 1 6022 340 994 995 341 2839 4639 4645 2845
2046 5 2 1 6022 2839 4639 4645 2845 2840 4640 4646 2846
2047 5 2 1 6022 2840 4640 4646 2846 2841 4641 4647 2847
2048 5 2 1 6022 2841 4641 4647 2847 2842 4642 4648 2848
2049 5 2 1 6022 2842 4642 4648 2848 2843 4643 4649 2849
2050 5 2 1 6022 2843 4643 4649 2849 2844 4644 4650 2850
2051 5 2 1 6022 2844 4644 4650 2850 400 1194 1195 401
2052 5 2 1 6022 341 995 122 15 2845 4645 2071 651
2053 5 2 1 6022 2845 4645 2071 651 2846 4646 2072 652
2054 5 2 1 6022 2846 4646 2072 652 2847 4647 2073 653
2055 5 2 1 6022 2847 4647 2073 653 2848 4648 2074 654
2056 5 2 1 6022 2848 4648 2074 654 2849 4649 2075 655
2057 5 2 1 6022 2849 4649 2075 655 2850 4650 2076 656
2058 5 2 1 6022 2850 4650 2076 656 401 1195 177 30
2059 5 2 1 6022 107 108 996 991 1981 1987 4651 4621
2060 5 2 1 6022 1981 1987 4651 4621 1982 1988 4652 4622
2061 5 2 1 6022 1982 1988 4652 4622 1983 1989 4653 4623
2062 5 2 1 6022 1983 1989 4653 4623 1984 1990 4654 4624
2063 5 2 1 6022 1984 1990 4654 4624 1985 1991 4655 4625
2064 5 2 1 6022 1985 1991 4655 4625 1986 1992 4656 4626
2065 5 2 1 6022 1986 1992 4656 4626 162 163 1196 1191
2066 5 2 1 6022 991 996 997 992 4621 4651 4657 4627
2067 5 2 1 6022 4621 4651 4657 4627 4622 4652 4658 4628
2068 5 2 1 6022 4622 4652 4658 4628 4623 4653 4659 4629
2069 5 2 1 6022 4623 4653 4659 4629 4624 4654 4660 4630
2070 5 2 1 6022 4624 4654 4660 4630 4625 4655 4661 4631
2071 5 2 1 6022 4625 4655 4661 4631 4626 4656 4662 4632
2072 5 2 1 6022 4626 4656 4662 4632 1191 1196 1197 1192
2073 5 2 1 6022 992 997 998 993 4627 4657 4663 4633
2074 5 2 1 6022 4627 4657 4663 4633 4628 4658 4664 4634
2075 5 2 1 6022 4628 4658 4664 4634 4629 4659 4665 4635
2076 5 2 1 6022 4629 4659 4665 4635 4630 4660 4666 4636
2077 5 2 1 6022 4630 4660 4666 4636 4631 4661 4667 4637
2078 5 2 1 6022 4631 4661 4667 4637 4632 4662 4668 4638
2079 5 2 1 6022 4632 4662 4668 4638 1192 1197 1198 1193
2080 5 2 1 6022 993 998 999 994 4633 4663 4669 4639
2081 5 2 1 6022 4633 4663 4669 4639 4634 4664 4670 4640
2082 5 2 1 6022 4634 4664 4670 4640 4635 4665 4671 4641
2083 5 2 1 6022 4635 4665 4671 4641 4636 4666 4672 4642
2084 5 2 1 6022 4636 4666 4672 4642 4637 4667 4673 4643
2085 5 2 1 6022 4637 4667 4673 4643 4638 4668 4674 4644
2086 5 2 1 6022 4638 4668 4674 4644 1193 1198 1199 1194
2087 5 2 1 6022 994 999 1000 995 4639 4669 4675 4645
2088 5 2 1 6022 4639 4669 4675 4645 4640 4670 4676 4646
2089 5 2 1 6022 4640 4670 4676 4646 4641 4671 4677 4647
2090 5 2 1 6022 4641 4671 4677 4647 4642 4672 4678 4648
2091 5 2 1 6022 4642 4672 4678 4648 4643 4673 4679 4649
2092 5 2 1 6022 4643 4673 4679 4649 4644 4674 4680 4650
2093 5 2 1 6022 4644 4674 4680 4650 1194 1199 1200 1195
2094 5 2 1 6022 995 1000 123 122 4645 4675 2077 2071
2095 5 2 1 6022 4645 4675 2077 2071 4646 4676 2078 2072
2096 5 2 1 6022 4646 4676 2078 2072 4647 4677 2079 2073
2097 5 2 1 6022 4647 4677 2079 2073 4648 4678 2080 2074
2098 5 2 1 6022 4648 4678 2080 2074 4649 4679 2081 2075
2099 5 2 1 6022 4649 4679 2081 2075 4650 4680 2082 2076
2100 5 2 1 6022 4650 4680 2082 2076 1195 1200 178 177
2101 5 2 1 6022 108 109 1001 996 1987 1993 4681 4651
2102 5 2 1 6022 1987 1993 4681 4651 1988 1994 4682 4652
2103 5 2 1 6022 1988 1994 4682 4652 1989 1995 4683 4653
2104 5 2 1 6022 1989 1995 4683 4653 1990 1996 4684 4654
2105 5 2 1 6022 1990 1996 4684 4654 1991 1997 4685 4655
2106 5 2 1 6022 1991 1997 4685 4655 1992 1998 4686 4656
2107 5 2 1 6022 1992 1998 4686 4656 163 164 1201 1196
2108 5 2 1 6022 996 1001 1002 997 4651 4681 4687 4657
2109 5 2 1 6022 4651 4681 4687 4657 4652 4682 4688 4658
2110 5 2 1 6022 4652 4682 4688 4658 4653 4683 4689 4659
2111 5 2 1 6022 4653 4683 4689 4659 4654 4684 4690 4660
2112 5 2 1 6022 4654 4684 4690 4660 4655 4685 4691 4661
2113 5 2 1 6022 4655 4685 4691 4661 4656 4686 4692 4662
2114 5 2 1 6022 4656 4686 4692 4662 1196 1201 1202 1197
2115 5 2 1 6022 997 1002 1003 998 4657 4687 4693 4663
2116 5 2 1 6022 4657 4687 4693 4663 4658 4688 4694 4664
2117 5 2 1 6022 4658 4688 4694 4664 4659 4689 4695 4665
2118 5 2 1 6022 4659 4689 4695 4665 4660 4690 4696 4666
2119 5 2 1 6022 4660 4690 4696 4666 4661 4691 4697 4667
2120 5 2 1 6022 4661 4691 4697 4667 4662 4692 4698 4668
2121 5 2 1 6022 4662 4692 4698 4668 1197 1202 1203 1198
2122 5 2 1 6022 998 1003 1004 999 4663 4693 4699 4669
2123 5 2 1 6022 4663 4693 4699 4669 4664 4694 4700 4670
2124 5 2 1 6022 4664 4694 4700 4670 4665 4695 4701 4671
2125 5 2 1 6022 4665 4695 4701 4671 4666 4696 4702 4672
2126 5 2 1 6022 4666 4696 4702 4672 4667 4697 4703 4673
2127 5 2 1 6022 4667 4697 4703 4673 4668 4698 4704 4674
2128 5 2 1 6022 4668 4698 4704 4674 1198 1203 1204 1199
2129 5 2 1 6022 999 1004 1005 1000 4669 4699 4705 4675
2130 5 2 1 6022 4669 4699 4705 4675 4670 4700 4706 4676
2131 5 2 1 6022 4670 4700 4706 4676 4671 4701 4707 4677
2132 5 2 1 6022 4671 4701 4707 4677 4672 4702 4708 4678
2133 5 2 1 6022 4672 4702 4708 4678 4673 4703 4709 4679
2134 5 2 1 6022 4673 4703 4709 4679 4674 4704 4710 4680
2135 5 2 1 6022 4674 4704 4710 4680 1199 1204 1205 1200
2136 5 2 1 6022 1000 1005 124 123 4675 4705 2083 2077
2137 5 2 1 6022 4675 4705 2083 2077 4676 4706 2084 2078
2138 5 2 1 6022 4676 4706 2084 2078 4677 4707 2085 2079
2139 5 2 1 6022 4677 4707 2085 2079 4678 4708 2086 2080
2140 5 2 1 6022 4678 4708 2086 2080 4679 4709 2087 2081
2141 5 2 1 6022 4679 4709 2087 2081 4680 4710 2088 2082
2142 5 2 1 6022 4680 4710 2088 2082 1200 1205 179 178
2143 5 2 1 6022 109 110 1006 1001 1993 1999 4711 4681
2144 5 2 1 6022 1993 1999 4711 4681 1994 2000 4712 4682
2145 5 2 1 6022 1994 2000 4712 4682 1995 2001 4713 4683
2146 5 2 1 6022 1995 2001 4713 4683 1996 2002 4714 4684
2147 5 2 1 6022 1996 2002 4714 4684 1997 2003 4715 4685
2148 5 2 1 6022 1997 2003 4715 4685 1998 2004 4716 4686
2149 5 2 1 6022 1998 2004 4716 4686 164 165 1206 1201
2150 5 2 1 6022 1001 1006 1007 1002 4681 4711 4717 4687
2151 5 2 1 6022 4681 4711 4717 4687 4682 4712 4718 4688
2152 5 2 1 6022 4682 4712 4718 4688 4683 4713 4719 4689
2153 5 2 1 6022 4683 4713 4719 4689 4684 4714 4720 4690
2154 5 2 1 6022 4684 4714 4720 4690 4685 4715 4721 4691
2155 5 2 1 6022 4685 4715 4721 4691 4686 4716 4722 4692
2156 5 2 1 6022 4686 4716 4722 4692 1201 1206 1207 1202
2157 5 2 1 6022 1002 1007 1008 1003 4687 4717 4723 4693
2158 5 2 1 6022 4687 4717 4723 4693 4688 4718 4724 4694
2159 5 2 1 6022 4688 4718 4724 4694 4689 4719 4725 4695
2160 5 2 1 6022 4689 4719 4725 4695 4690 4720 4726 4696
2161 5 2 1 6022 4690 4720 4726 4696 4691 4721 4727 4697
2162 5 2 1 6022 4691 4721 4727 4697 4692 4722 4728 4698
2163 5 2 1 6022 4692 4722 4728 4698 1202 1207 1208 1203
2164 5 2 1 6022 1003 1008 1009 1004 4693 4723 4729 4699
2165 5 2 1 6022 4693 4723 4729 4699 4694 4724 4730 4700
2166 5 2 1 6022 4694 4724 4730 4700 4695 4725 4731 4701
2167 5 2 1 6022 4695 4725 4731 4701 4696 4726 4732 4702
2168 5 2 1 6022 4696 4726 4732 4702 4697 4727 4733 4703
2169 5 2 1 6022 4697 4727 4733 4703 4698 4728 4734 4704
2170 5 2 1 6022 4698 4728 4734 4704 1203 1208 1209 1204
2171 5 2 1 6022 1004 1009 1010 1005 4699 4729 4735 4705
2172 5 2 1 6022 4699 4729 4735 4705 4700 4730 4736 4706
2173 5 2 1 6022 4700 4730 4736 4706 4701 4731 4737 4707
2174 5 2 1 6022 4701 4731 4737 4707 4702 4732 4738 4708
2175 5 2 1 6022 4702 4732 4738 4708 4703 4733 4739 4709
2176 5 2 1 6022 4703 4733 4739 4709 4704 4734 4740 4710
2177 5 2 1 6022 4704 4734 4740 4710 1204 1209 1210 1205
2178 5 2 1 6022 1005 1010 125 124 4705 4735 2089 2083
2179 5 2 1 6022 4705 4735 2089 2083 4706 4736 2090 2084
2180 5 2 1 6022 4706 4736 2090 2084 4707 4737 2091 2085
2181 5 2 1 6022 4707 4737 2091 2085 4708 4738 2092 2086
2182 5 2 1 6022 4708 4738 2092 2086 4709 4739 2093 2087
2183 5 2 1 6022 4709 4739 2093 2087 4710 4740 2094 2088
2184 5 2 1 6022 4710 4740 2094 2088 1205 1210 180 179
2185 5 2 1 6022 110 111 1011 1006 1999 2005 4741 4711
2186 5 2 1 6022 1999 2005 4741 4711 2000 2006 4742 4712
2187 5 2 1 6022 2000 2006 4742 4712 2001 2007 4743 4713
2188 5 2 1 6022 2001 2007 4743 4713 2002 2008 4744 4714
2189 5 2 1 6022 2002 2008 4744 4714 2003 2009 4745 4715
2190 5 2 1 6022 2003 2009 4745 4715 2004 2010 4746 4716
2191 5 2 1 6022 2004 2010 4746 4716 165 166 1211 1206
2192 5 2 1 6022 1006 1011 1012 1007 4711 4741 4747 4717
2193 5 2 1 6022 4711 4741 4747 4717 4712 4742 4748 4718
2194 5 2 1 6022 4712 4742 4748 4718 4713 4743 4749 4719
2195 5 2 1 6022 4713 4743 4749 4719 4714 4744 4750 4720
2196 5 2 1 6022 4714 4744 4750 4720 4715 4745 4751 4721
2197 5 2 1 6022 4715 4745 4751 4721 4716 4746 4752 4722
2198 5 2 1 6022 4716 4746 4752 4722 1206 1211 1212 1207
2199 5 2 1 6022 1007 1012 1013 1008 4717 4747 4753 4723
2200 5 2 1 6022 4717 4747 4753 4723 4718 4748 4754 4724
2201 5 2 1 6022 4718 4748 4754 4724 4719 4749 4755 4725
2202 5 2 1 6022 4719 4749 4755 4725 4720 4750 4756 4726
2203 5 2 1 6022 4720 4750 4756 4726 4721 4751 4757 4727
2204 5 2 1 6022 4721 4751 4757 4727 4722 4752 4758 4728
2205 5 2 1 6022 4722 4752 4758 4728 1207 1212 1213 1208
2206 5 2 1 6022 1008 1013 1014 1009 4723 4753 4759 4729
2207 5 2 1 6022 4723 4753 4759 4729 4724 4754 4760 4730
2208 5 2 1 6022 4724 4754 4760 4730 4725 4755 4761 4731
2209 5 2 1 6022 4725 4755 4761 4731 4726 4756 4762 4732
2210 5 2 1 6022 4726 4756 4762 4732 4727 4757 4763 4733
2211 5 2 1 6022 4727 4757 4763 4733 4728 4758 4764 4734
2212 5 2 1 6022 4728 4758 4764 4734 1208 1213 1214 1209
2213 5 2 1 6022 1009 1014 1015 1010 4729 4759 4765 4735
2214 5 2 1 6022 4729 4759 4765 4735 4730 4760 4766 4736
2215 5 2 1 6022 4730 4760 4766 4736 4731 4761 4767 4737
2216 5 2 1 6022 4731 4761 4767 4737 4732 4762 4768 4738
2217 5 2 1 6022 4732 4762 4768 4738 4733 4763 4769 4739
2218 5 2 1 6022 4733 4763 4769 4739 4734 4764 4770 4740
2219 5 2 1 6022 4734 4764 4770 4740 1209 1214 1215 1210
2220 5 2 1 6022 1010 1015 126 125 4735 4765 2095 2089
2221 5 2 1 6022 4735 4765 2095 2089 4736 4766 2096 2090
2222 5 2 1 6022 4736 4766 2096 2090 4737 4767 2097 2091
2223 5 2 1 6022 4737 4767 2097 2091 4738 4768 2098 2092
2224 5 2 1 6022 4738 4768 2098 2092 4739 4769 2099 2093
2225 5 2 1 6022 4739 4769 2099 2093 4740 4770 2100 2094
2226 5 2 1 6022 4740 4770 2100 2094 1210 1215 181 180
2227 5 2 1 6022 111 12 352 1011 2005 633 2911 4741
2228 5 2 1 6022 2005 633 2911 4741 2006 634 2912 4742
2229 5 2 1 6022 2006 634 2912 4742 2007 635 2913 4743
2230 5 2 1 6022 2007 635 2913 4743 2008 636 2914 4744
2231 5 2 1 6022 2008 636 2914 4744 2009 637 2915 4745
2232 5 2 1 6022 2009 637 2915 4745 2010 638 2916 4746
2233 5 2 1 6022 2010 638 2916 4746 166 27 407 1211
2234 5 2 1 6022 1011 352 353 1012 4741 2911 2917 4747
2235 5 2 1 6022 4741 2911 2917 4747 4742 2912 2918 4748
2236 5 2 1 6022 4742 2912 2918 4748 4743 2913 2919 4749
2237 5 2 1 6022 4743 2913 2919 4749 4744 2914 2920 4750
2238 5 2 1 6022 4744 2914 2920 4750 4745 2915 2921 4751
2239 5 2 1 6022 4745 2915 2921 4751 4746 2916 2922 4752
2240 5 2 1 6022 4746 2916 2922 4752 1211 407 408 1212
2241 5 2 1 6022 1012 353 354 1013 4747 2917 2923 4753
2242 5 2 1 6022 4747 2917 2923 4753 4748 2918 2924 4754
2243 5 2 1 6022 4748 2918 2924 4754 4749 2919 2925 4755
2244 5 2 1 6022 4749 2919 2925 4755 4750 2920 2926 4756
2245 5 2 1 6022 4750 2920 2926 4756 4751 2921 2927 4757
2246 5 2 1 6022 4751 2921 2927 4757 4752 2922 2928 4758
2247 5 2 1 6022 4752 2922 2928 4758 1212 408 409 1213
2248 5 2 1 6022 1013 354 355 1014 4753 2923 2929 4759
2249 5 2 1 6022 4753 2923 2929 4759 4754 2924 2930 4760
2250 5 2 1 6022 4754 2924 2930 4760 4755 2925 2931 4761
2251 5 2 1 6022 4755 2925 2931 4761 4756 2926 2932 4762
2252 5 2 1 6022 4756 2926 2932 4762 4757 2927 2933 4763
2253 5 2 1 6022 4757 2927 2933 4763 4758 2928 2934 4764
2254 5 2 1 6022 4758 2928 2934 4764 1213 409 410 1214
2255 5 2 1 6022 1014 355 356 1015 4759 2929 2935 4765
2256 5 2 1 6022 4759 2929 2935 4765 4760 2930 2936 4766
2257 5 2 1 6022 4760 2930 2936 4766 4761 2931 2937 4767
2258 5 2 1 6022 4761 2931 2937 4767 4762 2932 2938 4768
2259 5 2 1 6022 4762 2932 2938 4768 4763 2933 2939 4769
2260 5 2 1 6022 4763 2933 2939 4769 4764 2934 2940 4770
2261 5 2 1 6022 4764 2934 2940 4770 1214 410 411 1215
2262 5 2 1 6022 1015 356 16 126 4765 2935 657 2095
2263 5 2 1 6022 4765 2935 657 2095 4766 2936 658 2096
2264 5 2 1 6022 4766 2936 658 2096 4767 2937 659 2097
2265 5 2 1 6022 4767 2937 659 2097 4768 2938 660 2098
2266 5 2 1 6022 4768 2938 660 2098 4769 2939 661 2099
2267 5 2 1 6022 4769 2939 661 2099 4770 2940 662 2100
2268 5 2 1 6022 4770 2940 662 2100 1215 411 31 181
2269 5 2 1 6100 17 127 1016 357 663 2101 4771 2941
2270 5 2 1 6100 663 2101 4771 2941 664 2102 4772 2942
2271 5 2 1 6100 664 2102 4772 2942 32 182 1266 412
2272 5 2 1 6100 357 1016 1017 358 2941 4771 4773 2943
2273 5 2 1 6100 2941 4771 4773 2943 2942 4772 4774 2944
2274 5 2 1 6100 2942 4772 4774 2944 412 1266 1267 413
2275 5 2 1 6100 358 1017 1018 359 2943 4773 4775 2945
2276 5 2 1 6100 2943 4773 4775 2945 2944 4774 4776 2946
2277 5 2 1 6100 2944 4774 4776 2946 413 1267 1268 414
2278 5 2 1 6100 359 1018 1019 360 2945 4775 4777 2947
2279 5 2 1 6100 2945 4775 4777 2947 2946 4776 4778 2948
2280 5 2 1 6100 2946 4776 4778 2948 414 1268 1269 415
2281 5 2 1 6100 360 1019 1020 361 2947 4777 4779 2949
2282 5 2 1 6100 2947 4777 4779 2949 2948 4778 4780 2950
2283 5 2 1 6100 2948 4778 4780 2950 415 1269 1270 416
2284 5 2 1 6100 361 1020 137 20 2949 4779 2131 671
2285 5 2 1 6100 2949 4779 2131 671 2950 4780 2132 672
2286 5 2 1 6100 2950 4780 2132 672 416 1270 197 36
2287 5 2 1 6100 127 128 1021 1016 2101 2103 4781 4771
2288 5 2 1 6100 2101 2103 4781 4771 2102 2104 4782 4772
2289 5 2 1 6100 2102 2104 4782 4772 182 183 1271 1266
2290 5 2 1 6100 1016 1021 1022 1017 4771 4781 4783 4773
2291 5 2 1 6100 4771 4781 4783 4773 4772 4782 4784 4774
2292 5 2 1 6100 4772 4782 4784 4774 1266 1271 1272 1267
2293 5 2 1 6100 1017 1022 1023 1018 4773 4783 4785 4775
2294 5 2 1 6100 4773 4783 4785 4775 4774 4784 4786 4776
2295 5 2 1 6100 4774 4784 4786 4776 1267 1272 1273 1268
2296 5 2 1 6100 1018 1023 1024 1019 4775 4785 4787 4777
2297 5 2 1 6100 4775 4785 4787 4777 4776 4786 4788 4778
2298 5 2 1 6100 4776 4786 4788 4778 1268 1273 1274 1269
2299 5 2 1 6100 1019 1024 1025 1020 4777 4787 4789 4779
2300 5 2 1 6100 4777 4787 4789 4779 4778 4788 4790 4780
2301 5 2 1 6100 4778 4788 4790 4780 1269 1274 1275 1270
2302 5 2 1 6100 1020 1025 138 137 4779 4789 2133 2131
2303 5 2 1 6100 4779 4789 2133 2131 4780 4790 2134 2132
2304 5 2 1 6100 4780 4790 2134 2132 1270 1275 198 197
2305 5 2 1 6100 128 129 1026 1021 2103 2105 4791 4781
2306 5 2 1 6100 2103 2105 4791 4781 2104 2106 4792 4782
2307 5 2 1 6100 2104 2106 4792 4782 183 184 1276 1271
2308 5 2 1 6100 1021 1026 1027 1022 4781 4791 4793 4783
2309 5 2 1 6100 4781 4791 4793 4783 4782 4792 4794 4784
2310 5 2 1 6100 4782 4792 4794 4784 1271 1276 1277 1272
2311 5 2 1 6100 1022 1027 1028 1023 4783 4793 4795 4785
2312 5 2 1 6100 4783 4793 4795 4785 4784 4794 4796 4786
2313 5 2 1 6100 4784 4794 4796 4786 1272 1277 1278 1273
2314 5 2 1 6100 1023 1028 1029 1024 4785 4795 4797 4787
2315 5 2 1 6100 4785 4795 4797 4787 4786 4796 4798 4788
2316 5 2 1 6100 4786 4796 4798 4788 1273 1278 1279 1274
2317 5 2 1 6100 1024 1029 1030 1025 4787 4797 4799 4789
2318 5 2 1 6100 4787 4797 4799 4789 4788 4798 4800 4790
2319 5 2 1 6100 4788 4798 4800 4790 1274 1279 1280 1275
2320 5 2 1 6100 1025 1030 139 138 4789 4799 2135 2133
2321 5 2 1 6100 4789 4799 2135 2133 4790 4800 2136 2134
2322 5 2 1 6100 4790 4800 2136 2134 1275 1280 199 198
2323 5 2 1 6100 129 130 1031 1026 2105 2107 4801 4791
2324 5 2 1 6100 2105 2107 4801 4791 2106 2108 4802 4792
2325 5 2 1 6100 2106 2108 4802 4792 184 185 1281 1276
2326 5 2 1 6100 1026 1031 1032 1027 4791 4801 4803 4793
2327 5 2 1 6100 4791 4801 4803 4793 4792 4802 4804 4794
2328 5 2 1 6100 4792 4802 4804 4794 1276 1281 1282 1277
2329 5 2 1 6100 1027 1032 1033 1028 4793 4803 4805 4795
2330 5 2 1 6100 4793 4803 4805 4795 4794 4804 4806 4796
2331 5 2 1 6100 4794 4804 4806 4796 1277 1282 1283 1278
2332 5 2 1 6100 1028 1033 1034 1029 4795 4805 4807 4797
2333 5 2 1 6100 4795 4805 4807 4797 4796 4806 4808 4798
2334 5 2 1 6100 4796 4806 4808 4798 1278 1283 1284 1279
2335 5 2 1 6100 1029 1034 1035 1030 4797 4807 4809 4799
2336 5 2 1 6100 4797 4807 4809 4799 4798 4808 4810 4800
2337 5 2 1 6100 4798 4808 4810 4800 1279 1284 1285 1280
2338 5 2 1 6100 1030 1035 140 139 4799 4809 2137 2135
2339 5 2 1 6100 4799 4809 2137 2135 4800 4810 2138 2136
2340 5 2 1 6100 4800 4810 2138 2136 1280 1285 200 199
2341 5 2 1 6100 130 131 1036 1031 2107 2109 4811 4801
2342 5 2 1 6100 2107 2109 4811 4801 2108 2110 4812 4802
2343 5 2 1 6100 2108 2110 4812 4802 185 186 1286 1281
2344 5 2 1 6100 1031 1036 1037 1032 4801 4811 4813 4803
2345 5 2 1 6100 4801 4811 4813 4803 4802 4812 4814 4804
2346 5 2 1 6100 4802 4812 4814 4804 1281 1286 1287 1282
2347 5 2 1 6100 1032 1037 1038 1033 4803 4813 4815 4805
2348 5 2 1 6100 4803 4813 4815 4805 4804 4814 4816 4806
2349 5 2 1 6100 4804 4814 4816 4806 1282 1287 1288 1283
2350 5 2 1 6100 1033 1038 1039 1034 4805 4815 4817 4807
2351 5 2 1 6100 4805 4815 4817 4807 4806 4816 4818 4808
2352 5 2 1 6100 4806 4816 4818 4808 1283 1288 1289 1284
2353 5 2 1 6100 1034 1039 1040 1035 4807 4817 4819 4809
2354 5 2 1 6100 4807 4817 4819 4809 4808 4818 4820 4810
2355 5 2 1 6100 4808 4818 4820 4810 1284 1289 1290 1285
2356 5 2 1 6100 1035 1040 141 140 4809 4819 2139 2137
2357 5 2 1 6100 4809 4819 2139 2137 4810 4820 2140 2138
2358 5 2 1 6100 4810 4820 2140 2138 1285 1290 201 200
2359 5 2 1 6100 131 18 372 1036 2109 665 2971 4811
2360 5 2 1 6100 2109 665 2971 4811 2110 666 2972 4812
2361 5 2 1 6100 2110 666 2972 4812 186 33 422 1286
2362 5 2 1 6100 1036 372 373 1037 4811 2971 2973 4813
2363 5 2 1 6100 4811 2971 2973 4813 4812 2972 2974 4814
2364 5 2 1 6100 4812 2972 2974 4814 1286 422 423 1287
2365 5 2 1 6100 1037 373 374 1038 4813 2973 2975 4815
2366 5 2 1 6100 4813 2973 2975 4815 4814 2974 2976 4816
2367 5 2 1 6100 4814 2974 2976 4816 1287 423 424 1288
2368 5 2 1 6100 1038 374 375 1039 4815 2975 2977 4817
2369 5 2 1 6100 4815 2975 2977 4817 4816 2976 2978 4818
2370 5 2 1 6100 4816 2976 2978 4818 1288 424 425 1289
2371 5 2 1 6100 1039 375 376 1040 4817 2977 2979 4819
2372 5 2 1 6100 4817 2977 2979 4819 4818 2978 2980 4820
2373 5 2 1 6100 4818 2978 2980 4820 1289 425 426 1290
2374 5 2 1 6100 1040 376 21 141 4819 2979 673 2139
2375 5 2 1 6100 4819 2979 673 2139 4820 2980 674 2140
2376 5 2 1 6100 4820 2980 674 2140 1290 426 37 201
2377 5 2 1 6101 18 132 1041 372 665 2111 4821 2971
2378 5 2 1 6101 665 2111 4821 2971 666 2112 4822 2972
2379 5 2 1 6101 666 2112 4822 2972 33 187 1291 422
2380 5 2 1 6101 372 1041 1042 373 2971 4821 4823 2973
2381 5 2 1 6101 2971 4821 4823 2973 2972 4822 4824 2974
2382 5 2 1 6101 2972 4822 4824 2974 422 1291 1292 423
2383 5 2 1 6101 373 1042 1043 374 2973 4823 4825 2975
2384 5 2 1 6101 2973 4823 4825 2975 2974 4824 4826 2976
2385 5 2 1 6101 2974 4824 4826 2976 423 1292 1293 424
2386 5 2 1 6101 374 1043 1044 375 2975 4825 4827 2977
2387 5 2 1 6101 2975 4825 4827 2977 2976 4826 4828 2978
2388 5 2 1 6101 2976 4826 4828 2978 424 1293 1294 425
2389 5 2 1 6101 375 1044 1045 376 2977 4827 4829 2979
2390 5 2 1 6101 2977 4827 4829 2979 2978 4828 4830 2980
2391 5 2 1 6101 2978 4828 4830 2980 425 1294 1295 426
2392 5 2 1 6101 376 1045 142 21 2979 4829 2141 673
2393 5 2 1 6101 2979 4829 2141 673 2980 4830 2142 674
2394 5 2 1 6101 2980 4830 2142 674 426 1295 202 37
2395 5 2 1 6101 132 133 1046 1041 2111 2113 4831 4821
2396 5 2 1 6101 2111 2113 4831 4821 2112 2114 4832 4822
2397 5 2 1 6101 2112 2114 4832 4822 187 188 1296 1291
2398 5 2 1 6101 1041 1046 1047 1042 4821 4831 4833 4823
2399 5 2 1 6101 4821 4831 4833 4823 4822 4832 4834 4824
2400 5 2 1 6101 4822 4832 4834 4824 1291 1296 1297 1292
2401 5 2 1 6101 1042 1047 1048 1043 4823 4833 4835 4825
2402 5 2 1 6101 4823 4833 4835 4825 4824 4834 4836 4826
2403 5 2 1 6101 4824 4834 4836 4826 1292 1297 1298 1293
2404 5 2 1 6101 1043 1048 1049 1044 4825 4835 4837 4827
2405 5 2 1 6101 4825 4835 4837 4827 4826 4836 4838 4828
2406 5 2 1 6101 4826 4836 4838 4828 1293 1298 1299 1294
2407 5 2 1 6101 1044 1049 1050 1045 4827 4837 4839 4829
2408 5 2 1 6101 4827 4837 4839 4829 4828 4838 4840 4830
2409 5 2 1 6101 4828 4838 4840 4830 1294 1299 1300 1295
2410 5 2 1 6101 1045 1050 143 142 4829 4839 2143 2141
2411 5 2 1 6101 4829 4839 2143 2141 4830 4840 2144 2142
2412 5 2 1 6101 4830 4840 2144 2142 1295 1300 203 202
2413 5 2 1 6101 133 134 1051 1046 2113 2115 4841 4831
2414 5 2 1 6101 2113 2115 4841 4831 2114 2116 4842 4832
2415 5 2 1 6101 2114 2116 4842 4832 188 189 1301 1296
2416 5 2 1 6101 1046 1051 1052 1047 4831 4841 4843 4833
2417 5 2 1 6101 4831 4841 4843 4833 4832 4842 4844 4834
2418 5 2 1 6101 4832 4842 4844 4834 1296 1301 1302 1297
2419 5 2 1 6101 1047 1052 1053 1048 4833 4843 4845 4835
2420 5 2 1 6101 4833 4843 4845 4835 4834 4844 4846 4836
2421 5 2 1 6101 4834 4844 4846 4836 1297 1302 1303 1298
2422 5 2 1 6101 1048 1053 1054 1049 4835 4845 4847 4837
2423 5 2 1 6101 4835 4845 4847 4837 4836 4846 4848 4838
2424 5 2 1 6101 4836 4846 4848 4838 1298 1303 1304 1299
2425 5 2 1 6101 1049 1054 1055 1050 4837 4847 4849 4839
2426 5 2 1 6101 4837 4847 4849 4839 4838 4848 4850 4840
2427 5 2 1 6101 4838 4848 4850 4840 1299 1304 1305 1300
2428 5 2 1 6101 1050 1055 144 143 4839 4849 2145 2143
2429 5 2 1 6101 4839 4849 2145 2143 4840 4850 2146 2144
2430 5 2 1 6101 4840 4850 2146 2144 1300 1305 204 203
2431 5 2 1 6101 134 135 1056 1051 2115 2117 4851 4841
2432 5 2 1 6101 2115 2117 4851 4841 2116 2118 4852 4842
2433 5 2 1 6101 2116 2118 4852 4842 189 190 1306 1301
2434 5 2 1 6101 1051 1056 1057 1052 4841 4851 4853 4843
2435 5 2 1 6101 4841 4851 4853 4843 4842 4852 4854 4844
2436 5 2 1 6101 4842 4852 4854 4844 1301 1306 1307 1302
2437 5 2 1 6101 1052 1057 1058 1053 4843 4853 4855 4845
2438 5 2 1 6101 4843 4853 4855 4845 4844 4854 4856 4846
2439 5 2 1 6101 4844 4854 4856 4846 1302 1307 1308 1303
2440 5 2 1 6101 1053 1058 1059 1054 4845 4855 4857 4847
2441 5 2 1 6101 4845 4855 4857 4847 4846 4856 4858 4848
2442 5 2 1 6101 4846 4856 4858 4848 1303 1308 1309 1304
2443 5 2 1 6101 1054 1059 1060 1055 4847 4857 4859 4849
2444 5 2 1 6101 4847 4857 4859 4849 4848 4858 4860 4850
2445 5 2 1 6101 4848 4858 4860 4850 1304 1309 1310 1305
2446 5 2 1 6101 1055 1060 145 144 4849 4859 2147 2145
2447 5 2 1 6101 4849 4859 2147 2145 4850 4860 2148 2146
2448 5 2 1 6101 4850 4860 2148 2146 1305 1310 205 204
2449 5 2 1 6101 135 136 1061 1056 2117 2119 4861 4851
2450 5 2 1 6101 2117 2119 4861 4851 2118 2120 4862 4852
2451 5 2 1 6101 2118 2120 4862 4852 190 191 1311 1306
2452 5 2 1 6101 1056 1061 1062 1057 4851 4861 4863 4853
2453 5 2 1 6101 4851 4861 4863 4853 4852 4862 4864 4854
2454 5 2 1 6101 4852 4862 4864 4854 1306 1311 1312 1307
2455 5 2 1 6101 1057 1062 1063 1058 4853 4863 4865 4855
2456 5 2 1 6101 4853 4863 4865 4855 4854 4864 4866 4856
2457 5 2 1 6101 4854 4864 4866 4856 1307 1312 1313 1308
2458 5 2 1 6101 1058 1063 1064 1059 4855 4865 4867 4857
2459 5 2 1 6101 4855 4865 4867 4857 4856 4866 4868 4858
2460 5 2 1 6101 4856 4866 4868 4858 1308 1313 1314 1309
2461 5 2 1 6101 1059 1064 1065 1060 4857 4867 4869 4859
2462 5 2 1 6101 4857 4867 4869 4859 4858 4868 4870 4860
2463 5 2 1 6101 4858 4868 4870 4860 1309 1314 1315 1310
2464 5 2 1 6101 1060 1065 146 145 4859 4869 2149 2147
2465 5 2 1 6101 4859 4869 2149 2147 4860 4870 2150 2148
2466 5 2 1 6101 4860 4870 2150 2148 1310 1315 206 205
2467 5 2 1 6101 136 19 387 1061 2119 667 3001 4861
2468 5 2 1 6101 2119 667 3001 4861 2120 668 3002 4862
2469 5 2 1 6101 2120 668 3002 4862 191 34 437 1311
2470 5 2 1 6101 1061 387 388 1062 4861 3001 3003 4863
2471 5 2 1 6101 4861 3001 3003 4863 4862 3002 3004 4864
2472 5 2 1 6101 4862 3002 3004 4864 1311 437 438 1312
2473 5 2 1 6101 1062 388 389 1063 4863 3003 3005 4865
2474 5 2 1 6101 4863 3003 3005 4865 4864 3004 3006 4866
2475 5 2 1 6101 4864 3004 3006 4866 1312 438 439 1313
2476 5 2 1 6101 1063 389 390 1064 4865 3005 3007 4867
2477 5 2 1 6101 4865 3005 3007 4867 4866 3006 3008 4868
2478 5 2 1 6101 4866 3006 3008 4868 1313 439 440 1314
2479 5 2 1 6101 1064 390 391 1065 4867 3007 3009 4869
2480 5 2 1 6101 4867 3007 3009 4869 4868 3008 3010 4870
2481 5 2 1 6101 4868 3008 3010 4870 1314 440 441 1315
2482 5 2 1 6101 1065 391 22 146 4869 3009 675 2149
2483 5 2 1 6101 4869 3009 675 2149 4870 3010 676 2150
2484 5 2 1 6101 4870 3010 676 2150 1315 441 38 206
2485 5 2 1 6102 19 532 1241 387 667 2121 4871 3001
2486 5 2 1 6102 667 2121 4871 3001 668 2122 4872 3002
2487 5 2 1 6102 668 2122 4872 3002 34 192 1316 437
2488 5 2 1 6102 387 1241 1242 388 3001 4871 4873 3003
2489 5 2 1 6102 3001 4871 4873 3003 3002 4872 4874 3004
2490 5 2 1 6102 3002 4872 4874 3004 437 1316 1317 438
2491 5 2 1 6102 388 1242 1243 389 3003 4873 4875 3005
2492 5 2 1 6102 3003 4873 4875 3005 3004 4874 4876 3006
2493 5 2 1 6102 3004 4874 4876 3006 438 1317 1318 439
2494 5 2 1 6102 389 1243 1244 390 3005 4875 4877 3007
2495 5 2 1 6102 3005 4875 4877 3007 3006 4876 4878 3008
2496 5 2 1 6102 3006 4876 4878 3008 439 1318 1319 440
2497 5 2 1 6102 390 1244 1245 391 3007 4877 4879 3009
2498 5 2 1 6102 3007 4877 4879 3009 3008 4878 4880 3010
2499 5 2 1 6102 3008 4878 4880 3010 440 1319 1320 441
2500 5 2 1 6102 391 1245 147 22 3009 4879 2151 675
2501 5 2 1 6102 3009 4879 2151 675 3010 4880 2152 676
2502 5 2 1 6102 3010 4880 2152 676 441 1320 207 38
2503 5 2 1 6102 532 533 1246 1241 2121 2123 4881 4871
2504 5 2 1 6102 2121 2123 4881 4871 2122 2124 4882 4872
2505 5 2 1 6102 2122 2124 4882 4872 192 193 1321 1316
2506 5 2 1 6102 1241 1246 1247 1242 4871 4881 4883 4873
2507 5 2 1 6102 4871 4881 4883 4873 4872 4882 4884 4874
2508 5 2 1 6102 4872 4882 4884 4874 1316 1321 1322 1317
2509 5 2 1 6102 1242 1247 1248 1243 4873 4883 4885 4875
2510 5 2 1 6102 4873 4883 4885 4875 4874 4884 4886 4876
2511 5 2 1 6102 4874 4884 4886 4876 1317 1322 1323 1318
2512 5 2 1 6102 1243 1248 1249 1244 4875 4885 4887 4877
2513 5 2 1 6102 4875 4885 4887 4877 4876 4886 4888 4878
2514 5 2 1 6102 4876 4886 4888 4878 1318 1323 1324 1319
2515 5 2 1 6102 1244 1249 1250 1245 4877 4887 4889 4879
2516 5 2 1 6102 4877 4887 4889 4879 4878 4888 4890 4880
2517 5 2 1 6102 4878 4888 4890 4880 1319 1324 1325 1320
2518 5 2 1 6102 1245 1250 148 147 4879 4889 2153 2151
2519 5 2 1 6102 4879 4889 2153 2151 4880 4890 2154 2152
2520 5 2 1 6102 4880 4890 2154 2152 1320 1325 208 207
2521 5 2 1 6102 533 534 1251 1246 2123 2125 4891 4881
2522 5 2 1 6102 2123 2125 4891 4881 2124 2126 4892 4882
2523 5 2 1 6102 2124 2126 4892 4882 193 194 1326 1321
2524 5 2 1 6102 1246 1251 1252 1247 4881 4891 4893 4883
2525 5 2 1 6102 4881 4891 4893 4883 4882 4892 4894 4884
2526 5 2 1 6102 4882 4892 4894 4884 1321 1326 1327 1322
2527 5 2 1 6102 1247 1252 1253 1248 4883 4893 4895 4885
2528 5 2 1 6102 4883 4893 4895 4885 4884 4894 4896 4886
2529 5 2 1 6102 4884 4894 4896 4886 1322 1327 1328 1323
2530 5 2 1 6102 1248 1253 1254 1249 4885 4895 4897 4887
2531 5 2 1 6102 4885 4895 4897 4887 4886 4896 4898 4888
2532 5 2 1 6102 4886 4896 4898 4888 1323 1328 1329 1324
2533 5 2 1 6102 1249 1254 1255 1250 4887 4897 4899 4889
2534 5 2 1 6102 4887 4897 4899 4889 4888 4898 4900 4890
2535 5 2 1 6102 4888 4898 4900 4890 1324 1329 1330 1325
2536 5 2 1 6102 1250 1255 149 148 4889 4899 2155 2153
2537 5 2 1 6102 4889 4899 2155 2153 4890 4900 2156 2154
2538 5 2 1 6102 4890 4900 2156 2154 1325 1330 209 208
2539 5 2 1 6102 534 535 1256 1251 2125 2127 4901 4891
2540 5 2 1 6102 2125 2127 4901 4891 2126 2128 4902 4892
2541 5 2 1 6102 2126 2128 4902 4892 194 195 1331 1326
2542 5 2 1 6102 1251 1256 1257 1252 4891 4901 4903 4893
2543 5 2 1 6102 4891 4901 4903 4893 4892 4902 4904 4894
2544 5 2 1 6102 4892 4902 4904 4894 1326 1331 1332 1327
2545 5 2 1 6102 1252 1257 1258 1253 4893 4903 4905 4895
2546 5 2 1 6102 4893 4903 4905 4895 4894 4904 4906 4896
2547 5 2 1 6102 4894 4904 4906 4896 1327 1332 1333 1328
2548 5 2 1 6102 1253 1258 1259 1254 4895 4905 4907 4897
2549 5 2 1 6102 4895 4905 4907 4897 4896 4906 4908 4898
2550 5 2 1 6102 4896 4906 4908 4898 1328 1333 1334 1329
2551 5 2 1 6102 1254 1259 1260 1255 4897 4907 4909 4899
2552 5 2 1 6102 4897 4907 4909 4899 4898 4908 4910 4900
2553 5 2 1 6102 4898 4908 4910 4900 1329 1334 1335 1330
2554 5 2 1 6102 1255 1260 150 149 4899 4909 2157 2155
2555 5 2 1 6102 4899 4909 2157 2155 4900 4910 2158 2156
2556 5 2 1 6102 4900 4910 2158 2156 1330 1335 210 209
2557 5 2 1 6102 535 536 1261 1256 2127 2129 4911 4901
2558 5 2 1 6102 2127 2129 4911 4901 2128 2130 4912 4902
2559 5 2 1 6102 2128 2130 4912 4902 195 196 1336 1331
2560 5 2 1 6102 1256 1261 1262 1257 4901 4911 4913 4903
2561 5 2 1 6102 4901 4911 4913 4903 4902 4912 4914 4904
2562 5 2 1 6102 4902 4912 4914 4904 1331 1336 1337 1332
2563 5 2 1 6102 1257 1262 1263 1258 4903 4913 4915 4905
2564 5 2 1 6102 4903 4913 4915 4905 4904 4914 4916 4906
2565 5 2 1 6102 4904 4914 4916 4906 1332 1337 1338 1333
2566 5 2 1 6102 1258 1263 1264 1259 4905 4915 4917 4907
2567 5 2 1 6102 4905 4915 4917 4907 4906 4916 4918 4908
2568 5 2 1 6102 4906 4916 4918 4908 1333 1338 1339 1334
2569 5 2 1 6102 1259 1264 1265 1260 4907 4917 4919 4909
2570 5 2 1 6102 4907 4917 4919 4909 4908 4918 4920 4910
2571 5 2 1 6102 4908 4918 4920 4910 1334 1339 1340 1335
2572 5 2 1 6102 1260 1265 151 150 4909 4919 2159 2157
2573 5 2 1 6102 4909 4919 2159 2157 4910 4920 2160 2158
2574 5 2 1 6102 4910 4920 2160 2158 1335 1340 211 210
2575 5 2 1 6102 536 64 542 1261 2129 669 3031 4911
2576 5 2 1 6102 2129 669 3031 4911 2130 670 3032 4912
2577 5 2 1 6102 2130 670 3032 4912 196 35 452 1336
2578 5 2 1 6102 1261 542 543 1262 4911 3031 3033 4913
2579 5 2 1 6102 4911 3031 3033 4913 4912 3032 3034 4914
2580 5 2 1 6102 4912 3032 3034 4914 1336 452 453 1337
2581 5 2 1 6102 1262 543 544 1263 4913 3033 3035 4915
2582 5 2 1 6102 4913 3033 3035 4915 4914 3034 3036 4916
2583 5 2 1 6102 4914 3034 3036 4916 1337 453 454 1338
2584 5 2 1 6102 1263 544 545 1264 4915 3035 3037 4917
2585 5 2 1 6102 4915 3035 3037 4917 4916 3036 3038 4918
2586 5 2 1 6102 4916 3036 3038 4918 1338 454 455 1339
2587 5 2 1 6102 1264 545 546 1265 4917 3037 3039 4919
2588 5 2 1 6102 4917 3037 3039 4919 4918 3038 3040 4920
2589 5 2 1 6102 4918 3038 3040 4920 1339 455 456 1340
2590 5 2 1 6102 1265 546 23 151 4919 3039 677 2159
2591 5 2 1 6102 4919 3039 677 2159 4920 3040 678 2160
2592 5 2 1 6102 4920 3040 678 2160 1340 456 39 211
2593 5 2 1 6110 20 137 1066 362 671 2131 4921 2951
2594 5 2 1 6110 671 2131 4921 2951 672 2132 4922 2952
2595 5 2 1 6110 672 2132 4922 2952 36 197 1341 417
2596 5 2 1 6110 362 1066 1067 363 2951 4921 4923 2953
2597 5 2 1 6110 2951 4921 4923 2953 2952 4922 4924 2954
2598 5 2 1 6110 2952 4922 4924 2954 417 1341 1342 418
2599 5 2 1 6110 363 1067 1068 364 2953 4923 4925 2955
2600 5 2 1 6110 2953 4923 4925 2955 2954 4924 4926 2956
2601 5 2 1 6110 2954 4924 4926 2956 418 1342 1343 419
2602 5 2 1 6110 364 1068 1069 365 2955 4925 4927 2957
2603 5 2 1 6110 2955 4925 4927 2957 2956 4926 4928 2958
2604 5 2 1 6110 2956 4926 4928 2958 419 1343 1344 420
2605 5 2 1 6110 365 1069 1070 366 2957 4927 4929 2959
2606 5 2 1 6110 2957 4927 4929 2959 2958 4928 4930 2960
2607 5 2 1 6110 2958 4928 4930 2960 420 1344 1345 421
2608 5 2 1 6110 366 1070 152 24 2959 4929 2161 679
2609 5 2 1 6110 2959 4929 2161 679 2960 4930 2162 680
2610 5 2 1 6110 2960 4930 2162 680 421 1345 212 40
2611 5 2 1 6110 137 138 1071 1066 2131 2133 4931 4921
2612 5 2 1 6110 2131 2133 4931 4921 2132 2134 4932 4922
2613 5 2 1 6110 2132 2134 4932 4922 197 198 1346 1341
2614 5 2 1 6110 1066 1071 1072 1067 4921 4931 4933 4923
2615 5 2 1 6110 4921 4931 4933 4923 4922 4932 4934 4924
2616 5 2 1 6110 4922 4932 4934 4924 1341 1346 1347 1342
2617 5 2 1 6110 1067 1072 1073 1068 4923 4933 4935 4925
2618 5 2 1 6110 4923 4933 4935 4925 4924 4934 4936 4926
2619 5 2 1 6110 4924 4934 4936 4926 1342 1347 1348 1343
2620 5 2 1 6110 1068 1073 1074 1069 4925 4935 4937 4927
2621 5 2 1 6110 4925 4935 4937 4927 4926 4936 4938 4928
2622 5 2 1 6110 4926 4936 4938 4928 1343 1348 1349 1344
2623 5 2 1 6110 1069 1074 1075 1070 4927 4937 4939 4929
2624 5 2 1 6110 4927 4937 4939 4929 4928 4938 4940 4930
2625 5 2 1 6110 4928 4938 4940 4930 1344 1349 1350 1345
2626 5 2 1 6110 1070 1075 153 152 4929 4939 2163 2161
2627 5 2 1 6110 4929 4939 2163 2161 4930 4940 2164 2162
2628 5 2 1 6110 4930 4940 2164 2162 1345 1350 213 212
2629 5 2 1 6110 138 139 1076 1071 2133 2135 4941 4931
2630 5 2 1 6110 2133 2135 4941 4931 2134 2136 4942 4932
2631 5 2 1 6110 2134 2136 4942 4932 198 199 1351 1346
2632 5 2 1 6110 1071 1076 1077 1072 4931 4941 4943 4933
2633 5 2 1 6110 4931 4941 4943 4933 4932 4942 4944 4934
2634 5 2 1 6110 4932 4942 4944 4934 1346 1351 1352 1347
2635 5 2 1 6110 1072 1077 1078 1073 4933 4943 4945 4935
2636 5 2 1 6110 4933 4943 4945 4935 4934 4944 4946 4936
2637 5 2 1 6110 4934 4944 4946 4936 1347 1352 1353 1348
2638 5 2 1 6110 1073 1078 1079 1074 4935 4945 4947 4937
2639 5 2 1 6110 4935 4945 4947 4937 4936 4946 4948 4938
2640 5 2 1 6110 4936 4946 4948 4938 1348 1353 1354 1349
2641 5 2 1 6110 1074 1079 1080 1075 4937 4947 4949 4939
2642 5 2 1 6110 4937 4947 4949 4939 4938 4948 4950 4940
2643 5 2 1 6110 4938 4948 4950 4940 1349 1354 1355 1350
2644 5 2 1 6110 1075 1080 154 153 4939 4949 2165 2163
2645 5 2 1 6110 4939 4949 2165 2163 4940 4950 2166 2164
2646 5 2 1 6110 4940 4950 2166 2164 1350 1355 214 213
2647 5 2 1 6110 139 140 1081 1076 2135 2137 4951 4941
2648 5 2 1 6110 2135 2137 4951 4941 2136 2138 4952 4942
2649 5 2 1 6110 2136 2138 4952 4942 199 200 1356 1351
2650 5 2 1 6110 1076 1081 1082 1077 4941 4951 4953 4943
2651 5 2 1 6110 4941 4951 4953 4943 4942 4952 4954 4944
2652 5 2 1 6110 4942 4952 4954 4944 1351 1356 1357 1352
2653 5 2 1 6110 1077 1082 1083 1078 4943 4953 4955 4945
2654 5 2 1 6110 4943 4953 4955 4945 4944 4954 4956 4946
2655 5 2 1 6110 4944 4954 4956 4946 1352 1357 1358 1353
2656 5 2 1 6110 1078 1083 1084 1079 4945 4955 4957 4947
2657 5 2 1 6110 4945 4955 4957 4947 4946 4956 4958 4948
2658 5 2 1 6110 4946 4956 4958 4948 1353 1358 1359 1354
2659 5 2 1 6110 1079 1084 1085 1080 4947 4957 4959 4949
2660 5 2 1 6110 4947 4957 4959 4949 4948 4958 4960 4950
2661 5 2 1 6110 4948 4958 4960 4950 1354 1359 1360 1355
2662 5 2 1 6110 1080 1085 155 154 4949 4959 2167 2165
2663 5 2 1 6110 4949 4959 2167 2165 4950 4960 2168 2166
2664 5 2 1 6110 4950 4960 2168 2166 1355 1360 215 214
2665 5 2 1 6110 140 141 1086 1081 2137 2139 4961 4951
2666 5 2 1 6110 2137 2139 4961 4951 2138 2140 4962 4952
2667 5 2 1 6110 2138 2140 4962 4952 200 201 1361 1356
2668 5 2 1 6110 1081 1086 1087 1082 4951 4961 4963 4953
2669 5 2 1 6110 4951 4961 4963 4953 4952 4962 4964 4954
2670 5 2 1 6110 4952 4962 4964 4954 1356 1361 1362 1357
2671 5 2 1 6110 1082 1087 1088 1083 4953 4963 4965 4955
2672 5 2 1 6110 4953 4963 4965 4955 4954 4964 4966 4956
2673 5 2 1 6110 4954 4964 4966 4956 1357 1362 1363 1358
2674 5 2 1 6110 1083 1088 1089 1084 4955 4965 4967 4957
2675 5 2 1 6110 4955 4965 4967 4957 4956 4966 4968 4958
2676 5 2 1 6110 4956 4966 4968 4958 1358 1363 1364 1359
2677 5 2 1 6110 1084 1089 1090 1085 4957 4967 4969 4959
2678 5 2 1 6110 4957 4967 4969 4959 4958 4968 4970 4960
2679 5 2 1 6110 4958 4968 4970 4960 1359 1364 1365 1360
2680 5 2 1 6110 1085 1090 156 155 4959 4969 2169 2167
2681 5 2 1 6110 4959 4969 2169 2167 4960 4970 2170 2168
2682 5 2 1 6110 4960 4970 2170 2168 1360 1365 216 215
2683 5 2 1 6110 141 21 377 1086 2139 673 2981 4961
2684 5 2 1 6110 2139 673 2981 4961 2140 674 2982 4962
2685 5 2 1 6110 2140 674 2982 4962 201 37 427 1361
2686 5 2 1 6110 1086 377 378 1087 4961 2981 2983 4963
2687 5 2 1 6110 4961 2981 2983 4963 4962 2982 2984 4964
2688 5 2 1 6110 4962 2982 2984 4964 1361 427 428 1362
2689 5 2 1 6110 1087 378 379 1088 4963 2983 2985 4965
2690 5 2 1 6110 4963 2983 2985 4965 4964 2984 2986 4966
2691 5 2 1 6110 4964 2984 2986 4966 1362 428 429 1363
2692 5 2 1 6110 1088 379 380 1089 4965 2985 2987 4967
2693 5 2 1 6110 4965 2985 2987 4967 4966 2986 2988 4968
2694 5 2 1 6110 4966 2986 2988 4968 1363 429 430 1364
2695 5 2 1 6110 1089 380 381 1090 4967 2987 2989 4969
2696 5 2 1 6110 4967 2987 2989 4969 4968 2988 2990 4970
2697 5 2 1 6110 4968 2988 2990 4970 1364 430 431 1365
2698 5 2 1 6110 1090 381 25 156 4969 2989 681 2169
2699 5 2 1 6110 4969 2989 681 2169 4970 2990 682 2170
2700 5 2 1 6110 4970 2990 682 2170 1365 431 41 216
2701 5 2 1 6111 21 142 1091 377 673 2141 4971 2981
2702 5 2 1 6111 673 2141 4971 2981 674 2142 4972 2982
2703 5 2 1 6111 674 2142 4972 2982 37 202 1366 427
2704 5 2 1 6111 377 1091 1092 378 2981 4971 4973 2983
2705 5 2 1 6111 2981 4971 4973 2983 2982 4972 4974 2984
2706 5 2 1 6111 2982 4972 4974 2984 427 1366 1367 428
2707 5 2 1 6111 378 1092 1093 379 2983 4973 4975 2985
2708 5 2 1 6111 2983 4973 4975 2985 2984 4974 4976 2986
2709 5 2 1 6111 2984 4974 4976 2986 428 1367 1368 429
2710 5 2 1 6111 379 1093 1094 380 2985 4975 4977 2987
2711 5 2 1 6111 2985 4975 4977 2987 2986 4976 4978 2988
2712 5 2 1 6111 2986 4976 4978 2988 429 1368 1369 430
2713 5 2 1 6111 380 1094 1095 381 2987 4977 4979 2989
2714 5 2 1 6111 2987 4977 4979 2989 2988 4978 4980 2990
2715 5 2 1 6111 2988 4978 4980 2990 430 1369 1370 431
2716 5 2 1 6111 381 1095 157 25 2989 4979 2171 681
2717 5 2 1 6111 2989 4979 2171 681 2990 4980 2172 682
2718 5 2 1 6111 2990 4980 2172 682 431 1370 217 41
2719 5 2 1 6111 142 143 1096 1091 2141 2143 4981 4971
2720 5 2 1 6111 2141 2143 4981 4971 2142 2144 4982 4972
2721 5 2 1 6111 2142 2144 4982 4972 202 203 1371 1366
2722 5 2 1 6111 1091 1096 1097 1092 4971 4981 4983 4973
2723 5 2 1 6111 4971 4981 4983 4973 4972 4982 4984 4974
2724 5 2 1 6111 4972 4982 4984 4974 1366 1371 1372 1367
2725 5 2 1 6111 1092 1097 1098 1093 4973 4983 4985 4975
2726 5 2 1 6111 4973 4983 4985 4975 4974 4984 4986 4976
2727 5 2 1 6111 4974 4984 4986 4976 1367 1372 1373 1368
2728 5 2 1 6111 1093 1098 1099 1094 4975 4985 4987 4977
2729 5 2 1 6111 4975 4985 4987 4977 4976 4986 4988 4978
2730 5 2 1 6111 4976 4986 4988 4978 1368 1373 1374 1369
2731 5 2 1 6111 1094 1099 1100 1095 4977 4987 4989 4979
2732 5 2 1 6111 4977 4987 4989 4979 4978 4988 4990 4980
2733 5 2 1 6111 4978 4988 4990 4980 1369 1374 1375 1370
2734 5 2 1 6111 1095 1100 158 157 4979 4989 2173 2171
2735 5 2 1 6111 4979 4989 2173 2171 4980 4990 2174 2172
2736 5 2 1 6111 4980 4990 2174 2172 1370 1375 218 217
2737 5 2 1 6111 143 144 1101 1096 2143 2145 4991 4981
2738 5 2 1 6111 2143 2145 4991 4981 2144 2146 4992 4982
2739 5 2 1 6111 2144 2146 4992 4982 203 204 1376 1371
2740 5 2 1 6111 1096 1101 1102 1097 4981 4991 4993 4983
2741 5 2 1 6111 4981 4991 4993 4983 4982 4992 4994 4984
2742 5 2 1 6111 4982 4992 4994 4984 1371 1376 1377 1372
2743 5 2 1 6111 1097 1102 1103 1098 4983 4993 4995 4985
2744 5 2 1 6111 4983 4993 4995 4985 4984 4994 4996 4986
2745 5 2 1 6111 4984 4994 4996 4986 1372 1377 1378 1373
2746 5 2 1 6111 1098 1103 1104 1099 4985 4995 4997 4987
2747 5 2 1 6111 4985 4995 4997 4987 4986 4996 4998 4988
2748 5 2 1 6111 4986 4996 4998 4988 1373 1378 1379 1374
2749 5 2 1 6111 1099 1104 1105 1100 4987 4997 4999 4989
2750 5 2 1 6111 4987 4997 4999 4989 4988 4998 5000 4990
2751 5 2 1 6111 4988 4998 5000 4990 1374 1379 1380 1375
2752 5 2 1 6111 1100 1105 159 158 4989 4999 2175 2173
2753 5 2 1 6111 4989 4999 2175 2173 4990 5000 2176 2174
2754 5 2 1 6111 4990 5000 2176 2174 1375 1380 219 218
2755 5 2 1 6111 144 145 1106 1101 2145 2147 5001 4991
2756 5 2 1 6111 2145 2147 5001 4991 2146 2148 5002 4992
2757 5 2 1 6111 2146 2148 5002 4992 204 205 1381 1376
2758 5 2 1 6111 1101 1106 1107 1102 4991 5001 5003 4993
2759 5 2 1 6111 4991 5001 5003 4993 4992 5002 5004 4994
2760 5 2 1 6111 4992 5002 5004 4994 1376 1381 1382 1377
2761 5 2 1 6111 1102 1107 1108 1103 4993 5003 5005 4995
2762 5 2 1 6111 4993 5003 5005 4995 4994 5004 5006 4996
2763 5 2 1 6111 4994 5004 5006 4996 1377 1382 1383 1378
2764 5 2 1 6111 1103 1108 1109 1104 4995 5005 5007 4997
2765 5 2 1 6111 4995 5005 5007 4997 4996 5006 5008 4998
2766 5 2 1 6111 4996 5006 5008 4998 1378 1383 1384 1379
2767 5 2 1 6111 1104 1109 1110 1105 4997 5007 5009 4999
2768 5 2 1 6111 4997 5007 5009 4999 4998 5008 5010 5000
2769 5 2 1 6111 4998 5008 5010 5000 1379 1384 1385 1380
2770 5 2 1 6111 1105 1110 160 159 4999 5009 2177 2175
2771 5 2 1 6111 4999 5009 2177 2175 5000 5010 2178 2176
2772 5 2 1 6111 5000 5010 2178 2176 1380 1385 220 219
2773 5 2 1 6111 145 146 1111 1106 2147 2149 5011 5001
2774 5 2 1 6111 2147 2149 5011 5001 2148 2150 5012 5002
2775 5 2 1 6111 2148 2150 5012 5002 205 206 1386 1381
2776 5 2 1 6111 1106 1111 1112 1107 5001 5011 5013 5003
2777 5 2 1 6111 5001 5011 5013 5003 5002 5012 5014 5004
2778 5 2 1 6111 5002 5012 5014 5004 1381 1386 1387 1382
2779 5 2 1 6111 1107 1112 1113 1108 5003 5013 5015 5005
2780 5 2 1 6111 5003 5013 5015 5005 5004 5014 5016 5006
2781 5 2 1 6111 5004 5014 5016 5006 1382 1387 1388 1383
2782 5 2 1 6111 1108 1113 1114 1109 5005 5015 5017 5007
2783 5 2 1 6111 5005 5015 5017 5007 5006 5016 5018 5008
2784 5 2 1 6111 5006 5016 5018 5008 1383 1388 1389 1384
2785 5 2 1 6111 1109 1114 1115 1110 5007 5017 5019 5009
2786 5 2 1 6111 5007 5017 5019 5009 5008 5018 5020 5010
2787 5 2 1 6111 5008 5018 5020 5010 1384 1389 1390 1385
2788 5 2 1 6111 1110 1115 161 160 5009 5019 2179 2177
2789 5 2 1 6111 5009 5019 2179 2177 5010 5020 2180 2178
2790 5 2 1 6111 5010 5020 2180 2178 1385 1390 221 220
2791 5 2 1 6111 146 22 392 1111 2149 675 3011 5011
2792 5 2 1 6111 2149 675 3011 5011 2150 676 3012 5012
2793 5 2 1 6111 2150 676 3012 5012 206 38 442 1386
2794 5 2 1 6111 1111 392 393 1112 5011 3011 3013 5013
2795 5 2 1 6111 5011 3011 3013 5013 5012 3012 3014 5014
2796 5 2 1 6111 5012 3012 3014 5014 1386 442 443 1387
2797 5 2 1 6111 1112 393 394 1113 5013 3013 3015 5015
2798 5 2 1 6111 5013 3013 3015 5015 5014 3014 3016 5016
2799 5 2 1 6111 5014 3014 3016 5016 1387 443 444 1388
2800 5 2 1 6111 1113 394 395 1114 5015 3015 3017 5017
2801 5 2 1 6111 5015 3015 3017 5017 5016 3016 3018 5018
2802 5 2 1 6111 5016 3016 3018 5018 1388 444 445 1389
2803 5 2 1 6111 1114 395 396 1115 5017 3017 3019 5019
2804 5 2 1 6111 5017 3017 3019 5019 5018 3018 3020 5020
2805 5 2 1 6111 5018 3018 3020 5020 1389 445 446 1390
2806 5 2 1 6111 1115 396 26 161 5019 3019 683 2179
2807 5 2 1 6111 5019 3019 683 2179 5020 3020 684 2180
2808 5 2 1 6111 5020 3020 684 2180 1390 446 42 221
2809 5 2 1 6112 22 147 1116 392 675 2151 5021 3011
2810 5 2 1 6112 675 2151 5021 3011 676 2152 5022 3012
2811 5 2 1 6112 676 2152 5022 3012 38 207 1391 442
2812 5 2 1 6112 392 1116 1117 393 3011 5021 5023 3013
2813 5 2 1 6112 3011 5021 5023 3013 3012 5022 5024 3014
2814 5 2 1 6112 3012 5022 5024 3014 442 1391 1392 443
2815 5 2 1 6112 393 1117 1118 394 3013 5023 5025 3015
2816 5 2 1 6112 3013 5023 5025 3015 3014 5024 5026 3016
2817 5 2 1 6112 3014 5024 5026 3016 443 1392 1393 444
2818 5 2 1 6112 394 1118 1119 395 3015 5025 5027 3017
2819 5 2 1 6112 3015 5025 5027 3017 3016 5026 5028 3018
2820 5 2 1 6112 3016 5026 5028 3018 444 1393 1394 445
2821 5 2 1 6112 395 1119 1120 396 3017 5027 5029 3019
2822 5 2 1 6112 3017 5027 5029 3019 3018 5028 5030 3020
2823 5 2 1 6112 3018 5028 5030 3020 445 1394 1395 446
2824 5 2 1 6112 396 1120 162 26 3019 5029 2181 683
2825 5 2 1 6112 3019 5029 2181 683 3020 5030 2182 684
2826 5 2 1 6112 3020 5030 2182 684 446 1395 222 42
2827 5 2 1 6112 147 148 1121 1116 2151 2153 5031 5021
2828 5 2 1 6112 2151 2153 5031 5021 2152 2154 5032 5022
2829 5 2 1 6112 2152 2154 5032 5022 207 208 1396 1391
2830 5 2 1 6112 1116 1121 1122 1117 5021 5031 5033 5023
2831 5 2 1 6112 5021 5031 5033 5023 5022 5032 5034 5024
2832 5 2 1 6112 5022 5032 5034 5024 1391 1396 1397 1392
2833 5 2 1 6112 1117 1122 1123 1118 5023 5033 5035 5025
2834 5 2 1 6112 5023 5033 5035 5025 5024 5034 5036 5026
2835 5 2 1 6112 5024 5034 5036 5026 1392 1397 1398 1393
2836 5 2 1 6112 1118 1123 1124 1119 5025 5035 5037 5027
2837 5 2 1 6112 5025 5035 5037 5027 5026 5036 5038 5028
2838 5 2 1 6112 5026 5036 5038 5028 1393 1398 1399 1394
2839 5 2 1 6112 1119 1124 1125 1120 5027 5037 5039 5029
2840 5 2 1 6112 5027 5037 5039 5029 5028 5038 5040 5030
2841 5 2 1 6112 5028 5038 5040 5030 1394 1399 1400 1395
2842 5 2 1 6112 1120 1125 163 162 5029 5039 2183 2181
2843 5 2 1 6112 5029 5039 2183 2181 5030 5040 2184 2182
2844 5 2 1 6112 5030 5040 2184 2182 1395 1400 223 222
2845 5 2 1 6112 148 149 1126 1121 2153 2155 5041 5031
2846 5 2 1 6112 2153 2155 5041 5031 2154 2156 5042 5032
2847 5 2 1 6112 2154 2156 5042 5032 208 209 1401 1396
2848 5 2 1 6112 1121 1126 1127 1122 5031 5041 5043 5033
2849 5 2 1 6112 5031 5041 5043 5033 5032 5042 5044 5034
2850 5 2 1 6112 5032 5042 5044 5034 1396 1401 1402 1397
2851 5 2 1 6112 1122 1127 1128 1123 5033 5043 5045 5035
2852 5 2 1 6112 5033 5043 5045 5035 5034 5044 5046 5036
2853 5 2 1 6112 5034 5044 5046 5036 1397 1402 1403 1398
2854 5 2 1 6112 1123 1128 1129 1124 5035 5045 5047 5037
2855 5 2 1 6112 5035 5045 5047 5037 5036 5046 5048 5038
2856 5 2 1 6112 5036 5046 5048 5038 1398 1403 1404 1399
2857 5 2 1 6112 1124 1129 1130 1125 5037 5047 5049 5039
2858 5 2 1 6112 5037 5047 5049 5039 5038 5048 5050 5040
2859 5 2 1 6112 5038 5048 5050 5040 1399 1404 1405 1400
2860 5 2 1 6112 1125 1130 164 163 5039 5049 2185 2183
2861 5 2 1 6112 5039 5049 2185 2183 5040 5050 2186 2184
2862 5 2 1 6112 5040 5050 2186 2184 1400 1405 224 223
2863 5 2 1 6112 149 150 1131 1126 2155 2157 5051 5041
2864 5 2 1 6112 2155 2157 5051 5041 2156 2158 5052 5042
2865 5 2 1 6112 2156 2158 5052 5042 209 210 1406 1401
2866 5 2 1 6112 1126 1131 1132 1127 5041 5051 5053 5043
2867 5 2 1 6112 5041 5051 5053 5043 5042 5052 5054 5044
2868 5 2 1 6112 5042 5052 5054 5044 1401 1406 1407 1402
2869 5 2 1 6112 1127 1132 1133 1128 5043 5053 5055 5045
2870 5 2 1 6112 5043 5053 5055 5045 5044 5054 5056 5046
2871 5 2 1 6112 5044 5054 5056 5046 1402 1407 1408 1403
2872 5 2 1 6112 1128 1133 1134 1129 5045 5055 5057 5047
2873 5 2 1 6112 5045 5055 5057 5047 5046 5056 5058 5048
2874 5 2 1 6112 5046 5056 5058 5048 1403 1408 1409 1404
2875 5 2 1 6112 1129 1134 1135 1130 5047 5057 5059 5049
2876 5 2 1 6112 5047 5057 5059 5049 5048 5058 5060 5050
2877 5 2 1 6112 5048 5058 5060 5050 1404 1409 1410 1405
2878 5 2 1 6112 1130 1135 165 164 5049 5059 2187 2185
2879 5 2 1 6112 5049 5059 2187 2185 5050 5060 2188 2186
2880 5 2 1 6112 5050 5060 2188 2186 1405 1410 225 224
2881 5 2 1 6112 150 151 1136 1131 2157 2159 5061 5051
2882 5 2 1 6112 2157 2159 5061 5051 2158 2160 5062 5052
2883 5 2 1 6112 2158 2160 5062 5052 210 211 1411 1406
2884 5 2 1 6112 1131 1136 1137 1132 5051 5061 5063 5053
2885 5 2 1 6112 5051 5061 5063 5053 5052 5062 5064 5054
2886 5 2 1 6112 5052 5062 5064 5054 1406 1411 1412 1407
2887 5 2 1 6112 1132 1137 1138 1133 5053 5063 5065 5055
2888 5 2 1 6112 5053 5063 5065 5055 5054 5064 5066 5056
2889 5 2 1 6112 5054 5064 5066 5056 1407 1412 1413 1408
2890 5 2 1 6112 1133 1138 1139 1134 5055 5065 5067 5057
2891 5 2 1 6112 5055 5065 5067 5057 5056 5066 5068 5058
2892 5 2 1 6112 5056 5066 5068 5058 1408 1413 1414 1409
2893 5 2 1 6112 1134 1139 1140 1135 5057 5067 5069 5059
2894 5 2 1 6112 5057 5067 5069 5059 5058 5068 5070 5060
2895 5 2 1 6112 5058 5068 5070 5060 1409 1414 1415 1410
2896 5 2 1 6112 1135 1140 166 165 5059 5069 2189 2187
2897 5 2 1 6112 5059 5069 2189 2187 5060 5070 2190 2188
2898 5 2 1 6112 5060 5070 2190 2188 1410 1415 226 225
2899 5 2 1 6112 151 23 402 1136 2159 677 3041 5061
2900 5 2 1 6112 2159 677 3041 5061 2160 678 3042 5062
2901 5 2 1 6112 2160 678 3042 5062 211 39 457 1411
2902 5 2 1 6112 1136 402 403 1137 5061 3041 3043 5063
2903 5 2 1 6112 5061 3041 3043 5063 5062 3042 3044 5064
2904 5 2 1 6112 5062 3042 3044 5064 1411 457 458 1412
2905 5 2 1 6112 1137 403 404 1138 5063 3043 3045 5065
2906 5 2 1 6112 5063 3043 3045 5065 5064 3044 3046 5066
2907 5 2 1 6112 5064 3044 3046 5066 1412 458 459 1413
2908 5 2 1 6112 1138 404 405 1139 5065 3045 3047 5067
2909 5 2 1 6112 5065 3045 3047 5067 5066 3046 3048 5068
2910 5 2 1 6112 5066 3046 3048 5068 1413 459 460 1414
2911 5 2 1 6112 1139 405 406 1140 5067 3047 3049 5069
2912 5 2 1 6112 5067 3047 3049 5069 5068 3048 3050 5070
2913 5 2 1 6112 5068 3048 3050 5070 1414 460 461 1415
2914 5 2 1 6112 1140 406 27 166 5069 3049 685 2189
2915 5 2 1 6112 5069 3049 685 2189 5070 3050 686 2190
2916 5 2 1 6112 5070 3050 686 2190 1415 461 43 226
2917 5 2 1 6120 24 152 1141 367 679 2161 5071 2961
2918 5 2 1 6120 679 2161 5071 2961 680 2162 5072 2962
2919 5 2 1 6120 680 2162 5072 2962 40 212 1466 547
2920 5 2 1 6120 367 1141 1142 368 2961 5071 5073 2963
2921 5 2 1 6120 2961 5071 5073 2963 2962 5072 5074 2964
2922 5 2 1 6120 2962 5072 5074 2964 547 1466 1467 548
2923 5 2 1 6120 368 1142 1143 369 2963 5073 5075 2965
2924 5 2 1 6120 2963 5073 5075 2965 2964 5074 5076 2966
2925 5 2 1 6120 2964 5074 5076 2966 548 1467 1468 549
2926 5 2 1 6120 369 1143 1144 370 2965 5075 5077 2967
2927 5 2 1 6120 2965 5075 5077 2967 2966 5076 5078 2968
2928 5 2 1 6120 2966 5076 5078 2968 549 1468 1469 550
2929 5 2 1 6120 370 1144 1145 371 2967 5077 5079 2969
2930 5 2 1 6120 2967 5077 5079 2969 2968 5078 5080 2970
2931 5 2 1 6120 2968 5078 5080 2970 550 1469 1470 551
2932 5 2 1 6120 371 1145 167 28 2969 5079 2191 687
2933 5 2 1 6120 2969 5079 2191 687 2970 5080 2192 688
2934 5 2 1 6120 2970 5080 2192 688 551 1470 557 65
2935 5 2 1 6120 152 153 1146 1141 2161 2163 5081 5071
2936 5 2 1 6120 2161 2163 5081 5071 2162 2164 5082 5072
2937 5 2 1 6120 2162 2164 5082 5072 212 213 1471 1466
2938 5 2 1 6120 1141 1146 1147 1142 5071 5081 5083 5073
2939 5 2 1 6120 5071 5081 5083 5073 5072 5082 5084 5074
2940 5 2 1 6120 5072 5082 5084 5074 1466 1471 1472 1467
2941 5 2 1 6120 1142 1147 1148 1143 5073 5083 5085 5075
2942 5 2 1 6120 5073 5083 5085 5075 5074 5084 5086 5076
2943 5 2 1 6120 5074 5084 5086 5076 1467 1472 1473 1468
2944 5 2 1 6120 1143 1148 1149 1144 5075 5085 5087 5077
2945 5 2 1 6120 5075 5085 5087 5077 5076 5086 5088 5078
2946 5 2 1 6120 5076 5086 5088 5078 1468 1473 1474 1469
2947 5 2 1 6120 1144 1149 1150 1145 5077 5087 5089 5079
2948 5 2 1 6120 5077 5087 5089 5079 5078 5088 5090 5080
2949 5 2 1 6120 5078 5088 5090 5080 1469 1474 1475 1470
2950 5 2 1 6120 1145 1150 168 167 5079 5089 2193 2191
2951 5 2 1 6120 5079 5089 2193 2191 5080 5090 2194 2192
2952 5 2 1 6120 5080 5090 2194 2192 1470 1475 558 557
2953 5 2 1 6120 153 154 1151 1146 2163 2165 5091 5081
2954 5 2 1 6120 2163 2165 5091 5081 2164 2166 5092 5082
2955 5 2 1 6120 2164 2166 5092 5082 213 214 1476 1471
2956 5 2 1 6120 1146 1151 1152 1147 5081 5091 5093 5083
2957 5 2 1 6120 5081 5091 5093 5083 5082 5092 5094 5084
2958 5 2 1 6120 5082 5092 5094 5084 1471 1476 1477 1472
2959 5 2 1 6120 1147 1152 1153 1148 5083 5093 5095 5085
2960 5 2 1 6120 5083 5093 5095 5085 5084 5094 5096 5086
2961 5 2 1 6120 5084 5094 5096 5086 1472 1477 1478 1473
2962 5 2 1 6120 1148 1153 1154 1149 5085 5095 5097 5087
2963 5 2 1 6120 5085 5095 5097 5087 5086 5096 5098 5088
2964 5 2 1 6120 5086 5096 5098 5088 1473 1478 1479 1474
2965 5 2 1 6120 1149 1154 1155 1150 5087 5097 5099 5089
2966 5 2 1 6120 5087 5097 5099 5089 5088 5098 5100 5090
2967 5 2 1 6120 5088 5098 5100 5090 1474 1479 1480 1475
2968 5 2 1 6120 1150 1155 169 168 5089 5099 2195 2193
2969 5 2 1 6120 5089 5099 2195 2193 5090 5100 2196 2194
2970 5 2 1 6120 5090 5100 2196 2194 1475 1480 559 558
2971 5 2 1 6120 154 155 1156 1151 2165 2167 5101 5091
2972 5 2 1 6120 2165 2167 5101 5091 2166 2168 5102 5092
2973 5 2 1 6120 2166 2168 5102 5092 214 215 1481 1476
2974 5 2 1 6120 1151 1156 1157 1152 5091 5101 5103 5093
2975 5 2 1 6120 5091 5101 5103 5093 5092 5102 5104 5094
2976 5 2 1 6120 5092 5102 5104 5094 1476 1481 1482 1477
2977 5 2 1 6120 1152 1157 1158 1153 5093 5103 5105 5095
2978 5 2 1 6120 5093 5103 5105 5095 5094 5104 5106 5096
2979 5 2 1 6120 5094 5104 5106 5096 1477 1482 1483 1478
2980 5 2 1 6120 1153 1158 1159 1154 5095 5105 5107 5097
2981 5 2 1 6120 5095 5105 5107 5097 5096 5106 5108 5098
2982 5 2 1 6120 5096 5106 5108 5098 1478 1483 1484 1479
2983 5 2 1 6120 1154 1159 1160 1155 5097 5107 5109 5099
2984 5 2 1 6120 5097 5107 5109 5099 5098 5108 5110 5100
2985 5 2 1 6120 5098 5108 5110 5100 1479 1484 1485 1480
2986 5 2 1 6120 1155 1160 170 169 5099 5109 2197 2195
2987 5 2 1 6120 5099 5109 2197 2195 5100 5110 2198 2196
2988 5 2 1 6120 5100 5110 2198 2196 1480 1485 560 559
2989 5 2 1 6120 155 156 1161 1156 2167 2169 5111 5101
2990 5 2 1 6120 2167 2169 5111 5101 2168 2170 5112 5102
2991 5 2 1 6120 2168 2170 5112 5102 215 216 1486 1481
2992 5 2 1 6120 1156 1161 1162 1157 5101 5111 5113 5103
2993 5 2 1 6120 5101 5111 5113 5103 5102 5112 5114 5104
2994 5 2 1 6120 5102 5112 5114 5104 1481 1486 1487 1482
2995 5 2 1 6120 1157 1162 1163 1158 5103 5113 5115 5105
2996 5 2 1 6120 5103 5113 5115 5105 5104 5114 5116 5106
2997 5 2 1 6120 5104 5114 5116 5106 1482 1487 1488 1483
2998 5 2 1 6120 1158 1163 1164 1159 5105 5115 5117 5107
2999 5 2 1 6120 5105 5115 5117 5107 5106 5116 5118 5108
3000 5 2 1 6120 5106 5116 5118 5108 1483 1488 1489 1484
3001 5 2 1 6120 1159 1164 1165 1160 5107 5117 5119 5109
3002 5 2 1 6120 5107 5117 5119 5109 5108 5118 5120 5110
3003 5 2 1 6120 5108 5118 5120 5110 1484 1489 1490 1485
3004 5 2 1 6120 1160 1165 171 170 5109 5119 2199 2197
3005 5 2 1 6120 5109 5119 2199 2197 5110 5120 2200 2198
3006 5 2 1 6120 5110 5120 2200 2198 1485 1490 561 560
3007 5 2 1 6120 156 25 382 1161 2169 681 2991 5111
3008 5 2 1 6120 2169 681 2991 5111 2170 682 2992 5112
3009 5 2 1 6120 2170 682 2992 5112 216 41 432 1486
3010 5 2 1 6120 1161 382 383 1162 5111 2991 2993 5113
3011 5 2 1 6120 5111 2991 2993 5113 5112 2992 2994 5114
3012 5 2 1 6120 5112 2992 2994 5114 1486 432 433 1487
3013 5 2 1 6120 1162 383 384 1163 5113 2993 2995 5115
3014 5 2 1 6120 5113 2993 2995 5115 5114 2994 2996 5116
3015 5 2 1 6120 5114 2994 2996 5116 1487 433 434 1488
3016 5 2 1 6120 1163 384 385 1164 5115 2995 2997 5117
3017 5 2 1 6120 5115 2995 2997 5117 5116 2996 2998 5118
3018 5 2 1 6120 5116 2996 2998 5118 1488 434 435 1489
3019 5 2 1 6120 1164 385 386 1165 5117 2997 2999 5119
3020 5 2 1 6120 5117 2997 2999 5119 5118 2998 3000 5120
3021 5 2 1 6120 5118 2998 3000 5120 1489 435 436 1490
3022 5 2 1 6120 1165 386 29 171 5119 2999 689 2199
3023 5 2 1 6120 5119 2999 689 2199 5120 3000 690 2200
3024 5 2 1 6120 5120 3000 690 2200 1490 436 44 561
3025 5 2 1 6121 25 157 1166 382 681 2171 5121 2991
3026 5 2 1 6121 681 2171 5121 2991 682 2172 5122 2992
3027 5 2 1 6121 682 2172 5122 2992 41 217 1416 432
3028 5 2 1 6121 382 1166 1167 383 2991 5121 5123 2993
3029 5 2 1 6121 2991 5121 5123 2993 2992 5122 5124 2994
3030 5 2 1 6121 2992 5122 5124 2994 432 1416 1417 433
3031 5 2 1 6121 383 1167 1168 384 2993 5123 5125 2995
3032 5 2 1 6121 2993 5123 5125 2995 2994 5124 5126 2996
3033 5 2 1 6121 2994 5124 5126 2996 433 1417 1418 434
3034 5 2 1 6121 384 1168 1169 385 2995 5125 5127 2997
3035 5 2 1 6121 2995 5125 5127 2997 2996 5126 5128 2998
3036 5 2 1 6121 2996 5126 5128 2998 434 1418 1419 435
3037 5 2 1 6121 385 1169 1170 386 2997 5127 5129 2999
3038 5 2 1 6121 2997 5127 5129 2999 2998 5128 5130 3000
3039 5 2 1 6121 2998 5128 5130 3000 435 1419 1420 436
3040 5 2 1 6121 386 1170 172 29 2999 5129 2201 689
3041 5 2 1 6121 2999 5129 2201 689 3000 5130 2202 690
3042 5 2 1 6121 3000 5130 2202 690 436 1420 227 44
3043 5 2 1 6121 157 158 1171 1166 2171 2173 5131 5121
3044 5 2 1 6121 2171 2173 5131 5121 2172 2174 5132 5122
3045 5 2 1 6121 2172 2174 5132 5122 217 218 1421 1416
3046 5 2 1 6121 1166 1171 1172 1167 5121 5131 5133 5123
3047 5 2 1 6121 5121 5131 5133 5123 5122 5132 5134 5124
3048 5 2 1 6121 5122 5132 5134 5124 1416 1421 1422 1417
3049 5 2 1 6121 1167 1172 1173 1168 5123 5133 5135 5125
3050 5 2 1 6121 5123 5133 5135 5125 5124 5134 5136 5126
3051 5 2 1 6121 5124 5134 5136 5126 1417 1422 1423 1418
3052 5 2 1 6121 1168 1173 1174 1169 5125 5135 5137 5127
3053 5 2 1 6121 5125 5135 5137 5127 5126 5136 5138 5128
3054 5 2 1 6121 5126 5136 5138 5128 1418 1423 1424 1419
3055 5 2 1 6121 1169 1174 1175 1170 5127 5137 5139 5129
3056 5 2 1 6121 5127 5137 5139 5129 5128 5138 5140 5130
3057 5 2 1 6121 5128 5138 5140 5130 1419 1424 1425 1420
3058 5 2 1 6121 1170 1175 173 172 5129 5139 2203 2201
3059 5 2 1 6121 5129 5139 2203 2201 5130 5140 2204 2202
3060 5 2 1 6121 5130 5140 2204 2202 1420 1425 228 227
3061 5 2 1 6121 158 159 1176 1171 2173 2175 5141 5131
3062 5 2 1 6121 2173 2175 5141 5131 2174 2176 5142 5132
3063 5 2 1 6121 2174 2176 5142 5132 218 219 1426 1421
3064 5 2 1 6121 1171 1176 1177 1172 5131 5141 5143 5133
3065 5 2 1 6121 5131 5141 5143 5133 5132 5142 5144 5134
3066 5 2 1 6121 5132 5142 5144 5134 1421 1426 1427 1422
3067 5 2 1 6121 1172 1177 1178 1173 5133 5143 5145 5135
3068 5 2 1 6121 5133 5143 5145 5135 5134 5144 5146 5136
3069 5 2 1 6121 5134 5144 5146 5136 1422 1427 1428 1423
3070 5 2 1 6121 1173 1178 1179 1174 5135 5145 5147 5137
3071 5 2 1 6121 5135 5145 5147 5137 5136 5146 5148 5138
3072 5 2 1 6121 5136 5146 5148 5138 1423 1428 1429 1424
3073 5 2 1 6121 1174 1179 1180 1175 5137 5147 5149 5139
3074 5 2 1 6121 5137 5147 5149 5139 5138 5148 5150 5140
3075 5 2 1 6121 5138 5148 5150 5140 1424 1429 1430 1425
3076 5 2 1 6121 1175 1180 174 173 5139 5149 2205 2203
3077 5 2 1 6121 5139 5149 2205 2203 5140 5150 2206 2204
3078 5 2 1 6121 5140 5150 2206 2204 1425 1430 229 228
3079 5 2 1 6121 159 160 1181 1176 2175 2177 5151 5141
3080 5 2 1 6121 2175 2177 5151 5141 2176 2178 5152 5142
3081 5 2 1 6121 2176 2178 5152 5142 219 220 1431 1426
3082 5 2 1 6121 1176 1181 1182 1177 5141 5151 5153 5143
3083 5 2 1 6121 5141 5151 5153 5143 5142 5152 5154 5144
3084 5 2 1 6121 5142 5152 5154 5144 1426 1431 1432 1427
3085 5 2 1 6121 1177 1182 1183 1178 5143 5153 5155 5145
3086 5 2 1 6121 5143 5153 5155 5145 5144 5154 5156 5146
3087 5 2 1 6121 5144 5154 5156 5146 1427 1432 1433 1428
3088 5 2 1 6121 1178 1183 1184 1179 5145 5155 5157 5147
3089 5 2 1 6121 5145 5155 5157 5147 5146 5156 5158 5148
3090 5 2 1 6121 5146 5156 5158 5148 1428 1433 1434 1429
3091 5 2 1 6121 1179 1184 1185 1180 5147 5157 5159 5149
3092 5 2 1 6121 5147 5157 5159 5149 5148 5158 5160 5150
3093 5 2 1 6121 5148 5158 5160 5150 1429 1434 1435 1430
3094 5 2 1 6121 1180 1185 175 174 5149 5159 2207 2205
3095 5 2 1 6121 5149 5159 2207 2205 5150 5160 2208 2206
3096 5 2 1 6121 5150 5160 2208 2206 1430 1435 230 229
3097 5 2 1 6121 160 161 1186 1181 2177 2179 5161 5151
3098 5 2 1 6121 2177 2179 5161 5151 2178 2180 5162 5152
3099 5 2 1 6121 2178 2180 5162 5152 220 221 1436 1431
3100 5 2 1 6121 1181 1186 1187 1182 5151 5161 5163 5153
3101 5 2 1 6121 5151 5161 5163 5153 5152 5162 5164 5154
3102 5 2 1 6121 5152 5162 5164 5154 1431 1436 1437 1432
3103 5 2 1 6121 1182 1187 1188 1183 5153 5163 5165 5155
3104 5 2 1 6121 5153 5163 5165 5155 5154 5164 5166 5156
3105 5 2 1 6121 5154 5164 5166 5156 1432 1437 1438 1433
3106 5 2 1 6121 1183 1188 1189 1184 5155 5165 5167 5157
3107 5 2 1 6121 5155 5165 5167 5157 5156 5166 5168 5158
3108 5 2 1 6121 5156 5166 5168 5158 1433 1438 1439 1434
3109 5 2 1 6121 1184 1189 1190 1185 5157 5167 5169 5159
3110 5 2 1 6121 5157 5167 5169 5159 5158 5168 5170 5160
3111 5 2 1 6121 5158 5168 5170 5160 1434 1439 1440 1435
3112 5 2 1 6121 1185 1190 176 175 5159 5169 2209 2207
3113 5 2 1 6121 5159 5169 2209 2207 5160 5170 2210 2208
3114 5 2 1 6121 5160 5170 2210 2208 1435 1440 231 230
3115 5 2 1 6121 161 26 397 1186 2179 683 3021 5161
3116 5 2 1 6121 2179 683 3021 5161 2180 684 3022 5162
3117 5 2 1 6121 2180 684 3022 5162 221 42 447 1436
3118 5 2 1 6121 1186 397 398 1187 5161 3021 3023 5163
3119 5 2 1 6121 5161 3021 3023 5163 5162 3022 3024 5164
3120 5 2 1 6121 5162 3022 3024 5164 1436 447 448 1437
3121 5 2 1 6121 1187 398 399 1188 5163 3023 3025 5165
3122 5 2 1 6121 5163 3023 3025 5165 5164 3024 3026 5166
3123 5 2 1 6121 5164 3024 3026 5166 1437 448 449 1438
3124 5 2 1 6121 1188 399 400 1189 5165 3025 3027 5167
3125 5 2 1 6121 5165 3025 3027 5167 5166 3026 3028 5168
3126 5 2 1 6121 5166 3026 3028 5168 1438 449 450 1439
3127 5 2 1 6121 1189 400 401 1190 5167 3027 3029 5169
3128 5 2 1 6121 5167 3027 3029 5169 5168 3028 3030 5170
3129 5 2 1 6121 5168 3028 3030 5170 1439 450 451 1440
3130 5 2 1 6121 1190 401 30 176 5169 3029 691 2209
3131 5 2 1 6121 5169 3029 691 2209 5170 3030 692 2210
3132 5 2 1 6121 5170 3030 692 2210 1440 451 45 231
3133 5 2 1 6122 26 162 1191 397 683 2181 5171 3021
3134 5 2 1 6122 683 2181 5171 3021 684 2182 5172 3022
3135 5 2 1 6122 684 2182 5172 3022 42 222 1441 447
3136 5 2 1 6122 397 1191 1192 398 3021 5171 5173 3023
3137 5 2 1 6122 3021 5171 5173 3023 3022 5172 5174 3024
3138 5 2 1 6122 3022 5172 5174 3024 447 1441 1442 448
3139 5 2 1 6122 398 1192 1193 399 3023 5173 5175 3025
3140 5 2 1 6122 3023 5173 5175 3025 3024 5174 5176 3026
3141 5 2 1 6122 3024 5174 5176 3026 448 1442 1443 449
3142 5 2 1 6122 399 1193 1194 400 3025 5175 5177 3027
3143 5 2 1 6122 3025 5175 5177 3027 3026 5176 5178 3028
3144 5 2 1 6122 3026 5176 5178 3028 449 1443 1444 450
3145 5 2 1 6122 400 1194 1195 401 3027 5177 5179 3029
3146 5 2 1 6122 3027 5177 5179 3029 3028 5178 5180 3030
3147 5 2 1 6122 3028 5178 5180 3030 450 1444 1445 451
3148 5 2 1 6122 401 1195 177 30 3029 5179 2211 691
3149 5 2 1 6122 3029 5179 2211 691 3030 5180 2212 692
3150 5 2 1 6122 3030 5180 2212 692 451 1445 232 45
3151 5 2 1 6122 162 163 1196 1191 2181 2183 5181 5171
3152 5 2 1 6122 2181 2183 5181 5171 2182 2184 5182 5172
3153 5 2 1 6122 2182 2184 5182 5172 222 223 1446 1441
3154 5 2 1 6122 1191 1196 1197 1192 5171 5181 5183 5173
3155 5 2 1 6122 5171 5181 5183 5173 5172 5182 5184 5174
3156 5 2 1 6122 5172 5182 5184 5174 1441 1446 1447 1442
3157 5 2 1 6122 1192 1197 1198 1193 5173 5183 5185 5175
3158 5 2 1 6122 5173 5183 5185 5175 5174 5184 5186 5176
3159 5 2 1 6122 5174 5184 5186 5176 1442 1447 1448 1443
3160 5 2 1 6122 1193 1198 1199 1194 5175 5185 5187 5177
3161 5 2 1 6122 5175 5185 5187 5177 5176 5186 5188 5178
3162 5 2 1 6122 5176 5186 5188 5178 1443 1448 1449 1444
3163 5 2 1 6122 1194 1199 1200 1195 5177 5187 5189 5179
3164 5 2 1 6122 5177 5187 5189 5179 5178 5188 5190 5180
3165 5 2 1 6122 5178 5188 5190 5180 1444 1449 1450 1445
3166 5 2 1 6122 1195 1200 178 177 5179 5189 2213 2211
3167 5 2 1 6122 5179 5189 2213 2211 5180 5190 2214 2212
3168 5 2 1 6122 5180 5190 2214 2212 1445 1450 233 232
3169 5 2 1 6122 163 164 1201 1196 2183 2185 5191 5181
3170 5 2 1 6122 2183 2185 5191 5181 2184 2186 5192 5182
3171 5 2 1 6122 2184 2186 5192 5182 223 224 1451 1446
3172 5 2 1 6122 1196 1201 1202 1197 5181 5191 5193 5183
3173 5 2 1 6122 5181 5191 5193 5183 5182 5192 5194 5184
3174 5 2 1 6122 5182 5192 5194 5184 1446 1451 1452 1447
3175 5 2 1 6122 1197 1202 1203 1198 5183 5193 5195 5185
3176 5 2 1 6122 5183 5193 5195 5185 5184 5194 5196 5186
3177 5 2 1 6122 5184 5194 5196 5186 1447 1452 1453 1448
3178 5 2 1 6122 1198 1203 1204 1199 5185 5195 5197 5187
3179 5 2 1 6122 5185 5195 5197 5187 5186 5196 5198 5188
3180 5 2 1 6122 5186 5196 5198 5188 1448 1453 1454 1449
3181 5 2 1 6122 1199 1204 1205 1200 5187 5197 5199 5189
3182 5 2 1 6122 5187 5197 5199 5189 5188 5198 5200 5190
3183 5 2 1 6122 5188 5198 5200 5190 1449 1454 1455 1450
3184 5 2 1 6122 1200 1205 179 178 5189 5199 2215 2213
3185 5 2 1 6122 5189 5199 2215 2213 5190 5200 2216 2214
3186 5 2 1 6122 5190 5200 2216 2214 1450 1455 234 233
3187 5 2 1 6122 164 165 1206 1201 2185 2187 5201 5191
3188 5 2 1 6122 2185 2187 5201 5191 2186 2188 5202 5192
3189 5 2 1 6122 2186 2188 5202 5192 224 225 1456 1451
3190 5 2 1 6122 1201 1206 1207 1202 5191 5201 5203 5193
3191 5 2 1 6122 5191 5201 5203 5193 5192 5202 5204 5194
3192 5 2 1 6122 5192 5202 5204 5194 1451 1456 1457 1452
3193 5 2 1 6122 1202 1207 1208 1203 5193 5203 5205 5195
3194 5 2 1 6122 5193 5203 5205 5195 5194 5204 5206 5196
3195 5 2 1 6122 5194 5204 5206 5196 1452 1457 1458 1453
3196 5 2 1 6122 1203 1208 1209 1204 5195 5205 5207 5197
3197 5 2 1 6122 5195 5205 5207 5197 5196 5206 5208 5198
3198 5 2 1 6122 5196 5206 5208 5198 1453 1458 1459 1454
3199 5 2 1 6122 1204 1209 1210 1205 5197 5207 5209 5199
3200 5 2 1 6122 5197 5207 5209 5199 5198 5208 5210 5200
3201 5 2 1 6122 5198 5208 5210 5200 1454 1459 1460 1455
3202 5 2 1 6122 1205 1210 180 179 5199 5209 2217 2215
3203 5 2 1 6122 5199 5209 2217 2215 5200 5210 2218 2216
3204 5 2 1 6122 5200 5210 2218 2216 1455 1460 235 234
3205 5 2 1 6122 165 166 1211 1206 2187 2189 5211 5201
3206 5 2 1 6122 2187 2189 5211 5201 2188 2190 5212 5202
3207 5 2 1 6122 2188 2190 5212 5202 225 226 1461 1456
3208 5 2 1 6122 1206 1211 1212 1207 5201 5211 5213 5203
3209 5 2 1 6122 5201 5211 5213 5203 5202 5212 5214 5204
3210 5 2 1 6122 5202 5212 5214 5204 1456 1461 1462 1457
3211 5 2 1 6122 1207 1212 1213 1208 5203 5213 5215 5205
3212 5 2 1 6122 5203 5213 5215 5205 5204 5214 5216 5206
3213 5 2 1 6122 5204 5214 5216 5206 1457 1462 1463 1458
3214 5 2 1 6122 1208 1213 1214 1209 5205 5215 5217 5207
3215 5 2 1 6122 5205 5215 5217 5207 5206 5216 5218 5208
3216 5 2 1 6122 5206 5216 5218 5208 1458 1463 1464 1459
3217 5 2 1 6122 1209 1214 1215 1210 5207 5217 5219 5209
3218 5 2 1 6122 5207 5217 5219 5209 5208 5218 5220 5210
3219 5 2 1 6122 5208 5218 5220 5210 1459 1464 1465 1460
3220 5 2 1 6122 1210 1215 181 180 5209 5219 2219 2217
3221 5 2 1 6122 5209 5219 2219 2217 5210 5220 2220 2218
3222 5 2 1 6122 5210 5220 2220 2218 1460 1465 236 235
3223 5 2 1 6122 166 27 407 1211 2189 685 3051 5211
3224 5 2 1 6122 2189 685 3051 5211 2190 686 3052 5212
3225 5 2 1 6122 2190 686 3052 5212 226 43 462 1461
3226 5 2 1 6122 1211 407 408 1212 5211 3051 3053 5213
3227 5 2 1 6122 5211 3051 3053 5213 5212 3052 3054 5214
3228 5 2 1 6122 5212 3052 3054 5214 1461 462 463 1462
3229 5 2 1 6122 1212 408 409 1213 5213 3053 3055 5215
3230 5 2 1 6122 5213 3053 3055 5215 5214 3054 3056 5216
3231 5 2 1 6122 5214 3054 3056 5216 1462 463 464 1463
3232 5 2 1 6122 1213 409 410 1214 5215 3055 3057 5217
3233 5 2 1 6122 5215 3055 3057 5217 5216 3056 3058 5218
3234 5 2 1 6122 5216 3056 3058 5218 1463 464 465 1464
3235 5 2 1 6122 1214 410 411 1215 5217 3057 3059 5219
3236 5 2 1 6122 5217 3057 3059 5219 5218 3058 3060 5220
3237 5 2 1 6122 5218 3058 3060 5220 1464 465 466 1465
3238 5 2 1 6122 1215 411 31 181 5219 3059 693 2219
3239 5 2 1 6122 5219 3059 693 2219 5220 3060 694 2220
3240 5 2 1 6122 5220 3060 694 2220 1465 466 46 236
3241 5 2 1 6200 32 182 1266 412 695 2221 5221 3061
3242 5 2 1 6200 695 2221 5221 3061 696 2222 5222 3062
3243 5 2 1 6200 696 2222 5222 3062 697 2223 5223 3063
3244 5 2 1 6200 697 2223 5223 3063 698 2224 5224 3064
3245 5 2 1 6200 698 2224 5224 3064 699 2225 5225 3065
3246 5 2 1 6200 699 2225 5225 3065 700 2226 5226 3066
3247 5 2 1 6200 700 2226 5226 3066 47 237 1516 467
3248 5 2 1 6200 412 1266 1267 413 3061 5221 5227 3067
3249 5 2 1 6200 3061 5221 5227 3067 3062 5222 5228 3068
3250 5 2 1 6200 3062 5222 5228 3068 3063 5223 5229 3069
3251 5 2 1 6200 3063 5223 5229 3069 3064 5224 5230 3070
3252 5 2 1 6200 3064 5224 5230 3070 3065 5225 5231 3071
3253 5 2 1 6200 3065 5225 5231 3071 3066 5226 5232 3072
3254 5 2 1 6200 3066 5226 5232 3072 467 1516 1517 468
3255 5 2 1 6200 413 1267 1268 414 3067 5227 5233 3073
3256 5 2 1 6200 3067 5227 5233 3073 3068 5228 5234 3074
3257 5 2 1 6200 3068 5228 5234 3074 3069 5229 5235 3075
3258 5 2 1 6200 3069 5229 5235 3075 3070 5230 5236 3076
3259 5 2 1 6200 3070 5230 5236 3076 3071 5231 5237 3077
3260 5 2 1 6200 3071 5231 5237 3077 3072 5232 5238 3078
3261 5 2 1 6200 3072 5232 5238 3078 468 1517 1518 469
3262 5 2 1 6200 414 1268 1269 415 3073 5233 5239 3079
3263 5 2 1 6200 3073 5233 5239 3079 3074 5234 5240 3080
3264 5 2 1 6200 3074 5234 5240 3080 3075 5235 5241 3081
3265 5 2 1 6200 3075 5235 5241 3081 3076 5236 5242 3082
3266 5 2 1 6200 3076 5236 5242 3082 3077 5237 5243 3083
3267 5 2 1 6200 3077 5237 5243 3083 3078 5238 5244 3084
3268 5 2 1 6200 3078 5238 5244 3084 469 1518 1519 470
3269 5 2 1 6200 415 1269 1270 416 3079 5239 5245 3085
3270 5 2 1 6200 3079 5239 5245 3085 3080 5240 5246 3086
3271 5 2 1 6200 3080 5240 5246 3086 3081 5241 5247 3087
3272 5 2 1 6200 3081 5241 5247 3087 3082 5242 5248 3088
3273 5 2 1 6200 3082 5242 5248 3088 3083 5243 5249 3089
3274 5 2 1 6200 3083 5243 5249 3089 3084 5244 5250 3090
3275 5 2 1 6200 3084 5244 5250 3090 470 1519 1520 471
3276 5 2 1 6200 416 1270 197 36 3085 5245 2311 719
3277 5 2 1 6200 3085 5245 2311 719 3086 5246 2312 720
3278 5 2 1 6200 3086 5246 2312 720 3087 5247 2313 721
3279 5 2 1 6200 3087 5247 2313 721 3088 5248 2314 722
3280 5 2 1 6200 3088 5248 2314 722 3089 5249 2315 723
3281 5 2 1 6200 3089 5249 2315 723 3090 5250 2316 724
3282 5 2 1 6200 3090 5250 2316 724 471 1520 252 51
3283 5 2 1 6200 182 183 1271 1266 2221 2227 5251 5221
3284 5 2 1 6200 2221 2227 5251 5221 2222 2228 5252 5222
3285 5 2 1 6200 2222 2228 5252 5222 2223 2229 5253 5223
3286 5 2 1 6200 2223 2229 5253 5223 2224 2230 5254 5224
3287 5 2 1 6200 2224 2230 5254 5224 2225 2231 5255 5225
3288 5 2 1 6200 2225 2231 5255 5225 2226 2232 5256 5226
3289 5 2 1 6200 2226 2232 5256 5226 237 238 1521 1516
3290 5 2 1 6200 1266 1271 1272 1267 5221 5251 5257 5227
3291 5 2 1 6200 5221 5251 5257 5227 5222 5252 5258 5228
3292 5 2 1 6200 5222 5252 5258 5228 5223 5253 5259 5229
3293 5 2 1 6200 5223 5253 5259 5229 5224 5254 5260 5230
3294 5 2 1 6200 5224 5254 5260 5230 5225 5255 5261 5231
3295 5 2 1 6200 5225 5255 5261 5231 5226 5256 5262 5232
3296 5 2 1 6200 5226 5256 5262 5232 1516 1521 1522 1517
3297 5 2 1 6200 1267 1272 1273 1268 5227 5257 5263 5233
3298 5 2 1 6200 5227 5257 5263 5233 5228 5258 5264 5234
3299 5 2 1 6200 5228 5258 5264 5234 5229 5259 5265 5235
3300 5 2 1 6200 5229 5259 5265 5235 5230 5260 5266 5236
3301 5 2 1 6200 5230 5260 5266 5236 5231 5261 5267 5237
3302 5 2 1 6200 5231 5261 5267 5237 5232 5262 5268 5238
3303 5 2 1 6200 5232 5262 5268 5238 1517 1522 1523 1518
3304 5 2 1 6200 1268 1273 1274 1269 5233 5263 5269 5239
3305 5 2 1 6200 5233 5263 5269 5239 5234 5264 5270 5240
3306 5 2 1 6200 5234 5264 5270 5240 5235 5265 5271 5241
3307 5 2 1 6200 5235 5265 5271 5241 5236 5266 5272 5242
3308 5 2 1 6200 5236 5266 5272 5242 5237 5267 5273 5243
3309 5 2 1 6200 5237 5267 5273 5243 5238 5268 5274 5244
3310 5 2 1 6200 5238 5268 5274 5244 1518 1523 1524 1519
3311 5 2 1 6200 1269 1274 1275 1270 5239 5269 5275 5245
3312 5 2 1 6200 5239 5269 5275 5245 5240 5270 5276 5246
3313 5 2 1 6200 5240 5270 5276 5246 5241 5271 5277 5247
3314 5 2 1 6200 5241 5271 5277 5247 5242 5272 5278 5248
3315 5 2 1 6200 5242 5272 5278 5248 5243 5273 5279 5249
3316 5 2 1 6200 5243 5273 5279 5249 5244 5274 5280 5250
3317 5 2 1 6200 5244 5274 5280 5250 1519 1524 1525 1520
3318 5 2 1 6200 1270 1275 198 197 5245 5275 2317 2311
3319 5 2 1 6200 5245 5275 2317 2311 5246 5276 2318 2312
3320 5 2 1 6200 5246 5276 2318 2312 5247 5277 2319 2313
3321 5 2 1 6200 5247 5277 2319 2313 5248 5278 2320 2314
3322 5 2 1 6200 5248 5278 2320 2314 5249 5279 2321 2315
3323 5 2 1 6200 5249 5279 2321 2315 5250 5280 2322 2316
3324 5 2 1 6200 5250 5280 2322 2316 1520 1525 253 252
3325 5 2 1 6200 183 184 1276 1271 2227 2233 5281 5251
3326 5 2 1 6200 2227 2233 5281 5251 2228 2234 5282 5252
3327 5 2 1 6200 2228 2234 5282 5252 2229 2235 5283 5253
3328 5 2 1 6200 2229 2235 5283 5253 2230 2236 5284 5254
3329 5 2 1 6200 2230 2236 5284 5254 2231 2237 5285 5255
3330 5 2 1 6200 2231 2237 5285 5255 2232 2238 5286 5256
3331 5 2 1 6200 2232 2238 5286 5256 238 239 1526 1521
3332 5 2 1 6200 1271 1276 1277 1272 5251 5281 5287 5257
3333 5 2 1 6200 5251 5281 5287 5257 5252 5282 5288 5258
3334 5 2 1 6200 5252 5282 5288 5258 5253 5283 5289 5259
3335 5 2 1 6200 5253 5283 5289 5259 5254 5284 5290 5260
3336 5 2 1 6200 5254 5284 5290 5260 5255 5285 5291 5261
3337 5 2 1 6200 5255 5285 5291 5261 5256 5286 5292 5262
3338 5 2 1 6200 5256 5286 5292 5262 1521 1526 1527 1522
3339 5 2 1 6200 1272 1277 1278 1273 5257 5287 5293 5263
3340 5 2 1 6200 5257 5287 5293 5263 5258 5288 5294 5264
3341 5 2 1 6200 5258 5288 5294 5264 5259 5289 5295 5265
3342 5 2 1 6200 5259 5289 5295 5265 5260 5290 5296 5266
3343 5 2 1 6200 5260 5290 5296 5266 5261 5291 5297 5267
3344 5 2 1 6200 5261 5291 5297 5267 5262 5292 5298 5268
3345 5 2 1 6200 5262 5292 5298 5268 1522 1527 1528 1523
3346 5 2 1 6200 1273 1278 1279 1274 5263 5293 5299 5269
3347 5 2 1 6200 5263 5293 5299 5269 5264 5294 5300 5270
3348 5 2 1 6200 5264 5294 5300 5270 5265 5295 5301 5271
3349 5 2 1 6200 5265 5295 5301 5271 5266 5296 5302 5272
3350 5 2 1 6200 5266 5296 5302 5272 5267 5297 5303 5273
3351 5 2 1 6200 5267 5297 5303 5273 5268 5298 5304 5274
3352 5 2 1 6200 5268 5298 5304 5274 1523 1528 1529 1524
3353 5 2 1 6200 1274 1279 1280 1275 5269 5299 5305 5275
3354 5 2 1 6200 5269 5299 5305 5275 5270 5300 5306 5276
3355 5 2 1 6200 5270 5300 5306 5276 5271 5301 5307 5277
3356 5 2 1 6200 5271 5301 5307 5277 5272 5302 5308 5278
3357 5 2 1 6200 5272 5302 5308 5278 5273 5303 5309 5279
3358 5 2 1 6200 5273 5303 5309 5279 5274 5304 5310 5280
3359 5 2 1 6200 5274 5304 5310 5280 1524 1529 1530 1525
3360 5 2 1 6200 1275 1280 199 198 5275 5305 2323 2317
3361 5 2 1 6200 5275 5305 2323 2317 5276 5306 2324 2318
3362 5 2 1 6200 5276 5306 2324 2318 5277 5307 2325 2319
3363 5 2 1 6200 5277 5307 2325 2319 5278 5308 2326 2320
3364 5 2 1 6200 5278 5308 2326 2320 5279 5309 2327 2321
3365 5 2 1 6200 5279 5309 2327 2321 5280 5310 2328 2322
3366 5 2 1 6200 5280 5310 2328 2322 1525 1530 254 253
3367 5 2 1 6200 184 185 1281 1276 2233 2239 5311 5281
3368 5 2 1 6200 2233 2239 5311 5281 2234 2240 5312 5282
3369 5 2 1 6200 2234 2240 5312 5282 2235 2241 5313 5283
3370 5 2 1 6200 2235 2241 5313 5283 2236 2242 5314 5284
3371 5 2 1 6200 2236 2242 5314 5284 2237 2243 5315 5285
3372 5 2 1 6200 2237 2243 5315 5285 2238 2244 5316 5286
3373 5 2 1 6200 2238 2244 5316 5286 239 240 1531 1526
3374 5 2 1 6200 1276 1281 1282 1277 5281 5311 5317 5287
3375 5 2 1 6200 5281 5311 5317 5287 5282 5312 5318 5288
3376 5 2 1 6200 5282 5312 5318 5288 5283 5313 5319 5289
3377 5 2 1 6200 5283 5313 5319 5289 5284 5314 5320 5290
3378 5 2 1 6200 5284 5314 5320 5290 5285 5315 5321 5291
3379 5 2 1 6200 5285 5315 5321 5291 5286 5316 5322 5292
3380 5 2 1 6200 5286 5316 5322 5292 1526 1531 1532 1527
3381 5 2 1 6200 1277 1282 1283 1278 5287 5317 5323 5293
3382 5 2 1 6200 5287 5317 5323 5293 5288 5318 5324 5294
3383 5 2 1 6200 5288 5318 5324 5294 5289 5319 5325 5295
3384 5 2 1 6200 5289 5319 5325 5295 5290 5320 5326 5296
3385 5 2 1 6200 5290 5320 5326 5296 5291 5321 5327 5297
3386 5 2 1 6200 5291 5321 5327 5297 5292 5322 5328 5298
3387 5 2 1 6200 5292 5322 5328 5298 1527 1532 1533 1528
3388 5 2 1 6200 1278 1283 1284 1279 5293 5323 5329 5299
3389 5 2 1 6200 5293 5323 5329 5299 5294 5324 5330 5300
3390 5 2 1 6200 5294 5324 5330 5300 5295 5325 5331 5301
3391 5 2 1 6200 5295 5325 5331 5301 5296 5326 5332 5302
3392 5 2 1 6200 5296 5326 5332 5302 5297 5327 5333 5303
3393 5 2 1 6200 5297 5327 5333 5303 5298 5328 5334 5304
3394 5 2 1 6200 5298 5328 5334 5304 1528 1533 1534 1529
3395 5 2 1 6200 1279 1284 1285 1280 5299 5329 5335 5305
3396 5 2 1 6200 5299 5329 5335 5305 5300 5330 5336 5306
3397 5 2 1 6200 5300 5330 5336 5306 5301 5331 5337 5307
3398 5 2 1 6200 5301 5331 5337 5307 5302 5332 5338 5308
3399 5 2 1 6200 5302 5332 5338 5308 5303 5333 5339 5309
3400 5 2 1 6200 5303 5333 5339 5309 5304 5334 5340 5310
3401 5 2 1 6200 5304 5334 5340 5310 1529 1534 1535 1530
3402 5 2 1 6200 1280 1285 200 199 5305 5335 2329 2323
3403 5 2 1 6200 5305 5335 2329 2323 5306 5336 2330 2324
3404 5 2 1 6200 5306 5336 2330 2324 5307 5337 2331 2325
3405 5 2 1 6200 5307 5337 2331 2325 5308 5338 2332 2326
3406 5 2 1 6200 5308 5338 2332 2326 5309 5339 2333 2327
3407 5 2 1 6200 5309 5339 2333 2327 5310 5340 2334 2328
3408 5 2 1 6200 5310 5340 2334 2328 1530 1535 255 254
3409 5 2 1 6200 185 186 1286 1281 2239 2245 5341 5311
3410 5 2 1 6200 2239 2245 5341 5311 2240 2246 5342 5312
3411 5 2 1 6200 2240 2246 5342 5312 2241 2247 5343 5313
3412 5 2 1 6200 2241 2247 5343 5313 2242 2248 5344 5314
3413 5 2 1 6200 2242 2248 5344 5314 2243 2249 5345 5315
3414 5 2 1 6200 2243 2249 5345 5315 2244 2250 5346 5316
3415 5 2 1 6200 2244 2250 5346 5316 240 241 1536 1531
3416 5 2 1 6200 1281 1286 1287 1282 5311 5341 5347 5317
3417 5 2 1 6200 5311 5341 5347 5317 5312 5342 5348 5318
3418 5 2 1 6200 5312 5342 5348 5318 5313 5343 5349 5319
3419 5 2 1 6200 5313 5343 5349 5319 5314 5344 5350 5320
3420 5 2 1 6200 5314 5344 5350 5320 5315 5345 5351 5321
3421 5 2 1 6200 5315 5345 5351 5321 5316 5346 5352 5322
3422 5 2 1 6200 5316 5346 5352 5322 1531 1536 1537 1532
3423 5 2 1 6200 1282 1287 1288 1283 5317 5347 5353 5323
3424 5 2 1 6200 5317 5347 5353 5323 5318 5348 5354 5324
3425 5 2 1 6200 5318 5348 5354 5324 5319 5349 5355 5325
3426 5 2 1 6200 5319 5349 5355 5325 5320 5350 5356 5326
3427 5 2 1 6200 5320 5350 5356 5326 5321 5351 5357 5327
3428 5 2 1 6200 5321 5351 5357 5327 5322 5352 5358 5328
3429 5 2 1 6200 5322 5352 5358 5328 1532 1537 1538 1533
3430 5 2 1 6200 1283 1288 1289 1284 5323 5353 5359 5329
3431 5 2 1 6200 5323 5353 5359 5329 5324 5354 5360 5330
3432 5 2 1 6200 5324 5354 5360 5330 5325 5355 5361 5331
3433 5 2 1 6200 5325 5355 5361 5331 5326 5356 5362 5332
3434 5 2 1 6200 5326 5356 5362 5332 5327 5357 5363 5333
3435 5 2 1 6200 5327 5357 5363 5333 5328 5358 5364 5334
3436 5 2 1 6200 5328 5358 5364 5334 1533 1538 1539 1534
3437 5 2 1 6200 1284 1289 1290 1285 5329 5359 5365 5335
3438 5 2 1 6200 5329 5359 5365 5335 5330 5360 5366 5336
3439 5 2 1 6200 5330 5360 5366 5336 5331 5361 5367 5337
3440 5 2 1 6200 5331 5361 5367 5337 5332 5362 5368 5338
3441 5 2 1 6200 5332 5362 5368 5338 5333 5363 5369 5339
3442 5 2 1 6200 5333 5363 5369 5339 5334 5364 5370 5340
3443 5 2 1 6200 5334 5364 5370 5340 1534 1539 1540 1535
3444 5 2 1 6200 1285 1290 201 200 5335 5365 2335 2329
3445 5 2 1 6200 5335 5365 2335 2329 5336 5366 2336 2330
3446 5 2 1 6200 5336 5366 2336 2330 5337 5367 2337 2331
3447 5 2 1 6200 5337 5367 2337 2331 5338 5368 2338 2332
3448 5 2 1 6200 5338 5368 2338 2332 5339 5369 2339 2333
3449 5 2 1 6200 5339 5369 2339 2333 5340 5370 2340 2334
3450 5 2 1 6200 5340 5370 2340 2334 1535 1540 256 255
3451 5 2 1 6200 186 33 422 1286 2245 701 3151 5341
3452 5 2 1 6200 2245 701 3151 5341 2246 702 3152 5342
3453 5 2 1 6200 2246 702 3152 5342 2247 703 3153 5343
3454 5 2 1 6200 2247 703 3153 5343 2248 704 3154 5344
3455 5 2 1 6200 2248 704 3154 5344 2249 705 3155 5345
3456 5 2 1 6200 2249 705 3155 5345 2250 706 3156 5346
3457 5 2 1 6200 2250 706 3156 5346 241 48 482 1536
3458 5 2 1 6200 1286 422 423 1287 5341 3151 3157 5347
3459 5 2 1 6200 5341 3151 3157 5347 5342 3152 3158 5348
3460 5 2 1 6200 5342 3152 3158 5348 5343 3153 3159 5349
3461 5 2 1 6200 5343 3153 3159 5349 5344 3154 3160 5350
3462 5 2 1 6200 5344 3154 3160 5350 5345 3155 3161 5351
3463 5 2 1 6200 5345 3155 3161 5351 5346 3156 3162 5352
3464 5 2 1 6200 5346 3156 3162 5352 1536 482 483 1537
3465 5 2 1 6200 1287 423 424 1288 5347 3157 3163 5353
3466 5 2 1 6200 5347 3157 3163 5353 5348 3158 3164 5354
3467 5 2 1 6200 5348 3158 3164 5354 5349 3159 3165 5355
3468 5 2 1 6200 5349 3159 3165 5355 5350 3160 3166 5356
3469 5 2 1 6200 5350 3160 3166 5356 5351 3161 3167 5357
3470 5 2 1 6200 5351 3161 3167 5357 5352 3162 3168 5358
3471 5 2 1 6200 5352 3162 3168 5358 1537 483 484 1538
3472 5 2 1 6200 1288 424 425 1289 5353 3163 3169 5359
3473 5 2 1 6200 5353 3163 3169 5359 5354 3164 3170 5360
3474 5 2 1 6200 5354 3164 3170 5360 5355 3165 3171 5361
3475 5 2 1 6200 5355 3165 3171 5361 5356 3166 3172 5362
3476 5 2 1 6200 5356 3166 3172 5362 5357 3167 3173 5363
3477 5 2 1 6200 5357 3167 3173 5363 5358 3168 3174 5364
3478 5 2 1 6200 5358 3168 3174 5364 1538 484 485 1539
3479 5 2 1 6200 1289 425 426 1290 5359 3169 3175 5365
3480 5 2 1 6200 5359 3169 3175 5365 5360 3170 3176 5366
3481 5 2 1 6200 5360 3170 3176 5366 5361 3171 3177 5367
3482 5 2 1 6200 5361 3171 3177 5367 5362 3172 3178 5368
3483 5 2 1 6200 5362 3172 3178 5368 5363 3173 3179 5369
3484 5 2 1 6200 5363 3173 3179 5369 5364 3174 3180 5370
3485 5 2 1 6200 5364 3174 3180 5370 1539 485 486 1540
3486 5 2 1 6200 1290 426 37 201 5365 3175 725 2335
3487 5 2 1 6200 5365 3175 725 2335 5366 3176 726 2336
3488 5 2 1 6200 5366 3176 726 2336 5367 3177 727 2337
3489 5 2 1 6200 5367 3177 727 2337 5368 3178 728 2338
3490 5 2 1 6200 5368 3178 728 2338 5369 3179 729 2339
3491 5 2 1 6200 5369 3179 729 2339 5370 3180 730 2340
3492 5 2 1 6200 5370 3180 730 2340 1540 486 52 256
3493 5 2 1 6201 33 187 1291 422 701 2251 5371 3151
3494 5 2 1 6201 701 2251 5371 3151 702 2252 5372 3152
3495 5 2 1 6201 702 2252 5372 3152 703 2253 5373 3153
3496 5 2 1 6201 703 2253 5373 3153 704 2254 5374 3154
3497 5 2 1 6201 704 2254 5374 3154 705 2255 5375 3155
3498 5 2 1 6201 705 2255 5375 3155 706 2256 5376 3156
3499 5 2 1 6201 706 2256 5376 3156 48 242 1541 482
3500 5 2 1 6201 422 1291 1292 423 3151 5371 5377 3157
3501 5 2 1 6201 3151 5371 5377 3157 3152 5372 5378 3158
3502 5 2 1 6201 3152 5372 5378 3158 3153 5373 5379 3159
3503 5 2 1 6201 3153 5373 5379 3159 3154 5374 5380 3160
3504 5 2 1 6201 3154 5374 5380 3160 3155 5375 5381 3161
3505 5 2 1 6201 3155 5375 5381 3161 3156 5376 5382 3162
3506 5 2 1 6201 3156 5376 5382 3162 482 1541 1542 483
3507 5 2 1 6201 423 1292 1293 424 3157 5377 5383 3163
3508 5 2 1 6201 3157 5377 5383 3163 3158 5378 5384 3164
3509 5 2 1 6201 3158 5378 5384 3164 3159 5379 5385 3165
3510 5 2 1 6201 3159 5379 5385 3165 3160 5380 5386 3166
3511 5 2 1 6201 3160 5380 5386 3166 3161 5381 5387 3167
3512 5 2 1 6201 3161 5381 5387 3167 3162 5382 5388 3168
3513 5 2 1 6201 3162 5382 5388 3168 483 1542 1543 484
3514 5 2 1 6201 424 1293 1294 425 3163 5383 5389 3169
3515 5 2 1 6201 3163 5383 5389 3169 3164 5384 5390 3170
3516 5 2 1 6201 3164 5384 5390 3170 3165 5385 5391 3171
3517 5 2 1 6201 3165 5385 5391 3171 3166 5386 5392 3172
3518 5 2 1 6201 3166 5386 5392 3172 3167 5387 5393 3173
3519 5 2 1 6201 3167 5387 5393 3173 3168 5388 5394 3174
3520 5 2 1 6201 3168 5388 5394 3174 484 1543 1544 485
3521 5 2 1 6201 425 1294 1295 426 3169 5389 5395 3175
3522 5 2 1 6201 3169 5389 5395 3175 3170 5390 5396 3176
3523 5 2 1 6201 3170 5390 5396 3176 3171 5391 5397 3177
3524 5 2 1 6201 3171 5391 5397 3177 3172 5392 5398 3178
3525 5 2 1 6201 3172 5392 5398 3178 3173 5393 5399 3179
3526 5 2 1 6201 3173 5393 5399 3179 3174 5394 5400 3180
3527 5 2 1 6201 3174 5394 5400 3180 485 1544 1545 486
3528 5 2 1 6201 426 1295 202 37 3175 5395 2341 725
3529 5 2 1 6201 3175 5395 2341 725 3176 5396 2342 726
3530 5 2 1 6201 3176 5396 2342 726 3177 5397 2343 727
3531 5 2 1 6201 3177 5397 2343 727 3178 5398 2344 728
3532 5 2 1 6201 3178 5398 2344 728 3179 5399 2345 729
3533 5 2 1 6201 3179 5399 2345 729 3180 5400 2346 730
3534 5 2 1 6201 3180 5400 2346 730 486 1545 257 52
3535 5 2 1 6201 187 188 1296 1291 2251 2257 5401 5371
3536 5 2 1 6201 2251 2257 5401 5371 2252 2258 5402 5372
3537 5 2 1 6201 2252 2258 5402 5372 2253 2259 5403 5373
3538 5 2 1 6201 2253 2259 5403 5373 2254 2260 5404 5374
3539 5 2 1 6201 2254 2260 5404 5374 2255 2261 5405 5375
3540 5 2 1 6201 2255 2261 5405 5375 2256 2262 5406 5376
3541 5 2 1 6201 2256 2262 5406 5376 242 243 1546 1541
3542 5 2 1 6201 1291 1296 1297 1292 5371 5401 5407 5377
3543 5 2 1 6201 5371 5401 5407 5377 5372 5402 5408 5378
3544 5 2 1 6201 5372 5402 5408 5378 5373 5403 5409 5379
3545 5 2 1 6201 5373 5403 5409 5379 5374 5404 5410 5380
3546 5 2 1 6201 5374 5404 5410 5380 5375 5405 5411 5381
3547 5 2 1 6201 5375 5405 5411 5381 5376 5406 5412 5382
3548 5 2 1 6201 5376 5406 5412 5382 1541 1546 1547 1542
3549 5 2 1 6201 1292 1297 1298 1293 5377 5407 5413 5383
3550 5 2 1 6201 5377 5407 5413 5383 5378 5408 5414 5384
3551 5 2 1 6201 5378 5408 5414 5384 5379 5409 5415 5385
3552 5 2 1 6201 5379 5409 5415 5385 5380 5410 5416 5386
3553 5 2 1 6201 5380 5410 5416 5386 5381 5411 5417 5387
3554 5 2 1 6201 5381 5411 5417 5387 5382 5412 5418 5388
3555 5 2 1 6201 5382 5412 5418 5388 1542 1547 1548 1543
3556 5 2 1 6201 1293 1298 1299 1294 5383 5413 5419 5389
3557 5 2 1 6201 5383 5413 5419 5389 5384 5414 5420 5390
3558 5 2 1 6201 5384 5414 5420 5390 5385 5415 5421 5391
3559 5 2 1 6201 5385 5415 5421 5391 5386 5416 5422 5392
3560 5 2 1 6201 5386 5416 5422 5392 5387 5417 5423 5393
3561 5 2 1 6201 5387 5417 5423 5393 5388 5418 5424 5394
3562 5 2 1 6201 5388 5418 5424 5394 1543 1548 1549 1544
3563 5 2 1 6201 1294 1299 1300 1295 5389 5419 5425 5395
3564 5 2 1 6201 5389 5419 5425 5395 5390 5420 5426 5396
3565 5 2 1 6201 5390 5420 5426 5396 5391 5421 5427 5397
3566 5 2 1 6201 5391 5421 5427 5397 5392 5422 5428 5398
3567 5 2 1 6201 5392 5422 5428 5398 5393 5423 5429 5399
3568 5 2 1 6201 5393 5423 5429 5399 5394 5424 5430 5400
3569 5 2 1 6201 5394 5424 5430 5400 1544 1549 1550 1545
3570 5 2 1 6201 1295 1300 203 202 5395 5425 2347 2341
3571 5 2 1 6201 5395 5425 2347 2341 5396 5426 2348 2342
3572 5 2 1 6201 5396 5426 2348 2342 5397 5427 2349 2343
3573 5 2 1 6201 5397 5427 2349 2343 5398 5428 2350 2344
3574 5 2 1 6201 5398 5428 2350 2344 5399 5429 2351 2345
3575 5 2 1 6201 5399 5429 2351 2345 5400 5430 2352 2346
3576 5 2 1 6201 5400 5430 2352 2346 1545 1550 258 257
3577 5 2 1 6201 188 189 1301 1296 2257 2263 5431 5401
3578 5 2 1 6201 2257 2263 5431 5401 2258 2264 5432 5402
3579 5 2 1 6201 2258 2264 5432 5402 2259 2265 5433 5403
3580 5 2 1 6201 2259 2265 5433 5403 2260 2266 5434 5404
3581 5 2 1 6201 2260 2266 5434 5404 2261 2267 5435 5405
3582 5 2 1 6201 2261 2267 5435 5405 2262 2268 5436 5406
3583 5 2 1 6201 2262 2268 5436 5406 243 244 1551 1546
3584 5 2 1 6201 1296 1301 1302 1297 5401 5431 5437 5407
3585 5 2 1 6201 5401 5431 5437 5407 5402 5432 5438 5408
3586 5 2 1 6201 5402 5432 5438 5408 5403 5433 5439 5409
3587 5 2 1 6201 5403 5433 5439 5409 5404 5434 5440 5410
3588 5 2 1 6201 5404 5434 5440 5410 5405 5435 5441 5411
3589 5 2 1 6201 5405 5435 5441 5411 5406 5436 5442 5412
3590 5 2 1 6201 5406 5436 5442 5412 1546 1551 1552 1547
3591 5 2 1 6201 1297 1302 1303 1298 5407 5437 5443 5413
3592 5 2 1 6201 5407 5437 5443 5413 5408 5438 5444 5414
3593 5 2 1 6201 5408 5438 5444 5414 5409 5439 5445 5415
3594 5 2 1 6201 5409 5439 5445 5415 5410 5440 5446 5416
3595 5 2 1 6201 5410 5440 5446 5416 5411 5441 5447 5417
3596 5 2 1 6201 5411 5441 5447 5417 5412 5442 5448 5418
3597 5 2 1 6201 5412 5442 5448 5418 1547 1552 1553 1548
3598 5 2 1 6201 1298 1303 1304 1299 5413 5443 5449 5419
3599 5 2 1 6201 5413 5443 5449 5419 5414 5444 5450 5420
3600 5 2 1 6201 5414 5444 5450 5420 5415 5445 5451 5421
3601 5 2 1 6201 5415 5445 5451 5421 5416 5446 5452 5422
3602 5 2 1 6201 5416 5446 5452 5422 5417 5447 5453 5423
3603 5 2 1 6201 5417 5447 5453 5423 5418 5448 5454 5424
3604 5 2 1 6201 5418 5448 5454 5424 1548 1553 1554 1549
3605 5 2 1 6201 1299 1304 1305 1300 5419 5449 5455 5425
3606 5 2 1 6201 5419 5449 5455 5425 5420 5450 5456 5426
3607 5 2 1 6201 5420 5450 5456 5426 5421 5451 5457 5427
3608 5 2 1 6201 5421 5451 5457 5427 5422 5452 5458 5428
3609 5 2 1 6201 5422 5452 5458 5428 5423 5453 5459 5429
3610 5 2 1 6201 5423 5453 5459 5429 5424 5454 5460 5430
3611 5 2 1 6201 5424 5454 5460 5430 1549 1554 1555 1550
3612 5 2 1 6201 1300 1305 204 203 5425 5455 2353 2347
3613 5 2 1 6201 5425 5455 2353 2347 5426 5456 2354 2348
3614 5 2 1 6201 5426 5456 2354 2348 5427 5457 2355 2349
3615 5 2 1 6201 5427 5457 2355 2349 5428 5458 2356 2350
3616 5 2 1 6201 5428 5458 2356 2350 5429 5459 2357 2351
3617 5 2 1 6201 5429 5459 2357 2351 5430 5460 2358 2352
3618 5 2 1 6201 5430 5460 2358 2352 1550 1555 259 258
3619 5 2 1 6201 189 190 1306 1301 2263 2269 5461 5431
3620 5 2 1 6201 2263 2269 5461 5431 2264 2270 5462 5432
3621 5 2 1 6201 2264 2270 5462 5432 2265 2271 5463 5433
3622 5 2 1 6201 2265 2271 5463 5433 2266 2272 5464 5434
3623 5 2 1 6201 2266 2272 5464 5434 2267 2273 5465 5435
3624 5 2 1 6201 2267 2273 5465 5435 2268 2274 5466 5436
3625 5 2 1 6201 2268 2274 5466 5436 244 245 1556 1551
3626 5 2 1 6201 1301 1306 1307 1302 5431 5461 5467 5437
3627 5 2 1 6201 5431 5461 5467 5437 5432 5462 5468 5438
3628 5 2 1 6201 5432 5462 5468 5438 5433 5463 5469 5439
3629 5 2 1 6201 5433 5463 5469 5439 5434 5464 5470 5440
3630 5 2 1 6201 5434 5464 5470 5440 5435 5465 5471 5441
3631 5 2 1 6201 5435 5465 5471 5441 5436 5466 5472 5442
3632 5 2 1 6201 5436 5466 5472 5442 1551 1556 1557 1552
3633 5 2 1 6201 1302 1307 1308 1303 5437 5467 5473 5443
3634 5 2 1 6201 5437 5467 5473 5443 5438 5468 5474 5444
3635 5 2 1 6201 5438 5468 5474 5444 5439 5469 5475 5445
3636 5 2 1 6201 5439 5469 5475 5445 5440 5470 5476 5446
3637 5 2 1 6201 5440 5470 5476 5446 5441 5471 5477 5447
3638 5 2 1 6201 5441 5471 5477 5447 5442 5472 5478 5448
3639 5 2 1 6201 5442 5472 5478 5448 1552 1557 1558 1553
3640 5 2 1 6201 1303 1308 1309 1304 5443 5473 5479 5449
3641 5 2 1 6201 5443 5473 5479 5449 5444 5474 5480 5450
3642 5 2 1 6201 5444 5474 5480 5450 5445 5475 5481 5451
3643 5 2 1 6201 5445 5475 5481 5451 5446 5476 5482 5452
3644 5 2 1 6201 5446 5476 5482 5452 5447 5477 5483 5453
3645 5 2 1 6201 5447 5477 5483 5453 5448 5478 5484 5454
3646 5 2 1 6201 5448 5478 5484 5454 1553 1558 1559 1554
3647 5 2 1 6201 1304 1309 1310 1305 5449 5479 5485 5455
3648 5 2 1 6201 5449 5479 5485 5455 5450 5480 5486 5456
3649 5 2 1 6201 5450 5480 5486 5456 5451 5481 5487 5457
3650 5 2 1 6201 5451 5481 5487 5457 5452 5482 5488 5458
3651 5 2 1 6201 5452 5482 5488 5458 5453 5483 5489 5459
3652 5 2 1 6201 5453 5483 5489 5459 5454 5484 5490 5460
3653 5 2 1 6201 5454 5484 5490 5460 1554 1559 1560 1555
3654 5 2 1 6201 1305 1310 205 204 5455 5485 2359 2353
3655 5 2 1 6201 5455 5485 2359 2353 5456 5486 2360 2354
3656 5 2 1 6201 5456 5486 2360 2354 5457 5487 2361 2355
3657 5 2 1 6201 5457 5487 2361 2355 5458 5488 2362 2356
3658 5 2 1 6201 5458 5488 2362 2356 5459 5489 2363 2357
3659 5 2 1 6201 5459 5489 2363 2357 5460 5490 2364 2358
3660 5 2 1 6201 5460 5490 2364 2358 1555 1560 260 259
3661 5 2 1 6201 190 191 1311 1306 2269 2275 5491 5461
3662 5 2 1 6201 2269 2275 5491 5461 2270 2276 5492 5462
3663 5 2 1 6201 2270 2276 5492 5462 2271 2277 5493 5463
3664 5 2 1 6201 2271 2277 5493 5463 2272 2278 5494 5464
3665 5 2 1 6201 2272 2278 5494 5464 2273 2279 5495 5465
3666 5 2 1 6201 2273 2279 5495 5465 2274 2280 5496 5466
3667 5 2 1 6201 2274 2280 5496 5466 245 246 1561 1556
3668 5 2 1 6201 1306 1311 1312 1307 5461 5491 5497 5467
3669 5 2 1 6201 5461 5491 5497 5467 5462 5492 5498 5468
3670 5 2 1 6201 5462 5492 5498 5468 5463 5493 5499 5469
3671 5 2 1 6201 5463 5493 5499 5469 5464 5494 5500 5470
3672 5 2 1 6201 5464 5494 5500 5470 5465 5495 5501 5471
3673 5 2 1 6201 5465 5495 5501 5471 5466 5496 5502 5472
3674 5 2 1 6201 5466 5496 5502 5472 1556 1561 1562 1557
3675 5 2 1 6201 1307 1312 1313 1308 5467 5497 5503 5473
3676 5 2 1 6201 5467 5497 5503 5473 5468 5498 5504 5474
3677 5 2 1 6201 5468 5498 5504 5474 5469 5499 5505 5475
3678 5 2 1 6201 5469 5499 5505 5475 5470 5500 5506 5476
3679 5 2 1 6201 5470 5500 5506 5476 5471 5501 5507 5477
3680 5 2 1 6201 5471 5501 5507 5477 5472 5502 5508 5478
3681 5 2 1 6201 5472 5502 5508 5478 1557 1562 1563 1558
3682 5 2 1 6201 1308 1313 1314 1309 5473 5503 5509 5479
3683 5 2 1 6201 5473 5503 5509 5479 5474 5504 5510 5480
3684 5 2 1 6201 5474 5504 5510 5480 5475 5505 5511 5481
3685 5 2 1 6201 5475 5505 5511 5481 5476 5506 5512 5482
3686 5 2 1 6201 5476 5506 5512 5482 5477 5507 5513 5483
3687 5 2 1 6201 5477 5507 5513 5483 5478 5508 5514 5484
3688 5 2 1 6201 5478 5508 5514 5484 1558 1563 1564 1559
3689 5 2 1 6201 1309 1314 1315 1310 5479 5509 5515 5485
3690 5 2 1 6201 5479 5509 5515 5485 5480 5510 5516 5486
3691 5 2 1 6201 5480 5510 5516 5486 5481 5511 5517 5487
3692 5 2 1 6201 5481 5511 5517 5487 5482 5512 5518 5488
3693 5 2 1 6201 5482 5512 5518 5488 5483 5513 5519 5489
3694 5 2 1 6201 5483 5513 5519 5489 5484 5514 5520 5490
3695 5 2 1 6201 5484 5514 5520 5490 1559 1564 1565 1560
3696 5 2 1 6201 1310 1315 206 205 5485 5515 2365 2359
3697 5 2 1 6201 5485 5515 2365 2359 5486 5516 2366 2360
3698 5 2 1 6201 5486 5516 2366 2360 5487 5517 2367 2361
3699 5 2 1 6201 5487 5517 2367 2361 5488 5518 2368 2362
3700 5 2 1 6201 5488 5518 2368 2362 5489 5519 2369 2363
3701 5 2 1 6201 5489 5519 2369 2363 5490 5520 2370 2364
3702 5 2 1 6201 5490 5520 2370 2364 1560 1565 261 260
3703 5 2 1 6201 191 34 437 1311 2275 707 3241 5491
3704 5 2 1 6201 2275 707 3241 5491 2276 708 3242 5492
3705 5 2 1 6201 2276 708 3242 5492 2277 709 3243 5493
3706 5 2 1 6201 2277 709 3243 5493 2278 710 3244 5494
3707 5 2 1 6201 2278 710 3244 5494 2279 711 3245 5495
3708 5 2 1 6201 2279 711 3245 5495 2280 712 3246 5496
3709 5 2 1 6201 2280 712 3246 5496 246 49 497 1561
3710 5 2 1 6201 1311 437 438 1312 5491 3241 3247 5497
3711 5 2 1 6201 5491 3241 3247 5497 5492 3242 3248 5498
3712 5 2 1 6201 5492 3242 3248 5498 5493 3243 3249 5499
3713 5 2 1 6201 5493 3243 3249 5499 5494 3244 3250 5500
3714 5 2 1 6201 5494 3244 3250 5500 5495 3245 3251 5501
3715 5 2 1 6201 5495 3245 3251 5501 5496 3246 3252 5502
3716 5 2 1 6201 5496 3246 3252 5502 1561 497 498 1562
3717 5 2 1 6201 1312 438 439 1313 5497 3247 3253 5503
3718 5 2 1 6201 5497 3247 3253 5503 5498 3248 3254 5504
3719 5 2 1 6201 5498 3248 3254 5504 5499 3249 3255 5505
3720 5 2 1 6201 5499 3249 3255 5505 5500 3250 3256 5506
3721 5 2 1 6201 5500 3250 3256 5506 5501 3251 3257 5507
3722 5 2 1 6201 5501 3251 3257 5507 5502 3252 3258 5508
3723 5 2 1 6201 5502 3252 3258 5508 1562 498 499 1563
3724 5 2 1 6201 1313 439 440 1314 5503 3253 3259 5509
3725 5 2 1 6201 5503 3253 3259 5509 5504 3254 3260 5510
3726 5 2 1 6201 5504 3254 3260 5510 5505 3255 3261 5511
3727 5 2 1 6201 5505 3255 3261 5511 5506 3256 3262 5512
3728 5 2 1 6201 5506 3256 3262 5512 5507 3257 3263 5513
3729 5 2 1 6201 5507 3257 3263 5513 5508 3258 3264 5514
3730 5 2 1 6201 5508 3258 3264 5514 1563 499 500 1564
3731 5 2 1 6201 1314 440 441 1315 5509 3259 3265 5515
3732 5 2 1 6201 5509 3259 3265 5515 5510 3260 3266 5516
3733 5 2 1 6201 5510 3260 3266 5516 5511 3261 3267 5517
3734 5 2 1 6201 5511 3261 3267 5517 5512 3262 3268 5518
3735 5 2 1 6201 5512 3262 3268 5518 5513 3263 3269 5519
3736 5 2 1 6201 5513 3263 3269 5519 5514 3264 3270 5520
3737 5 2 1 6201 5514 3264 3270 5520 1564 500 501 1565
3738 5 2 1 6201 1315 441 38 206 5515 3265 731 2365
3739 5 2 1 6201 5515 3265 731 2365 5516 3266 732 2366
3740 5 2 1 6201 5516 3266 732 2366 5517 3267 733 2367
3741 5 2 1 6201 5517 3267 733 2367 5518 3268 734 2368
3742 5 2 1 6201 5518 3268 734 2368 5519 3269 735 2369
3743 5 2 1 6201 5519 3269 735 2369 5520 3270 736 2370
3744 5 2 1 6201 5520 3270 736 2370 1565 501 53 261
3745 5 2 1 6202 34 192 1316 437 707 2281 5521 3241
3746 5 2 1 6202 707 2281 5521 3241 708 2282 5522 3242
3747 5 2 1 6202 708 2282 5522 3242 709 2283 5523 3243
3748 5 2 1 6202 709 2283 5523 3243 710 2284 5524 3244
3749 5 2 1 6202 710 2284 5524 3244 711 2285 5525 3245
3750 5 2 1 6202 711 2285 5525 3245 712 2286 5526 3246
3751 5 2 1 6202 712 2286 5526 3246 49 247 1566 497
3752 5 2 1 6202 437 1316 1317 438 3241 5521 5527 3247
3753 5 2 1 6202 3241 5521 5527 3247 3242 5522 5528 3248
3754 5 2 1 6202 3242 5522 5528 3248 3243 5523 5529 3249
3755 5 2 1 6202 3243 5523 5529 3249 3244 5524 5530 3250
3756 5 2 1 6202 3244 5524 5530 3250 3245 5525 5531 3251
3757 5 2 1 6202 3245 5525 5531 3251 3246 5526 5532 3252
3758 5 2 1 6202 3246 5526 5532 3252 497 1566 1567 498
3759 5 2 1 6202 438 1317 1318 439 3247 5527 5533 3253
3760 5 2 1 6202 3247 5527 5533 3253 3248 5528 5534 3254
3761 5 2 1 6202 3248 5528 5534 3254 3249 5529 5535 3255
3762 5 2 1 6202 3249 5529 5535 3255 3250 5530 5536 3256
3763 5 2 1 6202 3250 5530 5536 3256 3251 5531 5537 3257
3764 5 2 1 6202 3251 5531 5537 3257 3252 5532 5538 3258
3765 5 2 1 6202 3252 5532 5538 3258 498 1567 1568 499
3766 5 2 1 6202 439 1318 1319 440 3253 5533 5539 3259
3767 5 2 1 6202 3253 5533 5539 3259 3254 5534 5540 3260
3768 5 2 1 6202 3254 5534 5540 3260 3255 5535 5541 3261
3769 5 2 1 6202 3255 5535 5541 3261 3256 5536 5542 3262
3770 5 2 1 6202 3256 5536 5542 3262 3257 5537 5543 3263
3771 5 2 1 6202 3257 5537 5543 3263 3258 5538 5544 3264
3772 5 2 1 6202 3258 5538 5544 3264 499 1568 1569 500
3773 5 2 1 6202 440 1319 1320 441 3259 5539 5545 3265
3774 5 2 1 6202 3259 5539 5545 3265 3260 5540 5546 3266
3775 5 2 1 6202 3260 5540 5546 3266 3261 5541 5547 3267
3776 5 2 1 6202 3261 5541 5547 3267 3262 5542 5548 3268
3777 5 2 1 6202 3262 5542 5548 3268 3263 5543 5549 3269
3778 5 2 1 6202 3263 5543 5549 3269 3264 5544 5550 3270
3779 5 2 1 6202 3264 5544 5550 3270 500 1569 1570 501
3780 5 2 1 6202 441 1320 207 38 3265 5545 2371 731
3781 5 2 1 6202 3265 5545 2371 731 3266 5546 2372 732
3782 5 2 1 6202 3266 5546 2372 732 3267 5547 2373 733
3783 5 2 1 6202 3267 5547 2373 733 3268 5548 2374 734
3784 5 2 1 6202 3268 5548 2374 734 3269 5549 2375 735
3785 5 2 1 6202 3269 5549 2375 735 3270 5550 2376 736
3786 5 2 1 6202 3270 5550 2376 736 501 1570 262 53
3787 5 2 1 6202 192 193 1321 1316 2281 2287 5551 5521
3788 5 2 1 6202 2281 2287 5551 5521 2282 2288 5552 5522
3789 5 2 1 6202 2282 2288 5552 5522 2283 2289 5553 5523
3790 5 2 1 6202 2283 2289 5553 5523 2284 2290 5554 5524
3791 5 2 1 6202 2284 2290 5554 5524 2285 2291 5555 5525
3792 5 2 1 6202 2285 2291 5555 5525 2286 2292 5556 5526
3793 5 2 1 6202 2286 2292 5556 5526 247 248 1571 1566
3794 5 2 1 6202 1316 1321 1322 1317 5521 5551 5557 5527
3795 5 2 1 6202 5521 5551 5557 5527 5522 5552 5558 5528
3796 5 2 1 6202 5522 5552 5558 5528 5523 5553 5559 5529
3797 5 2 1 6202 5523 5553 5559 5529 5524 5554 5560 5530
3798 5 2 1 6202 5524 5554 5560 5530 5525 5555 5561 5531
3799 5 2 1 6202 5525 5555 5561 5531 5526 5556 5562 5532
3800 5 2 1 6202 5526 5556 5562 5532 1566 1571 1572 1567
3801 5 2 1 6202 1317 1322 1323 1318 5527 5557 5563 5533
3802 5 2 1 6202 5527 5557 5563 5533 5528 5558 5564 5534
3803 5 2 1 6202 5528 5558 5564 5534 5529 5559 5565 5535
3804 5 2 1 6202 5529 5559 5565 5535 5530 5560 5566 5536
3805 5 2 1 6202 5530 5560 5566 5536 5531 5561 5567 5537
3806 5 2 1 6202 5531 5561 5567 5537 5532 5562 5568 5538
3807 5 2 1 6202 5532 5562 5568 5538 1567 1572 1573 1568
3808 5 2 1 6202 1318 1323 1324 1319 5533 5563 5569 5539
3809 5 2 1 6202 5533 5563 5569 5539 5534 5564 5570 5540
3810 5 2 1 6202 5534 5564 5570 5540 5535 5565 5571 5541
3811 5 2 1 6202 5535 5565 5571 5541 5536 5566 5572 5542
3812 5 2 1 6202 5536 5566 5572 5542 5537 5567 5573 5543
3813 5 2 1 6202 5537 5567 5573 5543 5538 5568 5574 5544
3814 5 2 1 6202 5538 5568 5574 5544 1568 1573 1574 1569
3815 5 2 1 6202 1319 1324 1325 1320 5539 5569 5575 5545
3816 5 2 1 6202 5539 5569 5575 5545 5540 5570 5576 5546
3817 5 2 1 6202 5540 5570 5576 5546 5541 5571 5577 5547
3818 5 2 1 6202 5541 5571 5577 5547 5542 5572 5578 5548
3819 5 2 1 6202 5542 5572 5578 5548 5543 5573 5579 5549
3820 5 2 1 6202 5543 5573 5579 5549 5544 5574 5580 5550
3821 5 2 1 6202 5544 5574 5580 5550 1569 1574 1575 1570
3822 5 2 1 6202 1320 1325 208 207 5545 5575 2377 2371
3823 5 2 1 6202 5545 5575 2377 2371 5546 5576 2378 2372
3824 5 2 1 6202 5546 5576 2378 2372 5547 5577 2379 2373
3825 5 2 1 6202 5547 5577 2379 2373 5548 5578 2380 2374
3826 5 2 1 6202 5548 5578 2380 2374 5549 5579 2381 2375
3827 5 2 1 6202 5549 5579 2381 2375 5550 5580 2382 2376
3828 5 2 1 6202 5550 5580 2382 2376 1570 1575 263 262
3829 5 2 1 6202 193 194 1326 1321 2287 2293 5581 5551
3830 5 2 1 6202 2287 2293 5581 5551 2288 2294 5582 5552
3831 5 2 1 6202 2288 2294 5582 5552 2289 2295 5583 5553
3832 5 2 1 6202 2289 2295 5583 5553 2290 2296 5584 5554
3833 5 2 1 6202 2290 2296 5584 5554 2291 2297 5585 5555
3834 5 2 1 6202 2291 2297 5585 5555 2292 2298 5586 5556
3835 5 2 1 6202 2292 2298 5586 5556 248 249 1576 1571
3836 5 2 1 6202 1321 1326 1327 1322 5551 5581 5587 5557
3837 5 2 1 6202 5551 5581 5587 5557 5552 5582 5588 5558
3838 5 2 1 6202 5552 5582 5588 5558 5553 5583 5589 5559
3839 5 2 1 6202 5553 5583 5589 5559 5554 5584 5590 5560
3840 5 2 1 6202 5554 5584 5590 5560 5555 5585 5591 5561
3841 5 2 1 6202 5555 5585 5591 5561 5556 5586 5592 5562
3842 5 2 1 6202 5556 5586 5592 5562 1571 1576 1577 1572
3843 5 2 1 6202 1322 1327 1328 1323 5557 5587 5593 5563
3844 5 2 1 6202 5557 5587 5593 5563 5558 5588 5594 5564
3845 5 2 1 6202 5558 5588 5594 5564 5559 5589 5595 5565
3846 5 2 1 6202 5559 5589 5595 5565 5560 5590 5596 5566
3847 5 2 1 6202 5560 5590 5596 5566 5561 5591 5597 5567
3848 5 2 1 6202 5561 5591 5597 5567 5562 5592 5598 5568
3849 5 2 1 6202 5562 5592 5598 5568 1572 1577 1578 1573
3850 5 2 1 6202 1323 1328 1329 1324 5563 5593 5599 5569
3851 5 2 1 6202 5563 5593 5599 5569 5564 5594 5600 5570
3852 5 2 1 6202 5564 5594 5600 5570 5565 5595 5601 5571
3853 5 2 1 6202 5565 5595 5601 5571 5566 5596 5602 5572
3854 5 2 1 6202 5566 5596 5602 5572 5567 5597 5603 5573
3855 5 2 1 6202 5567 5597 5603 5573 5568 5598 5604 5574
3856 5 2 1 6202 5568 5598 5604 5574 1573 1578 1579 1574
3857 5 2 1 6202 1324 1329 1330 1325 5569 5599 5605 5575
3858 5 2 1 6202 5569 5599 5605 5575 5570 5600 5606 5576
3859 5 2 1 6202 5570 5600 5606 5576 5571 5601 5607 5577
3860 5 2 1 6202 5571 5601 5607 5577 5572 5602 5608 5578
3861 5 2 1 6202 5572 5602 5608 5578 5573 5603 5609 5579
3862 5 2 1 6202 5573 5603 5609 5579 5574 5604 5610 5580
3863 5 2 1 6202 5574 5604 5610 5580 1574 1579 1580 1575
3864 5 2 1 6202 1325 1330 209 208 5575 5605 2383 2377
3865 5 2 1 6202 5575 5605 2383 2377 5576 5606 2384 2378
3866 5 2 1 6202 5576 5606 2384 2378 5577 5607 2385 2379
3867 5 2 1 6202 5577 5607 2385 2379 5578 5608 2386 2380
3868 5 2 1 6202 5578 5608 2386 2380 5579 5609 2387 2381
3869 5 2 1 6202 5579 5609 2387 2381 5580 5610 2388 2382
3870 5 2 1 6202 5580 5610 2388 2382 1575 1580 264 263
3871 5 2 1 6202 194 195 1331 1326 2293 2299 5611 5581
3872 5 2 1 6202 2293 2299 5611 5581 2294 2300 5612 5582
3873 5 2 1 6202 2294 2300 5612 5582 2295 2301 5613 5583
3874 5 2 1 6202 2295 2301 5613 5583 2296 2302 5614 5584
3875 5 2 1 6202 2296 2302 5614 5584 2297 2303 5615 5585
3876 5 2 1 6202 2297 2303 5615 5585 2298 2304 5616 5586
3877 5 2 1 6202 2298 2304 5616 5586 249 250 1581 1576
3878 5 2 1 6202 1326 1331 1332 1327 5581 5611 5617 5587
3879 5 2 1 6202 5581 5611 5617 5587 5582 5612 5618 5588
3880 5 2 1 6202 5582 5612 5618 5588 5583 5613 5619 5589
3881 5 2 1 6202 5583 5613 5619 5589 5584 5614 5620 5590
3882 5 2 1 6202 5584 5614 5620 5590 5585 5615 5621 5591
3883 5 2 1 6202 5585 5615 5621 5591 5586 5616 5622 5592
3884 5 2 1 6202 5586 5616 5622 5592 1576 1581 1582 1577
3885 5 2 1 6202 1327 1332 1333 1328 5587 5617 5623 5593
3886 5 2 1 6202 5587 5617 5623 5593 5588 5618 5624 5594
3887 5 2 1 6202 5588 5618 5624 5594 5589 5619 5625 5595
3888 5 2 1 6202 5589 5619 5625 5595 5590 5620 5626 5596
3889 5 2 1 6202 5590 5620 5626 5596 5591 5621 5627 5597
3890 5 2 1 6202 5591 5621 5627 5597 5592 5622 5628 5598
3891 5 2 1 6202 5592 5622 5628 5598 1577 1582 1583 1578
3892 5 2 1 6202 1328 1333 1334 1329 5593 5623 5629 5599
3893 5 2 1 6202 5593 5623 5629 5599 5594 5624 5630 5600
3894 5 2 1 6202 5594 5624 5630 5600 5595 5625 5631 5601
3895 5 2 1 6202 5595 5625 5631 5601 5596 5626 5632 5602
3896 5 2 1 6202 5596 5626 5632 5602 5597 5627 5633 5603
3897 5 2 1 6202 5597 5627 5633 5603 5598 5628 5634 5604
3898 5 2 1 6202 5598 5628 5634 5604 1578 1583 1584 1579
3899 5 2 1 6202 1329 1334 1335 1330 5599 5629 5635 5605
3900 5 2 1 6202 5599 5629 5635 5605 5600 5630 5636 5606
3901 5 2 1 6202 5600 5630 5636 5606 5601 5631 5637 5607
3902 5 2 1 6202 5601 5631 5637 5607 5602 5632 5638 5608
3903 5 2 1 6202 5602 5632 5638 5608 5603 5633 5639 5609
3904 5 2 1 6202 5603 5633 5639 5609 5604 5634 5640 5610
3905 5 2 1 6202 5604 5634 5640 5610 1579 1584 1585 1580
3906 5 2 1 6202 1330 1335 210 209 5605 5635 2389 2383
3907 5 2 1 6202 5605 5635 2389 2383 5606 5636 2390 2384
3908 5 2 1 6202 5606 5636 2390 2384 5607 5637 2391 2385
3909 5 2 1 6202 5607 5637 2391 2385 5608 5638 2392 2386
3910 5 2 1 6202 5608 5638 2392 2386 5609 5639 2393 2387
3911 5 2 1 6202 5609 5639 2393 2387 5610 5640 2394 2388
3912 5 2 1 6202 5610 5640 2394 2388 1580 1585 265 264
3913 5 2 1 6202 195 196 1336 1331 2299 2305 5641 5611
3914 5 2 1 6202 2299 2305 5641 5611 2300 2306 5642 5612
3915 5 2 1 6202 2300 2306 5642 5612 2301 2307 5643 5613
3916 5 2 1 6202 2301 2307 5643 5613 2302 2308 5644 5614
3917 5 2 1 6202 2302 2308 5644 5614 2303 2309 5645 5615
3918 5 2 1 6202 2303 2309 5645 5615 2304 2310 5646 5616
3919 5 2 1 6202 2304 2310 5646 5616 250 251 1586 1581
3920 5 2 1 6202 1331 1336 1337 1332 5611 5641 5647 5617
3921 5 2 1 6202 5611 5641 5647 5617 5612 5642 5648 5618
3922 5 2 1 6202 5612 5642 5648 5618 5613 5643 5649 5619
3923 5 2 1 6202 5613 5643 5649 5619 5614 5644 5650 5620
3924 5 2 1 6202 5614 5644 5650 5620 5615 5645 5651 5621
3925 5 2 1 6202 5615 5645 5651 5621 5616 5646 5652 5622
3926 5 2 1 6202 5616 5646 5652 5622 1581 1586 1587 1582
3927 5 2 1 6202 1332 1337 1338 1333 5617 5647 5653 5623
3928 5 2 1 6202 5617 5647 5653 5623 5618 5648 5654 5624
3929 5 2 1 6202 5618 5648 5654 5624 5619 5649 5655 5625
3930 5 2 1 6202 5619 5649 5655 5625 5620 5650 5656 5626
3931 5 2 1 6202 5620 5650 5656 5626 5621 5651 5657 5627
3932 5 2 1 6202 5621 5651 5657 5627 5622 5652 5658 5628
3933 5 2 1 6202 5622 5652 5658 5628 1582 1587 1588 1583
3934 5 2 1 6202 1333 1338 1339 1334 5623 5653 5659 5629
3935 5 2 1 6202 5623 5653 5659 5629 5624 5654 5660 5630
3936 5 2 1 6202 5624 5654 5660 5630 5625 5655 5661 5631
3937 5 2 1 6202 5625 5655 5661 5631 5626 5656 5662 5632
3938 5 2 1 6202 5626 5656 5662 5632 5627 5657 5663 5633
3939 5 2 1 6202 5627 5657 5663 5633 5628 5658 5664 5634
3940 5 2 1 6202 5628 5658 5664 5634 1583 1588 1589 1584
3941 5 2 1 6202 1334 1339 1340 1335 5629 5659 5665 5635
3942 5 2 1 6202 5629 5659 5665 5635 5630 5660 5666 5636
3943 5 2 1 6202 5630 5660 5666 5636 5631 5661 5667 5637
3944 5 2 1 6202 5631 5661 5667 5637 5632 5662 5668 5638
3945 5 2 1 6202 5632 5662 5668 5638 5633 5663 5669 5639
3946 5 2 1 6202 5633 5663 5669 5639 5634 5664 5670 5640
3947 5 2 1 6202 5634 5664 5670 5640 1584 1589 1590 1585
3948 5 2 1 6202 1335 1340 211 210 5635 5665 2395 2389
3949 5 2 1 6202 5635 5665 2395 2389 5636 5666 2396 2390
3950 5 2 1 6202 5636 5666 2396 2390 5637 5667 2397 2391
3951 5 2 1 6202 5637 5667 2397 2391 5638 5668 2398 2392
3952 5 2 1 6202 5638 5668 2398 2392 5639 5669 2399 2393
3953 5 2 1 6202 5639 5669 2399 2393 5640 5670 2400 2394
3954 5 2 1 6202 5640 5670 2400 2394 1585 1590 266 265
3955 5 2 1 6202 196 35 452 1336 2305 713 3331 5641
3956 5 2 1 6202 2305 713 3331 5641 2306 714 3332 5642
3957 5 2 1 6202 2306 714 3332 5642 2307 715 3333 5643
3958 5 2 1 6202 2307 715 3333 5643 2308 716 3334 5644
3959 5 2 1 6202 2308 716 3334 5644 2309 717 3335 5645
3960 5 2 1 6202 2309 717 3335 5645 2310 718 3336 5646
3961 5 2 1 6202 2310 718 3336 5646 251 50 512 1586
3962 5 2 1 6202 1336 452 453 1337 5641 3331 3337 5647
3963 5 2 1 6202 5641 3331 3337 5647 5642 3332 3338 5648
3964 5 2 1 6202 5642 3332 3338 5648 5643 3333 3339 5649
3965 5 2 1 6202 5643 3333 3339 5649 5644 3334 3340 5650
3966 5 2 1 6202 5644 3334 3340 5650 5645 3335 3341 5651
3967 5 2 1 6202 5645 3335 3341 5651 5646 3336 3342 5652
3968 5 2 1 6202 5646 3336 3342 5652 1586 512 513 1587
3969 5 2 1 6202 1337 453 454 1338 5647 3337 3343 5653
3970 5 2 1 6202 5647 3337 3343 5653 5648 3338 3344 5654
3971 5 2 1 6202 5648 3338 3344 5654 5649 3339 3345 5655
3972 5 2 1 6202 5649 3339 3345 5655 5650 3340 3346 5656
3973 5 2 1 6202 5650 3340 3346 5656 5651 3341 3347 5657
3974 5 2 1 6202 5651 3341 3347 5657 5652 3342 3348 5658
3975 5 2 1 6202 5652 3342 3348 5658 1587 513 514 1588
3976 5 2 1 6202 1338 454 455 1339 5653 3343 3349 5659
3977 5 2 1 6202 5653 3343 3349 5659 5654 3344 3350 5660
3978 5 2 1 6202 5654 3344 3350 5660 5655 3345 3351 5661
3979 5 2 1 6202 5655 3345 3351 5661 5656 3346 3352 5662
3980 5 2 1 6202 5656 3346 3352 5662 5657 3347 3353 5663
3981 5 2 1 6202 5657 3347 3353 5663 5658 3348 3354 5664
3982 5 2 1 6202 5658 3348 3354 5664 1588 514 515 1589
3983 5 2 1 6202 1339 455 456 1340 5659 3349 3355 5665
3984 5 2 1 6202 5659 3349 3355 5665 5660 3350 3356 5666
3985 5 2 1 6202 5660 3350 3356 5666 5661 3351 3357 5667
3986 5 2 1 6202 5661 3351 3357 5667 5662 3352 3358 5668
3987 5 2 1 6202 5662 3352 3358 5668 5663 3353 3359 5669
3988 5 2 1 6202 5663 3353 3359 5669 5664 3354 3360 5670
3989 5 2 1 6202 5664 3354 3360 5670 1589 515 516 1590
3990 5 2 1 6202 1340 456 39 211 5665 3355 737 2395
3991 5 2 1 6202 5665 3355 737 2395 5666 3356 738 2396
3992 5 2 1 6202 5666 3356 738 2396 5667 3357 739 2397
3993 5 2 1 6202 5667 3357 739 2397 5668 3358 740 2398
3994 5 2 1 6202 5668 3358 740 2398 5669 3359 741 2399
3995 5 2 1 6202 5669 3359 741 2399 5670 3360 742 2400
3996 5 2 1 6202 5670 3360 742 2400 1590 516 54 266
3997 5 2 1 6210 36 197 1341 417 719 2311 5671 3091
3998 5 2 1 6210 719 2311 5671 3091 720 2312 5672 3092
3999 5 2 1 6210 720 2312 5672 3092 721 2313 5673 3093
4000 5 2 1 6210 721 2313 5673 3093 722 2314 5674 3094
4001 5 2 1 6210 722 2314 5674 3094 723 2315 5675 3095
4002 5 2 1 6210 723 2315 5675 3095 724 2316 5676 3096
4003 5 2 1 6210 724 2316 5676 3096 51 252 1591 472
4004 5 2 1 6210 417 1341 1342 418 3091 5671 5677 3097
4005 5 2 1 6210 3091 5671 5677 3097 3092 5672 5678 3098
4006 5 2 1 6210 3092 5672 5678 3098 3093 5673 5679 3099
4007 5 2 1 6210 3093 5673 5679 3099 3094 5674 5680 3100
4008 5 2 1 6210 3094 5674 5680 3100 3095 5675 5681 3101
4009 5 2 1 6210 3095 5675 5681 3101 3096 5676 5682 3102
4010 5 2 1 6210 3096 5676 5682 3102 472 1591 1592 473
4011 5 2 1 6210 418 1342 1343 419 3097 5677 5683 3103
4012 5 2 1 6210 3097 5677 5683 3103 3098 5678 5684 3104
4013 5 2 1 6210 3098 5678 5684 3104 3099 5679 5685 3105
4014 5 2 1 6210 3099 5679 5685 3105 3100 5680 5686 3106
4015 5 2 1 6210 3100 5680 5686 3106 3101 5681 5687 3107
4016 5 2 1 6210 3101 5681 5687 3107 3102 5682 5688 3108
4017 5 2 1 6210 3102 5682 5688 3108 473 1592 1593 474
4018 5 2 1 6210 419 1343 1344 420 3103 5683 5689 3109
4019 5 2 1 6210 3103 5683 5689 3109 3104 5684 5690 3110
4020 5 2 1 6210 3104 5684 5690 3110 3105 5685 5691 3111
4021 5 2 1 6210 3105 5685 5691 3111 3106 5686 5692 3112
4022 5 2 1 6210 3106 5686 5692 3112 3107 5687 5693 3113
4023 5 2 1 6210 3107 5687 5693 3113 3108 5688 5694 3114
4024 5 2 1 6210 3108 5688 5694 3114 474 1593 1594 475
4025 5 2 1 6210 420 1344 1345 421 3109 5689 5695 3115
4026 5 2 1 6210 3109 5689 5695 3115 3110 5690 5696 3116
4027 5 2 1 6210 3110 5690 5696 3116 3111 5691 5697 3117
4028 5 2 1 6210 3111 5691 5697 3117 3112 5692 5698 3118
4029 5 2 1 6210 3112 5692 5698 3118 3113 5693 5699 3119
4030 5 2 1 6210 3113 5693 5699 3119 3114 5694 5700 3120
4031 5 2 1 6210 3114 5694 5700 3120 475 1594 1595 476
4032 5 2 1 6210 421 1345 212 40 3115 5695 2401 743
4033 5 2 1 6210 3115 5695 2401 743 3116 5696 2402 744
4034 5 2 1 6210 3116 5696 2402 744 3117 5697 2403 745
4035 5 2 1 6210 3117 5697 2403 745 3118 5698 2404 746
4036 5 2 1 6210 3118 5698 2404 746 3119 5699 2405 747
4037 5 2 1 6210 3119 5699 2405 747 3120 5700 2406 748
4038 5 2 1 6210 3120 5700 2406 748 476 1595 267 55
4039 5 2 1 6210 197 198 1346 1341 2311 2317 5701 5671
4040 5 2 1 6210 2311 2317 5701 5671 2312 2318 5702 5672
4041 5 2 1 6210 2312 2318 5702 5672 2313 2319 5703 5673
4042 5 2 1 6210 2313 2319 5703 5673 2314 2320 5704 5674
4043 5 2 1 6210 2314 2320 5704 5674 2315 2321 5705 5675
4044 5 2 1 6210 2315 2321 5705 5675 2316 2322 5706 5676
4045 5 2 1 6210 2316 2322 5706 5676 252 253 1596 1591
4046 5 2 1 6210 1341 1346 1347 1342 5671 5701 5707 5677
4047 5 2 1 6210 5671 5701 5707 5677 5672 5702 5708 5678
4048 5 2 1 6210 5672 5702 5708 5678 5673 5703 5709 5679
4049 5 2 1 6210 5673 5703 5709 5679 5674 5704 5710 5680
4050 5 2 1 6210 5674 5704 5710 5680 5675 5705 5711 5681
4051 5 2 1 6210 5675 5705 5711 5681 5676 5706 5712 5682
4052 5 2 1 6210 5676 5706 5712 5682 1591 1596 1597 1592
4053 5 2 1 6210 1342 1347 1348 1343 5677 5707 5713 5683
4054 5 2 1 6210 5677 5707 5713 5683 5678 5708 5714 5684
4055 5 2 1 6210 5678 5708 5714 5684 5679 5709 5715 5685
4056 5 2 1 6210 5679 5709 5715 5685 5680 5710 5716 5686
4057 5 2 1 6210 5680 5710 5716 5686 5681 5711 5717 5687
4058 5 2 1 6210 5681 5711 5717 5687 5682 5712 5718 5688
4059 5 2 1 6210 5682 5712 5718 5688 1592 1597 1598 1593
4060 5 2 1 6210 1343 1348 1349 1344 5683 5713 5719 5689
4061 5 2 1 6210 5683 5713 5719 5689 5684 5714 5720 5690
4062 5 2 1 6210 5684 5714 5720 5690 5685 5715 5721 5691
4063 5 2 1 6210 5685 5715 5721 5691 5686 5716 5722 5692
4064 5 2 1 6210 5686 5716 5722 5692 5687 5717 5723 5693
4065 5 2 1 6210 5687 5717 5723 5693 5688 5718 5724 5694
4066 5 2 1 6210 5688 5718 5724 5694 1593 1598 1599 1594
4067 5 2 1 6210 1344 1349 1350 1345 5689 5719 5725 5695
4068 5 2 1 6210 5689 5719 5725 5695 5690 5720 5726 5696
4069 5 2 1 6210 5690 5720 5726 5696 5691 5721 5727 5697
4070 5 2 1 6210 5691 5721 5727 5697 5692 5722 5728 5698
4071 5 2 1 6210 5692 5722 5728 5698 5693 5723 5729 5699
4072 5 2 1 6210 5693 5723 5729 5699 5694 5724 5730 5700
4073 5 2 1 6210 5694 5724 5730 5700 1594 1599 1600 1595
4074 5 2 1 6210 1345 1350 213 212 5695 5725 2407 2401
4075 5 2 1 6210 5695 5725 2407 2401 5696 5726 2408 2402
4076 5 2 1 6210 5696 5726 2408 2402 5697 5727 2409 2403
4077 5 2 1 6210 5697 5727 2409 2403 5698 5728 2410 2404
4078 5 2 1 6210 5698 5728 2410 2404 5699 5729 2411 2405
4079 5 2 1 6210 5699 5729 2411 2405 5700 5730 2412 2406
4080 5 2 1 6210 5700 5730 2412 2406 1595 1600 268 267
4081 5 2 1 6210 198 199 1351 1346 2317 2323 5731 5701
4082 5 2 1 6210 2317 2323 5731 5701 2318 2324 5732 5702
4083 5 2 1 6210 2318 2324 5732 5702 2319 2325 5733 5703
4084 5 2 1 6210 2319 2325 5733 5703 2320 2326 5734 5704
4085 5 2 1 6210 2320 2326 5734 5704 2321 2327 5735 5705
4086 5 2 1 6210 2321 2327 5735 5705 2322 2328 5736 5706
4087 5 2 1 6210 2322 2328 5736 5706 253 254 1601 1596
4088 5 2 1 6210 1346 1351 1352 1347 5701 5731 5737 5707
4089 5 2 1 6210 5701 5731 5737 5707 5702 5732 5738 5708
4090 5 2 1 6210 5702 5732 5738 5708 5703 5733 5739 5709
4091 5 2 1 6210 5703 5733 5739 5709 5704 5734 5740 5710
4092 5 2 1 6210 5704 5734 5740 5710 5705 5735 5741 5711
4093 5 2 1 6210 5705 5735 5741 5711 5706 5736 5742 5712
4094 5 2 1 6210 5706 5736 5742 5712 1596 1601 1602 1597
4095 5 2 1 6210 1347 1352 1353 1348 5707 5737 5743 5713
4096 5 2 1 6210 5707 5737 5743 5713 5708 5738 5744 5714
4097 5 2 1 6210 5708 5738 5744 5714 5709 5739 5745 5715
4098 5 2 1 6210 5709 5739 5745 5715 5710 5740 5746 5716
4099 5 2 1 6210 5710 5740 5746 5716 5711 5741 5747 5717
4100 5 2 1 6210 5711 5741 5747 5717 5712 5742 5748 5718
4101 5 2 1 6210 5712 5742 5748 5718 1597 1602 1603 1598
4102 5 2 1 6210 1348 1353 1354 1349 5713 5743 5749 5719
4103 5 2 1 6210 5713 5743 5749 5719 5714 5744 5750 5720
4104 5 2 1 6210 5714 5744 5750 5720 5715 5745 5751 5721
4105 5 2 1 6210 5715 5745 5751 5721 5716 5746 5752 5722
4106 5 2 1 6210 5716 5746 5752 5722 5717 5747 5753 5723
4107 5 2 1 6210 5717 5747 5753 5723 5718 5748 5754 5724
4108 5 2 1 6210 5718 5748 5754 5724 1598 1603 1604 1599
4109 5 2 1 6210 1349 1354 1355 1350 5719 5749 5755 5725
4110 5 2 1 6210 5719 5749 5755 5725 5720 5750 5756 5726
4111 5 2 1 6210 5720 5750 5756 5726 5721 5751 5757 5727
4112 5 2 1 6210 5721 5751 5757 5727 5722 5752 5758 5728
4113 5 2 1 6210 5722 5752 5758 5728 5723 5753 5759 5729
4114 5 2 1 6210 5723 5753 5759 5729 5724 5754 5760 5730
4115 5 2 1 6210 5724 5754 5760 5730 1599 1604 1605 1600
4116 5 2 1 6210 1350 1355 214 213 5725 5755 2413 2407
4117 5 2 1 6210 5725 5755 2413 2407 5726 5756 2414 2408
4118 5 2 1 6210 5726 5756 2414 2408 5727 5757 2415 2409
4119 5 2 1 6210 5727 5757 2415 2409 5728 5758 2416 2410
4120 5 2 1 6210 5728 5758 2416 2410 5729 5759 2417 2411
4121 5 2 1 6210 5729 5759 2417 2411 5730 5760 2418 2412
4122 5 2 1 6210 5730 5760 2418 2412 1600 1605 269 268
4123 5 2 1 6210 199 200 1356 1351 2323 2329 5761 5731
4124 5 2 1 6210 2323 2329 5761 5731 2324 2330 5762 5732
4125 5 2 1 6210 2324 2330 5762 5732 2325 2331 5763 5733
4126 5 2 1 6210 2325 2331 5763 5733 2326 2332 5764 5734
4127 5 2 1 6210 2326 2332 5764 5734 2327 2333 5765 5735
4128 5 2 1 6210 2327 2333 5765 5735 2328 2334 5766 5736
4129 5 2 1 6210 2328 2334 5766 5736 254 255 1606 1601
4130 5 2 1 6210 1351 1356 1357 1352 5731 5761 5767 5737
4131 5 2 1 6210 5731 5761 5767 5737 5732 5762 5768 5738
4132 5 2 1 6210 5732 5762 5768 5738 5733 5763 5769 5739
4133 5 2 1 6210 5733 5763 5769 5739 5734 5764 5770 5740
4134 5 2 1 6210 5734 5764 5770 5740 5735 5765 5771 5741
4135 5 2 1 6210 5735 5765 5771 5741 5736 5766 5772 5742
4136 5 2 1 6210 5736 5766 5772 5742 1601 1606 1607 1602
4137 5 2 1 6210 1352 1357 1358 1353 5737 5767 5773 5743
4138 5 2 1 6210 5737 5767 5773 5743 5738 5768 5774 5744
4139 5 2 1 6210 5738 5768 5774 5744 5739 5769 5775 5745
4140 5 2 1 6210 5739 5769 5775 5745 5740 5770 5776 5746
4141 5 2 1 6210 5740 5770 5776 5746 5741 5771 5777 5747
4142 5 2 1 6210 5741 5771 5777 5747 5742 5772 5778 5748
4143 5 2 1 6210 5742 5772 5778 5748 1602 1607 1608 1603
4144 5 2 1 6210 1353 1358 1359 1354 5743 5773 5779 5749
4145 5 2 1 6210 5743 5773 5779 5749 5744 5774 5780 5750
4146 5 2 1 6210 5744 5774 5780 5750 5745 5775 5781 5751
4147 5 2 1 6210 5745 5775 5781 5751 5746 5776 5782 5752
4148 5 2 1 6210 5746 5776 5782 5752 5747 5777 5783 5753
4149 5 2 1 6210 5747 5777 5783 5753 5748 5778 5784 5754
4150 5 2 1 6210 5748 5778 5784 5754 1603 1608 1609 1604
4151 5 2 1 6210 1354 1359 1360 1355 5749 5779 5785 5755
4152 5 2 1 6210 5749 5779 5785 5755 5750 5780 5786 5756
4153 5 2 1 6210 5750 5780 5786 5756 5751 5781 5787 5757
4154 5 2 1 6210 5751 5781 5787 5757 5752 5782 5788 5758
4155 5 2 1 6210 5752 5782 5788 5758 5753 5783 5789 5759
4156 5 2 1 6210 5753 5783 5789 5759 5754 5784 5790 5760
4157 5 2 1 6210 5754 5784 5790 5760 1604 1609 1610 1605
4158 5 2 1 6210 1355 1360 215 214 5755 5785 2419 2413
4159 5 2 1 6210 5755 5785 2419 2413 5756 5786 2420 2414
4160 5 2 1 6210 5756 5786 2420 2414 5757 5787 2421 2415
4161 5 2 1 6210 5757 5787 2421 2415 5758 5788 2422 2416
4162 5 2 1 6210 5758 5788 2422 2416 5759 5789 2423 2417
4163 5 2 1 6210 5759 5789 2423 2417 5760 5790 2424 2418
4164 5 2 1 6210 5760 5790 2424 2418 1605 1610 270 269
4165 5 2 1 6210 200 201 1361 1356 2329 2335 5791 5761
4166 5 2 1 6210 2329 2335 5791 5761 2330 2336 5792 5762
4167 5 2 1 6210 2330 2336 5792 5762 2331 2337 5793 5763
4168 5 2 1 6210 2331 2337 5793 5763 2332 2338 5794 5764
4169 5 2 1 6210 2332 2338 5794 5764 2333 2339 5795 5765
4170 5 2 1 6210 2333 2339 5795 5765 2334 2340 5796 5766
4171 5 2 1 6210 2334 2340 5796 5766 255 256 1611 1606
4172 5 2 1 6210 1356 1361 1362 1357 5761 5791 5797 5767
4173 5 2 1 6210 5761 5791 5797 5767 5762 5792 5798 5768
4174 5 2 1 6210 5762 5792 5798 5768 5763 5793 5799 5769
4175 5 2 1 6210 5763 5793 5799 5769 5764 5794 5800 5770
4176 5 2 1 6210 5764 5794 5800 5770 5765 5795 5801 5771
4177 5 2 1 6210 5765 5795 5801 5771 5766 5796 5802 5772
4178 5 2 1 6210 5766 5796 5802 5772 1606 1611 1612 1607
4179 5 2 1 6210 1357 1362 1363 1358 5767 5797 5803 5773
4180 5 2 1 6210 5767 5797 5803 5773 5768 5798 5804 5774
4181 5 2 1 6210 5768 5798 5804 5774 5769 5799 5805 5775
4182 5 2 1 6210 5769 5799 5805 5775 5770 5800 5806 5776
4183 5 2 1 6210 5770 5800 5806 5776 5771 5801 5807 5777
4184 5 2 1 6210 5771 5801 5807 5777 5772 5802 5808 5778
4185 5 2 1 6210 5772 5802 5808 5778 1607 1612 1613 1608
4186 5 2 1 6210 1358 1363 1364 1359 5773 5803 5809 5779
4187 5 2 1 6210 5773 5803 5809 5779 5774 5804 5810 5780
4188 5 2 1 6210 5774 5804 5810 5780 5775 5805 5811 5781
4189 5 2 1 6210 5775 5805 5811 5781 5776 5806 5812 5782
4190 5 2 1 6210 5776 5806 5812 5782 5777 5807 5813 5783
4191 5 2 1 6210 5777 5807 5813 5783 5778 5808 5814 5784
4192 5 2 1 6210 5778 5808 5814 5784 1608 1613 1614 1609
4193 5 2 1 6210 1359 1364 1365 1360 5779 5809 5815 5785
4194 5 2 1 6210 5779 5809 5815 5785 5780 5810 5816 5786
4195 5 2 1 6210 5780 5810 5816 5786 5781 5811 5817 5787
4196 5 2 1 6210 5781 5811 5817 5787 5782 5812 5818 5788
4197 5 2 1 6210 5782 5812 5818 5788 5783 5813 5819 5789
4198 5 2 1 6210 5783 5813 5819 5789 5784 5814 5820 5790
4199 5 2 1 6210 5784 5814 5820 5790 1609 1614 1615 1610
4200 5 2 1 6210 1360 1365 216 215 5785 5815 2425 2419
4201 5 2 1 6210 5785 5815 2425 2419 5786 5816 2426 2420
4202 5 2 1 6210 5786 5816 2426 2420 5787 5817 2427 2421
4203 5 2 1 6210 5787 5817 2427 2421 5788 5818 2428 2422
4204 5 2 1 6210 5788 5818 2428 2422 5789 5819 2429 2423
4205 5 2 1 6210 5789 5819 2429 2423 5790 5820 2430 2424
4206 5 2 1 6210 5790 5820 2430 2424 1610 1615 271 270
4207 5 2 1 6210 201 37 427 1361 2335 725 3181 5791
4208 5 2 1 6210 2335 725 3181 5791 2336 726 3182 5792
4209 5 2 1 6210 2336 726 3182 5792 2337 727 3183 5793
4210 5 2 1 6210 2337 727 3183 5793 2338 728 3184 5794
4211 5 2 1 6210 2338 728 3184 5794 2339 729 3185 5795
4212 5 2 1 6210 2339 729 3185 5795 2340 730 3186 5796
4213 5 2 1 6210 2340 730 3186 5796 256 52 487 1611
4214 5 2 1 6210 1361 427 428 1362 5791 3181 3187 5797
4215 5 2 1 6210 5791 3181 3187 5797 5792 3182 3188 5798
4216 5 2 1 6210 5792 3182 3188 5798 5793 3183 3189 5799
4217 5 2 1 6210 5793 3183 3189 5799 5794 3184 3190 5800
4218 5 2 1 6210 5794 3184 3190 5800 5795 3185 3191 5801
4219 5 2 1 6210 5795 3185 3191 5801 5796 3186 3192 5802
4220 5 2 1 6210 5796 3186 3192 5802 1611 487 488 1612
4221 5 2 1 6210 1362 428 429 1363 5797 3187 3193 5803
4222 5 2 1 6210 5797 3187 3193 5803 5798 3188 3194 5804
4223 5 2 1 6210 5798 3188 3194 5804 5799 3189 3195 5805
4224 5 2 1 6210 5799 3189 3195 5805 5800 3190 3196 5806
4225 5 2 1 6210 5800 3190 3196 5806 5801 3191 3197 5807
4226 5 2 1 6210 5801 3191 3197 5807 5802 3192 3198 5808
4227 5 2 1 6210 5802 3192 3198 5808 1612 488 489 1613
4228 5 2 1 6210 1363 429 430 1364 5803 3193 3199 5809
4229 5 2 1 6210 5803 3193 3199 5809 5804 3194 3200 5810
4230 5 2 1 6210 5804 3194 3200 5810 5805 3195 3201 5811
4231 5 2 1 6210 5805 3195 3201 5811 5806 3196 3202 5812
4232 5 2 1 6210 5806 3196 3202 5812 5807 3197 3203 5813
4233 5 2 1 6210 5807 3197 3203 5813 5808 3198 3204 5814
4234 5 2 1 6210 5808 3198 3204 5814 1613 489 490 1614
4235 5 2 1 6210 1364 430 431 1365 5809 3199 3205 5815
4236 5 2 1 6210 5809 3199 3205 5815 5810 3200 3206 5816
4237 5 2 1 6210 5810 3200 3206 5816 5811 3201 3207 5817
4238 5 2 1 6210 5811 3201 3207 5817 5812 3202 3208 5818
4239 5 2 1 6210 5812 3202 3208 5818 5813 3203 3209 5819
4240 5 2 1 6210 5813 3203 3209 5819 5814 3204 3210 5820
4241 5 2 1 6210 5814 3204 3210 5820 1614 490 491 1615
4242 5 2 1 6210 1365 431 41 216 5815 3205 749 2425
4243 5 2 1 6210 5815 3205 749 2425 5816 3206 750 2426
4244 5 2 1 6210 5816 3206 750 2426 5817 3207 751 2427
4245 5 2 1 6210 5817 3207 751 2427 5818 3208 752 2428
4246 5 2 1 6210 5818 3208 752 2428 5819 3209 753 2429
4247 5 2 1 6210 5819 3209 753 2429 5820 3210 754 2430
4248 5 2 1 6210 5820 3210 754 2430 1615 491 56 271
4249 5 2 1 6211 37 202 1366 427 725 2341 5821 3181
4250 5 2 1 6211 725 2341 5821 3181 726 2342 5822 3182
4251 5 2 1 6211 726 2342 5822 3182 727 2343 5823 3183
4252 5 2 1 6211 727 2343 5823 3183 728 2344 5824 3184
4253 5 2 1 6211 728 2344 5824 3184 729 2345 5825 3185
4254 5 2 1 6211 729 2345 5825 3185 730 2346 5826 3186
4255 5 2 1 6211 730 2346 5826 3186 52 257 1616 487
4256 5 2 1 6211 427 1366 1367 428 3181 5821 5827 3187
4257 5 2 1 6211 3181 5821 5827 3187 3182 5822 5828 3188
4258 5 2 1 6211 3182 5822 5828 3188 3183 5823 5829 3189
4259 5 2 1 6211 3183 5823 5829 3189 3184 5824 5830 3190
4260 5 2 1 6211 3184 5824 5830 3190 3185 5825 5831 3191
4261 5 2 1 6211 3185 5825 5831 3191 3186 5826 5832 3192
4262 5 2 1 6211 3186 5826 5832 3192 487 1616 1617 488
4263 5 2 1 6211 428 1367 1368 429 3187 5827 5833 3193
4264 5 2 1 6211 3187 5827 5833 3193 3188 5828 5834 3194
4265 5 2 1 6211 3188 5828 5834 3194 3189 5829 5835 3195
4266 5 2 1 6211 3189 5829 5835 3195 3190 5830 5836 3196
4267 5 2 1 6211 3190 5830 5836 3196 3191 5831 5837 3197
4268 5 2 1 6211 3191 5831 5837 3197 3192 5832 5838 3198
4269 5 2 1 6211 3192 5832 5838 3198 488 1617 1618 489
4270 5 2 1 6211 429 1368 1369 430 3193 5833 5839 3199
4271 5 2 1 6211 3193 5833 5839 3199 3194 5834 5840 3200
4272 5 2 1 6211 3194 5834 5840 3200 3195 5835 5841 3201
4273 5 2 1 6211 3195 5835 5841 3201 3196 5836 5842 3202
4274 5 2 1 6211 3196 5836 5842 3202 3197 5837 5843 3203
4275 5 2 1 6211 3197 5837 5843 3203 3198 5838 5844 3204
4276 5 2 1 6211 3198 5838 5844 3204 489 1618 1619 490
4277 5 2 1 6211 430 1369 1370 431 3199 5839 5845 3205
4278 5 2 1 6211 3199 5839 5845 3205 3200 5840 5846 3206
4279 5 2 1 6211 3200 5840 5846 3206 3201 5841 5847 3207
4280 5 2 1 6211 3201 5841 5847 3207 3202 5842 5848 3208
4281 5 2 1 6211 3202 5842 5848 3208 3203 5843 5849 3209
4282 5 2 1 6211 3203 5843 5849 3209 3204 5844 5850 3210
4283 5 2 1 6211 3204 5844 5850 3210 490 1619 1620 491
4284 5 2 1 6211 431 1370 217 41 3205 5845 2431 749
4285 5 2 1 6211 3205 5845 2431 749 3206 5846 2432 750
4286 5 2 1 6211 3206 5846 2432 750 3207 5847 2433 751
4287 5 2 1 6211 3207 5847 2433 751 3208 5848 2434 752
4288 5 2 1 6211 3208 5848 2434 752 3209 5849 2435 753
4289 5 2 1 6211 3209 5849 2435 753 3210 5850 2436 754
4290 5 2 1 6211 3210 5850 2436 754 491 1620 272 56
4291 5 2 1 6211 202 203 1371 1366 2341 2347 5851 5821
4292 5 2 1 6211 2341 2347 5851 5821 2342 2348 5852 5822
4293 5 2 1 6211 2342 2348 5852 5822 2343 2349 5853 5823
4294 5 2 1 6211 2343 2349 5853 5823 2344 2350 5854 5824
4295 5 2 1 6211 2344 2350 5854 5824 2345 2351 5855 5825
4296 5 2 1 6211 2345 2351 5855 5825 2346 2352 5856 5826
4297 5 2 1 6211 2346 2352 5856 5826 257 258 1621 1616
4298 5 2 1 6211 1366 1371 1372 1367 5821 5851 5857 5827
4299 5 2 1 6211 5821 5851 5857 5827 5822 5852 5858 5828
4300 5 2 1 6211 5822 5852 5858 5828 5823 5853 5859 5829
4301 5 2 1 6211 5823 5853 5859 5829 5824 5854 5860 5830
4302 5 2 1 6211 5824 5854 5860 5830 5825 5855 5861 5831
4303 5 2 1 6211 5825 5855 5861 5831 5826 5856 5862 5832
4304 5 2 1 6211 5826 5856 5862 5832 1616 1621 1622 1617
4305 5 2 1 6211 1367 1372 1373 1368 5827 5857 5863 5833
4306 5 2 1 6211 5827 5857 5863 5833 5828 5858 5864 5834
4307 5 2 1 6211 5828 5858 5864 5834 5829 5859 5865 5835
4308 5 2 1 6211 5829 5859 5865 5835 5830 5860 5866 5836
4309 5 2 1 6211 5830 5860 5866 5836 5831 5861 5867 5837
4310 5 2 1 6211 5831 5861 5867 5837 5832 5862 5868 5838
4311 5 2 1 6211 5832 5862 5868 5838 1617 1622 1623 1618
4312 5 2 1 6211 1368 1373 1374 1369 5833 5863 5869 5839
4313 5 2 1 6211 5833 5863 5869 5839 5834 5864 5870 5840
4314 5 2 1 6211 5834 5864 5870 5840 5835 5865 5871 5841
4315 5 2 1 6211 5835 5865 5871 5841 5836 5866 5872 5842
4316 5 2 1 6211 5836 5866 5872 5842 5837 5867 5873 5843
4317 5 2 1 6211 5837 5867 5873 5843 5838 5868 5874 5844
4318 5 2 1 6211 5838 5868 5874 5844 1618 1623 1624 1619
4319 5 2 1 6211 1369 1374 1375 1370 5839 5869 5875 5845
4320 5 2 1 6211 5839 5869 5875 5845 5840 5870 5876 5846
4321 5 2 1 6211 5840 5870 5876 5846 5841 5871 5877 5847
4322 5 2 1 6211 5841 5871 5877 5847 5842 5872 5878 5848
4323 5 2 1 6211 5842 5872 5878 5848 5843 5873 5879 5849
4324 5 2 1 6211 5843 5873 5879 5849 5844 5874 5880 5850
4325 5 2 1 6211 5844 5874 5880 5850 1619 1624 1625 1620
4326 5 2 1 6211 1370 1375 218 217 5845 5875 2437 2431
4327 5 2 1 6211 5845 5875 2437 2431 5846 5876 2438 2432
4328 5 2 1 6211 5846 5876 2438 2432 5847 5877 2439 2433
4329 5 2 1 6211 5847 5877 2439 2433 5848 5878 2440 2434
4330 5 2 1 6211 5848 5878 2440 2434 5849 5879 2441 2435
4331 5 2 1 6211 5849 5879 2441 2435 5850 5880 2442 2436
4332 5 2 1 6211 5850 5880 2442 2436 1620 1625 273 272
4333 5 2 1 6211 203 204 1376 1371 2347 2353 5881 5851
4334 5 2 1 6211 2347 2353 5881 5851 2348 2354 5882 5852
4335 5 2 1 6211 2348 2354 5882 5852 2349 2355 5883 5853
4336 5 2 1 6211 2349 2355 5883 5853 2350 2356 5884 5854
4337 5 2 1 6211 2350 2356 5884 5854 2351 2357 5885 5855
4338 5 2 1 6211 2351 2357 5885 5855 2352 2358 5886 5856
4339 5 2 1 6211 2352 2358 5886 5856 258 259 1626 1621
4340 5 2 1 6211 1371 1376 1377 1372 5851 5881 5887 5857
4341 5 2 1 6211 5851 5881 5887 5857 5852 5882 5888 5858
4342 5 2 1 6211 5852 5882 5888 5858 5853 5883 5889 5859
4343 5 2 1 6211 5853 5883 5889 5859 5854 5884 5890 5860
4344 5 2 1 6211 5854 5884 5890 5860 5855 5885 5891 5861
4345 5 2 1 6211 5855 5885 5891 5861 5856 5886 5892 5862
4346 5 2 1 6211 5856 5886 5892 5862 1621 1626 1627 1622
4347 5 2 1 6211 1372 1377 1378 1373 5857 5887 5893 5863
4348 5 2 1 6211 5857 5887 5893 5863 5858 5888 5894 5864
4349 5 2 1 6211 5858 5888 5894 5864 5859 5889 5895 5865
4350 5 2 1 6211 5859 5889 5895 5865 5860 5890 5896 5866
4351 5 2 1 6211 5860 5890 5896 5866 5861 5891 5897 5867
4352 5 2 1 6211 5861 5891 5897 5867 5862 5892 5898 5868
4353 5 2 1 6211 5862 5892 5898 5868 1622 1627 1628 1623
4354 5 2 1 6211 1373 1378 1379 1374 5863 5893 5899 5869
4355 5 2 1 6211 5863 5893 5899 5869 5864 5894 5900 5870
4356 5 2 1 6211 5864 5894 5900 5870 5865 5895 5901 5871
4357 5 2 1 6211 5865 5895 5901 5871 5866 5896 5902 5872
4358 5 2 1 6211 5866 5896 5902 5872 5867 5897 5903 5873
4359 5 2 1 6211 5867 5897 5903 5873 5868 5898 5904 5874
4360 5 2 1 6211 5868 5898 5904 5874 1623 1628 1629 1624
4361 5 2 1 6211 1374 1379 1380 1375 5869 5899 5905 5875
4362 5 2 1 6211 5869 5899 5905 5875 5870 5900 5906 5876
4363 5 2 1 6211 5870 5900 5906 5876 5871 5901 5907 5877
4364 5 2 1 6211 5871 5901 5907 5877 5872 5902 5908 5878
4365 5 2 1 6211 5872 5902 5908 5878 5873 5903 5909 5879
4366 5 2 1 6211 5873 5903 5909 5879 5874 5904 5910 5880
4367 5 2 1 6211 5874 5904 5910 5880 1624 1629 1630 1625
4368 5 2 1 6211 1375 1380 219 218 5875 5905 2443 2437
4369 5 2 1 6211 5875 5905 2443 2437 5876 5906 2444 2438
4370 5 2 1 6211 5876 5906 2444 2438 5877 5907 2445 2439
4371 5 2 1 6211 5877 5907 2445 2439 5878 5908 2446 2440
4372 5 2 1 6211 5878 5908 2446 2440 5879 5909 2447 2441
4373 5 2 1 6211 5879 5909 2447 2441 5880 5910 2448 2442
4374 5 2 1 6211 5880 5910 2448 2442 1625 1630 274 273
4375 5 2 1 6211 204 205 1381 1376 2353 2359 5911 5881
4376 5 2 1 6211 2353 2359 5911 5881 2354 2360 5912 5882
4377 5 2 1 6211 2354 2360 5912 5882 2355 2361 5913 5883
4378 5 2 1 6211 2355 2361 5913 5883 2356 2362 5914 5884
4379 5 2 1 6211 2356 2362 5914 5884 2357 2363 5915 5885
4380 5 2 1 6211 2357 2363 5915 5885 2358 2364 5916 5886
4381 5 2 1 6211 2358 2364 5916 5886 259 260 1631 1626
4382 5 2 1 6211 1376 1381 1382 1377 5881 5911 5917 5887
4383 5 2 1 6211 5881 5911 5917 5887 5882 5912 5918 5888
4384 5 2 1 6211 5882 5912 5918 5888 5883 5913 5919 5889
4385 5 2 1 6211 5883 5913 5919 5889 5884 5914 5920 5890
4386 5 2 1 6211 5884 5914 5920 5890 5885 5915 5921 5891
4387 5 2 1 6211 5885 5915 5921 5891 5886 5916 5922 5892
4388 5 2 1 6211 5886 5916 5922 5892 1626 1631 1632 1627
4389 5 2 1 6211 1377 1382 1383 1378 5887 5917 5923 5893
4390 5 2 1 6211 5887 5917 5923 5893 5888 5918 5924 5894
4391 5 2 1 6211 5888 5918 5924 5894 5889 5919 5925 5895
4392 5 2 1 6211 5889 5919 5925 5895 5890 5920 5926 5896
4393 5 2 1 6211 5890 5920 5926 5896 5891 5921 5927 5897
4394 5 2 1 6211 5891 5921 5927 5897 5892 5922 5928 5898
4395 5 2 1 6211 5892 5922 5928 5898 1627 1632 1633 1628
4396 5 2 1 6211 1378 1383 1384 1379 5893 5923 5929 5899
4397 5 2 1 6211 5893 5923 5929 5899 5894 5924 5930 5900
4398 5 2 1 6211 5894 5924 5930 5900 5895 5925 5931 5901
4399 5 2 1 6211 5895 5925 5931 5901 5896 5926 5932 5902
4400 5 2 1 6211 5896 5926 5932 5902 5897 5927 5933 5903
4401 5 2 1 6211 5897 5927 5933 5903 5898 5928 5934 5904
4402 5 2 1 6211 5898 5928 5934 5904 1628 1633 1634 1629
4403 5 2 1 6211 1379 1384 1385 1380 5899 5929 5935 5905
4404 5 2 1 6211 5899 5929 5935 5905 5900 5930 5936 5906
4405 5 2 1 6211 5900 5930 5936 5906 5901 5931 5937 5907
4406 5 2 1 6211 5901 5931 5937 5907 5902 5932 5938 5908
4407 5 2 1 6211 5902 5932 5938 5908 5903 5933 5939 5909
4408 5 2 1 6211 5903 5933 5939 5909 5904 5934 5940 5910
4409 5 2 1 6211 5904 5934 5940 5910 1629 1634 1635 1630
4410 5 2 1 6211 1380 1385 220 219 5905 5935 2449 2443
4411 5 2 1 6211 5905 5935 2449 2443 5906 5936 2450 2444
4412 5 2 1 6211 5906 5936 2450 2444 5907 5937 2451 2445
4413 5 2 1 6211 5907 5937 2451 2445 5908 5938 2452 2446
4414 5 2 1 6211 5908 5938 2452 2446 5909 5939 2453 2447
4415 5 2 1 6211 5909 5939 2453 2447 5910 5940 2454 2448
4416 5 2 1 6211 5910 5940 2454 2448 1630 1635 275 274
4417 5 2 1 6211 205 206 1386 1381 2359 2365 5941 5911
4418 5 2 1 6211 2359 2365 5941 5911 2360 2366 5942 5912
4419 5 2 1 6211 2360 2366 5942 5912 2361 2367 5943 5913
4420 5 2 1 6211 2361 2367 5943 5913 2362 2368 5944 5914
4421 5 2 1 6211 2362 2368 5944 5914 2363 2369 5945 5915
4422 5 2 1 6211 2363 2369 5945 5915 2364 2370 5946 5916
4423 5 2 1 6211 2364 2370 5946 5916 260 261 1636 1631
4424 5 2 1 6211 1381 1386 1387 1382 5911 5941 5947 5917
4425 5 2 1 6211 5911 5941 5947 5917 5912 5942 5948 5918
4426 5 2 1 6211 5912 5942 5948 5918 5913 5943 5949 5919
4427 5 2 1 6211 5913 5943 5949 5919 5914 5944 5950 5920
4428 5 2 1 6211 5914 5944 5950 5920 5915 5945 5951 5921
4429 5 2 1 6211 5915 5945 5951 5921 5916 5946 5952 5922
4430 5 2 1 6211 5916 5946 5952 5922 1631 1636 1637 1632
4431 5 2 1 6211 1382 1387 1388 1383 5917 5947 5953 5923
4432 5 2 1 6211 5917 5947 5953 5923 5918 5948 5954 5924
4433 5 2 1 6211 5918 5948 5954 5924 5919 5949 5955 5925
4434 5 2 1 6211 5919 5949 5955 5925 5920 5950 5956 5926
4435 5 2 1 6211 5920 5950 5956 5926 5921 5951 5957 5927
4436 5 2 1 6211 5921 5951 5957 5927 5922 5952 5958 5928
4437 5 2 1 6211 5922 5952 5958 5928 1632 1637 1638 1633
4438 5 2 1 6211 1383 1388 1389 1384 5923 5953 5959 5929
4439 5 2 1 6211 5923 5953 5959 5929 5924 5954 5960 5930
4440 5 2 1 6211 5924 5954 5960 5930 5925 5955 5961 5931
4441 5 2 1 6211 5925 5955 5961 5931 5926 5956 5962 5932
4442 5 2 1 6211 5926 5956 5962 5932 5927 5957 5963 5933
4443 5 2 1 6211 5927 5957 5963 5933 5928 5958 5964 5934
4444 5 2 1 6211 5928 5958 5964 5934 1633 1638 1639 1634
4445 5 2 1 6211 1384 1389 1390 1385 5929 5959 5965 5935
4446 5 2 1 6211 5929 5959 5965 5935 5930 5960 5966 5936
4447 5 2 1 6211 5930 5960 5966 5936 5931 5961 5967 5937
4448 5 2 1 6211 5931 5961 5967 5937 5932 5962 5968 5938
4449 5 2 1 6211 5932 5962 5968 5938 5933 5963 5969 5939
4450 5 2 1 6211 5933 5963 5969 5939 5934 5964 5970 5940
4451 5 2 1 6211 5934 5964 5970 5940 1634 1639 1640 1635
4452 5 2 1 6211 1385 1390 221 220 5935 5965 2455 2449
4453 5 2 1 6211 5935 5965 2455 2449 5936 5966 2456 2450
4454 5 2 1 6211 5936 5966 2456 2450 5937 5967 2457 2451
4455 5 2 1 6211 5937 5967 2457 2451 5938 5968 2458 2452
4456 5 2 1 6211 5938 5968 2458 2452 5939 5969 2459 2453
4457 5 2 1 6211 5939 5969 2459 2453 5940 5970 2460 2454
4458 5 2 1 6211 5940 5970 2460 2454 1635 1640 276 275
4459 5 2 1 6211 206 38 442 1386 2365 731 3271 5941
4460 5 2 1 6211 2365 731 3271 5941 2366 732 3272 5942
4461 5 2 1 6211 2366 732 3272 5942 2367 733 3273 5943
4462 5 2 1 6211 2367 733 3273 5943 2368 734 3274 5944
4463 5 2 1 6211 2368 734 3274 5944 2369 735 3275 5945
4464 5 2 1 6211 2369 735 3275 5945 2370 736 3276 5946
4465 5 2 1 6211 2370 736 3276 5946 261 53 502 1636
4466 5 2 1 6211 1386 442 443 1387 5941 3271 3277 5947
4467 5 2 1 6211 5941 3271 3277 5947 5942 3272 3278 5948
4468 5 2 1 6211 5942 3272 3278 5948 5943 3273 3279 5949
4469 5 2 1 6211 5943 3273 3279 5949 5944 3274 3280 5950
4470 5 2 1 6211 5944 3274 3280 5950 5945 3275 3281 5951
4471 5 2 1 6211 5945 3275 3281 5951 5946 3276 3282 5952
4472 5 2 1 6211 5946 3276 3282 5952 1636 502 503 1637
4473 5 2 1 6211 1387 443 444 1388 5947 3277 3283 5953
4474 5 2 1 6211 5947 3277 3283 5953 5948 3278 3284 5954
4475 5 2 1 6211 5948 3278 3284 5954 5949 3279 3285 5955
4476 5 2 1 6211 5949 3279 3285 5955 5950 3280 3286 5956
4477 5 2 1 6211 5950 3280 3286 5956 5951 3281 3287 5957
4478 5 2 1 6211 5951 3281 3287 5957 5952 3282 3288 5958
4479 5 2 1 6211 5952 3282 3288 5958 1637 503 504 1638
4480 5 2 1 6211 1388 444 445 1389 5953 3283 3289 5959
4481 5 2 1 6211 5953 3283 3289 5959 5954 3284 3290 5960
4482 5 2 1 6211 5954 3284 3290 5960 5955 3285 3291 5961
4483 5 2 1 6211 5955 3285 3291 5961 5956 3286 3292 5962
4484 5 2 1 6211 5956 3286 3292 5962 5957 3287 3293 5963
4485 5 2 1 6211 5957 3287 3293 5963 5958 3288 3294 5964
4486 5 2 1 6211 5958 3288 3294 5964 1638 504 505 1639
4487 5 2 1 6211 1389 445 446 1390 5959 3289 3295 5965
4488 5 2 1 6211 5959 3289 3295 5965 5960 3290 3296 5966
4489 5 2 1 6211 5960 3290 3296 5966 5961 3291 3297 5967
4490 5 2 1 6211 5961 3291 3297 5967 5962 3292 3298 5968
4491 5 2 1 6211 5962 3292 3298 5968 5963 3293 3299 5969
4492 5 2 1 6211 5963 3293 3299 5969 5964 3294 3300 5970
4493 5 2 1 6211 5964 3294 3300 5970 1639 505 506 1640
4494 5 2 1 6211 1390 446 42 221 5965 3295 755 2455
4495 5 2 1 6211 5965 3295 755 2455 5966 3296 756 2456
4496 5 2 1 6211 5966 3296 756 2456 5967 3297 757 2457
4497 5 2 1 6211 5967 3297 757 2457 5968 3298 758 2458
4498 5 2 1 6211 5968 3298 758 2458 5969 3299 759 2459
4499 5 2 1 6211 5969 3299 759 2459 5970 3300 760 2460
4500 5 2 1 6211 5970 3300 760 2460 1640 506 57 276
4501 5 2 1 6212 38 207 1391 442 731 2371 5971 3271
4502 5 2 1 6212 731 2371 5971 3271 732 2372 5972 3272
4503 5 2 1 6212 732 2372 5972 3272 733 2373 5973 3273
4504 5 2 1 6212 733 2373 5973 3273 734 2374 5974 3274
4505 5 2 1 6212 734 2374 5974 3274 735 2375 5975 3275
4506 5 2 1 6212 735 2375 5975 3275 736 2376 5976 3276
4507 5 2 1 6212 736 2376 5976 3276 53 262 1641 502
4508 5 2 1 6212 442 1391 1392 443 3271 5971 5977 3277
4509 5 2 1 6212 3271 5971 5977 3277 3272 5972 5978 3278
4510 5 2 1 6212 3272 5972 5978 3278 3273 5973 5979 3279
4511 5 2 1 6212 3273 5973 5979 3279 3274 5974 5980 3280
4512 5 2 1 6212 3274 5974 5980 3280 3275 5975 5981 3281
4513 5 2 1 6212 3275 5975 5981 3281 3276 5976 5982 3282
4514 5 2 1 6212 3276 5976 5982 3282 502 1641 1642 503
4515 5 2 1 6212 443 1392 1393 444 3277 5977 5983 3283
4516 5 2 1 6212 3277 5977 5983 3283 3278 5978 5984 3284
4517 5 2 1 6212 3278 5978 5984 3284 3279 5979 5985 3285
4518 5 2 1 6212 3279 5979 5985 3285 3280 5980 5986 3286
4519 5 2 1 6212 3280 5980 5986 3286 3281 5981 5987 3287
4520 5 2 1 6212 3281 5981 5987 3287 3282 5982 5988 3288
4521 5 2 1 6212 3282 5982 5988 3288 503 1642 1643 504
4522 5 2 1 6212 444 1393 1394 445 3283 5983 5989 3289
4523 5 2 1 6212 3283 5983 5989 3289 3284 5984 5990 3290
4524 5 2 1 6212 3284 5984 5990 3290 3285 5985 5991 3291
4525 5 2 1 6212 3285 5985 5991 3291 3286 5986 5992 3292
4526 5 2 1 6212 3286 5986 5992 3292 3287 5987 5993 3293
4527 5 2 1 6212 3287 5987 5993 3293 3288 5988 5994 3294
4528 5 2 1 6212 3288 5988 5994 3294 504 1643 1644 505
4529 5 2 1 6212 445 1394 1395 446 3289 5989 5995 3295
4530 5 2 1 6212 3289 5989 5995 3295 3290 5990 5996 3296
4531 5 2 1 6212 3290 5990 5996 3296 3291 5991 5997 3297
4532 5 2 1 6212 3291 5991 5997 3297 3292 5992 5998 3298
4533 5 2 1 6212 3292 5992 5998 3298 3293 5993 5999 3299
4534 5 2 1 6212 3293 5993 5999 3299 3294 5994 6000 3300
4535 5 2 1 6212 3294 5994 6000 3300 505 1644 1645 506
4536 5 2 1 6212 446 1395 222 42 3295 5995 2461 755
4537 5 2 1 6212 3295 5995 2461 755 3296 5996 2462 756
4538 5 2 1 6212 3296 5996 2462 756 3297 5997 2463 757
4539 5 2 1 6212 3297 5997 2463 757 3298 5998 2464 758
4540 5 2 1 6212 3298 5998 2464 758 3299 5999 2465 759
4541 5 2 1 6212 3299 5999 2465 759 3300 6000 2466 760
4542 5 2 1 6212 3300 6000 2466 760 506 1645 277 57
4543 5 2 1 6212 207 208 1396 1391 2371 2377 6001 5971
4544 5 2 1 6212 2371 2377 6001 5971 2372 2378 6002 5972
4545 5 2 1 6212 2372 2378 6002 5972 2373 2379 6003 5973
4546 5 2 1 6212 2373 2379 6003 5973 2374 2380 6004 5974
4547 5 2 1 6212 2374 2380 6004 5974 2375 2381 6005 5975
4548 5 2 1 6212 2375 2381 6005 5975 2376 2382 6006 5976
4549 5 2 1 6212 2376 2382 6006 5976 262 263 1646 1641
4550 5 2 1 6212 1391 1396 1397 1392 5971 6001 6007 5977
4551 5 2 1 6212 5971 6001 6007 5977 5972 6002 6008 5978
4552 5 2 1 6212 5972 6002 6008 5978 5973 6003 6009 5979
4553 5 2 1 6212 5973 6003 6009 5979 5974 6004 6010 5980
4554 5 2 1 6212 5974 6004 6010 5980 5975 6005 6011 5981
4555 5 2 1 6212 5975 6005 6011 5981 5976 6006 6012 5982
4556 5 2 1 6212 5976 6006 6012 5982 1641 1646 1647 1642
4557 5 2 1 6212 1392 1397 1398 1393 5977 6007 6013 5983
4558 5 2 1 6212 5977 6007 6013 5983 5978 6008 6014 5984
4559 5 2 1 6212 5978 6008 6014 5984 5979 6009 6015 5985
4560 5 2 1 6212 5979 6009 6015 5985 5980 6010 6016 5986
4561 5 2 1 6212 5980 6010 6016 5986 5981 6011 6017 5987
4562 5 2 1 6212 5981 6011 6017 5987 5982 6012 6018 5988
4563 5 2 1 6212 5982 6012 6018 5988 1642 1647 1648 1643
4564 5 2 1 6212 1393 1398 1399 1394 5983 6013 6019 5989
4565 5 2 1 6212 5983 6013 6019 5989 5984 6014 6020 5990
4566 5 2 1 6212 5984 6014 6020 5990 5985 6015 6021 5991
4567 5 2 1 6212 5985 6015 6021 5991 5986 6016 6022 5992
4568 5 2 1 6212 5986 6016 6022 5992 5987 6017 6023 5993
4569 5 2 1 6212 5987 6017 6023 5993 5988 6018 6024 5994
4570 5 2 1 6212 5988 6018 6024 5994 1643 1648 1649 1644
4571 5 2 1 6212 1394 1399 1400 1395 5989 6019 6025 5995
4572 5 2 1 6212 5989 6019 6025 5995 5990 6020 6026 5996
4573 5 2 1 6212 5990 6020 6026 5996 5991 6021 6027 5997
4574 5 2 1 6212 5991 6021 6027 5997 5992 6022 6028 5998
4575 5 2 1 6212 5992 6022 6028 5998 5993 6023 6029 5999
4576 5 2 1 6212 5993 6023 6029 5999 5994 6024 6030 6000
4577 5 2 1 6212 5994 6024 6030 6000 1644 1649 1650 1645
4578 5 2 1 6212 1395 1400 223 222 5995 6025 2467 2461
4579 5 2 1 6212 5995 6025 2467 2461 5996 6026 2468 2462
4580 5 2 1 6212 5996 6026 2468 2462 5997 6027 2469 2463
4581 5 2 1 6212 5997 6027 2469 2463 5998 6028 2470 2464
4582 5 2 1 6212 5998 6028 2470 2464 5999 6029 2471 2465
4583 5 2 1 6212 5999 6029 2471 2465 6000 6030 2472 2466
4584 5 2 1 6212 6000 6030 2472 2466 1645 1650 278 277
4585 5 2 1 6212 208 209 1401 1396 2377 2383 6031 6001
4586 5 2 1 6212 2377 2383 6031 6001 2378 2384 6032 6002
4587 5 2 1 6212 2378 2384 6032 6002 2379 2385 6033 6003
4588 5 2 1 6212 2379 2385 6033 6003 2380 2386 6034 6004
4589 5 2 1 6212 2380 2386 6034 6004 2381 2387 6035 6005
4590 5 2 1 6212 2381 2387 6035 6005 2382 2388 6036 6006
4591 5 2 1 6212 2382 2388 6036 6006 263 264 1651 1646
4592 5 2 1 6212 1396 1401 1402 1397 6001 6031 6037 6007
4593 5 2 1 6212 6001 6031 6037 6007 6002 6032 6038 6008
4594 5 2 1 6212 6002 6032 6038 6008 6003 6033 6039 6009
4595 5 2 1 6212 6003 6033 6039 6009 6004 6034 6040 6010
4596 5 2 1 6212 6004 6034 6040 6010 6005 6035 6041 6011
4597 5 2 1 6212 6005 6035 6041 6011 6006 6036 6042 6012
4598 5 2 1 6212 6006 6036 6042 6012 1646 1651 1652 1647
4599 5 2 1 6212 1397 1402 1403 1398 6007 6037 6043 6013
4600 5 2 1 6212 6007 6037 6043 6013 6008 6038 6044 6014
4601 5 2 1 6212 6008 6038 6044 6014 6009 6039 6045 6015
4602 5 2 1 6212 6009 6039 6045 6015 6010 6040 6046 6016
4603 5 2 1 6212 6010 6040 6046 6016 6011 6041 6047 6017
4604 5 2 1 6212 6011 6041 6047 6017 6012 6042 6048 6018
4605 5 2 1 6212 6012 6042 6048 6018 1647 1652 1653 1648
4606 5 2 1 6212 1398 1403 1404 1399 6013 6043 6049 6019
4607 5 2 1 6212 6013 6043 6049 6019 6014 6044 6050 6020
4608 5 2 1 6212 6014 6044 6050 6020 6015 6045 6051 6021
4609 5 2 1 6212 6015 6045 6051 6021 6016 6046 6052 6022
4610 5 2 1 6212 6016 6046 6052 6022 6017 6047 6053 6023
4611 5 2 1 6212 6017 6047 6053 6023 6018 6048 6054 6024
4612 5 2 1 6212 6018 6048 6054 6024 1648 1653 1654 1649
4613 5 2 1 6212 1399 1404 1405 1400 6019 6049 6055 6025
4614 5 2 1 6212 6019 6049 6055 6025 6020 6050 6056 6026
4615 5 2 1 6212 6020 6050 6056 6026 6021 6051 6057 6027
4616 5 2 1 6212 6021 6051 6057 6027 6022 6052 6058 6028
4617 5 2 1 6212 6022 6052 6058 6028 6023 6053 6059 6029
4618 5 2 1 6212 6023 6053 6059 6029 6024 6054 6060 6030
4619 5 2 1 6212 6024 6054 6060 6030 1649 1654 1655 1650
4620 5 2 1 6212 1400 1405 224 223 6025 6055 2473 2467
4621 5 2 1 6212 6025 6055 2473 2467 6026 6056 2474 2468
4622 5 2 1 6212 6026 6056 2474 2468 6027 6057 2475 2469
4623 5 2 1 6212 6027 6057 2475 2469 6028 6058 2476 2470
4624 5 2 1 6212 6028 6058 2476 2470 6029 6059 2477 2471
4625 5 2 1 6212 6029 6059 2477 2471 6030 6060 2478 2472
4626 5 2 1 6212 6030 6060 2478 2472 1650 1655 279 278
4627 5 2 1 6212 209 210 1406 1401 2383 2389 6061 6031
4628 5 2 1 6212 2383 2389 6061 6031 2384 2390 6062 6032
4629 5 2 1 6212 2384 2390 6062 6032 2385 2391 6063 6033
4630 5 2 1 6212 2385 2391 6063 6033 2386 2392 6064 6034
4631 5 2 1 6212 2386 2392 6064 6034 2387 2393 6065 6035
4632 5 2 1 6212 2387 2393 6065 6035 2388 2394 6066 6036
4633 5 2 1 6212 2388 2394 6066 6036 264 265 1656 1651
4634 5 2 1 6212 1401 1406 1407 1402 6031 6061 6067 6037
4635 5 2 1 6212 6031 6061 6067 6037 6032 6062 6068 6038
4636 5 2 1 6212 6032 6062 6068 6038 6033 6063 6069 6039
4637 5 2 1 6212 6033 6063 6069 6039 6034 6064 6070 6040
4638 5 2 1 6212 6034 6064 6070 6040 6035 6065 6071 6041
4639 5 2 1 6212 6035 6065 6071 6041 6036 6066 6072 6042
4640 5 2 1 6212 6036 6066 6072 6042 1651 1656 1657 1652
4641 5 2 1 6212 1402 1407 1408 1403 6037 6067 6073 6043
4642 5 2 1 6212 6037 6067 6073 6043 6038 6068 6074 6044
4643 5 2 1 6212 6038 6068 6074 6044 6039 6069 6075 6045
4644 5 2 1 6212 6039 6069 6075 6045 6040 6070 6076 6046
4645 5 2 1 6212 6040 6070 6076 6046 6041 6071 6077 6047
4646 5 2 1 6212 6041 6071 6077 6047 6042 6072 6078 6048
4647 5 2 1 6212 6042 6072 6078 6048 1652 1657 1658 1653
4648 5 2 1 6212 1403 1408 1409 1404 6043 6073 6079 6049
4649 5 2 1 6212 6043 6073 6079 6049 6044 6074 6080 6050
4650 5 2 1 6212 6044 6074 6080 6050 6045 6075 6081 6051
4651 5 2 1 6212 6045 6075 6081 6051 6046 6076 6082 6052
4652 5 2 1 6212 6046 6076 6082 6052 6047 6077 6083 6053
4653 5 2 1 6212 6047 6077 6083 6053 6048 6078 6084 6054
4654 5 2 1 6212 6048 6078 6084 6054 1653 1658 1659 1654
4655 5 2 1 6212 1404 1409 1410 1405 6049 6079 6085 6055
4656 5 2 1 6212 6049 6079 6085 6055 6050 6080 6086 6056
4657 5 2 1 6212 6050 6080 6086 6056 6051 6081 6087 6057
4658 5 2 1 6212 6051 6081 6087 6057 6052 6082 6088 6058
4659 5 2 1 6212 6052 6082 6088 6058 6053 6083 6089 6059
4660 5 2 1 6212 6053 6083 6089 6059 6054 6084 6090 6060
4661 5 2 1 6212 6054 6084 6090 6060 1654 1659 1660 1655
4662 5 2 1 6212 1405 1410 225 224 6055 6085 2479 2473
4663 5 2 1 6212 6055 6085 2479 2473 6056 6086 2480 2474
4664 5 2 1 6212 6056 6086 2480 2474 6057 6087 2481 2475
4665 5 2 1 6212 6057 6087 2481 2475 6058 6088 2482 2476
4666 5 2 1 6212 6058 6088 2482 2476 6059 6089 2483 2477
4667 5 2 1 6212 6059 6089 2483 2477 6060 6090 2484 2478
4668 5 2 1 6212 6060 6090 2484 2478 1655 1660 280 279
4669 5 2 1 6212 210 211 1411 1406 2389 2395 6091 6061
4670 5 2 1 6212 2389 2395 6091 6061 2390 2396 6092 6062
4671 5 2 1 6212 2390 2396 6092 6062 2391 2397 6093 6063
4672 5 2 1 6212 2391 2397 6093 6063 2392 2398 6094 6064
4673 5 2 1 6212 2392 2398 6094 6064 2393 2399 6095 6065
4674 5 2 1 6212 2393 2399 6095 6065 2394 2400 6096 6066
4675 5 2 1 6212 2394 2400 6096 6066 265 266 1661 1656
4676 5 2 1 6212 1406 1411 1412 1407 6061 6091 6097 6067
4677 5 2 1 6212 6061 6091 6097 6067 6062 6092 6098 6068
4678 5 2 1 6212 6062 6092 6098 6068 6063 6093 6099 6069
4679 5 2 1 6212 6063 6093 6099 6069 6064 6094 6100 6070
4680 5 2 1 6212 6064 6094 6100 6070 6065 6095 6101 6071
4681 5 2 1 6212 6065 6095 6101 6071 6066 6096 6102 6072
4682 5 2 1 6212 6066 6096 6102 6072 1656 1661 1662 1657
4683 5 2 1 6212 1407 1412 1413 1408 6067 6097 6103 6073
4684 5 2 1 6212 6067 6097 6103 6073 6068 6098 6104 6074
4685 5 2 1 6212 6068 6098 6104 6074 6069 6099 6105 6075
4686 5 2 1 6212 6069 6099 6105 6075 6070 6100 6106 6076
4687 5 2 1 6212 6070 6100 6106 6076 6071 6101 6107 6077
4688 5 2 1 6212 6071 6101 6107 6077 6072 6102 6108 6078
4689 5 2 1 6212 6072 6102 6108 6078 1657 1662 1663 1658
4690 5 2 1 6212 1408 1413 1414 1409 6073 6103 6109 6079
4691 5 2 1 6212 6073 6103 6109 6079 6074 6104 6110 6080
4692 5 2 1 6212 6074 6104 6110 6080 6075 6105 6111 6081
4693 5 2 1 6212 6075 6105 6111 6081 6076 6106 6112 6082
4694 5 2 1 6212 6076 6106 6112 6082 6077 6107 6113 6083
4695 5 2 1 6212 6077 6107 6113 6083 6078 6108 6114 6084
4696 5 2 1 6212 6078 6108 6114 6084 1658 1663 1664 1659
4697 5 2 1 6212 1409 1414 1415 1410 6079 6109 6115 6085
4698 5 2 1 6212 6079 6109 6115 6085 6080 6110 6116 6086
4699 5 2 1 6212 6080 6110 6116 6086 6081 6111 6117 6087
4700 5 2 1 6212 6081 6111 6117 6087 6082 6112 6118 6088
4701 5 2 1 6212 6082 6112 6118 6088 6083 6113 6119 6089
4702 5 2 1 6212 6083 6113 6119 6089 6084 6114 6120 6090
4703 5 2 1 6212 6084 6114 6120 6090 1659 1664 1665 1660
4704 5 2 1 6212 1410 1415 226 225 6085 6115 2485 2479
4705 5 2 1 6212 6085 6115 2485 2479 6086 6116 2486 2480
4706 5 2 1 6212 6086 6116 2486 2480 6087 6117 2487 2481
4707 5 2 1 6212 6087 6117 2487 2481 6088 6118 2488 2482
4708 5 2 1 6212 6088 6118 2488 2482 6089 6119 2489 2483
4709 5 2 1 6212 6089 6119 2489 2483 6090 6120 2490 2484
4710 5 2 1 6212 6090 6120 2490 2484 1660 1665 281 280
4711 5 2 1 6212 211 39 457 1411 2395 737 3361 6091
4712 5 2 1 6212 2395 737 3361 6091 2396 738 3362 6092
4713 5 2 1 6212 2396 738 3362 6092 2397 739 3363 6093
4714 5 2 1 6212 2397 739 3363 6093 2398 740 3364 6094
4715 5 2 1 6212 2398 740 3364 6094 2399 741 3365 6095
4716 5 2 1 6212 2399 741 3365 6095 2400 742 3366 6096
4717 5 2 1 6212 2400 742 3366 6096 266 54 517 1661
4718 5 2 1 6212 1411 457 458 1412 6091 3361 3367 6097
4719 5 2 1 6212 6091 3361 3367 6097 6092 3362 3368 6098
4720 5 2 1 6212 6092 3362 3368 6098 6093 3363 3369 6099
4721 5 2 1 6212 6093 3363 3369 6099 6094 3364 3370 6100
4722 5 2 1 6212 6094 3364 3370 6100 6095 3365 3371 6101
4723 5 2 1 6212 6095 3365 3371 6101 6096 3366 3372 6102
4724 5 2 1 6212 6096 3366 3372 6102 1661 517 518 1662
4725 5 2 1 6212 1412 458 459 1413 6097 3367 3373 6103
4726 5 2 1 6212 6097 3367 3373 6103 6098 3368 3374 6104
4727 5 2 1 6212 6098 3368 3374 6104 6099 3369 3375 6105
4728 5 2 1 6212 6099 3369 3375 6105 6100 3370 3376 6106
4729 5 2 1 6212 6100 3370 3376 6106 6101 3371 3377 6107
4730 5 2 1 6212 6101 3371 3377 6107 6102 3372 3378 6108
4731 5 2 1 6212 6102 3372 3378 6108 1662 518 519 1663
4732 5 2 1 6212 1413 459 460 1414 6103 3373 3379 6109
4733 5 2 1 6212 6103 3373 3379 6109 6104 3374 3380 6110
4734 5 2 1 6212 6104 3374 3380 6110 6105 3375 3381 6111
4735 5 2 1 6212 6105 3375 3381 6111 6106 3376 3382 6112
4736 5 2 1 6212 6106 3376 3382 6112 6107 3377 3383 6113
4737 5 2 1 6212 6107 3377 3383 6113 6108 3378 3384 6114
4738 5 2 1 6212 6108 3378 3384 6114 1663 519 520 1664
4739 5 2 1 6212 1414 460 461 1415 6109 3379 3385 6115
4740 5 2 1 6212 6109 3379 3385 6115 6110 3380 3386 6116
4741 5 2 1 6212 6110 3380 3386 6116 6111 3381 3387 6117
4742 5 2 1 6212 6111 3381 3387 6117 6112 3382 3388 6118
4743 5 2 1 6212 6112 3382 3388 6118 6113 3383 3389 6119
4744 5 2 1 6212 6113 3383 3389 6119 6114 3384 3390 6120
4745 5 2 1 6212 6114 3384 3390 6120 1664 520 521 1665
4746 5 2 1 6212 1415 461 43 226 6115 3385 761 2485
4747 5 2 1 6212 6115 3385 761 2485 6116 3386 762 2486
4748 5 2 1 6212 6116 3386 762 2486 6117 3387 763 2487
4749 5 2 1 6212 6117 3387 763 2487 6118 3388 764 2488
4750 5 2 1 6212 6118 3388 764 2488 6119 3389 765 2489
4751 5 2 1 6212 6119 3389 765 2489 6120 3390 766 2490
4752 5 2 1 6212 6120 3390 766 2490 1665 521 58 281
4753 5 2 1 6220 40 212 1491 552 743 2401 6121 3121
4754 5 2 1 6220 743 2401 6121 3121 744 2402 6122 3122
4755 5 2 1 6220 744 2402 6122 3122 745 2403 6123 3123
4756 5 2 1 6220 745 2403 6123 3123 746 2404 6124 3124
4757 5 2 1 6220 746 2404 6124 3124 747 2405 6125 3125
4758 5 2 1 6220 747 2405 6125 3125 748 2406 6126 3126
4759 5 2 1 6220 748 2406 6126 3126 55 267 1666 477
4760 5 2 1 6220 552 1491 1492 553 3121 6121 6127 3127
4761 5 2 1 6220 3121 6121 6127 3127 3122 6122 6128 3128
4762 5 2 1 6220 3122 6122 6128 3128 3123 6123 6129 3129
4763 5 2 1 6220 3123 6123 6129 3129 3124 6124 6130 3130
4764 5 2 1 6220 3124 6124 6130 3130 3125 6125 6131 3131
4765 5 2 1 6220 3125 6125 6131 3131 3126 6126 6132 3132
4766 5 2 1 6220 3126 6126 6132 3132 477 1666 1667 478
4767 5 2 1 6220 553 1492 1493 554 3127 6127 6133 3133
4768 5 2 1 6220 3127 6127 6133 3133 3128 6128 6134 3134
4769 5 2 1 6220 3128 6128 6134 3134 3129 6129 6135 3135
4770 5 2 1 6220 3129 6129 6135 3135 3130 6130 6136 3136
4771 5 2 1 6220 3130 6130 6136 3136 3131 6131 6137 3137
4772 5 2 1 6220 3131 6131 6137 3137 3132 6132 6138 3138
4773 5 2 1 6220 3132 6132 6138 3138 478 1667 1668 479
4774 5 2 1 6220 554 1493 1494 555 3133 6133 6139 3139
4775 5 2 1 6220 3133 6133 6139 3139 3134 6134 6140 3140
4776 5 2 1 6220 3134 6134 6140 3140 3135 6135 6141 3141
4777 5 2 1 6220 3135 6135 6141 3141 3136 6136 6142 3142
4778 5 2 1 6220 3136 6136 6142 3142 3137 6137 6143 3143
4779 5 2 1 6220 3137 6137 6143 3143 3138 6138 6144 3144
4780 5 2 1 6220 3138 6138 6144 3144 479 1668 1669 480
4781 5 2 1 6220 555 1494 1495 556 3139 6139 6145 3145
4782 5 2 1 6220 3139 6139 6145 3145 3140 6140 6146 3146
4783 5 2 1 6220 3140 6140 6146 3146 3141 6141 6147 3147
4784 5 2 1 6220 3141 6141 6147 3147 3142 6142 6148 3148
4785 5 2 1 6220 3142 6142 6148 3148 3143 6143 6149 3149
4786 5 2 1 6220 3143 6143 6149 3149 3144 6144 6150 3150
4787 5 2 1 6220 3144 6144 6150 3150 480 1669 1670 481
4788 5 2 1 6220 556 1495 562 66 3145 6145 2491 767
4789 5 2 1 6220 3145 6145 2491 767 3146 6146 2492 768
4790 5 2 1 6220 3146 6146 2492 768 3147 6147 2493 769
4791 5 2 1 6220 3147 6147 2493 769 3148 6148 2494 770
4792 5 2 1 6220 3148 6148 2494 770 3149 6149 2495 771
4793 5 2 1 6220 3149 6149 2495 771 3150 6150 2496 772
4794 5 2 1 6220 3150 6150 2496 772 481 1670 282 59
4795 5 2 1 6220 212 213 1496 1491 2401 2407 6151 6121
4796 5 2 1 6220 2401 2407 6151 6121 2402 2408 6152 6122
4797 5 2 1 6220 2402 2408 6152 6122 2403 2409 6153 6123
4798 5 2 1 6220 2403 2409 6153 6123 2404 2410 6154 6124
4799 5 2 1 6220 2404 2410 6154 6124 2405 2411 6155 6125
4800 5 2 1 6220 2405 2411 6155 6125 2406 2412 6156 6126
4801 5 2 1 6220 2406 2412 6156 6126 267 268 1671 1666
4802 5 2 1 6220 1491 1496 1497 1492 6121 6151 6157 6127
4803 5 2 1 6220 6121 6151 6157 6127 6122 6152 6158 6128
4804 5 2 1 6220 6122 6152 6158 6128 6123 6153 6159 6129
4805 5 2 1 6220 6123 6153 6159 6129 6124 6154 6160 6130
4806 5 2 1 6220 6124 6154 6160 6130 6125 6155 6161 6131
4807 5 2 1 6220 6125 6155 6161 6131 6126 6156 6162 6132
4808 5 2 1 6220 6126 6156 6162 6132 1666 1671 1672 1667
4809 5 2 1 6220 1492 1497 1498 1493 6127 6157 6163 6133
4810 5 2 1 6220 6127 6157 6163 6133 6128 6158 6164 6134
4811 5 2 1 6220 6128 6158 6164 6134 6129 6159 6165 6135
4812 5 2 1 6220 6129 6159 6165 6135 6130 6160 6166 6136
4813 5 2 1 6220 6130 6160 6166 6136 6131 6161 6167 6137
4814 5 2 1 6220 6131 6161 6167 6137 6132 6162 6168 6138
4815 5 2 1 6220 6132 6162 6168 6138 1667 1672 1673 1668
4816 5 2 1 6220 1493 1498 1499 1494 6133 6163 6169 6139
4817 5 2 1 6220 6133 6163 6169 6139 6134 6164 6170 6140
4818 5 2 1 6220 6134 6164 6170 6140 6135 6165 6171 6141
4819 5 2 1 6220 6135 6165 6171 6141 6136 6166 6172 6142
4820 5 2 1 6220 6136 6166 6172 6142 6137 6167 6173 6143
4821 5 2 1 6220 6137 6167 6173 6143 6138 6168 6174 6144
4822 5 2 1 6220 6138 6168 6174 6144 1668 1673 1674 1669
4823 5 2 1 6220 1494 1499 1500 1495 6139 6169 6175 6145
4824 5 2 1 6220 6139 6169 6175 6145 6140 6170 6176 6146
4825 5 2 1 6220 6140 6170 6176 6146 6141 6171 6177 6147
4826 5 2 1 6220 6141 6171 6177 6147 6142 6172 6178 6148
4827 5 2 1 6220 6142 6172 6178 6148 6143 6173 6179 6149
4828 5 2 1 6220 6143 6173 6179 6149 6144 6174 6180 6150
4829 5 2 1 6220 6144 6174 6180 6150 1669 1674 1675 1670
4830 5 2 1 6220 1495 1500 563 562 6145 6175 2497 2491
4831 5 2 1 6220 6145 6175 2497 2491 6146 6176 2498 2492
4832 5 2 1 6220 6146 6176 2498 2492 6147 6177 2499 2493
4833 5 2 1 6220 6147 6177 2499 2493 6148 6178 2500 2494
4834 5 2 1 6220 6148 6178 2500 2494 6149 6179 2501 2495
4835 5 2 1 6220 6149 6179 2501 2495 6150 6180 2502 2496
4836 5 2 1 6220 6150 6180 2502 2496 1670 1675 283 282
4837 5 2 1 6220 213 214 1501 1496 2407 2413 6181 6151
4838 5 2 1 6220 2407 2413 6181 6151 2408 2414 6182 6152
4839 5 2 1 6220 2408 2414 6182 6152 2409 2415 6183 6153
4840 5 2 1 6220 2409 2415 6183 6153 2410 2416 6184 6154
4841 5 2 1 6220 2410 2416 6184 6154 2411 2417 6185 6155
4842 5 2 1 6220 2411 2417 6185 6155 2412 2418 6186 6156
4843 5 2 1 6220 2412 2418 6186 6156 268 269 1676 1671
4844 5 2 1 6220 1496 1501 1502 1497 6151 6181 6187 6157
4845 5 2 1 6220 6151 6181 6187 6157 6152 6182 6188 6158
4846 5 2 1 6220 6152 6182 6188 6158 6153 6183 6189 6159
4847 5 2 1 6220 6153 6183 6189 6159 6154 6184 6190 6160
4848 5 2 1 6220 6154 6184 6190 6160 6155 6185 6191 6161
4849 5 2 1 6220 6155 6185 6191 6161 6156 6186 6192 6162
4850 5 2 1 6220 6156 6186 6192 6162 1671 1676 1677 1672
4851 5 2 1 6220 1497 1502 1503 1498 6157 6187 6193 6163
4852 5 2 1 6220 6157 6187 6193 6163 6158 6188 6194 6164
4853 5 2 1 6220 6158 6188 6194 6164 6159 6189 6195 6165
4854 5 2 1 6220 6159 6189 6195 6165 6160 6190 6196 6166
4855 5 2 1 6220 6160 6190 6196 6166 6161 6191 6197 6167
4856 5 2 1 6220 6161 6191 6197 6167 6162 6192 6198 6168
4857 5 2 1 6220 6162 6192 6198 6168 1672 1677 1678 1673
4858 5 2 1 6220 1498 1503 1504 1499 6163 6193 6199 6169
4859 5 2 1 6220 6163 6193 6199 6169 6164 6194 6200 6170
4860 5 2 1 6220 6164 6194 6200 6170 6165 6195 6201 6171
4861 5 2 1 6220 6165 6195 6201 6171 6166 6196 6202 6172
4862 5 2 1 6220 6166 6196 6202 6172 6167 6197 6203 6173
4863 5 2 1 6220 6167 6197 6203 6173 6168 6198 6204 6174
4864 5 2 1 6220 6168 6198 6204 6174 1673 1678 1679 1674
4865 5 2 1 6220 1499 1504 1505 1500 6169 6199 6205 6175
4866 5 2 1 6220 6169 6199 6205 6175 6170 6200 6206 6176
4867 5 2 1 6220 6170 6200 6206 6176 6171 6201 6207 6177
4868 5 2 1 6220 6171 6201 6207 6177 6172 6202 6208 6178
4869 5 2 1 6220 6172 6202 6208 6178 6173 6203 6209 6179
4870 5 2 1 6220 6173 6203 6209 6179 6174 6204 6210 6180
4871 5 2 1 6220 6174 6204 6210 6180 1674 1679 1680 1675
4872 5 2 1 6220 1500 1505 564 563 6175 6205 2503 2497
4873 5 2 1 6220 6175 6205 2503 2497 6176 6206 2504 2498
4874 5 2 1 6220 6176 6206 2504 2498 6177 6207 2505 2499
4875 5 2 1 6220 6177 6207 2505 2499 6178 6208 2506 2500
4876 5 2 1 6220 6178 6208 2506 2500 6179 6209 2507 2501
4877 5 2 1 6220 6179 6209 2507 2501 6180 6210 2508 2502
4878 5 2 1 6220 6180 6210 2508 2502 1675 1680 284 283
4879 5 2 1 6220 214 215 1506 1501 2413 2419 6211 6181
4880 5 2 1 6220 2413 2419 6211 6181 2414 2420 6212 6182
4881 5 2 1 6220 2414 2420 6212 6182 2415 2421 6213 6183
4882 5 2 1 6220 2415 2421 6213 6183 2416 2422 6214 6184
4883 5 2 1 6220 2416 2422 6214 6184 2417 2423 6215 6185
4884 5 2 1 6220 2417 2423 6215 6185 2418 2424 6216 6186
4885 5 2 1 6220 2418 2424 6216 6186 269 270 1681 1676
4886 5 2 1 6220 1501 1506 1507 1502 6181 6211 6217 6187
4887 5 2 1 6220 6181 6211 6217 6187 6182 6212 6218 6188
4888 5 2 1 6220 6182 6212 6218 6188 6183 6213 6219 6189
4889 5 2 1 6220 6183 6213 6219 6189 6184 6214 6220 6190
4890 5 2 1 6220 6184 6214 6220 6190 6185 6215 6221 6191
4891 5 2 1 6220 6185 6215 6221 6191 6186 6216 6222 6192
4892 5 2 1 6220 6186 6216 6222 6192 1676 1681 1682 1677
4893 5 2 1 6220 1502 1507 1508 1503 6187 6217 6223 6193
4894 5 2 1 6220 6187 6217 6223 6193 6188 6218 6224 6194
4895 5 2 1 6220 6188 6218 6224 6194 6189 6219 6225 6195
4896 5 2 1 6220 6189 6219 6225 6195 6190 6220 6226 6196
4897 5 2 1 6220 6190 6220 6226 6196 6191 6221 6227 6197
4898 5 2 1 6220 6191 6221 6227 6197 6192 6222 6228 6198
4899 5 2 1 6220 6192 6222 6228 6198 1677 1682 1683 1678
4900 5 2 1 6220 1503 1508 1509 1504 6193 6223 6229 6199
4901 5 2 1 6220 6193 6223 6229 6199 6194 6224 6230 6200
4902 5 2 1 6220 6194 6224 6230 6200 6195 6225 6231 6201
4903 5 2 1 6220 6195 6225 6231 6201 6196 6226 6232 6202
4904 5 2 1 6220 6196 6226 6232 6202 6197 6227 6233 6203
4905 5 2 1 6220 6197 6227 6233 6203 6198 6228 6234 6204
4906 5 2 1 6220 6198 6228 6234 6204 1678 1683 1684 1679
4907 5 2 1 6220 1504 1509 1510 1505 6199 6229 6235 6205
4908 5 2 1 6220 6199 6229 6235 6205 6200 6230 6236 6206
4909 5 2 1 6220 6200 6230 6236 6206 6201 6231 6237 6207
4910 5 2 1 6220 6201 6231 6237 6207 6202 6232 6238 6208
4911 5 2 1 6220 6202 6232 6238 6208 6203 6233 6239 6209
4912 5 2 1 6220 6203 6233 6239 6209 6204 6234 6240 6210
4913 5 2 1 6220 6204 6234 6240 6210 1679 1684 1685 1680
4914 5 2 1 6220 1505 1510 565 564 6205 6235 2509 2503
4915 5 2 1 6220 6205 6235 2509 2503 6206 6236 2510 2504
4916 5 2 1 6220 6206 6236 2510 2504 6207 6237 2511 2505
4917 5 2 1 6220 6207 6237 2511 2505 6208 6238 2512 2506
4918 5 2 1 6220 6208 6238 2512 2506 6209 6239 2513 2507
4919 5 2 1 6220 6209 6239 2513 2507 6210 6240 2514 2508
4920 5 2 1 6220 6210 6240 2514 2508 1680 1685 285 284
4921 5 2 1 6220 215 216 1511 1506 2419 2425 6241 6211
4922 5 2 1 6220 2419 2425 6241 6211 2420 2426 6242 6212
4923 5 2 1 6220 2420 2426 6242 6212 2421 2427 6243 6213
4924 5 2 1 6220 2421 2427 6243 6213 2422 2428 6244 6214
4925 5 2 1 6220 2422 2428 6244 6214 2423 2429 6245 6215
4926 5 2 1 6220 2423 2429 6245 6215 2424 2430 6246 6216
4927 5 2 1 6220 2424 2430 6246 6216 270 271 1686 1681
4928 5 2 1 6220 1506 1511 1512 1507 6211 6241 6247 6217
4929 5 2 1 6220 6211 6241 6247 6217 6212 6242 6248 6218
4930 5 2 1 6220 6212 6242 6248 6218 6213 6243 6249 6219
4931 5 2 1 6220 6213 6243 6249 6219 6214 6244 6250 6220
4932 5 2 1 6220 6214 6244 6250 6220 6215 6245 6251 6221
4933 5 2 1 6220 6215 6245 6251 6221 6216 6246 6252 6222
4934 5 2 1 6220 6216 6246 6252 6222 1681 1686 1687 1682
4935 5 2 1 6220 1507 1512 1513 1508 6217 6247 6253 6223
4936 5 2 1 6220 6217 6247 6253 6223 6218 6248 6254 6224
4937 5 2 1 6220 6218 6248 6254 6224 6219 6249 6255 6225
4938 5 2 1 6220 6219 6249 6255 6225 6220 6250 6256 6226
4939 5 2 1 6220 6220 6250 6256 6226 6221 6251 6257 6227
4940 5 2 1 6220 6221 6251 6257 6227 6222 6252 6258 6228
4941 5 2 1 6220 6222 6252 6258 6228 1682 1687 1688 1683
4942 5 2 1 6220 1508 1513 1514 1509 6223 6253 6259 6229
4943 5 2 1 6220 6223 6253 6259 6229 6224 6254 6260 6230
4944 5 2 1 6220 6224 6254 6260 6230 6225 6255 6261 6231
4945 5 2 1 6220 6225 6255 6261 6231 6226 6256 6262 6232
4946 5 2 1 6220 6226 6256 6262 6232 6227 6257 6263 6233
4947 5 2 1 6220 6227 6257 6263 6233 6228 6258 6264 6234
4948 5 2 1 6220 6228 6258 6264 6234 1683 1688 1689 1684
4949 5 2 1 6220 1509 1514 1515 1510 6229 6259 6265 6235
4950 5 2 1 6220 6229 6259 6265 6235 6230 6260 6266 6236
4951 5 2 1 6220 6230 6260 6266 6236 6231 6261 6267 6237
4952 5 2 1 6220 6231 6261 6267 6237 6232 6262 6268 6238
4953 5 2 1 6220 6232 6262 6268 6238 6233 6263 6269 6239
4954 5 2 1 6220 6233 6263 6269 6239 6234 6264 6270 6240
4955 5 2 1 6220 6234 6264 6270 6240 1684 1689 1690 1685
4956 5 2 1 6220 1510 1515 566 565 6235 6265 2515 2509
4957 5 2 1 6220 6235 6265 2515 2509 6236 6266 2516 2510
4958 5 2 1 6220 6236 6266 2516 2510 6237 6267 2517 2511
4959 5 2 1 6220 6237 6267 2517 2511 6238 6268 2518 2512
4960 5 2 1 6220 6238 6268 2518 2512 6239 6269 2519 2513
4961 5 2 1 6220 6239 6269 2519 2513 6240 6270 2520 2514
4962 5 2 1 6220 6240 6270 2520 2514 1685 1690 286 285
4963 5 2 1 6220 216 41 432 1511 2425 749 3211 6241
4964 5 2 1 6220 2425 749 3211 6241 2426 750 3212 6242
4965 5 2 1 6220 2426 750 3212 6242 2427 751 3213 6243
4966 5 2 1 6220 2427 751 3213 6243 2428 752 3214 6244
4967 5 2 1 6220 2428 752 3214 6244 2429 753 3215 6245
4968 5 2 1 6220 2429 753 3215 6245 2430 754 3216 6246
4969 5 2 1 6220 2430 754 3216 6246 271 56 492 1686
4970 5 2 1 6220 1511 432 433 1512 6241 3211 3217 6247
4971 5 2 1 6220 6241 3211 3217 6247 6242 3212 3218 6248
4972 5 2 1 6220 6242 3212 3218 6248 6243 3213 3219 6249
4973 5 2 1 6220 6243 3213 3219 6249 6244 3214 3220 6250
4974 5 2 1 6220 6244 3214 3220 6250 6245 3215 3221 6251
4975 5 2 1 6220 6245 3215 3221 6251 6246 3216 3222 6252
4976 5 2 1 6220 6246 3216 3222 6252 1686 492 493 1687
4977 5 2 1 6220 1512 433 434 1513 6247 3217 3223 6253
4978 5 2 1 6220 6247 3217 3223 6253 6248 3218 3224 6254
4979 5 2 1 6220 6248 3218 3224 6254 6249 3219 3225 6255
4980 5 2 1 6220 6249 3219 3225 6255 6250 3220 3226 6256
4981 5 2 1 6220 6250 3220 3226 6256 6251 3221 3227 6257
4982 5 2 1 6220 6251 3221 3227 6257 6252 3222 3228 6258
4983 5 2 1 6220 6252 3222 3228 6258 1687 493 494 1688
4984 5 2 1 6220 1513 434 435 1514 6253 3223 3229 6259
4985 5 2 1 6220 6253 3223 3229 6259 6254 3224 3230 6260
4986 5 2 1 6220 6254 3224 3230 6260 6255 3225 3231 6261
4987 5 2 1 6220 6255 3225 3231 6261 6256 3226 3232 6262
4988 5 2 1 6220 6256 3226 3232 6262 6257 3227 3233 6263
4989 5 2 1 6220 6257 3227 3233 6263 6258 3228 3234 6264
4990 5 2 1 6220 6258 3228 3234 6264 1688 494 495 1689
4991 5 2 1 6220 1514 435 436 1515 6259 3229 3235 6265
4992 5 2 1 6220 6259 3229 3235 6265 6260 3230 3236 6266
4993 5 2 1 6220 6260 3230 3236 6266 6261 3231 3237 6267
4994 5 2 1 6220 6261 3231 3237 6267 6262 3232 3238 6268
4995 5 2 1 6220 6262 3232 3238 6268 6263 3233 3239 6269
4996 5 2 1 6220 6263 3233 3239 6269 6264 3234 3240 6270
4997 5 2 1 6220 6264 3234 3240 6270 1689 495 496 1690
4998 5 2 1 6220 1515 436 44 566 6265 3235 773 2515
4999 5 2 1 6220 6265 3235 773 2515 6266 3236 774 2516
5000 5 2 1 6220 6266 3236 774 2516 6267 3237 775 2517
5001 5 2 1 6220 6267 3237 775 2517 6268 3238 776 2518
5002 5 2 1 6220 6268 3238 776 2518 6269 3239 777 2519
5003 5 2 1 6220 6269 3239 777 2519 6270 3240 778 2520
5004 5 2 1 6220 6270 3240 778 2520 1690 496 60 286
5005 5 2 1 6221 41 217 1416 432 749 2431 6271 3211
5006 5 2 1 6221 749 2431 6271 3211 750 2432 6272 3212
5007 5 2 1 6221 750 2432 6272 3212 751 2433 6273 3213
5008 5 2 1 6221 751 2433 6273 3213 752 2434 6274 3214
5009 5 2 1 6221 752 2434 6274 3214 753 2435 6275 3215
5010 5 2 1 6221 753 2435 6275 3215 754 2436 6276 3216
5011 5 2 1 6221 754 2436 6276 3216 56 272 1691 492
5012 5 2 1 6221 432 1416 1417 433 3211 6271 6277 3217
5013 5 2 1 6221 3211 6271 6277 3217 3212 6272 6278 3218
5014 5 2 1 6221 3212 6272 6278 3218 3213 6273 6279 3219
5015 5 2 1 6221 3213 6273 6279 3219 3214 6274 6280 3220
5016 5 2 1 6221 3214 6274 6280 3220 3215 6275 6281 3221
5017 5 2 1 6221 3215 6275 6281 3221 3216 6276 6282 3222
5018 5 2 1 6221 3216 6276 6282 3222 492 1691 1692 493
5019 5 2 1 6221 433 1417 1418 434 3217 6277 6283 3223
5020 5 2 1 6221 3217 6277 6283 3223 3218 6278 6284 3224
5021 5 2 1 6221 3218 6278 6284 3224 3219 6279 6285 3225
5022 5 2 1 6221 3219 6279 6285 3225 3220 6280 6286 3226
5023 5 2 1 6221 3220 6280 6286 3226 3221 6281 6287 3227
5024 5 2 1 6221 3221 6281 6287 3227 3222 6282 6288 3228
5025 5 2 1 6221 3222 6282 6288 3228 493 1692 1693 494
5026 5 2 1 6221 434 1418 1419 435 3223 6283 6289 3229
5027 5 2 1 6221 3223 6283 6289 3229 3224 6284 6290 3230
5028 5 2 1 6221 3224 6284 6290 3230 3225 6285 6291 3231
5029 5 2 1 6221 3225 6285 6291 3231 3226 6286 6292 3232
5030 5 2 1 6221 3226 6286 6292 3232 3227 6287 6293 3233
5031 5 2 1 6221 3227 6287 6293 3233 3228 6288 6294 3234
5032 5 2 1 6221 3228 6288 6294 3234 494 1693 1694 495
5033 5 2 1 6221 435 1419 1420 436 3229 6289 6295 3235
5034 5 2 1 6221 3229 6289 6295 3235 3230 6290 6296 3236
5035 5 2 1 6221 3230 6290 6296 3236 3231 6291 6297 3237
5036 5 2 1 6221 3231 6291 6297 3237 3232 6292 6298 3238
5037 5 2 1 6221 3232 6292 6298 3238 3233 6293 6299 3239
5038 5 2 1 6221 3233 6293 6299 3239 3234 6294 6300 3240
5039 5 2 1 6221 3234 6294 6300 3240 495 1694 1695 496
5040 5 2 1 6221 436 1420 227 44 3235 6295 2521 773
5041 5 2 1 6221 3235 6295 2521 773 3236 6296 2522 774
5042 5 2 1 6221 3236 6296 2522 774 3237 6297 2523 775
5043 5 2 1 6221 3237 6297 2523 775 3238 6298 2524 776
5044 5 2 1 6221 3238 6298 2524 776 3239 6299 2525 777
5045 5 2 1 6221 3239 6299 2525 777 3240 6300 2526 778
5046 5 2 1 6221 3240 6300 2526 778 496 1695 287 60
5047 5 2 1 6221 217 218 1421 1416 2431 2437 6301 6271
5048 5 2 1 6221 2431 2437 6301 6271 2432 2438 6302 6272
5049 5 2 1 6221 2432 2438 6302 6272 2433 2439 6303 6273
5050 5 2 1 6221 2433 2439 6303 6273 2434 2440 6304 6274
5051 5 2 1 6221 2434 2440 6304 6274 2435 2441 6305 6275
5052 5 2 1 6221 2435 2441 6305 6275 2436 2442 6306 6276
5053 5 2 1 6221 2436 2442 6306 6276 272 273 1696 1691
5054 5 2 1 6221 1416 1421 1422 1417 6271 6301 6307 6277
5055 5 2 1 6221 6271 6301 6307 6277 6272 6302 6308 6278
5056 5 2 1 6221 6272 6302 6308 6278 6273 6303 6309 6279
5057 5 2 1 6221 6273 6303 6309 6279 6274 6304 6310 6280
5058 5 2 1 6221 6274 6304 6310 6280 6275 6305 6311 6281
5059 5 2 1 6221 6275 6305 6311 6281 6276 6306 6312 6282
5060 5 2 1 6221 6276 6306 6312 6282 1691 1696 1697 1692
5061 5 2 1 6221 1417 1422 1423 1418 6277 6307 6313 6283
5062 5 2 1 6221 6277 6307 6313 6283 6278 6308 6314 6284
5063 5 2 1 6221 6278 6308 6314 6284 6279 6309 6315 6285
5064 5 2 1 6221 6279 6309 6315 6285 6280 6310 6316 6286
5065 5 2 1 6221 6280 6310 6316 6286 6281 6311 6317 6287
5066 5 2 1 6221 6281 6311 6317 6287 6282 6312 6318 6288
5067 5 2 1 6221 6282 6312 6318 6288 1692 1697 1698 1693
5068 5 2 1 6221 1418 1423 1424 1419 6283 6313 6319 6289
5069 5 2 1 6221 6283 6313 6319 6289 6284 6314 6320 6290
5070 5 2 1 6221 6284 6314 6320 6290 6285 6315 6321 6291
5071 5 2 1 6221 6285 6315 6321 6291 6286 6316 6322 6292
5072 5 2 1 6221 6286 6316 6322 6292 6287 6317 6323 6293
5073 5 2 1 6221 6287 6317 6323 6293 6288 6318 6324 6294
5074 5 2 1 6221 6288 6318 6324 6294 1693 1698 1699 1694
5075 5 2 1 6221 1419 1424 1425 1420 6289 6319 6325 6295
5076 5 2 1 6221 6289 6319 6325 6295 6290 6320 6326 6296
5077 5 2 1 6221 6290 6320 6326 6296 6291 6321 6327 6297
5078 5 2 1 6221 6291 6321 6327 6297 6292 6322 6328 6298
5079 5 2 1 6221 6292 6322 6328 6298 6293 6323 6329 6299
5080 5 2 1 6221 6293 6323 6329 6299 6294 6324 6330 6300
5081 5 2 1 6221 6294 6324 6330 6300 1694 1699 1700 1695
5082 5 2 1 6221 1420 1425 228 227 6295 6325 2527 2521
5083 5 2 1 6221 6295 6325 2527 2521 6296 6326 2528 2522
5084 5 2 1 6221 6296 6326 2528 2522 6297 6327 2529 2523
5085 5 2 1 6221 6297 6327 2529 2523 6298 6328 2530 2524
5086 5 2 1 6221 6298 6328 2530 2524 6299 6329 2531 2525
5087 5 2 1 6221 6299 6329 2531 2525 6300 6330 2532 2526
5088 5 2 1 6221 6300 6330 2532 2526 1695 1700 288 287
5089 5 2 1 6221 218 219 1426 1421 2437 2443 6331 6301
5090 5 2 1 6221 2437 2443 6331 6301 2438 2444 6332 6302
5091 5 2 1 6221 2438 2444 6332 6302 2439 2445 6333 6303
5092 5 2 1 6221 2439 2445 6333 6303 2440 2446 6334 6304
5093 5 2 1 6221 2440 2446 6334 6304 2441 2447 6335 6305
5094 5 2 1 6221 2441 2447 6335 6305 2442 2448 6336 6306
5095 5 2 1 6221 2442 2448 6336 6306 273 274 1701 1696
5096 5 2 1 6221 1421 1426 1427 1422 6301 6331 6337 6307
5097 5 2 1 6221 6301 6331 6337 6307 6302 6332 6338 6308
5098 5 2 1 6221 6302 6332 6338 6308 6303 6333 6339 6309
5099 5 2 1 6221 6303 6333 6339 6309 6304 6334 6340 6310
5100 5 2 1 6221 6304 6334 6340 6310 6305 6335 6341 6311
5101 5 2 1 6221 6305 6335 6341 6311 6306 6336 6342 6312
5102 5 2 1 6221 6306 6336 6342 6312 1696 1701 1702 1697
5103 5 2 1 6221 1422 1427 1428 1423 6307 6337 6343 6313
5104 5 2 1 6221 6307 6337 6343 6313 6308 6338 6344 6314
5105 5 2 1 6221 6308 6338 6344 6314 6309 6339 6345 6315
5106 5 2 1 6221 6309 6339 6345 6315 6310 6340 6346 6316
5107 5 2 1 6221 6310 6340 6346 6316 6311 6341 6347 6317
5108 5 2 1 6221 6311 6341 6347 6317 6312 6342 6348 6318
5109 5 2 1 6221 6312 6342 6348 6318 1697 1702 1703 1698
5110 5 2 1 6221 1423 1428 1429 1424 6313 6343 6349 6319
5111 5 2 1 6221 6313 6343 6349 6319 6314 6344 6350 6320
5112 5 2 1 6221 6314 6344 6350 6320 6315 6345 6351 6321
5113 5 2 1 6221 6315 6345 6351 6321 6316 6346 6352 6322
5114 5 2 1 6221 6316 6346 6352 6322 6317 6347 6353 6323
5115 5 2 1 6221 6317 6347 6353 6323 6318 6348 6354 6324
5116 5 2 1 6221 6318 6348 6354 6324 1698 1703 1704 1699
5117 5 2 1 6221 1424 1429 1430 1425 6319 6349 6355 6325
5118 5 2 1 6221 6319 6349 6355 6325 6320 6350 6356 6326
5119 5 2 1 6221 6320 6350 6356 6326 6321 6351 6357 6327
5120 5 2 1 6221 6321 6351 6357 6327 6322 6352 6358 6328
5121 5 2 1 6221 6322 6352 6358 6328 6323 6353 6359 6329
5122 5 2 1 6221 6323 6353 6359 6329 6324 6354 6360 6330
5123 5 2 1 6221 6324 6354 6360 6330 1699 1704 1705 1700
5124 5 2 1 6221 1425 1430 229 228 6325 6355 2533 2527
5125 5 2 1 6221 6325 6355 2533 2527 6326 6356 2534 2528
5126 5 2 1 6221 6326 6356 2534 2528 6327 6357 2535 2529
5127 5 2 1 6221 6327 6357 2535 2529 6328 6358 2536 2530
5128 5 2 1 6221 6328 6358 2536 2530 6329 6359 2537 2531
5129 5 2 1 6221 6329 6359 2537 2531 6330 6360 2538 2532
5130 5 2 1 6221 6330 6360 2538 2532 1700 1705 289 288
5131 5 2 1 6221 219 220 1431 1426 2443 2449 6361 6331
5132 5 2 1 6221 2443 2449 6361 6331 2444 2450 6362 6332
5133 5 2 1 6221 2444 2450 6362 6332 2445 2451 6363 6333
5134 5 2 1 6221 2445 2451 6363 6333 2446 2452 6364 6334
5135 5 2 1 6221 2446 2452 6364 6334 2447 2453 6365 6335
5136 5 2 1 6221 2447 2453 6365 6335 2448 2454 6366 6336
5137 5 2 1 6221 2448 2454 6366 6336 274 275 1706 1701
5138 5 2 1 6221 1426 1431 1432 1427 6331 6361 6367 6337
5139 5 2 1 6221 6331 6361 6367 6337 6332 6362 6368 6338
5140 5 2 1 6221 6332 6362 6368 6338 6333 6363 6369 6339
5141 5 2 1 6221 6333 6363 6369 6339 6334 6364 6370 6340
5142 5 2 1 6221 6334 6364 6370 6340 6335 6365 6371 6341
5143 5 2 1 6221 6335 6365 6371 6341 6336 6366 6372 6342
5144 5 2 1 6221 6336 6366 6372 6342 1701 1706 1707 1702
5145 5 2 1 6221 1427 1432 1433 1428 6337 6367 6373 6343
5146 5 2 1 6221 6337 6367 6373 6343 6338 6368 6374 6344
5147 5 2 1 6221 6338 6368 6374 6344 6339 6369 6375 6345
5148 5 2 1 6221 6339 6369 6375 6345 6340 6370 6376 6346
5149 5 2 1 6221 6340 6370 6376 6346 6341 6371 6377 6347
5150 5 2 1 6221 6341 6371 6377 6347 6342 6372 6378 6348
5151 5 2 1 6221 6342 6372 6378 6348 1702 1707 1708 1703
5152 5 2 1 6221 1428 1433 1434 1429 6343 6373 6379 6349
5153 5 2 1 6221 6343 6373 6379 6349 6344 6374 6380 6350
5154 5 2 1 6221 6344 6374 6380 6350 6345 6375 6381 6351
5155 5 2 1 6221 6345 6375 6381 6351 6346 6376 6382 6352
5156 5 2 1 6221 6346 6376 6382 6352 6347 6377 6383 6353
5157 5 2 1 6221 6347 6377 6383 6353 6348 6378 6384 6354
5158 5 2 1 6221 6348 6378 6384 6354 1703 1708 1709 1704
5159 5 2 1 6221 1429 1434 1435 1430 6349 6379 6385 6355
5160 5 2 1 6221 6349 6379 6385 6355 6350 6380 6386 6356
5161 5 2 1 6221 6350 6380 6386 6356 6351 6381 6387 6357
5162 5 2 1 6221 6351 6381 6387 6357 6352 6382 6388 6358
5163 5 2 1 6221 6352 6382 6388 6358 6353 6383 6389 6359
5164 5 2 1 6221 6353 6383 6389 6359 6354 6384 6390 6360
5165 5 2 1 6221 6354 6384 6390 6360 1704 1709 1710 1705
5166 5 2 1 6221 1430 1435 230 229 6355 6385 2539 2533
5167 5 2 1 6221 6355 6385 2539 2533 6356 6386 2540 2534
5168 5 2 1 6221 6356 6386 2540 2534 6357 6387 2541 2535
5169 5 2 1 6221 6357 6387 2541 2535 6358 6388 2542 2536
5170 5 2 1 6221 6358 6388 2542 2536 6359 6389 2543 2537
5171 5 2 1 6221 6359 6389 2543 2537 6360 6390 2544 2538
5172 5 2 1 6221 6360 6390 2544 2538 1705 1710 290 289
5173 5 2 1 6221 220 221 1436 1431 2449 2455 6391 6361
5174 5 2 1 6221 2449 2455 6391 6361 2450 2456 6392 6362
5175 5 2 1 6221 2450 2456 6392 6362 2451 2457 6393 6363
5176 5 2 1 6221 2451 2457 6393 6363 2452 2458 6394 6364
5177 5 2 1 6221 2452 2458 6394 6364 2453 2459 6395 6365
5178 5 2 1 6221 2453 2459 6395 6365 2454 2460 6396 6366
5179 5 2 1 6221 2454 2460 6396 6366 275 276 1711 1706
5180 5 2 1 6221 1431 1436 1437 1432 6361 6391 6397 6367
5181 5 2 1 6221 6361 6391 6397 6367 6362 6392 6398 6368
5182 5 2 1 6221 6362 6392 6398 6368 6363 6393 6399 6369
5183 5 2 1 6221 6363 6393 6399 6369 6364 6394 6400 6370
5184 5 2 1 6221 6364 6394 6400 6370 6365 6395 6401 6371
5185 5 2 1 6221 6365 6395 6401 6371 6366 6396 6402 6372
5186 5 2 1 6221 6366 6396 6402 6372 1706 1711 1712 1707
5187 5 2 1 6221 1432 1437 1438 1433 6367 6397 6403 6373
5188 5 2 1 6221 6367 6397 6403 6373 6368 6398 6404 6374
5189 5 2 1 6221 6368 6398 6404 6374 6369 6399 6405 6375
5190 5 2 1 6221 6369 6399 6405 6375 6370 6400 6406 6376
5191 5 2 1 6221 6370 6400 6406 6376 6371 6401 6407 6377
5192 5 2 1 6221 6371 6401 6407 6377 6372 6402 6408 6378
5193 5 2 1 6221 6372 6402 6408 6378 1707 1712 1713 1708
5194 5 2 1 6221 1433 1438 1439 1434 6373 6403 6409 6379
5195 5 2 1 6221 6373 6403 6409 6379 6374 6404 6410 6380
5196 5 2 1 6221 6374 6404 6410 6380 6375 6405 6411 6381
5197 5 2 1 6221 6375 6405 6411 6381 6376 6406 6412 6382
5198 5 2 1 6221 6376 6406 6412 6382 6377 6407 6413 6383
5199 5 2 1 6221 6377 6407 6413 6383 6378 6408 6414 6384
5200 5 2 1 6221 6378 6408 6414 6384 1708 1713 1714 1709
5201 5 2 1 6221 1434 1439 1440 1435 6379 6409 6415 6385
5202 5 2 1 6221 6379 6409 6415 6385 6380 6410 6416 6386
5203 5 2 1 6221 6380 6410 6416 6386 6381 6411 6417 6387
5204 5 2 1 6221 6381 6411 6417 6387 6382 6412 6418 6388
5205 5 2 1 6221 6382 6412 6418 6388 6383 6413 6419 6389
5206 5 2 1 6221 6383 6413 6419 6389 6384 6414 6420 6390
5207 5 2 1 6221 6384 6414 6420 6390 1709 1714 1715 1710
5208 5 2 1 6221 1435 1440 231 230 6385 6415 2545 2539
5209 5 2 1 6221 6385 6415 2545 2539 6386 6416 2546 2540
5210 5 2 1 6221 6386 6416 2546 2540 6387 6417 2547 2541
5211 5 2 1 6221 6387 6417 2547 2541 6388 6418 2548 2542
5212 5 2 1 6221 6388 6418 2548 2542 6389 6419 2549 2543
5213 5 2 1 6221 6389 6419 2549 2543 6390 6420 2550 2544
5214 5 2 1 6221 6390 6420 2550 2544 1710 1715 291 290
5215 5 2 1 6221 221 42 447 1436 2455 755 3301 6391
5216 5 2 1 6221 2455 755 3301 6391 2456 756 3302 6392
5217 5 2 1 6221 2456 756 3302 6392 2457 757 3303 6393
5218 5 2 1 6221 2457 757 3303 6393 2458 758 3304 6394
5219 5 2 1 6221 2458 758 3304 6394 2459 759 3305 6395
5220 5 2 1 6221 2459 759 3305 6395 2460 760 3306 6396
5221 5 2 1 6221 2460 760 3306 6396 276 57 507 1711
5222 5 2 1 6221 1436 447 448 1437 6391 3301 3307 6397
5223 5 2 1 6221 6391 3301 3307 6397 6392 3302 3308 6398
5224 5 2 1 6221 6392 3302 3308 6398 6393 3303 3309 6399
5225 5 2 1 6221 6393 3303 3309 6399 6394 3304 3310 6400
5226 5 2 1 6221 6394 3304 3310 6400 6395 3305 3311 6401
5227 5 2 1 6221 6395 3305 3311 6401 6396 3306 3312 6402
5228 5 2 1 6221 6396 3306 3312 6402 1711 507 508 1712
5229 5 2 1 6221 1437 448 449 1438 6397 3307 3313 6403
5230 5 2 1 6221 6397 3307 3313 6403 6398 3308 3314 6404
5231 5 2 1 6221 6398 3308 3314 6404 6399 3309 3315 6405
5232 5 2 1 6221 6399 3309 3315 6405 6400 3310 3316 6406
5233 5 2 1 6221 6400 3310 3316 6406 6401 3311 3317 6407
5234 5 2 1 6221 6401 3311 3317 6407 6402 3312 3318 6408
5235 5 2 1 6221 6402 3312 3318 6408 1712 508 509 1713
5236 5 2 1 6221 1438 449 450 1439 6403 3313 3319 6409
5237 5 2 1 6221 6403 3313 3319 6409 6404 3314 3320 6410
5238 5 2 1 6221 6404 3314 3320 6410 6405 3315 3321 6411
5239 5 2 1 6221 6405 3315 3321 6411 6406 3316 3322 6412
5240 5 2 1 6221 6406 3316 3322 6412 6407 3317 3323 6413
5241 5 2 1 6221 6407 3317 3323 6413 6408 3318 3324 6414
5242 5 2 1 6221 6408 3318 3324 6414 1713 509 510 1714
5243 5 2 1 6221 1439 450 451 1440 6409 3319 3325 6415
5244 5 2 1 6221 6409 3319 3325 6415 6410 3320 3326 6416
5245 5 2 1 6221 6410 3320 3326 6416 6411 3321 3327 6417
5246 5 2 1 6221 6411 3321 3327 6417 6412 3322 3328 6418
5247 5 2 1 6221 6412 3322 3328 6418 6413 3323 3329 6419
5248 5 2 1 6221 6413 3323 3329 6419 6414 3324 3330 6420
5249 5 2 1 6221 6414 3324 3330 6420 1714 510 511 1715
5250 5 2 1 6221 1440 451 45 231 6415 3325 779 2545
5251 5 2 1 6221 6415 3325 779 2545 6416 3326 780 2546
5252 5 2 1 6221 6416 3326 780 2546 6417 3327 781 2547
5253 5 2 1 6221 6417 3327 781 2547 6418 3328 782 2548
5254 5 2 1 6221 6418 3328 782 2548 6419 3329 783 2549
5255 5 2 1 6221 6419 3329 783 2549 6420 3330 784 2550
5256 5 2 1 6221 6420 3330 784 2550 1715 511 61 291
5257 5 2 1 6222 42 222 1441 447 755 2461 6421 3301
5258 5 2 1 6222 755 2461 6421 3301 756 2462 6422 3302
5259 5 2 1 6222 756 2462 6422 3302 757 2463 6423 3303
5260 5 2 1 6222 757 2463 6423 3303 758 2464 6424 3304
5261 5 2 1 6222 758 2464 6424 3304 759 2465 6425 3305
5262 5 2 1 6222 759 2465 6425 3305 760 2466 6426 3306
5263 5 2 1 6222 760 2466 6426 3306 57 277 1716 507
5264 5 2 1 6222 447 1441 1442 448 3301 6421 6427 3307
5265 5 2 1 6222 3301 6421 6427 3307 3302 6422 6428 3308
5266 5 2 1 6222 3302 6422 6428 3308 3303 6423 6429 3309
5267 5 2 1 6222 3303 6423 6429 3309 3304 6424 6430 3310
5268 5 2 1 6222 3304 6424 6430 3310 3305 6425 6431 3311
5269 5 2 1 6222 3305 6425 6431 3311 3306 6426 6432 3312
5270 5 2 1 6222 3306 6426 6432 3312 507 1716 1717 508
5271 5 2 1 6222 448 1442 1443 449 3307 6427 6433 3313
5272 5 2 1 6222 3307 6427 6433 3313 3308 6428 6434 3314
5273 5 2 1 6222 3308 6428 6434 3314 3309 6429 6435 3315
5274 5 2 1 6222 3309 6429 6435 3315 3310 6430 6436 3316
5275 5 2 1 6222 3310 6430 6436 3316 3311 6431 6437 3317
5276 5 2 1 6222 3311 6431 6437 3317 3312 6432 6438 3318
5277 5 2 1 6222 3312 6432 6438 3318 508 1717 1718 509
5278 5 2 1 6222 449 1443 1444 450 3313 6433 6439 3319
5279 5 2 1 6222 3313 6433 6439 3319 3314 6434 6440 3320
5280 5 2 1 6222 3314 6434 6440 3320 3315 6435 6441 3321
5281 5 2 1 6222 3315 6435 6441 3321 3316 6436 6442 3322
5282 5 2 1 6222 3316 6436 6442 3322 3317 6437 6443 3323
5283 5 2 1 6222 3317 6437 6443 3323 3318 6438 6444 3324
5284 5 2 1 6222 3318 6438 6444 3324 509 1718 1719 510
5285 5 2 1 6222 450 1444 1445 451 3319 6439 6445 3325
5286 5 2 1 6222 3319 6439 6445 3325 3320 6440 6446 3326
5287 5 2 1 6222 3320 6440 6446 3326 3321 6441 6447 3327
5288 5 2 1 6222 3321 6441 6447 3327 3322 6442 6448 3328
5289 5 2 1 6222 3322 6442 6448 3328 3323 6443 6449 3329
5290 5 2 1 6222 3323 6443 6449 3329 3324 6444 6450 3330
5291 5 2 1 6222 3324 6444 6450 3330 510 1719 1720 511
5292 5 2 1 6222 451 1445 232 45 3325 6445 2551 779
5293 5 2 1 6222 3325 6445 2551 779 3326 6446 2552 780
5294 5 2 1 6222 3326 6446 2552 780 3327 6447 2553 781
5295 5 2 1 6222 3327 6447 2553 781 3328 6448 2554 782
5296 5 2 1 6222 3328 6448 2554 782 3329 6449 2555 783
5297 5 2 1 6222 3329 6449 2555 783 3330 6450 2556 784
5298 5 2 1 6222 3330 6450 2556 784 511 1720 292 61
5299 5 2 1 6222 222 223 1446 1441 2461 2467 6451 6421
5300 5 2 1 6222 2461 2467 6451 6421 2462 2468 6452 6422
5301 5 2 1 6222 2462 2468 6452 6422 2463 2469 6453 6423
5302 5 2 1 6222 2463 2469 6453 6423 2464 2470 6454 6424
5303 5 2 1 6222 2464 2470 6454 6424 2465 2471 6455 6425
5304 5 2 1 6222 2465 2471 6455 6425 2466 2472 6456 6426
5305 5 2 1 6222 2466 2472 6456 6426 277 278 1721 1716
5306 5 2 1 6222 1441 1446 1447 1442 6421 6451 6457 6427
5307 5 2 1 6222 6421 6451 6457 6427 6422 6452 6458 6428
5308 5 2 1 6222 6422 6452 6458 6428 6423 6453 6459 6429
5309 5 2 1 6222 6423 6453 6459 6429 6424 6454 6460 6430
5310 5 2 1 6222 6424 6454 6460 6430 6425 6455 6461 6431
5311 5 2 1 6222 6425 6455 6461 6431 6426 6456 6462 6432
5312 5 2 1 6222 6426 6456 6462 6432 1716 1721 1722 1717
5313 5 2 1 6222 1442 1447 1448 1443 6427 6457 6463 6433
5314 5 2 1 6222 6427 6457 6463 6433 6428 6458 6464 6434
5315 5 2 1 6222 6428 6458 6464 6434 6429 6459 6465 6435
5316 5 2 1 6222 6429 6459 6465 6435 6430 6460 6466 6436
5317 5 2 1 6222 6430 6460 6466 6436 6431 6461 6467 6437
5318 5 2 1 6222 6431 6461 6467 6437 6432 6462 6468 6438
5319 5 2 1 6222 6432 6462 6468 6438 1717 1722 1723 1718
5320 5 2 1 6222 1443 1448 1449 1444 6433 6463 6469 6439
5321 5 2 1 6222 6433 6463 6469 6439 6434 6464 6470 6440
5322 5 2 1 6222 6434 6464 6470 6440 6435 6465 6471 6441
5323 5 2 1 6222 6435 6465 6471 6441 6436 6466 6472 6442
5324 5 2 1 6222 6436 6466 6472 6442 6437 6467 6473 6443
5325 5 2 1 6222 6437 6467 6473 6443 6438 6468 6474 6444
5326 5 2 1 6222 6438 6468 6474 6444 1718 1723 1724 1719
5327 5 2 1 6222 1444 1449 1450 1445 6439 6469 6475 6445
5328 5 2 1 6222 6439 6469 6475 6445 6440 6470 6476 6446
5329 5 2 1 6222 6440 6470 6476 6446 6441 6471 6477 6447
5330 5 2 1 6222 6441 6471 6477 6447 6442 6472 6478 6448
5331 5 2 1 6222 6442 6472 6478 6448 6443 6473 6479 6449
5332 5 2 1 6222 6443 6473 6479 6449 6444 6474 6480 6450
5333 5 2 1 6222 6444 6474 6480 6450 1719 1724 1725 1720
5334 5 2 1 6222 1445 1450 233 232 6445 6475 2557 2551
5335 5 2 1 6222 6445 6475 2557 2551 6446 6476 2558 2552
5336 5 2 1 6222 6446 6476 2558 2552 6447 6477 2559 2553
5337 5 2 1 6222 6447 6477 2559 2553 6448 6478 2560 2554
5338 5 2 1 6222 6448 6478 2560 2554 6449 6479 2561 2555
5339 5 2 1 6222 6449 6479 2561 2555 6450 6480 2562 2556
5340 5 2 1 6222 6450 6480 2562 2556 1720 1725 293 292
5341 5 2 1 6222 223 224 1451 1446 2467 2473 6481 6451
5342 5 2 1 6222 2467 2473 6481 6451 2468 2474 6482 6452
5343 5 2 1 6222 2468 2474 6482 6452 2469 2475 6483 6453
5344 5 2 1 6222 2469 2475 6483 6453 2470 2476 6484 6454
5345 5 2 1 6222 2470 2476 6484 6454 2471 2477 6485 6455
5346 5 2 1 6222 2471 2477 6485 6455 2472 2478 6486 6456
5347 5 2 1 6222 2472 2478 6486 6456 278 279 1726 1721
5348 5 2 1 6222 1446 1451 1452 1447 6451 6481 6487 6457
5349 5 2 1 6222 6451 6481 6487 6457 6452 6482 6488 6458
5350 5 2 1 6222 6452 6482 6488 6458 6453 6483 6489 6459
5351 5 2 1 6222 6453 6483 6489 6459 6454 6484 6490 6460
5352 5 2 1 6222 6454 6484 6490 6460 6455 6485 6491 6461
5353 5 2 1 6222 6455 6485 6491 6461 6456 6486 6492 6462
5354 5 2 1 6222 6456 6486 6492 6462 1721 1726 1727 1722
5355 5 2 1 6222 1447 1452 1453 1448 6457 6487 6493 6463
5356 5 2 1 6222 6457 6487 6493 6463 6458 6488 6494 6464
5357 5 2 1 6222 6458 6488 6494 6464 6459 6489 6495 6465
5358 5 2 1 6222 6459 6489 6495 6465 6460 6490 6496 6466
5359 5 2 1 6222 6460 6490 6496 6466 6461 6491 6497 6467
5360 5 2 1 6222 6461 6491 6497 6467 6462 6492 6498 6468
5361 5 2 1 6222 6462 6492 6498 6468 1722 1727 1728 1723
5362 5 2 1 6222 1448 1453 1454 1449 6463 6493 6499 6469
5363 5 2 1 6222 6463 6493 6499 6469 6464 6494 6500 6470
5364 5 2 1 6222 6464 6494 6500 6470 6465 6495 6501 6471
5365 5 2 1 6222 6465 6495 6501 6471 6466 6496 6502 6472
5366 5 2 1 6222 6466 6496 6502 6472 6467 6497 6503 6473
5367 5 2 1 6222 6467 6497 6503 6473 6468 6498 6504 6474
5368 5 2 1 6222 6468 6498 6504 6474 1723 1728 1729 1724
5369 5 2 1 6222 1449 1454 1455 1450 6469 6499 6505 6475
5370 5 2 1 6222 6469 6499 6505 6475 6470 6500 6506 6476
5371 5 2 1 6222 6470 6500 6506 6476 6471 6501 6507 6477
5372 5 2 1 6222 6471 6501 6507 6477 6472 6502 6508 6478
5373 5 2 1 6222 6472 6502 6508 6478 6473 6503 6509 6479
5374 5 2 1 6222 6473 6503 6509 6479 6474 6504 6510 6480
5375 5 2 1 6222 6474 6504 6510 6480 1724 1729 1730 1725
5376 5 2 1 6222 1450 1455 234 233 6475 6505 2563 2557
5377 5 2 1 6222 6475 6505 2563 2557 6476 6506 2564 2558
5378 5 2 1 6222 6476 6506 2564 2558 6477 6507 2565 2559
5379 5 2 1 6222 6477 6507 2565 2559 6478 6508 2566 2560
5380 5 2 1 6222 6478 6508 2566 2560 6479 6509 2567 2561
5381 5 2 1 6222 6479 6509 2567 2561 6480 6510 2568 2562
5382 5 2 1 6222 6480 6510 2568 2562 1725 1730 294 293
5383 5 2 1 6222 224 225 1456 1451 2473 2479 6511 6481
5384 5 2 1 6222 2473 2479 6511 6481 2474 2480 6512 6482
5385 5 2 1 6222 2474 2480 6512 6482 2475 2481 6513 6483
5386 5 2 1 6222 2475 2481 6513 6483 2476 2482 6514 6484
5387 5 2 1 6222 2476 2482 6514 6484 2477 2483 6515 6485
5388 5 2 1 6222 2477 2483 6515 6485 2478 2484 6516 6486
5389 5 2 1 6222 2478 2484 6516 6486 279 280 1731 1726
5390 5 2 1 6222 1451 1456 1457 1452 6481 6511 6517 6487
5391 5 2 1 6222 6481 6511 6517 6487 6482 6512 6518 6488
5392 5 2 1 6222 6482 6512 6518 6488 6483 6513 6519 6489
5393 5 2 1 6222 6483 6513 6519 6489 6484 6514 6520 6490
5394 5 2 1 6222 6484 6514 6520 6490 6485 6515 6521 6491
5395 5 2 1 6222 6485 6515 6521 6491 6486 6516 6522 6492
5396 5 2 1 6222 6486 6516 6522 6492 1726 1731 1732 1727
5397 5 2 1 6222 1452 1457 1458 1453 6487 6517 6523 6493
5398 5 2 1 6222 6487 6517 6523 6493 6488 6518 6524 6494
5399 5 2 1 6222 6488 6518 6524 6494 6489 6519 6525 6495
5400 5 2 1 6222 6489 6519 6525 6495 6490 6520 6526 6496
5401 5 2 1 6222 6490 6520 6526 6496 6491 6521 6527 6497
5402 5 2 1 6222 6491 6521 6527 6497 6492 6522 6528 6498
5403 5 2 1 6222 6492 6522 6528 6498 1727 1732 1733 1728
5404 5 2 1 6222 1453 1458 1459 1454 6493 6523 6529 6499
5405 5 2 1 6222 6493 6523 6529 6499 6494 6524 6530 6500
5406 5 2 1 6222 6494 6524 6530 6500 6495 6525 6531 6501
5407 5 2 1 6222 6495 6525 6531 6501 6496 6526 6532 6502
5408 5 2 1 6222 6496 6526 6532 6502 6497 6527 6533 6503
5409 5 2 1 6222 6497 6527 6533 6503 6498 6528 6534 6504
5410 5 2 1 6222 6498 6528 6534 6504 1728 1733 1734 1729
5411 5 2 1 6222 1454 1459 1460 1455 6499 6529 6535 6505
5412 5 2 1 6222 6499 6529 6535 6505 6500 6530 6536 6506
5413 5 2 1 6222 6500 6530 6536 6506 6501 6531 6537 6507
5414 5 2 1 6222 6501 6531 6537 6507 6502 6532 6538 6508
5415 5 2 1 6222 6502 6532 6538 6508 6503 6533 6539 6509
5416 5 2 1 6222 6503 6533 6539 6509 6504 6534 6540 6510
5417 5 2 1 6222 6504 6534 6540 6510 1729 1734 1735 1730
5418 5 2 1 6222 1455 1460 235 234 6505 6535 2569 2563
5419 5 2 1 6222 6505 6535 2569 2563 6506 6536 2570 2564
5420 5 2 1 6222 6506 6536 2570 2564 6507 6537 2571 2565
5421 5 2 1 6222 6507 6537 2571 2565 6508 6538 2572 2566
5422 5 2 1 6222 6508 6538 2572 2566 6509 6539 2573 2567
5423 5 2 1 6222 6509 6539 2573 2567 6510 6540 2574 2568
5424 5 2 1 6222 6510 6540 2574 2568 1730 1735 295 294
5425 5 2 1 6222 225 226 1461 1456 2479 2485 6541 6511
5426 5 2 1 6222 2479 2485 6541 6511 2480 2486 6542 6512
5427 5 2 1 6222 2480 2486 6542 6512 2481 2487 6543 6513
5428 5 2 1 6222 2481 2487 6543 6513 2482 2488 6544 6514
5429 5 2 1 6222 2482 2488 6544 6514 2483 2489 6545 6515
5430 5 2 1 6222 2483 2489 6545 6515 2484 2490 6546 6516
5431 5 2 1 6222 2484 2490 6546 6516 280 281 1736 1731
5432 5 2 1 6222 1456 1461 1462 1457 6511 6541 6547 6517
5433 5 2 1 6222 6511 6541 6547 6517 6512 6542 6548 6518
5434 5 2 1 6222 6512 6542 6548 6518 6513 6543 6549 6519
5435 5 2 1 6222 6513 6543 6549 6519 6514 6544 6550 6520
5436 5 2 1 6222 6514 6544 6550 6520 6515 6545 6551 6521
5437 5 2 1 6222 6515 6545 6551 6521 6516 6546 6552 6522
5438 5 2 1 6222 6516 6546 6552 6522 1731 1736 1737 1732
5439 5 2 1 6222 1457 1462 1463 1458 6517 6547 6553 6523
5440 5 2 1 6222 6517 6547 6553 6523 6518 6548 6554 6524
5441 5 2 1 6222 6518 6548 6554 6524 6519 6549 6555 6525
5442 5 2 1 6222 6519 6549 6555 6525 6520 6550 6556 6526
5443 5 2 1 6222 6520 6550 6556 6526 6521 6551 6557 6527
5444 5 2 1 6222 6521 6551 6557 6527 6522 6552 6558 6528
5445 5 2 1 6222 6522 6552 6558 6528 1732 1737 1738 1733
5446 5 2 1 6222 1458 1463 1464 1459 6523 6553 6559 6529
5447 5 2 1 6222 6523 6553 6559 6529 6524 6554 6560 6530
5448 5 2 1 6222 6524 6554 6560 6530 6525 6555 6561 6531
5449 5 2 1 6222 6525 6555 6561 6531 6526 6556 6562 6532
5450 5 2 1 6222 6526 6556 6562 6532 6527 6557 6563 6533
5451 5 2 1 6222 6527 6557 6563 6533 6528 6558 6564 6534
5452 5 2 1 6222 6528 6558 6564 6534 1733 1738 1739 1734
5453 5 2 1 6222 1459 1464 1465 1460 6529 6559 6565 6535
5454 5 2 1 6222 6529 6559 6565 6535 6530 6560 6566 6536
5455 5 2 1 6222 6530 6560 6566 6536 6531 6561 6567 6537
5456 5 2 1 6222 6531 6561 6567 6537 6532 6562 6568 6538
5457 5 2 1 6222 6532 6562 6568 6538 6533 6563 6569 6539
5458 5 2 1 6222 6533 6563 6569 6539 6534 6564 6570 6540
5459 5 2 1 6222 6534 6564 6570 6540 1734 1739 1740 1735
5460 5 2 1 6222 1460 1465 236 235 6535 6565 2575 2569
5461 5 2 1 6222 6535 6565 2575 2569 6536 6566 2576 2570
5462 5 2 1 6222 6536 6566 2576 2570 6537 6567 2577 2571
5463 5 2 1 6222 6537 6567 2577 2571 6538 6568 2578 2572
5464 5 2 1 6222 6538 6568 2578 2572 6539 6569 2579 2573
5465 5 2 1 6222 6539 6569 2579 2573 6540 6570 2580 2574
5466 5 2 1 6222 6540 6570 2580 2574 1735 1740 296 295
5467 5 2 1 6222 226 43 462 1461 2485 761 3391 6541
5468 5 2 1 6222 2485 761 3391 6541 2486 762 3392 6542
5469 5 2 1 6222 2486 762 3392 6542 2487 763 3393 6543
5470 5 2 1 6222 2487 763 3393 6543 2488 764 3394 6544
5471 5 2 1 6222 2488 764 3394 6544 2489 765 3395 6545
5472 5 2 1 6222 2489 765 3395 6545 2490 766 3396 6546
5473 5 2 1 6222 2490 766 3396 6546 281 58 522 1736
5474 5 2 1 6222 1461 462 463 1462 6541 3391 3397 6547
5475 5 2 1 6222 6541 3391 3397 6547 6542 3392 3398 6548
5476 5 2 1 6222 6542 3392 3398 6548 6543 3393 3399 6549
5477 5 2 1 6222 6543 3393 3399 6549 6544 3394 3400 6550
5478 5 2 1 6222 6544 3394 3400 6550 6545 3395 3401 6551
5479 5 2 1 6222 6545 3395 3401 6551 6546 3396 3402 6552
5480 5 2 1 6222 6546 3396 3402 6552 1736 522 523 1737
5481 5 2 1 6222 1462 463 464 1463 6547 3397 3403 6553
5482 5 2 1 6222 6547 3397 3403 6553 6548 3398 3404 6554
5483 5 2 1 6222 6548 3398 3404 6554 6549 3399 3405 6555
5484 5 2 1 6222 6549 3399 3405 6555 6550 3400 3406 6556
5485 5 2 1 6222 6550 3400 3406 6556 6551 3401 3407 6557
5486 5 2 1 6222 6551 3401 3407 6557 6552 3402 3408 6558
5487 5 2 1 6222 6552 3402 3408 6558 1737 523 524 1738
5488 5 2 1 6222 1463 464 465 1464 6553 3403 3409 6559
5489 5 2 1 6222 6553 3403 3409 6559 6554 3404 3410 6560
5490 5 2 1 6222 6554 3404 3410 6560 6555 3405 3411 6561
5491 5 2 1 6222 6555 3405 3411 6561 6556 3406 3412 6562
5492 5 2 1 6222 6556 3406 3412 6562 6557 3407 3413 6563
5493 5 2 1 6222 6557 3407 3413 6563 6558 3408 3414 6564
5494 5 2 1 6222 6558 3408 3414 6564 1738 524 525 1739
5495 5 2 1 6222 1464 465 466 1465 6559 3409 3415 6565
5496 5 2 1 6222 6559 3409 3415 6565 6560 3410 3416 6566
5497 5 2 1 6222 6560 3410 3416 6566 6561 3411 3417 6567
5498 5 2 1 6222 6561 3411 3417 6567 6562 3412 3418 6568
5499 5 2 1 6222 6562 3412 3418 6568 6563 3413 3419 6569
5500 5 2 1 6222 6563 3413 3419 6569 6564 3414 3420 6570
5501 5 2 1 6222 6564 3414 3420 6570 1739 525 526 1740
5502 5 2 1 6222 1465 466 46 236 6565 3415 785 2575
5503 5 2 1 6222 6565 3415 785 2575 6566 3416 786 2576
5504 5 2 1 6222 6566 3416 786 2576 6567 3417 787 2577
5505 5 2 1 6222 6567 3417 787 2577 6568 3418 788 2578
5506 5 2 1 6222 6568 3418 788 2578 6569 3419 789 2579
5507 5 2 1 6222 6569 3419 789 2579 6570 3420 790 2580
5508 5 2 1 6222 6570 3420 790 2580 1740 526 62 296
$EndElements
