$MeshFormat
2.2 0 8
$EndMeshFormat
$PhysicalNames
11
1 9 "reserved_line_xEx_z0"
1 10 "reserved_line_xLengthMinusEx_z0"
1 11 "sharp_crack_tip_line"
2 2 "bottom_z0"
2 3 "top_zH"
2 4 "front_y0"
2 5 "back_yW"
2 6 "left_x0"
2 7 "right_xLength"
2 8 "notch_faces"
3 1 "beam"
$EndPhysicalNames
$Nodes
7345
1 0 0 0
2 10 0 0
3 130 0 0
4 250 0 0
5 260 0 0
6 0 60 0
7 10 60 0
8 130 60 0
9 250 60 0
10 260 60 0
11 0 0 13.33333333333333
12 10 0 13.33333333333333
13 123.5512599216411 0 13.33333333333333
14 250 0 13.33333333333333
15 260 0 13.33333333333333
16 0 60 13.33333333333333
17 10 60 13.33333333333333
18 136.4487400783589 60 13.33333333333333
19 250 60 13.33333333333333
20 260 60 13.33333333333333
21 0 0 26.66666666666667
22 10 0 26.66666666666667
23 117.1025198432822 0 26.66666666666667
24 250 0 26.66666666666667
25 260 0 26.66666666666667
26 0 60 26.66666666666667
27 10 60 26.66666666666667
28 142.8974801567178 60 26.66666666666667
29 250 60 26.66666666666667
30 260 60 26.66666666666667
31 0 0 40
32 10 0 40
33 110.4583633989124 0 40
34 250 0 40
35 260 0 40
36 0 60 40
37 10 60 40
38 149.5416366010876 60 40
39 250 60 40
40 260 60 40
41 0 0 45
42 10 0 45
43 109.2649204053248 0 45
44 111.6518063924999 0 45
45 250 0 45
46 260 0 45
47 0 60 45
48 10 60 45
49 148.3481936075 60 45
50 150.7350795946752 60 45
51 250 60 45
52 260 60 45
53 0 0 60
54 10 0 60
55 109.2649204053248 0 60
56 111.6518063924999 0 60
57 250 0 60
58 260 0 60
59 0 60 60
60 10 60 60
61 148.3481936075 60 60
62 150.7350795946752 60 60
63 250 60 60
64 260 60 60
65 4.999999999992399 0 0
66 15.21739130434179 0 0
67 20.43478260869088 0 0
68 25.65217391304598 0 0
69 30.86956521738798 0 0
70 36.08695652174177 0 0
71 41.304347826099 0 0
72 46.52173913043148 0 0
73 51.73913043475781 0 0
74 56.95652173908415 0 0
75 62.17391304341047 0 0
76 67.39130434771619 0 0
77 72.60869565204254 0 0
78 77.82608695639978 0 0
79 83.04347826075703 0 0
80 88.26086956511428 0 0
81 93.47826086947153 0 0
82 98.69565217382878 0 0
83 103.913043478186 0 0
84 109.1304347825433 0 0
85 114.3478260869005 0 0
86 119.5652173912577 0 0
87 124.782608695615 0 0
88 135.2173913042861 0 0
89 140.4347826085721 0 0
90 145.6521739128582 0 0
91 150.8695652171442 0 0
92 156.0869565214303 0 0
93 161.3043478257163 0 0
94 166.5217391300024 0 0
95 171.7391304342884 0 0
96 176.9565217385745 0 0
97 182.1739130428605 0 0
98 187.3913043471466 0 0
99 192.6086956514944 0 0
100 197.826086955904 0 0
101 203.0434782603136 0 0
102 208.2608695647232 0 0
103 213.4782608691328 0 0
104 218.6956521735424 0 0
105 223.913043477952 0 0
106 229.1304347823616 0 0
107 234.3478260867712 0 0
108 239.5652173911808 0 0
109 244.7826086955904 0 0
110 254.9999999994282 0 0
111 4.999999999992399 60 0
112 15.21739130434179 60 0
113 20.43478260869088 60 0
114 25.65217391304598 60 0
115 30.86956521738798 60 0
116 36.08695652174177 60 0
117 41.304347826099 60 0
118 46.52173913043148 60 0
119 51.73913043475781 60 0
120 56.95652173908415 60 0
121 62.17391304341047 60 0
122 67.39130434771619 60 0
123 72.60869565204254 60 0
124 77.82608695639978 60 0
125 83.04347826075703 60 0
126 88.26086956511428 60 0
127 93.47826086947153 60 0
128 98.69565217382878 60 0
129 103.913043478186 60 0
130 109.1304347825433 60 0
131 114.3478260869005 60 0
132 119.5652173912577 60 0
133 124.782608695615 60 0
134 135.2173913042861 60 0
135 140.4347826085721 60 0
136 145.6521739128582 60 0
137 150.8695652171442 60 0
138 156.0869565214303 60 0
139 161.3043478257163 60 0
140 166.5217391300024 60 0
141 171.7391304342884 60 0
142 176.9565217385745 60 0
143 182.1739130428605 60 0
144 187.3913043471466 60 0
145 192.6086956514944 60 0
146 197.826086955904 60 0
147 203.0434782603136 60 0
148 208.2608695647232 60 0
149 213.4782608691328 60 0
150 218.6956521735424 60 0
151 223.913043477952 60 0
152 229.1304347823616 60 0
153 234.3478260867712 60 0
154 239.5652173911808 60 0
155 244.7826086955904 60 0
156 254.9999999994282 60 0
157 4.999999999992399 0 13.33333333333333
158 14.937011300932 0 13.33333333333333
159 19.87402260186339 0 13.33333333333333
160 24.8110339027948 0 13.33333333333333
161 29.74804520372382 0 13.33333333333333
162 34.6850565046543 0 13.33333333333333
163 39.62206780558321 0 13.33333333333333
164 44.55907910651631 0 13.33333333333333
165 49.49609040744449 0 13.33333333333333
166 54.43310170837414 0 13.33333333333333
167 59.37011300930354 0 13.33333333333333
168 64.30712431022998 0 13.33333333333333
169 69.24413561116918 0 13.33333333333333
170 74.18114691212172 0 13.33333333333333
171 79.1181582130684 0 13.33333333333333
172 84.05516951402248 0 13.33333333333333
173 88.99218081497654 0 13.33333333333333
174 93.92919211592502 0 13.33333333333333
175 98.8662034168791 0 13.33333333333333
176 103.8032147178332 0 13.33333333333333
177 108.7402260187825 0 13.33333333333333
178 113.6772373197357 0 13.33333333333333
179 118.6142486206898 0 13.33333333333333
180 129.0490312293828 0 13.33333333333333
181 134.5468025371245 0 13.33333333333333
182 140.0445738448662 0 13.33333333333333
183 145.5423451525968 0 13.33333333333333
184 151.0401164603385 0 13.33333333333333
185 156.5378877680823 0 13.33333333333333
186 162.0356590758272 0 13.33333333333333
187 167.533430383572 0 13.33333333333333
188 173.0312016912942 0 13.33333333333333
189 178.5289729990284 0 13.33333333333333
190 184.0267443067745 0 13.33333333333333
191 189.5245156145336 0 13.33333333333333
192 195.0222869223018 0 13.33333333333333
193 200.5200582300739 0 13.33333333333333
194 206.0178295378441 0 13.33333333333333
195 211.5156008456141 0 13.33333333333333
196 217.0133721533811 0 13.33333333333333
197 222.5111434611491 0 13.33333333333333
198 228.0089147689193 0 13.33333333333333
199 233.5066860766933 0 13.33333333333333
200 239.0044573844604 0 13.33333333333333
201 244.5022286922298 0 13.33333333333333
202 254.9999999994282 0 13.33333333333333
203 4.999999999992399 60 13.33333333333333
204 15.49777130774252 60 13.33333333333333
205 20.99554261548514 60 13.33333333333333
206 26.49331392322757 60 13.33333333333333
207 31.99108523096662 60 13.33333333333333
208 37.48885653870497 60 13.33333333333333
209 42.9866278464414 60 13.33333333333333
210 48.48439915417898 60 13.33333333333333
211 53.98217046191866 60 13.33333333333333
212 59.4799417696569 60 13.33333333333333
213 64.97771307739947 60 13.33333333333333
214 70.47548438514238 60 13.33333333333333
215 75.9732556928942 60 13.33333333333333
216 81.47102700066326 60 13.33333333333333
217 86.96879830843424 60 13.33333333333333
218 92.46656961620293 60 13.33333333333333
219 97.96434092397138 60 13.33333333333333
220 103.4621122317426 60 13.33333333333333
221 108.9598835395111 60 13.33333333333333
222 114.4576548472795 60 13.33333333333333
223 119.9554261550507 60 13.33333333333333
224 125.4531974628192 60 13.33333333333333
225 130.9509687705889 60 13.33333333333333
226 141.3857513792909 60 13.33333333333333
227 146.3227626802285 60 13.33333333333333
228 151.2597739811605 60 13.33333333333333
229 156.1967852820869 60 13.33333333333333
230 161.1337965830189 60 13.33333333333333
231 166.0708078839487 60 13.33333333333333
232 171.0078191848776 60 13.33333333333333
233 175.9448304858064 60 13.33333333333333
234 180.8818417867353 60 13.33333333333333
235 185.8188530876641 60 13.33333333333333
236 190.755864388593 60 13.33333333333333
237 195.6928756895317 60 13.33333333333333
238 200.629886990484 60 13.33333333333333
239 205.5668982914239 60 13.33333333333333
240 210.5039095923776 60 13.33333333333333
241 215.4409208933318 60 13.33333333333333
242 220.377932194286 60 13.33333333333333
243 225.3149434952402 60 13.33333333333333
244 230.2519547961944 60 13.33333333333333
245 235.1889660971391 60 13.33333333333333
246 240.1259773980916 60 13.33333333333333
247 245.0629886990458 60 13.33333333333333
248 254.9999999994282 60 13.33333333333333
249 4.999999999992399 0 26.66666666666667
250 14.65663129752547 0 26.66666666666667
251 19.31326259505173 0 26.66666666666667
252 23.9698938925778 0 26.66666666666667
253 28.62652519010049 0 26.66666666666667
254 33.28315648762135 0 26.66666666666667
255 37.9397877851377 0 26.66666666666667
256 42.59641908265408 0 26.66666666666667
257 47.25305038017323 0 26.66666666666667
258 51.9096816776896 0 26.66666666666667
259 56.56631297520826 0 26.66666666666667
260 61.22294427273235 0 26.66666666666667
261 65.879575570268 0 26.66666666666667
262 70.53620686781525 0 26.66666666666667
263 75.1928381653625 0 26.66666666666667
264 79.84946946290975 0 26.66666666666667
265 84.50610076045699 0 26.66666666666667
266 89.16273205800255 0 26.66666666666667
267 93.81936335554593 0 26.66666666666667
268 98.47599465309318 0 26.66666666666667
269 103.1326259506404 0 26.66666666666667
270 107.7892572481877 0 26.66666666666667
271 112.4458885457349 0 26.66666666666667
272 122.880671154429 0 26.66666666666667
273 128.6588224655789 0 26.66666666666667
274 134.4369737767329 0 26.66666666666667
275 140.2151250878646 0 26.66666666666667
276 145.9932763990074 0 26.66666666666667
277 151.7714277101613 0 26.66666666666667
278 157.5495790212931 0 26.66666666666667
279 163.327730332447 0 26.66666666666667
280 169.1058816436004 0 26.66666666666667
281 174.8840329547326 0 26.66666666666667
282 180.6621842658854 0 26.66666666666667
283 186.4403355770337 0 26.66666666666667
284 192.2184868882075 0 26.66666666666667
285 197.9966381993867 0 26.66666666666667
286 203.774789510566 0 26.66666666666667
287 209.5529408217399 0 26.66666666666667
288 215.3310921329223 0 26.66666666666667
289 221.1092434440982 0 26.66666666666667
290 226.887394755276 0 26.66666666666667
291 232.6655460664567 0 26.66666666666667
292 238.4436973776304 0 26.66666666666667
293 244.2218486888096 0 26.66666666666667
294 254.9999999994282 0 26.66666666666667
295 4.999999999992399 60 26.66666666666667
296 15.77815131115374 60 26.66666666666667
297 21.55630262230748 60 26.66666666666667
298 27.33445393345909 60 26.66666666666667
299 33.11260524459584 60 26.66666666666667
300 38.89075655573426 60 26.66666666666667
301 44.66890786687471 60 26.66666666666667
302 50.44705917802072 60 26.66666666666667
303 56.22521048916672 60 26.66666666666667
304 62.00336180031273 60 26.66666666666667
305 67.78151311145922 60 26.66666666666667
306 73.55966442260582 60 26.66666666666667
307 79.33781573376727 60 26.66666666666667
308 85.11596704494264 60 26.66666666666667
309 90.89411835611992 60 26.66666666666667
310 96.6722696672977 60 26.66666666666667
311 102.4504209784726 60 26.66666666666667
312 108.2285722896516 60 26.66666666666667
313 114.0067236008275 60 26.66666666666667
314 119.7848749120043 60 26.66666666666667
315 125.5630262231825 60 26.66666666666667
316 131.3411775343486 60 26.66666666666667
317 137.1193288455301 60 26.66666666666667
318 147.5541114542466 60 26.66666666666667
319 152.2107427517745 60 26.66666666666667
320 156.8673740493001 60 26.66666666666667
321 161.5240053468312 60 26.66666666666667
322 166.1806366443568 60 26.66666666666667
323 170.8372679418691 60 26.66666666666667
324 175.4938992393913 60 26.66666666666667
325 180.1505305369169 60 26.66666666666667
326 184.807161834448 60 26.66666666666667
327 189.4637931319736 60 26.66666666666667
328 194.1204244294991 60 26.66666666666667
329 198.7770557270402 60 26.66666666666667
330 203.433687024578 60 26.66666666666667
331 208.0903183221146 60 26.66666666666667
332 212.7469496196484 60 26.66666666666667
333 217.4035809171993 60 26.66666666666667
334 222.0602122147412 60 26.66666666666667
335 226.7168435122788 60 26.66666666666667
336 231.3734748098298 60 26.66666666666667
337 236.0301061073695 60 26.66666666666667
338 240.6867374049093 60 26.66666666666667
339 245.3433687024602 60 26.66666666666667
340 254.9999999994282 60 26.66666666666667
341 4.999999999992399 0 40
342 14.36775493037791 0 40
343 18.73550986075869 0 40
344 23.10326479114067 0 40
345 27.47101972151683 0 40
346 31.83877465189175 0 40
347 36.20652958226622 0 40
348 40.5742845126412 0 40
349 44.94203944301842 0 40
350 49.3097943733954 0 40
351 53.6775493037673 0 40
352 58.0453042341459 0 40
353 62.41305916452806 0 40
354 66.78081409493321 0 40
355 71.14856902532722 0 40
356 75.51632395572125 0 40
357 79.88407888612096 0 40
358 84.25183381652042 0 40
359 88.61958874691494 0 40
360 92.98734367731959 0 40
361 97.35509860771361 0 40
362 101.7228535381184 0 40
363 106.0906084685128 0 40
364 116.525391077207 0 40
365 122.5924187555128 0 40
366 128.659446433813 0 40
367 134.7264741121062 0 40
368 140.7935017903977 0 40
369 146.8605294686892 0 40
370 152.9275571469805 0 40
371 158.9945848252667 0 40
372 165.0616125035587 0 40
373 171.1286401818533 0 40
374 177.1956678601357 0 40
375 183.2626955384414 0 40
376 189.3297232167595 0 40
377 195.3967508950763 0 40
378 201.4637785733987 0 40
379 207.5308062517269 0 40
380 213.5978339300524 0 40
381 219.6648616083723 0 40
382 225.7318892867034 0 40
383 231.7989169650217 0 40
384 237.8659446433441 0 40
385 243.9329723216832 0 40
386 254.9999999994282 0 40
387 4.999999999992399 60 40
388 16.06702767829586 60 40
389 22.13405535659485 60 40
390 28.2010830348943 60 40
391 34.26811071318343 60 40
392 40.33513839147513 60 40
393 46.40216606976821 60 40
394 52.46919374805853 60 40
395 58.53622142634884 60 40
396 64.60324910464078 60 40
397 70.67027678292988 60 40
398 76.73730446121559 60 40
399 82.80433213952134 60 40
400 88.87135981784529 60 40
401 94.93838749616647 60 40
402 101.005415174496 60 40
403 107.0724428528173 60 40
404 113.1394705311466 60 40
405 119.2064982094683 60 40
406 125.2735258877973 60 40
407 131.3405535661166 60 40
408 137.4075812444365 60 40
409 143.4746089227565 60 40
410 153.9093915314575 60 40
411 158.2771464618392 60 40
412 162.6449013922233 60 40
413 167.012656322599 60 40
414 171.3804112529694 60 40
415 175.7481661833535 60 40
416 180.1159211137212 60 40
417 184.4836760440911 60 40
418 188.8514309744725 60 40
419 193.2191859048345 60 40
420 197.5869408352174 60 40
421 201.9546957656126 60 40
422 206.3224506960201 60 40
423 210.6902056264042 60 40
424 215.057960556805 60 40
425 219.4257154872004 60 40
426 223.793470417601 60 40
427 228.1612253479952 60 40
428 232.5289802783969 60 40
429 236.8967352088015 60 40
430 241.2644901391929 60 40
431 245.6322450696017 60 40
432 254.9999999994282 60 40
433 4.999999999992399 0 45
434 14.31586610457065 0 45
435 18.63173220914177 0 45
436 22.94759831371565 0 45
437 27.2634644182825 0 45
438 31.57933052284913 0 45
439 35.89519662741884 0 45
440 40.21106273198789 0 45
441 44.52692883655182 0 45
442 48.84279494111846 0 45
443 53.15866104568511 0 45
444 57.47452715025176 0 45
445 61.79039325482999 0 45
446 66.10625935942167 0 45
447 70.42212546401363 0 45
448 74.7379915686015 0 45
449 79.05385767319468 0 45
450 83.36972377778294 0 45
451 87.68558988237044 0 45
452 92.00145598696314 0 45
453 96.31732209155633 0 45
454 100.633188196146 0 45
455 104.9490543007316 0 45
456 117.6669452449869 0 45
457 123.6820840974707 0 45
458 129.6972229499609 0 45
459 135.7123618024312 0 45
460 141.727500654909 0 45
461 147.742639507394 0 45
462 153.7577783598643 0 45
463 159.7729172123539 0 45
464 165.7880560648383 0 45
465 171.8031949173197 0 45
466 177.8183337698055 0 45
467 183.8334726223035 0 45
468 189.8486114748158 0 45
469 195.8637503273337 0 45
470 201.8788891798516 0 45
471 207.894028032375 0 45
472 213.9091668848928 0 45
473 219.9243057374153 0 45
474 225.9394445899342 0 45
475 231.954583442452 0 45
476 237.9697222949754 0 45
477 243.9848611474901 0 45
478 254.9999999994282 0 45
479 4.999999999992399 60 45
480 16.01513885248761 60 45
481 22.03027770497678 60 45
482 28.0454165574665 60 45
483 34.06055540995079 60 45
484 40.07569426243293 60 45
485 46.09083311491869 60 45
486 52.10597196740004 60 45
487 58.12111081988206 60 45
488 64.13624967236679 60 45
489 70.15138852484917 60 45
490 76.16652737732733 60 45
491 82.18166622982613 60 45
492 88.19680508233819 60 45
493 94.21194393485521 60 45
494 100.2270827873708 60 45
495 106.2422216398894 60 45
496 112.2573604924024 60 45
497 118.2724993449173 60 45
498 124.2876381974292 60 45
499 130.3027770499443 60 45
500 136.3179159024629 60 45
501 142.3330547549728 60 45
502 155.0509456992449 60 45
503 159.3668118038146 60 45
504 163.6826779083915 60 45
505 167.9985440129581 60 45
506 172.3144101175237 60 45
507 176.6302762220857 60 45
508 180.9461423266631 60 45
509 185.2620084312188 60 45
510 189.5778745357909 60 45
511 193.8937406403463 60 45
512 198.2096067449085 60 45
513 202.5254728494893 60 45
514 206.8413389540701 60 45
515 211.1572050586726 60 45
516 215.4730711632621 60 45
517 219.7889372678457 60 45
518 224.1048033724487 60 45
519 228.420669477037 60 45
520 232.7365355816325 60 45
521 237.0524016862244 60 45
522 241.3682677908162 60 45
523 245.6841338953994 60 45
524 254.9999999994282 60 45
525 4.999999999992399 0 60
526 14.31586610457065 0 60
527 18.63173220914177 0 60
528 22.94759831371565 0 60
529 27.2634644182825 0 60
530 31.57933052284913 0 60
531 35.89519662741884 0 60
532 40.21106273198789 0 60
533 44.52692883655182 0 60
534 48.84279494111846 0 60
535 53.15866104568511 0 60
536 57.47452715025176 0 60
537 61.79039325482999 0 60
538 66.10625935942167 0 60
539 70.42212546401363 0 60
540 74.7379915686015 0 60
541 79.05385767319468 0 60
542 83.36972377778294 0 60
543 87.68558988237044 0 60
544 92.00145598696314 0 60
545 96.31732209155633 0 60
546 100.633188196146 0 60
547 104.9490543007316 0 60
548 117.6669452449869 0 60
549 123.6820840974707 0 60
550 129.6972229499609 0 60
551 135.7123618024312 0 60
552 141.727500654909 0 60
553 147.742639507394 0 60
554 153.7577783598643 0 60
555 159.7729172123539 0 60
556 165.7880560648383 0 60
557 171.8031949173197 0 60
558 177.8183337698055 0 60
559 183.8334726223035 0 60
560 189.8486114748158 0 60
561 195.8637503273337 0 60
562 201.8788891798516 0 60
563 207.894028032375 0 60
564 213.9091668848928 0 60
565 219.9243057374153 0 60
566 225.9394445899342 0 60
567 231.954583442452 0 60
568 237.9697222949754 0 60
569 243.9848611474901 0 60
570 254.9999999994282 0 60
571 4.999999999992399 60 60
572 16.01513885248761 60 60
573 22.03027770497678 60 60
574 28.0454165574665 60 60
575 34.06055540995079 60 60
576 40.07569426243293 60 60
577 46.09083311491869 60 60
578 52.10597196740004 60 60
579 58.12111081988206 60 60
580 64.13624967236679 60 60
581 70.15138852484917 60 60
582 76.16652737732733 60 60
583 82.18166622982613 60 60
584 88.19680508233819 60 60
585 94.21194393485521 60 60
586 100.2270827873708 60 60
587 106.2422216398894 60 60
588 112.2573604924024 60 60
589 118.2724993449173 60 60
590 124.2876381974292 60 60
591 130.3027770499443 60 60
592 136.3179159024629 60 60
593 142.3330547549728 60 60
594 155.0509456992449 60 60
595 159.3668118038146 60 60
596 163.6826779083915 60 60
597 167.9985440129581 60 60
598 172.3144101175237 60 60
599 176.6302762220857 60 60
600 180.9461423266631 60 60
601 185.2620084312188 60 60
602 189.5778745357909 60 60
603 193.8937406403463 60 60
604 198.2096067449085 60 60
605 202.5254728494893 60 60
606 206.8413389540701 60 60
607 211.1572050586726 60 60
608 215.4730711632621 60 60
609 219.7889372678457 60 60
610 224.1048033724487 60 60
611 228.420669477037 60 60
612 232.7365355816325 60 60
613 237.0524016862244 60 60
614 241.3682677908162 60 60
615 245.6841338953994 60 60
616 254.9999999994282 60 60
617 0 4.99999999999853 0
618 0 9.999999999997678 0
619 0 14.99999999999313 0
620 0 19.99999999997724 0
621 0 24.99999999995789 0
622 0 29.99999999993923 0
623 0 34.99999999994878 0
624 0 39.99999999995902 0
625 0 44.99999999996926 0
626 0 49.99999999997951 0
627 0 54.99999999998975 0
628 10 4.99999999999853 0
629 10 9.999999999997678 0
630 10 14.99999999999313 0
631 10 19.99999999997724 0
632 10 24.99999999995789 0
633 10 29.99999999993923 0
634 10 34.99999999994878 0
635 10 39.99999999995902 0
636 10 44.99999999996926 0
637 10 49.99999999997951 0
638 10 54.99999999998975 0
639 130 4.99999999999853 0
640 130 9.999999999997678 0
641 130 14.99999999999313 0
642 130 19.99999999997724 0
643 130 24.99999999995789 0
644 130 29.99999999993923 0
645 130 34.99999999994878 0
646 130 39.99999999995902 0
647 130 44.99999999996926 0
648 130 49.99999999997951 0
649 130 54.99999999998975 0
650 250 4.99999999999853 0
651 250 9.999999999997678 0
652 250 14.99999999999313 0
653 250 19.99999999997724 0
654 250 24.99999999995789 0
655 250 29.99999999993923 0
656 250 34.99999999994878 0
657 250 39.99999999995902 0
658 250 44.99999999996926 0
659 250 49.99999999997951 0
660 250 54.99999999998975 0
661 260 4.99999999999853 0
662 260 9.999999999997678 0
663 260 14.99999999999313 0
664 260 19.99999999997724 0
665 260 24.99999999995789 0
666 260 29.99999999993923 0
667 260 34.99999999994878 0
668 260 39.99999999995902 0
669 260 44.99999999996926 0
670 260 49.99999999997951 0
671 260 54.99999999998975 0
672 0 4.99999999999853 13.33333333333333
673 0 9.999999999997678 13.33333333333333
674 0 14.99999999999313 13.33333333333333
675 0 19.99999999997724 13.33333333333333
676 0 24.99999999995789 13.33333333333333
677 0 29.99999999993923 13.33333333333333
678 0 34.99999999994878 13.33333333333333
679 0 39.99999999995902 13.33333333333333
680 0 44.99999999996926 13.33333333333333
681 0 49.99999999997951 13.33333333333333
682 0 54.99999999998975 13.33333333333333
683 10 4.99999999999853 13.33333333333333
684 10 9.999999999997678 13.33333333333333
685 10 14.99999999999313 13.33333333333333
686 10 19.99999999997724 13.33333333333333
687 10 24.99999999995789 13.33333333333333
688 10 29.99999999993923 13.33333333333333
689 10 34.99999999994878 13.33333333333333
690 10 39.99999999995902 13.33333333333333
691 10 44.99999999996926 13.33333333333333
692 10 49.99999999997951 13.33333333333333
693 10 54.99999999998975 13.33333333333333
694 124.6260499347004 4.999999999997645 13.33333333333333
695 125.7008399477597 9.999999999995312 13.33333333333333
696 126.7756299608184 14.99999999999001 13.33333333333333
697 127.8504199738748 19.99999999997388 13.33333333333333
698 128.9252099869302 24.99999999995368 13.33333333333333
699 129.999999999986 29.99999999993509 13.33333333333333
700 131.0747900130477 34.99999999994347 13.33333333333333
701 132.1495800261095 39.99999999995287 13.33333333333333
702 133.2243700391719 44.99999999996493 13.33333333333333
703 134.2991600522343 49.99999999997701 13.33333333333333
704 135.3739500652965 54.99999999998793 13.33333333333333
705 250 4.99999999999853 13.33333333333333
706 250 9.999999999997678 13.33333333333333
707 250 14.99999999999313 13.33333333333333
708 250 19.99999999997724 13.33333333333333
709 250 24.99999999995789 13.33333333333333
710 250 29.99999999993923 13.33333333333333
711 250 34.99999999994878 13.33333333333333
712 250 39.99999999995902 13.33333333333333
713 250 44.99999999996926 13.33333333333333
714 250 49.99999999997951 13.33333333333333
715 250 54.99999999998975 13.33333333333333
716 260 4.99999999999853 13.33333333333333
717 260 9.999999999997678 13.33333333333333
718 260 14.99999999999313 13.33333333333333
719 260 19.99999999997724 13.33333333333333
720 260 24.99999999995789 13.33333333333333
721 260 29.99999999993923 13.33333333333333
722 260 34.99999999994878 13.33333333333333
723 260 39.99999999995902 13.33333333333333
724 260 44.99999999996926 13.33333333333333
725 260 49.99999999997951 13.33333333333333
726 260 54.99999999998975 13.33333333333333
727 0 4.99999999999853 26.66666666666667
728 0 9.999999999997678 26.66666666666667
729 0 14.99999999999313 26.66666666666667
730 0 19.99999999997724 26.66666666666667
731 0 24.99999999995789 26.66666666666667
732 0 29.99999999993923 26.66666666666667
733 0 34.99999999994878 26.66666666666667
734 0 39.99999999995902 26.66666666666667
735 0 44.99999999996926 26.66666666666667
736 0 49.99999999997951 26.66666666666667
737 0 54.99999999998975 26.66666666666667
738 10 4.99999999999853 26.66666666666667
739 10 9.999999999997678 26.66666666666667
740 10 14.99999999999313 26.66666666666667
741 10 19.99999999997724 26.66666666666667
742 10 24.99999999995789 26.66666666666667
743 10 29.99999999993923 26.66666666666667
744 10 34.99999999994878 26.66666666666667
745 10 39.99999999995902 26.66666666666667
746 10 44.99999999996926 26.66666666666667
747 10 49.99999999997951 26.66666666666667
748 10 54.99999999998975 26.66666666666667
749 119.2520998693995 4.999999999994731 26.66666666666667
750 121.4016798955171 9.999999999989985 26.66666666666667
751 123.5512599216356 14.99999999998715 26.66666666666667
752 125.7008399477506 19.99999999997642 26.66666666666667
753 127.8504199738621 24.99999999995741 26.66666666666667
754 129.9999999999745 29.99999999994066 26.66666666666667
755 132.1495800260967 34.9999999999467 26.66666666666667
756 134.2991600522204 39.99999999995601 26.66666666666667
757 136.448740078346 44.99999999997003 26.66666666666667
758 138.5983201044703 49.99999999998069 26.66666666666667
759 140.7479001305942 54.99999999999068 26.66666666666667
760 250 4.99999999999853 26.66666666666667
761 250 9.999999999997678 26.66666666666667
762 250 14.99999999999313 26.66666666666667
763 250 19.99999999997724 26.66666666666667
764 250 24.99999999995789 26.66666666666667
765 250 29.99999999993923 26.66666666666667
766 250 34.99999999994878 26.66666666666667
767 250 39.99999999995902 26.66666666666667
768 250 44.99999999996926 26.66666666666667
769 250 49.99999999997951 26.66666666666667
770 250 54.99999999998975 26.66666666666667
771 260 4.99999999999853 26.66666666666667
772 260 9.999999999997678 26.66666666666667
773 260 14.99999999999313 26.66666666666667
774 260 19.99999999997724 26.66666666666667
775 260 24.99999999995789 26.66666666666667
776 260 29.99999999993923 26.66666666666667
777 260 34.99999999994878 26.66666666666667
778 260 39.99999999995902 26.66666666666667
779 260 44.99999999996926 26.66666666666667
780 260 49.99999999997951 26.66666666666667
781 260 54.99999999998975 26.66666666666667
782 0 4.99999999999853 40
783 0 9.999999999997678 40
784 0 14.99999999999313 40
785 0 19.99999999997724 40
786 0 24.99999999995789 40
787 0 29.99999999993923 40
788 0 34.99999999994878 40
789 0 39.99999999995902 40
790 0 44.99999999996926 40
791 0 49.99999999997951 40
792 0 54.99999999998975 40
793 10 4.99999999999853 40
794 10 9.999999999997678 40
795 10 14.99999999999313 40
796 10 19.99999999997724 40
797 10 24.99999999995789 40
798 10 29.99999999993923 40
799 10 34.99999999994878 40
800 10 39.99999999995902 40
801 10 44.99999999996926 40
802 10 49.99999999997951 40
803 10 54.99999999998975 40
804 113.7153028324257 4.999999999998129 40
805 116.9722422659378 9.999999999994152 40
806 120.2291816994481 14.99999999998758 40
807 123.4861211329513 19.99999999997009 40
808 126.7430605664546 24.99999999995269 40
809 129.999999999959 29.99999999993705 40
810 133.2569394334824 34.99999999995052 40
811 136.513878867005 39.99999999996279 40
812 139.7708183005265 44.99999999997336 40
813 143.0277577340447 49.99999999997886 40
814 146.2846971675639 54.99999999998605 40
815 250 4.99999999999853 40
816 250 9.999999999997678 40
817 250 14.99999999999313 40
818 250 19.99999999997724 40
819 250 24.99999999995789 40
820 250 29.99999999993923 40
821 250 34.99999999994878 40
822 250 39.99999999995902 40
823 250 44.99999999996926 40
824 250 49.99999999997951 40
825 250 54.99999999998975 40
826 260 4.99999999999853 40
827 260 9.999999999997678 40
828 260 14.99999999999313 40
829 260 19.99999999997724 40
830 260 24.99999999995789 40
831 260 29.99999999993923 40
832 260 34.99999999994878 40
833 260 39.99999999995902 40
834 260 44.99999999996926 40
835 260 49.99999999997951 40
836 260 54.99999999998975 40
837 0 4.99999999999853 45
838 0 9.999999999997678 45
839 0 14.99999999999313 45
840 0 19.99999999997724 45
841 0 24.99999999995789 45
842 0 29.99999999993923 45
843 0 34.99999999994878 45
844 0 39.99999999995902 45
845 0 44.99999999996926 45
846 0 49.99999999997951 45
847 0 54.99999999998975 45
848 10 4.99999999999853 45
849 10 9.999999999997678 45
850 10 14.99999999999313 45
851 10 19.99999999997724 45
852 10 24.99999999995789 45
853 10 29.99999999993923 45
854 10 34.99999999994878 45
855 10 39.99999999995902 45
856 10 44.99999999996926 45
857 10 49.99999999997951 45
858 10 54.99999999998975 45
859 112.5218598388382 4.999999999998129 45
860 115.7787992723502 9.999999999994152 45
861 119.0357387058605 14.99999999998758 45
862 122.2926781393637 19.99999999997009 45
863 125.549617572867 24.99999999995269 45
864 128.8065570063681 29.99999999993197 45
865 132.0634964398882 34.99999999994036 45
866 135.3204358734086 39.99999999994925 45
867 138.5773753069339 44.99999999996574 45
868 141.834314740456 49.99999999997716 45
869 145.0912541739802 54.99999999999196 45
870 114.9087458260133 4.999999999998129 45
871 118.1656852595253 9.999999999994152 45
872 121.4226246930357 14.99999999998758 45
873 124.6795641265389 19.99999999997009 45
874 127.9365035600422 24.99999999995269 45
875 131.1934429935433 29.99999999993197 45
876 134.4503824270633 34.99999999994036 45
877 137.7073218605837 39.99999999994925 45
878 140.9642612941091 44.99999999996574 45
879 144.2212007276311 49.99999999997716 45
880 147.4781401611554 54.99999999999196 45
881 250 4.99999999999853 45
882 250 9.999999999997678 45
883 250 14.99999999999313 45
884 250 19.99999999997724 45
885 250 24.99999999995789 45
886 250 29.99999999993923 45
887 250 34.99999999994878 45
888 250 39.99999999995902 45
889 250 44.99999999996926 45
890 250 49.99999999997951 45
891 250 54.99999999998975 45
892 260 4.99999999999853 45
893 260 9.999999999997678 45
894 260 14.99999999999313 45
895 260 19.99999999997724 45
896 260 24.99999999995789 45
897 260 29.99999999993923 45
898 260 34.99999999994878 45
899 260 39.99999999995902 45
900 260 44.99999999996926 45
901 260 49.99999999997951 45
902 260 54.99999999998975 45
903 0 4.99999999999853 60
904 0 9.999999999997678 60
905 0 14.99999999999313 60
906 0 19.99999999997724 60
907 0 24.99999999995789 60
908 0 29.99999999993923 60
909 0 34.99999999994878 60
910 0 39.99999999995902 60
911 0 44.99999999996926 60
912 0 49.99999999997951 60
913 0 54.99999999998975 60
914 10 4.99999999999853 60
915 10 9.999999999997678 60
916 10 14.99999999999313 60
917 10 19.99999999997724 60
918 10 24.99999999995789 60
919 10 29.99999999993923 60
920 10 34.99999999994878 60
921 10 39.99999999995902 60
922 10 44.99999999996926 60
923 10 49.99999999997951 60
924 10 54.99999999998975 60
925 112.5218598388382 4.999999999998129 60
926 115.7787992723502 9.999999999994152 60
927 119.0357387058605 14.99999999998758 60
928 122.2926781393637 19.99999999997009 60
929 125.549617572867 24.99999999995269 60
930 128.8065570063681 29.99999999993197 60
931 132.0634964398882 34.99999999994036 60
932 135.3204358734086 39.99999999994925 60
933 138.5773753069339 44.99999999996574 60
934 141.834314740456 49.99999999997716 60
935 145.0912541739802 54.99999999999196 60
936 114.9087458260133 4.999999999998129 60
937 118.1656852595253 9.999999999994152 60
938 121.4226246930357 14.99999999998758 60
939 124.6795641265389 19.99999999997009 60
940 127.9365035600422 24.99999999995269 60
941 131.1934429935433 29.99999999993197 60
942 134.4503824270633 34.99999999994036 60
943 137.7073218605837 39.99999999994925 60
944 140.9642612941091 44.99999999996574 60
945 144.2212007276311 49.99999999997716 60
946 147.4781401611554 54.99999999999196 60
947 250 4.99999999999853 60
948 250 9.999999999997678 60
949 250 14.99999999999313 60
950 250 19.99999999997724 60
951 250 24.99999999995789 60
952 250 29.99999999993923 60
953 250 34.99999999994878 60
954 250 39.99999999995902 60
955 250 44.99999999996926 60
956 250 49.99999999997951 60
957 250 54.99999999998975 60
958 260 4.99999999999853 60
959 260 9.999999999997678 60
960 260 14.99999999999313 60
961 260 19.99999999997724 60
962 260 24.99999999995789 60
963 260 29.99999999993923 60
964 260 34.99999999994878 60
965 260 39.99999999995902 60
966 260 44.99999999996926 60
967 260 49.99999999997951 60
968 260 54.99999999998975 60
969 0 0 6.666666666649283
970 10 0 6.666666666649283
971 126.77562996083 0 6.666666666647129
972 250 0 6.666666666649283
973 260 0 6.666666666649283
974 0 60 6.666666666649283
975 10 60 6.666666666649283
976 133.2243700391695 60 6.666666666646057
977 250 60 6.666666666649283
978 260 60 6.666666666649283
979 0 0 19.99999999999548
980 10 0 19.99999999999548
981 120.326889882465 0 19.99999999999309
982 250 0 19.99999999999548
983 260 0 19.99999999999548
984 0 60 19.99999999999548
985 10 60 19.99999999999548
986 139.6731101175335 60 19.99999999998983
987 250 60 19.99999999999548
988 260 60 19.99999999999548
989 0 0 33.33333333329794
990 10 0 33.33333333329794
991 113.7804416211136 0 33.33333333330054
992 250 0 33.33333333329794
993 260 0 33.33333333329794
994 0 60 33.33333333329794
995 10 60 33.33333333329794
996 146.2195583788864 60 33.33333333330055
997 250 60 33.33333333329794
998 260 60 33.33333333329794
999 0 0 50
1000 0 0 55
1001 10 0 50
1002 10 0 55
1003 109.2649204053248 0 50
1004 109.2649204053248 0 55
1005 111.6518063924999 0 50
1006 111.6518063924999 0 55
1007 250 0 50
1008 250 0 55
1009 260 0 50
1010 260 0 55
1011 0 60 50
1012 0 60 55
1013 10 60 50
1014 10 60 55
1015 148.3481936075 60 50
1016 148.3481936075 60 55
1017 150.7350795946752 60 50
1018 150.7350795946752 60 55
1019 250 60 50
1020 250 60 55
1021 260 60 50
1022 260 60 55
1023 4.999999999992399 4.99999999999853 0
1024 4.999999999992401 9.99999999999768 0
1025 4.9999999999924 14.99999999999313 0
1026 4.999999999992399 19.99999999997724 0
1027 4.999999999992399 24.99999999995789 0
1028 4.999999999992401 29.99999999993923 0
1029 4.999999999992401 34.99999999994878 0
1030 4.999999999992398 39.99999999995902 0
1031 4.999999999992401 44.99999999996926 0
1032 4.999999999992398 49.99999999997951 0
1033 4.999999999992397 54.99999999998976 0
1034 15.21739130434179 4.99999999999853 0
1035 15.21739130434179 9.999999999997678 0
1036 15.21739130434179 14.99999999999313 0
1037 15.21739130434179 19.99999999997725 0
1038 15.21739130434179 24.99999999995789 0
1039 15.21739130434179 29.99999999993923 0
1040 15.21739130434179 34.99999999994878 0
1041 15.21739130434179 39.99999999995902 0
1042 15.21739130434179 44.99999999996925 0
1043 15.21739130434179 49.99999999997951 0
1044 15.21739130434179 54.99999999998975 0
1045 20.43478260869088 4.99999999999853 0
1046 20.43478260869088 9.999999999997682 0
1047 20.43478260869087 14.99999999999313 0
1048 20.43478260869088 19.99999999997724 0
1049 20.43478260869088 24.99999999995789 0
1050 20.43478260869088 29.99999999993923 0
1051 20.43478260869088 34.99999999994878 0
1052 20.43478260869087 39.99999999995902 0
1053 20.43478260869087 44.99999999996925 0
1054 20.43478260869087 49.99999999997951 0
1055 20.43478260869087 54.99999999998973 0
1056 25.65217391304597 4.99999999999853 0
1057 25.65217391304597 9.99999999999768 0
1058 25.65217391304596 14.99999999999313 0
1059 25.65217391304597 19.99999999997723 0
1060 25.65217391304597 24.99999999995789 0
1061 25.65217391304597 29.99999999993924 0
1062 25.65217391304597 34.99999999994878 0
1063 25.65217391304597 39.99999999995902 0
1064 25.65217391304597 44.99999999996926 0
1065 25.65217391304597 49.9999999999795 0
1066 25.65217391304597 54.99999999998975 0
1067 30.86956521738797 4.999999999998529 0
1068 30.86956521738798 9.999999999997678 0
1069 30.86956521738798 14.99999999999313 0
1070 30.86956521738797 19.99999999997724 0
1071 30.86956521738798 24.99999999995789 0
1072 30.86956521738798 29.99999999993923 0
1073 30.86956521738797 34.99999999994878 0
1074 30.86956521738798 39.99999999995903 0
1075 30.86956521738797 44.99999999996926 0
1076 30.86956521738798 49.99999999997952 0
1077 30.86956521738798 54.99999999998974 0
1078 36.08695652174176 4.99999999999853 0
1079 36.08695652174178 9.99999999999768 0
1080 36.08695652174177 14.99999999999313 0
1081 36.08695652174177 19.99999999997724 0
1082 36.08695652174178 24.99999999995789 0
1083 36.08695652174177 29.99999999993923 0
1084 36.08695652174176 34.99999999994878 0
1085 36.08695652174175 39.99999999995902 0
1086 36.08695652174175 44.99999999996926 0
1087 36.08695652174178 49.99999999997951 0
1088 36.08695652174178 54.99999999998975 0
1089 41.30434782609898 4.99999999999853 0
1090 41.304347826099 9.99999999999768 0
1091 41.30434782609899 14.99999999999313 0
1092 41.304347826099 19.99999999997724 0
1093 41.30434782609898 24.99999999995789 0
1094 41.304347826099 29.99999999993923 0
1095 41.304347826099 34.99999999994878 0
1096 41.304347826099 39.99999999995902 0
1097 41.304347826099 44.99999999996926 0
1098 41.304347826099 49.99999999997951 0
1099 41.304347826099 54.99999999998974 0
1100 46.52173913043148 4.99999999999853 0
1101 46.52173913043147 9.999999999997682 0
1102 46.52173913043146 14.99999999999313 0
1103 46.52173913043148 19.99999999997724 0
1104 46.52173913043151 24.99999999995789 0
1105 46.52173913043148 29.99999999993923 0
1106 46.52173913043148 34.99999999994878 0
1107 46.52173913043147 39.99999999995901 0
1108 46.52173913043148 44.99999999996926 0
1109 46.52173913043148 49.99999999997952 0
1110 46.52173913043148 54.99999999998974 0
1111 51.73913043475783 4.99999999999853 0
1112 51.73913043475781 9.999999999997678 0
1113 51.73913043475781 14.99999999999313 0
1114 51.73913043475783 19.99999999997724 0
1115 51.7391304347578 24.9999999999579 0
1116 51.73913043475781 29.99999999993923 0
1117 51.7391304347578 34.99999999994878 0
1118 51.73913043475781 39.99999999995902 0
1119 51.73913043475781 44.99999999996926 0
1120 51.73913043475781 49.99999999997951 0
1121 51.73913043475781 54.99999999998975 0
1122 56.95652173908415 4.99999999999853 0
1123 56.95652173908415 9.99999999999768 0
1124 56.95652173908414 14.99999999999313 0
1125 56.95652173908414 19.99999999997724 0
1126 56.95652173908415 24.9999999999579 0
1127 56.95652173908414 29.99999999993923 0
1128 56.95652173908415 34.99999999994878 0
1129 56.95652173908414 39.99999999995902 0
1130 56.95652173908416 44.99999999996926 0
1131 56.95652173908416 49.99999999997951 0
1132 56.95652173908416 54.99999999998974 0
1133 62.17391304341046 4.999999999998531 0
1134 62.1739130434105 9.99999999999768 0
1135 62.17391304341046 14.99999999999312 0
1136 62.17391304341047 19.99999999997724 0
1137 62.17391304341047 24.99999999995789 0
1138 62.17391304341047 29.99999999993923 0
1139 62.17391304341047 34.99999999994878 0
1140 62.17391304341044 39.99999999995902 0
1141 62.17391304341045 44.99999999996926 0
1142 62.17391304341047 49.99999999997951 0
1143 62.17391304341045 54.99999999998974 0
1144 67.3913043477162 4.999999999998528 0
1145 67.39130434771617 9.99999999999768 0
1146 67.39130434771619 14.99999999999312 0
1147 67.39130434771619 19.99999999997724 0
1148 67.39130434771619 24.99999999995789 0
1149 67.39130434771617 29.99999999993923 0
1150 67.39130434771617 34.99999999994878 0
1151 67.39130434771619 39.99999999995902 0
1152 67.39130434771619 44.99999999996926 0
1153 67.39130434771617 49.99999999997951 0
1154 67.39130434771617 54.99999999998975 0
1155 72.60869565204251 4.99999999999853 0
1156 72.60869565204254 9.99999999999768 0
1157 72.60869565204256 14.99999999999313 0
1158 72.60869565204256 19.99999999997725 0
1159 72.60869565204254 24.99999999995789 0
1160 72.60869565204254 29.99999999993923 0
1161 72.60869565204256 34.99999999994878 0
1162 72.60869565204254 39.99999999995902 0
1163 72.60869565204254 44.99999999996926 0
1164 72.60869565204254 49.99999999997951 0
1165 72.60869565204254 54.99999999998975 0
1166 77.82608695639975 4.99999999999853 0
1167 77.82608695639978 9.999999999997684 0
1168 77.82608695639978 14.99999999999313 0
1169 77.82608695639978 19.99999999997724 0
1170 77.82608695639975 24.99999999995789 0
1171 77.82608695639979 29.99999999993923 0
1172 77.82608695639978 34.99999999994878 0
1173 77.82608695639978 39.99999999995902 0
1174 77.82608695639978 44.99999999996926 0
1175 77.82608695639978 49.99999999997951 0
1176 77.82608695639978 54.99999999998975 0
1177 83.04347826075701 4.99999999999853 0
1178 83.04347826075701 9.999999999997682 0
1179 83.04347826075706 14.99999999999313 0
1180 83.04347826075703 19.99999999997724 0
1181 83.04347826075704 24.9999999999579 0
1182 83.04347826075703 29.99999999993923 0
1183 83.04347826075706 34.99999999994878 0
1184 83.04347826075704 39.99999999995902 0
1185 83.04347826075704 44.99999999996926 0
1186 83.04347826075704 49.99999999997951 0
1187 83.04347826075704 54.99999999998976 0
1188 88.26086956511425 4.99999999999853 0
1189 88.26086956511426 9.999999999997678 0
1190 88.26086956511425 14.99999999999313 0
1191 88.26086956511431 19.99999999997724 0
1192 88.26086956511431 24.99999999995789 0
1193 88.26086956511429 29.99999999993923 0
1194 88.26086956511429 34.99999999994878 0
1195 88.26086956511429 39.99999999995902 0
1196 88.26086956511428 44.99999999996926 0
1197 88.26086956511428 49.99999999997951 0
1198 88.26086956511429 54.99999999998974 0
1199 93.47826086947151 4.99999999999853 0
1200 93.47826086947155 9.999999999997678 0
1201 93.47826086947151 14.99999999999313 0
1202 93.47826086947155 19.99999999997725 0
1203 93.47826086947151 24.9999999999579 0
1204 93.47826086947153 29.99999999993923 0
1205 93.47826086947155 34.99999999994878 0
1206 93.47826086947153 39.99999999995902 0
1207 93.47826086947155 44.99999999996926 0
1208 93.47826086947155 49.99999999997951 0
1209 93.47826086947155 54.99999999998975 0
1210 98.69565217382878 4.99999999999853 0
1211 98.69565217382879 9.999999999997682 0
1212 98.69565217382876 14.99999999999313 0
1213 98.69565217382875 19.99999999997724 0
1214 98.69565217382879 24.99999999995789 0
1215 98.69565217382882 29.99999999993924 0
1216 98.69565217382875 34.99999999994878 0
1217 98.6956521738288 39.99999999995902 0
1218 98.69565217382876 44.99999999996925 0
1219 98.69565217382878 49.99999999997951 0
1220 98.69565217382878 54.99999999998975 0
1221 103.913043478186 4.999999999998529 0
1222 103.913043478186 9.999999999997678 0
1223 103.913043478186 14.99999999999313 0
1224 103.913043478186 19.99999999997724 0
1225 103.913043478186 24.9999999999579 0
1226 103.913043478186 29.99999999993923 0
1227 103.913043478186 34.99999999994878 0
1228 103.913043478186 39.99999999995902 0
1229 103.913043478186 44.99999999996926 0
1230 103.913043478186 49.99999999997951 0
1231 103.913043478186 54.99999999998974 0
1232 109.1304347825433 4.999999999998529 0
1233 109.1304347825433 9.99999999999768 0
1234 109.1304347825433 14.99999999999313 0
1235 109.1304347825432 19.99999999997724 0
1236 109.1304347825433 24.9999999999579 0
1237 109.1304347825433 29.99999999993923 0
1238 109.1304347825433 34.99999999994878 0
1239 109.1304347825433 39.99999999995902 0
1240 109.1304347825433 44.99999999996925 0
1241 109.1304347825432 49.99999999997951 0
1242 109.1304347825433 54.99999999998975 0
1243 114.3478260869005 4.999999999998527 0
1244 114.3478260869005 9.999999999997682 0
1245 114.3478260869005 14.99999999999313 0
1246 114.3478260869005 19.99999999997724 0
1247 114.3478260869005 24.9999999999579 0
1248 114.3478260869005 29.99999999993923 0
1249 114.3478260869005 34.99999999994878 0
1250 114.3478260869005 39.99999999995902 0
1251 114.3478260869005 44.99999999996926 0
1252 114.3478260869005 49.99999999997951 0
1253 114.3478260869005 54.99999999998975 0
1254 119.5652173912577 4.99999999999853 0
1255 119.5652173912578 9.999999999997678 0
1256 119.5652173912577 14.99999999999313 0
1257 119.5652173912578 19.99999999997725 0
1258 119.5652173912578 24.9999999999579 0
1259 119.5652173912577 29.99999999993924 0
1260 119.5652173912577 34.99999999994879 0
1261 119.5652173912577 39.99999999995902 0
1262 119.5652173912578 44.99999999996926 0
1263 119.5652173912578 49.99999999997952 0
1264 119.5652173912578 54.99999999998975 0
1265 124.782608695615 4.999999999998531 0
1266 124.782608695615 9.999999999997678 0
1267 124.782608695615 14.99999999999313 0
1268 124.782608695615 19.99999999997724 0
1269 124.782608695615 24.99999999995789 0
1270 124.782608695615 29.99999999993923 0
1271 124.782608695615 34.99999999994878 0
1272 124.782608695615 39.99999999995902 0
1273 124.782608695615 44.99999999996925 0
1274 124.782608695615 49.99999999997952 0
1275 124.782608695615 54.99999999998975 0
1276 135.2173913042861 4.99999999999853 0
1277 135.2173913042861 9.999999999997678 0
1278 135.2173913042861 14.99999999999313 0
1279 135.2173913042861 19.99999999997724 0
1280 135.217391304286 24.99999999995789 0
1281 135.2173913042861 29.99999999993923 0
1282 135.2173913042861 34.99999999994878 0
1283 135.2173913042861 39.99999999995904 0
1284 135.2173913042861 44.99999999996925 0
1285 135.2173913042861 49.99999999997951 0
1286 135.2173913042861 54.99999999998976 0
1287 140.4347826085722 4.99999999999853 0
1288 140.4347826085721 9.999999999997678 0
1289 140.4347826085721 14.99999999999313 0
1290 140.4347826085721 19.99999999997724 0
1291 140.4347826085721 24.99999999995789 0
1292 140.4347826085721 29.99999999993923 0
1293 140.4347826085721 34.99999999994878 0
1294 140.4347826085721 39.99999999995902 0
1295 140.4347826085721 44.99999999996925 0
1296 140.4347826085721 49.99999999997952 0
1297 140.4347826085721 54.99999999998975 0
1298 145.6521739128582 4.99999999999853 0
1299 145.6521739128582 9.999999999997682 0
1300 145.6521739128582 14.99999999999313 0
1301 145.6521739128582 19.99999999997724 0
1302 145.6521739128581 24.99999999995789 0
1303 145.6521739128582 29.99999999993923 0
1304 145.6521739128582 34.99999999994878 0
1305 145.6521739128581 39.99999999995902 0
1306 145.6521739128582 44.99999999996926 0
1307 145.6521739128582 49.99999999997951 0
1308 145.6521739128581 54.99999999998976 0
1309 150.8695652171442 4.999999999998527 0
1310 150.8695652171442 9.999999999997678 0
1311 150.8695652171442 14.99999999999312 0
1312 150.8695652171442 19.99999999997724 0
1313 150.8695652171442 24.99999999995789 0
1314 150.8695652171442 29.99999999993924 0
1315 150.8695652171442 34.99999999994878 0
1316 150.8695652171442 39.99999999995903 0
1317 150.8695652171442 44.99999999996926 0
1318 150.8695652171442 49.9999999999795 0
1319 150.8695652171442 54.99999999998973 0
1320 156.0869565214303 4.99999999999853 0
1321 156.0869565214303 9.99999999999768 0
1322 156.0869565214303 14.99999999999313 0
1323 156.0869565214302 19.99999999997723 0
1324 156.0869565214303 24.9999999999579 0
1325 156.0869565214303 29.99999999993923 0
1326 156.0869565214303 34.99999999994878 0
1327 156.0869565214302 39.99999999995902 0
1328 156.0869565214303 44.99999999996925 0
1329 156.0869565214303 49.99999999997951 0
1330 156.0869565214303 54.99999999998974 0
1331 161.3043478257164 4.99999999999853 0
1332 161.3043478257164 9.999999999997687 0
1333 161.3043478257164 14.99999999999313 0
1334 161.3043478257163 19.99999999997724 0
1335 161.3043478257163 24.99999999995789 0
1336 161.3043478257163 29.99999999993923 0
1337 161.3043478257163 34.99999999994879 0
1338 161.3043478257164 39.99999999995902 0
1339 161.3043478257163 44.99999999996926 0
1340 161.3043478257163 49.99999999997951 0
1341 161.3043478257163 54.99999999998975 0
1342 166.5217391300023 4.99999999999853 0
1343 166.5217391300024 9.999999999997678 0
1344 166.5217391300024 14.99999999999313 0
1345 166.5217391300023 19.99999999997724 0
1346 166.5217391300024 24.9999999999579 0
1347 166.5217391300024 29.99999999993923 0
1348 166.5217391300024 34.99999999994878 0
1349 166.5217391300024 39.99999999995902 0
1350 166.5217391300024 44.99999999996926 0
1351 166.5217391300024 49.99999999997951 0
1352 166.5217391300024 54.99999999998974 0
1353 171.7391304342884 4.99999999999853 0
1354 171.7391304342885 9.99999999999768 0
1355 171.7391304342884 14.99999999999313 0
1356 171.7391304342885 19.99999999997724 0
1357 171.7391304342884 24.9999999999579 0
1358 171.7391304342885 29.99999999993923 0
1359 171.7391304342884 34.99999999994878 0
1360 171.7391304342884 39.99999999995902 0
1361 171.7391304342884 44.99999999996926 0
1362 171.7391304342884 49.99999999997952 0
1363 171.7391304342884 54.99999999998977 0
1364 176.9565217385745 4.999999999998531 0
1365 176.9565217385745 9.99999999999768 0
1366 176.9565217385745 14.99999999999313 0
1367 176.9565217385745 19.99999999997724 0
1368 176.9565217385745 24.9999999999579 0
1369 176.9565217385745 29.99999999993923 0
1370 176.9565217385745 34.99999999994878 0
1371 176.9565217385745 39.99999999995902 0
1372 176.9565217385745 44.99999999996926 0
1373 176.9565217385745 49.99999999997951 0
1374 176.9565217385744 54.99999999998973 0
1375 182.1739130428606 4.99999999999853 0
1376 182.1739130428605 9.99999999999768 0
1377 182.1739130428605 14.99999999999313 0
1378 182.1739130428604 19.99999999997724 0
1379 182.1739130428605 24.99999999995789 0
1380 182.1739130428604 29.99999999993923 0
1381 182.1739130428604 34.99999999994878 0
1382 182.1739130428605 39.99999999995902 0
1383 182.1739130428605 44.99999999996926 0
1384 182.1739130428605 49.99999999997951 0
1385 182.1739130428605 54.99999999998975 0
1386 187.3913043471466 4.999999999998532 0
1387 187.3913043471466 9.99999999999768 0
1388 187.3913043471466 14.99999999999312 0
1389 187.3913043471466 19.99999999997724 0
1390 187.3913043471466 24.99999999995789 0
1391 187.3913043471466 29.99999999993923 0
1392 187.3913043471465 34.99999999994878 0
1393 187.3913043471466 39.99999999995902 0
1394 187.3913043471466 44.99999999996926 0
1395 187.3913043471466 49.99999999997951 0
1396 187.3913043471466 54.99999999998975 0
1397 192.6086956514943 4.99999999999853 0
1398 192.6086956514944 9.999999999997684 0
1399 192.6086956514943 14.99999999999313 0
1400 192.6086956514944 19.99999999997724 0
1401 192.6086956514943 24.99999999995789 0
1402 192.6086956514944 29.99999999993923 0
1403 192.6086956514944 34.99999999994878 0
1404 192.6086956514943 39.99999999995902 0
1405 192.6086956514944 44.99999999996926 0
1406 192.6086956514944 49.99999999997951 0
1407 192.6086956514944 54.99999999998975 0
1408 197.826086955904 4.99999999999853 0
1409 197.826086955904 9.99999999999768 0
1410 197.8260869559039 14.99999999999313 0
1411 197.826086955904 19.99999999997724 0
1412 197.8260869559039 24.99999999995789 0
1413 197.826086955904 29.99999999993923 0
1414 197.826086955904 34.99999999994878 0
1415 197.826086955904 39.99999999995902 0
1416 197.826086955904 44.99999999996926 0
1417 197.826086955904 49.99999999997951 0
1418 197.826086955904 54.99999999998975 0
1419 203.0434782603136 4.99999999999853 0
1420 203.0434782603136 9.999999999997678 0
1421 203.0434782603136 14.99999999999313 0
1422 203.0434782603136 19.99999999997724 0
1423 203.0434782603136 24.99999999995789 0
1424 203.0434782603136 29.99999999993923 0
1425 203.0434782603136 34.99999999994878 0
1426 203.0434782603136 39.99999999995902 0
1427 203.0434782603136 44.99999999996926 0
1428 203.0434782603136 49.99999999997951 0
1429 203.0434782603136 54.99999999998973 0
1430 208.2608695647232 4.999999999998531 0
1431 208.2608695647232 9.999999999997684 0
1432 208.2608695647232 14.99999999999313 0
1433 208.2608695647231 19.99999999997724 0
1434 208.2608695647232 24.99999999995789 0
1435 208.2608695647232 29.99999999993923 0
1436 208.2608695647232 34.99999999994878 0
1437 208.2608695647232 39.99999999995902 0
1438 208.2608695647232 44.99999999996926 0
1439 208.2608695647232 49.99999999997952 0
1440 208.2608695647232 54.99999999998975 0
1441 213.4782608691328 4.99999999999853 0
1442 213.4782608691327 9.99999999999768 0
1443 213.4782608691328 14.99999999999313 0
1444 213.4782608691327 19.99999999997724 0
1445 213.4782608691328 24.99999999995789 0
1446 213.4782608691328 29.99999999993923 0
1447 213.4782608691328 34.99999999994878 0
1448 213.4782608691328 39.99999999995902 0
1449 213.4782608691328 44.99999999996925 0
1450 213.4782608691328 49.99999999997951 0
1451 213.4782608691328 54.99999999998977 0
1452 218.6956521735424 4.99999999999853 0
1453 218.6956521735424 9.999999999997678 0
1454 218.6956521735423 14.99999999999313 0
1455 218.6956521735423 19.99999999997724 0
1456 218.6956521735424 24.99999999995789 0
1457 218.6956521735424 29.99999999993923 0
1458 218.6956521735424 34.99999999994878 0
1459 218.6956521735424 39.99999999995902 0
1460 218.6956521735424 44.99999999996925 0
1461 218.6956521735423 49.99999999997951 0
1462 218.6956521735424 54.99999999998975 0
1463 223.913043477952 4.99999999999853 0
1464 223.913043477952 9.99999999999768 0
1465 223.913043477952 14.99999999999313 0
1466 223.913043477952 19.99999999997724 0
1467 223.913043477952 24.9999999999579 0
1468 223.913043477952 29.99999999993923 0
1469 223.913043477952 34.99999999994878 0
1470 223.913043477952 39.99999999995902 0
1471 223.913043477952 44.99999999996925 0
1472 223.913043477952 49.99999999997951 0
1473 223.913043477952 54.99999999998975 0
1474 229.1304347823616 4.99999999999853 0
1475 229.1304347823616 9.999999999997678 0
1476 229.1304347823616 14.99999999999313 0
1477 229.1304347823616 19.99999999997724 0
1478 229.1304347823616 24.99999999995789 0
1479 229.1304347823616 29.99999999993923 0
1480 229.1304347823616 34.99999999994878 0
1481 229.1304347823617 39.99999999995902 0
1482 229.1304347823617 44.99999999996926 0
1483 229.1304347823616 49.99999999997951 0
1484 229.1304347823616 54.99999999998975 0
1485 234.3478260867711 4.99999999999853 0
1486 234.3478260867712 9.999999999997678 0
1487 234.3478260867712 14.99999999999313 0
1488 234.3478260867712 19.99999999997724 0
1489 234.3478260867712 24.99999999995789 0
1490 234.3478260867712 29.99999999993923 0
1491 234.3478260867712 34.99999999994878 0
1492 234.3478260867712 39.99999999995902 0
1493 234.3478260867712 44.99999999996926 0
1494 234.3478260867712 49.99999999997951 0
1495 234.3478260867712 54.99999999998975 0
1496 239.5652173911808 4.99999999999853 0
1497 239.5652173911808 9.999999999997678 0
1498 239.5652173911808 14.99999999999313 0
1499 239.5652173911809 19.99999999997724 0
1500 239.5652173911807 24.99999999995789 0
1501 239.5652173911808 29.99999999993923 0
1502 239.5652173911808 34.99999999994878 0
1503 239.5652173911808 39.99999999995902 0
1504 239.5652173911807 44.99999999996926 0
1505 239.5652173911808 49.99999999997951 0
1506 239.5652173911808 54.99999999998975 0
1507 244.7826086955904 4.99999999999853 0
1508 244.7826086955904 9.99999999999768 0
1509 244.7826086955904 14.99999999999313 0
1510 244.7826086955904 19.99999999997725 0
1511 244.7826086955904 24.99999999995789 0
1512 244.7826086955903 29.99999999993923 0
1513 244.7826086955904 34.99999999994878 0
1514 244.7826086955904 39.99999999995902 0
1515 244.7826086955904 44.99999999996926 0
1516 244.7826086955903 49.99999999997951 0
1517 244.7826086955904 54.99999999998975 0
1518 254.9999999994282 4.99999999999853 0
1519 254.9999999994282 9.99999999999768 0
1520 254.9999999994282 14.99999999999313 0
1521 254.9999999994282 19.99999999997725 0
1522 254.9999999994283 24.99999999995789 0
1523 254.9999999994282 29.99999999993923 0
1524 254.9999999994282 34.99999999994878 0
1525 254.9999999994282 39.99999999995902 0
1526 254.9999999994282 44.99999999996926 0
1527 254.9999999994282 49.99999999997951 0
1528 254.9999999994282 54.99999999998975 0
1529 4.999999999992399 4.99999999999853 13.33333333333333
1530 4.999999999992401 9.99999999999768 13.33333333333334
1531 4.9999999999924 14.99999999999313 13.33333333333333
1532 4.999999999992399 19.99999999997724 13.33333333333334
1533 4.999999999992399 24.99999999995789 13.33333333333333
1534 4.999999999992401 29.99999999993923 13.33333333333333
1535 4.999999999992401 34.99999999994878 13.33333333333333
1536 4.999999999992398 39.99999999995902 13.33333333333333
1537 4.999999999992401 44.99999999996926 13.33333333333333
1538 4.999999999992398 49.99999999997951 13.33333333333334
1539 4.999999999992397 54.99999999998976 13.33333333333334
1540 14.98374130149955 4.99999999999849 13.33333333333333
1541 15.0304713020671 9.999999999997582 13.33333333333333
1542 15.07720130263461 14.99999999999299 13.33333333333333
1543 15.12393130320201 19.99999999997708 13.33333333333334
1544 15.17066130376937 24.9999999999577 13.33333333333333
1545 15.21739130433674 29.99999999993906 13.33333333333333
1546 15.26412130490438 34.99999999994853 13.33333333333333
1547 15.31085130547201 39.99999999995875 13.33333333333334
1548 15.35758130603964 44.99999999996908 13.33333333333333
1549 15.40431130660727 49.99999999997941 13.33333333333333
1550 15.4510413071749 54.99999999998967 13.33333333333333
1551 19.96748260299853 4.99999999999845 13.33333333333333
1552 20.06094260413369 9.999999999997476 13.33333333333333
1553 20.15440260526876 14.99999999999285 13.33333333333333
1554 20.24786260640362 19.99999999997695 13.33333333333333
1555 20.34132260753842 24.99999999995752 13.33333333333333
1556 20.43478260867322 29.99999999993887 13.33333333333333
1557 20.52824260980853 34.99999999994832 13.33333333333333
1558 20.62170261094386 39.99999999995848 13.33333333333333
1559 20.71516261207919 44.99999999996889 13.33333333333333
1560 20.80862261321451 49.99999999997929 13.33333333333334
1561 20.90208261434984 54.99999999998958 13.33333333333333
1562 24.95122390449754 4.999999999998416 13.33333333333333
1563 25.09141390620028 9.999999999997364 13.33333333333334
1564 25.23160390790291 14.99999999999272 13.33333333333333
1565 25.37179390960521 19.9999999999768 13.33333333333334
1566 25.5119839113074 24.99999999995735 13.33333333333334
1567 25.65217391300961 29.99999999993869 13.33333333333334
1568 25.79236391471261 34.99999999994808 13.33333333333333
1569 25.9325539164156 39.99999999995822 13.33333333333334
1570 26.07274391811861 44.99999999996871 13.33333333333333
1571 26.21293391982159 49.99999999997918 13.33333333333334
1572 26.35312392152459 54.99999999998951 13.33333333333334
1573 29.93496520599405 4.999999999998377 13.33333333333334
1574 30.1218852082643 9.999999999997264 13.33333333333333
1575 30.30880521053439 14.99999999999259 13.33333333333333
1576 30.49572521280406 19.99999999997666 13.33333333333334
1577 30.68264521507359 24.99999999995716 13.33333333333334
1578 30.86956521734312 29.99999999993852 13.33333333333333
1579 31.05648521961369 34.99999999994786 13.33333333333333
1580 31.2434052218843 39.99999999995795 13.33333333333333
1581 31.43032522415489 44.99999999996851 13.33333333333333
1582 31.61724522642547 49.99999999997907 13.33333333333333
1583 31.80416522869606 54.99999999998943 13.33333333333333
1584 34.91870650749187 4.999999999998337 13.33333333333333
1585 35.15235651032946 9.999999999997167 13.33333333333333
1586 35.38600651316686 14.99999999999245 13.33333333333333
1587 35.61965651600372 19.99999999997651 13.33333333333334
1588 35.85330651884038 24.99999999995697 13.33333333333334
1589 36.08695652167708 29.99999999993834 13.33333333333334
1590 36.32060652451506 34.99999999994763 13.33333333333333
1591 36.55425652735305 39.99999999995769 13.33333333333334
1592 36.78790653019107 44.99999999996832 13.33333333333334
1593 37.02155653302905 49.99999999997895 13.33333333333333
1594 37.255206535867 54.99999999998937 13.33333333333334
1595 39.9024478089881 4.999999999998298 13.33333333333333
1596 40.182827812393 9.999999999997058 13.33333333333333
1597 40.46320781579767 14.99999999999231 13.33333333333333
1598 40.74358781920167 19.99999999997636 13.33333333333333
1599 41.02396782260549 24.99999999995679 13.33333333333333
1600 41.30434782600929 29.99999999993815 13.33333333333334
1601 41.58472782941465 34.99999999994739 13.33333333333334
1602 41.86510783282002 39.99999999995742 13.33333333333333
1603 42.14548783622541 44.99999999996814 13.33333333333333
1604 42.4258678396308 49.99999999997887 13.33333333333333
1605 42.7062478430361 54.99999999998926 13.33333333333334
1606 44.88618911048828 4.999999999998262 13.33333333333333
1607 45.21329911446026 9.999999999996962 13.33333333333333
1608 45.54040911843197 14.99999999999218 13.33333333333334
1609 45.8675191224029 19.99999999997622 13.33333333333334
1610 46.19462912637357 24.99999999995661 13.33333333333334
1611 46.52173913034427 29.99999999993799 13.33333333333333
1612 46.84884913431674 34.99999999994717 13.33333333333334
1613 47.17595913828922 39.99999999995715 13.33333333333334
1614 47.50306914226171 44.99999999996794 13.33333333333333
1615 47.8301791462342 49.99999999997875 13.33333333333334
1616 48.15728915020658 54.99999999998921 13.33333333333334
1617 49.86993041198409 4.999999999998224 13.33333333333334
1618 50.24377041652369 9.999999999996863 13.33333333333334
1619 50.61761042106295 14.99999999999204 13.33333333333333
1620 50.99145042560137 19.99999999997607 13.33333333333334
1621 51.36529043013948 24.99999999995643 13.33333333333334
1622 51.73913043467763 29.9999999999378 13.33333333333333
1623 52.1129704392178 34.99999999994694 13.33333333333334
1624 52.48681044375798 39.99999999995688 13.33333333333334
1625 52.86065044829823 44.99999999996776 13.33333333333333
1626 53.23449045283844 49.99999999997863 13.33333333333334
1627 53.60833045737854 54.99999999998913 13.33333333333334
1628 54.85367171348111 4.999999999998182 13.33333333333334
1629 55.27424171858808 9.999999999996751 13.33333333333334
1630 55.69481172369474 14.99999999999191 13.33333333333333
1631 56.1153817288004 19.99999999997593 13.33333333333333
1632 56.5359517339057 24.99999999995624 13.33333333333333
1633 56.95652173901104 29.99999999993762 13.33333333333333
1634 57.3770917441187 34.99999999994669 13.33333333333334
1635 57.79766174922636 39.99999999995662 13.33333333333334
1636 58.21823175433406 44.99999999996757 13.33333333333334
1637 58.63880175944174 49.99999999997853 13.33333333333333
1638 59.05937176454933 54.99999999998903 13.33333333333333
1639 59.83741301497825 4.999999999998145 13.33333333333333
1640 60.30471302065296 9.999999999996648 13.33333333333334
1641 60.77201302632731 14.99999999999177 13.33333333333333
1642 61.23931303200058 19.99999999997578 13.33333333333334
1643 61.70661303767349 24.99999999995606 13.33333333333333
1644 62.17391304334643 29.99999999993743 13.33333333333333
1645 62.64121304902191 34.99999999994648 13.33333333333334
1646 63.10851305469744 39.99999999995634 13.33333333333333
1647 63.57581306037299 44.99999999996737 13.33333333333334
1648 64.04311306604858 49.99999999997843 13.33333333333334
1649 64.510413071724 54.99999999998894 13.33333333333333
1650 64.8211543164727 4.999999999998106 13.33333333333333
1651 65.33518432271539 9.999999999996547 13.33333333333333
1652 65.8492143289577 14.99999999999163 13.33333333333333
1653 66.36324433519887 19.99999999997563 13.33333333333333
1654 66.87727434143962 24.99999999995587 13.33333333333333
1655 67.39130434768038 29.99999999993725 13.33333333333333
1656 67.90533435392402 34.99999999994625 13.33333333333334
1657 68.41936436016768 39.99999999995609 13.33333333333333
1658 68.93339436641143 44.9999999999672 13.33333333333333
1659 69.44742437265511 49.9999999999783 13.33333333333333
1660 69.96145437889875 54.99999999998887 13.33333333333333
1661 69.8048956179796 4.999999999998069 13.33333333333333
1662 70.36565562479002 9.999999999996444 13.33333333333333
1663 70.92641563159999 14.9999999999915 13.33333333333334
1664 71.48717563840877 19.99999999997549 13.33333333333333
1665 72.04793564521701 24.99999999995569 13.33333333333333
1666 72.60869565202532 29.99999999993707 13.33333333333333
1667 73.16945565883672 34.99999999994601 13.33333333333333
1668 73.7302156656482 39.99999999995582 13.33333333333334
1669 74.29097567245974 44.999999999967 13.33333333333333
1670 74.8517356792713 49.99999999997821 13.33333333333333
1671 75.41249568608272 54.9999999999888 13.33333333333333
1672 74.78863691950014 4.99999999999803 13.33333333333333
1673 75.39612692687854 9.999999999996341 13.33333333333333
1674 76.00361693425654 14.99999999999137 13.33333333333334
1675 76.61110694163312 19.99999999997534 13.33333333333334
1676 77.21859694900925 24.99999999995551 13.33333333333333
1677 77.82608695638545 29.9999999999369 13.33333333333333
1678 78.43357696376502 34.99999999994578 13.33333333333334
1679 79.04106697114452 39.99999999995556 13.33333333333334
1680 79.64855697852435 44.99999999996681 13.33333333333334
1681 80.25604698590404 49.9999999999781 13.33333333333333
1682 80.86353699328362 54.99999999998872 13.33333333333334
1683 79.77237822101539 4.999999999997991 13.33333333333334
1684 80.42659822896245 9.999999999996238 13.33333333333333
1685 81.08081823690901 14.99999999999122 13.33333333333334
1686 81.73503824485411 19.99999999997518 13.33333333333333
1687 82.3892582527987 24.99999999995533 13.33333333333333
1688 83.04347826074346 29.99999999993671 13.33333333333333
1689 83.69769826869172 34.99999999994555 13.33333333333333
1690 84.35191827664013 39.99999999995528 13.33333333333333
1691 85.00613828458873 44.99999999996662 13.33333333333333
1692 85.66035829253727 49.999999999978 13.33333333333333
1693 86.31457830048573 54.99999999998862 13.33333333333333
1694 84.75611952253732 4.999999999997952 13.33333333333334
1695 85.45706953105227 9.999999999996135 13.33333333333334
1696 86.15801953956662 14.99999999999109 13.33333333333333
1697 86.85896954807951 19.99999999997505 13.33333333333334
1698 87.55991955659178 24.99999999995515 13.33333333333334
1699 88.26086956510422 29.99999999993653 13.33333333333333
1700 88.96181957362049 34.9999999999453 13.33333333333333
1701 89.66276958213683 39.99999999995502 13.33333333333334
1702 90.36371959065343 44.99999999996644 13.33333333333333
1703 91.06466959917002 49.99999999997789 13.33333333333333
1704 91.76561960768643 54.99999999998856 13.33333333333333
1705 89.73986082405926 4.999999999997915 13.33333333333333
1706 90.48754083314198 9.999999999996032 13.33333333333334
1707 91.23522084222424 14.99999999999095 13.33333333333334
1708 91.98290085130479 19.99999999997492 13.33333333333334
1709 92.73058086038479 24.99999999995496 13.33333333333334
1710 93.4782608694649 29.99999999993635 13.33333333333334
1711 94.2259408785491 34.99999999994509 13.33333333333334
1712 94.9736208876334 39.99999999995474 13.33333333333333
1713 95.72130089671798 44.99999999996626 13.33333333333334
1714 96.46898090580248 49.99999999997776 13.33333333333333
1715 97.21666091488689 54.9999999999885 13.33333333333333
1716 94.72360212557621 4.999999999997875 13.33333333333333
1717 95.51801213522747 9.999999999995929 13.33333333333334
1718 96.31242214487814 14.99999999999082 13.33333333333333
1719 97.1068321545271 19.99999999997475 13.33333333333333
1720 97.9012421641754 24.99999999995478 13.33333333333333
1721 98.6956521738239 29.99999999993618 13.33333333333333
1722 99.49006218347675 34.99999999994486 13.33333333333334
1723 100.2844721931297 39.99999999995448 13.33333333333334
1724 101.078882202783 44.99999999996606 13.33333333333333
1725 101.8732922124363 49.99999999997766 13.33333333333333
1726 102.6677022220893 54.9999999999884 13.33333333333334
1727 99.70734342709812 4.999999999997837 13.33333333333334
1728 100.5484834373172 9.999999999995827 13.33333333333333
1729 101.3896234475357 14.99999999999069 13.33333333333333
1730 102.2307634577524 19.99999999997461 13.33333333333333
1731 103.0719034679684 24.9999999999546 13.33333333333333
1732 103.9130434781846 29.99999999993599 13.33333333333333
1733 104.7541834884053 34.99999999994462 13.33333333333334
1734 105.5953234986263 39.99999999995419 13.33333333333334
1735 106.4364635088475 44.99999999996588 13.33333333333333
1736 107.2776035190688 49.99999999997753 13.33333333333333
1737 108.1187435292898 54.99999999998832 13.33333333333333
1738 104.6910847286201 4.999999999997799 13.33333333333333
1739 105.578954739407 9.999999999995721 13.33333333333333
1740 106.4668247501933 14.99999999999055 13.33333333333333
1741 107.3546947609776 19.99999999997447 13.33333333333334
1742 108.2425647717613 24.99999999995442 13.33333333333333
1743 109.1304347825452 29.99999999993581 13.33333333333333
1744 110.018304793334 34.99999999994439 13.33333333333333
1745 110.9061748041228 39.99999999995392 13.33333333333333
1746 111.794044814912 44.99999999996569 13.33333333333333
1747 112.6819148257013 49.99999999997743 13.33333333333333
1748 113.5697848364903 54.99999999998824 13.33333333333334
1749 109.6748260301378 4.999999999997759 13.33333333333333
1750 110.6094260414931 9.99999999999562 13.33333333333333
1751 111.5440260528478 14.99999999999041 13.33333333333333
1752 112.4786260642005 19.99999999997432 13.33333333333333
1753 113.4132260755525 24.99999999995423 13.33333333333333
1754 114.3478260869047 29.99999999993563 13.33333333333333
1755 115.282426098262 34.99999999994417 13.33333333333334
1756 116.2170261096195 39.99999999995366 13.33333333333333
1757 117.1516261209773 44.99999999996551 13.33333333333333
1758 118.0862261323352 49.99999999997732 13.33333333333333
1759 119.0208261436929 54.99999999998817 13.33333333333334
1760 114.6585673316589 4.999999999997724 13.33333333333333
1761 115.6398973435821 9.999999999995515 13.33333333333333
1762 116.6212273555048 14.99999999999028 13.33333333333333
1763 117.6025573674252 19.99999999997418 13.33333333333334
1764 118.5838873793449 24.99999999995405 13.33333333333333
1765 119.5652173912649 29.99999999993546 13.33333333333333
1766 120.5465474031902 34.99999999994392 13.33333333333333
1767 121.5278774151157 39.9999999999534 13.33333333333333
1768 122.5092074270416 44.99999999996532 13.33333333333333
1769 123.4905374389676 49.99999999997722 13.33333333333333
1770 124.4718674508932 54.99999999998808 13.33333333333333
1771 119.6423086331809 4.999999999997684 13.33333333333333
1772 120.6703686456721 9.999999999995415 13.33333333333334
1773 121.6984286581626 14.99999999999015 13.33333333333334
1774 122.7264886706509 19.99999999997403 13.33333333333333
1775 123.7545486831383 24.99999999995387 13.33333333333333
1776 124.7826086956261 29.99999999993527 13.33333333333333
1777 125.8106687081195 34.99999999994371 13.33333333333333
1778 126.838728720613 39.99999999995312 13.33333333333333
1779 127.866788733107 44.99999999996512 13.33333333333333
1780 128.894848745601 49.99999999997711 13.33333333333333
1781 129.9229087580949 54.999999999988 13.33333333333334
1782 130.0770912418747 4.999999999997685 13.33333333333333
1783 131.1051512543666 9.999999999995422 13.33333333333334
1784 132.1332112668578 14.99999999999014 13.33333333333333
1785 133.1612712793469 19.99999999997403 13.33333333333333
1786 134.1893312918351 24.99999999995387 13.33333333333333
1787 135.2173913043236 29.99999999993527 13.33333333333334
1788 136.2454513168177 34.99999999994371 13.33333333333333
1789 137.2735113293119 39.99999999995312 13.33333333333334
1790 138.3015713418067 44.99999999996511 13.33333333333333
1791 139.3296313543015 49.99999999997711 13.33333333333333
1792 140.3576913667961 54.99999999998798 13.33333333333333
1793 135.5281325490494 4.999999999997718 13.33333333333333
1794 136.5094625609744 9.99999999999552 13.33333333333333
1795 137.4907925728988 14.99999999999028 13.33333333333334
1796 138.472122584821 19.99999999997418 13.33333333333334
1797 139.4534525967424 24.99999999995405 13.33333333333333
1798 140.4347826086641 29.99999999993545 13.33333333333333
1799 141.4161126205911 34.99999999994393 13.33333333333334
1800 142.3974426325182 39.9999999999534 13.33333333333333
1801 143.3787726444459 44.99999999996531 13.33333333333333
1802 144.3601026563735 49.99999999997723 13.33333333333333
1803 145.3414326683008 54.99999999998808 13.33333333333333
1804 140.9791738562238 4.999999999997757 13.33333333333333
1805 141.9137738675813 9.999999999995621 13.33333333333333
1806 142.8483738789383 14.99999999999042 13.33333333333333
1807 143.7829738902931 19.99999999997432 13.33333333333333
1808 144.7175739016473 24.99999999995422 13.33333333333333
1809 145.6521739130016 29.99999999993563 13.33333333333334
1810 146.5867739243611 34.99999999994417 13.33333333333334
1811 147.5213739357207 39.99999999995367 13.33333333333334
1812 148.4559739470807 44.9999999999655 13.33333333333334
1813 149.3905739584408 49.99999999997732 13.33333333333333
1814 150.3251739698005 54.99999999998817 13.33333333333333
1815 146.4302151633874 4.999999999997798 13.33333333333333
1816 147.318085174178 9.999999999995728 13.33333333333334
1817 148.205955184968 14.99999999999055 13.33333333333334
1818 149.0938251957562 19.99999999997448 13.33333333333334
1819 149.9816952065435 24.99999999995442 13.33333333333333
1820 150.8695652173311 29.99999999993581 13.33333333333333
1821 151.7574352281234 34.99999999994439 13.33333333333334
1822 152.6453052389159 39.99999999995393 13.33333333333334
1823 153.5331752497087 44.99999999996569 13.33333333333334
1824 154.4210452605016 49.99999999997743 13.33333333333333
1825 155.3089152712942 54.99999999998824 13.33333333333334
1826 151.8812564705617 4.999999999997838 13.33333333333333
1827 152.7223964807849 9.999999999995827 13.33333333333333
1828 153.5635364910075 14.99999999999069 13.33333333333333
1829 154.4046765012283 19.99999999997462 13.33333333333334
1830 155.2458165114483 24.9999999999546 13.33333333333333
1831 156.0869565216686 29.999999999936 13.33333333333334
1832 156.9280965318933 34.99999999994463 13.33333333333334
1833 157.7692365421183 39.99999999995421 13.33333333333334
1834 158.6103765523435 44.99999999996587 13.33333333333334
1835 159.4515165625688 49.99999999997756 13.33333333333333
1836 160.2926565727938 54.9999999999883 13.33333333333333
1837 157.3322977777378 4.999999999997877 13.33333333333333
1838 158.1267077873931 9.999999999995925 13.33333333333334
1839 158.9211177970479 14.99999999999082 13.33333333333333
1840 159.715527806701 19.99999999997477 13.33333333333333
1841 160.5099378163534 24.99999999995477 13.33333333333334
1842 161.3043478260061 29.99999999993617 13.33333333333333
1843 162.0987578356629 34.99999999994486 13.33333333333334
1844 162.8931678453199 39.99999999995448 13.33333333333334
1845 163.6875778549771 44.99999999996606 13.33333333333333
1846 164.4819878646344 49.99999999997767 13.33333333333334
1847 165.2763978742915 54.9999999999884 13.33333333333333
1848 162.7833390849146 4.999999999997915 13.33333333333333
1849 163.531019094002 9.999999999996035 13.33333333333334
1850 164.2786991030889 14.99999999999095 13.33333333333334
1851 165.0263791121741 19.99999999997492 13.33333333333334
1852 165.7740591212587 24.99999999995496 13.33333333333334
1853 166.5217391303434 29.99999999993635 13.33333333333334
1854 167.2694191394322 34.99999999994509 13.33333333333333
1855 168.0170991485211 39.99999999995474 13.33333333333334
1856 168.7647791576103 44.99999999996626 13.33333333333334
1857 169.5124591666995 49.99999999997778 13.33333333333333
1858 170.2601391757885 54.99999999998847 13.33333333333334
1859 168.2343803920915 4.999999999997949 13.33333333333333
1860 168.9353304006108 9.999999999996138 13.33333333333334
1861 169.6362804091298 14.99999999999109 13.33333333333333
1862 170.337230417647 19.99999999997505 13.33333333333333
1863 171.0381804261639 24.99999999995514 13.33333333333333
1864 171.7391304346808 29.99999999993653 13.33333333333333
1865 172.4400804432015 34.9999999999453 13.33333333333333
1866 173.1410304517224 39.99999999995503 13.33333333333334
1867 173.8419804602435 44.99999999996644 13.33333333333333
1868 174.5429304687645 49.9999999999779 13.33333333333333
1869 175.2438804772854 54.99999999998856 13.33333333333334
1870 173.6854216992476 4.999999999997991 13.33333333333333
1871 174.339641707201 9.999999999996241 13.33333333333334
1872 174.993861715154 14.99999999999123 13.33333333333333
1873 175.6480817231054 19.99999999997519 13.33333333333333
1874 176.3023017310564 24.99999999995533 13.33333333333333
1875 176.9565217390073 29.99999999993672 13.33333333333334
1876 177.6107417469619 34.99999999994555 13.33333333333333
1877 178.2649617549166 39.99999999995528 13.33333333333334
1878 178.9191817628713 44.99999999996663 13.33333333333333
1879 179.5734017708261 49.999999999978 13.33333333333333
1880 180.2276217787806 54.99999999998865 13.33333333333333
1881 179.1364630064149 4.999999999998032 13.33333333333334
1882 179.7439530138012 9.999999999996341 13.33333333333334
1883 180.3514430211872 14.99999999999137 13.33333333333334
1884 180.9589330285717 19.99999999997534 13.33333333333334
1885 181.5664230359557 24.99999999995551 13.33333333333333
1886 182.1739130433398 29.9999999999369 13.33333333333333
1887 182.7814030507271 34.99999999994578 13.33333333333333
1888 183.3888930581145 39.99999999995556 13.33333333333334
1889 183.996383065502 44.9999999999668 13.33333333333334
1890 184.6038730728895 49.9999999999781 13.33333333333333
1891 185.2113630802768 54.99999999998871 13.33333333333333
1892 184.5875043135928 4.999999999998066 13.33333333333333
1893 185.148264320411 9.999999999996444 13.33333333333333
1894 185.709024327229 14.9999999999915 13.33333333333334
1895 186.2697843340455 19.99999999997549 13.33333333333334
1896 186.8305443408615 24.99999999995569 13.33333333333333
1897 187.3913043476777 29.99999999993707 13.33333333333333
1898 187.9520643544969 34.99999999994601 13.33333333333333
1899 188.5128243613161 39.99999999995582 13.33333333333334
1900 189.0735843681354 44.999999999967 13.33333333333334
1901 189.6343443749547 49.99999999997821 13.33333333333333
1902 190.1951043817738 54.9999999999888 13.33333333333334
1903 190.0385456207835 4.999999999998104 13.33333333333333
1904 190.5525756270334 9.999999999996547 13.33333333333333
1905 191.0666056332829 14.99999999999164 13.33333333333333
1906 191.5806356395312 19.99999999997562 13.33333333333333
1907 192.094665645779 24.99999999995588 13.33333333333334
1908 192.608695652027 29.99999999993726 13.33333333333333
1909 193.1227256582777 34.99999999994625 13.33333333333334
1910 193.6367556645286 39.99999999995609 13.33333333333333
1911 194.1507856707795 44.99999999996719 13.33333333333333
1912 194.6648156770303 49.99999999997831 13.33333333333333
1913 195.178845683281 54.99999999998888 13.33333333333333
1914 195.4895869279838 4.999999999998145 13.33333333333333
1915 195.9568869336656 9.99999999999665 13.33333333333333
1916 196.4241869393473 14.99999999999177 13.33333333333333
1917 196.8914869450276 19.99999999997578 13.33333333333334
1918 197.3587869507078 24.99999999995606 13.33333333333333
1919 197.8260869563879 29.99999999993743 13.33333333333333
1920 198.2933869620705 34.99999999994647 13.33333333333333
1921 198.7606869677533 39.99999999995635 13.33333333333334
1922 199.227986973436 44.99999999996739 13.33333333333333
1923 199.6952869791187 49.99999999997842 13.33333333333333
1924 200.1625869848013 54.99999999998896 13.33333333333333
1925 200.9406282351864 4.999999999998184 13.33333333333333
1926 201.3611982402988 9.999999999996753 13.33333333333334
1927 201.781768245411 14.99999999999191 13.33333333333334
1928 202.2023382505223 19.99999999997592 13.33333333333334
1929 202.6229082556331 24.99999999995623 13.33333333333333
1930 203.043478260744 29.99999999993763 13.33333333333333
1931 203.4640482658573 34.9999999999467 13.33333333333334
1932 203.8846182709706 39.99999999995662 13.33333333333334
1933 204.305188276084 44.99999999996757 13.33333333333333
1934 204.7257582811973 49.99999999997854 13.33333333333333
1935 205.1463282863106 54.99999999998904 13.33333333333334
1936 206.3916695423886 4.999999999998222 13.33333333333333
1937 206.7655095469329 9.999999999996863 13.33333333333333
1938 207.1393495514772 14.99999999999204 13.33333333333334
1939 207.5131895560204 19.99999999997608 13.33333333333334
1940 207.8870295605635 24.99999999995643 13.33333333333333
1941 208.2608695651066 29.99999999993778 13.33333333333333
1942 208.6347095696517 34.99999999994694 13.33333333333334
1943 209.0085495741969 39.99999999995688 13.33333333333333
1944 209.3823895787421 44.99999999996776 13.33333333333334
1945 209.7562295832873 49.99999999997863 13.33333333333334
1946 210.1300695878325 54.99999999998913 13.33333333333334
1947 211.8427108495904 4.999999999998262 13.33333333333333
1948 212.1698208535669 9.999999999996961 13.33333333333334
1949 212.4969308575432 14.99999999999218 13.33333333333334
1950 212.8240408615186 19.99999999997622 13.33333333333333
1951 213.1511508654938 24.99999999995661 13.33333333333334
1952 213.4782608694692 29.99999999993798 13.33333333333333
1953 213.8053708734462 34.99999999994716 13.33333333333333
1954 214.1324808774233 39.99999999995715 13.33333333333333
1955 214.4595908814005 44.99999999996795 13.33333333333333
1956 214.7867008853776 49.99999999997874 13.33333333333333
1957 215.1138108893547 54.9999999999892 13.33333333333334
1958 217.2937521567898 4.999999999998298 13.33333333333334
1959 217.5741321601986 9.99999999999706 13.33333333333333
1960 217.8545121636071 14.99999999999231 13.33333333333333
1961 218.1348921670151 19.99999999997636 13.33333333333333
1962 218.4152721704227 24.99999999995678 13.33333333333333
1963 218.6956521738304 29.99999999993815 13.33333333333333
1964 218.9760321772397 34.99999999994739 13.33333333333334
1965 219.256412180649 39.99999999995742 13.33333333333334
1966 219.5367921840582 44.99999999996813 13.33333333333333
1967 219.8171721874675 49.99999999997885 13.33333333333333
1968 220.0975521908768 54.99999999998927 13.33333333333333
1969 222.74479346399 4.999999999998336 13.33333333333333
1970 222.978443466831 9.999999999997161 13.33333333333333
1971 223.2120934696718 14.99999999999245 13.33333333333333
1972 223.4457434725121 19.99999999997651 13.33333333333333
1973 223.6793934753521 24.99999999995698 13.33333333333333
1974 223.9130434781922 29.99999999993834 13.33333333333333
1975 224.1466934810335 34.99999999994764 13.33333333333333
1976 224.3803434838749 39.99999999995769 13.33333333333333
1977 224.6139934867162 44.99999999996833 13.33333333333334
1978 224.8476434895576 49.99999999997897 13.33333333333333
1979 225.0812934923988 54.99999999998935 13.33333333333333
1980 228.1958347711923 4.999999999998376 13.33333333333333
1981 228.3827547734652 9.999999999997266 13.33333333333334
1982 228.569674775738 14.99999999999258 13.33333333333333
1983 228.7565947780104 19.99999999997666 13.33333333333334
1984 228.9435147802827 24.99999999995716 13.33333333333334
1985 229.1304347825549 29.99999999993852 13.33333333333334
1986 229.3173547848282 34.99999999994786 13.33333333333333
1987 229.5042747871014 39.99999999995795 13.33333333333334
1988 229.6911947893747 44.99999999996852 13.33333333333333
1989 229.8781147916479 49.99999999997907 13.33333333333333
1990 230.0650347939212 54.99999999998944 13.33333333333334
1991 233.646876078397 4.999999999998415 13.33333333333333
1992 233.7870660801008 9.999999999997369 13.33333333333334
1993 233.9272560818046 14.99999999999272 13.33333333333333
1994 234.067446083508 19.9999999999768 13.33333333333334
1995 234.2076360852112 24.99999999995734 13.33333333333333
1996 234.3478260869145 29.99999999993869 13.33333333333333
1997 234.4880160886186 34.99999999994808 13.33333333333333
1998 234.6282060903227 39.99999999995823 13.33333333333334
1999 234.7683960920268 44.99999999996871 13.33333333333333
2000 234.9085860937308 49.99999999997918 13.33333333333333
2001 235.048776095435 54.99999999998951 13.33333333333333
2002 239.0979173855963 4.999999999998452 13.33333333333333
2003 239.1913773867321 9.999999999997474 13.33333333333334
2004 239.2848373878681 14.99999999999285 13.33333333333333
2005 239.3782973890037 19.99999999997695 13.33333333333333
2006 239.4717573901393 24.99999999995752 13.33333333333333
2007 239.5652173912748 29.99999999993887 13.33333333333333
2008 239.6586773924109 34.99999999994832 13.33333333333334
2009 239.7521373935471 39.99999999995848 13.33333333333333
2010 239.8455973946832 44.99999999996889 13.33333333333334
2011 239.9390573958194 49.9999999999793 13.33333333333333
2012 240.0325173969555 54.99999999998958 13.33333333333334
2013 244.5489586927978 4.999999999998491 13.33333333333333
2014 244.5956886933658 9.999999999997575 13.33333333333333
2015 244.6424186939338 14.99999999999299 13.33333333333333
2016 244.6891486945016 19.99999999997709 13.33333333333334
2017 244.7358786950695 24.9999999999577 13.33333333333333
2018 244.7826086956373 29.99999999993906 13.33333333333334
2019 244.8293386962053 34.99999999994855 13.33333333333334
2020 244.8760686967734 39.99999999995876 13.33333333333334
2021 244.9227986973415 44.99999999996908 13.33333333333333
2022 244.9695286979097 49.99999999997941 13.33333333333333
2023 245.0162586984777 54.99999999998969 13.33333333333333
2024 254.9999999994282 4.99999999999853 13.33333333333334
2025 254.9999999994282 9.99999999999768 13.33333333333334
2026 254.9999999994282 14.99999999999313 13.33333333333333
2027 254.9999999994282 19.99999999997725 13.33333333333333
2028 254.9999999994283 24.99999999995789 13.33333333333333
2029 254.9999999994282 29.99999999993923 13.33333333333333
2030 254.9999999994282 34.99999999994878 13.33333333333333
2031 254.9999999994282 39.99999999995902 13.33333333333334
2032 254.9999999994282 44.99999999996926 13.33333333333333
2033 254.9999999994282 49.99999999997951 13.33333333333334
2034 254.9999999994282 54.99999999998975 13.33333333333333
2035 4.999999999992399 4.99999999999853 26.66666666666666
2036 4.999999999992401 9.99999999999768 26.66666666666667
2037 4.9999999999924 14.99999999999313 26.66666666666666
2038 4.999999999992399 19.99999999997724 26.66666666666667
2039 4.999999999992399 24.99999999995789 26.66666666666667
2040 4.999999999992401 29.99999999993923 26.66666666666667
2041 4.999999999992401 34.99999999994878 26.66666666666667
2042 4.999999999992398 39.99999999995902 26.66666666666666
2043 4.999999999992401 44.99999999996926 26.66666666666666
2044 4.999999999992398 49.99999999997951 26.66666666666667
2045 4.999999999992397 54.99999999998976 26.66666666666667
2046 14.75009129866109 4.999999999998363 26.66666666666666
2047 14.84355129979673 9.999999999997348 26.66666666666666
2048 14.93701130093231 14.99999999999287 26.66666666666666
2049 15.03047130206769 19.99999999997722 26.66666666666667
2050 15.123931303203 24.99999999995787 26.66666666666667
2051 15.21739130433835 29.99999999993929 26.66666666666667
2052 15.31085130547421 34.99999999994871 26.66666666666667
2053 15.4043113066101 39.99999999995888 26.66666666666667
2054 15.49777130774601 44.99999999996929 26.66666666666667
2055 15.59123130888191 49.99999999997954 26.66666666666667
2056 15.68469131001783 54.99999999998978 26.66666666666667
2057 19.50018259732291 4.999999999998197 26.66666666666667
2058 19.68710259959412 9.999999999997009 26.66666666666666
2059 19.87402260186522 14.99999999999261 26.66666666666666
2060 20.06094260413593 19.99999999997717 26.66666666666666
2061 20.24786260640651 24.99999999995785 26.66666666666667
2062 20.43478260867712 29.99999999993935 26.66666666666667
2063 20.62170261094879 34.99999999994861 26.66666666666667
2064 20.8086226132205 39.99999999995877 26.66666666666666
2065 20.99554261549223 44.99999999996933 26.66666666666666
2066 21.18246261776397 49.99999999997961 26.66666666666667
2067 21.36938262003572 54.99999999998983 26.66666666666667
2068 24.25027389598441 4.999999999998037 26.66666666666666
2069 24.53065389939104 9.999999999996675 26.66666666666667
2070 24.81103390279753 14.99999999999234 26.66666666666667
2071 25.09141390620343 19.99999999997714 26.66666666666667
2072 25.37179390960911 24.99999999995782 26.66666666666666
2073 25.65217391301484 29.99999999993943 26.66666666666667
2074 25.93255391642213 34.9999999999485 26.66666666666666
2075 26.21293391982949 39.99999999995863 26.66666666666667
2076 26.4933139232369 44.99999999996936 26.66666666666666
2077 26.77369392664428 49.99999999997966 26.66666666666667
2078 27.05407393005169 54.99999999998988 26.66666666666667
2079 29.00036519464173 4.999999999997872 26.66666666666667
2080 29.37420519918296 9.999999999996339 26.66666666666666
2081 29.74804520372398 14.99999999999209 26.66666666666667
2082 30.12188520826418 19.9999999999771 26.66666666666667
2083 30.49572521280404 24.99999999995782 26.66666666666666
2084 30.86956521734397 29.99999999993949 26.66666666666666
2085 31.24340522188591 34.99999999994841 26.66666666666667
2086 31.61724522642792 39.99999999995849 26.66666666666667
2087 31.99108523096995 44.99999999996941 26.66666666666667
2088 32.36492523551195 49.99999999997972 26.66666666666666
2089 32.73876524005392 54.9999999999899 26.66666666666667
2090 33.75045649329741 4.999999999997705 26.66666666666667
2091 34.21775649897349 9.999999999996005 26.66666666666667
2092 34.68505650464932 14.99999999999183 26.66666666666667
2093 35.15235651032408 19.99999999997706 26.66666666666667
2094 35.61965651599842 24.99999999995779 26.66666666666667
2095 36.08695652167282 29.99999999993954 26.66666666666667
2096 36.55425652734969 34.99999999994832 26.66666666666667
2097 37.02155653302666 39.99999999995836 26.66666666666666
2098 37.48885653870368 44.9999999999694 26.66666666666666
2099 37.95615654438057 49.99999999997976 26.66666666666666
2100 38.42345655005745 54.99999999998995 26.66666666666666
2101 38.50054779194904 4.999999999997538 26.66666666666667
2102 39.0613077987604 9.999999999995673 26.66666666666667
2103 39.62206780557148 14.99999999999157 26.66666666666666
2104 40.18282781238137 19.99999999997703 26.66666666666667
2105 40.74358781919067 24.99999999995777 26.66666666666667
2106 41.30434782600006 29.9999999999396 26.66666666666667
2107 41.86510783281243 34.99999999994824 26.66666666666666
2108 42.42586783962492 39.99999999995823 26.66666666666667
2109 42.98662784643751 44.99999999996946 26.66666666666666
2110 43.54738785324996 49.99999999997981 26.66666666666666
2111 44.10814786006236 54.99999999999001 26.66666666666666
2112 43.25063909060107 4.999999999997378 26.66666666666667
2113 43.90485909854807 9.999999999995337 26.66666666666666
2114 44.55907910649483 14.99999999999131 26.66666666666667
2115 45.21329911444024 19.999999999977 26.66666666666666
2116 45.86751912238496 24.99999999995775 26.66666666666667
2117 46.52173913032983 29.99999999993966 26.66666666666667
2118 47.17595913827816 34.99999999994814 26.66666666666667
2119 47.83017914622666 39.99999999995813 26.66666666666666
2120 48.48439915417529 44.9999999999695 26.66666666666666
2121 49.13861916212382 49.99999999997985 26.66666666666667
2122 49.7928391700723 54.99999999999002 26.66666666666667
2123 48.00073038925567 4.99999999999721 26.66666666666666
2124 48.74841039833817 9.999999999995 26.66666666666667
2125 49.4960904074204 14.99999999999104 26.66666666666667
2126 50.24377041650111 19.99999999997696 26.66666666666667
2127 50.99145042558104 24.99999999995772 26.66666666666667
2128 51.73913043466113 29.99999999993973 26.66666666666667
2129 52.48681044374518 34.99999999994806 26.66666666666667
2130 53.23449045282943 39.99999999995799 26.66666666666667
2131 53.98217046191392 44.99999999996953 26.66666666666667
2132 54.72985047099823 49.99999999997994 26.66666666666666
2133 55.47753048008251 54.99999999999008 26.66666666666666
2134 52.75082168790767 4.999999999997044 26.66666666666666
2135 53.59196169812584 9.999999999994671 26.66666666666667
2136 54.43310170834375 14.99999999999079 26.66666666666667
2137 55.27424171855998 19.99999999997693 26.66666666666667
2138 56.11538172877535 24.9999999999577 26.66666666666667
2139 56.95652173899092 29.99999999993978 26.66666666666667
2140 57.79766174921087 34.99999999994797 26.66666666666667
2141 58.63880175943116 39.99999999995785 26.66666666666666
2142 59.47994176965175 44.99999999996956 26.66666666666667
2143 60.32108177987212 49.99999999997998 26.66666666666666
2144 61.16222179009245 54.99999999999011 26.66666666666666
2145 57.50091298656184 4.999999999996879 26.66666666666666
2146 58.43551299791552 9.99999999999433 26.66666666666667
2147 59.37011300926901 14.99999999999053 26.66666666666667
2148 60.30471302062065 19.99999999997688 26.66666666666666
2149 61.23931303197129 24.99999999995768 26.66666666666666
2150 62.1739130433222 29.99999999993987 26.66666666666667
2151 63.10851305467791 34.99999999994787 26.66666666666667
2152 64.04311306603407 39.99999999995772 26.66666666666666
2153 64.97771307739056 44.9999999999696 26.66666666666667
2154 65.91231308874684 49.99999999998004 26.66666666666667
2155 66.84691310010302 54.99999999999014 26.66666666666667
2156 62.25100428522108 4.999999999996712 26.66666666666667
2157 63.27906429770992 9.999999999993994 26.66666666666667
2158 64.30712431019857 14.99999999999027 26.66666666666667
2159 65.33518432268525 19.99999999997685 26.66666666666666
2160 66.36324433517075 24.99999999995766 26.66666666666667
2161 67.39130434765656 29.99999999993992 26.66666666666666
2162 68.41936436014763 34.99999999994779 26.66666666666667
2163 69.44742437263912 39.99999999995759 26.66666666666667
2164 70.47548438513107 44.99999999996964 26.66666666666666
2165 71.5035443976227 49.99999999998008 26.66666666666667
2166 72.53160441011428 54.99999999999019 26.66666666666667
2167 67.00109558389215 4.999999999996552 26.66666666666667
2168 68.12261559751643 9.999999999993658 26.66666666666666
2169 69.24413561114056 14.99999999999001 26.66666666666666
2170 70.36565562476251 19.99999999997682 26.66666666666667
2171 71.48717563838314 24.99999999995764 26.66666666666667
2172 72.6086956520041 29.99999999993997 26.66666666666667
2173 73.73021566563079 34.99999999994768 26.66666666666668
2174 74.85173567925793 39.99999999995745 26.66666666666667
2175 75.97325569288562 44.99999999996967 26.66666666666666
2176 77.09477570651291 49.99999999998013 26.66666666666667
2177 78.21629572014012 54.99999999999023 26.66666666666666
2178 71.75118688257497 4.999999999996384 26.66666666666667
2179 72.96616689733494 9.999999999993332 26.66666666666667
2180 74.18114691209469 14.99999999998975 26.66666666666666
2181 75.39612692685213 19.99999999997679 26.66666666666666
2182 76.6111069416081 24.99999999995762 26.66666666666666
2183 77.82608695636443 29.99999999994004 26.66666666666667
2184 79.04106697112687 34.9999999999476 26.66666666666666
2185 80.25604698588988 39.99999999995731 26.66666666666667
2186 81.47102700065349 44.99999999996969 26.66666666666667
2187 82.68600701541664 49.99999999998016 26.66666666666666
2188 83.90098703017972 54.99999999999028 26.66666666666667
2189 76.50127818125797 4.999999999996218 26.66666666666667
2190 77.80971819715366 9.999999999992998 26.66666666666668
2191 79.1181582130492 14.99999999998949 26.66666666666667
2192 80.42659822894235 19.99999999997674 26.66666666666668
2193 81.73503824483377 24.9999999999576 26.66666666666667
2194 83.04347826072568 29.99999999994009 26.66666666666667
2195 84.35191827662402 34.99999999994753 26.66666666666667
2196 85.660358292523 39.99999999995718 26.66666666666666
2197 86.96879830842275 44.99999999996973 26.66666666666667
2198 88.27723832432191 49.99999999998021 26.66666666666668
2199 89.58567834022097 54.99999999999032 26.66666666666666
2200 81.251369479941 4.999999999996053 26.66666666666667
2201 82.65326949697241 9.999999999992655 26.66666666666667
2202 84.05516951400381 14.99999999998923 26.66666666666667
2203 85.45706953103266 19.99999999997672 26.66666666666667
2204 86.8589695480596 24.99999999995757 26.66666666666667
2205 88.26086956508706 29.99999999994016 26.66666666666667
2206 89.66276958212144 34.99999999994742 26.66666666666667
2207 91.06466959915645 39.99999999995705 26.66666666666666
2208 92.46656961619236 44.99999999996977 26.66666666666668
2209 93.86846963322758 49.99999999998028 26.66666666666668
2210 95.27036965026272 54.99999999999035 26.66666666666667
2211 86.00146077862379 4.999999999995886 26.66666666666666
2212 87.49682079679077 9.999999999992326 26.66666666666667
2213 88.99218081495779 14.99999999998897 26.66666666666667
2214 90.48754083312211 19.99999999997668 26.66666666666667
2215 91.98290085128438 24.99999999995755 26.66666666666667
2216 93.47826086944721 29.99999999994023 26.66666666666667
2217 94.97362088761723 34.99999999994733 26.66666666666667
2218 96.46898090578809 39.99999999995692 26.66666666666667
2219 97.96434092395982 44.99999999996979 26.66666666666667
2220 99.45970094213088 49.99999999998032 26.66666666666666
2221 100.9550609603018 54.9999999999904 26.66666666666667
2222 90.75155207730531 4.999999999995726 26.66666666666667
2223 92.34037209660822 9.999999999991992 26.66666666666666
2224 93.92919211591138 14.99999999998871 26.66666666666667
2225 95.51801213521159 19.99999999997664 26.66666666666667
2226 97.10683215450962 24.99999999995753 26.66666666666667
2227 98.69565217380824 29.99999999994028 26.66666666666667
2228 100.2844721931146 34.99999999994722 26.66666666666666
2229 101.8732922124217 39.9999999999568 26.66666666666666
2230 103.4621122317299 44.99999999996982 26.66666666666666
2231 105.0509322510373 49.99999999998037 26.66666666666667
2232 106.6397522703445 54.99999999999042 26.66666666666666
2233 95.50164337598457 4.999999999995558 26.66666666666667
2234 97.1839233964234 9.999999999991662 26.66666666666666
2235 98.86620341686245 14.99999999998845 26.66666666666666
2236 100.5484834372986 19.9999999999766 26.66666666666667
2237 102.2307634577323 24.99999999995751 26.66666666666667
2238 103.9130434781666 29.99999999994034 26.66666666666667
2239 105.595323498609 34.99999999994715 26.66666666666667
2240 107.2776035190524 39.99999999995666 26.66666666666666
2241 108.959883539497 44.99999999996989 26.66666666666667
2242 110.6421635599407 49.99999999998043 26.66666666666666
2243 112.3244435803842 54.99999999999047 26.66666666666667
2244 100.2517346746675 4.999999999995392 26.66666666666667
2245 102.0274746962419 9.999999999991322 26.66666666666668
2246 103.8032147178168 14.99999999998819 26.66666666666667
2247 105.5789547393886 19.99999999997657 26.66666666666667
2248 107.3546947609578 24.99999999995749 26.66666666666667
2249 109.1304347825276 29.99999999994041 26.66666666666667
2250 110.9061748041059 34.99999999994706 26.66666666666667
2251 112.6819148256852 39.99999999995652 26.66666666666666
2252 114.4576548472658 44.9999999999699 26.66666666666666
2253 116.2333948688455 49.99999999998047 26.66666666666666
2254 118.009134890425 54.99999999999051 26.66666666666667
2255 105.0018259733505 4.999999999995227 26.66666666666667
2256 106.8710259960608 9.999999999990987 26.66666666666666
2257 108.7402260187715 14.99999999998793 26.66666666666666
2258 110.6094260414791 19.99999999997653 26.66666666666666
2259 112.4786260641838 24.99999999995747 26.66666666666667
2260 114.3478260868893 29.99999999994046 26.66666666666666
2261 116.2170261096036 34.99999999994697 26.66666666666666
2262 118.0862261323189 39.99999999995642 26.66666666666666
2263 119.9554261550358 44.99999999996992 26.66666666666668
2264 121.8246261777516 49.99999999998054 26.66666666666667
2265 123.6938262004672 54.99999999999056 26.66666666666667
2266 109.7519172720327 4.999999999995061 26.66666666666666
2267 111.7145772958778 9.999999999990653 26.66666666666667
2268 113.6772373197235 14.99999999998767 26.66666666666666
2269 115.639897343566 19.9999999999765 26.66666666666667
2270 117.6025573674053 24.99999999995745 26.66666666666667
2271 119.5652173912454 29.99999999994053 26.66666666666667
2272 121.5278774150946 34.99999999994689 26.66666666666667
2273 123.490537438945 39.99999999995628 26.66666666666667
2274 125.453197462797 44.99999999996996 26.66666666666666
2275 127.4158574866478 49.99999999998059 26.66666666666667
2276 129.3785175104984 54.99999999999059 26.66666666666667
2277 114.5020085707159 4.999999999994897 26.66666666666667
2278 116.5581285956971 9.999999999990321 26.66666666666666
2279 118.6142486206789 14.99999999998741 26.66666666666666
2280 120.6703686456574 19.99999999997645 26.66666666666667
2281 122.7264886706325 24.99999999995742 26.66666666666666
2282 124.7826086956085 29.9999999999406 26.66666666666667
2283 126.838728720594 34.99999999994679 26.66666666666667
2284 128.8948487455808 39.99999999995615 26.66666666666666
2285 130.9509687705693 44.99999999997 26.66666666666666
2286 133.0070887955565 49.99999999998064 26.66666666666667
2287 135.0632088205435 54.99999999999065 26.66666666666666
2288 124.9367911794118 4.999999999994901 26.66666666666667
2289 126.9929112043949 9.999999999990317 26.66666666666667
2290 129.0490312293785 14.99999999998741 26.66666666666666
2291 131.1051512543589 19.99999999997646 26.66666666666666
2292 133.1612712793359 24.99999999995742 26.66666666666666
2293 135.2173913043138 29.9999999999406 26.66666666666667
2294 137.2735113293011 34.99999999994679 26.66666666666667
2295 139.3296313542897 39.99999999995614 26.66666666666666
2296 141.3857513792801 44.99999999997 26.66666666666667
2297 143.4418714042692 49.99999999998064 26.66666666666667
2298 145.497991429258 54.99999999999063 26.66666666666667
2299 130.6214824894268 4.999999999995067 26.66666666666666
2300 132.5841425132749 9.999999999990653 26.66666666666667
2301 134.5468025371234 14.99999999998768 26.66666666666666
2302 136.5094625609688 19.99999999997649 26.66666666666667
2303 138.472122584811 24.99999999995745 26.66666666666667
2304 140.434782608654 29.99999999994053 26.66666666666667
2305 142.3974426325062 34.99999999994689 26.66666666666667
2306 144.3601026563594 39.99999999995628 26.66666666666667
2307 146.3227626802143 44.99999999996996 26.66666666666666
2308 148.285422704068 49.9999999999806 26.66666666666667
2309 150.2480827279214 54.9999999999906 26.66666666666667
2310 136.3061737994452 4.999999999995227 26.66666666666667
2311 138.1753738221577 9.999999999990987 26.66666666666667
2312 140.0445738448705 14.99999999998793 26.66666666666666
2313 141.9137738675803 19.99999999997653 26.66666666666666
2314 143.7829738902871 24.99999999995747 26.66666666666667
2315 145.6521739129947 29.99999999994046 26.66666666666666
2316 147.521373935711 34.99999999994697 26.66666666666666
2317 149.3905739584285 39.99999999995642 26.66666666666666
2318 151.2597739811474 44.99999999996993 26.66666666666667
2319 153.1289740038652 49.99999999998054 26.66666666666667
2320 154.9981740265828 54.99999999999056 26.66666666666667
2321 141.990865109444 4.999999999995392 26.66666666666666
2322 143.7666051310236 9.999999999991324 26.66666666666667
2323 145.5423451526034 14.99999999998819 26.66666666666667
2324 147.31808517418 19.99999999997657 26.66666666666666
2325 149.0938251957539 24.9999999999575 26.66666666666667
2326 150.8695652173285 29.9999999999404 26.66666666666667
2327 152.6453052389114 34.99999999994705 26.66666666666667
2328 154.4210452604951 39.99999999995653 26.66666666666667
2329 156.1967852820802 44.99999999996988 26.66666666666667
2330 157.9725253036642 49.99999999998047 26.66666666666667
2331 159.7482653252478 54.99999999999051 26.66666666666667
2332 147.6755564194523 4.999999999995558 26.66666666666667
2333 149.3578364398974 9.999999999991658 26.66666666666668
2334 151.0401164603425 14.99999999998845 26.66666666666666
2335 152.7223964807846 19.99999999997662 26.66666666666666
2336 154.4046765012241 24.99999999995751 26.66666666666666
2337 156.0869565216642 29.99999999994034 26.66666666666667
2338 157.7692365421122 34.99999999994714 26.66666666666666
2339 159.451516562561 39.99999999995668 26.66666666666667
2340 161.1337965830109 44.99999999996987 26.66666666666666
2341 162.8160766034599 49.99999999998042 26.66666666666667
2342 164.4983566239085 54.99999999999049 26.66666666666667
2343 153.3602477294693 4.999999999995719 26.66666666666666
2344 154.9490677487774 9.999999999991992 26.66666666666667
2345 156.5378877680856 14.99999999998871 26.66666666666667
2346 158.1267077873909 19.99999999997664 26.66666666666666
2347 159.7155278066939 24.99999999995753 26.66666666666666
2348 161.3043478259975 29.99999999994028 26.66666666666667
2349 162.8931678453086 34.99999999994724 26.66666666666667
2350 164.4819878646205 39.9999999999568 26.66666666666667
2351 166.0708078839336 44.99999999996984 26.66666666666666
2352 167.6596279032456 49.99999999998038 26.66666666666667
2353 169.2484479225574 54.99999999999042 26.66666666666667
2354 159.0449390394673 4.999999999995891 26.66666666666666
2355 160.5402990576416 9.999999999992326 26.66666666666666
2356 162.0356590758158 14.99999999998897 26.66666666666667
2357 163.5310190939873 19.99999999997668 26.66666666666667
2358 165.0263791121565 24.99999999995755 26.66666666666667
2359 166.5217391303263 29.99999999994022 26.66666666666667
2360 168.0170991485032 34.99999999994733 26.66666666666667
2361 169.5124591666807 39.99999999995693 26.66666666666667
2362 171.0078191848592 44.99999999996979 26.66666666666667
2363 172.5031792030368 49.99999999998033 26.66666666666667
2364 173.9985392212142 54.99999999999041 26.66666666666667
2365 164.7296303494855 4.999999999996053 26.66666666666666
2366 166.1315303665243 9.99999999999266 26.66666666666666
2367 167.5334303835628 14.99999999998924 26.66666666666667
2368 168.9353304005988 19.99999999997672 26.66666666666667
2369 170.3372304176327 24.99999999995758 26.66666666666667
2370 171.7391304346669 29.99999999994016 26.66666666666667
2371 173.1410304517082 34.99999999994742 26.66666666666666
2372 174.5429304687499 39.99999999995706 26.66666666666666
2373 175.9448304857923 44.99999999996977 26.66666666666667
2374 177.346730502834 49.99999999998028 26.66666666666666
2375 178.7486305198756 54.99999999999035 26.66666666666666
2376 170.414321659504 4.999999999996216 26.66666666666667
2377 171.7227616754076 9.999999999992999 26.66666666666666
2378 173.0312016913111 14.99999999998949 26.66666666666666
2379 174.339641707212 19.99999999997674 26.66666666666666
2380 175.6480817231111 24.9999999999576 26.66666666666667
2381 176.9565217390105 29.99999999994009 26.66666666666667
2382 178.2649617549164 34.99999999994753 26.66666666666667
2383 179.5734017708228 39.99999999995718 26.66666666666667
2384 180.8818417867298 44.99999999996973 26.66666666666667
2385 182.190281802636 49.99999999998023 26.66666666666667
2386 183.4987218185421 54.99999999999032 26.66666666666667
2387 176.0990129695027 4.999999999996385 26.66666666666667
2388 177.3139929842729 9.99999999999333 26.66666666666667
2389 178.5289729990426 14.99999999998975 26.66666666666667
2390 179.74395301381 19.99999999997678 26.66666666666667
2391 180.9589330285757 24.99999999995762 26.66666666666667
2392 182.1739130433415 29.99999999994003 26.66666666666666
2393 183.3888930581134 34.9999999999476 26.66666666666666
2394 184.6038730728855 39.9999999999573 26.66666666666666
2395 185.8188530876582 44.9999999999697 26.66666666666666
2396 187.0338331024303 49.99999999998018 26.66666666666666
2397 188.248813117202 54.99999999999027 26.66666666666667
2398 181.7837042795199 4.99999999999655 26.66666666666667
2399 182.9052242931546 9.999999999993658 26.66666666666667
2400 184.0267443067888 14.99999999999001 26.66666666666667
2401 185.1482643204207 19.99999999997681 26.66666666666667
2402 186.2697843340511 24.99999999995763 26.66666666666667
2403 187.3913043476817 29.99999999993997 26.66666666666667
2404 188.5128243613178 34.99999999994769 26.66666666666667
2405 189.6343443749542 39.99999999995745 26.66666666666667
2406 190.7558643885911 44.99999999996968 26.66666666666666
2407 191.8773844022273 49.99999999998012 26.66666666666667
2408 192.9989044158634 54.99999999999022 26.66666666666667
2409 187.4683955895349 4.999999999996714 26.66666666666667
2410 188.4964556020358 9.999999999993994 26.66666666666667
2411 189.5245156145364 14.99999999999027 26.66666666666667
2412 190.5525756270346 19.99999999997685 26.66666666666666
2413 191.5806356395316 24.99999999995766 26.66666666666666
2414 192.6086956520285 29.99999999993992 26.66666666666666
2415 193.6367556645306 34.99999999994779 26.66666666666667
2416 194.6648156770328 39.99999999995759 26.66666666666667
2417 195.6928756895354 44.99999999996965 26.66666666666667
2418 196.7209357020372 49.99999999998006 26.66666666666666
2419 197.7489957145388 54.99999999999019 26.66666666666667
2420 193.1530868995721 4.999999999996879 26.66666666666667
2421 194.0876869109368 9.99999999999433 26.66666666666667
2422 195.022286922301 14.99999999999052 26.66666666666666
2423 195.9568869336632 19.99999999997689 26.66666666666667
2424 196.8914869450241 24.99999999995768 26.66666666666666
2425 197.8260869563851 29.99999999993985 26.66666666666667
2426 198.7606869677507 34.99999999994786 26.66666666666666
2427 199.6952869791165 39.99999999995771 26.66666666666667
2428 200.6298869904824 44.9999999999696 26.66666666666666
2429 201.5644870018478 49.99999999998003 26.66666666666667
2430 202.4990870132131 54.99999999999015 26.66666666666666
2431 198.8377782096145 4.999999999997042 26.66666666666666
2432 199.6789182198421 9.999999999994671 26.66666666666667
2433 200.5200582300693 14.99999999999079 26.66666666666667
2434 201.3611982402948 19.99999999997693 26.66666666666667
2435 202.2023382505191 24.99999999995769 26.66666666666668
2436 203.0434782607435 29.99999999993978 26.66666666666666
2437 203.8846182709721 34.99999999994797 26.66666666666667
2438 204.7257582812008 39.99999999995785 26.66666666666666
2439 205.5668982914298 44.99999999996956 26.66666666666666
2440 206.4080383016583 49.99999999997998 26.66666666666667
2441 207.2491783118865 54.9999999999901 26.66666666666666
2442 204.5224695196563 4.99999999999721 26.66666666666666
2443 205.2701495287467 9.999999999994998 26.66666666666667
2444 206.0178295378368 14.99999999999105 26.66666666666667
2445 206.7655095469252 19.99999999997696 26.66666666666667
2446 207.5131895560127 24.99999999995773 26.66666666666667
2447 208.2608695651002 29.99999999993973 26.66666666666667
2448 209.0085495741916 34.99999999994806 26.66666666666667
2449 209.7562295832831 39.99999999995799 26.66666666666667
2450 210.5039095923748 44.99999999996953 26.66666666666667
2451 211.2515896014661 49.99999999997992 26.66666666666667
2452 211.9992696105573 54.99999999999005 26.66666666666666
2453 210.2071608296953 4.999999999997377 26.66666666666667
2454 210.8613808376506 9.999999999995337 26.66666666666666
2455 211.5156008456054 14.99999999999131 26.66666666666667
2456 212.1698208535589 19.999999999977 26.66666666666667
2457 212.8240408615116 24.99999999995774 26.66666666666667
2458 213.4782608694642 29.99999999993966 26.66666666666666
2459 214.1324808774202 34.99999999994815 26.66666666666667
2460 214.7867008853762 39.99999999995811 26.66666666666668
2461 215.4409208933323 44.9999999999695 26.66666666666667
2462 216.0951409012882 49.99999999997986 26.66666666666667
2463 216.7493609092438 54.99999999999004 26.66666666666667
2464 215.8918521397408 4.999999999997538 26.66666666666666
2465 216.4526121465594 9.999999999995669 26.66666666666666
2466 217.0133721533776 14.99999999999157 26.66666666666666
2467 217.5741321601944 19.99999999997703 26.66666666666667
2468 218.1348921670107 24.99999999995776 26.66666666666667
2469 218.6956521738269 29.9999999999396 26.66666666666667
2470 219.2564121806462 34.99999999994824 26.66666666666666
2471 219.8171721874653 39.99999999995823 26.66666666666667
2472 220.3779321942845 44.99999999996946 26.66666666666667
2473 220.9386922011035 49.99999999997982 26.66666666666667
2474 221.4994522079224 54.99999999998999 26.66666666666666
2475 221.5765434497801 4.999999999997705 26.66666666666667
2476 222.043843455462 9.999999999996009 26.66666666666666
2477 222.5111434611436 14.99999999999183 26.66666666666667
2478 222.9784434668242 19.99999999997706 26.66666666666667
2479 223.4457434725042 24.99999999995779 26.66666666666666
2480 223.9130434781843 29.99999999993954 26.66666666666666
2481 224.3803434838668 34.99999999994832 26.66666666666667
2482 224.8476434895493 39.99999999995837 26.66666666666667
2483 225.3149434952319 44.99999999996943 26.66666666666666
2484 225.7822435009143 49.99999999997979 26.66666666666667
2485 226.2495435065966 54.99999999998995 26.66666666666666
2486 227.2612347598225 4.999999999997871 26.66666666666667
2487 227.6350747643691 9.999999999996339 26.66666666666668
2488 228.0089147689151 14.99999999999209 26.66666666666667
2489 228.3827547734604 19.9999999999771 26.66666666666666
2490 228.7565947780052 24.9999999999578 26.66666666666667
2491 229.13043478255 29.99999999993947 26.66666666666667
2492 229.5042747870968 34.99999999994843 26.66666666666667
2493 229.8781147916436 39.99999999995849 26.66666666666666
2494 230.2519547961903 44.9999999999694 26.66666666666667
2495 230.6257948007369 49.9999999999797 26.66666666666667
2496 230.9996348052833 54.9999999999899 26.66666666666667
2497 232.9459260698663 4.999999999998036 26.66666666666666
2498 233.226306073276 9.999999999996675 26.66666666666667
2499 233.5066860766854 14.99999999999235 26.66666666666666
2500 233.787066080094 19.99999999997713 26.66666666666666
2501 234.0674460835024 24.99999999995783 26.66666666666668
2502 234.3478260869108 29.99999999993943 26.66666666666668
2503 234.6282060903207 34.9999999999485 26.66666666666667
2504 234.9085860937306 39.99999999995863 26.66666666666666
2505 235.1889660971405 44.99999999996936 26.66666666666668
2506 235.4693461005503 49.99999999997965 26.66666666666667
2507 235.7497261039599 54.99999999998987 26.66666666666667
2508 238.6306173799039 4.999999999998202 26.66666666666667
2509 238.8175373821772 9.999999999997009 26.66666666666667
2510 239.0044573844505 14.99999999999261 26.66666666666667
2511 239.1913773867232 19.99999999997717 26.66666666666666
2512 239.3782973889959 24.99999999995785 26.66666666666667
2513 239.5652173912684 29.99999999993936 26.66666666666667
2514 239.752137393542 34.99999999994859 26.66666666666666
2515 239.9390573958156 39.99999999995877 26.66666666666666
2516 240.1259773980891 44.99999999996933 26.66666666666667
2517 240.3128974003625 49.99999999997961 26.66666666666667
2518 240.499817402636 54.99999999998981 26.66666666666667
2519 244.3153086899475 4.999999999998364 26.66666666666667
2520 244.4087686910852 9.999999999997341 26.66666666666667
2521 244.502228692223 14.99999999999287 26.66666666666667
2522 244.5956886933604 19.99999999997721 26.66666666666667
2523 244.6891486944976 24.99999999995786 26.66666666666666
2524 244.7826086956348 29.99999999993928 26.66666666666667
2525 244.8760686967726 34.99999999994871 26.66666666666667
2526 244.9695286979102 39.99999999995889 26.66666666666668
2527 245.0629886990479 44.9999999999693 26.66666666666668
2528 245.1564487001853 49.99999999997955 26.66666666666667
2529 245.2499087013229 54.99999999998979 26.66666666666667
2530 254.9999999994282 4.99999999999853 26.66666666666667
2531 254.9999999994282 9.99999999999768 26.66666666666667
2532 254.9999999994282 14.99999999999313 26.66666666666667
2533 254.9999999994282 19.99999999997725 26.66666666666667
2534 254.9999999994283 24.99999999995789 26.66666666666667
2535 254.9999999994282 29.99999999993923 26.66666666666667
2536 254.9999999994282 34.99999999994878 26.66666666666667
2537 254.9999999994282 39.99999999995902 26.66666666666667
2538 254.9999999994282 44.99999999996926 26.66666666666666
2539 254.9999999994282 49.99999999997951 26.66666666666667
2540 254.9999999994282 54.99999999998975 26.66666666666667
2541 4.999999999992399 4.99999999999853 39.99999999999999
2542 4.999999999992401 9.99999999999768 40
2543 4.9999999999924 14.99999999999313 40
2544 4.999999999992399 19.99999999997724 40
2545 4.999999999992399 24.99999999995789 40
2546 4.999999999992401 29.99999999993923 40
2547 4.999999999992401 34.99999999994878 40
2548 4.999999999992398 39.99999999995902 40
2549 4.999999999992401 44.99999999996926 40
2550 4.999999999992398 49.99999999997951 40
2551 4.999999999992397 54.99999999998976 39.99999999999999
2552 14.50936099270434 4.999999999998517 39.99999999999999
2553 14.65096705503079 9.999999999997527 40.00000000000001
2554 14.79257311735714 14.99999999999288 40
2555 14.93417917968318 19.99999999997694 39.99999999999999
2556 15.07578524200911 24.99999999995767 40
2557 15.21739130433509 29.99999999993913 40
2558 15.35899736666186 34.99999999994885 40
2559 15.50060342898865 39.99999999995919 40
2560 15.64220949131545 44.99999999996945 39.99999999999999
2561 15.78381555364224 49.99999999997948 40
2562 15.92542161596903 54.99999999998958 40
2563 19.01872198541159 4.999999999998497 40
2564 19.30193411006452 9.999999999997375 40
2565 19.58514623471725 14.99999999999265 40
2566 19.86835835936935 19.99999999997662 40
2567 20.15157048402127 24.99999999995745 40
2568 20.43478260867323 29.99999999993903 40
2569 20.7179947333268 34.99999999994892 40
2570 21.00120685798043 39.99999999995935 40
2571 21.28441898263403 44.99999999996962 40
2572 21.56763110728761 49.99999999997944 40
2573 21.85084323194122 54.99999999998943 40
2574 23.52808297812001 4.999999999998478 40
2575 23.95290116509938 9.999999999997222 40
2576 24.37771935207843 14.9999999999924 40
2577 24.80253753905653 19.99999999997631 40
2578 25.22735572603438 24.99999999995721 40
2579 25.65217391301228 29.99999999993895 40
2580 26.07699209999262 34.99999999994902 40
2581 26.50181028697298 39.99999999995951 40
2582 26.92662847395331 44.99999999996977 40
2583 27.35144666093361 49.99999999997942 40
2584 27.77626484791391 54.99999999998927 40
2585 28.03744397082227 4.999999999998463 39.99999999999999
2586 28.60386822012773 9.999999999997071 39.99999999999999
2587 29.17029246943276 14.99999999999216 40
2588 29.73671671873651 19.999999999976 40
2589 30.30314096803992 24.99999999995698 40
2590 30.86956521734342 29.99999999993886 40
2591 31.43598946665011 34.99999999994909 40
2592 32.00241371595685 39.99999999995967 40
2593 32.56883796526353 44.99999999996997 40
2594 33.13526221457012 49.9999999999794 40
2595 33.70168646387671 54.99999999998911 40
2596 32.54680496352351 4.999999999998444 39.99999999999999
2597 33.25483527515529 9.999999999996913 40
2598 33.96286558678656 14.99999999999191 40
2599 34.67089589841624 19.99999999997569 40.00000000000001
2600 35.37892621004552 24.99999999995676 40
2601 36.08695652167491 29.99999999993877 40
2602 36.79498683330834 34.99999999994915 40
2603 37.50301714494177 39.99999999995984 40
2604 38.21104745657516 44.99999999997016 40
2605 38.9190777682084 49.99999999997937 40
2606 39.62710807984163 54.99999999998894 40
2607 37.05616595622443 4.999999999998423 39.99999999999999
2608 37.90580233018264 9.999999999996762 40.00000000000002
2609 38.75543870414025 14.99999999999168 40
2610 39.60507507809598 19.99999999997538 40
2611 40.45471145205126 24.99999999995653 40
2612 41.30434782600672 29.99999999993866 40
2613 42.15398419996703 34.99999999994924 40
2614 43.00362057392734 39.99999999996002 40
2615 43.85325694788763 44.99999999997033 40
2616 44.70289332184767 49.99999999997932 40
2617 45.55252969580776 54.99999999998878 40
2618 41.56552694892566 4.99999999999841 40.00000000000001
2619 42.55676938521006 9.999999999996605 40
2620 43.5480118214938 14.99999999999143 40
2621 44.53925425777533 19.99999999997506 40
2622 45.5304966940564 24.9999999999563 40
2623 46.52173913033766 29.99999999993858 40
2624 47.51298156662456 34.9999999999493 40
2625 48.50422400291149 39.99999999996017 40
2626 49.49546643919832 44.99999999997052 40
2627 50.48670887548487 49.99999999997932 40
2628 51.47795131177147 54.99999999998862 40
2629 46.07488794162899 4.999999999998392 40
2630 47.20773644023947 9.999999999996454 40
2631 48.34058493884919 14.9999999999912 40
2632 49.47343343745636 19.99999999997475 40
2633 50.60628193606304 24.99999999995609 40
2634 51.73913043466992 29.99999999993847 40
2635 52.87197893328325 34.99999999994938 40
2636 54.00482743189659 39.99999999996034 40
2637 55.13767593050981 44.9999999999707 40
2638 56.27052442912253 49.99999999997927 40.00000000000001
2639 57.40337292773541 54.99999999998847 40
2640 50.58424893433219 4.999999999998372 40
2641 51.85870349526886 9.999999999996305 40
2642 53.1331580562047 14.99999999999096 40
2643 54.40761261713763 19.99999999997444 40
2644 55.68206717807004 24.99999999995585 40
2645 56.95652173900273 29.99999999993838 40
2646 58.23097629994265 34.99999999994947 40
2647 59.50543086088254 39.99999999996049 40
2648 60.77988542182225 44.99999999997085 40
2649 62.05433998276146 49.99999999997925 40
2650 63.32879454370077 54.9999999999883 40
2651 55.09360992703041 4.999999999998357 40
2652 56.50967055029338 9.999999999996145 40
2653 57.92573117355543 14.99999999999072 40
2654 59.3417917968143 19.99999999997413 39.99999999999999
2655 60.75785242007257 24.99999999995563 40
2656 62.17391304333125 29.99999999993828 40
2657 63.58997366659798 34.99999999994956 40
2658 65.00603428986469 39.99999999996066 40
2659 66.42209491313112 44.99999999997104 40
2660 67.83815553639697 49.99999999997921 40
2661 69.254216159663 54.99999999998814 40
2662 59.60297091973478 4.999999999998337 39.99999999999999
2663 61.16063760532342 9.999999999995994 40
2664 62.71830429091099 14.99999999999048 40
2665 64.27597097649505 19.99999999997382 40
2666 65.83363766207853 24.9999999999554 40
2667 67.39130434766236 29.99999999993819 40
2668 68.94897103325502 34.99999999994961 40
2669 70.5066377188476 39.99999999996082 40
2670 72.06430440443984 44.99999999997122 39.99999999999999
2671 73.62197109003132 49.99999999997921 40
2672 75.17963777562295 54.99999999998798 40
2673 64.11233191244374 4.99999999999832 40
2674 65.81160466035914 9.99999999999584 40
2675 67.51087740827344 14.99999999999023 40
2676 69.21015015618397 19.99999999997351 40.00000000000001
2677 70.90942290409384 24.99999999995518 40
2678 72.60869565200416 29.9999999999381 40
2679 74.30796839992421 34.99999999994968 40
2680 76.00724114784408 39.99999999996098 40
2681 77.70651389576369 44.99999999997141 40
2682 79.40578664368232 49.99999999997918 40
2683 81.10505939160123 54.99999999998781 40
2684 68.62169290517558 4.999999999998304 39.99999999999999
2685 70.4625717154176 9.999999999995683 40
2686 72.30345052565838 14.99999999999 40
2687 74.14432933589502 19.9999999999732 40.00000000000001
2688 75.98520814613109 24.99999999995496 40
2689 77.82608695636752 29.99999999993801 40
2690 79.66696576661451 34.99999999994977 40
2691 81.50784457686129 39.99999999996116 40
2692 83.34872338710763 44.99999999997159 40
2693 85.18960219735291 49.99999999997915 40
2694 87.03048100759841 54.99999999998765 40
2695 73.13105389789673 4.999999999998283 40
2696 75.11353877046585 9.999999999995531 40.00000000000001
2697 77.09602364303359 14.99999999998975 39.99999999999999
2698 79.07850851559697 19.99999999997289 40
2699 81.06099338815977 24.99999999995473 40.00000000000001
2700 83.04347826072308 29.99999999993791 40
2701 85.02596313329771 34.99999999994984 40
2702 87.00844800587214 39.99999999996133 40
2703 88.9909328784461 44.99999999997176 40
2704 90.97341775101879 49.9999999999791 40
2705 92.95590262359181 54.99999999998749 40
2706 77.6404148906184 4.999999999998272 40
2707 79.76450582551502 9.999999999995383 40
2708 81.88859676041045 14.99999999998951 40
2709 84.01268769530112 19.99999999997258 40
2710 86.13677863019134 24.99999999995449 39.99999999999999
2711 88.26086956508217 29.99999999993781 40
2712 90.3849604999852 34.99999999994991 40
2713 92.50905143488804 39.99999999996148 40
2714 94.63314236979038 44.99999999997194 40
2715 96.75723330469125 49.99999999997908 40
2716 98.88132423959269 54.99999999998734 40
2717 82.14977588334493 4.99999999999825 39.99999999999999
2718 84.41547288056832 9.999999999995223 40.00000000000001
2719 86.68116987779035 14.99999999998926 39.99999999999999
2720 88.94686687500742 19.99999999997226 40
2721 91.21256387222394 24.99999999995427 40
2722 93.4782608694411 29.99999999993772 39.99999999999999
2723 95.74395786667139 34.99999999994999 40
2724 98.00965486390133 39.99999999996164 40
2725 100.2753518611308 44.99999999997212 40
2726 102.5410488583585 49.99999999997905 40
2727 104.8067458555868 54.99999999998717 40
2728 86.65913687607171 4.999999999998235 40.00000000000001
2729 89.06643993562238 9.999999999995071 39.99999999999999
2730 91.47374299517163 14.99999999998903 40
2731 93.8810460547156 19.99999999997195 40
2732 96.28834911425918 24.99999999995405 40
2733 98.69565217380344 29.99999999993762 40.00000000000001
2734 101.1029552333616 34.99999999995008 40
2735 103.5102582929194 39.9999999999618 40
2736 105.9175613524767 44.99999999997229 40
2737 108.3248644120321 49.99999999997902 40.00000000000001
2738 110.7321674715882 54.999999999987 40
2739 91.16849786879337 4.999999999998217 40
2740 93.71740699067107 9.99999999999492 40
2741 96.26631611254736 14.99999999998879 40.00000000000001
2742 98.81522523441801 19.99999999997165 40
2743 101.3641343562883 24.99999999995382 40.00000000000001
2744 103.9130434781595 29.99999999993752 40
2745 106.4619526000453 34.99999999995014 40
2746 109.0108617219308 39.99999999996197 40
2747 111.5597708438157 44.99999999997247 40
2748 114.1086799656985 49.999999999979 40
2749 116.6575890875821 54.99999999998685 40
2750 95.67785886152508 4.999999999998198 40
2751 98.36837404572961 9.999999999994762 40
2752 101.0588892299327 14.99999999998855 40
2753 103.74940441413 19.99999999997133 40
2754 106.4399195983269 24.99999999995359 40
2755 109.1304347825246 29.99999999993743 40
2756 111.820949966738 34.9999999999502 40
2757 114.5114651509509 39.99999999996214 40
2758 117.2019803351631 44.99999999997267 40.00000000000001
2759 119.892495519373 49.99999999997898 40
2760 122.5830107035837 54.99999999998669 39.99999999999999
2761 100.1872198542461 4.999999999998182 40
2762 103.0193411007776 9.999999999994614 40
2763 105.8514623473075 14.99999999998831 40
2764 108.6835835938313 19.99999999997102 40
2765 111.5157048403548 24.99999999995336 40
2766 114.3478260868793 29.99999999993734 40
2767 117.1799473334202 34.99999999995029 40
2768 120.0120685799607 39.99999999996229 40
2769 122.8441898265003 44.99999999997281 40
2770 125.6763110730373 49.99999999997895 40
2771 128.5084323195753 54.99999999998652 39.99999999999999
2772 104.6965808469773 4.999999999998163 40
2773 107.6703081558351 9.99999999999446 40.00000000000001
2774 110.6440354646913 14.99999999998806 39.99999999999999
2775 113.6177627735409 19.9999999999707 40
2776 116.5914900823903 24.99999999995315 40
2777 119.5652173912408 29.99999999993725 40
2778 122.5389447001084 34.99999999995037 40
2779 125.5126720089754 39.99999999996247 40
2780 128.4863993178414 44.99999999997301 40.00000000000001
2781 131.4601266267046 49.99999999997892 40
2782 134.4338539355688 54.99999999998637 40
2783 109.2059418396987 4.999999999998148 40
2784 112.3212752108835 9.999999999994303 39.99999999999999
2785 115.4366085820664 14.99999999998782 40
2786 118.5519419532426 19.99999999997039 39.99999999999999
2787 121.6672753244188 24.99999999995292 40
2788 124.7826086955959 29.99999999993715 40.00000000000001
2789 127.8979420667912 34.99999999995045 40
2790 131.0132754379857 39.99999999996263 40
2791 134.1286088091792 44.99999999997319 40
2792 137.2439421803696 49.9999999999789 40
2793 140.3592755515611 54.9999999999862 40
2794 119.6407244483932 4.999999999998144 39.99999999999999
2795 122.7560578195781 9.999999999994305 39.99999999999999
2796 125.8713911907615 14.99999999998782 40
2797 128.986724561938 19.99999999997039 40
2798 132.1020579331146 24.99999999995292 40
2799 135.2173913042923 29.99999999993715 40
2800 138.3327246754882 34.99999999995045 40
2801 141.4480580466834 39.99999999996262 40
2802 144.5633914178776 44.99999999997318 40
2803 147.6787247890688 49.99999999997887 40
2804 150.7940581602612 54.99999999998621 40
2805 125.5661460643718 4.999999999998163 40
2806 128.5398733732299 9.99999999999446 40
2807 131.5136006820864 14.99999999998806 40
2808 134.4873279909365 19.99999999997071 40
2809 137.4610552997864 24.99999999995314 40
2810 140.4347826086375 29.99999999993725 40
2811 143.4085099175059 34.99999999995037 40
2812 146.3822372263737 39.99999999996247 40
2813 149.3559645352407 44.999999999973 40
2814 152.329691844105 49.99999999997893 40
2815 155.3034191529702 54.99999999998637 40
2816 131.4915676803458 4.999999999998184 40
2817 134.3236889268778 9.999999999994614 40
2818 137.1558101734082 14.99999999998831 40
2819 139.9879314199325 19.99999999997102 40
2820 142.8200526664566 24.99999999995336 40
2821 145.6521739129817 29.99999999993734 40
2822 148.4842951595233 34.99999999995029 40
2823 151.3164164060643 39.99999999996228 40
2824 154.1485376526047 44.99999999997283 40
2825 156.9806588991425 49.99999999997895 40
2826 159.8127801456812 54.99999999998654 40
2827 137.4169892963127 4.999999999998203 40
2828 140.1075044805182 9.99999999999477 40
2829 142.7980196647224 14.99999999998855 40
2830 145.4885348489208 19.99999999997133 40
2831 148.1790500331189 24.9999999999536 40
2832 150.8695652173179 29.99999999993744 40
2833 153.5600804015325 34.9999999999502 40
2834 156.2505955857468 39.99999999996212 40
2835 158.9411107699603 44.99999999997265 40
2836 161.6316259541716 49.99999999997898 40
2837 164.3221411383838 54.9999999999867 40
2838 143.3424109122773 4.999999999998216 39.99999999999999
2839 145.8913200341562 9.999999999994923 40
2840 148.4402291560338 14.99999999998879 40
2841 150.9891382779058 19.99999999997164 40
2842 153.5380473997775 24.99999999995382 40
2843 156.0869565216501 29.99999999993752 40
2844 158.6358656435376 34.99999999995014 40
2845 161.1847747654247 39.99999999996197 40
2846 163.7336838873113 44.99999999997247 40
2847 166.2825930091959 49.999999999979 40
2848 168.8315021310812 54.99999999998685 40
2849 149.2678325282435 4.999999999998235 40
2850 151.6751355877971 9.999999999995076 40.00000000000001
2851 154.0824386473495 14.99999999998903 40
2852 156.4897417068965 19.99999999997195 40
2853 158.8970447664432 24.99999999995405 40
2854 161.3043478259906 29.99999999993762 40
2855 163.711650885552 34.99999999995008 40
2856 166.118953945113 39.9999999999618 40
2857 168.5262570046736 44.99999999997229 40
2858 170.9335600642323 49.99999999997902 40
2859 173.3408631237917 54.99999999998701 40
2860 155.1932541442077 4.99999999999825 40
2861 157.4589511414343 9.99999999999523 40.00000000000001
2862 159.7246481386597 14.99999999998927 40.00000000000001
2863 161.9903451358802 19.99999999997226 40
2864 164.2560421331003 24.99999999995427 39.99999999999999
2865 166.5217391303211 29.99999999993772 40
2866 168.7874361275552 34.99999999994999 40
2867 171.0531331247889 39.99999999996164 40
2868 173.3188301220223 44.9999999999721 40
2869 175.5845271192541 49.99999999997905 40
2870 177.8502241164866 54.99999999998717 40
2871 161.1186757601676 4.99999999999827 40.00000000000001
2872 163.2427666950679 9.999999999995378 40
2873 165.3668576299671 14.99999999998951 40
2874 167.4909485648617 19.99999999997258 40
2875 169.6150394997559 24.9999999999545 40
2876 171.7391304346508 29.99999999993781 40
2877 173.8632213695581 34.99999999994991 40
2878 175.9873123044651 39.99999999996148 40
2879 178.1114032393718 44.99999999997194 40
2880 180.2354941742772 49.99999999997909 40
2881 182.3595851091832 54.99999999998733 40
2882 167.0440973761338 4.999999999998288 40
2883 169.0265822487086 9.999999999995534 40
2884 171.0090671212823 14.99999999998976 39.99999999999999
2885 172.9915519938516 19.99999999997289 40
2886 174.9740368664205 24.99999999995472 40
2887 176.9565217389899 29.99999999993791 40
2888 178.9390066115709 34.99999999994984 40
2889 180.9214914841516 39.99999999996133 40.00000000000001
2890 182.9039763567321 44.99999999997177 40
2891 184.8864612293114 49.99999999997912 40
2892 186.8689461018911 54.99999999998748 40
2893 172.9695189921003 4.999999999998304 40
2894 174.8103978023472 9.999999999995683 40
2895 176.651276612593 14.99999999999 40
2896 178.4921554228349 19.9999999999732 40
2897 180.3330342330764 24.99999999995495 40
2898 182.1739130433185 29.99999999993801 40
2899 184.0147918535713 34.99999999994978 40
2900 185.8556706638242 39.99999999996115 40
2901 187.6965494740768 44.99999999997159 40
2902 189.5374282843285 49.99999999997912 40
2903 191.3783070945807 54.99999999998766 40
2904 178.8949406080582 4.999999999998325 40.00000000000001
2905 180.5942133559805 9.999999999995843 40
2906 182.2934861039018 14.99999999999024 40.00000000000001
2907 183.9927588518195 19.99999999997351 40.00000000000001
2908 185.6920315997366 24.99999999995518 40
2909 187.3913043476543 29.99999999993809 40
2910 189.0905770955817 34.99999999994967 40.00000000000001
2911 190.7898498435091 39.99999999996099 40
2912 192.4891225914363 44.99999999997141 40
2913 194.1883953393627 49.99999999997918 40
2914 195.8876680872894 54.99999999998781 40
2915 184.8203622240384 4.999999999998336 39.99999999999998
2916 186.3780289096351 9.999999999995996 40
2917 187.9356955952309 14.99999999999048 40
2918 189.4933622808234 19.99999999997382 40
2919 191.0510289664152 24.9999999999554 40
2920 192.6086956520075 29.99999999993819 40
2921 194.1663623376086 34.99999999994962 40
2922 195.7240290232097 39.99999999996081 40
2923 197.2816957088106 44.99999999997122 40
2924 198.8393623944107 49.9999999999792 40
2925 200.3970290800111 54.99999999998798 40
2926 190.745783840031 4.999999999998357 40
2927 192.1618444633023 9.999999999996149 40
2928 193.5779050865727 14.99999999999072 40
2929 194.9939657098398 19.99999999997413 40.00000000000001
2930 196.4100263331064 24.99999999995563 40
2931 197.8260869563733 29.99999999993828 40
2932 199.2421475796481 34.99999999994954 40
2933 200.6582082029229 39.99999999996066 40
2934 202.0742688261975 44.99999999997105 40
2935 203.4903294494713 49.99999999997922 40
2936 204.9063900727453 54.99999999998812 40
2937 196.6712054560199 4.999999999998372 40
2938 197.9456600169633 9.9999999999963 39.99999999999999
2939 199.2201145779059 14.99999999999096 40
2940 200.4945691388458 19.99999999997444 40
2941 201.769023699785 24.99999999995585 40
2942 203.0434782607245 29.99999999993838 40
2943 204.3179328216714 34.99999999994947 40
2944 205.5923873826182 39.99999999996049 40
2945 206.8668419435648 44.99999999997085 40
2946 208.1412965045109 49.99999999997925 40
2947 209.4157510654572 54.99999999998829 40
2948 202.5966270720157 4.999999999998391 39.99999999999999
2949 203.7294755706324 9.999999999996456 39.99999999999999
2950 204.8623240692485 14.9999999999912 39.99999999999999
2951 205.995172567862 19.99999999997475 40
2952 207.128021066475 24.99999999995608 40
2953 208.2608695650883 29.99999999993847 40
2954 209.3937180637078 34.99999999994938 40
2955 210.5265665623274 39.99999999996034 40
2956 211.659415060947 44.99999999997069 40
2957 212.792263559566 49.99999999997928 40
2958 213.9251120581853 54.99999999998845 40
2959 208.5220486880159 4.999999999998408 40.00000000000001
2960 209.5132911243049 9.999999999996605 39.99999999999999
2961 210.5045335605933 14.99999999999143 40
2962 211.4957759968794 19.99999999997507 40
2963 212.4870184331652 24.99999999995631 40
2964 213.4782608694512 29.99999999993858 40
2965 214.4695033057428 34.9999999999493 40
2966 215.4607457420343 39.99999999996017 40
2967 216.451988178326 44.99999999997051 40
2968 217.4432306146172 49.99999999997932 40
2969 218.4344730509085 54.99999999998863 40
2970 214.4474703040144 4.999999999998423 39.99999999999998
2971 215.2971066779764 9.999999999996758 40.00000000000001
2972 216.1467430519379 14.99999999999168 40
2973 216.9963794258975 19.99999999997538 39.99999999999999
2974 217.8460157998566 24.99999999995653 40
2975 218.695652173816 29.99999999993866 40
2976 219.5452885477802 34.99999999994924 40
2977 220.3949249217444 39.99999999996002 40
2978 221.2445612957085 44.99999999997033 40
2979 222.0941976696725 49.99999999997933 40
2980 222.9438340436366 54.99999999998877 40
2981 220.3728919200072 4.999999999998445 40
2982 221.0809222316421 9.999999999996916 40.00000000000001
2983 221.7889525432766 14.99999999999192 40.00000000000001
2984 222.4969828549093 19.99999999997569 40
2985 223.2050131665419 24.99999999995676 40
2986 223.9130434781746 29.99999999993876 40
2987 224.6210737898114 34.99999999994917 40
2988 225.3291041014482 39.99999999995983 40.00000000000001
2989 226.0371344130849 44.99999999997016 40
2990 226.7451647247216 49.99999999997937 39.99999999999999
2991 227.4531950363582 54.99999999998893 40
2992 226.2983135360108 4.99999999999846 40.00000000000001
2993 226.8647377853183 9.999999999997065 40
2994 227.4311620346254 14.99999999999216 39.99999999999999
2995 227.9975862839313 19.99999999997601 40
2996 228.5640105332368 24.99999999995698 40
2997 229.1304347825426 29.99999999993884 40
2998 229.6968590318516 34.99999999994909 40
2999 230.2632832811605 39.99999999995966 40
3000 230.8297075304696 44.99999999996997 40
3001 231.3961317797786 49.9999999999794 39.99999999999999
3002 231.9625560290877 54.99999999998912 40
3003 232.2237351520033 4.999999999998479 40
3004 232.648553338985 9.999999999997222 40.00000000000001
3005 233.0733715259663 14.9999999999924 40
3006 233.4981897129467 19.9999999999763 40
3007 233.9230078999265 24.9999999999572 40
3008 234.3478260869067 29.99999999993895 40
3009 234.7726442738892 34.99999999994901 40
3010 235.1974624608717 39.99999999995951 39.99999999999999
3011 235.6222806478542 44.99999999996979 39.99999999999999
3012 236.0470988348366 49.99999999997942 40
3013 236.4719170218191 54.99999999998927 40
3014 238.149156767998 4.999999999998496 40.00000000000001
3015 238.4323688926519 9.999999999997371 39.99999999999999
3016 238.7155810173056 14.99999999999265 40
3017 238.9987931419587 19.99999999997662 40.00000000000001
3018 239.2820052666116 24.99999999995743 40
3019 239.5652173912648 29.99999999993905 40.00000000000001
3020 239.8484295159194 34.99999999994892 40.00000000000001
3021 240.131641640574 39.99999999995935 40
3022 240.4148537652287 44.99999999996962 40
3023 240.6980658898835 49.99999999997945 40
3024 240.9812780145381 54.99999999998944 40.00000000000001
3025 244.0745783840095 4.999999999998513 40
3026 244.2161844463359 9.999999999997526 40.00000000000001
3027 244.3577905086623 14.99999999999288 40.00000000000001
3028 244.4993965709883 19.99999999997694 40
3029 244.6410026333142 24.99999999995766 40
3030 244.7826086956402 29.99999999993913 40
3031 244.9242147579671 34.99999999994885 40
3032 245.0658208202939 39.99999999995919 40
3033 245.2074268826208 44.99999999996944 40
3034 245.3490329449477 49.99999999997948 40
3035 245.4906390072747 54.99999999998959 40
3036 254.9999999994282 4.99999999999853 40
3037 254.9999999994282 9.99999999999768 40
3038 254.9999999994282 14.99999999999313 40
3039 254.9999999994282 19.99999999997725 40
3040 254.9999999994283 24.99999999995789 40
3041 254.9999999994282 29.99999999993923 40
3042 254.9999999994282 34.99999999994878 40
3043 254.9999999994282 39.99999999995902 40
3044 254.9999999994282 44.99999999996926 40
3045 254.9999999994282 49.99999999997951 40
3046 254.9999999994282 54.99999999998975 40
3047 4.999999999992399 4.99999999999853 44.99999999999999
3048 4.999999999992401 9.99999999999768 45
3049 4.9999999999924 14.99999999999313 44.99999999999999
3050 4.999999999992399 19.99999999997724 45.00000000000001
3051 4.999999999992399 24.99999999995789 45
3052 4.999999999992401 29.99999999993923 45
3053 4.999999999992401 34.99999999994878 45
3054 4.999999999992398 39.99999999995902 45
3055 4.999999999992401 44.99999999996926 45
3056 4.999999999992398 49.99999999997951 45
3057 4.999999999992397 54.99999999998976 45
3058 14.45747216689703 4.999999999998517 45
3059 14.59907822922341 9.999999999997527 45
3060 14.7406842915497 14.99999999999288 45
3061 14.88229035387566 19.99999999997693 45
3062 15.02389641620154 24.99999999995767 45
3063 15.16550247852742 29.99999999993891 45
3064 15.3071085408541 34.99999999994841 45
3065 15.44871460318079 39.99999999995858 45
3066 15.59032066550751 44.9999999999691 45
3067 15.7319267278342 49.99999999997939 45
3068 15.87353279016092 54.99999999998984 45
3069 18.9149443337946 4.999999999998499 45.00000000000002
3070 19.19815645844746 9.999999999997373 44.99999999999999
3071 19.4813685831001 14.99999999999265 44.99999999999999
3072 19.7645807077521 19.99999999997662 45
3073 20.04779283240393 24.99999999995744 45
3074 20.33100495705578 29.99999999993859 45
3075 20.61421708170923 34.99999999994806 45
3076 20.89742920636273 39.99999999995815 45
3077 21.18064133101627 44.99999999996896 45.00000000000001
3078 21.46385345566977 49.99999999997932 45
3079 21.74706558032328 54.99999999998994 45
3080 23.37241650069481 4.999999999998477 45
3081 23.79723468767398 9.99999999999722 44.99999999999998
3082 24.22205287465285 14.9999999999924 45
3083 24.64687106163074 19.99999999997631 45
3084 25.07168924860837 24.99999999995721 45.00000000000001
3085 25.49650743558601 29.99999999993829 45
3086 25.92132562256603 34.99999999994768 45
3087 26.3461438095461 39.99999999995775 45
3088 26.77096199652627 44.99999999996881 45
3089 27.19578018350636 49.9999999999792 45
3090 27.62059837048648 54.99999999999002 45
3091 27.82988866758803 4.999999999998463 45
3092 28.39631291689356 9.999999999997071 45
3093 28.96273716619871 14.99999999999216 44.99999999999999
3094 29.52916141550259 19.999999999976 45
3095 30.09558566480612 24.99999999995698 45
3096 30.66200991410966 29.99999999993797 45
3097 31.22843416341641 34.99999999994733 45
3098 31.79485841272322 39.99999999995732 45
3099 32.36128266203021 44.99999999996866 45
3100 32.92770691133707 49.9999999999791 45
3101 33.49413116064399 54.99999999999014 45
3102 32.2873608344809 4.999999999998444 45
3103 32.99539114611269 9.999999999996914 45
3104 33.70342145774397 14.99999999999192 45
3105 34.41145176937366 19.99999999997568 45
3106 35.11948208100297 24.99999999995676 45
3107 35.82751239263226 29.99999999993766 45.00000000000001
3108 36.53554270426554 34.99999999994693 45
3109 37.24357301589895 39.99999999995689 45
3110 37.95160332753255 44.99999999996851 45
3111 38.65963363916602 49.999999999979 45
3112 39.36766395079957 54.99999999999022 45
3113 36.74483300137693 4.999999999998423 45
3114 37.59446937533502 9.999999999996758 45
3115 38.44410574929248 14.99999999999168 45
3116 39.29374212324804 19.99999999997538 45
3117 40.14337849720317 24.99999999995653 45
3118 40.99301487115824 29.99999999993734 45
3119 41.84265124511812 34.99999999994658 45
3120 42.69228761907812 39.99999999995647 45
3121 43.54192399303843 44.99999999996834 45
3122 44.39156036699854 49.99999999997888 45
3123 45.24119674095877 54.99999999999032 45
3124 41.20230516827204 4.99999999999841 45.00000000000001
3125 42.19354760455612 9.999999999996609 44.99999999999999
3126 43.18479004083954 14.99999999999143 45
3127 44.1760324771207 19.99999999997506 45
3128 45.16727491340135 24.99999999995631 45
3129 46.1585173496819 29.99999999993703 45.00000000000001
3130 47.14975978596806 34.99999999994623 45
3131 48.14100222225431 39.99999999995605 45
3132 49.13224465854101 44.99999999996819 45
3133 50.12348709482738 49.99999999997877 45
3134 51.11472953111394 54.99999999999042 45
3135 45.65977733516235 4.999999999998392 45
3136 46.79262583377281 9.999999999996456 45
3137 47.92547433238251 14.99999999999119 44.99999999999999
3138 49.05832283098965 19.99999999997475 45.00000000000001
3139 50.19117132959628 24.99999999995608 45
3140 51.32401982820275 29.99999999993671 45
3141 52.45686832681568 34.99999999994585 45
3142 53.58971682542874 39.99999999995563 45
3143 54.72256532404237 44.99999999996805 45
3144 55.85541382265561 49.9999999999787 45
3145 56.98826232126911 54.99999999999052 45
3146 50.11724950205542 4.999999999998372 45
3147 51.39170406299225 9.999999999996302 45
3148 52.66615862392824 14.99999999999095 45.00000000000001
3149 53.9406131848614 19.99999999997444 45
3150 55.21506774579401 24.99999999995586 45
3151 56.4895223067264 29.9999999999364 45
3152 57.76397686766607 34.99999999994549 45
3153 59.03843142860593 39.9999999999552 45
3154 60.3128859895465 44.99999999996788 45
3155 61.58734055048658 49.9999999999786 45
3156 62.86179511142703 54.99999999999061 45
3157 54.57472166894833 4.999999999998357 44.99999999999999
3158 55.99078229221136 9.999999999996145 45.00000000000002
3159 57.40684291547349 14.99999999999072 45
3160 58.82290353873248 19.99999999997413 45
3161 60.23896416199091 24.99999999995563 45
3162 61.65502478524905 29.99999999993608 45
3163 63.07108540851527 34.99999999994512 45
3164 64.48714603178169 39.99999999995478 45
3165 65.90320665504902 44.99999999996773 45
3166 67.31926727831575 49.99999999997848 45
3167 68.73532790158288 54.99999999999071 45
3168 59.03219383584096 4.999999999998336 44.99999999999999
3169 60.58986052142992 9.999999999995993 45.00000000000001
3170 62.14752720701789 14.99999999999048 44.99999999999998
3171 63.70519389260239 19.99999999997382 45
3172 65.26286057818631 24.99999999995541 44.99999999999999
3173 66.82052726376979 29.99999999993577 44.99999999999999
3174 68.37819394936224 34.99999999994476 45
3175 69.93586063495485 39.99999999995435 45
3176 71.49352732054855 44.99999999996757 45
3177 73.05119400614151 49.99999999997838 45
3178 74.60886069173493 54.99999999999081 45
3179 63.48966600274585 4.99999999999832 44.99999999999999
3180 65.18893875066139 9.99999999999584 45
3181 66.88821149857591 14.99999999999023 45.00000000000001
3182 68.58748424648658 19.99999999997351 45
3183 70.28675699439675 24.99999999995518 45
3184 71.9860297423064 29.99999999993545 45
3185 73.68530249022581 34.99999999994439 45
3186 75.38457523814532 39.99999999995393 45
3187 77.08384798606626 44.99999999996744 45
3188 78.78312073398615 49.99999999997827 45
3189 80.48239348190677 54.99999999999091 45
3190 67.94713816966427 4.999999999998304 45
3191 69.7880169799065 9.999999999995687 45.00000000000001
3192 71.62889579014758 14.99999999999 45.00000000000001
3193 73.46977460038453 19.9999999999732 44.99999999999999
3194 75.31065341062092 24.99999999995496 45
3195 77.15153222085667 29.99999999993513 45
3196 78.99241103110293 34.99999999994402 45
3197 80.83328984134944 39.9999999999535 45
3198 82.67416865159744 44.99999999996727 45
3199 84.51504746184439 49.99999999997818 45
3200 86.35592627209202 54.999999999991 45
3201 72.40461033658327 4.999999999998283 44.99999999999999
3202 74.38709520915251 9.999999999995536 44.99999999999999
3203 76.36958008172051 14.99999999998975 44.99999999999999
3204 78.35206495428397 19.99999999997289 45
3205 80.33454982684695 24.99999999995473 45
3206 82.31703469940926 29.99999999993481 45
3207 84.29951957198286 34.99999999994367 45.00000000000001
3208 86.2820044445567 39.99999999995308 45
3209 88.26448931713229 44.99999999996712 45
3210 90.24697418970661 49.99999999997809 45
3211 92.22945906228172 54.9999999999911 45
3212 76.86208250349834 4.99999999999827 45.00000000000001
3213 78.98617343839463 9.999999999995371 45
3214 81.11026437328968 14.99999999998951 45
3215 83.23435530817996 19.99999999997257 44.99999999999999
3216 85.35844624306978 24.9999999999545 45.00000000000001
3217 87.48253717795875 29.9999999999345 45
3218 89.60662811285991 34.99999999994328 45
3219 91.73071904776128 39.99999999995265 45
3220 93.85480998266472 44.99999999996697 45
3221 95.97890091756676 49.99999999997799 45
3222 98.10299185246971 54.99999999999116 45
3223 81.31955467041858 4.99999999999825 45.00000000000001
3224 83.58525166764188 9.999999999995223 44.99999999999999
3225 85.85094866486385 14.99999999998926 44.99999999999999
3226 88.11664566208076 19.99999999997226 45
3227 90.38234265929719 24.99999999995427 45
3228 92.64803965651265 29.99999999993418 45
3229 94.91373665374115 34.99999999994292 45
3230 97.17943365096991 39.99999999995222 45.00000000000001
3231 99.44513064820103 44.99999999996682 45
3232 101.7108276454305 49.99999999997789 45
3233 103.976524642661 54.99999999999129 45.00000000000001
3234 85.77702683733385 4.999999999998235 45
3235 88.18432989688405 9.999999999995074 45.00000000000001
3236 90.5916329564328 14.99999999998903 45
3237 92.99893601597631 19.99999999997195 45
3238 95.40623907551937 24.99999999995405 45
3239 97.81354213506127 29.99999999993386 45.00000000000001
3240 100.220845194617 34.99999999994256 44.99999999999999
3241 102.6281482541731 39.9999999999518 45
3242 105.0354513137318 44.99999999996666 44.99999999999999
3243 107.4427543732887 49.99999999997779 45
3244 109.8500574328468 54.9999999999914 45
3245 90.23449900424853 4.999999999998217 45
3246 92.78340812612574 9.999999999994914 44.99999999999999
3247 95.33231724800154 14.99999999998879 45
3248 97.88122636987174 19.99999999997165 45
3249 100.4301354917416 24.99999999995382 45
3250 102.9790446136102 29.99999999993354 45.00000000000001
3251 105.5279537354935 34.9999999999422 45
3252 108.076862857377 39.99999999995136 45
3253 110.6257719792636 44.99999999996649 45
3254 113.1746811011482 49.99999999997767 45
3255 115.7235902230341 54.99999999999148 45
3256 94.69197117116792 4.999999999998199 45
3257 97.38248635537168 9.999999999994763 44.99999999999999
3258 100.073001539574 14.99999999998855 45
3259 102.7635167237703 19.99999999997133 45
3260 105.4540319079663 24.99999999995359 45
3261 108.1445470921609 29.99999999993323 44.99999999999999
3262 110.835062276371 34.99999999994183 45
3263 113.5255774605814 39.99999999995094 45
3264 116.2160926447951 44.99999999996638 45
3265 118.9066078290065 49.99999999997758 45
3266 121.5971230132194 54.99999999999159 45
3267 99.14944333808795 4.99999999999818 45
3268 101.9815645846185 9.999999999994612 45
3269 104.8136858311474 14.99999999998831 45
3270 107.64580707767 19.99999999997101 45
3271 110.4779283241925 24.99999999995337 45
3272 113.3100495707132 29.99999999993292 45
3273 116.1421708172504 34.99999999994146 44.99999999999999
3274 118.9742920637878 39.99999999995052 45
3275 121.8064133103289 44.99999999996621 45.00000000000001
3276 124.6385345568674 49.99999999997748 45
3277 127.4706558034075 54.99999999999168 45
3278 103.6069155050049 4.999999999998163 44.99999999999999
3279 106.5806428138626 9.99999999999446 45
3280 109.5543701227187 14.99999999998806 45
3281 112.5280974315681 19.99999999997071 45
3282 115.5018247404175 24.99999999995315 45
3283 118.475552049265 29.9999999999326 45.00000000000001
3284 121.4492793581297 34.9999999999411 45
3285 124.4230066669949 39.99999999995009 45
3286 127.3967339758639 44.99999999996606 45
3287 130.3704612847303 49.99999999997738 45
3288 133.3441885935984 54.99999999999177 45
3289 108.0643876719174 4.999999999998147 44.99999999999999
3290 111.1797210431019 9.999999999994303 44.99999999999998
3291 114.2950544142847 14.99999999998782 44.99999999999999
3292 117.4103877854607 19.99999999997039 44.99999999999999
3293 120.5257211566367 24.99999999995292 45
3294 123.6410545278105 29.99999999993229 45
3295 126.7563878990026 34.99999999994073 45
3296 129.8717212701949 39.99999999994967 44.99999999999999
3297 132.9870546413917 44.99999999996589 45
3298 136.1023880125854 49.99999999997726 45
3299 139.2177213837811 54.99999999999186 44.99999999999999
3300 120.7822786161739 4.999999999998144 45
3301 123.8976119873597 9.999999999994309 45
3302 127.0129453585438 14.99999999998782 44.99999999999998
3303 130.1282787297211 19.99999999997039 44.99999999999999
3304 133.2436121008984 24.99999999995292 45
3305 136.3589454720737 29.99999999993228 45
3306 139.4742788432671 34.99999999994072 45
3307 142.5896122144609 39.99999999994967 45
3308 145.7049455856591 44.99999999996589 45
3309 148.8202789568544 49.99999999997727 45
3310 151.9356123280517 54.99999999999187 45
3311 126.6558114063317 4.999999999998162 45.00000000000001
3312 129.6295387151915 9.999999999994458 44.99999999999999
3313 132.6032660240497 14.99999999998806 45
3314 135.5769933329014 19.99999999997071 44.99999999999999
3315 138.550720641753 24.99999999995314 45
3316 141.5244479506027 29.99999999993259 45
3317 144.4981752594698 34.9999999999411 45.00000000000001
3318 147.4719025683372 39.99999999995009 45
3319 150.4456298772086 44.99999999996606 45
3320 153.4193571860773 49.99999999997738 45
3321 156.3930844949477 54.99999999999177 45
3322 132.5293441964959 4.999999999998183 44.99999999999999
3323 135.3614654430299 9.999999999994618 45
3324 138.1935866895624 14.9999999999883 45.00000000000001
3325 141.0257079360886 19.99999999997102 45
3326 143.8578291826145 24.99999999995336 45
3327 146.6899504291388 29.99999999993292 45
3328 149.5220716756795 34.99999999994146 45
3329 152.3541929222205 39.99999999995051 45
3330 155.1863141687652 44.99999999996621 45
3331 158.0184354153074 49.99999999997748 45
3332 160.8505566618511 54.99999999999167 45
3333 138.4028769866413 4.999999999998197 44.99999999999999
3334 141.0933921708503 9.99999999999477 45
3335 143.7839073550579 14.99999999998855 45
3336 146.4744225392593 19.99999999997133 44.99999999999999
3337 149.1649377234605 24.99999999995359 45
3338 151.8554529076602 29.99999999993323 45
3339 154.5459680918754 34.99999999994182 45
3340 157.2364832760907 39.99999999995094 45
3341 159.9269984603093 44.99999999996634 45
3342 162.6175136445256 49.99999999997757 45
3343 165.3080288287434 54.9999999999916 45.00000000000001
3344 144.2764097767931 4.999999999998217 45
3345 146.8253188986764 9.999999999994923 45
3346 149.3742280205582 14.99999999998879 45.00000000000001
3347 151.9231371424343 19.99999999997165 45
3348 154.4720462643099 24.99999999995383 45
3349 157.0209553861841 29.99999999993354 45
3350 159.5698645080731 34.9999999999422 45
3351 162.1187736299622 39.99999999995137 45
3352 164.6676827518542 44.99999999996651 45
3353 167.2165918737441 49.99999999997767 45
3354 169.7655009956353 54.99999999999148 45
3355 150.1499425669512 4.999999999998235 45
3356 152.5572456265075 9.999999999995074 45
3357 154.9645486860624 14.99999999998903 45
3358 157.371851745612 19.99999999997194 45.00000000000001
3359 159.7791548051611 24.99999999995403 45.00000000000001
3360 162.186457864709 29.99999999993386 45
3361 164.5937609242708 34.99999999994254 45
3362 167.0010639838328 39.9999999999518 45
3363 169.4083670433975 44.99999999996667 45.00000000000001
3364 171.8156701029603 49.99999999997777 45
3365 174.2229731625241 54.99999999999139 45
3366 156.0234753570977 4.999999999998252 44.99999999999999
3367 158.2891723543302 9.99999999999523 45
3368 160.5548693515613 14.99999999998927 45
3369 162.8205663487873 19.99999999997226 44.99999999999999
3370 165.0862633460127 24.99999999995427 45.00000000000001
3371 167.3519603432368 29.99999999993417 45
3372 169.617657340474 34.99999999994292 45
3373 171.8833543377111 39.99999999995222 45
3374 174.1490513349506 44.99999999996682 45
3375 176.4147483321883 49.99999999997787 45
3376 178.6804453294268 54.99999999999128 45
3377 161.8970081472591 4.99999999999827 45.00000000000002
3378 164.0210990821636 9.99999999999538 44.99999999999999
3379 166.1451900170667 14.99999999998951 45.00000000000001
3380 168.2692809519651 19.99999999997258 44.99999999999999
3381 170.3933718868629 24.9999999999545 45
3382 172.5174628217598 29.9999999999345 45
3383 174.641553756669 34.99999999994329 45
3384 176.7656446915782 39.99999999995266 45
3385 178.8897356264895 44.99999999996697 45
3386 181.0138265613994 49.99999999997799 45
3387 183.13791749631 54.99999999999118 45
3388 167.7705409374176 4.999999999998288 45.00000000000001
3389 169.7530258099962 9.999999999995534 45
3390 171.7355106825736 14.99999999998976 44.99999999999999
3391 173.7179955551466 19.99999999997289 45
3392 175.7004804277189 24.99999999995473 45
3393 177.6829653002904 29.99999999993481 45
3394 179.6654501728733 34.99999999994367 45
3395 181.6479350454562 39.99999999995305 45.00000000000001
3396 183.630419918041 44.99999999996712 45
3397 185.6129047906244 49.99999999997807 44.99999999999999
3398 187.5953896632084 54.9999999999911 45
3399 173.6440737275715 4.999999999998304 45
3400 175.484952537823 9.999999999995687 45
3401 177.3258313480733 14.99999999998999 45.00000000000001
3402 179.1667101583193 19.99999999997321 45
3403 181.0075889685649 24.99999999995496 45
3404 182.8484677788098 29.99999999993513 45.00000000000001
3405 184.6893465890653 34.99999999994402 45
3406 186.530225399321 39.9999999999535 45
3407 188.3711042095781 44.99999999996727 45
3408 190.2119830198342 49.99999999997819 45
3409 192.052861830091 54.999999999991 45
3410 179.5176065177301 4.999999999998325 44.99999999999999
3411 181.2168792656545 9.999999999995843 45.00000000000001
3412 182.9161520135779 14.99999999999023 45.00000000000001
3413 184.6154247614975 19.99999999997351 45
3414 186.3146975094165 24.99999999995517 45
3415 188.0139702573351 29.99999999993545 45
3416 189.7132430052634 34.99999999994439 45
3417 191.4125157531919 39.99999999995393 45
3418 193.1117885011217 44.99999999996744 45
3419 194.8110612490506 49.99999999997827 45
3420 196.5103339969802 54.99999999999091 45
3421 185.3911393079019 4.999999999998336 44.99999999999999
3422 186.9488059935 9.999999999995996 45.00000000000001
3423 188.5064726790972 14.99999999999048 44.99999999999998
3424 190.0641393646908 19.99999999997382 45
3425 191.621806050284 24.9999999999554 45
3426 193.1794727358767 29.99999999993577 44.99999999999999
3427 194.7371394214783 34.99999999994476 45
3428 196.2948061070801 39.99999999995435 45
3429 197.852472792683 44.99999999996758 45
3430 199.410139478285 49.99999999997838 45
3431 200.9678061638878 54.99999999999082 45
3432 191.2646720980865 4.999999999998357 44.99999999999998
3433 192.6807327213569 9.999999999996149 45.00000000000001
3434 194.0967933446264 14.99999999999072 45
3435 195.5128539678929 19.99999999997413 45
3436 196.9289145911588 24.99999999995563 45
3437 198.3449752144244 29.99999999993608 45
3438 199.7610358376983 34.99999999994512 45
3439 201.1770964609721 39.99999999995478 45
3440 202.593157084247 44.99999999996773 45
3441 204.0092177075213 49.99999999997848 45
3442 205.4252783307961 54.99999999999071 45
3443 197.1382048882784 4.999999999998372 45
3444 198.4126594492228 9.999999999996302 44.99999999999999
3445 199.6871140101666 14.99999999999096 45
3446 200.9615685711073 19.99999999997444 45
3447 202.2360231320475 24.99999999995585 45
3448 203.5104776929875 29.9999999999364 45
3449 204.7849322539347 34.99999999994548 45
3450 206.059386814882 39.99999999995521 45
3451 207.3338413758302 44.99999999996788 45
3452 208.6082959367777 49.99999999997858 45
3453 209.8827504977255 54.99999999999061 45
3454 203.0117376784688 4.999999999998391 45
3455 204.144586177086 9.999999999996454 45
3456 205.2774346757024 14.99999999999119 44.99999999999999
3457 206.4102831743163 19.99999999997475 45
3458 207.5431316729296 24.99999999995608 45
3459 208.6759801715428 29.99999999993672 45
3460 209.8088286701624 34.99999999994584 45
3461 210.9416771687821 39.99999999995562 45
3462 212.0745256674024 44.99999999996805 45
3463 213.2073741660224 49.9999999999787 45
3464 214.3402226646425 54.99999999999052 44.99999999999999
3465 208.8852704686636 4.999999999998408 45
3466 209.8765129049523 9.999999999996611 45.00000000000001
3467 210.8677553412402 14.99999999999143 44.99999999999999
3468 211.8589977775261 19.99999999997506 45
3469 212.8502402138116 24.99999999995631 45
3470 213.841482650097 29.99999999993703 45
3471 214.8327250863881 34.99999999994623 45
3472 215.8239675226792 39.99999999995605 45
3473 216.815209958971 44.99999999996818 45
3474 217.8064523952626 49.99999999997877 45
3475 218.7976948315543 54.99999999999042 45
3476 214.7588032588556 4.999999999998426 45.00000000000001
3477 215.6084396328184 9.999999999996756 45
3478 216.4580760067806 14.99999999999168 45
3479 217.3077123807407 19.99999999997538 44.99999999999999
3480 218.1573487547006 24.99999999995653 45.00000000000001
3481 219.0069851286603 29.99999999993734 45
3482 219.8566215026249 34.99999999994658 45.00000000000001
3483 220.7062578765894 39.99999999995647 45
3484 221.5558942505545 44.99999999996834 45
3485 222.4055306245192 49.99999999997888 45
3486 223.2551669984841 54.99999999999033 44.99999999999999
3487 220.6323360490501 4.999999999998444 45
3488 221.3403663606849 9.999999999996911 45.00000000000001
3489 222.0483966723192 14.99999999999192 45
3490 222.7564269839519 19.99999999997569 45
3491 223.4644572955844 24.99999999995676 45
3492 224.1724876072167 29.99999999993766 45
3493 224.8805179188532 34.99999999994694 45
3494 225.5885482304898 39.99999999995688 45
3495 226.2965785421267 44.99999999996849 45
3496 227.0046088537634 49.999999999979 45.00000000000001
3497 227.7126391654003 54.99999999999022 45
3498 226.5058688392421 4.99999999999846 45.00000000000001
3499 227.0722930885501 9.999999999997065 45.00000000000001
3500 227.6387173378577 14.99999999999216 44.99999999999999
3501 228.205141587164 19.999999999976 45
3502 228.77156583647 24.99999999995698 45
3503 229.337990085776 29.99999999993797 45
3504 229.9044143350853 34.99999999994732 45
3505 230.4708385843946 39.99999999995732 45
3506 231.0372628337041 44.99999999996866 45
3507 231.6036870830135 49.99999999997909 45
3508 232.170111332323 54.99999999999012 44.99999999999999
3509 232.3794016294328 4.999999999998477 45.00000000000001
3510 232.8042198164136 9.999999999997218 44.99999999999999
3511 233.2290380033942 14.9999999999924 44.99999999999999
3512 233.6538561903739 19.99999999997631 45
3513 234.0786743773532 24.9999999999572 45
3514 234.5034925643326 29.99999999993829 45.00000000000001
3515 234.9283107513145 34.99999999994769 45
3516 235.3531289382964 39.99999999995774 45
3517 235.7779471252784 44.99999999996879 45
3518 236.2027653122603 49.99999999997921 45
3519 236.6275834992424 54.99999999999004 45.00000000000001
3520 238.2529344196285 4.999999999998495 45.00000000000002
3521 238.5361465442816 9.999999999997375 44.99999999999999
3522 238.8193586689346 14.99999999999265 45.00000000000001
3523 239.1025707935871 19.99999999997662 45.00000000000001
3524 239.3857829182393 24.99999999995744 45
3525 239.6689950428916 29.99999999993861 45.00000000000001
3526 239.9522071675456 34.99999999994806 45
3527 240.2354192921996 39.99999999995816 45
3528 240.5186314168537 44.99999999996894 45
3529 240.8018435415078 49.9999999999793 45
3530 241.085055666162 54.99999999998993 45
3531 244.1264672098154 4.999999999998512 45
3532 244.2680732721409 9.999999999997526 44.99999999999999
3533 244.4096793344662 14.99999999999288 45
3534 244.5512853967913 19.99999999997694 45.00000000000001
3535 244.6928914591164 24.99999999995766 45
3536 244.8344975214416 29.99999999993892 45
3537 244.9761035837678 34.99999999994841 45
3538 245.1177096460939 39.99999999995859 45
3539 245.2593157084201 44.99999999996911 45.00000000000001
3540 245.4009217707465 49.99999999997939 45
3541 245.5425278330728 54.99999999998984 45.00000000000001
3542 254.9999999994282 4.99999999999853 45
3543 254.9999999994282 9.99999999999768 45
3544 254.9999999994282 14.99999999999313 45
3545 254.9999999994282 19.99999999997725 45.00000000000001
3546 254.9999999994283 24.99999999995789 45.00000000000001
3547 254.9999999994282 29.99999999993923 45
3548 254.9999999994282 34.99999999994878 45
3549 254.9999999994282 39.99999999995902 45
3550 254.9999999994282 44.99999999996926 45
3551 254.9999999994282 49.99999999997951 45
3552 254.9999999994282 54.99999999998975 45
3553 4.999999999992399 4.99999999999853 60.00000000000001
3554 4.999999999992401 9.99999999999768 60.00000000000002
3555 4.9999999999924 14.99999999999313 59.99999999999999
3556 4.999999999992399 19.99999999997724 60
3557 4.999999999992399 24.99999999995789 60
3558 4.999999999992401 29.99999999993923 59.99999999999999
3559 4.999999999992401 34.99999999994878 60
3560 4.999999999992398 39.99999999995902 60
3561 4.999999999992401 44.99999999996926 60
3562 4.999999999992398 49.99999999997951 60
3563 4.999999999992397 54.99999999998976 60
3564 14.45747216689703 4.999999999998517 59.99999999999999
3565 14.59907822922341 9.999999999997527 59.99999999999999
3566 14.7406842915497 14.99999999999288 59.99999999999999
3567 14.88229035387566 19.99999999997693 60
3568 15.02389641620154 24.99999999995767 60
3569 15.16550247852742 29.99999999993891 60.00000000000001
3570 15.3071085408541 34.99999999994841 59.99999999999999
3571 15.44871460318079 39.99999999995858 59.99999999999999
3572 15.59032066550751 44.9999999999691 60
3573 15.7319267278342 49.99999999997939 60
3574 15.87353279016092 54.99999999998984 60
3575 18.9149443337946 4.999999999998499 60.00000000000001
3576 19.19815645844746 9.999999999997373 60
3577 19.4813685831001 14.99999999999265 60
3578 19.7645807077521 19.99999999997662 59.99999999999999
3579 20.04779283240393 24.99999999995744 60
3580 20.33100495705578 29.99999999993859 59.99999999999999
3581 20.61421708170923 34.99999999994806 60
3582 20.89742920636273 39.99999999995815 60
3583 21.18064133101627 44.99999999996896 60.00000000000001
3584 21.46385345566977 49.99999999997932 60
3585 21.74706558032328 54.99999999998994 60
3586 23.37241650069481 4.999999999998477 60.00000000000001
3587 23.79723468767398 9.99999999999722 60.00000000000001
3588 24.22205287465285 14.9999999999924 60
3589 24.64687106163074 19.99999999997631 60
3590 25.07168924860837 24.99999999995721 60
3591 25.49650743558601 29.99999999993829 60
3592 25.92132562256603 34.99999999994768 60
3593 26.3461438095461 39.99999999995775 60.00000000000001
3594 26.77096199652627 44.99999999996881 60
3595 27.19578018350636 49.9999999999792 60
3596 27.62059837048648 54.99999999999002 60
3597 27.82988866758803 4.999999999998463 60
3598 28.39631291689356 9.999999999997071 60
3599 28.96273716619871 14.99999999999216 60
3600 29.52916141550259 19.999999999976 59.99999999999999
3601 30.09558566480612 24.99999999995698 60
3602 30.66200991410966 29.99999999993797 59.99999999999999
3603 31.22843416341641 34.99999999994733 60
3604 31.79485841272322 39.99999999995732 60
3605 32.36128266203021 44.99999999996866 60
3606 32.92770691133707 49.9999999999791 60
3607 33.49413116064399 54.99999999999014 60
3608 32.2873608344809 4.999999999998444 60.00000000000001
3609 32.99539114611269 9.999999999996914 60.00000000000001
3610 33.70342145774397 14.99999999999192 59.99999999999998
3611 34.41145176937366 19.99999999997568 60.00000000000001
3612 35.11948208100297 24.99999999995676 60
3613 35.82751239263226 29.99999999993766 60
3614 36.53554270426554 34.99999999994693 60
3615 37.24357301589895 39.99999999995689 60.00000000000001
3616 37.95160332753255 44.99999999996851 60.00000000000001
3617 38.65963363916602 49.999999999979 60
3618 39.36766395079957 54.99999999999022 59.99999999999999
3619 36.74483300137693 4.999999999998423 60
3620 37.59446937533502 9.999999999996758 60
3621 38.44410574929248 14.99999999999168 60
3622 39.29374212324804 19.99999999997538 60
3623 40.14337849720317 24.99999999995653 60
3624 40.99301487115824 29.99999999993734 60
3625 41.84265124511812 34.99999999994658 60
3626 42.69228761907812 39.99999999995647 60
3627 43.54192399303843 44.99999999996834 60
3628 44.39156036699854 49.99999999997888 60
3629 45.24119674095877 54.99999999999032 60
3630 41.20230516827204 4.99999999999841 60
3631 42.19354760455612 9.999999999996609 60
3632 43.18479004083954 14.99999999999143 59.99999999999999
3633 44.1760324771207 19.99999999997506 60
3634 45.16727491340135 24.99999999995631 60
3635 46.1585173496819 29.99999999993703 60
3636 47.14975978596806 34.99999999994623 60
3637 48.14100222225431 39.99999999995605 60
3638 49.13224465854101 44.99999999996819 60
3639 50.12348709482738 49.99999999997877 60
3640 51.11472953111394 54.99999999999042 60
3641 45.65977733516235 4.999999999998392 60.00000000000002
3642 46.79262583377281 9.999999999996456 59.99999999999999
3643 47.92547433238251 14.99999999999119 60
3644 49.05832283098965 19.99999999997475 60
3645 50.19117132959628 24.99999999995608 60
3646 51.32401982820275 29.99999999993671 59.99999999999999
3647 52.45686832681568 34.99999999994585 60
3648 53.58971682542874 39.99999999995563 60
3649 54.72256532404237 44.99999999996805 60
3650 55.85541382265561 49.9999999999787 60
3651 56.98826232126911 54.99999999999052 60
3652 50.11724950205542 4.999999999998372 59.99999999999999
3653 51.39170406299225 9.999999999996302 60
3654 52.66615862392824 14.99999999999095 60.00000000000001
3655 53.9406131848614 19.99999999997444 60.00000000000001
3656 55.21506774579401 24.99999999995586 60
3657 56.4895223067264 29.9999999999364 60
3658 57.76397686766607 34.99999999994549 60
3659 59.03843142860593 39.9999999999552 60
3660 60.3128859895465 44.99999999996788 60
3661 61.58734055048658 49.9999999999786 60.00000000000001
3662 62.86179511142703 54.99999999999061 60
3663 54.57472166894833 4.999999999998357 60
3664 55.99078229221136 9.999999999996145 60
3665 57.40684291547349 14.99999999999072 60.00000000000001
3666 58.82290353873248 19.99999999997413 60.00000000000001
3667 60.23896416199091 24.99999999995563 59.99999999999999
3668 61.65502478524905 29.99999999993608 59.99999999999999
3669 63.07108540851527 34.99999999994512 60
3670 64.48714603178169 39.99999999995478 60
3671 65.90320665504902 44.99999999996773 60
3672 67.31926727831575 49.99999999997848 60
3673 68.73532790158288 54.99999999999071 59.99999999999999
3674 59.03219383584096 4.999999999998336 60
3675 60.58986052142992 9.999999999995993 60
3676 62.14752720701789 14.99999999999048 60
3677 63.70519389260239 19.99999999997382 60
3678 65.26286057818631 24.99999999995541 60
3679 66.82052726376979 29.99999999993577 59.99999999999999
3680 68.37819394936224 34.99999999994476 60
3681 69.93586063495485 39.99999999995435 60
3682 71.49352732054855 44.99999999996757 60
3683 73.05119400614151 49.99999999997838 60
3684 74.60886069173493 54.99999999999081 60
3685 63.48966600274585 4.99999999999832 60
3686 65.18893875066139 9.99999999999584 59.99999999999999
3687 66.88821149857591 14.99999999999023 60.00000000000001
3688 68.58748424648658 19.99999999997351 60
3689 70.28675699439675 24.99999999995518 60
3690 71.9860297423064 29.99999999993545 60
3691 73.68530249022581 34.99999999994439 60
3692 75.38457523814532 39.99999999995393 60
3693 77.08384798606626 44.99999999996744 60
3694 78.78312073398615 49.99999999997827 60
3695 80.48239348190677 54.99999999999091 60
3696 67.94713816966427 4.999999999998304 60.00000000000001
3697 69.7880169799065 9.999999999995687 60.00000000000001
3698 71.62889579014758 14.99999999999 60.00000000000001
3699 73.46977460038453 19.9999999999732 60
3700 75.31065341062092 24.99999999995496 60
3701 77.15153222085667 29.99999999993513 60.00000000000001
3702 78.99241103110293 34.99999999994402 60.00000000000001
3703 80.83328984134944 39.9999999999535 60
3704 82.67416865159744 44.99999999996727 60
3705 84.51504746184439 49.99999999997818 60
3706 86.35592627209202 54.999999999991 60
3707 72.40461033658327 4.999999999998283 59.99999999999999
3708 74.38709520915251 9.999999999995536 60
3709 76.36958008172051 14.99999999998975 60
3710 78.35206495428397 19.99999999997289 60.00000000000001
3711 80.33454982684695 24.99999999995473 60
3712 82.31703469940926 29.99999999993481 60
3713 84.29951957198286 34.99999999994367 60
3714 86.2820044445567 39.99999999995308 60
3715 88.26448931713229 44.99999999996712 60
3716 90.24697418970661 49.99999999997809 60
3717 92.22945906228172 54.9999999999911 60
3718 76.86208250349834 4.99999999999827 60.00000000000001
3719 78.98617343839463 9.999999999995371 60.00000000000001
3720 81.11026437328968 14.99999999998951 60
3721 83.23435530817996 19.99999999997257 59.99999999999999
3722 85.35844624306978 24.9999999999545 60.00000000000001
3723 87.48253717795875 29.9999999999345 60
3724 89.60662811285991 34.99999999994328 60
3725 91.73071904776128 39.99999999995265 60.00000000000001
3726 93.85480998266472 44.99999999996697 60
3727 95.97890091756676 49.99999999997799 60.00000000000001
3728 98.10299185246971 54.99999999999116 59.99999999999999
3729 81.31955467041858 4.99999999999825 60
3730 83.58525166764188 9.999999999995223 60
3731 85.85094866486385 14.99999999998926 60.00000000000001
3732 88.11664566208076 19.99999999997226 60.00000000000001
3733 90.38234265929719 24.99999999995427 60
3734 92.64803965651265 29.99999999993418 60
3735 94.91373665374115 34.99999999994292 60
3736 97.17943365096991 39.99999999995222 60
3737 99.44513064820103 44.99999999996682 60
3738 101.7108276454305 49.99999999997789 60
3739 103.976524642661 54.99999999999129 60
3740 85.77702683733385 4.999999999998235 60
3741 88.18432989688405 9.999999999995074 59.99999999999999
3742 90.5916329564328 14.99999999998903 59.99999999999999
3743 92.99893601597631 19.99999999997195 59.99999999999999
3744 95.40623907551937 24.99999999995405 60
3745 97.81354213506127 29.99999999993386 60.00000000000001
3746 100.220845194617 34.99999999994256 60
3747 102.6281482541731 39.9999999999518 60.00000000000001
3748 105.0354513137318 44.99999999996666 60
3749 107.4427543732887 49.99999999997779 60
3750 109.8500574328468 54.9999999999914 60
3751 90.23449900424853 4.999999999998217 60.00000000000001
3752 92.78340812612574 9.999999999994914 59.99999999999999
3753 95.33231724800154 14.99999999998879 60
3754 97.88122636987174 19.99999999997165 60.00000000000001
3755 100.4301354917416 24.99999999995382 60
3756 102.9790446136102 29.99999999993354 60
3757 105.5279537354935 34.9999999999422 60
3758 108.076862857377 39.99999999995136 60
3759 110.6257719792636 44.99999999996649 60.00000000000001
3760 113.1746811011482 49.99999999997767 60.00000000000001
3761 115.7235902230341 54.99999999999148 60
3762 94.69197117116792 4.999999999998199 59.99999999999999
3763 97.38248635537168 9.999999999994763 60
3764 100.073001539574 14.99999999998855 60
3765 102.7635167237703 19.99999999997133 60
3766 105.4540319079663 24.99999999995359 60
3767 108.1445470921609 29.99999999993323 60
3768 110.835062276371 34.99999999994183 60
3769 113.5255774605814 39.99999999995094 60
3770 116.2160926447951 44.99999999996638 60.00000000000001
3771 118.9066078290065 49.99999999997758 60
3772 121.5971230132194 54.99999999999159 60.00000000000001
3773 99.14944333808795 4.99999999999818 60
3774 101.9815645846185 9.999999999994612 60.00000000000001
3775 104.8136858311474 14.99999999998831 59.99999999999999
3776 107.64580707767 19.99999999997101 60
3777 110.4779283241925 24.99999999995337 60
3778 113.3100495707132 29.99999999993292 60
3779 116.1421708172504 34.99999999994146 59.99999999999999
3780 118.9742920637878 39.99999999995052 60
3781 121.8064133103289 44.99999999996621 60
3782 124.6385345568674 49.99999999997748 60
3783 127.4706558034075 54.99999999999168 60
3784 103.6069155050049 4.999999999998163 60
3785 106.5806428138626 9.99999999999446 60.00000000000001
3786 109.5543701227187 14.99999999998806 60
3787 112.5280974315681 19.99999999997071 60
3788 115.5018247404175 24.99999999995315 60.00000000000001
3789 118.475552049265 29.9999999999326 60.00000000000001
3790 121.4492793581297 34.9999999999411 60
3791 124.4230066669949 39.99999999995009 60
3792 127.3967339758639 44.99999999996606 60.00000000000001
3793 130.3704612847303 49.99999999997738 60
3794 133.3441885935984 54.99999999999177 60
3795 108.0643876719174 4.999999999998147 59.99999999999999
3796 111.1797210431019 9.999999999994303 59.99999999999999
3797 114.2950544142847 14.99999999998782 60
3798 117.4103877854607 19.99999999997039 60.00000000000001
3799 120.5257211566367 24.99999999995292 60.00000000000001
3800 123.6410545278105 29.99999999993229 59.99999999999999
3801 126.7563878990026 34.99999999994073 60
3802 129.8717212701949 39.99999999994967 60
3803 132.9870546413917 44.99999999996589 60
3804 136.1023880125854 49.99999999997726 60
3805 139.2177213837811 54.99999999999186 60
3806 120.7822786161739 4.999999999998144 59.99999999999999
3807 123.8976119873597 9.999999999994309 60
3808 127.0129453585438 14.99999999998782 60
3809 130.1282787297211 19.99999999997039 60.00000000000001
3810 133.2436121008984 24.99999999995292 60.00000000000001
3811 136.3589454720737 29.99999999993228 60
3812 139.4742788432671 34.99999999994072 59.99999999999999
3813 142.5896122144609 39.99999999994967 60
3814 145.7049455856591 44.99999999996589 60.00000000000001
3815 148.8202789568544 49.99999999997727 60.00000000000001
3816 151.9356123280517 54.99999999999187 60
3817 126.6558114063317 4.999999999998162 60.00000000000001
3818 129.6295387151915 9.999999999994458 60
3819 132.6032660240497 14.99999999998806 60
3820 135.5769933329014 19.99999999997071 60
3821 138.550720641753 24.99999999995314 60.00000000000001
3822 141.5244479506027 29.99999999993259 60
3823 144.4981752594698 34.9999999999411 60.00000000000001
3824 147.4719025683372 39.99999999995009 60
3825 150.4456298772086 44.99999999996606 60
3826 153.4193571860773 49.99999999997738 60
3827 156.3930844949477 54.99999999999177 60.00000000000001
3828 132.5293441964959 4.999999999998183 60
3829 135.3614654430299 9.999999999994618 60
3830 138.1935866895624 14.9999999999883 60
3831 141.0257079360886 19.99999999997102 60
3832 143.8578291826145 24.99999999995336 60
3833 146.6899504291388 29.99999999993292 60
3834 149.5220716756795 34.99999999994146 60
3835 152.3541929222205 39.99999999995051 60
3836 155.1863141687652 44.99999999996621 60
3837 158.0184354153074 49.99999999997748 60
3838 160.8505566618511 54.99999999999167 60
3839 138.4028769866413 4.999999999998197 59.99999999999999
3840 141.0933921708503 9.99999999999477 60
3841 143.7839073550579 14.99999999998855 60.00000000000001
3842 146.4744225392593 19.99999999997133 60.00000000000001
3843 149.1649377234605 24.99999999995359 60
3844 151.8554529076602 29.99999999993323 60
3845 154.5459680918754 34.99999999994182 60
3846 157.2364832760907 39.99999999995094 60
3847 159.9269984603093 44.99999999996634 60
3848 162.6175136445256 49.99999999997757 60
3849 165.3080288287434 54.9999999999916 60.00000000000001
3850 144.2764097767931 4.999999999998217 60
3851 146.8253188986764 9.999999999994923 60
3852 149.3742280205582 14.99999999998879 60.00000000000001
3853 151.9231371424343 19.99999999997165 60.00000000000001
3854 154.4720462643099 24.99999999995383 60
3855 157.0209553861841 29.99999999993354 60
3856 159.5698645080731 34.9999999999422 60
3857 162.1187736299622 39.99999999995137 60
3858 164.6676827518542 44.99999999996651 60
3859 167.2165918737441 49.99999999997767 60
3860 169.7655009956353 54.99999999999148 60
3861 150.1499425669512 4.999999999998235 60.00000000000001
3862 152.5572456265075 9.999999999995074 60.00000000000001
3863 154.9645486860624 14.99999999998903 60
3864 157.371851745612 19.99999999997194 60.00000000000001
3865 159.7791548051611 24.99999999995403 59.99999999999999
3866 162.186457864709 29.99999999993386 60
3867 164.5937609242708 34.99999999994254 59.99999999999999
3868 167.0010639838328 39.9999999999518 60
3869 169.4083670433975 44.99999999996667 60
3870 171.8156701029603 49.99999999997777 60
3871 174.2229731625241 54.99999999999139 60.00000000000001
3872 156.0234753570977 4.999999999998252 60
3873 158.2891723543302 9.99999999999523 60
3874 160.5548693515613 14.99999999998927 60
3875 162.8205663487873 19.99999999997226 60
3876 165.0862633460127 24.99999999995427 59.99999999999999
3877 167.3519603432368 29.99999999993417 59.99999999999999
3878 169.617657340474 34.99999999994292 59.99999999999999
3879 171.8833543377111 39.99999999995222 60
3880 174.1490513349506 44.99999999996682 60
3881 176.4147483321883 49.99999999997787 60
3882 178.6804453294268 54.99999999999128 59.99999999999999
3883 161.8970081472591 4.99999999999827 59.99999999999999
3884 164.0210990821636 9.99999999999538 59.99999999999999
3885 166.1451900170667 14.99999999998951 60
3886 168.2692809519651 19.99999999997258 59.99999999999999
3887 170.3933718868629 24.9999999999545 60
3888 172.5174628217598 29.9999999999345 60
3889 174.641553756669 34.99999999994329 60
3890 176.7656446915782 39.99999999995266 60
3891 178.8897356264895 44.99999999996697 60
3892 181.0138265613994 49.99999999997799 60
3893 183.13791749631 54.99999999999118 59.99999999999999
3894 167.7705409374176 4.999999999998288 60
3895 169.7530258099962 9.999999999995534 60.00000000000001
3896 171.7355106825736 14.99999999998976 60.00000000000001
3897 173.7179955551466 19.99999999997289 60
3898 175.7004804277189 24.99999999995473 59.99999999999999
3899 177.6829653002904 29.99999999993481 60.00000000000001
3900 179.6654501728733 34.99999999994367 60
3901 181.6479350454562 39.99999999995305 60
3902 183.630419918041 44.99999999996712 60
3903 185.6129047906244 49.99999999997807 59.99999999999999
3904 187.5953896632084 54.9999999999911 60
3905 173.6440737275715 4.999999999998304 60.00000000000002
3906 175.484952537823 9.999999999995687 60
3907 177.3258313480733 14.99999999998999 60
3908 179.1667101583193 19.99999999997321 60
3909 181.0075889685649 24.99999999995496 60
3910 182.8484677788098 29.99999999993513 59.99999999999999
3911 184.6893465890653 34.99999999994402 60
3912 186.530225399321 39.9999999999535 60
3913 188.3711042095781 44.99999999996727 59.99999999999999
3914 190.2119830198342 49.99999999997819 60
3915 192.052861830091 54.999999999991 60
3916 179.5176065177301 4.999999999998325 60
3917 181.2168792656545 9.999999999995843 60
3918 182.9161520135779 14.99999999999023 60
3919 184.6154247614975 19.99999999997351 60
3920 186.3146975094165 24.99999999995517 59.99999999999999
3921 188.0139702573351 29.99999999993545 60.00000000000001
3922 189.7132430052634 34.99999999994439 60
3923 191.4125157531919 39.99999999995393 60
3924 193.1117885011217 44.99999999996744 60
3925 194.8110612490506 49.99999999997827 60
3926 196.5103339969802 54.99999999999091 60
3927 185.3911393079019 4.999999999998336 60
3928 186.9488059935 9.999999999995996 60
3929 188.5064726790972 14.99999999999048 60.00000000000001
3930 190.0641393646908 19.99999999997382 60
3931 191.621806050284 24.9999999999554 60
3932 193.1794727358767 29.99999999993577 59.99999999999999
3933 194.7371394214783 34.99999999994476 60
3934 196.2948061070801 39.99999999995435 60.00000000000001
3935 197.852472792683 44.99999999996758 60
3936 199.410139478285 49.99999999997838 60
3937 200.9678061638878 54.99999999999082 60
3938 191.2646720980865 4.999999999998357 59.99999999999999
3939 192.6807327213569 9.999999999996149 60
3940 194.0967933446264 14.99999999999072 60
3941 195.5128539678929 19.99999999997413 60
3942 196.9289145911588 24.99999999995563 60
3943 198.3449752144244 29.99999999993608 59.99999999999999
3944 199.7610358376983 34.99999999994512 60
3945 201.1770964609721 39.99999999995478 60
3946 202.593157084247 44.99999999996773 60
3947 204.0092177075213 49.99999999997848 60
3948 205.4252783307961 54.99999999999071 60
3949 197.1382048882784 4.999999999998372 60.00000000000001
3950 198.4126594492228 9.999999999996302 59.99999999999999
3951 199.6871140101666 14.99999999999096 60
3952 200.9615685711073 19.99999999997444 60
3953 202.2360231320475 24.99999999995585 60
3954 203.5104776929875 29.9999999999364 59.99999999999999
3955 204.7849322539347 34.99999999994548 60.00000000000001
3956 206.059386814882 39.99999999995521 60
3957 207.3338413758302 44.99999999996788 60
3958 208.6082959367777 49.99999999997858 60
3959 209.8827504977255 54.99999999999061 60
3960 203.0117376784688 4.999999999998391 60.00000000000002
3961 204.144586177086 9.999999999996454 60
3962 205.2774346757024 14.99999999999119 59.99999999999999
3963 206.4102831743163 19.99999999997475 60
3964 207.5431316729296 24.99999999995608 59.99999999999999
3965 208.6759801715428 29.99999999993672 60.00000000000001
3966 209.8088286701624 34.99999999994584 60
3967 210.9416771687821 39.99999999995562 60
3968 212.0745256674024 44.99999999996805 60
3969 213.2073741660224 49.9999999999787 60
3970 214.3402226646425 54.99999999999052 59.99999999999999
3971 208.8852704686636 4.999999999998408 60
3972 209.8765129049523 9.999999999996611 60
3973 210.8677553412402 14.99999999999143 60
3974 211.8589977775261 19.99999999997506 59.99999999999999
3975 212.8502402138116 24.99999999995631 59.99999999999999
3976 213.841482650097 29.99999999993703 60
3977 214.8327250863881 34.99999999994623 60
3978 215.8239675226792 39.99999999995605 60
3979 216.815209958971 44.99999999996818 60
3980 217.8064523952626 49.99999999997877 59.99999999999999
3981 218.7976948315543 54.99999999999042 60
3982 214.7588032588556 4.999999999998426 59.99999999999999
3983 215.6084396328184 9.999999999996756 60
3984 216.4580760067806 14.99999999999168 59.99999999999999
3985 217.3077123807407 19.99999999997538 60
3986 218.1573487547006 24.99999999995653 60
3987 219.0069851286603 29.99999999993734 59.99999999999999
3988 219.8566215026249 34.99999999994658 60
3989 220.7062578765894 39.99999999995647 60
3990 221.5558942505545 44.99999999996834 60
3991 222.4055306245192 49.99999999997888 60
3992 223.2551669984841 54.99999999999033 60
3993 220.6323360490501 4.999999999998444 60
3994 221.3403663606849 9.999999999996911 60.00000000000001
3995 222.0483966723192 14.99999999999192 59.99999999999999
3996 222.7564269839519 19.99999999997569 60.00000000000001
3997 223.4644572955844 24.99999999995676 60
3998 224.1724876072167 29.99999999993766 59.99999999999999
3999 224.8805179188532 34.99999999994694 60
4000 225.5885482304898 39.99999999995688 60
4001 226.2965785421267 44.99999999996849 59.99999999999999
4002 227.0046088537634 49.999999999979 60
4003 227.7126391654003 54.99999999999022 60
4004 226.5058688392421 4.99999999999846 60.00000000000001
4005 227.0722930885501 9.999999999997065 60
4006 227.6387173378577 14.99999999999216 59.99999999999999
4007 228.205141587164 19.999999999976 59.99999999999999
4008 228.77156583647 24.99999999995698 60.00000000000001
4009 229.337990085776 29.99999999993797 59.99999999999999
4010 229.9044143350853 34.99999999994732 60
4011 230.4708385843946 39.99999999995732 60
4012 231.0372628337041 44.99999999996866 60
4013 231.6036870830135 49.99999999997909 60
4014 232.170111332323 54.99999999999012 59.99999999999999
4015 232.3794016294328 4.999999999998477 60.00000000000001
4016 232.8042198164136 9.999999999997218 60.00000000000001
4017 233.2290380033942 14.9999999999924 60
4018 233.6538561903739 19.99999999997631 60
4019 234.0786743773532 24.9999999999572 60
4020 234.5034925643326 29.99999999993829 60
4021 234.9283107513145 34.99999999994769 60.00000000000001
4022 235.3531289382964 39.99999999995774 60
4023 235.7779471252784 44.99999999996879 60
4024 236.2027653122603 49.99999999997921 60
4025 236.6275834992424 54.99999999999004 60
4026 238.2529344196285 4.999999999998495 60.00000000000001
4027 238.5361465442816 9.999999999997375 60
4028 238.8193586689346 14.99999999999265 60.00000000000001
4029 239.1025707935871 19.99999999997662 60
4030 239.3857829182393 24.99999999995744 60.00000000000001
4031 239.6689950428916 29.99999999993861 60
4032 239.9522071675456 34.99999999994806 60.00000000000001
4033 240.2354192921996 39.99999999995816 60
4034 240.5186314168537 44.99999999996894 59.99999999999999
4035 240.8018435415078 49.9999999999793 59.99999999999999
4036 241.085055666162 54.99999999998993 60
4037 244.1264672098154 4.999999999998512 59.99999999999998
4038 244.2680732721409 9.999999999997526 60
4039 244.4096793344662 14.99999999999288 59.99999999999999
4040 244.5512853967913 19.99999999997694 60.00000000000001
4041 244.6928914591164 24.99999999995766 60
4042 244.8344975214416 29.99999999993892 60
4043 244.9761035837678 34.99999999994841 59.99999999999999
4044 245.1177096460939 39.99999999995859 60.00000000000001
4045 245.2593157084201 44.99999999996911 60
4046 245.4009217707465 49.99999999997939 60
4047 245.5425278330728 54.99999999998984 60
4048 254.9999999994282 4.99999999999853 60.00000000000001
4049 254.9999999994282 9.99999999999768 60.00000000000001
4050 254.9999999994282 14.99999999999313 60
4051 254.9999999994282 19.99999999997725 60
4052 254.9999999994283 24.99999999995789 60
4053 254.9999999994282 29.99999999993923 60
4054 254.9999999994282 34.99999999994878 60
4055 254.9999999994282 39.99999999995902 59.99999999999999
4056 254.9999999994282 44.99999999996926 60
4057 254.9999999994282 49.99999999997951 60
4058 254.9999999994282 54.99999999998975 60
4059 4.999999999992399 0 6.666666666649283
4060 15.07720130263722 0 6.666666666649188
4061 20.15440260527767 0 6.666666666649097
4062 25.23160390792107 0 6.666666666649002
4063 30.30880521055687 0 6.666666666648908
4064 35.38600651319916 0 6.666666666648815
4065 40.46320781584233 0 6.666666666648719
4066 45.54040911847559 0 6.666666666648628
4067 50.61761042110336 0 6.666666666648532
4068 55.69481172373189 0 6.666666666648439
4069 60.77201302636028 0 6.666666666648347
4070 65.84921432897711 0 6.666666666648252
4071 70.92641563161058 0 6.66666666664816
4072 76.00361693426591 0 6.666666666648066
4073 81.0808182369182 0 6.666666666647973
4074 86.15801953957435 0 6.666666666647878
4075 91.23522084223056 0 6.666666666647785
4076 96.31242214488381 0 6.666666666647689
4077 101.38962344754 0 6.666666666647598
4078 106.4668247501961 0 6.666666666647503
4079 111.5440260528499 0 6.666666666647409
4080 116.6212273555056 0 6.666666666647316
4081 121.6984286581617 0 6.666666666647223
4082 132.1332112668427 0 6.666666666647223
4083 137.4907925728556 0 6.666666666647317
4084 142.8483738788683 0 6.666666666647409
4085 148.2059551848756 0 6.666666666647503
4086 153.5635364908884 0 6.666666666647597
4087 158.9211177969022 0 6.666666666647689
4088 164.2786991029166 0 6.666666666647785
4089 169.6362804089309 0 6.666666666647878
4090 174.9938617149342 0 6.666666666647973
4091 180.3514430209433 0 6.666666666648064
4092 185.7090243269583 0 6.66666666664816
4093 191.0666056330112 0 6.666666666648252
4094 196.4241869391004 0 6.666666666648347
4095 201.7817682451914 0 6.666666666648441
4096 207.1393495512815 0 6.666666666648533
4097 212.4969308573716 0 6.666666666648625
4098 217.8545121634602 0 6.666666666648721
4099 223.2120934695493 0 6.666666666648814
4100 228.5696747756394 0 6.66666666664891
4101 233.9272560817314 0 6.666666666649004
4102 239.2848373878201 0 6.666666666649096
4103 244.6424186939099 0 6.66666666664919
4104 254.9999999994282 0 6.666666666649283
4105 4.999999999992399 60 6.666666666649283
4106 15.35758130604187 60 6.666666666649142
4107 20.71516261208751 60 6.666666666649002
4108 26.07274391813615 60 6.666666666648861
4109 31.43032522417642 60 6.666666666648721
4110 36.78790653022237 60 6.666666666648581
4111 42.14548783626918 60.00000000000001 6.666666666648441
4112 47.50306914230381 60 6.666666666648301
4113 52.86065044833632 60.00000000000001 6.66666666664816
4114 58.21823175436809 60 6.666666666648021
4115 63.575813060402 60.00000000000001 6.666666666647878
4116 68.93339436642545 60.00000000000001 6.666666666647741
4117 74.29097567246392 60 6.6666666666476
4118 79.64855697852651 60 6.666666666647458
4119 85.00613828459011 60 6.66666666664732
4120 90.36371959065256 60 6.666666666647179
4121 95.72130089671492 60 6.666666666647041
4122 101.0788822027786 60 6.666666666646899
4123 106.436463508841 60 6.666666666646756
4124 111.7940448149033 60 6.666666666646619
4125 117.1516261209669 60.00000000000001 6.666666666646477
4126 122.5092074270293 60 6.666666666646336
4127 127.8667887330922 60 6.666666666646197
4128 138.3015713417797 60 6.666666666646197
4129 143.3787726443927 60 6.666666666646337
4130 148.4559739470031 60 6.666666666646478
4131 153.5331752496103 60 6.666666666646618
4132 158.6103765522205 59.99999999999999 6.666666666646756
4133 163.6875778548296 59.99999999999999 6.666666666646899
4134 168.7647791574383 60.00000000000001 6.666666666647039
4135 173.8419804600468 60 6.666666666647181
4136 178.9191817626554 60.00000000000001 6.66666666664732
4137 183.9963830652638 60 6.66666666664746
4138 189.0735843678724 60 6.6666666666476
4139 194.1507856705161 60 6.66666666664774
4140 199.2279869731967 60 6.666666666647879
4141 204.3051882758712 59.99999999999999 6.666666666648021
4142 209.3823895785526 60 6.66666666664816
4143 214.4595908812342 60 6.666666666648304
4144 219.5367921839159 60 6.666666666648439
4145 224.6139934865975 60 6.666666666648581
4146 229.6911947892791 59.99999999999999 6.666666666648723
4147 234.768396091956 60 6.666666666648861
4148 239.8455973946367 60.00000000000001 6.666666666649004
4149 244.9227986973184 60 6.666666666649144
4150 254.9999999994282 60 6.666666666649283
4151 4.999999999992399 0 19.99999999999548
4152 14.79682129922882 0 19.99999999999538
4153 19.59364259845777 0 19.99999999999528
4154 24.39046389768663 0 19.99999999999517
4155 29.18728519691259 0 19.99999999999507
4156 33.98410649613834 0 19.99999999999496
4157 38.780927795361 0 19.99999999999486
4158 43.57774909458568 0 19.99999999999476
4159 48.37457039380946 0 19.99999999999465
4160 53.17139169303249 0 19.99999999999455
4161 57.96821299225659 0 19.99999999999444
4162 62.76503429148205 0 19.99999999999433
4163 67.56185559071967 0 19.99999999999423
4164 72.35867688996976 0 19.99999999999413
4165 77.15549818921697 0 19.99999999999403
4166 81.95231948846782 0 19.99999999999392
4167 86.74914078771862 0 19.99999999999383
4168 91.54596208696586 0 19.99999999999371
4169 96.34278338621478 0 19.99999999999361
4170 101.1396046854656 0 19.99999999999351
4171 105.9364259847141 0 19.99999999999341
4172 110.7332472839646 0 19.9999999999933
4173 115.5300685832155 0 19.9999999999932
4174 125.964851191909 0 19.9999999999932
4175 131.6028125013547 0 19.9999999999933
4176 137.2407738108022 0 19.99999999999341
4177 142.8787351202332 0 19.99999999999351
4178 148.5166964296754 0 19.99999999999361
4179 154.154657739124 0 19.99999999999371
4180 159.7926190485624 0 19.99999999999381
4181 165.4305803580116 0 19.99999999999392
4182 171.068541667449 0 19.99999999999402
4183 176.7065029768821 0 19.99999999999413
4184 182.3444642863313 0 19.99999999999423
4185 187.9824255957852 0 19.99999999999434
4186 193.6203869052561 0 19.99999999999444
4187 199.2583482147316 0 19.99999999999454
4188 204.8963095242062 0 19.99999999999465
4189 210.5342708336781 0 19.99999999999475
4190 216.1722321431525 0 19.99999999999486
4191 221.8101934526244 0 19.99999999999496
4192 227.4481547620982 0 19.99999999999507
4193 233.0861160715755 0 19.99999999999517
4194 238.7240773810458 0 19.99999999999527
4195 244.36203869052 0 19.99999999999537
4196 254.9999999994282 0 19.99999999999548
4197 4.999999999992399 60 19.99999999999548
4198 15.63796130944798 60 19.99999999999523
4199 21.27592261889598 59.99999999999999 19.99999999999499
4200 26.91388392834285 60 19.99999999999474
4201 32.55184523778071 59.99999999999999 19.99999999999449
4202 38.18980654721904 60.00000000000001 19.99999999999425
4203 43.82776785665735 60 19.999999999994
4204 49.46572916609895 60 19.99999999999376
4205 55.10369047554161 60 19.99999999999351
4206 60.74165178498353 60 19.99999999999327
4207 66.37961309442791 60 19.99999999999302
4208 72.01757440387246 60 19.99999999999278
4209 77.65553571332885 60 19.99999999999253
4210 83.29349702280086 60 19.99999999999228
4211 88.93145833227477 60 19.99999999999204
4212 94.56941964174776 60 19.99999999999179
4213 100.2073809512192 59.99999999999999 19.99999999999155
4214 105.8453422606941 60 19.9999999999913
4215 111.483303570166 59.99999999999999 19.99999999999106
4216 117.1212648796383 59.99999999999999 19.99999999999081
4217 122.7592261891127 60 19.99999999999056
4218 128.3971874985798 60 19.99999999999032
4219 134.035148808055 60.00000000000001 19.99999999999007
4220 144.4699314167642 60 19.99999999999007
4221 149.2667527159972 60 19.99999999999032
4222 154.0635740152263 60 19.99999999999056
4223 158.8603953144556 60 19.99999999999081
4224 163.6572166136846 60 19.99999999999105
4225 168.4540379129058 60 19.9999999999913
4226 173.2508592121315 60 19.99999999999155
4227 178.0476805113591 60 19.99999999999179
4228 182.8445018105895 60 19.99999999999204
4229 187.641323109817 60 19.99999999999228
4230 192.4381444090444 60 19.99999999999253
4231 197.2349657082847 60 19.99999999999277
4232 202.0317870075298 59.99999999999999 19.99999999999302
4233 206.8286083067684 59.99999999999999 19.99999999999327
4234 211.6254296060121 60 19.99999999999351
4235 216.4222509052649 60 19.99999999999376
4236 221.219072204513 59.99999999999999 19.999999999994
4237 226.0158935037589 60 19.99999999999425
4238 230.8127148030117 60 19.9999999999945
4239 235.6095361022541 60 19.99999999999474
4240 240.4063574015002 60 19.99999999999498
4241 245.2031787007531 60.00000000000001 19.99999999999524
4242 254.9999999994282 60 19.99999999999548
4243 4.999999999992399 0 33.33333333329794
4244 14.51219311395243 0 33.33333333329806
4245 19.02438622790672 0 33.33333333329817
4246 23.53657934186152 0 33.33333333329828
4247 28.04877245581168 0 33.3333333332984
4248 32.56096556976031 0 33.33333333329851
4249 37.07315868370652 0 33.33333333329862
4250 41.585351797653 0 33.33333333329873
4251 46.09754491160199 0 33.33333333329885
4252 50.60973802554948 0 33.33333333329895
4253 55.12193113949545 0 33.33333333329907
4254 59.63412425344752 0 33.33333333329919
4255 64.14631736740705 0 33.33333333329929
4256 68.65851048138403 0 33.33333333329941
4257 73.17070359535525 0 33.33333333329952
4258 77.68289670932651 0 33.33333333329963
4259 82.19508982330062 0 33.33333333329975
4260 86.70728293727386 0 33.33333333329986
4261 91.21947605124346 0 33.33333333329998
4262 95.73166916522015 0 33.33333333330009
4263 100.2438622791914 0 33.3333333333002
4264 104.7560553931681 0 33.33333333330032
4265 109.2682485071395 0 33.33333333330042
4266 119.7030311158336 0 33.33333333330042
4267 125.6256206105607 0 33.33333333330032
4268 131.5482101052871 0 33.3333333333002
4269 137.4707995999987 0 33.3333333333001
4270 143.3933890947152 0 33.33333333329998
4271 149.3159785894373 0 33.33333333329986
4272 155.238568084148 0 33.33333333329975
4273 161.1611575788675 0 33.33333333329963
4274 167.0837470735896 0 33.33333333329951
4275 173.0063365683021 0 33.33333333329941
4276 178.9289260630192 0 33.33333333329929
4277 184.8515155577454 0 33.33333333329919
4278 190.7741050524905 0 33.33333333329907
4279 196.696694547238 0 33.33333333329896
4280 202.6192840419882 0 33.33333333329884
4281 208.5418735367384 0 33.33333333329873
4282 214.4644630314917 0 33.33333333329861
4283 220.3870525262389 0 33.33333333329852
4284 226.3096420209926 0 33.33333333329841
4285 232.2322315157414 0 33.33333333329828
4286 238.1548210104887 0 33.33333333329817
4287 244.077410505247 0 33.33333333329805
4288 254.9999999994282 0 33.33333333329794
4289 4.999999999992399 60.00000000000001 33.33333333329794
4290 15.92258949472408 59.99999999999999 33.33333333329806
4291 21.84517898944969 60 33.33333333329817
4292 27.76776848417445 60 33.33333333329828
4293 33.69035797888655 60 33.3333333332984
4294 39.61294747360077 60.00000000000001 33.33333333329851
4295 45.5355369683167 59.99999999999999 33.33333333329863
4296 51.45812646303417 60 33.33333333329874
4297 57.38071595775162 60 33.33333333329884
4298 63.30330545246985 60 33.33333333329897
4299 69.22589494718694 60 33.33333333329909
4300 75.14848444190247 59.99999999999999 33.33333333329919
4301 81.07107393663541 60 33.3333333332993
4302 86.99366343138435 59.99999999999999 33.33333333329941
4303 92.91625292613291 60 33.33333333329953
4304 98.83884242088581 60 33.33333333329964
4305 104.7614319156332 59.99999999999999 33.33333333329976
4306 110.6840214103867 60 33.33333333329987
4307 116.6066109051348 60 33.33333333329998
4308 122.529200399887 60 33.3333333333001
4309 128.4517898946351 60 33.33333333330021
4310 134.3743793893774 60 33.33333333330034
4311 140.2969688841276 60.00000000000001 33.33333333330044
4312 150.7317514928361 60.00000000000001 33.33333333330044
4313 155.2439446067916 60 33.33333333330034
4314 159.7561377207472 60 33.33333333330022
4315 164.2683308347011 60 33.3333333333001
4316 168.7805239486497 60 33.33333333329999
4317 173.2927170625988 60 33.33333333329987
4318 177.8049101765443 60 33.33333333329975
4319 182.3171032904926 60 33.33333333329964
4320 186.8292964044495 60 33.33333333329953
4321 191.3414895183936 60 33.33333333329941
4322 195.8536826323486 60 33.3333333332993
4323 200.3658757463175 60.00000000000001 33.33333333329918
4324 204.8780688602912 60 33.33333333329908
4325 209.3902619742522 60 33.33333333329897
4326 213.9024550882204 59.99999999999999 33.33333333329884
4327 218.4146482021941 60 33.33333333329875
4328 222.9268413161663 60.00000000000001 33.33333333329863
4329 227.4390344301329 60 33.33333333329851
4330 231.9512275441101 60.00000000000001 33.3333333332984
4331 236.4634206580831 60 33.33333333329828
4332 240.9756137720494 60 33.33333333329817
4333 245.4878068860301 60.00000000000001 33.33333333329806
4334 254.9999999994282 60 33.33333333329794
4335 4.999999999992399 0 50.00000000000001
4336 4.999999999992402 0 55
4337 14.31586610457066 0 50
4338 14.31586610457065 0 55
4339 18.63173220914177 0 50
4340 18.63173220914178 0 55
4341 22.94759831371566 0 50.00000000000001
4342 22.94759831371566 0 55
4343 27.2634644182825 0 50.00000000000001
4344 27.2634644182825 0 55
4345 31.57933052284912 0 49.99999999999999
4346 31.57933052284913 0 55
4347 35.89519662741884 0 50.00000000000001
4348 35.89519662741884 0 55
4349 40.2110627319879 0 49.99999999999999
4350 40.21106273198789 0 55
4351 44.52692883655182 0 50.00000000000001
4352 44.52692883655182 0 55
4353 48.84279494111847 0 50.00000000000001
4354 48.84279494111847 0 55
4355 53.1586610456851 0 50.00000000000001
4356 53.15866104568511 0 55.00000000000001
4357 57.47452715025174 0 50
4358 57.47452715025177 0 54.99999999999999
4359 61.79039325482998 0 50
4360 61.79039325483001 0 55
4361 66.10625935942167 0 50.00000000000001
4362 66.10625935942166 0 55
4363 70.42212546401363 0 50.00000000000001
4364 70.42212546401365 0 55
4365 74.7379915686015 0 50
4366 74.7379915686015 0 55
4367 79.05385767319468 0 50
4368 79.05385767319468 0 55
4369 83.36972377778297 0 50
4370 83.36972377778294 0 55
4371 87.68558988237045 0 50
4372 87.68558988237048 0 55.00000000000001
4373 92.00145598696314 0 50
4374 92.00145598696314 0 55
4375 96.31732209155633 0 50
4376 96.31732209155636 0 55.00000000000001
4377 100.633188196146 0 50
4378 100.633188196146 0 55.00000000000001
4379 104.9490543007316 0 49.99999999999999
4380 104.9490543007317 0 55
4381 117.6669452449869 0 50
4382 117.6669452449869 0 55
4383 123.6820840974707 0 50.00000000000001
4384 123.6820840974707 0 55.00000000000001
4385 129.6972229499609 0 50
4386 129.6972229499609 0 55
4387 135.7123618024312 0 50
4388 135.7123618024312 0 55
4389 141.7275006549089 0 50
4390 141.7275006549089 0 55
4391 147.742639507394 0 50.00000000000001
4392 147.742639507394 0 55
4393 153.7577783598643 0 50
4394 153.7577783598644 0 55
4395 159.772917212354 0 50
4396 159.7729172123539 0 54.99999999999999
4397 165.7880560648383 0 50.00000000000001
4398 165.7880560648383 0 55
4399 171.8031949173197 0 50
4400 171.8031949173197 0 55
4401 177.8183337698055 0 50.00000000000001
4402 177.8183337698055 0 55
4403 183.8334726223035 0 50
4404 183.8334726223035 0 55
4405 189.8486114748159 0 50
4406 189.8486114748158 0 55
4407 195.8637503273337 0 50.00000000000001
4408 195.8637503273337 0 55
4409 201.8788891798516 0 49.99999999999999
4410 201.8788891798516 0 55
4411 207.894028032375 0 50
4412 207.894028032375 0 55
4413 213.9091668848929 0 50
4414 213.9091668848929 0 55
4415 219.9243057374154 0 50
4416 219.9243057374154 0 55
4417 225.9394445899342 0 49.99999999999999
4418 225.9394445899342 0 54.99999999999999
4419 231.9545834424519 0 50
4420 231.954583442452 0 55
4421 237.9697222949754 0 50.00000000000001
4422 237.9697222949754 0 55.00000000000001
4423 243.9848611474901 0 50
4424 243.9848611474901 0 55.00000000000001
4425 254.9999999994282 0 50.00000000000001
4426 254.9999999994282 0 55
4427 4.999999999992399 60.00000000000001 50.00000000000001
4428 4.999999999992402 60 55
4429 16.01513885248761 60 50.00000000000001
4430 16.0151388524876 60 55
4431 22.03027770497678 60 50.00000000000001
4432 22.03027770497678 60 55
4433 28.04541655746651 60 50
4434 28.04541655746651 60 55
4435 34.06055540995077 60 50
4436 34.06055540995079 60 55
4437 40.07569426243292 60 50
4438 40.07569426243293 60 55.00000000000001
4439 46.0908331149187 60.00000000000001 50.00000000000001
4440 46.0908331149187 60 55
4441 52.10597196740006 60 50.00000000000001
4442 52.10597196740004 60 55
4443 58.12111081988205 60.00000000000001 50
4444 58.12111081988204 60.00000000000001 55
4445 64.13624967236677 60 50
4446 64.13624967236677 60 55
4447 70.1513885248492 60.00000000000001 50
4448 70.15138852484914 60.00000000000001 55
4449 76.1665273773273 60.00000000000001 50.00000000000001
4450 76.16652737732733 60 55
4451 82.18166622982615 60.00000000000001 50
4452 82.18166622982615 60 55
4453 88.19680508233819 60.00000000000001 50
4454 88.19680508233819 60 55
4455 94.21194393485523 60.00000000000001 50.00000000000001
4456 94.21194393485521 60 55.00000000000001
4457 100.2270827873708 59.99999999999999 49.99999999999999
4458 100.2270827873708 60 55
4459 106.2422216398894 60.00000000000001 49.99999999999999
4460 106.2422216398894 60 55
4461 112.2573604924024 59.99999999999999 50
4462 112.2573604924024 59.99999999999999 55
4463 118.2724993449173 60 50
4464 118.2724993449173 60 55
4465 124.2876381974292 60.00000000000001 50.00000000000001
4466 124.2876381974292 60.00000000000001 55
4467 130.3027770499443 60 50
4468 130.3027770499442 60 55
4469 136.3179159024629 60 50
4470 136.3179159024629 60.00000000000001 55.00000000000001
4471 142.3330547549728 59.99999999999999 49.99999999999999
4472 142.3330547549728 60 55
4473 155.0509456992449 60 50
4474 155.0509456992449 60 55
4475 159.3668118038146 60 50
4476 159.3668118038146 60 55
4477 163.6826779083916 60 50
4478 163.6826779083916 60 55
4479 167.9985440129581 60 50
4480 167.9985440129581 60.00000000000001 55
4481 172.3144101175237 60 50
4482 172.3144101175237 60 55.00000000000001
4483 176.6302762220857 60.00000000000001 50.00000000000001
4484 176.6302762220857 60 55
4485 180.9461423266631 60 50.00000000000001
4486 180.9461423266631 60 55
4487 185.2620084312188 60 50.00000000000001
4488 185.2620084312187 60 55
4489 189.5778745357909 60.00000000000001 50.00000000000001
4490 189.5778745357908 60 55
4491 193.8937406403464 60.00000000000001 50.00000000000001
4492 193.8937406403463 60 55
4493 198.2096067449085 60 50
4494 198.2096067449085 60.00000000000001 55
4495 202.5254728494893 60.00000000000001 50
4496 202.5254728494893 60.00000000000001 55
4497 206.8413389540701 60.00000000000001 50.00000000000001
4498 206.8413389540701 60 55
4499 211.1572050586726 60.00000000000001 50
4500 211.1572050586726 60 55
4501 215.4730711632621 60 50
4502 215.4730711632621 60 55
4503 219.7889372678457 60 50
4504 219.7889372678457 60 55
4505 224.1048033724487 60 49.99999999999999
4506 224.1048033724487 60 55
4507 228.420669477037 60 50
4508 228.4206694770369 60 55
4509 232.7365355816325 60 50.00000000000001
4510 232.7365355816325 60 55
4511 237.0524016862244 60 50
4512 237.0524016862244 59.99999999999999 55
4513 241.3682677908163 60 50
4514 241.3682677908162 60.00000000000001 55.00000000000001
4515 245.6841338953994 59.99999999999999 50
4516 245.6841338953994 59.99999999999999 55
4517 254.9999999994282 60.00000000000001 50.00000000000001
4518 254.9999999994282 60 55
4519 0 4.99999999999853 6.666666666649284
4520 0 9.999999999997684 6.666666666649283
4521 0 14.99999999999313 6.666666666649283
4522 0 19.99999999997724 6.666666666649283
4523 0 24.9999999999579 6.666666666649283
4524 0 29.99999999993923 6.666666666649283
4525 0 34.99999999994878 6.666666666649283
4526 0 39.99999999995902 6.666666666649283
4527 0 44.99999999996926 6.666666666649283
4528 0 49.99999999997951 6.666666666649283
4529 0 54.99999999998975 6.666666666649284
4530 10 4.99999999999853 6.666666666649284
4531 10 9.999999999997684 6.666666666649283
4532 10 14.99999999999313 6.666666666649283
4533 10 19.99999999997724 6.666666666649283
4534 10 24.9999999999579 6.666666666649283
4535 10 29.99999999993923 6.666666666649283
4536 10 34.99999999994878 6.666666666649283
4537 10 39.99999999995902 6.666666666649283
4538 10 44.99999999996926 6.666666666649283
4539 9.999999999999998 49.99999999997951 6.666666666649283
4540 10 54.99999999998975 6.666666666649284
4541 127.3130249673582 4.999999999998089 6.666666666647039
4542 127.8504199738863 9.999999999996501 6.666666666646949
4543 128.3878149804142 14.99999999999156 6.666666666646861
4544 128.9252099869407 19.99999999997556 6.666666666646769
4545 129.462604993467 24.99999999995578 6.66666666664668
4546 129.9999999999932 29.99999999993716 6.666666666646591
4547 130.5373950065225 34.99999999994613 6.666666666646503
4548 131.0747900130518 39.99999999995595 6.666666666646415
4549 131.6121850195812 44.99999999996709 6.666666666646324
4550 132.1495800261107 49.99999999997826 6.666666666646236
4551 132.6869750326401 54.99999999998884 6.666666666646146
4552 250 4.99999999999853 6.666666666649284
4553 250 9.999999999997684 6.666666666649283
4554 250 14.99999999999313 6.666666666649283
4555 250 19.99999999997724 6.666666666649283
4556 250 24.9999999999579 6.666666666649283
4557 250 29.99999999993923 6.666666666649283
4558 250 34.99999999994878 6.666666666649283
4559 250 39.99999999995902 6.666666666649283
4560 250 44.99999999996926 6.666666666649283
4561 250 49.99999999997951 6.666666666649283
4562 250 54.99999999998975 6.666666666649284
4563 260 4.99999999999853 6.666666666649284
4564 260 9.999999999997684 6.666666666649283
4565 260 14.99999999999313 6.666666666649283
4566 260 19.99999999997724 6.666666666649283
4567 260 24.9999999999579 6.666666666649283
4568 260 29.99999999993923 6.666666666649283
4569 260 34.99999999994878 6.666666666649283
4570 260 39.99999999995902 6.666666666649283
4571 259.9999999999999 44.99999999996926 6.666666666649283
4572 260 49.99999999997951 6.666666666649283
4573 260 54.99999999998975 6.666666666649284
4574 0 4.999999999998531 19.99999999999548
4575 0 9.999999999997675 19.99999999999548
4576 0 14.99999999999313 19.99999999999548
4577 0 19.99999999997724 19.99999999999547
4578 0 24.9999999999579 19.99999999999548
4579 0 29.99999999993923 19.99999999999548
4580 0 34.99999999994878 19.99999999999547
4581 0 39.99999999995902 19.99999999999547
4582 0 44.99999999996926 19.99999999999548
4583 0 49.99999999997951 19.99999999999548
4584 0 54.99999999998975 19.99999999999548
4585 10 4.999999999998531 19.99999999999548
4586 10 9.999999999997675 19.99999999999548
4587 10 14.99999999999313 19.99999999999548
4588 10 19.99999999997724 19.99999999999547
4589 10 24.9999999999579 19.99999999999548
4590 10 29.99999999993923 19.99999999999548
4591 10 34.99999999994878 19.99999999999547
4592 10 39.99999999995902 19.99999999999547
4593 10 44.99999999996926 19.99999999999548
4594 10 49.99999999997951 19.99999999999548
4595 10 54.99999999998975 19.99999999999548
4596 121.939074902053 4.999999999996188 19.99999999999282
4597 123.5512599216411 9.999999999992649 19.99999999999255
4598 125.163444941229 14.99999999998858 19.99999999999228
4599 126.7756299608138 19.99999999997515 19.99999999999201
4600 128.3878149803966 24.99999999995555 19.99999999999173
4601 129.99999999998 29.99999999993787 19.99999999999146
4602 131.6121850195713 34.99999999994509 19.99999999999119
4603 133.2243700391633 39.99999999995445 19.99999999999092
4604 134.8365550587565 44.99999999996749 19.99999999999065
4605 136.448740078349 49.99999999997885 19.99999999999038
4606 138.0609250979412 54.99999999998929 19.9999999999901
4607 250 4.999999999998531 19.99999999999548
4608 250 9.999999999997675 19.99999999999548
4609 250.0000000000001 14.99999999999313 19.99999999999548
4610 250 19.99999999997724 19.99999999999547
4611 250.0000000000001 24.9999999999579 19.99999999999548
4612 250 29.99999999993923 19.99999999999548
4613 250 34.99999999994878 19.99999999999547
4614 250 39.99999999995902 19.99999999999547
4615 250 44.99999999996926 19.99999999999548
4616 250 49.99999999997951 19.99999999999548
4617 250 54.99999999998975 19.99999999999548
4618 260 4.999999999998531 19.99999999999548
4619 260 9.999999999997675 19.99999999999548
4620 260 14.99999999999313 19.99999999999548
4621 260 19.99999999997724 19.99999999999547
4622 260 24.9999999999579 19.99999999999548
4623 260 29.99999999993923 19.99999999999548
4624 260.0000000000001 34.99999999994878 19.99999999999547
4625 260 39.99999999995902 19.99999999999547
4626 260 44.99999999996926 19.99999999999548
4627 260 49.99999999997951 19.99999999999548
4628 260 54.99999999998975 19.99999999999548
4629 0 4.999999999998528 33.33333333329794
4630 0 9.999999999997682 33.33333333329794
4631 0 14.99999999999313 33.33333333329794
4632 0 19.99999999997724 33.33333333329794
4633 0 24.99999999995789 33.33333333329794
4634 0 29.99999999993923 33.33333333329794
4635 0 34.99999999994878 33.33333333329794
4636 0 39.99999999995902 33.33333333329794
4637 0 44.99999999996926 33.33333333329794
4638 0 49.99999999997952 33.33333333329794
4639 0 54.99999999998975 33.33333333329794
4640 10 4.999999999998528 33.33333333329794
4641 10 9.999999999997682 33.33333333329794
4642 10 14.99999999999313 33.33333333329794
4643 10 19.99999999997724 33.33333333329794
4644 10 24.99999999995789 33.33333333329794
4645 10 29.99999999993923 33.33333333329794
4646 10 34.99999999994878 33.33333333329794
4647 10 39.99999999995902 33.33333333329794
4648 10 44.99999999996926 33.33333333329794
4649 10 49.99999999997952 33.33333333329794
4650 10 54.99999999998975 33.33333333329794
4651 116.4837013509261 4.999999999996431 33.33333333330054
4652 119.1869610807381 9.999999999992069 33.33333333330053
4653 121.89022081055 14.99999999998737 33.33333333330055
4654 124.5934805403568 19.99999999997326 33.33333333330054
4655 127.2967402701613 24.99999999995505 33.33333333330054
4656 129.999999999967 29.99999999993885 33.33333333330054
4657 132.7032597297866 34.99999999994861 33.33333333330054
4658 135.4065194596068 39.9999999999594 33.33333333330054
4659 138.1097791894279 44.99999999997172 33.33333333330054
4660 140.8130389192467 49.99999999997977 33.33333333330056
4661 143.5162986490657 54.99999999998837 33.33333333330056
4662 250 4.999999999998528 33.33333333329794
4663 250 9.999999999997682 33.33333333329794
4664 250 14.99999999999313 33.33333333329794
4665 250 19.99999999997724 33.33333333329794
4666 250 24.99999999995789 33.33333333329794
4667 250 29.99999999993923 33.33333333329794
4668 250 34.99999999994878 33.33333333329794
4669 250 39.99999999995902 33.33333333329794
4670 250 44.99999999996926 33.33333333329794
4671 250 49.99999999997952 33.33333333329794
4672 250 54.99999999998975 33.33333333329794
4673 260 4.999999999998528 33.33333333329794
4674 260 9.999999999997682 33.33333333329794
4675 260 14.99999999999313 33.33333333329794
4676 260 19.99999999997724 33.33333333329794
4677 260 24.99999999995789 33.33333333329794
4678 260 29.99999999993923 33.33333333329794
4679 260 34.99999999994878 33.33333333329794
4680 260 39.99999999995902 33.33333333329794
4681 260 44.99999999996926 33.33333333329794
4682 260 49.99999999997952 33.33333333329794
4683 260 54.99999999998975 33.33333333329794
4684 0 4.99999999999853 50
4685 0 4.99999999999853 55
4686 0 9.99999999999768 50.00000000000001
4687 0 9.999999999997682 55
4688 0 14.99999999999313 50
4689 0 14.99999999999313 55
4690 0 19.99999999997724 49.99999999999999
4691 0 19.99999999997724 54.99999999999999
4692 0 24.99999999995789 50
4693 0 24.99999999995789 55
4694 0 29.99999999993923 50.00000000000001
4695 0 29.99999999993923 55
4696 0 34.99999999994878 50.00000000000001
4697 0 34.99999999994878 55
4698 0 39.99999999995902 50.00000000000001
4699 0 39.99999999995902 55
4700 0 44.99999999996926 50
4701 0 44.99999999996926 55
4702 0 49.99999999997952 50.00000000000001
4703 0 49.99999999997952 55.00000000000001
4704 0 54.99999999998974 50
4705 0 54.99999999998976 55
4706 10 4.99999999999853 50
4707 10 4.99999999999853 55
4708 10 9.99999999999768 50.00000000000001
4709 10 9.999999999997682 55
4710 10 14.99999999999313 50
4711 10 14.99999999999313 55
4712 10 19.99999999997724 49.99999999999999
4713 9.999999999999998 19.99999999997724 54.99999999999999
4714 10 24.99999999995789 50
4715 10 24.99999999995789 55
4716 10 29.99999999993923 50.00000000000001
4717 10 29.99999999993923 55
4718 10 34.99999999994878 50.00000000000001
4719 10 34.99999999994878 55
4720 10 39.99999999995902 50.00000000000001
4721 10 39.99999999995902 55
4722 9.999999999999998 44.99999999996926 50
4723 10 44.99999999996926 55
4724 10 49.99999999997952 50.00000000000001
4725 10 49.99999999997952 55.00000000000001
4726 10 54.99999999998974 50
4727 10 54.99999999998976 55
4728 112.5218598388382 4.999999999998129 50
4729 112.5218598388382 4.999999999998129 55
4730 115.7787992723502 9.999999999994158 50
4731 115.7787992723502 9.999999999994156 55.00000000000001
4732 119.0357387058605 14.99999999998758 50.00000000000001
4733 119.0357387058605 14.99999999998759 55
4734 122.2926781393637 19.99999999997009 50.00000000000001
4735 122.2926781393637 19.99999999997009 55
4736 125.549617572867 24.99999999995268 49.99999999999999
4737 125.549617572867 24.99999999995269 55
4738 128.8065570063681 29.99999999993197 50.00000000000001
4739 128.8065570063681 29.99999999993197 55
4740 132.0634964398882 34.99999999994037 50
4741 132.0634964398881 34.99999999994036 55
4742 135.3204358734085 39.99999999994924 50.00000000000001
4743 135.3204358734085 39.99999999994924 55
4744 138.5773753069339 44.99999999996575 49.99999999999999
4745 138.5773753069339 44.99999999996574 55
4746 141.834314740456 49.99999999997718 50
4747 141.834314740456 49.99999999997718 55
4748 145.0912541739802 54.99999999999198 50
4749 145.0912541739802 54.99999999999196 55.00000000000001
4750 114.9087458260133 4.999999999998129 50
4751 114.9087458260133 4.999999999998129 55
4752 118.1656852595254 9.999999999994158 50
4753 118.1656852595253 9.999999999994156 55.00000000000001
4754 121.4226246930357 14.99999999998758 50.00000000000001
4755 121.4226246930356 14.99999999998759 55
4756 124.6795641265389 19.99999999997009 50.00000000000001
4757 124.6795641265389 19.99999999997009 55
4758 127.9365035600422 24.99999999995268 49.99999999999999
4759 127.9365035600422 24.99999999995269 55
4760 131.1934429935433 29.99999999993197 50.00000000000001
4761 131.1934429935433 29.99999999993197 55
4762 134.4503824270633 34.99999999994037 50
4763 134.4503824270633 34.99999999994036 55
4764 137.7073218605837 39.99999999994924 50.00000000000001
4765 137.7073218605837 39.99999999994924 55
4766 140.964261294109 44.99999999996575 49.99999999999999
4767 140.9642612941091 44.99999999996574 55
4768 144.2212007276311 49.99999999997718 50
4769 144.2212007276312 49.99999999997718 55
4770 147.4781401611554 54.99999999999198 50
4771 147.4781401611554 54.99999999999196 55.00000000000001
4772 250 4.99999999999853 50
4773 250 4.99999999999853 55
4774 250 9.99999999999768 50.00000000000001
4775 250 9.999999999997682 55
4776 250 14.99999999999313 50
4777 250 14.99999999999313 55
4778 250 19.99999999997724 49.99999999999999
4779 250 19.99999999997724 54.99999999999999
4780 250 24.99999999995789 50
4781 250 24.99999999995789 55
4782 250 29.99999999993923 50.00000000000001
4783 250 29.99999999993923 55
4784 250 34.99999999994878 50.00000000000001
4785 250 34.99999999994878 55
4786 250 39.99999999995902 50.00000000000001
4787 250 39.99999999995902 55
4788 250 44.99999999996926 50
4789 250 44.99999999996926 55
4790 250.0000000000001 49.99999999997952 50.00000000000001
4791 250 49.99999999997952 55.00000000000001
4792 250 54.99999999998974 50
4793 250 54.99999999998976 55
4794 260 4.99999999999853 50
4795 260 4.99999999999853 55
4796 260.0000000000001 9.99999999999768 50.00000000000001
4797 260 9.999999999997682 55
4798 260 14.99999999999313 50
4799 260 14.99999999999313 55
4800 260 19.99999999997724 49.99999999999999
4801 260 19.99999999997724 54.99999999999999
4802 260 24.99999999995789 50
4803 260 24.99999999995789 55
4804 260 29.99999999993923 50.00000000000001
4805 260 29.99999999993923 55
4806 260 34.99999999994878 50.00000000000001
4807 260 34.99999999994878 55
4808 260 39.99999999995902 50.00000000000001
4809 260 39.99999999995902 55
4810 260 44.99999999996926 50
4811 260 44.99999999996926 55
4812 260.0000000000001 49.99999999997952 50.00000000000001
4813 260 49.99999999997952 55.00000000000001
4814 260 54.99999999998974 50
4815 260 54.99999999998976 55
4816 4.999999999992397 4.999999999998527 6.66666666664928
4817 4.999999999992402 9.999999999997691 6.666666666649286
4818 4.9999999999924 14.99999999999313 6.666666666649282
4819 4.999999999992396 19.99999999997725 6.666666666649286
4820 4.999999999992398 24.99999999995791 6.66666666664928
4821 4.999999999992401 29.99999999993923 6.66666666664928
4822 4.999999999992401 34.99999999994878 6.666666666649283
4823 4.999999999992397 39.999999999959 6.666666666649279
4824 4.999999999992401 44.99999999996925 6.666666666649281
4825 4.999999999992397 49.99999999997951 6.666666666649284
4826 4.999999999992397 54.99999999998978 6.666666666649284
4827 15.10056630292095 4.999999999998508 6.666666666649183
4828 15.12393130320467 9.999999999997636 6.666666666649178
4829 15.14729630348838 14.99999999999305 6.666666666649178
4830 15.17066130377204 19.99999999997716 6.66666666664917
4831 15.19402630405567 24.9999999999578 6.666666666649167
4832 15.2173913043393 29.99999999993915 6.666666666649164
4833 15.24075630462307 34.99999999994866 6.666666666649162
4834 15.26412130490683 39.99999999995889 6.666666666649157
4835 15.28748630519059 44.99999999996916 6.666666666649151
4836 15.31085130547435 49.99999999997944 6.666666666649152
4837 15.33421630575811 54.9999999999897 6.666666666649149
4838 20.20113260584516 4.999999999998492 6.666666666649088
4839 20.24786260641266 9.999999999997584 6.666666666649082
4840 20.29459260698013 14.99999999999299 6.666666666649075
4841 20.34132260754747 19.99999999997708 6.666666666649068
4842 20.38805260811479 24.99999999995772 6.666666666649056
4843 20.4347826086821 29.99999999993906 6.66666666664905
4844 20.48151260924968 34.99999999994856 6.666666666649039
4845 20.52824260981728 39.99999999995874 6.666666666649034
4846 20.57497261038482 44.99999999996905 6.666666666649028
4847 20.62170261095238 49.99999999997938 6.666666666649021
4848 20.66843261151996 54.99999999998967 6.666666666649011
4849 25.30169890877234 4.999999999998472 6.666666666648992
4850 25.37179390962361 9.999999999997522 6.666666666648979
4851 25.44188891047483 14.99999999999292 6.666666666648966
4852 25.51198391132588 19.99999999997701 6.66666666664896
4853 25.58207891217688 24.99999999995764 6.666666666648947
4854 25.65217391302787 29.99999999993896 6.666666666648933
4855 25.72226891387928 34.99999999994844 6.666666666648918
4856 25.79236391473067 39.9999999999586 6.666666666648911
4857 25.86245891558205 44.99999999996898 6.666666666648893
4858 25.93255391643342 49.99999999997936 6.666666666648882
4859 26.00264891728479 54.99999999998965 6.666666666648871
4860 30.40226521169184 4.999999999998456 6.666666666648892
4861 30.49572521282686 9.999999999997474 6.666666666648879
4862 30.58918521396177 14.99999999999286 6.666666666648863
4863 30.68264521509644 19.99999999997695 6.666666666648847
4864 30.77610521623106 24.99999999995753 6.666666666648833
4865 30.86956521736567 29.99999999993887 6.666666666648812
4866 30.96302521850082 34.99999999994834 6.666666666648799
4867 31.05648521963598 39.99999999995849 6.666666666648783
4868 31.14994522077109 44.99999999996886 6.666666666648765
4869 31.24340522190619 49.99999999997929 6.666666666648752
4870 31.33686522304133 54.9999999999896 6.666666666648736
4871 35.5028315146178 4.999999999998432 6.666666666648795
4872 35.61965651603643 9.999999999997428 6.666666666648773
4873 35.73648151745498 14.99999999999278 6.666666666648758
4874 35.85330651887324 19.99999999997688 6.666666666648737
4875 35.97013152029144 24.99999999995745 6.666666666648716
4876 36.08695652170957 29.99999999993879 6.666666666648696
4877 36.20378152312841 34.99999999994822 6.666666666648678
4878 36.32060652454725 39.99999999995837 6.666666666648661
4879 36.43743152596603 44.99999999996881 6.666666666648641
4880 36.5542565273848 49.99999999997924 6.666666666648618
4881 36.67108152880363 54.99999999998957 6.666666666648598
4882 40.60339781754462 4.999999999998414 6.666666666648694
4883 40.7435878192469 9.999999999997373 6.66666666664867
4884 40.88377782094908 14.99999999999273 6.66666666664865
4885 41.0239678226509 19.99999999997681 6.666666666648629
4886 41.16415782435266 24.99999999995735 6.666666666648606
4887 41.30434782605438 29.99999999993869 6.666666666648585
4888 41.44453782775687 34.9999999999481 6.66666666664856
4889 41.5847278294594 39.99999999995822 6.666666666648535
4890 41.72491783116183 44.99999999996874 6.66666666664851
4891 41.86510783286433 49.99999999997921 6.666666666648485
4892 42.00529783456678 54.99999999998953 6.666666666648466
4893 45.70396412046138 4.999999999998398 6.6666666666486
4894 45.86751912244711 9.99999999999733 6.666666666648575
4895 46.03107412443274 14.99999999999265 6.666666666648547
4896 46.19462912641795 19.99999999997673 6.666666666648523
4897 46.35818412840309 24.99999999995726 6.666666666648496
4898 46.52173913038814 29.99999999993863 6.666666666648464
4899 46.68529413237417 34.99999999994799 6.666666666648435
4900 46.84884913436014 39.99999999995809 6.666666666648414
4901 47.01240413634608 44.99999999996859 6.666666666648384
4902 47.17595913833201 49.99999999997915 6.666666666648357
4903 47.33951414031792 54.99999999998947 6.666666666648331
4904 50.80453042337286 4.999999999998376 6.666666666648502
4905 50.99145042564238 9.999999999997275 6.666666666648473
4906 51.17837042791169 14.99999999999259 6.666666666648436
4907 51.36529043018059 19.99999999997666 6.666666666648408
4908 51.55221043244929 24.99999999995717 6.666666666648375
4909 51.73913043471801 29.99999999993852 6.666666666648347
4910 51.92605043698779 34.99999999994786 6.666666666648318
4911 52.11297043925756 39.99999999995794 6.666666666648284
4912 52.29989044152727 44.99999999996852 6.666666666648251
4913 52.48681044379698 49.9999999999791 6.666666666648225
4914 52.67373044606666 54.99999999998946 6.666666666648192
4915 55.905096726285 4.999999999998357 6.666666666648404
4916 56.11538172883813 9.99999999999722 6.66666666664837
4917 56.32566673139105 14.99999999999252 6.666666666648332
4918 56.53595173394346 19.99999999997657 6.666666666648297
4919 56.74623673649573 24.99999999995708 6.666666666648265
4920 56.95652173904794 29.99999999993842 6.666666666648229
4921 57.16680674160137 34.99999999994773 6.666666666648196
4922 57.37709174415475 39.99999999995782 6.66666666664816
4923 57.5873767467081 44.99999999996842 6.666666666648129
4924 57.79766174926147 49.99999999997902 6.66666666664809
4925 58.00794675181481 54.99999999998938 6.666666666648055
4926 61.00566302919719 4.999999999998339 6.666666666648308
4927 61.2393130320341 9.999999999997172 6.666666666648273
4928 61.47296303487074 14.99999999999245 6.666666666648234
4929 61.70661303770689 19.9999999999765 6.666666666648196
4930 61.94026304054288 24.99999999995698 6.666666666648151
4931 62.17391304337879 29.99999999993833 6.666666666648113
4932 62.40756304621605 34.99999999994763 6.666666666648077
4933 62.64121304905328 39.99999999995769 6.666666666648035
4934 62.87486305189045 44.9999999999683 6.666666666647995
4935 63.10851305472769 49.99999999997896 6.666666666647957
4936 63.34216305756485 54.99999999998936 6.666666666647917
4937 66.10622933209791 4.999999999998318 6.666666666648209
4938 66.36324433521862 9.999999999997122 6.666666666648164
4939 66.62025933833918 14.99999999999238 6.666666666648124
4940 66.87727434145916 19.99999999997643 6.666666666648084
4941 67.1342893445789 24.99999999995689 6.666666666648041
4942 67.39130434769855 29.99999999993825 6.666666666647998
4943 67.64831935081982 34.99999999994756 6.666666666647954
4944 67.90533435394099 39.99999999995755 6.666666666647912
4945 68.16234935706213 44.99999999996824 6.666666666647865
4946 68.41936436018321 49.9999999999789 6.666666666647827
4947 68.67637936330436 54.99999999998935 6.666666666647784
4948 71.20679563501508 4.999999999998301 6.666666666648115
4949 71.48717563841964 9.999999999997065 6.666666666648066
4950 71.76755564182386 14.99999999999231 6.666666666648024
4951 72.04793564522748 19.99999999997637 6.666666666647971
4952 72.32831564863089 24.9999999999568 6.666666666647926
4953 72.6086956520343 29.99999999993815 6.66666666664788
4954 72.88907565543929 34.99999999994741 6.666666666647836
4955 73.16945565884426 39.99999999995741 6.666666666647792
4956 73.44983566224917 44.99999999996813 6.666666666647739
4957 73.73021566565413 49.99999999997885 6.666666666647692
4958 74.01059566905907 54.99999999998927 6.666666666647647
4959 76.30736193795434 4.99999999999828 6.666666666648013
4960 76.61110694164282 9.999999999997019 6.666666666647966
4961 76.91485194533099 14.99999999999225 6.666666666647918
4962 77.21859694901843 19.99999999997629 6.666666666647861
4963 77.52234195270567 24.99999999995671 6.666666666647813
4964 77.82608695639298 29.99999999993806 6.66666666664776
4965 78.12983196008193 34.99999999994728 6.666666666647713
4966 78.43357696377088 39.99999999995728 6.666666666647664
4967 78.73732196745983 44.99999999996806 6.666666666647615
4968 79.04106697114872 49.9999999999788 6.666666666647561
4969 79.34481197483773 54.99999999998923 6.66666666664751
4970 81.40792824089087 4.999999999998261 6.666666666647919
4971 81.73503824486355 9.999999999996966 6.666666666647863
4972 82.06214824883595 14.99999999999217 6.666666666647814
4973 82.38925825280762 19.99999999997621 6.666666666647752
4974 82.71636825677906 24.99999999995661 6.6666666666477
4975 83.04347826075049 29.99999999993797 6.666666666647643
4976 83.37058826472381 34.99999999994716 6.666666666647592
4977 83.69769826869708 39.99999999995715 6.666666666647539
4978 84.02480827267036 44.99999999996795 6.66666666664748
4979 84.35191827664359 49.99999999997875 6.666666666647426
4980 84.67902828061689 54.99999999998921 6.666666666647375
4981 86.50849454383081 4.999999999998241 6.66666666664782
4982 86.8589695480874 9.999999999996913 6.666666666647762
4983 87.20944455234363 14.99999999999211 6.666666666647703
4984 87.55991955659908 19.99999999997615 6.666666666647643
4985 87.91039456085434 24.99999999995654 6.66666666664759
4986 88.26086956510953 29.99999999993787 6.666666666647526
4987 88.61134456936671 34.99999999994705 6.666666666647467
4988 88.9618195736239 39.99999999995703 6.666666666647415
4989 89.31229457788109 44.99999999996784 6.666666666647352
4990 89.66276958213827 49.9999999999787 6.666666666647298
4991 90.01324458639544 54.99999999998917 6.666666666647238
4992 91.60906084677093 4.999999999998225 6.666666666647722
4993 91.98290085131126 9.999999999996865 6.666666666647664
4994 92.35674085585144 14.99999999999204 6.6666666666476
4995 92.7305808603906 19.99999999997608 6.666666666647536
4996 93.10442086492962 24.99999999995643 6.666666666647476
4997 93.47826086946854 29.9999999999378 6.666666666647416
4998 93.85210087400964 34.99999999994694 6.66666666664735
4999 94.22594087855069 39.99999999995688 6.666666666647286
5000 94.59978088309175 44.99999999996777 6.666666666647229
5001 94.97362088763282 49.99999999997863 6.666666666647162
5002 95.34746089217393 54.99999999998915 6.666666666647105
5003 96.70962714970834 4.999999999998206 6.666666666647623
5004 97.10683215453287 9.999999999996806 6.666666666647562
5005 97.5040371593571 14.99999999999198 6.666666666647495
5006 97.90124216418042 19.999999999976 6.666666666647428
5007 98.29844716900358 24.99999999995634 6.666666666647362
5008 98.69565217382667 29.99999999993771 6.666666666647296
5009 99.0928571786519 34.99999999994683 6.666666666647232
5010 99.49006218347728 39.99999999995676 6.66666666664717
5011 99.8872671883026 44.99999999996767 6.666666666647095
5012 100.284472193128 49.99999999997861 6.66666666664703
5013 100.6816771979533 54.99999999998908 6.666666666646968
5014 101.8101934526483 4.999999999998184 6.666666666647528
5015 102.2307634577567 9.99999999999676 6.666666666647457
5016 102.6513334628648 14.99999999999191 6.66666666664739
5017 103.0719034679719 19.99999999997593 6.666666666647319
5018 103.4924734730787 24.99999999995624 6.666666666647246
5019 103.9130434781855 29.9999999999376 6.666666666647178
5020 104.3336134832948 34.99999999994672 6.66666666664711
5021 104.7541834884041 39.99999999995661 6.666666666647041
5022 105.1747534935133 44.99999999996759 6.666666666646968
5023 105.5953234986225 49.99999999997852 6.666666666646895
5024 106.0158935037317 54.99999999998904 6.666666666646827
5025 106.9107597555883 4.999999999998166 6.666666666647428
5026 107.3546947609806 9.999999999996707 6.666666666647354
5027 107.7986297663724 14.99999999999183 6.666666666647282
5028 108.2425647717634 19.99999999997585 6.666666666647206
5029 108.686499777154 24.99999999995616 6.666666666647132
5030 109.1304347825445 29.99999999993753 6.66666666664706
5031 109.5743697879377 34.9999999999466 6.666666666646989
5032 110.0183047933307 39.99999999995647 6.666666666646912
5033 110.4622397987239 44.99999999996744 6.666666666646835
5034 110.906174804117 49.99999999997849 6.666666666646764
5035 111.3501098095102 54.99999999998901 6.666666666646693
5036 112.0113260585262 4.999999999998145 6.666666666647332
5037 112.4786260642025 9.999999999996657 6.66666666664725
5038 112.9459260698786 14.99999999999177 6.666666666647176
5039 113.4132260755535 19.99999999997578 6.666666666647097
5040 113.8805260812282 24.99999999995605 6.666666666647018
5041 114.3478260869028 29.99999999993743 6.666666666646939
5042 114.8151260925801 34.9999999999465 6.666666666646869
5043 115.2824260982574 39.99999999995637 6.666666666646788
5044 115.7497261039347 44.9999999999674 6.666666666646706
5045 116.2170261096121 49.99999999997843 6.666666666646629
5046 116.6843261152896 54.99999999998897 6.666666666646551
5047 117.1118923614658 4.999999999998129 6.666666666647234
5048 117.602557367426 9.999999999996605 6.66666666664715
5049 118.093222373386 14.9999999999917 6.666666666647072
5050 118.5838873793446 19.99999999997572 6.666666666646992
5051 119.0745523853031 24.99999999995598 6.666666666646908
5052 119.5652173912615 29.99999999993734 6.666666666646826
5053 120.0558823972227 34.99999999994637 6.666666666646744
5054 120.546547403184 39.99999999995622 6.666666666646666
5055 121.0372124091454 44.99999999996727 6.666666666646579
5056 121.5278774151067 49.99999999997837 6.666666666646501
5057 122.0185424210679 54.99999999998889 6.666666666646419
5058 122.2124586644058 4.99999999999811 6.666666666647136
5059 122.72648867065 9.999999999996554 6.666666666647051
5060 123.2405186768937 14.99999999999164 6.666666666646968
5061 123.7545486831363 19.99999999997564 6.66666666664688
5062 124.2685786893785 24.99999999995587 6.666666666646794
5063 124.7826086956207 29.99999999993725 6.666666666646706
5064 125.296638701866 34.99999999994627 6.666666666646623
5065 125.8106687081112 39.99999999995608 6.666666666646539
5066 126.3246987143564 44.99999999996717 6.666666666646452
5067 126.8387287206017 49.99999999997831 6.666666666646367
5068 127.352758726847 54.99999999998887 6.666666666646284
5069 132.6472412730874 4.999999999998106 6.666666666647134
5070 133.1612712793321 9.999999999996557 6.666666666647052
5071 133.6753012855763 14.99999999999164 6.666666666646965
5072 134.1893312918194 19.99999999997564 6.666666666646879
5073 134.7033612980622 24.99999999995587 6.66666666664679
5074 135.2173913043051 29.99999999993724 6.66666666664671
5075 135.7314213105508 34.99999999994625 6.666666666646625
5076 136.2454513167964 39.99999999995609 6.666666666646544
5077 136.7594813230423 44.99999999996717 6.666666666646451
5078 137.2735113292882 49.99999999997831 6.666666666646366
5079 137.787541335534 54.99999999998887 6.666666666646285
5080 137.981457578817 4.999999999998126 6.666666666647238
5081 138.4721225847783 9.999999999996604 6.666666666647155
5082 138.9627875907394 14.9999999999917 6.666666666647073
5083 139.4534525966993 19.99999999997572 6.666666666646993
5084 139.9441176026587 24.99999999995597 6.666666666646906
5085 140.4347826086185 29.99999999993735 6.666666666646826
5086 140.9254476145807 34.99999999994636 6.666666666646745
5087 141.4161126205431 39.99999999995622 6.666666666646664
5088 141.9067776265056 44.99999999996726 6.666666666646583
5089 142.3974426324679 49.99999999997837 6.6666666666465
5090 142.8881076384304 54.9999999999889 6.66666666664642
5091 143.3156738845462 4.999999999998145 6.666666666647331
5092 143.782973890224 9.99999999999666 6.666666666647251
5093 144.2502738959015 14.99999999999178 6.666666666647176
5094 144.7175739015779 19.99999999997579 6.666666666647094
5095 145.184873907254 24.99999999995605 6.66666666664702
5096 145.6521739129302 29.99999999993744 6.666666666646945
5097 146.119473918609 34.99999999994647 6.666666666646867
5098 146.5867739242878 39.99999999995634 6.666666666646792
5099 147.0540739299666 44.99999999996739 6.666666666646712
5100 147.5213739356455 49.9999999999784 6.666666666646634
5101 147.9886739413243 54.99999999998899 6.666666666646554
5102 148.6498901902701 4.999999999998165 6.666666666647429
5103 149.0938251956647 9.99999999999671 6.666666666647357
5104 149.537760201059 14.99999999999183 6.666666666647282
5105 149.9816952064522 19.99999999997587 6.666666666647211
5106 150.4256302118451 24.99999999995616 6.666666666647133
5107 150.869565217238 29.99999999993753 6.666666666647059
5108 151.3135002226334 34.9999999999466 6.666666666646988
5109 151.7574352280288 39.99999999995646 6.666666666646914
5110 152.2013702334241 44.99999999996747 6.666666666646845
5111 152.6453052388196 49.99999999997846 6.666666666646764
5112 153.0892402442151 54.99999999998897 6.666666666646696
5113 153.9841064959996 4.999999999998184 6.666666666647528
5114 154.4046765011103 9.999999999996762 6.666666666647453
5115 154.8252465062211 14.9999999999919 6.666666666647389
5116 155.245816511331 19.99999999997593 6.666666666647317
5117 155.6663865164404 24.99999999995624 6.666666666647245
5118 156.0869565215498 29.99999999993761 6.666666666647176
5119 156.5075265266616 34.99999999994672 6.666666666647108
5120 156.9280965317734 39.99999999995661 6.666666666647039
5121 157.3486665368851 44.99999999996756 6.666666666646967
5122 157.769236541997 49.99999999997853 6.666666666646893
5123 158.1898065471088 54.99999999998902 6.666666666646827
5124 159.3183228017296 4.999999999998206 6.666666666647623
5125 159.7155278065569 9.99999999999681 6.666666666647558
5126 160.1127328113839 14.99999999999197 6.66666666664749
5127 160.5099378162099 19.99999999997601 6.666666666647429
5128 160.9071428210357 24.99999999995632 6.666666666647362
5129 161.3043478258616 29.9999999999377 6.666666666647294
5130 161.7015528306896 34.99999999994685 6.66666666664723
5131 162.0987578355176 39.99999999995674 6.666666666647164
5132 162.4959628403455 44.99999999996767 6.666666666647095
5133 162.8931678451736 49.99999999997856 6.666666666647032
5134 163.2903728500016 54.99999999998907 6.666666666646969
5135 164.65253910746 4.999999999998222 6.666666666647722
5136 165.0263791120036 9.999999999996858 6.666666666647663
5137 165.4002191165466 14.99999999999204 6.6666666666476
5138 165.7740591210891 19.99999999997608 6.666666666647538
5139 166.1478991256311 24.99999999995643 6.666666666647473
5140 166.5217391301732 29.99999999993779 6.66666666664741
5141 166.8955791347173 34.99999999994694 6.666666666647348
5142 167.2694191392615 39.99999999995691 6.666666666647289
5143 167.6432591438058 44.99999999996778 6.666666666647223
5144 168.01709914835 49.99999999997865 6.666666666647162
5145 168.3909391528941 54.9999999999891 6.666666666647104
5146 169.9867554131906 4.999999999998241 6.666666666647819
5147 170.3372304174502 9.99999999999692 6.666666666647761
5148 170.6877054217096 14.99999999999211 6.666666666647704
5149 171.0381804259682 19.99999999997615 6.666666666647641
5150 171.3886554302265 24.99999999995651 6.666666666647584
5151 171.7391304344849 29.99999999993788 6.666666666647528
5152 172.0896054387452 34.99999999994704 6.666666666647469
5153 172.4400804430055 39.99999999995703 6.666666666647414
5154 172.7905554472658 44.99999999996784 6.666666666647352
5155 173.1410304515261 49.99999999997871 6.666666666647297
5156 173.4915054557866 54.99999999998919 6.66666666664724
5157 175.320971718911 4.99999999999826 6.666666666647918
5158 175.6480817228879 9.999999999996971 6.666666666647865
5159 175.9751917268645 14.99999999999218 6.666666666647813
5160 176.3023017308403 19.99999999997622 6.666666666647752
5161 176.6294117348158 24.99999999995661 6.666666666647702
5162 176.9565217387912 29.99999999993798 6.666666666647645
5163 177.2836317427687 34.99999999994718 6.666666666647592
5164 177.610741746746 39.99999999995715 6.666666666647538
5165 177.9378517507236 44.99999999996795 6.666666666647478
5166 178.2649617547008 49.99999999997876 6.666666666647425
5167 178.5920717586781 54.99999999998921 6.666666666647375
5168 180.6551880246368 4.99999999999828 6.666666666648016
5169 180.9589330283303 9.999999999997019 6.666666666647965
5170 181.2626780320235 14.99999999999225 6.666666666647915
5171 181.5664230357159 19.99999999997629 6.666666666647866
5172 181.8701680394083 24.99999999995671 6.666666666647808
5173 182.1739130431005 29.99999999993806 6.66666666664776
5174 182.4776580467943 34.99999999994726 6.666666666647712
5175 182.7814030504885 39.99999999995728 6.666666666647662
5176 183.0851480541824 44.99999999996803 6.666666666647613
5177 183.3888930578762 49.9999999999788 6.666666666647561
5178 183.6926380615701 54.99999999998922 6.666666666647508
5179 185.9894043303678 4.999999999998302 6.666666666648116
5180 186.2697843337775 9.999999999997073 6.666666666648068
5181 186.5501643371869 14.99999999999231 6.666666666648022
5182 186.8305443405955 19.99999999997637 6.666666666647973
5183 187.1109243440042 24.99999999995679 6.666666666647926
5184 187.3913043474126 29.99999999993814 6.666666666647877
5185 187.6716843508225 34.99999999994738 6.66666666664783
5186 187.9520643542325 39.99999999995743 6.666666666647787
5187 188.2324443576426 44.99999999996813 6.666666666647741
5188 188.5128243610527 49.99999999997885 6.666666666647695
5189 188.7932043644625 54.9999999999893 6.666666666647649
5190 191.3236206361367 4.999999999998317 6.66666666664821
5191 191.5806356392622 9.999999999997126 6.666666666648167
5192 191.8376506423875 14.99999999999238 6.666666666648123
5193 192.094665645512 19.99999999997644 6.666666666648082
5194 192.3516806486367 24.99999999995689 6.66666666664804
5195 192.6086956517612 29.99999999993823 6.666666666647995
5196 192.865710654887 34.99999999994752 6.666666666647953
5197 193.1227256580129 39.99999999995755 6.666666666647913
5198 193.3797406611387 44.99999999996821 6.666666666647865
5199 193.6367556642645 49.9999999999789 6.666666666647826
5200 193.8937706673904 54.99999999998931 6.666666666647785
5201 196.6578369419419 4.999999999998337 6.666666666648307
5202 196.8914869447834 9.999999999997172 6.66666666664827
5203 197.1251369476246 14.99999999999244 6.66666666664823
5204 197.3587869504653 19.99999999997651 6.666666666648191
5205 197.5924369533057 24.99999999995697 6.666666666648151
5206 197.8260869561463 29.99999999993833 6.666666666648114
5207 198.0597369589881 34.99999999994764 6.666666666648073
5208 198.2933869618299 39.99999999995769 6.666666666648037
5209 198.5270369646717 44.99999999996831 6.666666666647995
5210 198.7606869675134 49.99999999997897 6.666666666647956
5211 198.9943369703551 54.99999999998938 6.666666666647918
5212 201.992053247748 4.999999999998357 6.666666666648405
5213 202.2023382503048 9.999999999997224 6.666666666648371
5214 202.4126232528612 14.99999999999251 6.666666666648333
5215 202.6229082554173 19.99999999997658 6.666666666648301
5216 202.8331932579731 24.99999999995707 6.666666666648262
5217 203.043478260529 29.99999999993844 6.666666666648229
5218 203.2537632630861 34.99999999994772 6.666666666648196
5219 203.464048265643 39.99999999995782 6.666666666648164
5220 203.6743332682001 44.99999999996842 6.666666666648128
5221 203.8846182707571 49.99999999997902 6.666666666648089
5222 204.0949032733142 54.99999999998937 6.666666666648057
5223 207.3262695535541 4.999999999998377 6.6666666666485
5224 207.5131895558268 9.999999999997279 6.666666666648469
5225 207.7001095580992 14.99999999999258 6.66666666664844
5226 207.8870295603713 19.99999999997667 6.66666666664841
5227 208.0739495626432 24.99999999995716 6.666666666648373
5228 208.2608695649151 29.99999999993851 6.666666666648348
5229 208.4477895671881 34.99999999994786 6.666666666648316
5230 208.6347095694609 39.99999999995795 6.666666666648281
5231 208.821629571734 44.99999999996849 6.666666666648252
5232 209.0085495740069 49.99999999997907 6.666666666648223
5233 209.1954695762799 54.99999999998944 6.666666666648194
5234 212.6604858593602 4.999999999998396 6.666666666648601
5235 212.8240408613487 9.999999999997327 6.666666666648572
5236 212.9875958633372 14.99999999999265 6.666666666648547
5237 213.1511508653251 19.99999999997672 6.666666666648519
5238 213.3147058673132 24.99999999995725 6.66666666664849
5239 213.4782608693011 29.9999999999386 6.666666666648463
5240 213.64181587129 34.99999999994797 6.666666666648434
5241 213.8053708732788 39.9999999999581 6.666666666648412
5242 213.9689258752678 44.99999999996859 6.666666666648384
5243 214.1324808772566 49.99999999997913 6.666666666648357
5244 214.2960358792455 54.9999999999895 6.666666666648334
5245 217.994702165165 4.999999999998414 6.6666666666487
5246 218.1348921668696 9.999999999997375 6.666666666648675
5247 218.2750821685742 14.99999999999273 6.666666666648648
5248 218.4152721702783 19.99999999997681 6.666666666648629
5249 218.5554621719824 24.99999999995734 6.666666666648602
5250 218.6956521736867 29.99999999993869 6.666666666648576
5251 218.8358421753915 34.99999999994809 6.666666666648559
5252 218.9760321770965 39.99999999995822 6.666666666648537
5253 219.1162221788013 44.99999999996871 6.666666666648506
5254 219.2564121805063 49.99999999997918 6.666666666648483
5255 219.3966021822112 54.99999999998952 6.666666666648466
5256 223.3289184709701 4.999999999998433 6.666666666648797
5257 223.4457434723907 9.999999999997428 6.666666666648771
5258 223.5625684738114 14.99999999999279 6.666666666648758
5259 223.6793934752319 19.99999999997688 6.666666666648736
5260 223.796218476652 24.99999999995745 6.666666666648716
5261 223.9130434780723 29.99999999993877 6.666666666648697
5262 224.0298684794932 34.99999999994822 6.666666666648677
5263 224.1466934809141 39.99999999995836 6.666666666648661
5264 224.2635184823349 44.99999999996877 6.666666666648641
5265 224.3803434837559 49.99999999997924 6.666666666648622
5266 224.4971684851768 54.99999999998956 6.6666666666486
5267 228.6631347767761 4.999999999998455 6.666666666648893
5268 228.7565947779129 9.999999999997478 6.666666666648877
5269 228.8500547790493 14.99999999999285 6.66666666664886
5270 228.9435147801858 19.99999999997695 6.666666666648851
5271 229.036974781322 24.99999999995752 6.666666666648831
5272 229.1304347824585 29.99999999993885 6.666666666648817
5273 229.2238947835953 34.99999999994831 6.666666666648801
5274 229.317354784732 39.99999999995849 6.666666666648789
5275 229.4108147858689 44.99999999996888 6.666666666648773
5276 229.5042747870056 49.99999999997927 6.666666666648752
5277 229.5977347881424 54.99999999998961 6.666666666648744
5278 233.9973510825834 4.999999999998473 6.666666666648991
5279 234.0674460834354 9.999999999997531 6.66666666664898
5280 234.1375410842876 14.99999999999292 6.666666666648967
5281 234.2076360851395 19.99999999997702 6.666666666648958
5282 234.277731085991 24.99999999995762 6.666666666648945
5283 234.3478260868429 29.99999999993897 6.666666666648931
5284 234.4179210876952 34.99999999994843 6.666666666648918
5285 234.4880160885471 39.99999999995863 6.666666666648914
5286 234.5581110893995 44.99999999996899 6.666666666648895
5287 234.6282060902515 49.99999999997932 6.666666666648881
5288 234.6983010911038 54.99999999998963 6.666666666648873
5289 239.331567388388 4.99999999999849 6.666666666649092
5290 239.3782973889561 9.999999999997586 6.666666666649083
5291 239.4250273895242 14.99999999999299 6.666666666649072
5292 239.4717573900922 19.9999999999771 6.666666666649068
5293 239.5184873906599 24.9999999999577 6.666666666649055
5294 239.5652173912278 29.99999999993906 6.666666666649051
5295 239.611947391796 34.99999999994856 6.666666666649046
5296 239.6586773923642 39.99999999995877 6.666666666649034
5297 239.7054073929322 44.99999999996906 6.666666666649028
5298 239.7521373935004 49.9999999999794 6.666666666649021
5299 239.7988673940684 54.99999999998969 6.666666666649016
5300 244.6657836941939 4.999999999998509 6.666666666649188
5301 244.6891486944779 9.999999999997634 6.666666666649179
5302 244.712513694762 14.99999999999305 6.666666666649175
5303 244.7358786950458 19.99999999997717 6.666666666649174
5304 244.7592436953299 24.99999999995781 6.666666666649166
5305 244.7826086956139 29.99999999993914 6.666666666649166
5306 244.805973695898 34.99999999994867 6.666666666649163
5307 244.8293386961821 39.99999999995888 6.666666666649161
5308 244.8527036964661 44.99999999996918 6.666666666649155
5309 244.8760686967502 49.99999999997944 6.66666666664915
5310 244.8994336970344 54.99999999998975 6.666666666649148
5311 254.9999999994282 4.999999999998528 6.666666666649284
5312 254.9999999994282 9.999999999997691 6.666666666649284
5313 254.9999999994282 14.99999999999313 6.66666666664928
5314 254.9999999994282 19.99999999997725 6.666666666649283
5315 254.9999999994282 24.9999999999579 6.666666666649281
5316 254.9999999994281 29.99999999993923 6.666666666649281
5317 254.9999999994282 34.99999999994878 6.666666666649281
5318 254.9999999994282 39.99999999995901 6.666666666649284
5319 254.9999999994279 44.99999999996925 6.666666666649281
5320 254.9999999994281 49.99999999997951 6.666666666649284
5321 254.9999999994282 54.99999999998976 6.666666666649281
5322 4.999999999992399 4.999999999998533 19.99999999999546
5323 4.999999999992403 9.99999999999768 19.99999999999548
5324 4.9999999999924 14.99999999999313 19.99999999999548
5325 4.999999999992398 19.99999999997724 19.99999999999548
5326 4.999999999992399 24.99999999995791 19.99999999999548
5327 4.999999999992401 29.99999999993923 19.99999999999548
5328 4.999999999992401 34.99999999994878 19.99999999999548
5329 4.999999999992401 39.99999999995901 19.99999999999547
5330 4.999999999992401 44.99999999996927 19.99999999999548
5331 4.999999999992397 49.99999999997951 19.99999999999549
5332 4.999999999992398 54.99999999998978 19.99999999999549
5333 14.8669163000804 4.999999999998428 19.99999999999537
5334 14.93701130093199 9.999999999997458 19.99999999999535
5335 15.00710630178351 14.99999999999292 19.99999999999535
5336 15.07720130263488 19.99999999997715 19.99999999999532
5337 15.1472963034862 24.99999999995779 19.99999999999532
5338 15.21739130433754 29.99999999993918 19.9999999999953
5339 15.28748630518927 34.99999999994861 19.99999999999529
5340 15.35758130604101 39.99999999995882 19.99999999999529
5341 15.42767630689275 44.99999999996918 19.99999999999527
5342 15.49777130774448 49.99999999997948 19.99999999999527
5343 15.56786630859623 54.99999999998971 19.99999999999525
5344 19.73383260016093 4.999999999998325 19.99999999999525
5345 19.87402260186409 9.999999999997236 19.99999999999522
5346 20.01421260356713 14.99999999999273 19.9999999999952
5347 20.15440260526984 19.99999999997704 19.99999999999517
5348 20.2945926069725 24.99999999995768 19.99999999999516
5349 20.43478260867517 29.99999999993911 19.99999999999513
5350 20.57497261037861 34.99999999994849 19.99999999999512
5351 20.71516261208208 39.9999999999586 19.99999999999509
5352 20.85535261378555 44.99999999996912 19.99999999999507
5353 20.99554261548902 49.99999999997945 19.99999999999504
5354 21.1357326171925 54.9999999999897 19.99999999999501
5355 24.60074890024129 4.99999999999823 19.99999999999513
5356 24.81103390279594 9.999999999997016 19.9999999999951
5357 25.02131890535044 14.99999999999252 19.99999999999507
5358 25.23160390790444 19.99999999997696 19.99999999999503
5359 25.44188891045832 24.99999999995758 19.99999999999499
5360 25.65217391301221 29.99999999993906 19.99999999999496
5361 25.8624589155673 34.99999999994831 19.99999999999491
5362 26.07274391812241 39.9999999999584 19.99999999999488
5363 26.28302892067754 44.99999999996906 19.99999999999485
5364 26.49331392323262 49.99999999997942 19.99999999999481
5365 26.70359892578774 54.99999999998971 19.99999999999478
5366 29.46766520031832 4.999999999998125 19.99999999999502
5367 29.74804520372404 9.999999999996803 19.99999999999496
5368 30.02842520712952 14.99999999999234 19.99999999999493
5369 30.30880521053435 19.99999999997687 19.99999999999487
5370 30.58918521393895 24.99999999995751 19.99999999999481
5371 30.86956521734358 29.99999999993901 19.99999999999477
5372 31.14994522074978 34.99999999994815 19.99999999999473
5373 31.430325224156 39.99999999995822 19.99999999999468
5374 31.7107052275622 44.99999999996896 19.99999999999464
5375 31.9910852309684 49.99999999997939 19.99999999999458
5376 32.27146523437456 54.99999999998967 19.99999999999455
5377 34.33458150039517 4.999999999998023 19.9999999999949
5378 34.68505650465195 9.999999999996579 19.99999999999484
5379 35.03553150890848 14.99999999999214 19.99999999999479
5380 35.38600651316417 19.99999999997678 19.99999999999473
5381 35.73648151741961 24.99999999995739 19.99999999999467
5382 36.08695652167503 29.99999999993894 19.99999999999461
5383 36.43743152593238 34.99999999994797 19.99999999999455
5384 36.78790653018976 39.99999999995802 19.99999999999449
5385 37.13838153444716 44.99999999996886 19.99999999999443
5386 37.48885653870447 49.99999999997937 19.99999999999437
5387 37.83933154296176 54.99999999998967 19.9999999999943
5388 39.20149780046911 4.99999999999792 19.99999999999478
5389 39.62206780557721 9.999999999996366 19.99999999999471
5390 40.04263781068501 14.99999999999194 19.99999999999465
5391 40.46320781579181 19.99999999997669 19.99999999999457
5392 40.88377782089826 24.99999999995729 19.99999999999451
5393 41.30434782600472 29.99999999993889 19.99999999999443
5394 41.72491783111349 34.99999999994782 19.99999999999435
5395 42.14548783622231 39.99999999995782 19.99999999999428
5396 42.56605784133117 44.99999999996879 19.99999999999422
5397 42.98662784643992 49.99999999997934 19.99999999999415
5398 43.40719785154864 54.99999999998961 19.99999999999407
5399 44.06841410054518 4.999999999997823 19.99999999999467
5400 44.55907910650466 9.999999999996151 19.99999999999457
5401 45.04974411246378 14.99999999999174 19.99999999999451
5402 45.54040911842176 19.9999999999766 19.99999999999442
5403 46.03107412437935 24.9999999999572 19.99999999999435
5404 46.52173913033699 29.99999999993883 19.99999999999427
5405 47.01240413629729 34.99999999994768 19.99999999999418
5406 47.50306914225769 39.99999999995763 19.99999999999409
5407 47.99373414821804 44.99999999996873 19.99999999999402
5408 48.48439915417843 49.99999999997932 19.99999999999394
5409 48.9750641601387 54.99999999998963 19.99999999999385
5410 48.93533040062049 4.999999999997717 19.99999999999455
5411 49.4960904074315 9.999999999995929 19.99999999999445
5412 50.05685041424209 14.99999999999155 19.99999999999437
5413 50.61761042105149 19.99999999997651 19.99999999999427
5414 51.17837042786036 24.99999999995708 19.99999999999418
5415 51.73913043466931 29.99999999993876 19.99999999999409
5416 52.29989044148133 34.99999999994752 19.99999999999399
5417 52.86065044829336 39.99999999995742 19.99999999999389
5418 53.42141045510553 44.99999999996864 19.9999999999938
5419 53.98217046191764 49.99999999997928 19.9999999999937
5420 54.54293046872962 54.99999999998963 19.99999999999362
5421 53.80224670069503 4.999999999997613 19.99999999999444
5422 54.43310170835756 9.99999999999571 19.99999999999434
5423 55.06395671601968 14.99999999999134 19.99999999999424
5424 55.6948117236804 19.99999999997643 19.99999999999412
5425 56.32566673134055 24.99999999995698 19.99999999999402
5426 56.95652173900085 29.99999999993869 19.99999999999391
5427 57.58737674666453 34.99999999994733 19.99999999999381
5428 58.21823175432834 39.99999999995722 19.9999999999937
5429 58.84908676199221 44.99999999996856 19.9999999999936
5430 59.47994176965607 49.99999999997925 19.99999999999349
5431 60.11079677731979 54.99999999998957 19.99999999999338
5432 58.66916300077077 4.999999999997515 19.99999999999432
5433 59.37011300928489 9.999999999995485 19.9999999999942
5434 60.07106301779861 14.99999999999114 19.99999999999409
5435 60.77201302631084 19.99999999997633 19.99999999999396
5436 61.47296303482244 24.99999999995688 19.99999999999385
5437 62.17391304333418 29.99999999993865 19.99999999999373
5438 62.87486305184962 34.99999999994719 19.99999999999361
5439 63.57581306036527 39.99999999995702 19.99999999999348
5440 64.27676306888102 44.99999999996849 19.99999999999338
5441 64.97771307739674 49.99999999997922 19.99999999999326
5442 65.67866308591228 54.99999999998956 19.99999999999314
5443 63.53607930084776 4.99999999999741 19.9999999999942
5444 64.30712431021345 9.999999999995275 19.99999999999407
5445 65.07816931957873 14.99999999999094 19.99999999999395
5446 65.84921432894237 19.99999999997624 19.99999999999381
5447 66.62025933830529 24.99999999995676 19.99999999999369
5448 67.39130434766835 29.99999999993858 19.99999999999355
5449 68.16234935703548 34.99999999994704 19.99999999999342
5450 68.93339436640285 39.99999999995683 19.9999999999933
5451 69.70443937577041 44.99999999996842 19.99999999999317
5452 70.47548438513778 49.9999999999792 19.99999999999304
5453 71.24652939450513 54.99999999998955 19.99999999999291
5454 68.40299560093689 4.999999999997311 19.99999999999409
5455 69.24413561115416 9.999999999995051 19.99999999999396
5456 70.08527562137097 14.99999999999075 19.99999999999381
5457 70.92641563158605 19.99999999997614 19.99999999999367
5458 71.76755564180021 24.99999999995667 19.99999999999353
5459 72.6086956520146 29.99999999993852 19.99999999999339
5460 73.44983566223343 34.99999999994685 19.99999999999323
5461 74.29097567245248 39.99999999995662 19.9999999999931
5462 75.13211568267171 44.99999999996833 19.99999999999297
5463 75.97325569289085 49.99999999997917 19.99999999999282
5464 76.81439570310985 54.99999999998951 19.99999999999267
5465 73.26991190103875 4.999999999997209 19.99999999999398
5466 74.18114691210786 9.999999999994838 19.99999999999383
5467 75.09238192317646 14.99999999999056 19.99999999999367
5468 76.0036169342431 19.99999999997606 19.99999999999351
5469 76.91485194530888 24.99999999995657 19.99999999999337
5470 77.82608695637484 29.99999999993846 19.99999999999321
5471 78.73732196744558 34.9999999999467 19.99999999999304
5472 79.64855697851655 39.99999999995643 19.99999999999291
5473 80.55979198958788 44.99999999996827 19.99999999999275
5474 81.47102700065894 49.99999999997915 19.99999999999259
5475 82.38226201172991 54.9999999999895 19.99999999999244
5476 78.13682820113813 4.999999999997105 19.99999999999386
5477 79.11815821305935 9.999999999994616 19.9999999999937
5478 80.09948822498011 14.99999999999036 19.99999999999353
5479 81.08081823689882 19.99999999997596 19.99999999999338
5480 82.06214824881648 24.99999999995646 19.99999999999321
5481 83.04347826073453 29.99999999993839 19.99999999999303
5482 84.02480827265752 34.99999999994655 19.99999999999287
5483 85.0061382845809 39.99999999995623 19.99999999999271
5484 85.98746829650455 44.99999999996817 19.99999999999255
5485 86.96879830842803 49.99999999997911 19.99999999999238
5486 87.95012832035141 54.99999999998948 19.99999999999221
5487 83.0037445012408 4.999999999997002 19.99999999999375
5488 84.05516951401383 9.999999999994397 19.99999999999357
5489 85.10659452678631 14.99999999999016 19.9999999999934
5490 86.15801953955675 19.99999999997588 19.99999999999321
5491 87.20944455232592 24.99999999995637 19.99999999999304
5492 88.26086956509556 29.99999999993835 19.99999999999286
5493 89.31229457787057 34.99999999994638 19.99999999999268
5494 90.36371959064587 39.99999999995603 19.9999999999925
5495 91.41514460342161 44.9999999999681 19.99999999999233
5496 92.46656961619708 49.99999999997909 19.99999999999215
5497 93.51799462897246 54.99999999998944 19.99999999999197
5498 87.87066080134333 4.9999999999969 19.99999999999363
5499 88.99218081496795 9.999999999994174 19.99999999999344
5500 90.11370082859213 14.99999999998996 19.99999999999327
5501 91.23522084221416 19.9999999999758 19.99999999999307
5502 92.35674085583486 24.99999999995627 19.99999999999288
5503 93.47826086945592 29.99999999993828 19.99999999999268
5504 94.59978088308273 34.99999999994622 19.9999999999925
5505 95.72130089670985 39.99999999995583 19.99999999999231
5506 96.84282091033749 44.99999999996801 19.99999999999212
5507 97.96434092396483 49.99999999997902 19.99999999999193
5508 99.08586093759195 54.99999999998944 19.99999999999175
5509 92.73757710144271 4.999999999996801 19.99999999999352
5510 93.92919211591959 9.999999999993959 19.99999999999329
5511 95.12080713039607 14.99999999998977 19.99999999999311
5512 96.31242214487011 19.99999999997569 19.99999999999291
5513 97.50403715934289 24.99999999995616 19.99999999999271
5514 98.69565217381596 29.99999999993823 19.9999999999925
5515 99.88726718829523 34.99999999994603 19.9999999999923
5516 101.0788822027747 39.99999999995563 19.99999999999211
5517 102.2704972172549 44.99999999996795 19.99999999999191
5518 103.4621122317347 49.99999999997902 19.99999999999171
5519 104.6537272462144 54.99999999998944 19.9999999999915
5520 97.60449340154349 4.999999999996697 19.9999999999934
5521 98.86620341687224 9.999999999993744 19.99999999999318
5522 100.1279134322005 14.99999999998956 19.99999999999297
5523 101.3896234475263 19.99999999997559 19.99999999999276
5524 102.6513334628507 24.99999999995607 19.99999999999254
5525 103.9130434781755 29.99999999993815 19.99999999999233
5526 105.1747534935066 34.99999999994589 19.99999999999212
5527 106.4364635088383 39.99999999995542 19.9999999999919
5528 107.6981735241706 44.99999999996788 19.9999999999917
5529 108.9598835395026 49.99999999997898 19.99999999999149
5530 110.2215935548342 54.99999999998937 19.99999999999127
5531 102.471409701646 4.999999999996596 19.99999999999329
5532 103.8032147178265 9.999999999993523 19.99999999999305
5533 105.1350197340066 14.99999999998936 19.99999999999284
5534 106.466824750184 19.99999999997551 19.99999999999261
5535 107.79862976636 24.99999999995596 19.99999999999239
5536 109.1304347825362 29.9999999999381 19.99999999999217
5537 110.4622397987193 34.99999999994574 19.99999999999194
5538 111.7940448149029 39.99999999995524 19.99999999999171
5539 113.1258498310871 44.99999999996778 19.99999999999149
5540 114.457654847271 49.99999999997898 19.99999999999126
5541 115.7894598634546 54.99999999998936 19.99999999999104
5542 107.3383260017466 4.999999999996493 19.99999999999317
5543 108.7402260187791 9.999999999993303 19.99999999999293
5544 110.1421260358114 14.99999999998918 19.99999999999269
5545 111.5440260528408 19.99999999997543 19.99999999999246
5546 112.9459260698685 24.99999999995585 19.99999999999222
5547 114.3478260868969 29.99999999993804 19.99999999999198
5548 115.7497261039321 34.99999999994558 19.99999999999173
5549 117.151626120968 39.99999999995504 19.9999999999915
5550 118.5535261380047 44.99999999996771 19.99999999999127
5551 119.9554261550408 49.99999999997895 19.99999999999104
5552 121.3573261720768 54.99999999998938 19.9999999999908
5553 112.2052423018485 4.999999999996392 19.99999999999305
5554 113.6772373197324 9.999999999993085 19.9999999999928
5555 115.1492323376159 14.99999999998898 19.99999999999254
5556 116.6212273554967 19.99999999997534 19.9999999999923
5557 118.0932223733756 24.99999999995576 19.99999999999206
5558 119.565217391255 29.999999999938 19.9999999999918
5559 121.0372124091417 34.9999999999454 19.99999999999157
5560 122.5092074270291 39.99999999995484 19.99999999999132
5561 123.9812024449173 44.99999999996766 19.99999999999107
5562 125.453197462805 49.99999999997891 19.99999999999082
5563 126.9251924806924 54.99999999998933 19.99999999999057
5564 117.0721586019513 4.999999999996292 19.99999999999293
5565 118.6142486206871 9.999999999992875 19.99999999999267
5566 120.1563386394227 14.99999999998878 19.99999999999241
5567 121.6984286581553 19.99999999997524 19.99999999999216
5568 123.2405186768859 24.99999999995566 19.99999999999189
5569 124.7826086956172 29.99999999993794 19.99999999999164
5570 126.324698714356 34.99999999994527 19.99999999999138
5571 127.8667887330954 39.99999999995464 19.99999999999111
5572 129.4088787518358 44.99999999996757 19.99999999999085
5573 130.9509687705758 49.99999999997889 19.99999999999061
5574 132.4930587893154 54.99999999998936 19.99999999999033
5575 127.5069412106462 4.999999999996292 19.99999999999294
5576 129.0490312293833 9.999999999992871 19.99999999999268
5577 130.5911212481201 14.99999999998877 19.99999999999241
5578 132.1332112668541 19.99999999997525 19.99999999999216
5579 133.6753012855861 24.99999999995565 19.99999999999189
5580 135.2173913043185 29.99999999993793 19.99999999999165
5581 136.7594813230586 34.99999999994526 19.99999999999139
5582 138.3015713417993 39.99999999995463 19.99999999999113
5583 139.8436613605412 44.99999999996756 19.99999999999087
5584 141.3857513792824 49.99999999997889 19.9999999999906
5585 142.9278413980232 54.99999999998929 19.99999999999035
5586 133.0748075192409 4.999999999996392 19.99999999999305
5587 134.546802537127 9.999999999993086 19.99999999999281
5588 136.0187975550128 14.99999999998898 19.99999999999256
5589 137.4907925728959 19.99999999997533 19.99999999999231
5590 138.9627875907771 24.99999999995576 19.99999999999205
5591 140.4347826086589 29.99999999993799 19.9999999999918
5592 141.9067776265479 34.9999999999454 19.99999999999156
5593 143.3787726444375 39.99999999995485 19.99999999999132
5594 144.8507676623279 44.99999999996764 19.99999999999106
5595 146.3227626802179 49.99999999997891 19.99999999999082
5596 147.7947576981075 54.99999999998933 19.99999999999057
5597 138.6426738278369 4.999999999996491 19.99999999999316
5598 140.0445738448715 9.9999999999933 19.99999999999292
5599 141.446473861906 14.99999999998918 19.9999999999927
5600 142.8483738789376 19.99999999997542 19.99999999999244
5601 144.2502738959676 24.99999999995584 19.99999999999223
5602 145.6521739129979 29.99999999993806 19.99999999999198
5603 147.0540739300354 34.99999999994557 19.99999999999174
5604 148.4559739470733 39.99999999995504 19.99999999999151
5605 149.857873964112 44.99999999996771 19.99999999999127
5606 151.2597739811503 49.99999999997894 19.99999999999104
5607 152.6616739981882 54.99999999998937 19.9999999999908
5608 144.2105401364181 4.999999999996595 19.99999999999328
5609 145.542345152603 9.999999999993531 19.99999999999307
5610 146.8741501687874 14.99999999998937 19.99999999999285
5611 148.2059551849692 19.99999999997553 19.99999999999261
5612 149.5377602011492 24.99999999995596 19.99999999999238
5613 150.8695652173298 29.99999999993811 19.99999999999216
5614 152.2013702335169 34.99999999994571 19.99999999999194
5615 153.5331752497045 39.99999999995521 19.99999999999172
5616 154.8649802658927 44.99999999996777 19.9999999999915
5617 156.1967852820807 49.99999999997897 19.99999999999126
5618 157.5285902982681 54.99999999998934 19.99999999999105
5619 149.7784064450094 4.999999999996702 19.99999999999341
5620 151.0401164603432 9.999999999993744 19.99999999999319
5621 152.3018264756765 14.99999999998957 19.99999999999297
5622 153.5635364910075 19.99999999997562 19.99999999999275
5623 154.8252465063368 24.99999999995607 19.99999999999255
5624 156.0869565216665 29.99999999993817 19.99999999999234
5625 157.3486665370024 34.99999999994588 19.99999999999211
5626 158.6103765523387 39.99999999995546 19.99999999999192
5627 159.8720865676756 44.99999999996787 19.99999999999169
5628 161.1337965830123 49.999999999979 19.99999999999147
5629 162.3955065983486 54.99999999998938 19.99999999999127
5630 155.3462727536055 4.999999999996799 19.9999999999935
5631 156.5378877680871 9.99999999999396 19.99999999999331
5632 157.7295027825682 14.99999999998977 19.99999999999311
5633 158.9211177970467 19.9999999999757 19.9999999999929
5634 160.1127328115241 24.99999999995615 19.99999999999271
5635 161.3043478260016 29.99999999993822 19.99999999999251
5636 162.4959628404853 34.99999999994606 19.99999999999231
5637 163.6875778549693 39.99999999995566 19.9999999999921
5638 164.8791928694538 44.99999999996798 19.9999999999919
5639 166.070807883938 49.99999999997902 19.99999999999171
5640 167.2624228984218 54.99999999998939 19.99999999999151
5641 160.914139062193 4.999999999996903 19.99999999999362
5642 162.0356590758237 9.999999999994181 19.99999999999345
5643 163.1571790894538 14.99999999998995 19.99999999999325
5644 164.2786991030816 19.9999999999758 19.99999999999306
5645 165.4002191167081 24.99999999995627 19.99999999999288
5646 166.5217391303349 29.99999999993829 19.99999999999268
5647 167.6432591439674 34.99999999994621 19.99999999999249
5648 168.7647791576001 39.99999999995583 19.9999999999923
5649 169.8862991712334 44.99999999996804 19.99999999999212
5650 171.0078191848662 49.99999999997905 19.99999999999193
5651 172.129339198499 54.99999999998943 19.99999999999175
5652 166.4820053707905 4.999999999997002 19.99999999999374
5653 167.5334303835695 9.999999999994404 19.99999999999356
5654 168.5848553963477 14.99999999999017 19.9999999999934
5655 169.6362804091239 19.99999999997588 19.99999999999322
5656 170.687705421899 24.99999999995637 19.99999999999303
5657 171.7391304346739 29.99999999993835 19.99999999999287
5658 172.7905554474547 34.99999999994637 19.99999999999267
5659 173.8419804602356 39.99999999995602 19.99999999999251
5660 174.8934054730167 44.9999999999681 19.99999999999233
5661 175.9448304857978 49.9999999999791 19.99999999999214
5662 176.9962554985783 54.99999999998945 19.99999999999197
5663 172.0498716793776 4.999999999997105 19.99999999999386
5664 173.0312016913058 9.999999999994618 19.99999999999369
5665 174.0125317032338 14.99999999999036 19.99999999999352
5666 174.9938617151595 19.99999999997598 19.99999999999336
5667 175.9751917270843 24.99999999995647 19.9999999999932
5668 176.956521739009 29.99999999993841 19.99999999999303
5669 177.937851750939 34.99999999994655 19.99999999999287
5670 178.9191817628691 39.99999999995622 19.9999999999927
5671 179.9005117747996 44.99999999996819 19.99999999999254
5672 180.8818417867297 49.99999999997911 19.99999999999238
5673 181.8631717986596 54.99999999998948 19.99999999999221
5674 177.6177379879603 4.999999999997208 19.99999999999399
5675 178.5289729990385 9.999999999994834 19.99999999999383
5676 179.440208010116 14.99999999999055 19.99999999999367
5677 180.3514430211916 19.99999999997606 19.99999999999352
5678 181.2626780322662 24.99999999995657 19.99999999999336
5679 182.1739130433409 29.99999999993847 19.99999999999321
5680 183.0851480544201 34.9999999999467 19.99999999999305
5681 183.9963830654996 39.99999999995642 19.9999999999929
5682 184.9076180765793 44.99999999996825 19.99999999999275
5683 185.8188530876588 49.99999999997915 19.9999999999926
5684 186.7300880987379 54.99999999998952 19.99999999999243
5685 183.1856042965577 4.99999999999731 19.99999999999409
5686 184.0267443067841 9.999999999995049 19.99999999999395
5687 184.8678843170099 14.99999999999075 19.99999999999381
5688 185.7090243272337 19.99999999997616 19.99999999999368
5689 186.5501643374567 24.99999999995666 19.99999999999352
5690 187.3913043476799 29.99999999993852 19.99999999999339
5691 188.2324443579072 34.99999999994684 19.99999999999324
5692 189.0735843681348 39.99999999995662 19.99999999999311
5693 189.9147243783625 44.99999999996835 19.99999999999296
5694 190.75586438859 49.99999999997917 19.99999999999282
5695 191.5970043988173 54.99999999998948 19.99999999999268
5696 188.7534706051605 4.999999999997407 19.99999999999421
5697 189.524515614536 9.999999999995268 19.99999999999407
5698 190.2955606239108 14.99999999999095 19.99999999999396
5699 191.0666056332837 19.99999999997624 19.99999999999381
5700 191.8376506426559 24.99999999995677 19.99999999999369
5701 192.6086956520281 29.99999999993858 19.99999999999356
5702 193.3797406614044 34.99999999994703 19.99999999999343
5703 194.1507856707806 39.99999999995681 19.9999999999933
5704 194.9218306801571 44.99999999996841 19.99999999999316
5705 195.6928756895331 49.9999999999792 19.99999999999304
5706 196.4639206989089 54.99999999998957 19.99999999999291
5707 194.3213369137792 4.99999999999751 19.99999999999433
5708 195.0222869223024 9.999999999995485 19.99999999999422
5709 195.7232369308253 14.99999999999114 19.99999999999408
5710 196.4241869393462 19.99999999997633 19.99999999999396
5711 197.1251369478666 24.99999999995688 19.99999999999386
5712 197.8260869563867 29.99999999993863 19.99999999999374
5713 198.5270369649107 34.99999999994715 19.99999999999361
5714 199.2279869734347 39.99999999995703 19.9999999999935
5715 199.9289369819589 44.99999999996848 19.99999999999338
5716 200.6298869904825 49.99999999997924 19.99999999999326
5717 201.3308369990063 54.99999999998955 19.99999999999315
5718 199.8892032224016 4.999999999997612 19.99999999999443
5719 200.5200582300716 9.999999999995705 19.99999999999433
5720 201.1509132377413 14.99999999999134 19.99999999999423
5721 201.7817682454093 19.99999999997642 19.99999999999411
5722 202.4126232530767 24.99999999995697 19.99999999999402
5723 203.0434782607441 29.9999999999387 19.9999999999939
5724 203.6743332684149 34.99999999994733 19.99999999999379
5725 204.3051882760858 39.99999999995721 19.99999999999368
5726 204.9360432837566 44.99999999996858 19.99999999999359
5727 205.5668982914273 49.99999999997925 19.99999999999349
5728 206.1977532990978 54.99999999998956 19.99999999999338
5729 205.4570695310236 4.999999999997716 19.99999999999455
5730 206.0178295378409 9.999999999995932 19.99999999999446
5731 206.5785895446579 14.99999999999154 19.99999999999437
5732 207.1393495514734 19.99999999997652 19.99999999999428
5733 207.7001095582885 24.99999999995708 19.99999999999418
5734 208.2608695651036 29.99999999993877 19.99999999999409
5735 208.8216295719217 34.99999999994751 19.99999999999399
5736 209.3823895787398 39.9999999999574 19.99999999999388
5737 209.9431495855582 44.99999999996864 19.99999999999381
5738 210.5039095923761 49.99999999997927 19.9999999999937
5739 211.0646695991942 54.99999999998958 19.99999999999361
5740 211.0249358396439 4.99999999999782 19.99999999999467
5741 211.5156008456097 9.999999999996149 19.99999999999459
5742 212.0062658515751 14.99999999999174 19.99999999999451
5743 212.4969308575394 19.99999999997661 19.9999999999944
5744 212.9875958635033 24.99999999995719 19.99999999999434
5745 213.478260869467 29.99999999993881 19.99999999999426
5746 213.9689258754334 34.99999999994766 19.99999999999418
5747 214.4595908813999 39.99999999995761 19.99999999999409
5748 214.9502558873663 44.99999999996871 19.99999999999402
5749 215.4409208933325 49.99999999997931 19.99999999999392
5750 215.9315858992987 54.99999999998963 19.99999999999385
5751 216.592802148266 4.999999999997917 19.99999999999478
5752 217.0133721533796 9.999999999996357 19.99999999999471
5753 217.4339421584929 14.99999999999194 19.99999999999463
5754 217.8545121636052 19.99999999997669 19.99999999999457
5755 218.275082168717 24.99999999995728 19.9999999999945
5756 218.6956521738289 29.99999999993888 19.99999999999443
5757 219.1162221789431 34.99999999994781 19.99999999999436
5758 219.536792184057 39.99999999995781 19.9999999999943
5759 219.9573621891711 44.99999999996879 19.99999999999422
5760 220.3779321942853 49.99999999997934 19.99999999999415
5761 220.798502199399 54.9999999999896 19.99999999999407
5762 222.1606684568858 4.999999999998022 19.99999999999489
5763 222.5111434611472 9.999999999996582 19.99999999999484
5764 222.8616184654084 14.99999999999213 19.99999999999478
5765 223.2120934696686 19.99999999997678 19.99999999999471
5766 223.5625684739284 24.99999999995738 19.99999999999467
5767 223.9130434781885 29.99999999993894 19.99999999999461
5768 224.2635184824501 34.99999999994799 19.99999999999454
5769 224.6139934867121 39.99999999995801 19.99999999999449
5770 224.964468490974 44.99999999996885 19.99999999999443
5771 225.3149434952358 49.99999999997939 19.99999999999437
5772 225.6654184994972 54.99999999998964 19.99999999999431
5773 227.728534765508 4.999999999998127 19.99999999999502
5774 228.0089147689177 9.999999999996801 19.99999999999499
5775 228.289294772327 14.99999999999234 19.99999999999494
5776 228.5696747757357 19.99999999997688 19.99999999999487
5777 228.8500547791443 24.99999999995748 19.99999999999484
5778 229.1304347825527 29.999999999939 19.99999999999478
5779 229.4108147859626 34.99999999994812 19.99999999999473
5780 229.6911947893725 39.99999999995821 19.99999999999469
5781 229.9715747927824 44.99999999996894 19.99999999999465
5782 230.2519547961922 49.99999999997939 19.99999999999459
5783 230.532334799602 54.99999999998965 19.99999999999456
5784 233.2964010741321 4.999999999998227 19.99999999999514
5785 233.5066860766888 9.999999999997023 19.9999999999951
5786 233.7169710792456 14.99999999999254 19.99999999999506
5787 233.9272560818013 19.99999999997697 19.99999999999501
5788 234.1375410843571 24.99999999995758 19.99999999999499
5789 234.3478260869127 29.99999999993906 19.99999999999496
5790 234.5581110894698 34.99999999994829 19.99999999999491
5791 234.7683960920267 39.99999999995839 19.99999999999488
5792 234.9786810945837 44.99999999996903 19.99999999999486
5793 235.1889660971404 49.99999999997942 19.99999999999483
5794 235.3992510996974 54.9999999999897 19.99999999999478
5795 238.8642673827504 4.99999999999833 19.99999999999525
5796 239.0044573844551 9.999999999997238 19.99999999999523
5797 239.1446473861597 14.99999999999273 19.9999999999952
5798 239.2848373878636 19.99999999997705 19.99999999999517
5799 239.4250273895678 24.99999999995769 19.99999999999515
5800 239.5652173912718 29.99999999993911 19.99999999999513
5801 239.7054073929764 34.99999999994846 19.9999999999951
5802 239.8455973946814 39.99999999995861 19.99999999999508
5803 239.9857873963862 44.99999999996913 19.99999999999506
5804 240.1259773980907 49.99999999997948 19.99999999999504
5805 240.2661673997955 54.99999999998971 19.99999999999501
5806 244.432133691373 4.999999999998427 19.99999999999536
5807 244.5022286922258 9.99999999999746 19.99999999999535
5808 244.5723236930787 14.99999999999294 19.99999999999535
5809 244.642418693931 19.99999999997714 19.99999999999532
5810 244.7125136947838 24.99999999995779 19.99999999999531
5811 244.7826086956363 29.99999999993918 19.99999999999531
5812 244.852703696489 34.99999999994862 19.99999999999528
5813 244.922798697342 39.9999999999588 19.99999999999529
5814 244.992893698195 44.99999999996921 19.99999999999528
5815 245.0629886990476 49.99999999997948 19.99999999999527
5816 245.1330836999004 54.99999999998974 19.99999999999526
5817 254.9999999994282 4.999999999998532 19.99999999999548
5818 254.9999999994281 9.999999999997675 19.9999999999955
5819 254.9999999994282 14.99999999999313 19.99999999999548
5820 254.9999999994283 19.99999999997725 19.99999999999548
5821 254.9999999994283 24.9999999999579 19.99999999999548
5822 254.9999999994283 29.99999999993923 19.99999999999548
5823 254.9999999994282 34.99999999994878 19.99999999999548
5824 254.9999999994282 39.999999999959 19.99999999999548
5825 254.9999999994282 44.99999999996928 19.99999999999548
5826 254.9999999994282 49.99999999997951 19.99999999999549
5827 254.9999999994282 54.99999999998978 19.99999999999548
5828 4.9999999999924 4.999999999998529 33.33333333329794
5829 4.999999999992403 9.999999999997687 33.33333333329794
5830 4.999999999992403 14.99999999999313 33.33333333329794
5831 4.9999999999924 19.99999999997725 33.33333333329794
5832 4.999999999992402 24.9999999999579 33.33333333329794
5833 4.999999999992401 29.99999999993923 33.33333333329794
5834 4.999999999992401 34.99999999994878 33.33333333329794
5835 4.999999999992399 39.999999999959 33.33333333329794
5836 4.999999999992401 44.99999999996928 33.33333333329794
5837 4.999999999992399 49.99999999997951 33.33333333329794
5838 4.999999999992397 54.99999999998976 33.33333333329794
5839 14.62972614568333 4.999999999998438 33.33333333329804
5840 14.74725917741424 9.99999999999744 33.33333333329806
5841 14.8647922091451 14.99999999999288 33.33333333329806
5842 14.9823252408757 19.99999999997707 33.33333333329805
5843 15.09985827260621 24.99999999995778 33.33333333329806
5844 15.21739130433675 29.99999999993921 33.33333333329806
5845 15.33492433606791 34.99999999994876 33.33333333329806
5846 15.45245736779913 39.99999999995904 33.33333333329806
5847 15.56999039953037 44.99999999996936 33.33333333329804
5848 15.6875234312616 49.99999999997949 33.33333333329805
5849 15.80505646299284 54.99999999998968 33.33333333329806
5850 19.25945229136849 4.999999999998346 33.33333333329815
5851 19.49451835483032 9.999999999997195 33.33333333329819
5852 19.729584418292 14.99999999999262 33.33333333329817
5853 19.96465048175319 19.99999999997689 33.33333333329819
5854 20.19971654521418 24.99999999995765 33.33333333329816
5855 20.43478260867522 29.99999999993919 33.33333333329818
5856 20.66984867213755 34.99999999994878 33.33333333329815
5857 20.90491473559995 39.99999999995906 33.33333333329818
5858 21.13998079906237 44.99999999996949 33.33333333329817
5859 21.37504686252482 49.99999999997954 33.33333333329819
5860 21.61011292598726 54.99999999998963 33.33333333329819
5861 23.88917843705409 4.999999999998254 33.33333333329829
5862 24.24177753224671 9.999999999996955 33.33333333329826
5863 24.59437662743914 14.99999999999238 33.33333333329831
5864 24.9469757226308 19.99999999997674 33.33333333329827
5865 25.29957481782218 24.99999999995752 33.33333333329831
5866 25.65217391301362 29.99999999993918 33.33333333329829
5867 26.00477300820698 34.99999999994874 33.33333333329829
5868 26.35737210340046 39.99999999995907 33.3333333332983
5869 26.70997119859396 44.99999999996953 33.3333333332983
5870 27.06257029378747 49.99999999997952 33.33333333329828
5871 27.41516938898097 54.99999999998957 33.33333333329829
5872 28.51890458273447 4.999999999998165 33.3333333332984
5873 28.98903670965732 9.999999999996707 33.33333333329839
5874 29.45916883657984 14.99999999999212 33.33333333329841
5875 29.9293009635014 19.99999999997655 33.33333333329841
5876 30.39943309042249 24.9999999999574 33.33333333329841
5877 30.8695652173437 29.99999999993918 33.33333333329842
5878 31.33969734426741 34.99999999994875 33.33333333329842
5879 31.80982947119127 39.99999999995909 33.33333333329841
5880 32.27996159811515 44.99999999996966 33.33333333329841
5881 32.75009372503897 49.99999999997954 33.33333333329841
5882 33.22022585196279 54.99999999998953 33.33333333329841
5883 33.14863072841353 4.999999999998071 33.3333333332985
5884 33.7362958870668 9.999999999996465 33.33333333329853
5885 34.32396104571981 14.99999999999186 33.33333333329853
5886 34.91162620437146 19.99999999997638 33.33333333329852
5887 35.49929136302259 24.9999999999573 33.3333333332985
5888 36.08695652167381 29.99999999993915 33.33333333329852
5889 36.67462168032822 34.99999999994873 33.33333333329849
5890 37.26228683898277 39.99999999995912 33.33333333329852
5891 37.84995199763738 44.9999999999698 33.33333333329851
5892 38.43761715629187 49.99999999997956 33.33333333329851
5893 39.02528231494633 54.99999999998947 33.33333333329853
5894 37.77835687409044 4.999999999997981 33.33333333329862
5895 38.48355506447447 9.999999999996218 33.33333333329861
5896 39.18875325485809 14.99999999999162 33.33333333329863
5897 39.8939514452402 19.9999999999762 33.33333333329863
5898 40.59914963562172 24.99999999995715 33.33333333329863
5899 41.30434782600335 29.99999999993913 33.33333333329863
5900 42.00954601638878 34.99999999994873 33.33333333329863
5901 42.71474420677438 39.99999999995912 33.33333333329863
5902 43.4199423971601 44.9999999999699 33.33333333329862
5903 44.12514058754562 49.99999999997958 33.33333333329863
5904 44.8303387779311 54.99999999998941 33.33333333329863
5905 42.40808301976775 4.999999999997896 33.33333333329874
5906 43.23081424188258 9.999999999995975 33.33333333329873
5907 44.05354546399698 14.99999999999137 33.33333333329876
5908 44.87627668610967 19.99999999997603 33.33333333329873
5909 45.6990079082216 24.99999999995703 33.33333333329873
5910 46.52173913033376 29.99999999993912 33.33333333329872
5911 47.3444703524503 34.99999999994872 33.33333333329875
5912 48.16720157456709 39.99999999995914 33.33333333329873
5913 48.98993279668401 44.99999999997002 33.33333333329875
5914 49.8126640188007 49.99999999997956 33.33333333329874
5915 50.6353952409174 54.99999999998933 33.33333333329874
5916 47.03780916544738 4.999999999997799 33.33333333329884
5917 47.97807341929283 9.999999999995728 33.33333333329885
5918 48.91833767313786 14.99999999999112 33.33333333329885
5919 49.85860192698092 19.99999999997586 33.33333333329884
5920 50.79886618082315 24.99999999995692 33.33333333329885
5921 51.73913043466563 29.9999999999391 33.33333333329884
5922 52.67939468851309 34.99999999994871 33.33333333329883
5923 53.61965894236085 39.99999999995916 33.33333333329883
5924 54.5599231962087 44.99999999997011 33.33333333329882
5925 55.5001874500563 49.99999999997959 33.33333333329884
5926 56.4404517039039 54.99999999998927 33.33333333329884
5927 51.66753531112568 4.999999999997705 33.33333333329895
5928 52.72533259670193 9.999999999995488 33.33333333329895
5929 53.78312988227775 14.99999999999087 33.33333333329895
5930 54.84092716785131 19.99999999997569 33.33333333329894
5931 55.89872445342399 24.99999999995679 33.33333333329898
5932 56.95652173899694 29.99999999993908 33.33333333329897
5933 58.01431902457552 34.99999999994871 33.33333333329897
5934 59.0721163101544 39.99999999995917 33.33333333329898
5935 60.12991359573351 44.99999999997021 33.33333333329896
5936 61.18771088131223 49.9999999999796 33.33333333329897
5937 62.24550816689094 54.99999999998919 33.33333333329897
5938 56.29726145680243 4.999999999997619 33.33333333329907
5939 57.47259177410951 9.999999999995236 33.33333333329907
5940 58.64792209141608 14.99999999999062 33.33333333329909
5941 59.82325240872022 19.99999999997549 33.33333333329907
5942 60.99858272602337 24.99999999995666 33.33333333329907
5943 62.17391304332687 29.99999999993909 33.33333333329911
5944 63.34924336063661 34.99999999994871 33.3333333332991
5945 64.52457367794672 39.99999999995917 33.33333333329909
5946 65.69990399525699 44.99999999997034 33.33333333329909
5947 66.87523431256687 49.99999999997961 33.33333333329908
5948 68.05056462987677 54.99999999998914 33.33333333329908
5949 60.92698760248486 4.999999999997522 33.33333333329915
5950 62.21985095152218 9.999999999994998 33.33333333329918
5951 63.51271430055903 14.99999999999037 33.33333333329921
5952 64.80557764959318 19.99999999997533 33.33333333329922
5953 66.09844099862623 24.99999999995653 33.33333333329919
5954 67.39130434765964 29.99999999993906 33.33333333329919
5955 68.68416769669989 34.99999999994869 33.33333333329919
5956 69.97703104574052 39.99999999995921 33.33333333329922
5957 71.26989439478132 44.99999999997041 33.33333333329918
5958 72.56275774382155 49.99999999997964 33.33333333329921
5959 73.85562109286184 54.99999999998909 33.33333333329922
5960 65.55671374817535 4.999999999997436 33.33333333329929
5961 66.9671101289437 9.999999999994749 33.33333333329929
5962 68.37750650971158 14.99999999999012 33.33333333329929
5963 69.7879028904765 19.99999999997516 33.33333333329929
5964 71.1982992712402 24.99999999995641 33.33333333329929
5965 72.60869565200439 29.99999999993903 33.33333333329929
5966 74.01909203277596 34.99999999994868 33.33333333329929
5967 75.42948841354787 39.99999999995919 33.33333333329929
5968 76.83988479432014 44.99999999997055 33.33333333329929
5969 78.25028117509177 49.99999999997964 33.33333333329929
5970 79.66067755586342 54.99999999998903 33.33333333329928
5971 70.18643989388333 4.999999999997342 33.33333333329939
5972 71.71436930638271 9.999999999994511 33.33333333329941
5973 73.2422987188815 14.99999999998987 33.33333333329941
5974 74.77022813137712 19.99999999997498 33.33333333329941
5975 76.29815754387144 24.99999999995629 33.33333333329941
5976 77.82608695636618 29.99999999993901 33.33333333329941
5977 79.35401636886898 34.99999999994866 33.33333333329941
5978 80.8819457813722 39.99999999995924 33.33333333329941
5979 82.40987519387568 44.99999999997065 33.33333333329941
5980 83.93780460637839 49.99999999997964 33.33333333329941
5981 85.46573401888116 54.99999999998897 33.33333333329943
5982 74.81616603958591 4.999999999997248 33.33333333329953
5983 76.46162848381657 9.999999999994264 33.33333333329953
5984 78.10709092804656 14.99999999998962 33.33333333329951
5985 79.7525533722734 19.99999999997481 33.33333333329953
5986 81.39801581649867 24.99999999995616 33.33333333329953
5987 83.0434782607246 29.99999999993901 33.33333333329953
5988 84.68894070495904 34.99999999994868 33.33333333329953
5989 86.33440314919397 39.99999999995925 33.33333333329954
5990 87.97986559342925 44.99999999997077 33.33333333329952
5991 89.62532803766359 49.99999999997964 33.33333333329954
5992 91.2707904818979 54.99999999998893 33.33333333329956
5993 79.44589218528876 4.999999999997162 33.33333333329964
5994 81.2088876612509 9.999999999994023 33.33333333329964
5995 82.97188313721261 14.99999999998936 33.33333333329964
5996 84.73487861317078 19.99999999997464 33.33333333329964
5997 86.49787408912745 24.99999999995604 33.33333333329963
5998 88.2608695650848 29.99999999993898 33.33333333329964
5999 90.02386504105129 34.99999999994866 33.33333333329964
6000 91.78686051701828 39.99999999995924 33.33333333329964
6001 93.54985599298575 44.99999999997089 33.33333333329963
6002 95.3128514689521 49.99999999997966 33.33333333329963
6003 97.07584694491862 54.99999999998884 33.33333333329964
6004 84.07561833099393 4.999999999997065 33.33333333329974
6005 85.95614683868719 9.999999999993779 33.33333333329976
6006 87.83667534637988 14.99999999998911 33.33333333329976
6007 89.71720385406888 19.99999999997448 33.33333333329976
6008 91.59773236175627 24.99999999995591 33.33333333329976
6009 93.4782608694443 29.99999999993899 33.33333333329974
6010 95.3587893771422 34.99999999994867 33.33333333329976
6011 97.23931788484057 39.99999999995928 33.33333333329976
6012 99.11984639253933 44.99999999997095 33.33333333329975
6013 101.0003749002369 49.99999999997966 33.33333333329975
6014 102.8809034079347 54.99999999998877 33.33333333329978
6015 88.70534447669861 4.999999999996979 33.33333333329987
6016 90.70340601612338 9.999999999993529 33.33333333329985
6017 92.70146755554765 14.99999999998887 33.33333333329987
6018 94.69952909496794 19.9999999999743 33.33333333329987
6019 96.69759063438664 24.99999999995579 33.33333333329987
6020 98.69565217380597 29.99999999993895 33.33333333329987
6021 100.6937137132359 34.99999999994862 33.33333333329986
6022 102.6917752526661 39.99999999995929 33.33333333329987
6023 104.6898367920969 44.99999999997107 33.33333333329985
6024 106.6878983315264 49.9999999999797 33.33333333329989
6025 108.6859598709561 54.99999999998872 33.3333333332999
6026 93.33507062239964 4.999999999996885 33.33333333329998
6027 95.45066519355574 9.999999999993294 33.33333333329995
6028 97.56625976471136 14.99999999998862 33.33333333329998
6029 99.68185433586288 19.99999999997413 33.33333333329999
6030 101.7974489070127 24.99999999995567 33.33333333329998
6031 103.9130434781633 29.99999999993894 33.33333333329999
6032 106.0286380493248 34.99999999994863 33.33333333329998
6033 108.1442326204869 39.9999999999593 33.33333333329998
6034 110.2598271916496 44.99999999997121 33.33333333329998
6035 112.3754217628109 49.99999999997969 33.33333333329998
6036 114.4910163339724 54.99999999998866 33.33333333329998
6037 97.96479676810755 4.999999999996795 33.3333333333001
6038 100.1979243709947 9.99999999999304 33.3333333333001
6039 102.4310519738816 14.99999999998838 33.3333333333001
6040 104.6641795767642 19.99999999997396 33.3333333333001
6041 106.8973071796448 24.99999999995556 33.3333333333001
6042 109.1304347825263 29.99999999993893 33.3333333333001
6043 111.3635623854194 34.99999999994863 33.3333333333001
6044 113.5966899883131 39.99999999995931 33.3333333333001
6045 115.8298175912074 44.99999999997132 33.33333333330009
6046 118.0629451941001 49.99999999997971 33.33333333330009
6047 120.296072796993 54.99999999998861 33.3333333333001
6048 102.5945229138101 4.999999999996707 33.33333333330018
6049 104.9451835484285 9.9999999999928 33.33333333330018
6050 107.2958441830466 14.99999999998812 33.33333333330021
6051 109.6465048176603 19.99999999997377 33.33333333330021
6052 111.9971654522719 24.99999999995541 33.33333333330022
6053 114.3478260868845 29.99999999993891 33.33333333330022
6054 116.6984867215093 34.99999999994862 33.33333333330021
6055 119.0491473561346 39.99999999995935 33.33333333330021
6056 121.3998079907606 44.99999999997139 33.3333333333002
6057 123.7504686253849 49.99999999997976 33.33333333330023
6058 126.1011292600094 54.99999999998854 33.33333333330022
6059 107.2242490595174 4.999999999996614 33.33333333330032
6060 109.6924427258663 9.999999999992559 33.33333333330032
6061 112.1606363922149 14.99999999998787 33.33333333330032
6062 114.6288300585587 19.9999999999736 33.33333333330033
6063 117.0970237249006 24.9999999999553 33.33333333330032
6064 119.5652173912433 29.99999999993889 33.33333333330032
6065 122.0334110575987 34.99999999994863 33.33333333330032
6066 124.5016047239548 39.99999999995937 33.33333333330032
6067 126.9697983903115 44.99999999997151 33.33333333330033
6068 129.4379920566662 49.99999999997975 33.33333333330035
6069 131.9061857230212 54.99999999998847 33.33333333330035
6070 111.8539752052202 4.999999999996523 33.33333333330041
6071 114.4397019033004 9.999999999992312 33.33333333330041
6072 117.0254286013805 14.99999999998761 33.33333333330044
6073 119.6111552994556 19.99999999997342 33.33333333330043
6074 122.1968819975285 24.99999999995517 33.33333333330044
6075 124.7826086956024 29.99999999993888 33.33333333330044
6076 127.3683353936896 34.99999999994861 33.33333333330044
6077 129.9540620917776 39.99999999995937 33.33333333330044
6078 132.5397887898662 44.99999999997162 33.33333333330043
6079 135.1255154879526 49.99999999997975 33.33333333330043
6080 137.7112421860394 54.99999999998842 33.33333333330047
6081 122.2887578139153 4.999999999996526 33.33333333330042
6082 124.8744845119967 9.999999999992317 33.33333333330042
6083 127.4602112100777 14.99999999998762 33.33333333330044
6084 130.045937908154 19.99999999997343 33.33333333330044
6085 132.631664606228 24.99999999995517 33.33333333330042
6086 135.2173913043031 29.99999999993888 33.33333333330043
6087 137.8031180023917 34.99999999994863 33.33333333330044
6088 140.3888447004808 39.99999999995939 33.33333333330042
6089 142.9745713985707 44.99999999997162 33.33333333330043
6090 145.5602980966585 49.99999999997976 33.33333333330044
6091 148.1460247947466 54.99999999998847 33.33333333330046
6092 128.0938142769116 4.999999999996616 33.33333333330033
6093 130.5620079432621 9.999999999992561 33.3333333333003
6094 133.0302016096124 14.99999999998787 33.33333333330033
6095 135.4983952759578 19.9999999999736 33.33333333330035
6096 137.9665889423013 24.9999999999553 33.33333333330032
6097 140.4347826086457 29.99999999993888 33.33333333330033
6098 142.9029762750031 34.99999999994863 33.33333333330033
6099 145.371169941361 39.99999999995939 33.33333333330035
6100 147.8393636077196 44.99999999997149 33.33333333330033
6101 150.3075572740763 49.99999999997974 33.33333333330033
6102 152.7757509404332 54.99999999998849 33.33333333330033
6103 133.8988707399071 4.999999999996708 33.33333333330022
6104 136.2495313745269 9.999999999992804 33.33333333330019
6105 138.6001920091464 14.99999999998812 33.33333333330022
6106 140.9508526437613 19.99999999997377 33.33333333330021
6107 143.3015132783743 24.99999999995542 33.3333333333002
6108 145.6521739129882 29.99999999993891 33.3333333333002
6109 148.0028345476144 34.99999999994864 33.3333333333002
6110 150.3534951822412 39.99999999995937 33.3333333333002
6111 152.7041558168686 44.99999999997139 33.33333333330023
6112 155.0548164514942 49.99999999997973 33.33333333330022
6113 157.4054770861202 54.99999999998858 33.33333333330022
6114 139.7039272028892 4.999999999996795 33.33333333330009
6115 141.9370548057794 9.999999999993046 33.33333333330007
6116 144.1701824086694 14.99999999998837 33.3333333333001
6117 146.403310011555 19.99999999997397 33.33333333330008
6118 148.6364376144385 24.99999999995555 33.33333333330009
6119 150.869565217323 29.99999999993892 33.3333333333001
6120 153.1026928202192 34.99999999994862 33.33333333330009
6121 155.3358204231158 39.99999999995933 33.33333333330009
6122 157.5689480260129 44.99999999997127 33.33333333330009
6123 159.8020756289086 49.99999999997972 33.3333333333001
6124 162.0352032318042 54.99999999998862 33.3333333333001
6125 145.5089836658752 4.999999999996888 33.33333333329998
6126 147.6245782370349 9.999999999993296 33.33333333329999
6127 149.7401728081943 14.99999999998862 33.33333333329999
6128 151.8557673793495 19.99999999997414 33.33333333329998
6129 153.9713619505028 24.99999999995566 33.33333333329998
6130 156.0869565216571 29.99999999993892 33.33333333329996
6131 158.2025510928221 34.99999999994863 33.33333333329999
6132 160.3181456639878 39.99999999995931 33.33333333329996
6133 162.433740235154 44.99999999997119 33.3333333333
6134 164.5493348063188 49.99999999997972 33.3333333333
6135 166.6649293774838 54.99999999998869 33.33333333329999
6136 151.3140401288663 4.99999999999698 33.33333333329987
6137 153.3121016682951 9.999999999993536 33.33333333329985
6138 155.3101632077235 14.99999999998888 33.33333333329988
6139 157.3082247471478 19.9999999999743 33.33333333329985
6140 159.3062862865706 24.9999999999558 33.33333333329985
6141 161.3043478259939 29.99999999993894 33.33333333329986
6142 163.3024093654278 34.99999999994866 33.33333333329986
6143 165.3004709048621 39.9999999999593 33.33333333329985
6144 167.2985324442971 44.99999999997109 33.33333333329985
6145 169.2965939837306 49.99999999997971 33.33333333329988
6146 171.2946555231643 54.99999999998873 33.33333333329988
6147 157.1190965918466 4.999999999997073 33.33333333329975
6148 158.9996250995451 9.999999999993783 33.33333333329973
6149 160.8801536072431 14.99999999998911 33.33333333329976
6150 162.7606821149375 19.99999999997448 33.33333333329974
6151 164.6412106226302 24.99999999995591 33.33333333329975
6152 166.5217391303234 29.99999999993897 33.33333333329973
6153 168.4022676380267 34.99999999994866 33.33333333329973
6154 170.2827961457303 39.9999999999593 33.33333333329973
6155 172.1633246534344 44.99999999997096 33.33333333329973
6156 174.0438531611373 49.99999999997969 33.33333333329975
6157 175.9243816688406 54.99999999998883 33.33333333329976
6158 162.9241530548353 4.999999999997161 33.33333333329962
6159 164.6871485308029 9.999999999994021 33.33333333329963
6160 166.4501440067702 14.99999999998937 33.33333333329966
6161 168.2131394827338 19.99999999997466 33.33333333329966
6162 169.9761349586959 24.99999999995604 33.33333333329966
6163 171.7391304346586 29.999999999939 33.33333333329965
6164 173.5021259106307 34.99999999994867 33.33333333329965
6165 175.2651213866033 39.99999999995926 33.33333333329966
6166 177.0281168625761 44.99999999997085 33.33333333329963
6167 178.7911123385479 49.99999999997971 33.33333333329965
6168 180.55410781452 54.99999999998888 33.33333333329963
6169 168.7292095178271 4.999999999997252 33.33333333329951
6170 170.3746719620645 9.999999999994262 33.33333333329951
6171 172.0201344063016 14.99999999998963 33.33333333329954
6172 173.6655968505351 19.99999999997483 33.33333333329951
6173 175.3110592947673 24.99999999995617 33.33333333329952
6174 176.956521739 29.99999999993901 33.33333333329954
6175 178.6019841832415 34.99999999994869 33.33333333329954
6176 180.247446627483 39.99999999995926 33.33333333329954
6177 181.8929090717251 44.99999999997077 33.33333333329954
6178 183.5383715159664 49.99999999997969 33.33333333329954
6179 185.1838339602077 54.99999999998889 33.33333333329954
6180 174.534265980809 4.999999999997345 33.3333333332994
6181 176.0621953933158 9.999999999994508 33.33333333329939
6182 177.590124805822 14.99999999998987 33.33333333329942
6183 179.1180542183252 19.999999999975 33.33333333329939
6184 180.6459836308272 24.99999999995628 33.33333333329939
6185 182.1739130433294 29.99999999993901 33.33333333329939
6186 183.7018424558399 34.9999999999487 33.33333333329941
6187 185.2297718683507 39.99999999995924 33.33333333329941
6188 186.757701280862 44.99999999997067 33.33333333329939
6189 188.2856306933723 49.99999999997964 33.33333333329942
6190 189.8135601058828 54.99999999998895 33.33333333329941
6191 180.3393224437961 4.999999999997439 33.33333333329931
6192 181.7497188245731 9.999999999994753 33.33333333329928
6193 183.1601152053494 14.99999999999012 33.33333333329931
6194 184.5705115861228 19.99999999997517 33.33333333329931
6195 185.9809079668951 24.99999999995642 33.33333333329931
6196 187.3913043476676 29.99999999993901 33.33333333329931
6197 188.8017007284476 34.99999999994868 33.33333333329931
6198 190.2120971092279 39.99999999995921 33.33333333329931
6199 191.6224934900085 44.99999999997056 33.33333333329931
6200 193.0328898707884 49.99999999997965 33.33333333329931
6201 194.4432862515686 54.99999999998903 33.33333333329931
6202 186.144378906793 4.999999999997526 33.33333333329917
6203 187.4372422558405 9.999999999994998 33.33333333329919
6204 188.7301056048873 14.99999999999037 33.33333333329919
6205 190.0229689539314 19.99999999997533 33.33333333329919
6206 191.3158323029743 24.99999999995653 33.33333333329917
6207 192.6086956520176 29.99999999993906 33.33333333329917
6208 193.9015590010676 34.9999999999487 33.33333333329919
6209 195.1944223501177 39.9999999999592 33.33333333329917
6210 196.4872856991684 44.99999999997044 33.33333333329917
6211 197.7801490482179 49.99999999997964 33.33333333329919
6212 199.0730123972677 54.99999999998911 33.33333333329918
6213 191.9494353698073 4.999999999997619 33.33333333329907
6214 193.1247656871241 9.999999999995239 33.33333333329906
6215 194.3000960044402 14.99999999999062 33.33333333329908
6216 195.4754263217539 19.99999999997551 33.33333333329909
6217 196.6507566390662 24.99999999995666 33.33333333329908
6218 197.826086956379 29.99999999993906 33.33333333329908
6219 199.0014172736977 34.99999999994871 33.33333333329908
6220 200.1767475910167 39.99999999995919 33.33333333329908
6221 201.3520779083357 44.99999999997031 33.33333333329907
6222 202.5274082256542 49.99999999997961 33.33333333329908
6223 203.7027385429726 54.99999999998916 33.33333333329908
6224 197.7544918328225 4.999999999997709 33.33333333329897
6225 198.8122891184067 9.999999999995486 33.33333333329897
6226 199.8700864039907 14.99999999999087 33.33333333329897
6227 200.9278836895723 19.99999999997569 33.33333333329897
6228 201.9856809751528 24.99999999995678 33.33333333329898
6229 203.0434782607337 29.99999999993909 33.33333333329897
6230 204.1012755463202 34.99999999994873 33.33333333329897
6231 205.1590728319067 39.99999999995917 33.33333333329897
6232 206.2168701174935 44.99999999997023 33.33333333329897
6233 207.2746674030796 49.99999999997963 33.33333333329897
6234 208.332464688666 54.99999999998923 33.33333333329897
6235 203.5595482958407 4.999999999997799 33.33333333329886
6236 204.4998125496933 9.999999999995728 33.33333333329885
6237 205.4400768035455 14.99999999999112 33.33333333329885
6238 206.3803410573956 19.99999999997587 33.33333333329885
6239 207.3206053112448 24.99999999995689 33.33333333329883
6240 208.2608695650941 29.9999999999391 33.33333333329885
6241 209.2011338189484 34.99999999994873 33.33333333329884
6242 210.1413980728028 39.99999999995917 33.33333333329885
6243 211.0816623266576 44.99999999997011 33.33333333329885
6244 212.0219265805118 49.99999999997958 33.33333333329884
6245 212.9621908343662 54.99999999998926 33.33333333329885
6246 209.3646047588595 4.999999999997892 33.33333333329874
6247 210.1873359809808 9.999999999995971 33.3333333332987
6248 211.0100672031017 14.99999999999137 33.33333333329875
6249 211.8327984252206 19.99999999997604 33.33333333329873
6250 212.655529647339 24.99999999995703 33.33333333329874
6251 213.4782608694575 29.99999999993912 33.33333333329873
6252 214.3009920915802 34.99999999994872 33.33333333329874
6253 215.123723313703 39.99999999995915 33.33333333329875
6254 215.946454535826 44.99999999996999 33.33333333329874
6255 216.7691857579488 49.99999999997961 33.33333333329874
6256 217.5919169800715 54.99999999998935 33.33333333329874
6257 215.169661221881 4.999999999997979 33.3333333332986
6258 215.8748594122706 9.999999999996218 33.33333333329862
6259 216.5800576026598 14.99999999999163 33.33333333329863
6260 217.2852557930473 19.99999999997621 33.33333333329863
6261 217.9904539834342 24.99999999995715 33.33333333329863
6262 218.6956521738211 29.99999999993913 33.33333333329863
6263 219.4008503642122 34.99999999994874 33.33333333329863
6264 220.106048554603 39.99999999995914 33.33333333329863
6265 220.8112467449939 44.99999999996992 33.33333333329863
6266 221.5164449353846 49.99999999997958 33.33333333329863
6267 222.2216431257755 54.99999999998942 33.33333333329863
6268 220.9747176848965 4.999999999998074 33.33333333329854
6269 221.5623828435544 9.999999999996463 33.33333333329851
6270 222.1500480022119 14.99999999999188 33.33333333329851
6271 222.7377131608679 19.99999999997637 33.33333333329851
6272 223.3253783195234 24.99999999995726 33.33333333329851
6273 223.9130434781792 29.99999999993915 33.33333333329851
6274 224.5007086368381 34.99999999994875 33.33333333329851
6275 225.0883737954972 39.99999999995912 33.33333333329851
6276 225.6760389541562 44.99999999996982 33.33333333329851
6277 226.2637041128152 49.99999999997959 33.33333333329851
6278 226.8513692714741 54.99999999998946 33.33333333329852
6279 226.7797741479189 4.999999999998165 33.3333333332984
6280 227.2499062748454 9.999999999996703 33.33333333329843
6281 227.7200384017716 14.99999999999213 33.3333333332984
6282 228.1901705286968 19.99999999997657 33.33333333329841
6283 228.6603026556214 24.9999999999574 33.3333333332984
6284 229.130434782546 29.99999999993915 33.3333333332984
6285 229.6005669094733 34.99999999994876 33.3333333332984
6286 230.0706990364007 39.99999999995909 33.3333333332984
6287 230.5408311633281 44.99999999996967 33.3333333332984
6288 231.0109632902554 49.99999999997957 33.3333333332984
6289 231.4810954171827 54.99999999998951 33.33333333329841
6290 232.5848306109365 4.999999999998255 33.33333333329828
6291 232.9374297061318 9.99999999999695 33.33333333329828
6292 233.2900288013269 14.99999999999237 33.33333333329828
6293 233.642627896521 19.99999999997672 33.33333333329828
6294 233.9952269917147 24.99999999995752 33.3333333332983
6295 234.3478260869087 29.9999999999392 33.33333333329831
6296 234.7004251821045 34.99999999994875 33.33333333329828
6297 235.0530242773003 39.99999999995907 33.33333333329828
6298 235.4056233724961 44.99999999996957 33.33333333329831
6299 235.7582224676917 49.99999999997955 33.33333333329828
6300 236.1108215628875 54.99999999998957 33.33333333329829
6301 238.3898870739521 4.999999999998348 33.33333333329818
6302 238.6249531374154 9.999999999997186 33.33333333329816
6303 238.8600192008788 14.99999999999263 33.33333333329817
6304 239.0950852643413 19.99999999997689 33.33333333329817
6305 239.3301513278039 24.99999999995765 33.33333333329817
6306 239.5652173912665 29.9999999999392 33.33333333329817
6307 239.8002834547302 34.99999999994877 33.33333333329817
6308 240.035349518194 39.99999999995907 33.33333333329817
6309 240.2704155816578 44.99999999996948 33.33333333329818
6310 240.5054816451218 49.99999999997954 33.33333333329817
6311 240.7405477085856 54.99999999998965 33.33333333329818
6312 244.1949435369789 4.999999999998439 33.33333333329806
6313 244.312476568711 9.99999999999744 33.33333333329808
6314 244.4300096004428 14.99999999999288 33.33333333329805
6315 244.5475426321745 19.99999999997708 33.33333333329806
6316 244.665075663906 24.99999999995777 33.33333333329806
6317 244.7826086956374 29.9999999999392 33.33333333329806
6318 244.9001417273696 34.99999999994877 33.33333333329806
6319 245.0176747591017 39.99999999995904 33.33333333329807
6320 245.1352077908338 44.99999999996935 33.33333333329808
6321 245.2527408225659 49.99999999997952 33.33333333329806
6322 245.3702738542981 54.9999999999897 33.33333333329806
6323 254.9999999994282 4.999999999998528 33.33333333329794
6324 254.9999999994282 9.999999999997689 33.33333333329794
6325 254.9999999994282 14.99999999999313 33.33333333329794
6326 254.9999999994282 19.99999999997726 33.33333333329794
6327 254.9999999994282 24.9999999999579 33.33333333329794
6328 254.9999999994282 29.99999999993923 33.33333333329794
6329 254.9999999994282 34.99999999994878 33.33333333329794
6330 254.9999999994282 39.99999999995901 33.33333333329794
6331 254.9999999994282 44.99999999996928 33.33333333329794
6332 254.9999999994282 49.99999999997951 33.33333333329794
6333 254.9999999994282 54.99999999998975 33.33333333329794
6334 4.999999999992399 4.999999999998532 50
6335 4.999999999992403 4.999999999998531 55.00000000000001
6336 4.999999999992402 9.999999999997689 49.99999999999999
6337 4.999999999992402 9.999999999997687 55.00000000000001
6338 4.999999999992398 14.99999999999313 50.00000000000001
6339 4.9999999999924 14.99999999999313 55.00000000000001
6340 4.999999999992397 19.99999999997724 50.00000000000001
6341 4.9999999999924 19.99999999997724 54.99999999999999
6342 4.999999999992399 24.99999999995789 50
6343 4.999999999992402 24.99999999995789 55.00000000000001
6344 4.999999999992401 29.99999999993924 50.00000000000003
6345 4.999999999992404 29.99999999993923 55.00000000000003
6346 4.999999999992401 34.99999999994878 50
6347 4.999999999992404 34.99999999994878 55.00000000000001
6348 4.999999999992399 39.999999999959 50.00000000000005
6349 4.999999999992401 39.99999999995902 55.00000000000001
6350 4.9999999999924 44.99999999996928 50.00000000000001
6351 4.999999999992404 44.99999999996928 55.00000000000001
6352 4.999999999992399 49.99999999997951 50.00000000000001
6353 4.999999999992401 49.99999999997951 55.00000000000001
6354 4.999999999992399 54.99999999998975 50.00000000000001
6355 4.999999999992401 54.99999999998978 55.00000000000001
6356 14.45747216689703 4.999999999998517 50.00000000000001
6357 14.45747216689704 4.999999999998517 54.99999999999996
6358 14.59907822922342 9.999999999997527 49.99999999999999
6359 14.59907822922341 9.999999999997527 54.99999999999996
6360 14.74068429154971 14.99999999999288 50.00000000000003
6361 14.7406842915497 14.99999999999288 54.99999999999996
6362 14.88229035387567 19.99999999997692 49.99999999999999
6363 14.88229035387565 19.9999999999769 54.99999999999996
6364 15.02389641620154 24.99999999995766 49.99999999999999
6365 15.02389641620153 24.99999999995767 54.99999999999999
6366 15.16550247852742 29.99999999993891 50.00000000000001
6367 15.16550247852742 29.99999999993891 55
6368 15.3071085408541 34.99999999994841 50
6369 15.3071085408541 34.99999999994841 54.99999999999996
6370 15.44871460318079 39.99999999995859 50.00000000000001
6371 15.44871460318078 39.99999999995858 54.99999999999996
6372 15.59032066550752 44.99999999996913 49.99999999999999
6373 15.59032066550751 44.99999999996909 54.99999999999999
6374 15.7319267278342 49.99999999997942 50
6375 15.7319267278342 49.99999999997939 54.99999999999999
6376 15.87353279016091 54.99999999998983 50
6377 15.8735327901609 54.99999999998987 54.99999999999999
6378 18.9149443337946 4.999999999998499 50.00000000000004
6379 18.9149443337946 4.999999999998498 55.00000000000001
6380 19.19815645844745 9.999999999997376 50
6381 19.19815645844746 9.999999999997367 54.99999999999999
6382 19.48136858310009 14.99999999999265 50
6383 19.48136858310009 14.99999999999265 55
6384 19.76458070775209 19.99999999997661 49.99999999999996
6385 19.7645807077521 19.99999999997659 55
6386 20.04779283240393 24.99999999995743 49.99999999999999
6387 20.04779283240394 24.99999999995743 55
6388 20.33100495705579 29.9999999999386 50.00000000000003
6389 20.33100495705578 29.99999999993859 55.00000000000001
6390 20.61421708170923 34.99999999994805 49.99999999999999
6391 20.61421708170922 34.99999999994805 54.99999999999999
6392 20.89742920636273 39.99999999995818 50.00000000000003
6393 20.89742920636273 39.99999999995815 55
6394 21.18064133101627 44.99999999996895 49.99999999999999
6395 21.18064133101626 44.99999999996895 55
6396 21.46385345566977 49.99999999997935 49.99999999999999
6397 21.46385345566978 49.99999999997935 55
6398 21.74706558032328 54.99999999998994 50
6399 21.74706558032329 54.99999999998994 55
6400 23.3724165006948 4.999999999998476 50.00000000000003
6401 23.37241650069484 4.999999999998478 55.00000000000001
6402 23.79723468767399 9.999999999997225 50
6403 23.79723468767399 9.999999999997225 55
6404 24.22205287465286 14.99999999999241 50.00000000000001
6405 24.22205287465286 14.9999999999924 55.00000000000001
6406 24.64687106163075 19.99999999997631 49.99999999999998
6407 24.64687106163076 19.99999999997629 54.99999999999997
6408 25.07168924860839 24.99999999995721 50.00000000000003
6409 25.07168924860838 24.9999999999572 55.00000000000004
6410 25.49650743558601 29.99999999993829 50.00000000000003
6411 25.49650743558601 29.99999999993829 55
6412 25.92132562256606 34.99999999994768 50.00000000000004
6413 25.92132562256604 34.99999999994768 55
6414 26.34614380954611 39.99999999995775 50.00000000000001
6415 26.34614380954611 39.99999999995774 55
6416 26.77096199652628 44.99999999996884 49.99999999999999
6417 26.77096199652628 44.99999999996881 55
6418 27.19578018350639 49.9999999999792 50
6419 27.19578018350636 49.99999999997921 55
6420 27.62059837048648 54.99999999999004 49.99999999999999
6421 27.62059837048649 54.99999999999004 55
6422 27.82988866758802 4.999999999998463 50.00000000000005
6423 27.82988866758802 4.999999999998458 55.00000000000001
6424 28.39631291689354 9.999999999997071 50.00000000000001
6425 28.39631291689354 9.999999999997073 54.99999999999999
6426 28.9627371661987 14.99999999999216 50.00000000000002
6427 28.96273716619869 14.99999999999216 55
6428 29.52916141550257 19.999999999976 50
6429 29.52916141550258 19.999999999976 54.99999999999999
6430 30.09558566480611 24.99999999995698 50.00000000000004
6431 30.09558566480613 24.99999999995698 55
6432 30.66200991410965 29.99999999993796 50.00000000000004
6433 30.66200991410967 29.99999999993797 54.99999999999999
6434 31.22843416341639 34.99999999994733 50.00000000000001
6435 31.2284341634164 34.99999999994732 55
6436 31.79485841272322 39.99999999995732 50
6437 31.7948584127232 39.99999999995731 54.99999999999999
6438 32.36128266203019 44.99999999996867 50.00000000000001
6439 32.36128266203021 44.99999999996867 55
6440 32.92770691133705 49.99999999997911 50.00000000000001
6441 32.92770691133708 49.99999999997912 55
6442 33.49413116064397 54.99999999999015 50.00000000000001
6443 33.49413116064399 54.99999999999015 55
6444 32.28736083448089 4.999999999998442 50.00000000000001
6445 32.28736083448092 4.999999999998441 55
6446 32.99539114611269 9.999999999996922 50.00000000000001
6447 32.99539114611269 9.999999999996923 55
6448 33.70342145774396 14.99999999999192 50.00000000000001
6449 33.70342145774396 14.99999999999192 55.00000000000001
6450 34.41145176937363 19.99999999997568 49.99999999999996
6451 34.41145176937366 19.99999999997568 55
6452 35.11948208100297 24.99999999995676 50
6453 35.11948208100298 24.99999999995675 55
6454 35.82751239263226 29.99999999993767 50
6455 35.82751239263227 29.99999999993767 54.99999999999999
6456 36.53554270426552 34.99999999994695 50
6457 36.53554270426554 34.99999999994692 55
6458 37.24357301589894 39.99999999995688 50
6459 37.24357301589894 39.99999999995688 55.00000000000003
6460 37.95160332753255 44.99999999996852 50
6461 37.95160332753255 44.99999999996852 55
6462 38.659633639166 49.999999999979 50.00000000000001
6463 38.65963363916602 49.99999999997902 55.00000000000003
6464 39.36766395079955 54.99999999999021 50
6465 39.36766395079955 54.99999999999024 55.00000000000003
6466 36.74483300137693 4.999999999998424 50.00000000000002
6467 36.74483300137693 4.999999999998423 55
6468 37.59446937533504 9.99999999999676 50
6469 37.59446937533504 9.99999999999676 55
6470 38.44410574929248 14.99999999999168 50
6471 38.44410574929245 14.99999999999168 55
6472 39.29374212324804 19.99999999997538 50
6473 39.29374212324803 19.99999999997537 54.99999999999999
6474 40.14337849720317 24.99999999995654 50.00000000000003
6475 40.14337849720318 24.99999999995651 55.00000000000001
6476 40.99301487115824 29.99999999993733 50.00000000000004
6477 40.99301487115824 29.99999999993733 55
6478 41.84265124511813 34.9999999999466 50.00000000000003
6479 41.84265124511812 34.99999999994658 55
6480 42.69228761907811 39.99999999995647 50.00000000000003
6481 42.69228761907811 39.99999999995646 55
6482 43.54192399303843 44.99999999996835 50
6483 43.54192399303844 44.99999999996834 55
6484 44.39156036699854 49.9999999999789 50.00000000000004
6485 44.39156036699854 49.99999999997888 55.00000000000001
6486 45.24119674095876 54.99999999999035 50.00000000000001
6487 45.24119674095879 54.99999999999033 54.99999999999999
6488 41.20230516827205 4.999999999998409 50.00000000000001
6489 41.20230516827207 4.999999999998408 55.00000000000001
6490 42.19354760455612 9.999999999996614 50.00000000000001
6491 42.19354760455615 9.999999999996607 55.00000000000001
6492 43.18479004083957 14.99999999999143 50
6493 43.18479004083952 14.99999999999144 55
6494 44.17603247712069 19.99999999997505 49.99999999999996
6495 44.1760324771207 19.99999999997506 55
6496 45.16727491340136 24.99999999995632 49.99999999999999
6497 45.16727491340134 24.99999999995632 55.00000000000001
6498 46.15851734968193 29.99999999993704 50
6499 46.15851734968189 29.99999999993704 55.00000000000001
6500 47.14975978596809 34.99999999994623 49.99999999999999
6501 47.14975978596803 34.99999999994624 55
6502 48.14100222225431 39.99999999995604 50.00000000000003
6503 48.14100222225431 39.99999999995602 55
6504 49.13224465854103 44.99999999996818 50
6505 49.132244658541 44.99999999996819 55.00000000000001
6506 50.12348709482738 49.99999999997876 50
6507 50.12348709482739 49.99999999997878 55.00000000000001
6508 51.11472953111395 54.99999999999042 50
6509 51.11472953111395 54.99999999999039 55
6510 45.65977733516234 4.999999999998392 50.00000000000003
6511 45.65977733516234 4.999999999998394 55
6512 46.7926258337728 9.999999999996458 49.99999999999999
6513 46.79262583377281 9.999999999996456 54.99999999999997
6514 47.92547433238252 14.99999999999119 50
6515 47.9254743323825 14.9999999999912 55
6516 49.05832283098963 19.99999999997474 49.99999999999999
6517 49.05832283098967 19.99999999997473 55
6518 50.19117132959627 24.99999999995606 50.00000000000001
6519 50.19117132959627 24.99999999995607 54.99999999999999
6520 51.32401982820278 29.9999999999367 50.00000000000003
6521 51.32401982820274 29.9999999999367 55
6522 52.45686832681567 34.99999999994586 50.00000000000003
6523 52.45686832681564 34.99999999994586 55
6524 53.58971682542874 39.99999999995565 50
6525 53.58971682542871 39.99999999995563 55.00000000000001
6526 54.72256532404239 44.99999999996805 49.99999999999999
6527 54.72256532404236 44.99999999996805 55
6528 55.85541382265561 49.9999999999787 49.99999999999999
6529 55.85541382265561 49.9999999999787 55
6530 56.9882623212691 54.99999999999052 50
6531 56.98826232126912 54.99999999999056 55.00000000000001
6532 50.11724950205542 4.999999999998373 50.00000000000003
6533 50.11724950205541 4.999999999998371 55.00000000000001
6534 51.39170406299223 9.999999999996305 50
6535 51.39170406299224 9.999999999996298 55.00000000000001
6536 52.66615862392825 14.99999999999095 50.00000000000001
6537 52.66615862392825 14.99999999999095 55
6538 53.94061318486141 19.99999999997444 49.99999999999999
6539 53.94061318486138 19.99999999997443 54.99999999999999
6540 55.21506774579402 24.99999999995586 50
6541 55.21506774579402 24.99999999995586 55
6542 56.48952230672643 29.9999999999364 50.00000000000002
6543 56.48952230672637 29.9999999999364 54.99999999999999
6544 57.7639768676661 34.99999999994548 50
6545 57.76397686766605 34.99999999994549 55
6546 59.0384314286059 39.9999999999552 50.00000000000001
6547 59.03843142860592 39.99999999995521 55
6548 60.31288598954652 44.9999999999679 49.99999999999999
6549 60.31288598954649 44.99999999996787 55
6550 61.58734055048656 49.99999999997861 50
6551 61.58734055048656 49.99999999997863 55
6552 62.86179511142706 54.9999999999906 50
6553 62.86179511142703 54.99999999999064 54.99999999999999
6554 54.57472166894832 4.999999999998357 50.00000000000001
6555 54.57472166894833 4.999999999998358 54.99999999999999
6556 55.99078229221138 9.999999999996152 50.00000000000004
6557 55.99078229221136 9.999999999996152 54.99999999999999
6558 57.40684291547352 14.99999999999073 50.00000000000002
6559 57.40684291547348 14.99999999999072 55.00000000000002
6560 58.8229035387325 19.99999999997412 50.00000000000001
6561 58.82290353873245 19.99999999997412 54.99999999999999
6562 60.23896416199087 24.99999999995563 50.00000000000001
6563 60.23896416199088 24.99999999995563 55
6564 61.65502478524907 29.99999999993608 50.00000000000004
6565 61.65502478524903 29.99999999993609 54.99999999999999
6566 63.07108540851531 34.99999999994511 50.00000000000001
6567 63.07108540851522 34.99999999994512 55.00000000000001
6568 64.48714603178169 39.99999999995479 50.00000000000001
6569 64.48714603178165 39.99999999995477 55
6570 65.90320665504906 44.99999999996773 50.00000000000001
6571 65.90320665504902 44.99999999996774 55
6572 67.31926727831581 49.9999999999785 50.00000000000001
6573 67.31926727831573 49.99999999997851 55
6574 68.73532790158289 54.99999999999073 50.00000000000001
6575 68.73532790158282 54.9999999999907 55
6576 59.03219383584092 4.999999999998336 50
6577 59.03219383584096 4.999999999998336 55.00000000000001
6578 60.5898605214299 9.999999999996 49.99999999999999
6579 60.58986052142992 9.999999999995993 55.00000000000001
6580 62.14752720701788 14.99999999999048 50
6581 62.14752720701787 14.99999999999048 55
6582 63.70519389260237 19.99999999997382 50.00000000000003
6583 63.70519389260238 19.9999999999738 55.00000000000001
6584 65.26286057818626 24.9999999999554 49.99999999999999
6585 65.26286057818633 24.9999999999554 55
6586 66.82052726376978 29.99999999993577 50.00000000000003
6587 66.82052726376976 29.99999999993576 55.00000000000001
6588 68.37819394936223 34.99999999994478 50
6589 68.37819394936221 34.99999999994476 55
6590 69.93586063495482 39.99999999995435 50.00000000000003
6591 69.93586063495481 39.99999999995434 55
6592 71.49352732054857 44.99999999996757 50.00000000000003
6593 71.49352732054849 44.99999999996757 55
6594 73.0511940061415 49.99999999997841 50.00000000000003
6595 73.05119400614151 49.99999999997839 55
6596 74.60886069173486 54.99999999999083 50
6597 74.60886069173495 54.99999999999083 55.00000000000001
6598 63.48966600274586 4.99999999999832 50.00000000000001
6599 63.48966600274589 4.99999999999832 55.00000000000001
6600 65.18893875066139 9.999999999995849 50
6601 65.18893875066146 9.99999999999584 54.99999999999997
6602 66.88821149857593 14.99999999999024 50
6603 66.88821149857594 14.99999999999023 54.99999999999999
6604 68.58748424648658 19.99999999997351 49.99999999999999
6605 68.58748424648661 19.99999999997349 54.99999999999999
6606 70.28675699439677 24.99999999995517 50
6607 70.28675699439677 24.99999999995517 54.99999999999999
6608 71.98602974230646 29.99999999993545 50.00000000000004
6609 71.98602974230641 29.99999999993545 55
6610 73.68530249022581 34.99999999994439 50
6611 73.68530249022581 34.99999999994438 55
6612 75.38457523814529 39.99999999995393 50.00000000000001
6613 75.3845752381453 39.99999999995392 55
6614 77.08384798606629 44.99999999996744 50.00000000000001
6615 77.0838479860663 44.99999999996745 55
6616 78.78312073398615 49.99999999997825 50
6617 78.78312073398612 49.99999999997826 55
6618 80.48239348190677 54.99999999999091 50.00000000000001
6619 80.48239348190681 54.99999999999092 55
6620 67.94713816966427 4.999999999998304 50.00000000000004
6621 67.94713816966427 4.999999999998304 55
6622 69.78801697990649 9.999999999995689 50.00000000000001
6623 69.7880169799065 9.999999999995687 55.00000000000001
6624 71.62889579014758 14.99999999999001 50.00000000000004
6625 71.62889579014754 14.99999999999 55
6626 73.46977460038453 19.99999999997319 49.99999999999999
6627 73.46977460038448 19.99999999997319 54.99999999999999
6628 75.3106534106209 24.99999999995496 50.00000000000002
6629 75.31065341062093 24.99999999995496 55
6630 77.15153222085671 29.99999999993513 50.00000000000003
6631 77.15153222085667 29.99999999993513 55
6632 78.9924110311029 34.99999999994405 50
6633 78.99241103110288 34.99999999994402 54.99999999999999
6634 80.83328984134943 39.9999999999535 50.00000000000003
6635 80.83328984134938 39.99999999995349 54.99999999999999
6636 82.67416865159744 44.99999999996728 49.99999999999999
6637 82.67416865159744 44.99999999996725 54.99999999999999
6638 84.51504746184439 49.99999999997817 50.00000000000001
6639 84.5150474618444 49.9999999999782 55
6640 86.35592627209203 54.99999999999102 50.00000000000001
6641 86.35592627209202 54.99999999999102 55.00000000000001
6642 72.4046103365833 4.999999999998281 50.00000000000001
6643 72.40461033658329 4.999999999998281 55.00000000000001
6644 74.38709520915251 9.999999999995543 50
6645 74.38709520915249 9.999999999995541 55
6646 76.3695800817205 14.99999999998976 50
6647 76.3695800817205 14.99999999998976 54.99999999999999
6648 78.35206495428396 19.99999999997288 49.99999999999999
6649 78.35206495428395 19.99999999997288 54.99999999999999
6650 80.33454982684698 24.99999999995472 49.99999999999999
6651 80.33454982684695 24.99999999995473 55
6652 82.31703469940929 29.99999999993481 50.00000000000002
6653 82.31703469940923 29.99999999993482 54.99999999999999
6654 84.2995195719829 34.99999999994368 50.00000000000001
6655 84.29951957198286 34.99999999994365 55
6656 86.28200444455669 39.99999999995308 50.00000000000003
6657 86.28200444455672 39.99999999995306 55
6658 88.26448931713236 44.99999999996713 50
6659 88.26448931713229 44.99999999996712 55
6660 90.24697418970665 49.9999999999781 50
6661 90.24697418970662 49.9999999999781 54.99999999999999
6662 92.22945906228169 54.99999999999112 50.00000000000001
6663 92.22945906228171 54.99999999999108 55
6664 76.86208250349833 4.99999999999827 50.00000000000004
6665 76.86208250349833 4.999999999998269 55.00000000000001
6666 78.98617343839462 9.999999999995378 50.00000000000001
6667 78.98617343839462 9.99999999999538 55.00000000000001
6668 81.11026437328967 14.99999999998951 50
6669 81.11026437328967 14.99999999998951 54.99999999999999
6670 83.23435530817991 19.99999999997256 49.99999999999999
6671 83.23435530817991 19.99999999997257 54.99999999999999
6672 85.35844624306978 24.99999999995448 49.99999999999999
6673 85.35844624306979 24.99999999995449 54.99999999999999
6674 87.48253717795878 29.99999999993449 50.00000000000004
6675 87.48253717795878 29.9999999999345 55
6676 89.60662811285989 34.99999999994329 50
6677 89.60662811285988 34.99999999994328 55
6678 91.73071904776126 39.99999999995265 50
6679 91.73071904776121 39.99999999995264 54.99999999999999
6680 93.85480998266475 44.99999999996696 50
6681 93.85480998266473 44.99999999996697 54.99999999999999
6682 95.9789009175668 49.99999999997797 50.00000000000001
6683 95.97890091756675 49.99999999997797 55
6684 98.10299185246974 54.99999999999115 50
6685 98.10299185246976 54.99999999999116 55
6686 81.31955467041863 4.999999999998249 50.00000000000004
6687 81.31955467041863 4.999999999998251 55
6688 83.58525166764187 9.999999999995229 50
6689 83.58525166764187 9.999999999995223 55.00000000000001
6690 85.85094866486386 14.99999999998927 50.00000000000001
6691 85.85094866486389 14.99999999998926 54.99999999999999
6692 88.1166456620808 19.99999999997225 50
6693 88.11664566208077 19.99999999997225 55
6694 90.38234265929718 24.99999999995427 49.99999999999997
6695 90.38234265929725 24.99999999995428 54.99999999999999
6696 92.64803965651269 29.99999999993418 50.00000000000003
6697 92.64803965651264 29.99999999993416 54.99999999999999
6698 94.9137366537412 34.99999999994293 50.00000000000001
6699 94.91373665374114 34.99999999994293 55
6700 97.1794336509699 39.99999999995222 50
6701 97.17943365096984 39.99999999995221 55.00000000000001
6702 99.44513064820106 44.99999999996685 50.00000000000001
6703 99.44513064820107 44.99999999996684 55.00000000000001
6704 101.7108276454306 49.9999999999779 50
6705 101.7108276454305 49.99999999997791 54.99999999999999
6706 103.976524642661 54.9999999999913 50
6707 103.976524642661 54.99999999999129 55
6708 85.77702683733386 4.999999999998233 50.00000000000004
6709 85.77702683733388 4.999999999998234 55.00000000000001
6710 88.18432989688405 9.999999999995079 50
6711 88.18432989688407 9.999999999995079 54.99999999999998
6712 90.59163295643289 14.99999999998903 50
6713 90.59163295643276 14.99999999998903 54.99999999999999
6714 92.99893601597626 19.99999999997194 50
6715 92.99893601597627 19.99999999997195 55
6716 95.40623907551941 24.99999999995403 50
6717 95.40623907551935 24.99999999995404 55
6718 97.81354213506138 29.99999999993385 50
6719 97.81354213506125 29.99999999993386 54.99999999999999
6720 100.220845194617 34.99999999994256 50
6721 100.220845194617 34.99999999994253 55
6722 102.6281482541731 39.9999999999518 50
6723 102.628148254173 39.99999999995178 55
6724 105.0354513137318 44.99999999996666 50.00000000000001
6725 105.0354513137319 44.99999999996665 54.99999999999999
6726 107.4427543732888 49.99999999997781 50.00000000000001
6727 107.4427543732887 49.99999999997781 54.99999999999999
6728 109.8500574328467 54.99999999999142 50.00000000000001
6729 109.8500574328467 54.99999999999142 55
6730 90.23449900424856 4.999999999998217 50.00000000000002
6731 90.23449900424856 4.999999999998217 55
6732 92.78340812612572 9.999999999994913 50.00000000000001
6733 92.78340812612574 9.999999999994913 55
6734 95.33231724800162 14.99999999998879 50
6735 95.33231724800153 14.99999999998879 55
6736 97.88122636987177 19.99999999997164 49.99999999999998
6737 97.88122636987175 19.99999999997164 55
6738 100.4301354917416 24.99999999995381 49.99999999999999
6739 100.4301354917416 24.99999999995382 55
6740 102.9790446136102 29.99999999993353 50.00000000000004
6741 102.9790446136101 29.99999999993354 55
6742 105.5279537354935 34.99999999994222 50
6743 105.5279537354935 34.99999999994221 55
6744 108.076862857377 39.99999999995136 50.00000000000003
6745 108.076862857377 39.99999999995135 55
6746 110.6257719792636 44.99999999996648 50.00000000000001
6747 110.6257719792636 44.99999999996649 55
6748 113.1746811011482 49.9999999999777 50
6749 113.1746811011482 49.9999999999777 55.00000000000001
6750 115.7235902230341 54.99999999999153 50
6751 115.7235902230341 54.99999999999149 55.00000000000001
6752 94.69197117116786 4.999999999998201 50.00000000000003
6753 94.69197117116788 4.999999999998201 54.99999999999999
6754 97.38248635537171 9.999999999994769 50
6755 97.3824863553717 9.999999999994769 55
6756 100.0730015395741 14.99999999998855 50.00000000000001
6757 100.0730015395739 14.99999999998855 54.99999999999999
6758 102.7635167237703 19.99999999997133 49.99999999999999
6759 102.7635167237703 19.99999999997133 55
6760 105.4540319079663 24.9999999999536 50
6761 105.4540319079663 24.9999999999536 55
6762 108.1445470921609 29.99999999993324 50.00000000000001
6763 108.1445470921608 29.99999999993324 55
6764 110.835062276371 34.99999999994183 50
6765 110.8350622763709 34.99999999994181 55
6766 113.5255774605814 39.99999999995094 50
6767 113.5255774605814 39.99999999995094 55
6768 116.2160926447951 44.99999999996639 50
6769 116.2160926447952 44.99999999996636 55
6770 118.9066078290065 49.99999999997759 50.00000000000001
6771 118.9066078290066 49.9999999999776 55
6772 121.5971230132194 54.9999999999916 50
6773 121.5971230132194 54.99999999999159 54.99999999999999
6774 99.14944333808798 4.999999999998181 50.00000000000003
6775 99.14944333808798 4.99999999999818 55
6776 101.9815645846185 9.999999999994614 50
6777 101.9815645846185 9.999999999994616 55.00000000000003
6778 104.8136858311474 14.9999999999883 50
6779 104.8136858311473 14.99999999998831 55
6780 107.64580707767 19.99999999997099 49.99999999999999
6781 107.64580707767 19.999999999971 54.99999999999999
6782 110.4779283241924 24.99999999995337 49.99999999999999
6783 110.4779283241924 24.99999999995337 55
6784 113.3100495707133 29.99999999993293 50.00000000000003
6785 113.3100495707133 29.99999999993291 55.00000000000001
6786 116.1421708172503 34.99999999994147 49.99999999999999
6787 116.1421708172503 34.99999999994145 55
6788 118.9742920637878 39.99999999995051 49.99999999999999
6789 118.9742920637877 39.99999999995052 55
6790 121.806413310329 44.99999999996624 49.99999999999999
6791 121.8064133103289 44.99999999996621 55
6792 124.6385345568675 49.99999999997748 50
6793 124.6385345568674 49.99999999997749 55
6794 127.4706558034075 54.99999999999169 49.99999999999999
6795 127.4706558034074 54.99999999999167 54.99999999999999
6796 103.6069155050049 4.999999999998162 50
6797 103.6069155050049 4.999999999998162 55.00000000000001
6798 106.5806428138626 9.999999999994461 50
6799 106.5806428138626 9.999999999994472 55.00000000000002
6800 109.5543701227187 14.99999999998807 50
6801 109.5543701227187 14.99999999998807 55
6802 112.5280974315681 19.99999999997071 49.99999999999999
6803 112.5280974315681 19.99999999997071 54.99999999999999
6804 115.5018247404175 24.99999999995313 49.99999999999999
6805 115.5018247404176 24.99999999995315 55.00000000000003
6806 118.475552049265 29.99999999993259 50.00000000000004
6807 118.475552049265 29.99999999993259 55.00000000000001
6808 121.4492793581297 34.9999999999411 49.99999999999999
6809 121.4492793581297 34.99999999994107 54.99999999999999
6810 124.4230066669949 39.99999999995008 49.99999999999999
6811 124.4230066669948 39.99999999995008 54.99999999999999
6812 127.396733975864 44.99999999996607 50.00000000000001
6813 127.3967339758639 44.99999999996607 55.00000000000001
6814 130.3704612847304 49.9999999999774 50.00000000000001
6815 130.3704612847303 49.9999999999774 55.00000000000001
6816 133.3441885935985 54.99999999999178 50.00000000000001
6817 133.3441885935985 54.99999999999178 55.00000000000001
6818 108.0643876719172 4.999999999998146 50.00000000000001
6819 108.0643876719174 4.999999999998148 55.00000000000001
6820 111.1797210431019 9.999999999994312 50.00000000000001
6821 111.179721043102 9.999999999994305 54.99999999999999
6822 114.2950544142847 14.99999999998782 50.00000000000001
6823 114.2950544142847 14.99999999998782 54.99999999999999
6824 117.4103877854608 19.99999999997038 49.99999999999999
6825 117.4103877854607 19.99999999997039 54.99999999999999
6826 120.5257211566366 24.9999999999529 49.99999999999997
6827 120.5257211566368 24.99999999995292 55.00000000000004
6828 123.6410545278106 29.99999999993229 49.99999999999999
6829 123.6410545278106 29.99999999993228 54.99999999999999
6830 126.7563878990026 34.99999999994073 50.00000000000001
6831 126.7563878990026 34.99999999994073 55.00000000000001
6832 129.8717212701949 39.99999999994966 50
6833 129.8717212701949 39.99999999994967 55
6834 132.9870546413918 44.99999999996588 50
6835 132.9870546413918 44.99999999996589 55
6836 136.1023880125855 49.99999999997728 50
6837 136.1023880125855 49.99999999997728 54.99999999999999
6838 139.2177213837811 54.99999999999187 50
6839 139.2177213837811 54.99999999999184 55
6840 120.7822786161739 4.999999999998144 50
6841 120.7822786161739 4.999999999998145 55.00000000000001
6842 123.8976119873597 9.99999999999431 49.99999999999999
6843 123.8976119873597 9.999999999994312 55
6844 127.0129453585438 14.99999999998783 49.99999999999999
6845 127.0129453585437 14.99999999998783 55
6846 130.128278729721 19.99999999997038 49.99999999999999
6847 130.1282787297211 19.99999999997038 54.99999999999999
6848 133.2436121008985 24.99999999995292 50
6849 133.2436121008985 24.99999999995292 55.00000000000001
6850 136.3589454720737 29.99999999993229 50.00000000000002
6851 136.3589454720737 29.99999999993229 55
6852 139.4742788432671 34.99999999994072 50
6853 139.4742788432671 34.9999999999407 55
6854 142.5896122144609 39.99999999994965 50
6855 142.5896122144608 39.99999999994965 55
6856 145.7049455856592 44.9999999999659 49.99999999999999
6857 145.7049455856591 44.99999999996588 55
6858 148.8202789568545 49.99999999997729 50
6859 148.8202789568545 49.9999999999773 55
6860 151.9356123280517 54.99999999999186 49.99999999999999
6861 151.9356123280517 54.99999999999185 55
6862 126.6558114063318 4.999999999998161 50.00000000000001
6863 126.6558114063317 4.999999999998166 55
6864 129.6295387151915 9.999999999994463 50
6865 129.6295387151916 9.999999999994465 55.00000000000001
6866 132.6032660240496 14.99999999998806 50.00000000000003
6867 132.6032660240497 14.99999999998806 55.00000000000001
6868 135.5769933329013 19.99999999997071 50
6869 135.5769933329014 19.9999999999707 54.99999999999999
6870 138.550720641753 24.99999999995314 50
6871 138.5507206417529 24.99999999995316 55.00000000000001
6872 141.5244479506028 29.9999999999326 50.00000000000004
6873 141.5244479506027 29.9999999999326 55
6874 144.4981752594699 34.9999999999411 50.00000000000001
6875 144.4981752594699 34.99999999994108 55.00000000000001
6876 147.4719025683372 39.99999999995008 50.00000000000003
6877 147.4719025683372 39.99999999995008 55
6878 150.4456298772085 44.99999999996608 50
6879 150.4456298772086 44.99999999996608 55
6880 153.4193571860773 49.99999999997739 50.00000000000001
6881 153.4193571860773 49.99999999997739 55
6882 156.3930844949478 54.99999999999176 50
6883 156.3930844949478 54.99999999999176 55
6884 132.5293441964959 4.999999999998183 50.00000000000001
6885 132.529344196496 4.999999999998181 55.00000000000001
6886 135.36146544303 9.999999999994627 50
6887 135.3614654430299 9.999999999994625 55
6888 138.1935866895625 14.9999999999883 50.00000000000004
6889 138.1935866895624 14.9999999999883 55.00000000000001
6890 141.0257079360886 19.99999999997102 50
6891 141.0257079360886 19.99999999997102 54.99999999999999
6892 143.8578291826145 24.99999999995336 50.00000000000001
6893 143.8578291826145 24.99999999995336 55.00000000000001
6894 146.6899504291389 29.99999999993293 50.00000000000004
6895 146.6899504291389 29.99999999993292 55
6896 149.5220716756796 34.99999999994147 50.00000000000001
6897 149.5220716756795 34.99999999994146 55
6898 152.3541929222206 39.9999999999505 50.00000000000001
6899 152.3541929222206 39.9999999999505 55
6900 155.1863141687652 44.99999999996623 50
6901 155.1863141687653 44.99999999996621 55.00000000000001
6902 158.0184354153074 49.9999999999775 50
6903 158.0184354153074 49.99999999997752 55
6904 160.8505566618512 54.99999999999169 50.00000000000001
6905 160.8505566618512 54.99999999999167 55
6906 138.4028769866413 4.999999999998195 50.00000000000001
6907 138.4028769866412 4.999999999998199 54.99999999999999
6908 141.0933921708504 9.999999999994776 49.99999999999999
6909 141.0933921708503 9.999999999994778 55
6910 143.7839073550579 14.99999999998856 50.00000000000003
6911 143.7839073550579 14.99999999998856 55
6912 146.4744225392594 19.99999999997131 50
6913 146.4744225392594 19.99999999997132 54.99999999999999
6914 149.1649377234605 24.99999999995359 50
6915 149.1649377234606 24.9999999999536 55
6916 151.8554529076602 29.99999999993324 50.00000000000004
6917 151.8554529076602 29.99999999993325 55
6918 154.5459680918754 34.99999999994183 50
6919 154.5459680918753 34.99999999994182 55.00000000000001
6920 157.2364832760907 39.99999999995094 50.00000000000001
6921 157.2364832760908 39.99999999995094 55
6922 159.9269984603093 44.99999999996636 50
6923 159.9269984603094 44.99999999996636 55
6924 162.6175136445258 49.99999999997758 50.00000000000001
6925 162.6175136445257 49.99999999997762 55
6926 165.3080288287435 54.99999999999162 50.00000000000001
6927 165.3080288287435 54.99999999999159 55
6928 144.2764097767931 4.999999999998218 50
6929 144.276409776793 4.999999999998217 55
6930 146.8253188986764 9.999999999994925 49.99999999999999
6931 146.8253188986763 9.99999999999493 55
6932 149.3742280205582 14.99999999998879 50.00000000000003
6933 149.3742280205582 14.99999999998879 55
6934 151.9231371424343 19.99999999997164 49.99999999999999
6935 151.9231371424343 19.99999999997164 54.99999999999999
6936 154.4720462643099 24.99999999995383 49.99999999999999
6937 154.4720462643098 24.99999999995383 55
6938 157.0209553861841 29.99999999993354 50.00000000000003
6939 157.0209553861841 29.99999999993354 55.00000000000001
6940 159.569864508073 34.9999999999422 49.99999999999999
6941 159.569864508073 34.99999999994219 55
6942 162.1187736299622 39.99999999995136 49.99999999999999
6943 162.1187736299622 39.99999999995137 55
6944 164.6676827518543 44.99999999996652 50
6945 164.6676827518543 44.99999999996649 55
6946 167.2165918737442 49.99999999997767 49.99999999999999
6947 167.2165918737442 49.99999999997767 55
6948 169.7655009956353 54.9999999999915 49.99999999999999
6949 169.7655009956354 54.99999999999148 55
6950 150.1499425669512 4.999999999998236 50
6951 150.1499425669512 4.999999999998235 55.00000000000001
6952 152.5572456265076 9.999999999995076 49.99999999999999
6953 152.5572456265075 9.999999999995076 55.00000000000001
6954 154.9645486860624 14.99999999998903 50.00000000000003
6955 154.9645486860624 14.99999999998903 55.00000000000001
6956 157.371851745612 19.99999999997193 50
6957 157.371851745612 19.99999999997194 54.99999999999999
6958 159.7791548051611 24.99999999995404 49.99999999999999
6959 159.7791548051611 24.99999999995403 55.00000000000001
6960 162.1864578647091 29.99999999993387 50.00000000000003
6961 162.186457864709 29.99999999993386 55
6962 164.5937609242709 34.99999999994255 49.99999999999999
6963 164.5937609242707 34.99999999994253 55
6964 167.0010639838328 39.99999999995179 50.00000000000003
6965 167.0010639838328 39.99999999995178 55
6966 169.4083670433975 44.99999999996669 50.00000000000001
6967 169.4083670433974 44.99999999996669 55.00000000000001
6968 171.8156701029603 49.9999999999778 50.00000000000001
6969 171.8156701029604 49.99999999997777 54.99999999999999
6970 174.2229731625242 54.99999999999141 50.00000000000001
6971 174.2229731625241 54.99999999999139 55
6972 156.0234753570976 4.999999999998251 49.99999999999999
6973 156.0234753570976 4.999999999998251 54.99999999999999
6974 158.2891723543302 9.999999999995239 49.99999999999998
6975 158.2891723543302 9.999999999995239 54.99999999999999
6976 160.5548693515614 14.99999999998927 50.00000000000001
6977 160.5548693515613 14.99999999998928 54.99999999999999
6978 162.8205663487874 19.99999999997225 49.99999999999999
6979 162.8205663487873 19.99999999997225 54.99999999999998
6980 165.0862633460127 24.99999999995428 49.99999999999999
6981 165.0862633460127 24.99999999995429 55
6982 167.3519603432368 29.99999999993418 50.00000000000001
6983 167.3519603432367 29.99999999993417 55
6984 169.617657340474 34.99999999994293 49.99999999999999
6985 169.617657340474 34.99999999994293 54.99999999999999
6986 171.8833543377112 39.99999999995222 50.00000000000001
6987 171.8833543377112 39.99999999995221 55
6988 174.1490513349507 44.99999999996683 49.99999999999999
6989 174.1490513349507 44.99999999996682 55
6990 176.4147483321883 49.99999999997788 50.00000000000002
6991 176.4147483321883 49.99999999997787 55
6992 178.6804453294268 54.99999999999128 50.00000000000003
6993 178.6804453294268 54.99999999999131 55
6994 161.8970081472591 4.999999999998272 50.00000000000001
6995 161.8970081472591 4.999999999998271 54.99999999999999
6996 164.0210990821637 9.999999999995385 49.99999999999998
6997 164.0210990821635 9.999999999995385 54.99999999999998
6998 166.1451900170668 14.99999999998951 49.99999999999999
6999 166.1451900170667 14.99999999998952 54.99999999999999
7000 168.2692809519652 19.99999999997258 50
7001 168.269280951965 19.99999999997258 55
7002 170.393371886863 24.99999999995449 49.99999999999999
7003 170.3933718868628 24.9999999999545 55
7004 172.5174628217599 29.99999999993451 50
7005 172.5174628217598 29.9999999999345 55
7006 174.6415537566691 34.9999999999433 49.99999999999999
7007 174.6415537566689 34.9999999999433 54.99999999999999
7008 176.7656446915782 39.99999999995265 50.00000000000003
7009 176.7656446915782 39.99999999995265 55
7010 178.8897356264896 44.999999999967 50
7011 178.8897356264896 44.99999999996698 55.00000000000001
7012 181.0138265613994 49.99999999997799 50
7013 181.0138265613994 49.99999999997799 54.99999999999999
7014 183.13791749631 54.99999999999118 49.99999999999999
7015 183.13791749631 54.99999999999115 55
7016 167.7705409374176 4.999999999998288 50
7017 167.7705409374176 4.999999999998288 55
7018 169.7530258099962 9.999999999995534 50
7019 169.7530258099962 9.999999999995538 55.00000000000001
7020 171.7355106825737 14.99999999998976 49.99999999999999
7021 171.7355106825736 14.99999999998976 54.99999999999999
7022 173.7179955551467 19.99999999997288 50.00000000000001
7023 173.7179955551465 19.99999999997289 54.99999999999997
7024 175.7004804277189 24.99999999995475 50.00000000000001
7025 175.7004804277189 24.99999999995475 55
7026 177.6829653002904 29.99999999993482 50.00000000000003
7027 177.6829653002904 29.99999999993482 55
7028 179.6654501728733 34.99999999994368 50.00000000000001
7029 179.6654501728733 34.99999999994365 55
7030 181.6479350454563 39.99999999995303 50.00000000000004
7031 181.6479350454562 39.99999999995303 55
7032 183.6304199180409 44.99999999996712 50.00000000000001
7033 183.6304199180409 44.99999999996712 55.00000000000001
7034 185.6129047906244 49.99999999997807 50.00000000000001
7035 185.6129047906244 49.99999999997807 55.00000000000001
7036 187.5953896632085 54.9999999999911 50.00000000000001
7037 187.5953896632085 54.99999999999108 55
7038 173.6440737275717 4.999999999998305 50
7039 173.6440737275716 4.999999999998304 55
7040 175.484952537823 9.999999999995691 49.99999999999999
7041 175.484952537823 9.999999999995694 55.00000000000001
7042 177.3258313480733 14.99999999998999 50.00000000000003
7043 177.3258313480733 14.99999999999 55
7044 179.1667101583193 19.99999999997321 50
7045 179.1667101583193 19.9999999999732 54.99999999999997
7046 181.0075889685649 24.99999999995496 49.99999999999999
7047 181.0075889685648 24.99999999995497 55.00000000000001
7048 182.8484677788099 29.99999999993513 50.00000000000003
7049 182.8484677788098 29.99999999993513 55
7050 184.6893465890654 34.99999999994406 49.99999999999999
7051 184.6893465890654 34.99999999994402 55
7052 186.530225399321 39.9999999999535 50.00000000000003
7053 186.5302253993209 39.9999999999535 55
7054 188.3711042095781 44.99999999996729 50
7055 188.3711042095781 44.99999999996725 55.00000000000001
7056 190.2119830198342 49.99999999997819 50.00000000000001
7057 190.2119830198342 49.99999999997819 54.99999999999999
7058 192.0528618300911 54.99999999999101 50
7059 192.052861830091 54.999999999991 55
7060 179.5176065177302 4.999999999998326 50.00000000000001
7061 179.5176065177302 4.999999999998328 54.99999999999999
7062 181.2168792656546 9.999999999995845 49.99999999999999
7063 181.2168792656544 9.999999999995847 54.99999999999999
7064 182.9161520135779 14.99999999999024 50.00000000000003
7065 182.9161520135778 14.99999999999024 55
7066 184.6154247614975 19.99999999997351 50
7067 184.6154247614974 19.9999999999735 54.99999999999999
7068 186.3146975094166 24.99999999995518 50
7069 186.3146975094165 24.99999999995518 55
7070 188.0139702573351 29.99999999993545 50.00000000000003
7071 188.0139702573351 29.99999999993544 55
7072 189.7132430052634 34.99999999994439 50
7073 189.7132430052633 34.99999999994436 55
7074 191.4125157531919 39.99999999995394 50.00000000000001
7075 191.4125157531918 39.99999999995394 55
7076 193.1117885011217 44.99999999996745 50
7077 193.1117885011217 44.99999999996744 55
7078 194.8110612490507 49.99999999997826 50
7079 194.8110612490506 49.99999999997826 55
7080 196.5103339969801 54.9999999999909 49.99999999999999
7081 196.5103339969802 54.99999999999093 55
7082 185.3911393079019 4.999999999998337 49.99999999999999
7083 185.3911393079018 4.999999999998336 54.99999999999999
7084 186.9488059935001 9.999999999996007 49.99999999999999
7085 186.9488059935001 9.999999999996005 55
7086 188.5064726790973 14.99999999999047 49.99999999999999
7087 188.5064726790973 14.99999999999047 55
7088 190.0641393646908 19.99999999997382 49.99999999999999
7089 190.0641393646908 19.99999999997382 54.99999999999999
7090 191.621806050284 24.99999999995539 49.99999999999999
7091 191.6218060502839 24.99999999995541 55
7092 193.1794727358767 29.99999999993577 50
7093 193.1794727358767 29.99999999993577 55
7094 194.7371394214784 34.99999999994476 49.99999999999999
7095 194.7371394214783 34.99999999994475 55
7096 196.29480610708 39.99999999995435 49.99999999999999
7097 196.2948061070801 39.99999999995435 55
7098 197.8524727926829 44.99999999996759 50
7099 197.8524727926829 44.99999999996761 55
7100 199.4101394782851 49.99999999997839 49.99999999999999
7101 199.4101394782851 49.99999999997837 55
7102 200.9678061638878 54.99999999999082 50
7103 200.9678061638878 54.99999999999083 55
7104 191.2646720980865 4.999999999998359 50
7105 191.2646720980865 4.99999999999836 55.00000000000001
7106 192.680732721357 9.999999999996154 50
7107 192.6807327213569 9.999999999996154 55.00000000000001
7108 194.0967933446265 14.99999999999072 50.00000000000001
7109 194.0967933446265 14.99999999999072 55.00000000000001
7110 195.5128539678929 19.99999999997412 50
7111 195.5128539678929 19.99999999997413 54.99999999999999
7112 196.9289145911588 24.99999999995563 50.00000000000001
7113 196.9289145911587 24.99999999995563 55
7114 198.3449752144246 29.99999999993609 50.00000000000002
7115 198.3449752144243 29.99999999993607 54.99999999999999
7116 199.7610358376984 34.99999999994511 50
7117 199.7610358376982 34.99999999994512 55
7118 201.1770964609723 39.99999999995478 50.00000000000003
7119 201.1770964609721 39.99999999995477 55
7120 202.593157084247 44.99999999996774 50
7121 202.593157084247 44.99999999996774 55
7122 204.0092177075214 49.9999999999785 50
7123 204.0092177075214 49.99999999997851 55
7124 205.4252783307961 54.99999999999073 50
7125 205.4252783307961 54.99999999999073 55
7126 197.1382048882783 4.999999999998372 49.99999999999999
7127 197.1382048882783 4.999999999998373 54.99999999999999
7128 198.4126594492229 9.999999999996305 49.99999999999999
7129 198.4126594492228 9.999999999996307 54.99999999999999
7130 199.6871140101665 14.99999999999096 50.00000000000003
7131 199.6871140101664 14.99999999999097 55
7132 200.9615685711074 19.99999999997443 50
7133 200.9615685711073 19.99999999997442 54.99999999999999
7134 202.2360231320474 24.99999999995586 50
7135 202.2360231320474 24.99999999995586 55
7136 203.5104776929875 29.99999999993641 50.00000000000003
7137 203.5104776929874 29.99999999993639 55
7138 204.7849322539347 34.99999999994549 50.00000000000001
7139 204.7849322539346 34.99999999994549 55
7140 206.059386814882 39.99999999995521 50.00000000000001
7141 206.0593868148821 39.99999999995521 55
7142 207.3338413758302 44.9999999999679 50
7143 207.3338413758301 44.9999999999679 55
7144 208.6082959367778 49.99999999997858 50.00000000000001
7145 208.6082959367777 49.99999999997859 55.00000000000001
7146 209.8827504977255 54.99999999999065 50
7147 209.8827504977255 54.99999999999064 55
7148 203.0117376784688 4.999999999998391 49.99999999999999
7149 203.0117376784688 4.999999999998391 55
7150 204.144586177086 9.999999999996456 49.99999999999999
7151 204.1445861770859 9.999999999996458 55
7152 205.2774346757025 14.9999999999912 50
7153 205.2774346757025 14.9999999999912 55
7154 206.4102831743163 19.99999999997475 49.99999999999999
7155 206.4102831743163 19.99999999997475 54.99999999999999
7156 207.5431316729296 24.99999999995607 49.99999999999999
7157 207.5431316729296 24.99999999995607 55.00000000000001
7158 208.6759801715429 29.9999999999367 50.00000000000002
7159 208.6759801715429 29.99999999993672 55
7160 209.8088286701624 34.99999999994584 49.99999999999999
7161 209.8088286701623 34.99999999994583 55
7162 210.9416771687821 39.99999999995561 49.99999999999999
7163 210.941677168782 39.99999999995562 55
7164 212.0745256674024 44.99999999996806 50.00000000000001
7165 212.0745256674024 44.99999999996807 55
7166 213.2073741660225 49.9999999999787 49.99999999999999
7167 213.2073741660224 49.9999999999787 55
7168 214.3402226646426 54.99999999999051 49.99999999999999
7169 214.3402226646425 54.99999999999056 54.99999999999999
7170 208.8852704686636 4.999999999998408 50
7171 208.8852704686637 4.999999999998408 55
7172 209.8765129049522 9.999999999996616 49.99999999999999
7173 209.8765129049522 9.999999999996618 55
7174 210.8677553412402 14.99999999999143 50
7175 210.8677553412402 14.99999999999143 54.99999999999999
7176 211.8589977775261 19.99999999997505 50
7177 211.8589977775262 19.99999999997507 54.99999999999999
7178 212.8502402138116 24.99999999995632 49.99999999999999
7179 212.8502402138116 24.99999999995632 55
7180 213.8414826500971 29.99999999993702 50.00000000000003
7181 213.8414826500971 29.99999999993704 55
7182 214.8327250863881 34.99999999994623 50
7183 214.8327250863879 34.99999999994623 55.00000000000001
7184 215.8239675226791 39.99999999995604 50.00000000000001
7185 215.8239675226791 39.99999999995605 54.99999999999999
7186 216.8152099589711 44.99999999996819 50.00000000000001
7187 216.815209958971 44.99999999996818 55
7188 217.8064523952626 49.99999999997878 50.00000000000001
7189 217.8064523952626 49.99999999997877 55
7190 218.7976948315543 54.9999999999904 50.00000000000001
7191 218.7976948315544 54.99999999999044 55
7192 214.7588032588557 4.999999999998426 50
7193 214.7588032588557 4.999999999998427 55
7194 215.6084396328185 9.999999999996751 50
7195 215.6084396328184 9.999999999996763 55.00000000000001
7196 216.4580760067807 14.99999999999168 50
7197 216.4580760067806 14.99999999999168 55
7198 217.3077123807408 19.99999999997537 50.00000000000001
7199 217.3077123807407 19.99999999997537 54.99999999999999
7200 218.1573487547006 24.99999999995654 50.00000000000001
7201 218.1573487547006 24.99999999995654 55
7202 219.0069851286604 29.99999999993734 50
7203 219.0069851286604 29.99999999993735 55
7204 219.8566215026248 34.9999999999466 49.99999999999999
7205 219.8566215026249 34.99999999994657 55
7206 220.7062578765894 39.99999999995647 50.00000000000001
7207 220.7062578765893 39.99999999995647 54.99999999999999
7208 221.5558942505544 44.99999999996835 50
7209 221.5558942505546 44.99999999996832 55
7210 222.4055306245194 49.99999999997889 49.99999999999999
7211 222.4055306245194 49.9999999999789 54.99999999999999
7212 223.255166998484 54.99999999999033 50.00000000000001
7213 223.2551669984842 54.99999999999032 55
7214 220.6323360490501 4.999999999998446 50.00000000000001
7215 220.6323360490501 4.999999999998445 55.00000000000001
7216 221.3403663606849 9.999999999996913 49.99999999999999
7217 221.3403663606848 9.999999999996918 55
7218 222.0483966723193 14.99999999999192 49.99999999999999
7219 222.0483966723193 14.99999999999192 54.99999999999999
7220 222.756426983952 19.9999999999757 49.99999999999999
7221 222.7564269839519 19.9999999999757 54.99999999999999
7222 223.4644572955844 24.99999999995675 49.99999999999999
7223 223.4644572955844 24.99999999995676 55
7224 224.1724876072169 29.99999999993769 50.00000000000004
7225 224.1724876072169 29.99999999993767 55.00000000000001
7226 224.8805179188533 34.99999999994695 50.00000000000001
7227 224.8805179188532 34.99999999994694 54.99999999999999
7228 225.5885482304898 39.99999999995688 50.00000000000001
7229 225.5885482304897 39.99999999995688 55
7230 226.2965785421267 44.99999999996851 50
7231 226.2965785421267 44.99999999996851 55
7232 227.0046088537635 49.99999999997903 50.00000000000001
7233 227.0046088537634 49.99999999997902 55
7234 227.7126391654003 54.99999999999024 50
7235 227.7126391654003 54.99999999999025 55
7236 226.5058688392422 4.999999999998459 49.99999999999999
7237 226.5058688392422 4.99999999999846 54.99999999999999
7238 227.0722930885502 9.999999999997067 50
7239 227.0722930885501 9.999999999997074 55.00000000000001
7240 227.6387173378576 14.99999999999216 50.00000000000001
7241 227.6387173378577 14.99999999999215 55
7242 228.2051415871641 19.99999999997599 49.99999999999997
7243 228.205141587164 19.99999999997598 55
7244 228.7715658364701 24.99999999995697 50
7245 228.7715658364701 24.99999999995698 55
7246 229.3379900857761 29.99999999993797 50.00000000000004
7247 229.3379900857761 29.99999999993797 54.99999999999999
7248 229.9044143350853 34.99999999994732 50
7249 229.9044143350853 34.99999999994732 55
7250 230.4708385843948 39.99999999995732 50.00000000000003
7251 230.4708385843947 39.99999999995732 55
7252 231.0372628337043 44.99999999996867 50
7253 231.0372628337042 44.99999999996867 55.00000000000001
7254 231.6036870830137 49.99999999997908 50.00000000000003
7255 231.6036870830136 49.9999999999791 55
7256 232.170111332323 54.99999999999014 50
7257 232.170111332323 54.99999999999011 55
7258 232.3794016294327 4.999999999998477 50
7259 232.3794016294327 4.999999999998477 54.99999999999999
7260 232.8042198164135 9.999999999997218 49.99999999999997
7261 232.8042198164137 9.99999999999722 55.00000000000001
7262 233.2290380033944 14.9999999999924 50
7263 233.2290380033943 14.9999999999924 55
7264 233.6538561903739 19.9999999999763 50
7265 233.6538561903739 19.9999999999763 54.99999999999999
7266 234.0786743773531 24.9999999999572 50
7267 234.0786743773532 24.9999999999572 55
7268 234.5034925643326 29.99999999993828 50
7269 234.5034925643325 29.9999999999383 55.00000000000001
7270 234.9283107513144 34.9999999999477 50.00000000000001
7271 234.9283107513144 34.99999999994768 55
7272 235.3531289382963 39.99999999995772 50
7273 235.3531289382964 39.99999999995772 54.99999999999999
7274 235.7779471252783 44.9999999999688 50
7275 235.7779471252784 44.9999999999688 55.00000000000001
7276 236.2027653122603 49.99999999997921 50.00000000000001
7277 236.2027653122605 49.99999999997922 55
7278 236.6275834992424 54.99999999999004 50
7279 236.6275834992424 54.99999999999004 55
7280 238.2529344196286 4.999999999998495 50.00000000000004
7281 238.2529344196286 4.999999999998495 55.00000000000004
7282 238.5361465442815 9.999999999997375 49.99999999999999
7283 238.5361465442817 9.99999999999738 55.00000000000001
7284 238.8193586689345 14.99999999999265 50.00000000000004
7285 238.8193586689345 14.99999999999265 55
7286 239.102570793587 19.99999999997661 50
7287 239.102570793587 19.99999999997662 54.99999999999999
7288 239.3857829182393 24.99999999995745 49.99999999999999
7289 239.3857829182392 24.99999999995744 55.00000000000001
7290 239.6689950428916 29.99999999993862 50.00000000000004
7291 239.6689950428915 29.99999999993862 55.00000000000001
7292 239.9522071675455 34.99999999994806 50.00000000000003
7293 239.9522071675456 34.99999999994805 55.00000000000001
7294 240.2354192921997 39.99999999995815 50
7295 240.2354192921996 39.99999999995818 55.00000000000001
7296 240.5186314168538 44.99999999996894 50
7297 240.5186314168537 44.99999999996897 55.00000000000001
7298 240.8018435415081 49.99999999997929 50.00000000000003
7299 240.8018435415078 49.99999999997929 55
7300 241.085055666162 54.99999999998988 50
7301 241.0850556661619 54.99999999998995 55.00000000000001
7302 244.1264672098155 4.999999999998514 50
7303 244.1264672098154 4.999999999998511 55.00000000000001
7304 244.268073272141 9.999999999997524 50
7305 244.2680732721409 9.999999999997527 55.00000000000001
7306 244.4096793344664 14.99999999999288 49.99999999999999
7307 244.4096793344663 14.99999999999288 54.99999999999999
7308 244.5512853967912 19.99999999997692 50
7309 244.5512853967913 19.99999999997694 54.99999999999999
7310 244.6928914591165 24.99999999995765 50
7311 244.6928914591165 24.99999999995764 55
7312 244.8344975214417 29.99999999993891 50.00000000000002
7313 244.8344975214417 29.99999999993893 55
7314 244.9761035837678 34.99999999994843 50.00000000000001
7315 244.9761035837678 34.99999999994841 55
7316 245.117709646094 39.99999999995858 50.00000000000001
7317 245.1177096460939 39.99999999995858 55
7318 245.2593157084202 44.99999999996912 49.99999999999999
7319 245.2593157084202 44.99999999996915 55
7320 245.4009217707467 49.99999999997941 50.00000000000001
7321 245.4009217707466 49.99999999997939 55
7322 245.5425278330729 54.99999999998984 50
7323 245.5425278330729 54.99999999998987 55
7324 254.9999999994282 4.999999999998531 50.00000000000001
7325 254.9999999994282 4.999999999998532 55.00000000000001
7326 254.999999999428 9.999999999997687 50.00000000000003
7327 254.9999999994281 9.999999999997684 55.00000000000001
7328 254.9999999994281 14.99999999999313 50.00000000000003
7329 254.9999999994282 14.99999999999313 54.99999999999999
7330 254.9999999994282 19.99999999997725 50
7331 254.9999999994282 19.99999999997724 54.99999999999999
7332 254.9999999994282 24.99999999995791 50
7333 254.9999999994282 24.99999999995789 55
7334 254.9999999994281 29.99999999993925 50.00000000000004
7335 254.9999999994281 29.99999999993923 55
7336 254.9999999994281 34.99999999994878 50.00000000000003
7337 254.9999999994282 34.99999999994878 55
7338 254.9999999994282 39.99999999995902 50.00000000000004
7339 254.9999999994282 39.99999999995901 55
7340 254.999999999428 44.99999999996928 50
7341 254.9999999994282 44.99999999996928 55
7342 254.9999999994283 49.99999999997954 50.00000000000003
7343 254.9999999994283 49.99999999997952 55
7344 254.9999999994281 54.99999999998975 50.00000000000001
7345 254.9999999994282 54.9999999999898 55
$EndNodes
$Elements
8572
1 1 2 9 50 2 628
2 1 2 9 50 628 629
3 1 2 9 50 629 630
4 1 2 9 50 630 631
5 1 2 9 50 631 632
6 1 2 9 50 632 633
7 1 2 9 50 633 634
8 1 2 9 50 634 635
9 1 2 9 50 635 636
10 1 2 9 50 636 637
11 1 2 9 50 637 638
12 1 2 9 50 638 7
13 1 2 10 52 4 650
14 1 2 10 52 650 651
15 1 2 10 52 651 652
16 1 2 10 52 652 653
17 1 2 10 52 653 654
18 1 2 10 52 654 655
19 1 2 10 52 655 656
20 1 2 10 52 656 657
21 1 2 10 52 657 658
22 1 2 10 52 658 659
23 1 2 10 52 659 660
24 1 2 10 52 660 9
25 1 2 11 66 33 804
26 1 2 11 66 804 805
27 1 2 11 66 805 806
28 1 2 11 66 806 807
29 1 2 11 66 807 808
30 1 2 11 66 808 809
31 1 2 11 66 809 810
32 1 2 11 66 810 811
33 1 2 11 66 811 812
34 1 2 11 66 812 813
35 1 2 11 66 813 814
36 1 2 11 66 814 38
37 3 2 2 136 1 65 1023 617
38 3 2 2 136 617 1023 1024 618
39 3 2 2 136 618 1024 1025 619
40 3 2 2 136 619 1025 1026 620
41 3 2 2 136 620 1026 1027 621
42 3 2 2 136 621 1027 1028 622
43 3 2 2 136 622 1028 1029 623
44 3 2 2 136 623 1029 1030 624
45 3 2 2 136 624 1030 1031 625
46 3 2 2 136 625 1031 1032 626
47 3 2 2 136 626 1032 1033 627
48 3 2 2 136 627 1033 111 6
49 3 2 2 136 65 2 628 1023
50 3 2 2 136 1023 628 629 1024
51 3 2 2 136 1024 629 630 1025
52 3 2 2 136 1025 630 631 1026
53 3 2 2 136 1026 631 632 1027
54 3 2 2 136 1027 632 633 1028
55 3 2 2 136 1028 633 634 1029
56 3 2 2 136 1029 634 635 1030
57 3 2 2 136 1030 635 636 1031
58 3 2 2 136 1031 636 637 1032
59 3 2 2 136 1032 637 638 1033
60 3 2 2 136 1033 638 7 111
61 3 2 2 138 2 66 1034 628
62 3 2 2 138 628 1034 1035 629
63 3 2 2 138 629 1035 1036 630
64 3 2 2 138 630 1036 1037 631
65 3 2 2 138 631 1037 1038 632
66 3 2 2 138 632 1038 1039 633
67 3 2 2 138 633 1039 1040 634
68 3 2 2 138 634 1040 1041 635
69 3 2 2 138 635 1041 1042 636
70 3 2 2 138 636 1042 1043 637
71 3 2 2 138 637 1043 1044 638
72 3 2 2 138 638 1044 112 7
73 3 2 2 138 66 67 1045 1034
74 3 2 2 138 1034 1045 1046 1035
75 3 2 2 138 1035 1046 1047 1036
76 3 2 2 138 1036 1047 1048 1037
77 3 2 2 138 1037 1048 1049 1038
78 3 2 2 138 1038 1049 1050 1039
79 3 2 2 138 1039 1050 1051 1040
80 3 2 2 138 1040 1051 1052 1041
81 3 2 2 138 1041 1052 1053 1042
82 3 2 2 138 1042 1053 1054 1043
83 3 2 2 138 1043 1054 1055 1044
84 3 2 2 138 1044 1055 113 112
85 3 2 2 138 67 68 1056 1045
86 3 2 2 138 1045 1056 1057 1046
87 3 2 2 138 1046 1057 1058 1047
88 3 2 2 138 1047 1058 1059 1048
89 3 2 2 138 1048 1059 1060 1049
90 3 2 2 138 1049 1060 1061 1050
91 3 2 2 138 1050 1061 1062 1051
92 3 2 2 138 1051 1062 1063 1052
93 3 2 2 138 1052 1063 1064 1053
94 3 2 2 138 1053 1064 1065 1054
95 3 2 2 138 1054 1065 1066 1055
96 3 2 2 138 1055 1066 114 113
97 3 2 2 138 68 69 1067 1056
98 3 2 2 138 1056 1067 1068 1057
99 3 2 2 138 1057 1068 1069 1058
100 3 2 2 138 1058 1069 1070 1059
101 3 2 2 138 1059 1070 1071 1060
102 3 2 2 138 1060 1071 1072 1061
103 3 2 2 138 1061 1072 1073 1062
104 3 2 2 138 1062 1073 1074 1063
105 3 2 2 138 1063 1074 1075 1064
106 3 2 2 138 1064 1075 1076 1065
107 3 2 2 138 1065 1076 1077 1066
108 3 2 2 138 1066 1077 115 114
109 3 2 2 138 69 70 1078 1067
110 3 2 2 138 1067 1078 1079 1068
111 3 2 2 138 1068 1079 1080 1069
112 3 2 2 138 1069 1080 1081 1070
113 3 2 2 138 1070 1081 1082 1071
114 3 2 2 138 1071 1082 1083 1072
115 3 2 2 138 1072 1083 1084 1073
116 3 2 2 138 1073 1084 1085 1074
117 3 2 2 138 1074 1085 1086 1075
118 3 2 2 138 1075 1086 1087 1076
119 3 2 2 138 1076 1087 1088 1077
120 3 2 2 138 1077 1088 116 115
121 3 2 2 138 70 71 1089 1078
122 3 2 2 138 1078 1089 1090 1079
123 3 2 2 138 1079 1090 1091 1080
124 3 2 2 138 1080 1091 1092 1081
125 3 2 2 138 1081 1092 1093 1082
126 3 2 2 138 1082 1093 1094 1083
127 3 2 2 138 1083 1094 1095 1084
128 3 2 2 138 1084 1095 1096 1085
129 3 2 2 138 1085 1096 1097 1086
130 3 2 2 138 1086 1097 1098 1087
131 3 2 2 138 1087 1098 1099 1088
132 3 2 2 138 1088 1099 117 116
133 3 2 2 138 71 72 1100 1089
134 3 2 2 138 1089 1100 1101 1090
135 3 2 2 138 1090 1101 1102 1091
136 3 2 2 138 1091 1102 1103 1092
137 3 2 2 138 1092 1103 1104 1093
138 3 2 2 138 1093 1104 1105 1094
139 3 2 2 138 1094 1105 1106 1095
140 3 2 2 138 1095 1106 1107 1096
141 3 2 2 138 1096 1107 1108 1097
142 3 2 2 138 1097 1108 1109 1098
143 3 2 2 138 1098 1109 1110 1099
144 3 2 2 138 1099 1110 118 117
145 3 2 2 138 72 73 1111 1100
146 3 2 2 138 1100 1111 1112 1101
147 3 2 2 138 1101 1112 1113 1102
148 3 2 2 138 1102 1113 1114 1103
149 3 2 2 138 1103 1114 1115 1104
150 3 2 2 138 1104 1115 1116 1105
151 3 2 2 138 1105 1116 1117 1106
152 3 2 2 138 1106 1117 1118 1107
153 3 2 2 138 1107 1118 1119 1108
154 3 2 2 138 1108 1119 1120 1109
155 3 2 2 138 1109 1120 1121 1110
156 3 2 2 138 1110 1121 119 118
157 3 2 2 138 73 74 1122 1111
158 3 2 2 138 1111 1122 1123 1112
159 3 2 2 138 1112 1123 1124 1113
160 3 2 2 138 1113 1124 1125 1114
161 3 2 2 138 1114 1125 1126 1115
162 3 2 2 138 1115 1126 1127 1116
163 3 2 2 138 1116 1127 1128 1117
164 3 2 2 138 1117 1128 1129 1118
165 3 2 2 138 1118 1129 1130 1119
166 3 2 2 138 1119 1130 1131 1120
167 3 2 2 138 1120 1131 1132 1121
168 3 2 2 138 1121 1132 120 119
169 3 2 2 138 74 75 1133 1122
170 3 2 2 138 1122 1133 1134 1123
171 3 2 2 138 1123 1134 1135 1124
172 3 2 2 138 1124 1135 1136 1125
173 3 2 2 138 1125 1136 1137 1126
174 3 2 2 138 1126 1137 1138 1127
175 3 2 2 138 1127 1138 1139 1128
176 3 2 2 138 1128 1139 1140 1129
177 3 2 2 138 1129 1140 1141 1130
178 3 2 2 138 1130 1141 1142 1131
179 3 2 2 138 1131 1142 1143 1132
180 3 2 2 138 1132 1143 121 120
181 3 2 2 138 75 76 1144 1133
182 3 2 2 138 1133 1144 1145 1134
183 3 2 2 138 1134 1145 1146 1135
184 3 2 2 138 1135 1146 1147 1136
185 3 2 2 138 1136 1147 1148 1137
186 3 2 2 138 1137 1148 1149 1138
187 3 2 2 138 1138 1149 1150 1139
188 3 2 2 138 1139 1150 1151 1140
189 3 2 2 138 1140 1151 1152 1141
190 3 2 2 138 1141 1152 1153 1142
191 3 2 2 138 1142 1153 1154 1143
192 3 2 2 138 1143 1154 122 121
193 3 2 2 138 76 77 1155 1144
194 3 2 2 138 1144 1155 1156 1145
195 3 2 2 138 1145 1156 1157 1146
196 3 2 2 138 1146 1157 1158 1147
197 3 2 2 138 1147 1158 1159 1148
198 3 2 2 138 1148 1159 1160 1149
199 3 2 2 138 1149 1160 1161 1150
200 3 2 2 138 1150 1161 1162 1151
201 3 2 2 138 1151 1162 1163 1152
202 3 2 2 138 1152 1163 1164 1153
203 3 2 2 138 1153 1164 1165 1154
204 3 2 2 138 1154 1165 123 122
205 3 2 2 138 77 78 1166 1155
206 3 2 2 138 1155 1166 1167 1156
207 3 2 2 138 1156 1167 1168 1157
208 3 2 2 138 1157 1168 1169 1158
209 3 2 2 138 1158 1169 1170 1159
210 3 2 2 138 1159 1170 1171 1160
211 3 2 2 138 1160 1171 1172 1161
212 3 2 2 138 1161 1172 1173 1162
213 3 2 2 138 1162 1173 1174 1163
214 3 2 2 138 1163 1174 1175 1164
215 3 2 2 138 1164 1175 1176 1165
216 3 2 2 138 1165 1176 124 123
217 3 2 2 138 78 79 1177 1166
218 3 2 2 138 1166 1177 1178 1167
219 3 2 2 138 1167 1178 1179 1168
220 3 2 2 138 1168 1179 1180 1169
221 3 2 2 138 1169 1180 1181 1170
222 3 2 2 138 1170 1181 1182 1171
223 3 2 2 138 1171 1182 1183 1172
224 3 2 2 138 1172 1183 1184 1173
225 3 2 2 138 1173 1184 1185 1174
226 3 2 2 138 1174 1185 1186 1175
227 3 2 2 138 1175 1186 1187 1176
228 3 2 2 138 1176 1187 125 124
229 3 2 2 138 79 80 1188 1177
230 3 2 2 138 1177 1188 1189 1178
231 3 2 2 138 1178 1189 1190 1179
232 3 2 2 138 1179 1190 1191 1180
233 3 2 2 138 1180 1191 1192 1181
234 3 2 2 138 1181 1192 1193 1182
235 3 2 2 138 1182 1193 1194 1183
236 3 2 2 138 1183 1194 1195 1184
237 3 2 2 138 1184 1195 1196 1185
238 3 2 2 138 1185 1196 1197 1186
239 3 2 2 138 1186 1197 1198 1187
240 3 2 2 138 1187 1198 126 125
241 3 2 2 138 80 81 1199 1188
242 3 2 2 138 1188 1199 1200 1189
243 3 2 2 138 1189 1200 1201 1190
244 3 2 2 138 1190 1201 1202 1191
245 3 2 2 138 1191 1202 1203 1192
246 3 2 2 138 1192 1203 1204 1193
247 3 2 2 138 1193 1204 1205 1194
248 3 2 2 138 1194 1205 1206 1195
249 3 2 2 138 1195 1206 1207 1196
250 3 2 2 138 1196 1207 1208 1197
251 3 2 2 138 1197 1208 1209 1198
252 3 2 2 138 1198 1209 127 126
253 3 2 2 138 81 82 1210 1199
254 3 2 2 138 1199 1210 1211 1200
255 3 2 2 138 1200 1211 1212 1201
256 3 2 2 138 1201 1212 1213 1202
257 3 2 2 138 1202 1213 1214 1203
258 3 2 2 138 1203 1214 1215 1204
259 3 2 2 138 1204 1215 1216 1205
260 3 2 2 138 1205 1216 1217 1206
261 3 2 2 138 1206 1217 1218 1207
262 3 2 2 138 1207 1218 1219 1208
263 3 2 2 138 1208 1219 1220 1209
264 3 2 2 138 1209 1220 128 127
265 3 2 2 138 82 83 1221 1210
266 3 2 2 138 1210 1221 1222 1211
267 3 2 2 138 1211 1222 1223 1212
268 3 2 2 138 1212 1223 1224 1213
269 3 2 2 138 1213 1224 1225 1214
270 3 2 2 138 1214 1225 1226 1215
271 3 2 2 138 1215 1226 1227 1216
272 3 2 2 138 1216 1227 1228 1217
273 3 2 2 138 1217 1228 1229 1218
274 3 2 2 138 1218 1229 1230 1219
275 3 2 2 138 1219 1230 1231 1220
276 3 2 2 138 1220 1231 129 128
277 3 2 2 138 83 84 1232 1221
278 3 2 2 138 1221 1232 1233 1222
279 3 2 2 138 1222 1233 1234 1223
280 3 2 2 138 1223 1234 1235 1224
281 3 2 2 138 1224 1235 1236 1225
282 3 2 2 138 1225 1236 1237 1226
283 3 2 2 138 1226 1237 1238 1227
284 3 2 2 138 1227 1238 1239 1228
285 3 2 2 138 1228 1239 1240 1229
286 3 2 2 138 1229 1240 1241 1230
287 3 2 2 138 1230 1241 1242 1231
288 3 2 2 138 1231 1242 130 129
289 3 2 2 138 84 85 1243 1232
290 3 2 2 138 1232 1243 1244 1233
291 3 2 2 138 1233 1244 1245 1234
292 3 2 2 138 1234 1245 1246 1235
293 3 2 2 138 1235 1246 1247 1236
294 3 2 2 138 1236 1247 1248 1237
295 3 2 2 138 1237 1248 1249 1238
296 3 2 2 138 1238 1249 1250 1239
297 3 2 2 138 1239 1250 1251 1240
298 3 2 2 138 1240 1251 1252 1241
299 3 2 2 138 1241 1252 1253 1242
300 3 2 2 138 1242 1253 131 130
301 3 2 2 138 85 86 1254 1243
302 3 2 2 138 1243 1254 1255 1244
303 3 2 2 138 1244 1255 1256 1245
304 3 2 2 138 1245 1256 1257 1246
305 3 2 2 138 1246 1257 1258 1247
306 3 2 2 138 1247 1258 1259 1248
307 3 2 2 138 1248 1259 1260 1249
308 3 2 2 138 1249 1260 1261 1250
309 3 2 2 138 1250 1261 1262 1251
310 3 2 2 138 1251 1262 1263 1252
311 3 2 2 138 1252 1263 1264 1253
312 3 2 2 138 1253 1264 132 131
313 3 2 2 138 86 87 1265 1254
314 3 2 2 138 1254 1265 1266 1255
315 3 2 2 138 1255 1266 1267 1256
316 3 2 2 138 1256 1267 1268 1257
317 3 2 2 138 1257 1268 1269 1258
318 3 2 2 138 1258 1269 1270 1259
319 3 2 2 138 1259 1270 1271 1260
320 3 2 2 138 1260 1271 1272 1261
321 3 2 2 138 1261 1272 1273 1262
322 3 2 2 138 1262 1273 1274 1263
323 3 2 2 138 1263 1274 1275 1264
324 3 2 2 138 1264 1275 133 132
325 3 2 2 138 87 3 639 1265
326 3 2 2 138 1265 639 640 1266
327 3 2 2 138 1266 640 641 1267
328 3 2 2 138 1267 641 642 1268
329 3 2 2 138 1268 642 643 1269
330 3 2 2 138 1269 643 644 1270
331 3 2 2 138 1270 644 645 1271
332 3 2 2 138 1271 645 646 1272
333 3 2 2 138 1272 646 647 1273
334 3 2 2 138 1273 647 648 1274
335 3 2 2 138 1274 648 649 1275
336 3 2 2 138 1275 649 8 133
337 3 2 2 140 3 88 1276 639
338 3 2 2 140 639 1276 1277 640
339 3 2 2 140 640 1277 1278 641
340 3 2 2 140 641 1278 1279 642
341 3 2 2 140 642 1279 1280 643
342 3 2 2 140 643 1280 1281 644
343 3 2 2 140 644 1281 1282 645
344 3 2 2 140 645 1282 1283 646
345 3 2 2 140 646 1283 1284 647
346 3 2 2 140 647 1284 1285 648
347 3 2 2 140 648 1285 1286 649
348 3 2 2 140 649 1286 134 8
349 3 2 2 140 88 89 1287 1276
350 3 2 2 140 1276 1287 1288 1277
351 3 2 2 140 1277 1288 1289 1278
352 3 2 2 140 1278 1289 1290 1279
353 3 2 2 140 1279 1290 1291 1280
354 3 2 2 140 1280 1291 1292 1281
355 3 2 2 140 1281 1292 1293 1282
356 3 2 2 140 1282 1293 1294 1283
357 3 2 2 140 1283 1294 1295 1284
358 3 2 2 140 1284 1295 1296 1285
359 3 2 2 140 1285 1296 1297 1286
360 3 2 2 140 1286 1297 135 134
361 3 2 2 140 89 90 1298 1287
362 3 2 2 140 1287 1298 1299 1288
363 3 2 2 140 1288 1299 1300 1289
364 3 2 2 140 1289 1300 1301 1290
365 3 2 2 140 1290 1301 1302 1291
366 3 2 2 140 1291 1302 1303 1292
367 3 2 2 140 1292 1303 1304 1293
368 3 2 2 140 1293 1304 1305 1294
369 3 2 2 140 1294 1305 1306 1295
370 3 2 2 140 1295 1306 1307 1296
371 3 2 2 140 1296 1307 1308 1297
372 3 2 2 140 1297 1308 136 135
373 3 2 2 140 90 91 1309 1298
374 3 2 2 140 1298 1309 1310 1299
375 3 2 2 140 1299 1310 1311 1300
376 3 2 2 140 1300 1311 1312 1301
377 3 2 2 140 1301 1312 1313 1302
378 3 2 2 140 1302 1313 1314 1303
379 3 2 2 140 1303 1314 1315 1304
380 3 2 2 140 1304 1315 1316 1305
381 3 2 2 140 1305 1316 1317 1306
382 3 2 2 140 1306 1317 1318 1307
383 3 2 2 140 1307 1318 1319 1308
384 3 2 2 140 1308 1319 137 136
385 3 2 2 140 91 92 1320 1309
386 3 2 2 140 1309 1320 1321 1310
387 3 2 2 140 1310 1321 1322 1311
388 3 2 2 140 1311 1322 1323 1312
389 3 2 2 140 1312 1323 1324 1313
390 3 2 2 140 1313 1324 1325 1314
391 3 2 2 140 1314 1325 1326 1315
392 3 2 2 140 1315 1326 1327 1316
393 3 2 2 140 1316 1327 1328 1317
394 3 2 2 140 1317 1328 1329 1318
395 3 2 2 140 1318 1329 1330 1319
396 3 2 2 140 1319 1330 138 137
397 3 2 2 140 92 93 1331 1320
398 3 2 2 140 1320 1331 1332 1321
399 3 2 2 140 1321 1332 1333 1322
400 3 2 2 140 1322 1333 1334 1323
401 3 2 2 140 1323 1334 1335 1324
402 3 2 2 140 1324 1335 1336 1325
403 3 2 2 140 1325 1336 1337 1326
404 3 2 2 140 1326 1337 1338 1327
405 3 2 2 140 1327 1338 1339 1328
406 3 2 2 140 1328 1339 1340 1329
407 3 2 2 140 1329 1340 1341 1330
408 3 2 2 140 1330 1341 139 138
409 3 2 2 140 93 94 1342 1331
410 3 2 2 140 1331 1342 1343 1332
411 3 2 2 140 1332 1343 1344 1333
412 3 2 2 140 1333 1344 1345 1334
413 3 2 2 140 1334 1345 1346 1335
414 3 2 2 140 1335 1346 1347 1336
415 3 2 2 140 1336 1347 1348 1337
416 3 2 2 140 1337 1348 1349 1338
417 3 2 2 140 1338 1349 1350 1339
418 3 2 2 140 1339 1350 1351 1340
419 3 2 2 140 1340 1351 1352 1341
420 3 2 2 140 1341 1352 140 139
421 3 2 2 140 94 95 1353 1342
422 3 2 2 140 1342 1353 1354 1343
423 3 2 2 140 1343 1354 1355 1344
424 3 2 2 140 1344 1355 1356 1345
425 3 2 2 140 1345 1356 1357 1346
426 3 2 2 140 1346 1357 1358 1347
427 3 2 2 140 1347 1358 1359 1348
428 3 2 2 140 1348 1359 1360 1349
429 3 2 2 140 1349 1360 1361 1350
430 3 2 2 140 1350 1361 1362 1351
431 3 2 2 140 1351 1362 1363 1352
432 3 2 2 140 1352 1363 141 140
433 3 2 2 140 95 96 1364 1353
434 3 2 2 140 1353 1364 1365 1354
435 3 2 2 140 1354 1365 1366 1355
436 3 2 2 140 1355 1366 1367 1356
437 3 2 2 140 1356 1367 1368 1357
438 3 2 2 140 1357 1368 1369 1358
439 3 2 2 140 1358 1369 1370 1359
440 3 2 2 140 1359 1370 1371 1360
441 3 2 2 140 1360 1371 1372 1361
442 3 2 2 140 1361 1372 1373 1362
443 3 2 2 140 1362 1373 1374 1363
444 3 2 2 140 1363 1374 142 141
445 3 2 2 140 96 97 1375 1364
446 3 2 2 140 1364 1375 1376 1365
447 3 2 2 140 1365 1376 1377 1366
448 3 2 2 140 1366 1377 1378 1367
449 3 2 2 140 1367 1378 1379 1368
450 3 2 2 140 1368 1379 1380 1369
451 3 2 2 140 1369 1380 1381 1370
452 3 2 2 140 1370 1381 1382 1371
453 3 2 2 140 1371 1382 1383 1372
454 3 2 2 140 1372 1383 1384 1373
455 3 2 2 140 1373 1384 1385 1374
456 3 2 2 140 1374 1385 143 142
457 3 2 2 140 97 98 1386 1375
458 3 2 2 140 1375 1386 1387 1376
459 3 2 2 140 1376 1387 1388 1377
460 3 2 2 140 1377 1388 1389 1378
461 3 2 2 140 1378 1389 1390 1379
462 3 2 2 140 1379 1390 1391 1380
463 3 2 2 140 1380 1391 1392 1381
464 3 2 2 140 1381 1392 1393 1382
465 3 2 2 140 1382 1393 1394 1383
466 3 2 2 140 1383 1394 1395 1384
467 3 2 2 140 1384 1395 1396 1385
468 3 2 2 140 1385 1396 144 143
469 3 2 2 140 98 99 1397 1386
470 3 2 2 140 1386 1397 1398 1387
471 3 2 2 140 1387 1398 1399 1388
472 3 2 2 140 1388 1399 1400 1389
473 3 2 2 140 1389 1400 1401 1390
474 3 2 2 140 1390 1401 1402 1391
475 3 2 2 140 1391 1402 1403 1392
476 3 2 2 140 1392 1403 1404 1393
477 3 2 2 140 1393 1404 1405 1394
478 3 2 2 140 1394 1405 1406 1395
479 3 2 2 140 1395 1406 1407 1396
480 3 2 2 140 1396 1407 145 144
481 3 2 2 140 99 100 1408 1397
482 3 2 2 140 1397 1408 1409 1398
483 3 2 2 140 1398 1409 1410 1399
484 3 2 2 140 1399 1410 1411 1400
485 3 2 2 140 1400 1411 1412 1401
486 3 2 2 140 1401 1412 1413 1402
487 3 2 2 140 1402 1413 1414 1403
488 3 2 2 140 1403 1414 1415 1404
489 3 2 2 140 1404 1415 1416 1405
490 3 2 2 140 1405 1416 1417 1406
491 3 2 2 140 1406 1417 1418 1407
492 3 2 2 140 1407 1418 146 145
493 3 2 2 140 100 101 1419 1408
494 3 2 2 140 1408 1419 1420 1409
495 3 2 2 140 1409 1420 1421 1410
496 3 2 2 140 1410 1421 1422 1411
497 3 2 2 140 1411 1422 1423 1412
498 3 2 2 140 1412 1423 1424 1413
499 3 2 2 140 1413 1424 1425 1414
500 3 2 2 140 1414 1425 1426 1415
501 3 2 2 140 1415 1426 1427 1416
502 3 2 2 140 1416 1427 1428 1417
503 3 2 2 140 1417 1428 1429 1418
504 3 2 2 140 1418 1429 147 146
505 3 2 2 140 101 102 1430 1419
506 3 2 2 140 1419 1430 1431 1420
507 3 2 2 140 1420 1431 1432 1421
508 3 2 2 140 1421 1432 1433 1422
509 3 2 2 140 1422 1433 1434 1423
510 3 2 2 140 1423 1434 1435 1424
511 3 2 2 140 1424 1435 1436 1425
512 3 2 2 140 1425 1436 1437 1426
513 3 2 2 140 1426 1437 1438 1427
514 3 2 2 140 1427 1438 1439 1428
515 3 2 2 140 1428 1439 1440 1429
516 3 2 2 140 1429 1440 148 147
517 3 2 2 140 102 103 1441 1430
518 3 2 2 140 1430 1441 1442 1431
519 3 2 2 140 1431 1442 1443 1432
520 3 2 2 140 1432 1443 1444 1433
521 3 2 2 140 1433 1444 1445 1434
522 3 2 2 140 1434 1445 1446 1435
523 3 2 2 140 1435 1446 1447 1436
524 3 2 2 140 1436 1447 1448 1437
525 3 2 2 140 1437 1448 1449 1438
526 3 2 2 140 1438 1449 1450 1439
527 3 2 2 140 1439 1450 1451 1440
528 3 2 2 140 1440 1451 149 148
529 3 2 2 140 103 104 1452 1441
530 3 2 2 140 1441 1452 1453 1442
531 3 2 2 140 1442 1453 1454 1443
532 3 2 2 140 1443 1454 1455 1444
533 3 2 2 140 1444 1455 1456 1445
534 3 2 2 140 1445 1456 1457 1446
535 3 2 2 140 1446 1457 1458 1447
536 3 2 2 140 1447 1458 1459 1448
537 3 2 2 140 1448 1459 1460 1449
538 3 2 2 140 1449 1460 1461 1450
539 3 2 2 140 1450 1461 1462 1451
540 3 2 2 140 1451 1462 150 149
541 3 2 2 140 104 105 1463 1452
542 3 2 2 140 1452 1463 1464 1453
543 3 2 2 140 1453 1464 1465 1454
544 3 2 2 140 1454 1465 1466 1455
545 3 2 2 140 1455 1466 1467 1456
546 3 2 2 140 1456 1467 1468 1457
547 3 2 2 140 1457 1468 1469 1458
548 3 2 2 140 1458 1469 1470 1459
549 3 2 2 140 1459 1470 1471 1460
550 3 2 2 140 1460 1471 1472 1461
551 3 2 2 140 1461 1472 1473 1462
552 3 2 2 140 1462 1473 151 150
553 3 2 2 140 105 106 1474 1463
554 3 2 2 140 1463 1474 1475 1464
555 3 2 2 140 1464 1475 1476 1465
556 3 2 2 140 1465 1476 1477 1466
557 3 2 2 140 1466 1477 1478 1467
558 3 2 2 140 1467 1478 1479 1468
559 3 2 2 140 1468 1479 1480 1469
560 3 2 2 140 1469 1480 1481 1470
561 3 2 2 140 1470 1481 1482 1471
562 3 2 2 140 1471 1482 1483 1472
563 3 2 2 140 1472 1483 1484 1473
564 3 2 2 140 1473 1484 152 151
565 3 2 2 140 106 107 1485 1474
566 3 2 2 140 1474 1485 1486 1475
567 3 2 2 140 1475 1486 1487 1476
568 3 2 2 140 1476 1487 1488 1477
569 3 2 2 140 1477 1488 1489 1478
570 3 2 2 140 1478 1489 1490 1479
571 3 2 2 140 1479 1490 1491 1480
572 3 2 2 140 1480 1491 1492 1481
573 3 2 2 140 1481 1492 1493 1482
574 3 2 2 140 1482 1493 1494 1483
575 3 2 2 140 1483 1494 1495 1484
576 3 2 2 140 1484 1495 153 152
577 3 2 2 140 107 108 1496 1485
578 3 2 2 140 1485 1496 1497 1486
579 3 2 2 140 1486 1497 1498 1487
580 3 2 2 140 1487 1498 1499 1488
581 3 2 2 140 1488 1499 1500 1489
582 3 2 2 140 1489 1500 1501 1490
583 3 2 2 140 1490 1501 1502 1491
584 3 2 2 140 1491 1502 1503 1492
585 3 2 2 140 1492 1503 1504 1493
586 3 2 2 140 1493 1504 1505 1494
587 3 2 2 140 1494 1505 1506 1495
588 3 2 2 140 1495 1506 154 153
589 3 2 2 140 108 109 1507 1496
590 3 2 2 140 1496 1507 1508 1497
591 3 2 2 140 1497 1508 1509 1498
592 3 2 2 140 1498 1509 1510 1499
593 3 2 2 140 1499 1510 1511 1500
594 3 2 2 140 1500 1511 1512 1501
595 3 2 2 140 1501 1512 1513 1502
596 3 2 2 140 1502 1513 1514 1503
597 3 2 2 140 1503 1514 1515 1504
598 3 2 2 140 1504 1515 1516 1505
599 3 2 2 140 1505 1516 1517 1506
600 3 2 2 140 1506 1517 155 154
601 3 2 2 140 109 4 650 1507
602 3 2 2 140 1507 650 651 1508
603 3 2 2 140 1508 651 652 1509
604 3 2 2 140 1509 652 653 1510
605 3 2 2 140 1510 653 654 1511
606 3 2 2 140 1511 654 655 1512
607 3 2 2 140 1512 655 656 1513
608 3 2 2 140 1513 656 657 1514
609 3 2 2 140 1514 657 658 1515
610 3 2 2 140 1515 658 659 1516
611 3 2 2 140 1516 659 660 1517
612 3 2 2 140 1517 660 9 155
613 3 2 2 142 4 110 1518 650
614 3 2 2 142 650 1518 1519 651
615 3 2 2 142 651 1519 1520 652
616 3 2 2 142 652 1520 1521 653
617 3 2 2 142 653 1521 1522 654
618 3 2 2 142 654 1522 1523 655
619 3 2 2 142 655 1523 1524 656
620 3 2 2 142 656 1524 1525 657
621 3 2 2 142 657 1525 1526 658
622 3 2 2 142 658 1526 1527 659
623 3 2 2 142 659 1527 1528 660
624 3 2 2 142 660 1528 156 9
625 3 2 2 142 110 5 661 1518
626 3 2 2 142 1518 661 662 1519
627 3 2 2 142 1519 662 663 1520
628 3 2 2 142 1520 663 664 1521
629 3 2 2 142 1521 664 665 1522
630 3 2 2 142 1522 665 666 1523
631 3 2 2 142 1523 666 667 1524
632 3 2 2 142 1524 667 668 1525
633 3 2 2 142 1525 668 669 1526
634 3 2 2 142 1526 669 670 1527
635 3 2 2 142 1527 670 671 1528
636 3 2 2 142 1528 671 10 156
637 3 2 3 176 53 525 3553 903
638 3 2 3 176 903 3553 3554 904
639 3 2 3 176 904 3554 3555 905
640 3 2 3 176 905 3555 3556 906
641 3 2 3 176 906 3556 3557 907
642 3 2 3 176 907 3557 3558 908
643 3 2 3 176 908 3558 3559 909
644 3 2 3 176 909 3559 3560 910
645 3 2 3 176 910 3560 3561 911
646 3 2 3 176 911 3561 3562 912
647 3 2 3 176 912 3562 3563 913
648 3 2 3 176 913 3563 571 59
649 3 2 3 176 525 54 914 3553
650 3 2 3 176 3553 914 915 3554
651 3 2 3 176 3554 915 916 3555
652 3 2 3 176 3555 916 917 3556
653 3 2 3 176 3556 917 918 3557
654 3 2 3 176 3557 918 919 3558
655 3 2 3 176 3558 919 920 3559
656 3 2 3 176 3559 920 921 3560
657 3 2 3 176 3560 921 922 3561
658 3 2 3 176 3561 922 923 3562
659 3 2 3 176 3562 923 924 3563
660 3 2 3 176 3563 924 60 571
661 3 2 3 178 54 526 3564 914
662 3 2 3 178 914 3564 3565 915
663 3 2 3 178 915 3565 3566 916
664 3 2 3 178 916 3566 3567 917
665 3 2 3 178 917 3567 3568 918
666 3 2 3 178 918 3568 3569 919
667 3 2 3 178 919 3569 3570 920
668 3 2 3 178 920 3570 3571 921
669 3 2 3 178 921 3571 3572 922
670 3 2 3 178 922 3572 3573 923
671 3 2 3 178 923 3573 3574 924
672 3 2 3 178 924 3574 572 60
673 3 2 3 178 526 527 3575 3564
674 3 2 3 178 3564 3575 3576 3565
675 3 2 3 178 3565 3576 3577 3566
676 3 2 3 178 3566 3577 3578 3567
677 3 2 3 178 3567 3578 3579 3568
678 3 2 3 178 3568 3579 3580 3569
679 3 2 3 178 3569 3580 3581 3570
680 3 2 3 178 3570 3581 3582 3571
681 3 2 3 178 3571 3582 3583 3572
682 3 2 3 178 3572 3583 3584 3573
683 3 2 3 178 3573 3584 3585 3574
684 3 2 3 178 3574 3585 573 572
685 3 2 3 178 527 528 3586 3575
686 3 2 3 178 3575 3586 3587 3576
687 3 2 3 178 3576 3587 3588 3577
688 3 2 3 178 3577 3588 3589 3578
689 3 2 3 178 3578 3589 3590 3579
690 3 2 3 178 3579 3590 3591 3580
691 3 2 3 178 3580 3591 3592 3581
692 3 2 3 178 3581 3592 3593 3582
693 3 2 3 178 3582 3593 3594 3583
694 3 2 3 178 3583 3594 3595 3584
695 3 2 3 178 3584 3595 3596 3585
696 3 2 3 178 3585 3596 574 573
697 3 2 3 178 528 529 3597 3586
698 3 2 3 178 3586 3597 3598 3587
699 3 2 3 178 3587 3598 3599 3588
700 3 2 3 178 3588 3599 3600 3589
701 3 2 3 178 3589 3600 3601 3590
702 3 2 3 178 3590 3601 3602 3591
703 3 2 3 178 3591 3602 3603 3592
704 3 2 3 178 3592 3603 3604 3593
705 3 2 3 178 3593 3604 3605 3594
706 3 2 3 178 3594 3605 3606 3595
707 3 2 3 178 3595 3606 3607 3596
708 3 2 3 178 3596 3607 575 574
709 3 2 3 178 529 530 3608 3597
710 3 2 3 178 3597 3608 3609 3598
711 3 2 3 178 3598 3609 3610 3599
712 3 2 3 178 3599 3610 3611 3600
713 3 2 3 178 3600 3611 3612 3601
714 3 2 3 178 3601 3612 3613 3602
715 3 2 3 178 3602 3613 3614 3603
716 3 2 3 178 3603 3614 3615 3604
717 3 2 3 178 3604 3615 3616 3605
718 3 2 3 178 3605 3616 3617 3606
719 3 2 3 178 3606 3617 3618 3607
720 3 2 3 178 3607 3618 576 575
721 3 2 3 178 530 531 3619 3608
722 3 2 3 178 3608 3619 3620 3609
723 3 2 3 178 3609 3620 3621 3610
724 3 2 3 178 3610 3621 3622 3611
725 3 2 3 178 3611 3622 3623 3612
726 3 2 3 178 3612 3623 3624 3613
727 3 2 3 178 3613 3624 3625 3614
728 3 2 3 178 3614 3625 3626 3615
729 3 2 3 178 3615 3626 3627 3616
730 3 2 3 178 3616 3627 3628 3617
731 3 2 3 178 3617 3628 3629 3618
732 3 2 3 178 3618 3629 577 576
733 3 2 3 178 531 532 3630 3619
734 3 2 3 178 3619 3630 3631 3620
735 3 2 3 178 3620 3631 3632 3621
736 3 2 3 178 3621 3632 3633 3622
737 3 2 3 178 3622 3633 3634 3623
738 3 2 3 178 3623 3634 3635 3624
739 3 2 3 178 3624 3635 3636 3625
740 3 2 3 178 3625 3636 3637 3626
741 3 2 3 178 3626 3637 3638 3627
742 3 2 3 178 3627 3638 3639 3628
743 3 2 3 178 3628 3639 3640 3629
744 3 2 3 178 3629 3640 578 577
745 3 2 3 178 532 533 3641 3630
746 3 2 3 178 3630 3641 3642 3631
747 3 2 3 178 3631 3642 3643 3632
748 3 2 3 178 3632 3643 3644 3633
749 3 2 3 178 3633 3644 3645 3634
750 3 2 3 178 3634 3645 3646 3635
751 3 2 3 178 3635 3646 3647 3636
752 3 2 3 178 3636 3647 3648 3637
753 3 2 3 178 3637 3648 3649 3638
754 3 2 3 178 3638 3649 3650 3639
755 3 2 3 178 3639 3650 3651 3640
756 3 2 3 178 3640 3651 579 578
757 3 2 3 178 533 534 3652 3641
758 3 2 3 178 3641 3652 3653 3642
759 3 2 3 178 3642 3653 3654 3643
760 3 2 3 178 3643 3654 3655 3644
761 3 2 3 178 3644 3655 3656 3645
762 3 2 3 178 3645 3656 3657 3646
763 3 2 3 178 3646 3657 3658 3647
764 3 2 3 178 3647 3658 3659 3648
765 3 2 3 178 3648 3659 3660 3649
766 3 2 3 178 3649 3660 3661 3650
767 3 2 3 178 3650 3661 3662 3651
768 3 2 3 178 3651 3662 580 579
769 3 2 3 178 534 535 3663 3652
770 3 2 3 178 3652 3663 3664 3653
771 3 2 3 178 3653 3664 3665 3654
772 3 2 3 178 3654 3665 3666 3655
773 3 2 3 178 3655 3666 3667 3656
774 3 2 3 178 3656 3667 3668 3657
775 3 2 3 178 3657 3668 3669 3658
776 3 2 3 178 3658 3669 3670 3659
777 3 2 3 178 3659 3670 3671 3660
778 3 2 3 178 3660 3671 3672 3661
779 3 2 3 178 3661 3672 3673 3662
780 3 2 3 178 3662 3673 581 580
781 3 2 3 178 535 536 3674 3663
782 3 2 3 178 3663 3674 3675 3664
783 3 2 3 178 3664 3675 3676 3665
784 3 2 3 178 3665 3676 3677 3666
785 3 2 3 178 3666 3677 3678 3667
786 3 2 3 178 3667 3678 3679 3668
787 3 2 3 178 3668 3679 3680 3669
788 3 2 3 178 3669 3680 3681 3670
789 3 2 3 178 3670 3681 3682 3671
790 3 2 3 178 3671 3682 3683 3672
791 3 2 3 178 3672 3683 3684 3673
792 3 2 3 178 3673 3684 582 581
793 3 2 3 178 536 537 3685 3674
794 3 2 3 178 3674 3685 3686 3675
795 3 2 3 178 3675 3686 3687 3676
796 3 2 3 178 3676 3687 3688 3677
797 3 2 3 178 3677 3688 3689 3678
798 3 2 3 178 3678 3689 3690 3679
799 3 2 3 178 3679 3690 3691 3680
800 3 2 3 178 3680 3691 3692 3681
801 3 2 3 178 3681 3692 3693 3682
802 3 2 3 178 3682 3693 3694 3683
803 3 2 3 178 3683 3694 3695 3684
804 3 2 3 178 3684 3695 583 582
805 3 2 3 178 537 538 3696 3685
806 3 2 3 178 3685 3696 3697 3686
807 3 2 3 178 3686 3697 3698 3687
808 3 2 3 178 3687 3698 3699 3688
809 3 2 3 178 3688 3699 3700 3689
810 3 2 3 178 3689 3700 3701 3690
811 3 2 3 178 3690 3701 3702 3691
812 3 2 3 178 3691 3702 3703 3692
813 3 2 3 178 3692 3703 3704 3693
814 3 2 3 178 3693 3704 3705 3694
815 3 2 3 178 3694 3705 3706 3695
816 3 2 3 178 3695 3706 584 583
817 3 2 3 178 538 539 3707 3696
818 3 2 3 178 3696 3707 3708 3697
819 3 2 3 178 3697 3708 3709 3698
820 3 2 3 178 3698 3709 3710 3699
821 3 2 3 178 3699 3710 3711 3700
822 3 2 3 178 3700 3711 3712 3701
823 3 2 3 178 3701 3712 3713 3702
824 3 2 3 178 3702 3713 3714 3703
825 3 2 3 178 3703 3714 3715 3704
826 3 2 3 178 3704 3715 3716 3705
827 3 2 3 178 3705 3716 3717 3706
828 3 2 3 178 3706 3717 585 584
829 3 2 3 178 539 540 3718 3707
830 3 2 3 178 3707 3718 3719 3708
831 3 2 3 178 3708 3719 3720 3709
832 3 2 3 178 3709 3720 3721 3710
833 3 2 3 178 3710 3721 3722 3711
834 3 2 3 178 3711 3722 3723 3712
835 3 2 3 178 3712 3723 3724 3713
836 3 2 3 178 3713 3724 3725 3714
837 3 2 3 178 3714 3725 3726 3715
838 3 2 3 178 3715 3726 3727 3716
839 3 2 3 178 3716 3727 3728 3717
840 3 2 3 178 3717 3728 586 585
841 3 2 3 178 540 541 3729 3718
842 3 2 3 178 3718 3729 3730 3719
843 3 2 3 178 3719 3730 3731 3720
844 3 2 3 178 3720 3731 3732 3721
845 3 2 3 178 3721 3732 3733 3722
846 3 2 3 178 3722 3733 3734 3723
847 3 2 3 178 3723 3734 3735 3724
848 3 2 3 178 3724 3735 3736 3725
849 3 2 3 178 3725 3736 3737 3726
850 3 2 3 178 3726 3737 3738 3727
851 3 2 3 178 3727 3738 3739 3728
852 3 2 3 178 3728 3739 587 586
853 3 2 3 178 541 542 3740 3729
854 3 2 3 178 3729 3740 3741 3730
855 3 2 3 178 3730 3741 3742 3731
856 3 2 3 178 3731 3742 3743 3732
857 3 2 3 178 3732 3743 3744 3733
858 3 2 3 178 3733 3744 3745 3734
859 3 2 3 178 3734 3745 3746 3735
860 3 2 3 178 3735 3746 3747 3736
861 3 2 3 178 3736 3747 3748 3737
862 3 2 3 178 3737 3748 3749 3738
863 3 2 3 178 3738 3749 3750 3739
864 3 2 3 178 3739 3750 588 587
865 3 2 3 178 542 543 3751 3740
866 3 2 3 178 3740 3751 3752 3741
867 3 2 3 178 3741 3752 3753 3742
868 3 2 3 178 3742 3753 3754 3743
869 3 2 3 178 3743 3754 3755 3744
870 3 2 3 178 3744 3755 3756 3745
871 3 2 3 178 3745 3756 3757 3746
872 3 2 3 178 3746 3757 3758 3747
873 3 2 3 178 3747 3758 3759 3748
874 3 2 3 178 3748 3759 3760 3749
875 3 2 3 178 3749 3760 3761 3750
876 3 2 3 178 3750 3761 589 588
877 3 2 3 178 543 544 3762 3751
878 3 2 3 178 3751 3762 3763 3752
879 3 2 3 178 3752 3763 3764 3753
880 3 2 3 178 3753 3764 3765 3754
881 3 2 3 178 3754 3765 3766 3755
882 3 2 3 178 3755 3766 3767 3756
883 3 2 3 178 3756 3767 3768 3757
884 3 2 3 178 3757 3768 3769 3758
885 3 2 3 178 3758 3769 3770 3759
886 3 2 3 178 3759 3770 3771 3760
887 3 2 3 178 3760 3771 3772 3761
888 3 2 3 178 3761 3772 590 589
889 3 2 3 178 544 545 3773 3762
890 3 2 3 178 3762 3773 3774 3763
891 3 2 3 178 3763 3774 3775 3764
892 3 2 3 178 3764 3775 3776 3765
893 3 2 3 178 3765 3776 3777 3766
894 3 2 3 178 3766 3777 3778 3767
895 3 2 3 178 3767 3778 3779 3768
896 3 2 3 178 3768 3779 3780 3769
897 3 2 3 178 3769 3780 3781 3770
898 3 2 3 178 3770 3781 3782 3771
899 3 2 3 178 3771 3782 3783 3772
900 3 2 3 178 3772 3783 591 590
901 3 2 3 178 545 546 3784 3773
902 3 2 3 178 3773 3784 3785 3774
903 3 2 3 178 3774 3785 3786 3775
904 3 2 3 178 3775 3786 3787 3776
905 3 2 3 178 3776 3787 3788 3777
906 3 2 3 178 3777 3788 3789 3778
907 3 2 3 178 3778 3789 3790 3779
908 3 2 3 178 3779 3790 3791 3780
909 3 2 3 178 3780 3791 3792 3781
910 3 2 3 178 3781 3792 3793 3782
911 3 2 3 178 3782 3793 3794 3783
912 3 2 3 178 3783 3794 592 591
913 3 2 3 178 546 547 3795 3784
914 3 2 3 178 3784 3795 3796 3785
915 3 2 3 178 3785 3796 3797 3786
916 3 2 3 178 3786 3797 3798 3787
917 3 2 3 178 3787 3798 3799 3788
918 3 2 3 178 3788 3799 3800 3789
919 3 2 3 178 3789 3800 3801 3790
920 3 2 3 178 3790 3801 3802 3791
921 3 2 3 178 3791 3802 3803 3792
922 3 2 3 178 3792 3803 3804 3793
923 3 2 3 178 3793 3804 3805 3794
924 3 2 3 178 3794 3805 593 592
925 3 2 3 178 547 55 925 3795
926 3 2 3 178 3795 925 926 3796
927 3 2 3 178 3796 926 927 3797
928 3 2 3 178 3797 927 928 3798
929 3 2 3 178 3798 928 929 3799
930 3 2 3 178 3799 929 930 3800
931 3 2 3 178 3800 930 931 3801
932 3 2 3 178 3801 931 932 3802
933 3 2 3 178 3802 932 933 3803
934 3 2 3 178 3803 933 934 3804
935 3 2 3 178 3804 934 935 3805
936 3 2 3 178 3805 935 61 593
937 3 2 3 180 56 548 3806 936
938 3 2 3 180 936 3806 3807 937
939 3 2 3 180 937 3807 3808 938
940 3 2 3 180 938 3808 3809 939
941 3 2 3 180 939 3809 3810 940
942 3 2 3 180 940 3810 3811 941
943 3 2 3 180 941 3811 3812 942
944 3 2 3 180 942 3812 3813 943
945 3 2 3 180 943 3813 3814 944
946 3 2 3 180 944 3814 3815 945
947 3 2 3 180 945 3815 3816 946
948 3 2 3 180 946 3816 594 62
949 3 2 3 180 548 549 3817 3806
950 3 2 3 180 3806 3817 3818 3807
951 3 2 3 180 3807 3818 3819 3808
952 3 2 3 180 3808 3819 3820 3809
953 3 2 3 180 3809 3820 3821 3810
954 3 2 3 180 3810 3821 3822 3811
955 3 2 3 180 3811 3822 3823 3812
956 3 2 3 180 3812 3823 3824 3813
957 3 2 3 180 3813 3824 3825 3814
958 3 2 3 180 3814 3825 3826 3815
959 3 2 3 180 3815 3826 3827 3816
960 3 2 3 180 3816 3827 595 594
961 3 2 3 180 549 550 3828 3817
962 3 2 3 180 3817 3828 3829 3818
963 3 2 3 180 3818 3829 3830 3819
964 3 2 3 180 3819 3830 3831 3820
965 3 2 3 180 3820 3831 3832 3821
966 3 2 3 180 3821 3832 3833 3822
967 3 2 3 180 3822 3833 3834 3823
968 3 2 3 180 3823 3834 3835 3824
969 3 2 3 180 3824 3835 3836 3825
970 3 2 3 180 3825 3836 3837 3826
971 3 2 3 180 3826 3837 3838 3827
972 3 2 3 180 3827 3838 596 595
973 3 2 3 180 550 551 3839 3828
974 3 2 3 180 3828 3839 3840 3829
975 3 2 3 180 3829 3840 3841 3830
976 3 2 3 180 3830 3841 3842 3831
977 3 2 3 180 3831 3842 3843 3832
978 3 2 3 180 3832 3843 3844 3833
979 3 2 3 180 3833 3844 3845 3834
980 3 2 3 180 3834 3845 3846 3835
981 3 2 3 180 3835 3846 3847 3836
982 3 2 3 180 3836 3847 3848 3837
983 3 2 3 180 3837 3848 3849 3838
984 3 2 3 180 3838 3849 597 596
985 3 2 3 180 551 552 3850 3839
986 3 2 3 180 3839 3850 3851 3840
987 3 2 3 180 3840 3851 3852 3841
988 3 2 3 180 3841 3852 3853 3842
989 3 2 3 180 3842 3853 3854 3843
990 3 2 3 180 3843 3854 3855 3844
991 3 2 3 180 3844 3855 3856 3845
992 3 2 3 180 3845 3856 3857 3846
993 3 2 3 180 3846 3857 3858 3847
994 3 2 3 180 3847 3858 3859 3848
995 3 2 3 180 3848 3859 3860 3849
996 3 2 3 180 3849 3860 598 597
997 3 2 3 180 552 553 3861 3850
998 3 2 3 180 3850 3861 3862 3851
999 3 2 3 180 3851 3862 3863 3852
1000 3 2 3 180 3852 3863 3864 3853
1001 3 2 3 180 3853 3864 3865 3854
1002 3 2 3 180 3854 3865 3866 3855
1003 3 2 3 180 3855 3866 3867 3856
1004 3 2 3 180 3856 3867 3868 3857
1005 3 2 3 180 3857 3868 3869 3858
1006 3 2 3 180 3858 3869 3870 3859
1007 3 2 3 180 3859 3870 3871 3860
1008 3 2 3 180 3860 3871 599 598
1009 3 2 3 180 553 554 3872 3861
1010 3 2 3 180 3861 3872 3873 3862
1011 3 2 3 180 3862 3873 3874 3863
1012 3 2 3 180 3863 3874 3875 3864
1013 3 2 3 180 3864 3875 3876 3865
1014 3 2 3 180 3865 3876 3877 3866
1015 3 2 3 180 3866 3877 3878 3867
1016 3 2 3 180 3867 3878 3879 3868
1017 3 2 3 180 3868 3879 3880 3869
1018 3 2 3 180 3869 3880 3881 3870
1019 3 2 3 180 3870 3881 3882 3871
1020 3 2 3 180 3871 3882 600 599
1021 3 2 3 180 554 555 3883 3872
1022 3 2 3 180 3872 3883 3884 3873
1023 3 2 3 180 3873 3884 3885 3874
1024 3 2 3 180 3874 3885 3886 3875
1025 3 2 3 180 3875 3886 3887 3876
1026 3 2 3 180 3876 3887 3888 3877
1027 3 2 3 180 3877 3888 3889 3878
1028 3 2 3 180 3878 3889 3890 3879
1029 3 2 3 180 3879 3890 3891 3880
1030 3 2 3 180 3880 3891 3892 3881
1031 3 2 3 180 3881 3892 3893 3882
1032 3 2 3 180 3882 3893 601 600
1033 3 2 3 180 555 556 3894 3883
1034 3 2 3 180 3883 3894 3895 3884
1035 3 2 3 180 3884 3895 3896 3885
1036 3 2 3 180 3885 3896 3897 3886
1037 3 2 3 180 3886 3897 3898 3887
1038 3 2 3 180 3887 3898 3899 3888
1039 3 2 3 180 3888 3899 3900 3889
1040 3 2 3 180 3889 3900 3901 3890
1041 3 2 3 180 3890 3901 3902 3891
1042 3 2 3 180 3891 3902 3903 3892
1043 3 2 3 180 3892 3903 3904 3893
1044 3 2 3 180 3893 3904 602 601
1045 3 2 3 180 556 557 3905 3894
1046 3 2 3 180 3894 3905 3906 3895
1047 3 2 3 180 3895 3906 3907 3896
1048 3 2 3 180 3896 3907 3908 3897
1049 3 2 3 180 3897 3908 3909 3898
1050 3 2 3 180 3898 3909 3910 3899
1051 3 2 3 180 3899 3910 3911 3900
1052 3 2 3 180 3900 3911 3912 3901
1053 3 2 3 180 3901 3912 3913 3902
1054 3 2 3 180 3902 3913 3914 3903
1055 3 2 3 180 3903 3914 3915 3904
1056 3 2 3 180 3904 3915 603 602
1057 3 2 3 180 557 558 3916 3905
1058 3 2 3 180 3905 3916 3917 3906
1059 3 2 3 180 3906 3917 3918 3907
1060 3 2 3 180 3907 3918 3919 3908
1061 3 2 3 180 3908 3919 3920 3909
1062 3 2 3 180 3909 3920 3921 3910
1063 3 2 3 180 3910 3921 3922 3911
1064 3 2 3 180 3911 3922 3923 3912
1065 3 2 3 180 3912 3923 3924 3913
1066 3 2 3 180 3913 3924 3925 3914
1067 3 2 3 180 3914 3925 3926 3915
1068 3 2 3 180 3915 3926 604 603
1069 3 2 3 180 558 559 3927 3916
1070 3 2 3 180 3916 3927 3928 3917
1071 3 2 3 180 3917 3928 3929 3918
1072 3 2 3 180 3918 3929 3930 3919
1073 3 2 3 180 3919 3930 3931 3920
1074 3 2 3 180 3920 3931 3932 3921
1075 3 2 3 180 3921 3932 3933 3922
1076 3 2 3 180 3922 3933 3934 3923
1077 3 2 3 180 3923 3934 3935 3924
1078 3 2 3 180 3924 3935 3936 3925
1079 3 2 3 180 3925 3936 3937 3926
1080 3 2 3 180 3926 3937 605 604
1081 3 2 3 180 559 560 3938 3927
1082 3 2 3 180 3927 3938 3939 3928
1083 3 2 3 180 3928 3939 3940 3929
1084 3 2 3 180 3929 3940 3941 3930
1085 3 2 3 180 3930 3941 3942 3931
1086 3 2 3 180 3931 3942 3943 3932
1087 3 2 3 180 3932 3943 3944 3933
1088 3 2 3 180 3933 3944 3945 3934
1089 3 2 3 180 3934 3945 3946 3935
1090 3 2 3 180 3935 3946 3947 3936
1091 3 2 3 180 3936 3947 3948 3937
1092 3 2 3 180 3937 3948 606 605
1093 3 2 3 180 560 561 3949 3938
1094 3 2 3 180 3938 3949 3950 3939
1095 3 2 3 180 3939 3950 3951 3940
1096 3 2 3 180 3940 3951 3952 3941
1097 3 2 3 180 3941 3952 3953 3942
1098 3 2 3 180 3942 3953 3954 3943
1099 3 2 3 180 3943 3954 3955 3944
1100 3 2 3 180 3944 3955 3956 3945
1101 3 2 3 180 3945 3956 3957 3946
1102 3 2 3 180 3946 3957 3958 3947
1103 3 2 3 180 3947 3958 3959 3948
1104 3 2 3 180 3948 3959 607 606
1105 3 2 3 180 561 562 3960 3949
1106 3 2 3 180 3949 3960 3961 3950
1107 3 2 3 180 3950 3961 3962 3951
1108 3 2 3 180 3951 3962 3963 3952
1109 3 2 3 180 3952 3963 3964 3953
1110 3 2 3 180 3953 3964 3965 3954
1111 3 2 3 180 3954 3965 3966 3955
1112 3 2 3 180 3955 3966 3967 3956
1113 3 2 3 180 3956 3967 3968 3957
1114 3 2 3 180 3957 3968 3969 3958
1115 3 2 3 180 3958 3969 3970 3959
1116 3 2 3 180 3959 3970 608 607
1117 3 2 3 180 562 563 3971 3960
1118 3 2 3 180 3960 3971 3972 3961
1119 3 2 3 180 3961 3972 3973 3962
1120 3 2 3 180 3962 3973 3974 3963
1121 3 2 3 180 3963 3974 3975 3964
1122 3 2 3 180 3964 3975 3976 3965
1123 3 2 3 180 3965 3976 3977 3966
1124 3 2 3 180 3966 3977 3978 3967
1125 3 2 3 180 3967 3978 3979 3968
1126 3 2 3 180 3968 3979 3980 3969
1127 3 2 3 180 3969 3980 3981 3970
1128 3 2 3 180 3970 3981 609 608
1129 3 2 3 180 563 564 3982 3971
1130 3 2 3 180 3971 3982 3983 3972
1131 3 2 3 180 3972 3983 3984 3973
1132 3 2 3 180 3973 3984 3985 3974
1133 3 2 3 180 3974 3985 3986 3975
1134 3 2 3 180 3975 3986 3987 3976
1135 3 2 3 180 3976 3987 3988 3977
1136 3 2 3 180 3977 3988 3989 3978
1137 3 2 3 180 3978 3989 3990 3979
1138 3 2 3 180 3979 3990 3991 3980
1139 3 2 3 180 3980 3991 3992 3981
1140 3 2 3 180 3981 3992 610 609
1141 3 2 3 180 564 565 3993 3982
1142 3 2 3 180 3982 3993 3994 3983
1143 3 2 3 180 3983 3994 3995 3984
1144 3 2 3 180 3984 3995 3996 3985
1145 3 2 3 180 3985 3996 3997 3986
1146 3 2 3 180 3986 3997 3998 3987
1147 3 2 3 180 3987 3998 3999 3988
1148 3 2 3 180 3988 3999 4000 3989
1149 3 2 3 180 3989 4000 4001 3990
1150 3 2 3 180 3990 4001 4002 3991
1151 3 2 3 180 3991 4002 4003 3992
1152 3 2 3 180 3992 4003 611 610
1153 3 2 3 180 565 566 4004 3993
1154 3 2 3 180 3993 4004 4005 3994
1155 3 2 3 180 3994 4005 4006 3995
1156 3 2 3 180 3995 4006 4007 3996
1157 3 2 3 180 3996 4007 4008 3997
1158 3 2 3 180 3997 4008 4009 3998
1159 3 2 3 180 3998 4009 4010 3999
1160 3 2 3 180 3999 4010 4011 4000
1161 3 2 3 180 4000 4011 4012 4001
1162 3 2 3 180 4001 4012 4013 4002
1163 3 2 3 180 4002 4013 4014 4003
1164 3 2 3 180 4003 4014 612 611
1165 3 2 3 180 566 567 4015 4004
1166 3 2 3 180 4004 4015 4016 4005
1167 3 2 3 180 4005 4016 4017 4006
1168 3 2 3 180 4006 4017 4018 4007
1169 3 2 3 180 4007 4018 4019 4008
1170 3 2 3 180 4008 4019 4020 4009
1171 3 2 3 180 4009 4020 4021 4010
1172 3 2 3 180 4010 4021 4022 4011
1173 3 2 3 180 4011 4022 4023 4012
1174 3 2 3 180 4012 4023 4024 4013
1175 3 2 3 180 4013 4024 4025 4014
1176 3 2 3 180 4014 4025 613 612
1177 3 2 3 180 567 568 4026 4015
1178 3 2 3 180 4015 4026 4027 4016
1179 3 2 3 180 4016 4027 4028 4017
1180 3 2 3 180 4017 4028 4029 4018
1181 3 2 3 180 4018 4029 4030 4019
1182 3 2 3 180 4019 4030 4031 4020
1183 3 2 3 180 4020 4031 4032 4021
1184 3 2 3 180 4021 4032 4033 4022
1185 3 2 3 180 4022 4033 4034 4023
1186 3 2 3 180 4023 4034 4035 4024
1187 3 2 3 180 4024 4035 4036 4025
1188 3 2 3 180 4025 4036 614 613
1189 3 2 3 180 568 569 4037 4026
1190 3 2 3 180 4026 4037 4038 4027
1191 3 2 3 180 4027 4038 4039 4028
1192 3 2 3 180 4028 4039 4040 4029
1193 3 2 3 180 4029 4040 4041 4030
1194 3 2 3 180 4030 4041 4042 4031
1195 3 2 3 180 4031 4042 4043 4032
1196 3 2 3 180 4032 4043 4044 4033
1197 3 2 3 180 4033 4044 4045 4034
1198 3 2 3 180 4034 4045 4046 4035
1199 3 2 3 180 4035 4046 4047 4036
1200 3 2 3 180 4036 4047 615 614
1201 3 2 3 180 569 57 947 4037
1202 3 2 3 180 4037 947 948 4038
1203 3 2 3 180 4038 948 949 4039
1204 3 2 3 180 4039 949 950 4040
1205 3 2 3 180 4040 950 951 4041
1206 3 2 3 180 4041 951 952 4042
1207 3 2 3 180 4042 952 953 4043
1208 3 2 3 180 4043 953 954 4044
1209 3 2 3 180 4044 954 955 4045
1210 3 2 3 180 4045 955 956 4046
1211 3 2 3 180 4046 956 957 4047
1212 3 2 3 180 4047 957 63 615
1213 3 2 3 182 57 570 4048 947
1214 3 2 3 182 947 4048 4049 948
1215 3 2 3 182 948 4049 4050 949
1216 3 2 3 182 949 4050 4051 950
1217 3 2 3 182 950 4051 4052 951
1218 3 2 3 182 951 4052 4053 952
1219 3 2 3 182 952 4053 4054 953
1220 3 2 3 182 953 4054 4055 954
1221 3 2 3 182 954 4055 4056 955
1222 3 2 3 182 955 4056 4057 956
1223 3 2 3 182 956 4057 4058 957
1224 3 2 3 182 957 4058 616 63
1225 3 2 3 182 570 58 958 4048
1226 3 2 3 182 4048 958 959 4049
1227 3 2 3 182 4049 959 960 4050
1228 3 2 3 182 4050 960 961 4051
1229 3 2 3 182 4051 961 962 4052
1230 3 2 3 182 4052 962 963 4053
1231 3 2 3 182 4053 963 964 4054
1232 3 2 3 182 4054 964 965 4055
1233 3 2 3 182 4055 965 966 4056
1234 3 2 3 182 4056 966 967 4057
1235 3 2 3 182 4057 967 968 4058
1236 3 2 3 182 4058 968 64 616
1237 3 2 4 184 1 65 4059 969
1238 3 2 4 184 969 4059 157 11
1239 3 2 4 184 65 2 970 4059
1240 3 2 4 184 4059 970 12 157
1241 3 2 4 186 2 66 4060 970
1242 3 2 4 186 970 4060 158 12
1243 3 2 4 186 66 67 4061 4060
1244 3 2 4 186 4060 4061 159 158
1245 3 2 4 186 67 68 4062 4061
1246 3 2 4 186 4061 4062 160 159
1247 3 2 4 186 68 69 4063 4062
1248 3 2 4 186 4062 4063 161 160
1249 3 2 4 186 69 70 4064 4063
1250 3 2 4 186 4063 4064 162 161
1251 3 2 4 186 70 71 4065 4064
1252 3 2 4 186 4064 4065 163 162
1253 3 2 4 186 71 72 4066 4065
1254 3 2 4 186 4065 4066 164 163
1255 3 2 4 186 72 73 4067 4066
1256 3 2 4 186 4066 4067 165 164
1257 3 2 4 186 73 74 4068 4067
1258 3 2 4 186 4067 4068 166 165
1259 3 2 4 186 74 75 4069 4068
1260 3 2 4 186 4068 4069 167 166
1261 3 2 4 186 75 76 4070 4069
1262 3 2 4 186 4069 4070 168 167
1263 3 2 4 186 76 77 4071 4070
1264 3 2 4 186 4070 4071 169 168
1265 3 2 4 186 77 78 4072 4071
1266 3 2 4 186 4071 4072 170 169
1267 3 2 4 186 78 79 4073 4072
1268 3 2 4 186 4072 4073 171 170
1269 3 2 4 186 79 80 4074 4073
1270 3 2 4 186 4073 4074 172 171
1271 3 2 4 186 80 81 4075 4074
1272 3 2 4 186 4074 4075 173 172
1273 3 2 4 186 81 82 4076 4075
1274 3 2 4 186 4075 4076 174 173
1275 3 2 4 186 82 83 4077 4076
1276 3 2 4 186 4076 4077 175 174
1277 3 2 4 186 83 84 4078 4077
1278 3 2 4 186 4077 4078 176 175
1279 3 2 4 186 84 85 4079 4078
1280 3 2 4 186 4078 4079 177 176
1281 3 2 4 186 85 86 4080 4079
1282 3 2 4 186 4079 4080 178 177
1283 3 2 4 186 86 87 4081 4080
1284 3 2 4 186 4080 4081 179 178
1285 3 2 4 186 87 3 971 4081
1286 3 2 4 186 4081 971 13 179
1287 3 2 4 188 3 88 4082 971
1288 3 2 4 188 971 4082 180 13
1289 3 2 4 188 88 89 4083 4082
1290 3 2 4 188 4082 4083 181 180
1291 3 2 4 188 89 90 4084 4083
1292 3 2 4 188 4083 4084 182 181
1293 3 2 4 188 90 91 4085 4084
1294 3 2 4 188 4084 4085 183 182
1295 3 2 4 188 91 92 4086 4085
1296 3 2 4 188 4085 4086 184 183
1297 3 2 4 188 92 93 4087 4086
1298 3 2 4 188 4086 4087 185 184
1299 3 2 4 188 93 94 4088 4087
1300 3 2 4 188 4087 4088 186 185
1301 3 2 4 188 94 95 4089 4088
1302 3 2 4 188 4088 4089 187 186
1303 3 2 4 188 95 96 4090 4089
1304 3 2 4 188 4089 4090 188 187
1305 3 2 4 188 96 97 4091 4090
1306 3 2 4 188 4090 4091 189 188
1307 3 2 4 188 97 98 4092 4091
1308 3 2 4 188 4091 4092 190 189
1309 3 2 4 188 98 99 4093 4092
1310 3 2 4 188 4092 4093 191 190
1311 3 2 4 188 99 100 4094 4093
1312 3 2 4 188 4093 4094 192 191
1313 3 2 4 188 100 101 4095 4094
1314 3 2 4 188 4094 4095 193 192
1315 3 2 4 188 101 102 4096 4095
1316 3 2 4 188 4095 4096 194 193
1317 3 2 4 188 102 103 4097 4096
1318 3 2 4 188 4096 4097 195 194
1319 3 2 4 188 103 104 4098 4097
1320 3 2 4 188 4097 4098 196 195
1321 3 2 4 188 104 105 4099 4098
1322 3 2 4 188 4098 4099 197 196
1323 3 2 4 188 105 106 4100 4099
1324 3 2 4 188 4099 4100 198 197
1325 3 2 4 188 106 107 4101 4100
1326 3 2 4 188 4100 4101 199 198
1327 3 2 4 188 107 108 4102 4101
1328 3 2 4 188 4101 4102 200 199
1329 3 2 4 188 108 109 4103 4102
1330 3 2 4 188 4102 4103 201 200
1331 3 2 4 188 109 4 972 4103
1332 3 2 4 188 4103 972 14 201
1333 3 2 4 190 4 110 4104 972
1334 3 2 4 190 972 4104 202 14
1335 3 2 4 190 110 5 973 4104
1336 3 2 4 190 4104 973 15 202
1337 3 2 5 192 6 111 4105 974
1338 3 2 5 192 974 4105 203 16
1339 3 2 5 192 111 7 975 4105
1340 3 2 5 192 4105 975 17 203
1341 3 2 5 194 7 112 4106 975
1342 3 2 5 194 975 4106 204 17
1343 3 2 5 194 112 113 4107 4106
1344 3 2 5 194 4106 4107 205 204
1345 3 2 5 194 113 114 4108 4107
1346 3 2 5 194 4107 4108 206 205
1347 3 2 5 194 114 115 4109 4108
1348 3 2 5 194 4108 4109 207 206
1349 3 2 5 194 115 116 4110 4109
1350 3 2 5 194 4109 4110 208 207
1351 3 2 5 194 116 117 4111 4110
1352 3 2 5 194 4110 4111 209 208
1353 3 2 5 194 117 118 4112 4111
1354 3 2 5 194 4111 4112 210 209
1355 3 2 5 194 118 119 4113 4112
1356 3 2 5 194 4112 4113 211 210
1357 3 2 5 194 119 120 4114 4113
1358 3 2 5 194 4113 4114 212 211
1359 3 2 5 194 120 121 4115 4114
1360 3 2 5 194 4114 4115 213 212
1361 3 2 5 194 121 122 4116 4115
1362 3 2 5 194 4115 4116 214 213
1363 3 2 5 194 122 123 4117 4116
1364 3 2 5 194 4116 4117 215 214
1365 3 2 5 194 123 124 4118 4117
1366 3 2 5 194 4117 4118 216 215
1367 3 2 5 194 124 125 4119 4118
1368 3 2 5 194 4118 4119 217 216
1369 3 2 5 194 125 126 4120 4119
1370 3 2 5 194 4119 4120 218 217
1371 3 2 5 194 126 127 4121 4120
1372 3 2 5 194 4120 4121 219 218
1373 3 2 5 194 127 128 4122 4121
1374 3 2 5 194 4121 4122 220 219
1375 3 2 5 194 128 129 4123 4122
1376 3 2 5 194 4122 4123 221 220
1377 3 2 5 194 129 130 4124 4123
1378 3 2 5 194 4123 4124 222 221
1379 3 2 5 194 130 131 4125 4124
1380 3 2 5 194 4124 4125 223 222
1381 3 2 5 194 131 132 4126 4125
1382 3 2 5 194 4125 4126 224 223
1383 3 2 5 194 132 133 4127 4126
1384 3 2 5 194 4126 4127 225 224
1385 3 2 5 194 133 8 976 4127
1386 3 2 5 194 4127 976 18 225
1387 3 2 5 196 8 134 4128 976
1388 3 2 5 196 976 4128 226 18
1389 3 2 5 196 134 135 4129 4128
1390 3 2 5 196 4128 4129 227 226
1391 3 2 5 196 135 136 4130 4129
1392 3 2 5 196 4129 4130 228 227
1393 3 2 5 196 136 137 4131 4130
1394 3 2 5 196 4130 4131 229 228
1395 3 2 5 196 137 138 4132 4131
1396 3 2 5 196 4131 4132 230 229
1397 3 2 5 196 138 139 4133 4132
1398 3 2 5 196 4132 4133 231 230
1399 3 2 5 196 139 140 4134 4133
1400 3 2 5 196 4133 4134 232 231
1401 3 2 5 196 140 141 4135 4134
1402 3 2 5 196 4134 4135 233 232
1403 3 2 5 196 141 142 4136 4135
1404 3 2 5 196 4135 4136 234 233
1405 3 2 5 196 142 143 4137 4136
1406 3 2 5 196 4136 4137 235 234
1407 3 2 5 196 143 144 4138 4137
1408 3 2 5 196 4137 4138 236 235
1409 3 2 5 196 144 145 4139 4138
1410 3 2 5 196 4138 4139 237 236
1411 3 2 5 196 145 146 4140 4139
1412 3 2 5 196 4139 4140 238 237
1413 3 2 5 196 146 147 4141 4140
1414 3 2 5 196 4140 4141 239 238
1415 3 2 5 196 147 148 4142 4141
1416 3 2 5 196 4141 4142 240 239
1417 3 2 5 196 148 149 4143 4142
1418 3 2 5 196 4142 4143 241 240
1419 3 2 5 196 149 150 4144 4143
1420 3 2 5 196 4143 4144 242 241
1421 3 2 5 196 150 151 4145 4144
1422 3 2 5 196 4144 4145 243 242
1423 3 2 5 196 151 152 4146 4145
1424 3 2 5 196 4145 4146 244 243
1425 3 2 5 196 152 153 4147 4146
1426 3 2 5 196 4146 4147 245 244
1427 3 2 5 196 153 154 4148 4147
1428 3 2 5 196 4147 4148 246 245
1429 3 2 5 196 154 155 4149 4148
1430 3 2 5 196 4148 4149 247 246
1431 3 2 5 196 155 9 977 4149
1432 3 2 5 196 4149 977 19 247
1433 3 2 5 198 9 156 4150 977
1434 3 2 5 198 977 4150 248 19
1435 3 2 5 198 156 10 978 4150
1436 3 2 5 198 4150 978 20 248
1437 3 2 4 200 11 157 4151 979
1438 3 2 4 200 979 4151 249 21
1439 3 2 4 200 157 12 980 4151
1440 3 2 4 200 4151 980 22 249
1441 3 2 4 202 12 158 4152 980
1442 3 2 4 202 980 4152 250 22
1443 3 2 4 202 158 159 4153 4152
1444 3 2 4 202 4152 4153 251 250
1445 3 2 4 202 159 160 4154 4153
1446 3 2 4 202 4153 4154 252 251
1447 3 2 4 202 160 161 4155 4154
1448 3 2 4 202 4154 4155 253 252
1449 3 2 4 202 161 162 4156 4155
1450 3 2 4 202 4155 4156 254 253
1451 3 2 4 202 162 163 4157 4156
1452 3 2 4 202 4156 4157 255 254
1453 3 2 4 202 163 164 4158 4157
1454 3 2 4 202 4157 4158 256 255
1455 3 2 4 202 164 165 4159 4158
1456 3 2 4 202 4158 4159 257 256
1457 3 2 4 202 165 166 4160 4159
1458 3 2 4 202 4159 4160 258 257
1459 3 2 4 202 166 167 4161 4160
1460 3 2 4 202 4160 4161 259 258
1461 3 2 4 202 167 168 4162 4161
1462 3 2 4 202 4161 4162 260 259
1463 3 2 4 202 168 169 4163 4162
1464 3 2 4 202 4162 4163 261 260
1465 3 2 4 202 169 170 4164 4163
1466 3 2 4 202 4163 4164 262 261
1467 3 2 4 202 170 171 4165 4164
1468 3 2 4 202 4164 4165 263 262
1469 3 2 4 202 171 172 4166 4165
1470 3 2 4 202 4165 4166 264 263
1471 3 2 4 202 172 173 4167 4166
1472 3 2 4 202 4166 4167 265 264
1473 3 2 4 202 173 174 4168 4167
1474 3 2 4 202 4167 4168 266 265
1475 3 2 4 202 174 175 4169 4168
1476 3 2 4 202 4168 4169 267 266
1477 3 2 4 202 175 176 4170 4169
1478 3 2 4 202 4169 4170 268 267
1479 3 2 4 202 176 177 4171 4170
1480 3 2 4 202 4170 4171 269 268
1481 3 2 4 202 177 178 4172 4171
1482 3 2 4 202 4171 4172 270 269
1483 3 2 4 202 178 179 4173 4172
1484 3 2 4 202 4172 4173 271 270
1485 3 2 4 202 179 13 981 4173
1486 3 2 4 202 4173 981 23 271
1487 3 2 4 204 13 180 4174 981
1488 3 2 4 204 981 4174 272 23
1489 3 2 4 204 180 181 4175 4174
1490 3 2 4 204 4174 4175 273 272
1491 3 2 4 204 181 182 4176 4175
1492 3 2 4 204 4175 4176 274 273
1493 3 2 4 204 182 183 4177 4176
1494 3 2 4 204 4176 4177 275 274
1495 3 2 4 204 183 184 4178 4177
1496 3 2 4 204 4177 4178 276 275
1497 3 2 4 204 184 185 4179 4178
1498 3 2 4 204 4178 4179 277 276
1499 3 2 4 204 185 186 4180 4179
1500 3 2 4 204 4179 4180 278 277
1501 3 2 4 204 186 187 4181 4180
1502 3 2 4 204 4180 4181 279 278
1503 3 2 4 204 187 188 4182 4181
1504 3 2 4 204 4181 4182 280 279
1505 3 2 4 204 188 189 4183 4182
1506 3 2 4 204 4182 4183 281 280
1507 3 2 4 204 189 190 4184 4183
1508 3 2 4 204 4183 4184 282 281
1509 3 2 4 204 190 191 4185 4184
1510 3 2 4 204 4184 4185 283 282
1511 3 2 4 204 191 192 4186 4185
1512 3 2 4 204 4185 4186 284 283
1513 3 2 4 204 192 193 4187 4186
1514 3 2 4 204 4186 4187 285 284
1515 3 2 4 204 193 194 4188 4187
1516 3 2 4 204 4187 4188 286 285
1517 3 2 4 204 194 195 4189 4188
1518 3 2 4 204 4188 4189 287 286
1519 3 2 4 204 195 196 4190 4189
1520 3 2 4 204 4189 4190 288 287
1521 3 2 4 204 196 197 4191 4190
1522 3 2 4 204 4190 4191 289 288
1523 3 2 4 204 197 198 4192 4191
1524 3 2 4 204 4191 4192 290 289
1525 3 2 4 204 198 199 4193 4192
1526 3 2 4 204 4192 4193 291 290
1527 3 2 4 204 199 200 4194 4193
1528 3 2 4 204 4193 4194 292 291
1529 3 2 4 204 200 201 4195 4194
1530 3 2 4 204 4194 4195 293 292
1531 3 2 4 204 201 14 982 4195
1532 3 2 4 204 4195 982 24 293
1533 3 2 4 206 14 202 4196 982
1534 3 2 4 206 982 4196 294 24
1535 3 2 4 206 202 15 983 4196
1536 3 2 4 206 4196 983 25 294
1537 3 2 5 208 16 203 4197 984
1538 3 2 5 208 984 4197 295 26
1539 3 2 5 208 203 17 985 4197
1540 3 2 5 208 4197 985 27 295
1541 3 2 5 210 17 204 4198 985
1542 3 2 5 210 985 4198 296 27
1543 3 2 5 210 204 205 4199 4198
1544 3 2 5 210 4198 4199 297 296
1545 3 2 5 210 205 206 4200 4199
1546 3 2 5 210 4199 4200 298 297
1547 3 2 5 210 206 207 4201 4200
1548 3 2 5 210 4200 4201 299 298
1549 3 2 5 210 207 208 4202 4201
1550 3 2 5 210 4201 4202 300 299
1551 3 2 5 210 208 209 4203 4202
1552 3 2 5 210 4202 4203 301 300
1553 3 2 5 210 209 210 4204 4203
1554 3 2 5 210 4203 4204 302 301
1555 3 2 5 210 210 211 4205 4204
1556 3 2 5 210 4204 4205 303 302
1557 3 2 5 210 211 212 4206 4205
1558 3 2 5 210 4205 4206 304 303
1559 3 2 5 210 212 213 4207 4206
1560 3 2 5 210 4206 4207 305 304
1561 3 2 5 210 213 214 4208 4207
1562 3 2 5 210 4207 4208 306 305
1563 3 2 5 210 214 215 4209 4208
1564 3 2 5 210 4208 4209 307 306
1565 3 2 5 210 215 216 4210 4209
1566 3 2 5 210 4209 4210 308 307
1567 3 2 5 210 216 217 4211 4210
1568 3 2 5 210 4210 4211 309 308
1569 3 2 5 210 217 218 4212 4211
1570 3 2 5 210 4211 4212 310 309
1571 3 2 5 210 218 219 4213 4212
1572 3 2 5 210 4212 4213 311 310
1573 3 2 5 210 219 220 4214 4213
1574 3 2 5 210 4213 4214 312 311
1575 3 2 5 210 220 221 4215 4214
1576 3 2 5 210 4214 4215 313 312
1577 3 2 5 210 221 222 4216 4215
1578 3 2 5 210 4215 4216 314 313
1579 3 2 5 210 222 223 4217 4216
1580 3 2 5 210 4216 4217 315 314
1581 3 2 5 210 223 224 4218 4217
1582 3 2 5 210 4217 4218 316 315
1583 3 2 5 210 224 225 4219 4218
1584 3 2 5 210 4218 4219 317 316
1585 3 2 5 210 225 18 986 4219
1586 3 2 5 210 4219 986 28 317
1587 3 2 5 212 18 226 4220 986
1588 3 2 5 212 986 4220 318 28
1589 3 2 5 212 226 227 4221 4220
1590 3 2 5 212 4220 4221 319 318
1591 3 2 5 212 227 228 4222 4221
1592 3 2 5 212 4221 4222 320 319
1593 3 2 5 212 228 229 4223 4222
1594 3 2 5 212 4222 4223 321 320
1595 3 2 5 212 229 230 4224 4223
1596 3 2 5 212 4223 4224 322 321
1597 3 2 5 212 230 231 4225 4224
1598 3 2 5 212 4224 4225 323 322
1599 3 2 5 212 231 232 4226 4225
1600 3 2 5 212 4225 4226 324 323
1601 3 2 5 212 232 233 4227 4226
1602 3 2 5 212 4226 4227 325 324
1603 3 2 5 212 233 234 4228 4227
1604 3 2 5 212 4227 4228 326 325
1605 3 2 5 212 234 235 4229 4228
1606 3 2 5 212 4228 4229 327 326
1607 3 2 5 212 235 236 4230 4229
1608 3 2 5 212 4229 4230 328 327
1609 3 2 5 212 236 237 4231 4230
1610 3 2 5 212 4230 4231 329 328
1611 3 2 5 212 237 238 4232 4231
1612 3 2 5 212 4231 4232 330 329
1613 3 2 5 212 238 239 4233 4232
1614 3 2 5 212 4232 4233 331 330
1615 3 2 5 212 239 240 4234 4233
1616 3 2 5 212 4233 4234 332 331
1617 3 2 5 212 240 241 4235 4234
1618 3 2 5 212 4234 4235 333 332
1619 3 2 5 212 241 242 4236 4235
1620 3 2 5 212 4235 4236 334 333
1621 3 2 5 212 242 243 4237 4236
1622 3 2 5 212 4236 4237 335 334
1623 3 2 5 212 243 244 4238 4237
1624 3 2 5 212 4237 4238 336 335
1625 3 2 5 212 244 245 4239 4238
1626 3 2 5 212 4238 4239 337 336
1627 3 2 5 212 245 246 4240 4239
1628 3 2 5 212 4239 4240 338 337
1629 3 2 5 212 246 247 4241 4240
1630 3 2 5 212 4240 4241 339 338
1631 3 2 5 212 247 19 987 4241
1632 3 2 5 212 4241 987 29 339
1633 3 2 5 214 19 248 4242 987
1634 3 2 5 214 987 4242 340 29
1635 3 2 5 214 248 20 988 4242
1636 3 2 5 214 4242 988 30 340
1637 3 2 4 216 21 249 4243 989
1638 3 2 4 216 989 4243 341 31
1639 3 2 4 216 249 22 990 4243
1640 3 2 4 216 4243 990 32 341
1641 3 2 4 218 22 250 4244 990
1642 3 2 4 218 990 4244 342 32
1643 3 2 4 218 250 251 4245 4244
1644 3 2 4 218 4244 4245 343 342
1645 3 2 4 218 251 252 4246 4245
1646 3 2 4 218 4245 4246 344 343
1647 3 2 4 218 252 253 4247 4246
1648 3 2 4 218 4246 4247 345 344
1649 3 2 4 218 253 254 4248 4247
1650 3 2 4 218 4247 4248 346 345
1651 3 2 4 218 254 255 4249 4248
1652 3 2 4 218 4248 4249 347 346
1653 3 2 4 218 255 256 4250 4249
1654 3 2 4 218 4249 4250 348 347
1655 3 2 4 218 256 257 4251 4250
1656 3 2 4 218 4250 4251 349 348
1657 3 2 4 218 257 258 4252 4251
1658 3 2 4 218 4251 4252 350 349
1659 3 2 4 218 258 259 4253 4252
1660 3 2 4 218 4252 4253 351 350
1661 3 2 4 218 259 260 4254 4253
1662 3 2 4 218 4253 4254 352 351
1663 3 2 4 218 260 261 4255 4254
1664 3 2 4 218 4254 4255 353 352
1665 3 2 4 218 261 262 4256 4255
1666 3 2 4 218 4255 4256 354 353
1667 3 2 4 218 262 263 4257 4256
1668 3 2 4 218 4256 4257 355 354
1669 3 2 4 218 263 264 4258 4257
1670 3 2 4 218 4257 4258 356 355
1671 3 2 4 218 264 265 4259 4258
1672 3 2 4 218 4258 4259 357 356
1673 3 2 4 218 265 266 4260 4259
1674 3 2 4 218 4259 4260 358 357
1675 3 2 4 218 266 267 4261 4260
1676 3 2 4 218 4260 4261 359 358
1677 3 2 4 218 267 268 4262 4261
1678 3 2 4 218 4261 4262 360 359
1679 3 2 4 218 268 269 4263 4262
1680 3 2 4 218 4262 4263 361 360
1681 3 2 4 218 269 270 4264 4263
1682 3 2 4 218 4263 4264 362 361
1683 3 2 4 218 270 271 4265 4264
1684 3 2 4 218 4264 4265 363 362
1685 3 2 4 218 271 23 991 4265
1686 3 2 4 218 4265 991 33 363
1687 3 2 4 220 23 272 4266 991
1688 3 2 4 220 991 4266 364 33
1689 3 2 4 220 272 273 4267 4266
1690 3 2 4 220 4266 4267 365 364
1691 3 2 4 220 273 274 4268 4267
1692 3 2 4 220 4267 4268 366 365
1693 3 2 4 220 274 275 4269 4268
1694 3 2 4 220 4268 4269 367 366
1695 3 2 4 220 275 276 4270 4269
1696 3 2 4 220 4269 4270 368 367
1697 3 2 4 220 276 277 4271 4270
1698 3 2 4 220 4270 4271 369 368
1699 3 2 4 220 277 278 4272 4271
1700 3 2 4 220 4271 4272 370 369
1701 3 2 4 220 278 279 4273 4272
1702 3 2 4 220 4272 4273 371 370
1703 3 2 4 220 279 280 4274 4273
1704 3 2 4 220 4273 4274 372 371
1705 3 2 4 220 280 281 4275 4274
1706 3 2 4 220 4274 4275 373 372
1707 3 2 4 220 281 282 4276 4275
1708 3 2 4 220 4275 4276 374 373
1709 3 2 4 220 282 283 4277 4276
1710 3 2 4 220 4276 4277 375 374
1711 3 2 4 220 283 284 4278 4277
1712 3 2 4 220 4277 4278 376 375
1713 3 2 4 220 284 285 4279 4278
1714 3 2 4 220 4278 4279 377 376
1715 3 2 4 220 285 286 4280 4279
1716 3 2 4 220 4279 4280 378 377
1717 3 2 4 220 286 287 4281 4280
1718 3 2 4 220 4280 4281 379 378
1719 3 2 4 220 287 288 4282 4281
1720 3 2 4 220 4281 4282 380 379
1721 3 2 4 220 288 289 4283 4282
1722 3 2 4 220 4282 4283 381 380
1723 3 2 4 220 289 290 4284 4283
1724 3 2 4 220 4283 4284 382 381
1725 3 2 4 220 290 291 4285 4284
1726 3 2 4 220 4284 4285 383 382
1727 3 2 4 220 291 292 4286 4285
1728 3 2 4 220 4285 4286 384 383
1729 3 2 4 220 292 293 4287 4286
1730 3 2 4 220 4286 4287 385 384
1731 3 2 4 220 293 24 992 4287
1732 3 2 4 220 4287 992 34 385
1733 3 2 4 222 24 294 4288 992
1734 3 2 4 222 992 4288 386 34
1735 3 2 4 222 294 25 993 4288
1736 3 2 4 222 4288 993 35 386
1737 3 2 5 224 26 295 4289 994
1738 3 2 5 224 994 4289 387 36
1739 3 2 5 224 295 27 995 4289
1740 3 2 5 224 4289 995 37 387
1741 3 2 5 226 27 296 4290 995
1742 3 2 5 226 995 4290 388 37
1743 3 2 5 226 296 297 4291 4290
1744 3 2 5 226 4290 4291 389 388
1745 3 2 5 226 297 298 4292 4291
1746 3 2 5 226 4291 4292 390 389
1747 3 2 5 226 298 299 4293 4292
1748 3 2 5 226 4292 4293 391 390
1749 3 2 5 226 299 300 4294 4293
1750 3 2 5 226 4293 4294 392 391
1751 3 2 5 226 300 301 4295 4294
1752 3 2 5 226 4294 4295 393 392
1753 3 2 5 226 301 302 4296 4295
1754 3 2 5 226 4295 4296 394 393
1755 3 2 5 226 302 303 4297 4296
1756 3 2 5 226 4296 4297 395 394
1757 3 2 5 226 303 304 4298 4297
1758 3 2 5 226 4297 4298 396 395
1759 3 2 5 226 304 305 4299 4298
1760 3 2 5 226 4298 4299 397 396
1761 3 2 5 226 305 306 4300 4299
1762 3 2 5 226 4299 4300 398 397
1763 3 2 5 226 306 307 4301 4300
1764 3 2 5 226 4300 4301 399 398
1765 3 2 5 226 307 308 4302 4301
1766 3 2 5 226 4301 4302 400 399
1767 3 2 5 226 308 309 4303 4302
1768 3 2 5 226 4302 4303 401 400
1769 3 2 5 226 309 310 4304 4303
1770 3 2 5 226 4303 4304 402 401
1771 3 2 5 226 310 311 4305 4304
1772 3 2 5 226 4304 4305 403 402
1773 3 2 5 226 311 312 4306 4305
1774 3 2 5 226 4305 4306 404 403
1775 3 2 5 226 312 313 4307 4306
1776 3 2 5 226 4306 4307 405 404
1777 3 2 5 226 313 314 4308 4307
1778 3 2 5 226 4307 4308 406 405
1779 3 2 5 226 314 315 4309 4308
1780 3 2 5 226 4308 4309 407 406
1781 3 2 5 226 315 316 4310 4309
1782 3 2 5 226 4309 4310 408 407
1783 3 2 5 226 316 317 4311 4310
1784 3 2 5 226 4310 4311 409 408
1785 3 2 5 226 317 28 996 4311
1786 3 2 5 226 4311 996 38 409
1787 3 2 5 228 28 318 4312 996
1788 3 2 5 228 996 4312 410 38
1789 3 2 5 228 318 319 4313 4312
1790 3 2 5 228 4312 4313 411 410
1791 3 2 5 228 319 320 4314 4313
1792 3 2 5 228 4313 4314 412 411
1793 3 2 5 228 320 321 4315 4314
1794 3 2 5 228 4314 4315 413 412
1795 3 2 5 228 321 322 4316 4315
1796 3 2 5 228 4315 4316 414 413
1797 3 2 5 228 322 323 4317 4316
1798 3 2 5 228 4316 4317 415 414
1799 3 2 5 228 323 324 4318 4317
1800 3 2 5 228 4317 4318 416 415
1801 3 2 5 228 324 325 4319 4318
1802 3 2 5 228 4318 4319 417 416
1803 3 2 5 228 325 326 4320 4319
1804 3 2 5 228 4319 4320 418 417
1805 3 2 5 228 326 327 4321 4320
1806 3 2 5 228 4320 4321 419 418
1807 3 2 5 228 327 328 4322 4321
1808 3 2 5 228 4321 4322 420 419
1809 3 2 5 228 328 329 4323 4322
1810 3 2 5 228 4322 4323 421 420
1811 3 2 5 228 329 330 4324 4323
1812 3 2 5 228 4323 4324 422 421
1813 3 2 5 228 330 331 4325 4324
1814 3 2 5 228 4324 4325 423 422
1815 3 2 5 228 331 332 4326 4325
1816 3 2 5 228 4325 4326 424 423
1817 3 2 5 228 332 333 4327 4326
1818 3 2 5 228 4326 4327 425 424
1819 3 2 5 228 333 334 4328 4327
1820 3 2 5 228 4327 4328 426 425
1821 3 2 5 228 334 335 4329 4328
1822 3 2 5 228 4328 4329 427 426
1823 3 2 5 228 335 336 4330 4329
1824 3 2 5 228 4329 4330 428 427
1825 3 2 5 228 336 337 4331 4330
1826 3 2 5 228 4330 4331 429 428
1827 3 2 5 228 337 338 4332 4331
1828 3 2 5 228 4331 4332 430 429
1829 3 2 5 228 338 339 4333 4332
1830 3 2 5 228 4332 4333 431 430
1831 3 2 5 228 339 29 997 4333
1832 3 2 5 228 4333 997 39 431
1833 3 2 5 230 29 340 4334 997
1834 3 2 5 230 997 4334 432 39
1835 3 2 5 230 340 30 998 4334
1836 3 2 5 230 4334 998 40 432
1837 3 2 4 232 31 341 433 41
1838 3 2 4 232 341 32 42 433
1839 3 2 4 234 32 342 434 42
1840 3 2 4 234 342 343 435 434
1841 3 2 4 234 343 344 436 435
1842 3 2 4 234 344 345 437 436
1843 3 2 4 234 345 346 438 437
1844 3 2 4 234 346 347 439 438
1845 3 2 4 234 347 348 440 439
1846 3 2 4 234 348 349 441 440
1847 3 2 4 234 349 350 442 441
1848 3 2 4 234 350 351 443 442
1849 3 2 4 234 351 352 444 443
1850 3 2 4 234 352 353 445 444
1851 3 2 4 234 353 354 446 445
1852 3 2 4 234 354 355 447 446
1853 3 2 4 234 355 356 448 447
1854 3 2 4 234 356 357 449 448
1855 3 2 4 234 357 358 450 449
1856 3 2 4 234 358 359 451 450
1857 3 2 4 234 359 360 452 451
1858 3 2 4 234 360 361 453 452
1859 3 2 4 234 361 362 454 453
1860 3 2 4 234 362 363 455 454
1861 3 2 4 234 363 33 43 455
1862 3 2 4 236 33 364 456 44
1863 3 2 4 236 364 365 457 456
1864 3 2 4 236 365 366 458 457
1865 3 2 4 236 366 367 459 458
1866 3 2 4 236 367 368 460 459
1867 3 2 4 236 368 369 461 460
1868 3 2 4 236 369 370 462 461
1869 3 2 4 236 370 371 463 462
1870 3 2 4 236 371 372 464 463
1871 3 2 4 236 372 373 465 464
1872 3 2 4 236 373 374 466 465
1873 3 2 4 236 374 375 467 466
1874 3 2 4 236 375 376 468 467
1875 3 2 4 236 376 377 469 468
1876 3 2 4 236 377 378 470 469
1877 3 2 4 236 378 379 471 470
1878 3 2 4 236 379 380 472 471
1879 3 2 4 236 380 381 473 472
1880 3 2 4 236 381 382 474 473
1881 3 2 4 236 382 383 475 474
1882 3 2 4 236 383 384 476 475
1883 3 2 4 236 384 385 477 476
1884 3 2 4 236 385 34 45 477
1885 3 2 4 238 34 386 478 45
1886 3 2 4 238 386 35 46 478
1887 3 2 5 240 36 387 479 47
1888 3 2 5 240 387 37 48 479
1889 3 2 5 242 37 388 480 48
1890 3 2 5 242 388 389 481 480
1891 3 2 5 242 389 390 482 481
1892 3 2 5 242 390 391 483 482
1893 3 2 5 242 391 392 484 483
1894 3 2 5 242 392 393 485 484
1895 3 2 5 242 393 394 486 485
1896 3 2 5 242 394 395 487 486
1897 3 2 5 242 395 396 488 487
1898 3 2 5 242 396 397 489 488
1899 3 2 5 242 397 398 490 489
1900 3 2 5 242 398 399 491 490
1901 3 2 5 242 399 400 492 491
1902 3 2 5 242 400 401 493 492
1903 3 2 5 242 401 402 494 493
1904 3 2 5 242 402 403 495 494
1905 3 2 5 242 403 404 496 495
1906 3 2 5 242 404 405 497 496
1907 3 2 5 242 405 406 498 497
1908 3 2 5 242 406 407 499 498
1909 3 2 5 242 407 408 500 499
1910 3 2 5 242 408 409 501 500
1911 3 2 5 242 409 38 49 501
1912 3 2 5 244 38 410 502 50
1913 3 2 5 244 410 411 503 502
1914 3 2 5 244 411 412 504 503
1915 3 2 5 244 412 413 505 504
1916 3 2 5 244 413 414 506 505
1917 3 2 5 244 414 415 507 506
1918 3 2 5 244 415 416 508 507
1919 3 2 5 244 416 417 509 508
1920 3 2 5 244 417 418 510 509
1921 3 2 5 244 418 419 511 510
1922 3 2 5 244 419 420 512 511
1923 3 2 5 244 420 421 513 512
1924 3 2 5 244 421 422 514 513
1925 3 2 5 244 422 423 515 514
1926 3 2 5 244 423 424 516 515
1927 3 2 5 244 424 425 517 516
1928 3 2 5 244 425 426 518 517
1929 3 2 5 244 426 427 519 518
1930 3 2 5 244 427 428 520 519
1931 3 2 5 244 428 429 521 520
1932 3 2 5 244 429 430 522 521
1933 3 2 5 244 430 431 523 522
1934 3 2 5 244 431 39 51 523
1935 3 2 5 246 39 432 524 51
1936 3 2 5 246 432 40 52 524
1937 3 2 4 248 41 433 4335 999
1938 3 2 4 248 999 4335 4336 1000
1939 3 2 4 248 1000 4336 525 53
1940 3 2 4 248 433 42 1001 4335
1941 3 2 4 248 4335 1001 1002 4336
1942 3 2 4 248 4336 1002 54 525
1943 3 2 4 250 42 434 4337 1001
1944 3 2 4 250 1001 4337 4338 1002
1945 3 2 4 250 1002 4338 526 54
1946 3 2 4 250 434 435 4339 4337
1947 3 2 4 250 4337 4339 4340 4338
1948 3 2 4 250 4338 4340 527 526
1949 3 2 4 250 435 436 4341 4339
1950 3 2 4 250 4339 4341 4342 4340
1951 3 2 4 250 4340 4342 528 527
1952 3 2 4 250 436 437 4343 4341
1953 3 2 4 250 4341 4343 4344 4342
1954 3 2 4 250 4342 4344 529 528
1955 3 2 4 250 437 438 4345 4343
1956 3 2 4 250 4343 4345 4346 4344
1957 3 2 4 250 4344 4346 530 529
1958 3 2 4 250 438 439 4347 4345
1959 3 2 4 250 4345 4347 4348 4346
1960 3 2 4 250 4346 4348 531 530
1961 3 2 4 250 439 440 4349 4347
1962 3 2 4 250 4347 4349 4350 4348
1963 3 2 4 250 4348 4350 532 531
1964 3 2 4 250 440 441 4351 4349
1965 3 2 4 250 4349 4351 4352 4350
1966 3 2 4 250 4350 4352 533 532
1967 3 2 4 250 441 442 4353 4351
1968 3 2 4 250 4351 4353 4354 4352
1969 3 2 4 250 4352 4354 534 533
1970 3 2 4 250 442 443 4355 4353
1971 3 2 4 250 4353 4355 4356 4354
1972 3 2 4 250 4354 4356 535 534
1973 3 2 4 250 443 444 4357 4355
1974 3 2 4 250 4355 4357 4358 4356
1975 3 2 4 250 4356 4358 536 535
1976 3 2 4 250 444 445 4359 4357
1977 3 2 4 250 4357 4359 4360 4358
1978 3 2 4 250 4358 4360 537 536
1979 3 2 4 250 445 446 4361 4359
1980 3 2 4 250 4359 4361 4362 4360
1981 3 2 4 250 4360 4362 538 537
1982 3 2 4 250 446 447 4363 4361
1983 3 2 4 250 4361 4363 4364 4362
1984 3 2 4 250 4362 4364 539 538
1985 3 2 4 250 447 448 4365 4363
1986 3 2 4 250 4363 4365 4366 4364
1987 3 2 4 250 4364 4366 540 539
1988 3 2 4 250 448 449 4367 4365
1989 3 2 4 250 4365 4367 4368 4366
1990 3 2 4 250 4366 4368 541 540
1991 3 2 4 250 449 450 4369 4367
1992 3 2 4 250 4367 4369 4370 4368
1993 3 2 4 250 4368 4370 542 541
1994 3 2 4 250 450 451 4371 4369
1995 3 2 4 250 4369 4371 4372 4370
1996 3 2 4 250 4370 4372 543 542
1997 3 2 4 250 451 452 4373 4371
1998 3 2 4 250 4371 4373 4374 4372
1999 3 2 4 250 4372 4374 544 543
2000 3 2 4 250 452 453 4375 4373
2001 3 2 4 250 4373 4375 4376 4374
2002 3 2 4 250 4374 4376 545 544
2003 3 2 4 250 453 454 4377 4375
2004 3 2 4 250 4375 4377 4378 4376
2005 3 2 4 250 4376 4378 546 545
2006 3 2 4 250 454 455 4379 4377
2007 3 2 4 250 4377 4379 4380 4378
2008 3 2 4 250 4378 4380 547 546
2009 3 2 4 250 455 43 1003 4379
2010 3 2 4 250 4379 1003 1004 4380
2011 3 2 4 250 4380 1004 55 547
2012 3 2 4 252 44 456 4381 1005
2013 3 2 4 252 1005 4381 4382 1006
2014 3 2 4 252 1006 4382 548 56
2015 3 2 4 252 456 457 4383 4381
2016 3 2 4 252 4381 4383 4384 4382
2017 3 2 4 252 4382 4384 549 548
2018 3 2 4 252 457 458 4385 4383
2019 3 2 4 252 4383 4385 4386 4384
2020 3 2 4 252 4384 4386 550 549
2021 3 2 4 252 458 459 4387 4385
2022 3 2 4 252 4385 4387 4388 4386
2023 3 2 4 252 4386 4388 551 550
2024 3 2 4 252 459 460 4389 4387
2025 3 2 4 252 4387 4389 4390 4388
2026 3 2 4 252 4388 4390 552 551
2027 3 2 4 252 460 461 4391 4389
2028 3 2 4 252 4389 4391 4392 4390
2029 3 2 4 252 4390 4392 553 552
2030 3 2 4 252 461 462 4393 4391
2031 3 2 4 252 4391 4393 4394 4392
2032 3 2 4 252 4392 4394 554 553
2033 3 2 4 252 462 463 4395 4393
2034 3 2 4 252 4393 4395 4396 4394
2035 3 2 4 252 4394 4396 555 554
2036 3 2 4 252 463 464 4397 4395
2037 3 2 4 252 4395 4397 4398 4396
2038 3 2 4 252 4396 4398 556 555
2039 3 2 4 252 464 465 4399 4397
2040 3 2 4 252 4397 4399 4400 4398
2041 3 2 4 252 4398 4400 557 556
2042 3 2 4 252 465 466 4401 4399
2043 3 2 4 252 4399 4401 4402 4400
2044 3 2 4 252 4400 4402 558 557
2045 3 2 4 252 466 467 4403 4401
2046 3 2 4 252 4401 4403 4404 4402
2047 3 2 4 252 4402 4404 559 558
2048 3 2 4 252 467 468 4405 4403
2049 3 2 4 252 4403 4405 4406 4404
2050 3 2 4 252 4404 4406 560 559
2051 3 2 4 252 468 469 4407 4405
2052 3 2 4 252 4405 4407 4408 4406
2053 3 2 4 252 4406 4408 561 560
2054 3 2 4 252 469 470 4409 4407
2055 3 2 4 252 4407 4409 4410 4408
2056 3 2 4 252 4408 4410 562 561
2057 3 2 4 252 470 471 4411 4409
2058 3 2 4 252 4409 4411 4412 4410
2059 3 2 4 252 4410 4412 563 562
2060 3 2 4 252 471 472 4413 4411
2061 3 2 4 252 4411 4413 4414 4412
2062 3 2 4 252 4412 4414 564 563
2063 3 2 4 252 472 473 4415 4413
2064 3 2 4 252 4413 4415 4416 4414
2065 3 2 4 252 4414 4416 565 564
2066 3 2 4 252 473 474 4417 4415
2067 3 2 4 252 4415 4417 4418 4416
2068 3 2 4 252 4416 4418 566 565
2069 3 2 4 252 474 475 4419 4417
2070 3 2 4 252 4417 4419 4420 4418
2071 3 2 4 252 4418 4420 567 566
2072 3 2 4 252 475 476 4421 4419
2073 3 2 4 252 4419 4421 4422 4420
2074 3 2 4 252 4420 4422 568 567
2075 3 2 4 252 476 477 4423 4421
2076 3 2 4 252 4421 4423 4424 4422
2077 3 2 4 252 4422 4424 569 568
2078 3 2 4 252 477 45 1007 4423
2079 3 2 4 252 4423 1007 1008 4424
2080 3 2 4 252 4424 1008 57 569
2081 3 2 4 254 45 478 4425 1007
2082 3 2 4 254 1007 4425 4426 1008
2083 3 2 4 254 1008 4426 570 57
2084 3 2 4 254 478 46 1009 4425
2085 3 2 4 254 4425 1009 1010 4426
2086 3 2 4 254 4426 1010 58 570
2087 3 2 5 256 47 479 4427 1011
2088 3 2 5 256 1011 4427 4428 1012
2089 3 2 5 256 1012 4428 571 59
2090 3 2 5 256 479 48 1013 4427
2091 3 2 5 256 4427 1013 1014 4428
2092 3 2 5 256 4428 1014 60 571
2093 3 2 5 258 48 480 4429 1013
2094 3 2 5 258 1013 4429 4430 1014
2095 3 2 5 258 1014 4430 572 60
2096 3 2 5 258 480 481 4431 4429
2097 3 2 5 258 4429 4431 4432 4430
2098 3 2 5 258 4430 4432 573 572
2099 3 2 5 258 481 482 4433 4431
2100 3 2 5 258 4431 4433 4434 4432
2101 3 2 5 258 4432 4434 574 573
2102 3 2 5 258 482 483 4435 4433
2103 3 2 5 258 4433 4435 4436 4434
2104 3 2 5 258 4434 4436 575 574
2105 3 2 5 258 483 484 4437 4435
2106 3 2 5 258 4435 4437 4438 4436
2107 3 2 5 258 4436 4438 576 575
2108 3 2 5 258 484 485 4439 4437
2109 3 2 5 258 4437 4439 4440 4438
2110 3 2 5 258 4438 4440 577 576
2111 3 2 5 258 485 486 4441 4439
2112 3 2 5 258 4439 4441 4442 4440
2113 3 2 5 258 4440 4442 578 577
2114 3 2 5 258 486 487 4443 4441
2115 3 2 5 258 4441 4443 4444 4442
2116 3 2 5 258 4442 4444 579 578
2117 3 2 5 258 487 488 4445 4443
2118 3 2 5 258 4443 4445 4446 4444
2119 3 2 5 258 4444 4446 580 579
2120 3 2 5 258 488 489 4447 4445
2121 3 2 5 258 4445 4447 4448 4446
2122 3 2 5 258 4446 4448 581 580
2123 3 2 5 258 489 490 4449 4447
2124 3 2 5 258 4447 4449 4450 4448
2125 3 2 5 258 4448 4450 582 581
2126 3 2 5 258 490 491 4451 4449
2127 3 2 5 258 4449 4451 4452 4450
2128 3 2 5 258 4450 4452 583 582
2129 3 2 5 258 491 492 4453 4451
2130 3 2 5 258 4451 4453 4454 4452
2131 3 2 5 258 4452 4454 584 583
2132 3 2 5 258 492 493 4455 4453
2133 3 2 5 258 4453 4455 4456 4454
2134 3 2 5 258 4454 4456 585 584
2135 3 2 5 258 493 494 4457 4455
2136 3 2 5 258 4455 4457 4458 4456
2137 3 2 5 258 4456 4458 586 585
2138 3 2 5 258 494 495 4459 4457
2139 3 2 5 258 4457 4459 4460 4458
2140 3 2 5 258 4458 4460 587 586
2141 3 2 5 258 495 496 4461 4459
2142 3 2 5 258 4459 4461 4462 4460
2143 3 2 5 258 4460 4462 588 587
2144 3 2 5 258 496 497 4463 4461
2145 3 2 5 258 4461 4463 4464 4462
2146 3 2 5 258 4462 4464 589 588
2147 3 2 5 258 497 498 4465 4463
2148 3 2 5 258 4463 4465 4466 4464
2149 3 2 5 258 4464 4466 590 589
2150 3 2 5 258 498 499 4467 4465
2151 3 2 5 258 4465 4467 4468 4466
2152 3 2 5 258 4466 4468 591 590
2153 3 2 5 258 499 500 4469 4467
2154 3 2 5 258 4467 4469 4470 4468
2155 3 2 5 258 4468 4470 592 591
2156 3 2 5 258 500 501 4471 4469
2157 3 2 5 258 4469 4471 4472 4470
2158 3 2 5 258 4470 4472 593 592
2159 3 2 5 258 501 49 1015 4471
2160 3 2 5 258 4471 1015 1016 4472
2161 3 2 5 258 4472 1016 61 593
2162 3 2 5 260 50 502 4473 1017
2163 3 2 5 260 1017 4473 4474 1018
2164 3 2 5 260 1018 4474 594 62
2165 3 2 5 260 502 503 4475 4473
2166 3 2 5 260 4473 4475 4476 4474
2167 3 2 5 260 4474 4476 595 594
2168 3 2 5 260 503 504 4477 4475
2169 3 2 5 260 4475 4477 4478 4476
2170 3 2 5 260 4476 4478 596 595
2171 3 2 5 260 504 505 4479 4477
2172 3 2 5 260 4477 4479 4480 4478
2173 3 2 5 260 4478 4480 597 596
2174 3 2 5 260 505 506 4481 4479
2175 3 2 5 260 4479 4481 4482 4480
2176 3 2 5 260 4480 4482 598 597
2177 3 2 5 260 506 507 4483 4481
2178 3 2 5 260 4481 4483 4484 4482
2179 3 2 5 260 4482 4484 599 598
2180 3 2 5 260 507 508 4485 4483
2181 3 2 5 260 4483 4485 4486 4484
2182 3 2 5 260 4484 4486 600 599
2183 3 2 5 260 508 509 4487 4485
2184 3 2 5 260 4485 4487 4488 4486
2185 3 2 5 260 4486 4488 601 600
2186 3 2 5 260 509 510 4489 4487
2187 3 2 5 260 4487 4489 4490 4488
2188 3 2 5 260 4488 4490 602 601
2189 3 2 5 260 510 511 4491 4489
2190 3 2 5 260 4489 4491 4492 4490
2191 3 2 5 260 4490 4492 603 602
2192 3 2 5 260 511 512 4493 4491
2193 3 2 5 260 4491 4493 4494 4492
2194 3 2 5 260 4492 4494 604 603
2195 3 2 5 260 512 513 4495 4493
2196 3 2 5 260 4493 4495 4496 4494
2197 3 2 5 260 4494 4496 605 604
2198 3 2 5 260 513 514 4497 4495
2199 3 2 5 260 4495 4497 4498 4496
2200 3 2 5 260 4496 4498 606 605
2201 3 2 5 260 514 515 4499 4497
2202 3 2 5 260 4497 4499 4500 4498
2203 3 2 5 260 4498 4500 607 606
2204 3 2 5 260 515 516 4501 4499
2205 3 2 5 260 4499 4501 4502 4500
2206 3 2 5 260 4500 4502 608 607
2207 3 2 5 260 516 517 4503 4501
2208 3 2 5 260 4501 4503 4504 4502
2209 3 2 5 260 4502 4504 609 608
2210 3 2 5 260 517 518 4505 4503
2211 3 2 5 260 4503 4505 4506 4504
2212 3 2 5 260 4504 4506 610 609
2213 3 2 5 260 518 519 4507 4505
2214 3 2 5 260 4505 4507 4508 4506
2215 3 2 5 260 4506 4508 611 610
2216 3 2 5 260 519 520 4509 4507
2217 3 2 5 260 4507 4509 4510 4508
2218 3 2 5 260 4508 4510 612 611
2219 3 2 5 260 520 521 4511 4509
2220 3 2 5 260 4509 4511 4512 4510
2221 3 2 5 260 4510 4512 613 612
2222 3 2 5 260 521 522 4513 4511
2223 3 2 5 260 4511 4513 4514 4512
2224 3 2 5 260 4512 4514 614 613
2225 3 2 5 260 522 523 4515 4513
2226 3 2 5 260 4513 4515 4516 4514
2227 3 2 5 260 4514 4516 615 614
2228 3 2 5 260 523 51 1019 4515
2229 3 2 5 260 4515 1019 1020 4516
2230 3 2 5 260 4516 1020 63 615
2231 3 2 5 262 51 524 4517 1019
2232 3 2 5 262 1019 4517 4518 1020
2233 3 2 5 262 1020 4518 616 63
2234 3 2 5 262 524 52 1021 4517
2235 3 2 5 262 4517 1021 1022 4518
2236 3 2 5 262 4518 1022 64 616
2237 3 2 6 264 1 617 4519 969
2238 3 2 6 264 969 4519 672 11
2239 3 2 6 264 617 618 4520 4519
2240 3 2 6 264 4519 4520 673 672
2241 3 2 6 264 618 619 4521 4520
2242 3 2 6 264 4520 4521 674 673
2243 3 2 6 264 619 620 4522 4521
2244 3 2 6 264 4521 4522 675 674
2245 3 2 6 264 620 621 4523 4522
2246 3 2 6 264 4522 4523 676 675
2247 3 2 6 264 621 622 4524 4523
2248 3 2 6 264 4523 4524 677 676
2249 3 2 6 264 622 623 4525 4524
2250 3 2 6 264 4524 4525 678 677
2251 3 2 6 264 623 624 4526 4525
2252 3 2 6 264 4525 4526 679 678
2253 3 2 6 264 624 625 4527 4526
2254 3 2 6 264 4526 4527 680 679
2255 3 2 6 264 625 626 4528 4527
2256 3 2 6 264 4527 4528 681 680
2257 3 2 6 264 626 627 4529 4528
2258 3 2 6 264 4528 4529 682 681
2259 3 2 6 264 627 6 974 4529
2260 3 2 6 264 4529 974 16 682
2261 3 2 7 272 5 661 4563 973
2262 3 2 7 272 973 4563 716 15
2263 3 2 7 272 661 662 4564 4563
2264 3 2 7 272 4563 4564 717 716
2265 3 2 7 272 662 663 4565 4564
2266 3 2 7 272 4564 4565 718 717
2267 3 2 7 272 663 664 4566 4565
2268 3 2 7 272 4565 4566 719 718
2269 3 2 7 272 664 665 4567 4566
2270 3 2 7 272 4566 4567 720 719
2271 3 2 7 272 665 666 4568 4567
2272 3 2 7 272 4567 4568 721 720
2273 3 2 7 272 666 667 4569 4568
2274 3 2 7 272 4568 4569 722 721
2275 3 2 7 272 667 668 4570 4569
2276 3 2 7 272 4569 4570 723 722
2277 3 2 7 272 668 669 4571 4570
2278 3 2 7 272 4570 4571 724 723
2279 3 2 7 272 669 670 4572 4571
2280 3 2 7 272 4571 4572 725 724
2281 3 2 7 272 670 671 4573 4572
2282 3 2 7 272 4572 4573 726 725
2283 3 2 7 272 671 10 978 4573
2284 3 2 7 272 4573 978 20 726
2285 3 2 6 274 11 672 4574 979
2286 3 2 6 274 979 4574 727 21
2287 3 2 6 274 672 673 4575 4574
2288 3 2 6 274 4574 4575 728 727
2289 3 2 6 274 673 674 4576 4575
2290 3 2 6 274 4575 4576 729 728
2291 3 2 6 274 674 675 4577 4576
2292 3 2 6 274 4576 4577 730 729
2293 3 2 6 274 675 676 4578 4577
2294 3 2 6 274 4577 4578 731 730
2295 3 2 6 274 676 677 4579 4578
2296 3 2 6 274 4578 4579 732 731
2297 3 2 6 274 677 678 4580 4579
2298 3 2 6 274 4579 4580 733 732
2299 3 2 6 274 678 679 4581 4580
2300 3 2 6 274 4580 4581 734 733
2301 3 2 6 274 679 680 4582 4581
2302 3 2 6 274 4581 4582 735 734
2303 3 2 6 274 680 681 4583 4582
2304 3 2 6 274 4582 4583 736 735
2305 3 2 6 274 681 682 4584 4583
2306 3 2 6 274 4583 4584 737 736
2307 3 2 6 274 682 16 984 4584
2308 3 2 6 274 4584 984 26 737
2309 3 2 7 282 15 716 4618 983
2310 3 2 7 282 983 4618 771 25
2311 3 2 7 282 716 717 4619 4618
2312 3 2 7 282 4618 4619 772 771
2313 3 2 7 282 717 718 4620 4619
2314 3 2 7 282 4619 4620 773 772
2315 3 2 7 282 718 719 4621 4620
2316 3 2 7 282 4620 4621 774 773
2317 3 2 7 282 719 720 4622 4621
2318 3 2 7 282 4621 4622 775 774
2319 3 2 7 282 720 721 4623 4622
2320 3 2 7 282 4622 4623 776 775
2321 3 2 7 282 721 722 4624 4623
2322 3 2 7 282 4623 4624 777 776
2323 3 2 7 282 722 723 4625 4624
2324 3 2 7 282 4624 4625 778 777
2325 3 2 7 282 723 724 4626 4625
2326 3 2 7 282 4625 4626 779 778
2327 3 2 7 282 724 725 4627 4626
2328 3 2 7 282 4626 4627 780 779
2329 3 2 7 282 725 726 4628 4627
2330 3 2 7 282 4627 4628 781 780
2331 3 2 7 282 726 20 988 4628
2332 3 2 7 282 4628 988 30 781
2333 3 2 6 284 21 727 4629 989
2334 3 2 6 284 989 4629 782 31
2335 3 2 6 284 727 728 4630 4629
2336 3 2 6 284 4629 4630 783 782
2337 3 2 6 284 728 729 4631 4630
2338 3 2 6 284 4630 4631 784 783
2339 3 2 6 284 729 730 4632 4631
2340 3 2 6 284 4631 4632 785 784
2341 3 2 6 284 730 731 4633 4632
2342 3 2 6 284 4632 4633 786 785
2343 3 2 6 284 731 732 4634 4633
2344 3 2 6 284 4633 4634 787 786
2345 3 2 6 284 732 733 4635 4634
2346 3 2 6 284 4634 4635 788 787
2347 3 2 6 284 733 734 4636 4635
2348 3 2 6 284 4635 4636 789 788
2349 3 2 6 284 734 735 4637 4636
2350 3 2 6 284 4636 4637 790 789
2351 3 2 6 284 735 736 4638 4637
2352 3 2 6 284 4637 4638 791 790
2353 3 2 6 284 736 737 4639 4638
2354 3 2 6 284 4638 4639 792 791
2355 3 2 6 284 737 26 994 4639
2356 3 2 6 284 4639 994 36 792
2357 3 2 7 292 25 771 4673 993
2358 3 2 7 292 993 4673 826 35
2359 3 2 7 292 771 772 4674 4673
2360 3 2 7 292 4673 4674 827 826
2361 3 2 7 292 772 773 4675 4674
2362 3 2 7 292 4674 4675 828 827
2363 3 2 7 292 773 774 4676 4675
2364 3 2 7 292 4675 4676 829 828
2365 3 2 7 292 774 775 4677 4676
2366 3 2 7 292 4676 4677 830 829
2367 3 2 7 292 775 776 4678 4677
2368 3 2 7 292 4677 4678 831 830
2369 3 2 7 292 776 777 4679 4678
2370 3 2 7 292 4678 4679 832 831
2371 3 2 7 292 777 778 4680 4679
2372 3 2 7 292 4679 4680 833 832
2373 3 2 7 292 778 779 4681 4680
2374 3 2 7 292 4680 4681 834 833
2375 3 2 7 292 779 780 4682 4681
2376 3 2 7 292 4681 4682 835 834
2377 3 2 7 292 780 781 4683 4682
2378 3 2 7 292 4682 4683 836 835
2379 3 2 7 292 781 30 998 4683
2380 3 2 7 292 4683 998 40 836
2381 3 2 6 294 31 782 837 41
2382 3 2 6 294 782 783 838 837
2383 3 2 6 294 783 784 839 838
2384 3 2 6 294 784 785 840 839
2385 3 2 6 294 785 786 841 840
2386 3 2 6 294 786 787 842 841
2387 3 2 6 294 787 788 843 842
2388 3 2 6 294 788 789 844 843
2389 3 2 6 294 789 790 845 844
2390 3 2 6 294 790 791 846 845
2391 3 2 6 294 791 792 847 846
2392 3 2 6 294 792 36 47 847
2393 3 2 8 298 33 804 859 43
2394 3 2 8 298 804 805 860 859
2395 3 2 8 298 805 806 861 860
2396 3 2 8 298 806 807 862 861
2397 3 2 8 298 807 808 863 862
2398 3 2 8 298 808 809 864 863
2399 3 2 8 298 809 810 865 864
2400 3 2 8 298 810 811 866 865
2401 3 2 8 298 811 812 867 866
2402 3 2 8 298 812 813 868 867
2403 3 2 8 298 813 814 869 868
2404 3 2 8 298 814 38 49 869
2405 3 2 8 300 33 804 870 44
2406 3 2 8 300 804 805 871 870
2407 3 2 8 300 805 806 872 871
2408 3 2 8 300 806 807 873 872
2409 3 2 8 300 807 808 874 873
2410 3 2 8 300 808 809 875 874
2411 3 2 8 300 809 810 876 875
2412 3 2 8 300 810 811 877 876
2413 3 2 8 300 811 812 878 877
2414 3 2 8 300 812 813 879 878
2415 3 2 8 300 813 814 880 879
2416 3 2 8 300 814 38 50 880
2417 3 2 7 304 35 826 892 46
2418 3 2 7 304 826 827 893 892
2419 3 2 7 304 827 828 894 893
2420 3 2 7 304 828 829 895 894
2421 3 2 7 304 829 830 896 895
2422 3 2 7 304 830 831 897 896
2423 3 2 7 304 831 832 898 897
2424 3 2 7 304 832 833 899 898
2425 3 2 7 304 833 834 900 899
2426 3 2 7 304 834 835 901 900
2427 3 2 7 304 835 836 902 901
2428 3 2 7 304 836 40 52 902
2429 3 2 6 306 41 837 4684 999
2430 3 2 6 306 999 4684 4685 1000
2431 3 2 6 306 1000 4685 903 53
2432 3 2 6 306 837 838 4686 4684
2433 3 2 6 306 4684 4686 4687 4685
2434 3 2 6 306 4685 4687 904 903
2435 3 2 6 306 838 839 4688 4686
2436 3 2 6 306 4686 4688 4689 4687
2437 3 2 6 306 4687 4689 905 904
2438 3 2 6 306 839 840 4690 4688
2439 3 2 6 306 4688 4690 4691 4689
2440 3 2 6 306 4689 4691 906 905
2441 3 2 6 306 840 841 4692 4690
2442 3 2 6 306 4690 4692 4693 4691
2443 3 2 6 306 4691 4693 907 906
2444 3 2 6 306 841 842 4694 4692
2445 3 2 6 306 4692 4694 4695 4693
2446 3 2 6 306 4693 4695 908 907
2447 3 2 6 306 842 843 4696 4694
2448 3 2 6 306 4694 4696 4697 4695
2449 3 2 6 306 4695 4697 909 908
2450 3 2 6 306 843 844 4698 4696
2451 3 2 6 306 4696 4698 4699 4697
2452 3 2 6 306 4697 4699 910 909
2453 3 2 6 306 844 845 4700 4698
2454 3 2 6 306 4698 4700 4701 4699
2455 3 2 6 306 4699 4701 911 910
2456 3 2 6 306 845 846 4702 4700
2457 3 2 6 306 4700 4702 4703 4701
2458 3 2 6 306 4701 4703 912 911
2459 3 2 6 306 846 847 4704 4702
2460 3 2 6 306 4702 4704 4705 4703
2461 3 2 6 306 4703 4705 913 912
2462 3 2 6 306 847 47 1011 4704
2463 3 2 6 306 4704 1011 1012 4705
2464 3 2 6 306 4705 1012 59 913
2465 3 2 8 310 43 859 4728 1003
2466 3 2 8 310 1003 4728 4729 1004
2467 3 2 8 310 1004 4729 925 55
2468 3 2 8 310 859 860 4730 4728
2469 3 2 8 310 4728 4730 4731 4729
2470 3 2 8 310 4729 4731 926 925
2471 3 2 8 310 860 861 4732 4730
2472 3 2 8 310 4730 4732 4733 4731
2473 3 2 8 310 4731 4733 927 926
2474 3 2 8 310 861 862 4734 4732
2475 3 2 8 310 4732 4734 4735 4733
2476 3 2 8 310 4733 4735 928 927
2477 3 2 8 310 862 863 4736 4734
2478 3 2 8 310 4734 4736 4737 4735
2479 3 2 8 310 4735 4737 929 928
2480 3 2 8 310 863 864 4738 4736
2481 3 2 8 310 4736 4738 4739 4737
2482 3 2 8 310 4737 4739 930 929
2483 3 2 8 310 864 865 4740 4738
2484 3 2 8 310 4738 4740 4741 4739
2485 3 2 8 310 4739 4741 931 930
2486 3 2 8 310 865 866 4742 4740
2487 3 2 8 310 4740 4742 4743 4741
2488 3 2 8 310 4741 4743 932 931
2489 3 2 8 310 866 867 4744 4742
2490 3 2 8 310 4742 4744 4745 4743
2491 3 2 8 310 4743 4745 933 932
2492 3 2 8 310 867 868 4746 4744
2493 3 2 8 310 4744 4746 4747 4745
2494 3 2 8 310 4745 4747 934 933
2495 3 2 8 310 868 869 4748 4746
2496 3 2 8 310 4746 4748 4749 4747
2497 3 2 8 310 4747 4749 935 934
2498 3 2 8 310 869 49 1015 4748
2499 3 2 8 310 4748 1015 1016 4749
2500 3 2 8 310 4749 1016 61 935
2501 3 2 8 312 44 870 4750 1005
2502 3 2 8 312 1005 4750 4751 1006
2503 3 2 8 312 1006 4751 936 56
2504 3 2 8 312 870 871 4752 4750
2505 3 2 8 312 4750 4752 4753 4751
2506 3 2 8 312 4751 4753 937 936
2507 3 2 8 312 871 872 4754 4752
2508 3 2 8 312 4752 4754 4755 4753
2509 3 2 8 312 4753 4755 938 937
2510 3 2 8 312 872 873 4756 4754
2511 3 2 8 312 4754 4756 4757 4755
2512 3 2 8 312 4755 4757 939 938
2513 3 2 8 312 873 874 4758 4756
2514 3 2 8 312 4756 4758 4759 4757
2515 3 2 8 312 4757 4759 940 939
2516 3 2 8 312 874 875 4760 4758
2517 3 2 8 312 4758 4760 4761 4759
2518 3 2 8 312 4759 4761 941 940
2519 3 2 8 312 875 876 4762 4760
2520 3 2 8 312 4760 4762 4763 4761
2521 3 2 8 312 4761 4763 942 941
2522 3 2 8 312 876 877 4764 4762
2523 3 2 8 312 4762 4764 4765 4763
2524 3 2 8 312 4763 4765 943 942
2525 3 2 8 312 877 878 4766 4764
2526 3 2 8 312 4764 4766 4767 4765
2527 3 2 8 312 4765 4767 944 943
2528 3 2 8 312 878 879 4768 4766
2529 3 2 8 312 4766 4768 4769 4767
2530 3 2 8 312 4767 4769 945 944
2531 3 2 8 312 879 880 4770 4768
2532 3 2 8 312 4768 4770 4771 4769
2533 3 2 8 312 4769 4771 946 945
2534 3 2 8 312 880 50 1017 4770
2535 3 2 8 312 4770 1017 1018 4771
2536 3 2 8 312 4771 1018 62 946
2537 3 2 7 316 46 892 4794 1009
2538 3 2 7 316 1009 4794 4795 1010
2539 3 2 7 316 1010 4795 958 58
2540 3 2 7 316 892 893 4796 4794
2541 3 2 7 316 4794 4796 4797 4795
2542 3 2 7 316 4795 4797 959 958
2543 3 2 7 316 893 894 4798 4796
2544 3 2 7 316 4796 4798 4799 4797
2545 3 2 7 316 4797 4799 960 959
2546 3 2 7 316 894 895 4800 4798
2547 3 2 7 316 4798 4800 4801 4799
2548 3 2 7 316 4799 4801 961 960
2549 3 2 7 316 895 896 4802 4800
2550 3 2 7 316 4800 4802 4803 4801
2551 3 2 7 316 4801 4803 962 961
2552 3 2 7 316 896 897 4804 4802
2553 3 2 7 316 4802 4804 4805 4803
2554 3 2 7 316 4803 4805 963 962
2555 3 2 7 316 897 898 4806 4804
2556 3 2 7 316 4804 4806 4807 4805
2557 3 2 7 316 4805 4807 964 963
2558 3 2 7 316 898 899 4808 4806
2559 3 2 7 316 4806 4808 4809 4807
2560 3 2 7 316 4807 4809 965 964
2561 3 2 7 316 899 900 4810 4808
2562 3 2 7 316 4808 4810 4811 4809
2563 3 2 7 316 4809 4811 966 965
2564 3 2 7 316 900 901 4812 4810
2565 3 2 7 316 4810 4812 4813 4811
2566 3 2 7 316 4811 4813 967 966
2567 3 2 7 316 901 902 4814 4812
2568 3 2 7 316 4812 4814 4815 4813
2569 3 2 7 316 4813 4815 968 967
2570 3 2 7 316 902 52 1021 4814
2571 3 2 7 316 4814 1021 1022 4815
2572 3 2 7 316 4815 1022 64 968
2573 5 2 1 318 1 65 1023 617 969 4059 4816 4519
2574 5 2 1 318 969 4059 4816 4519 11 157 1529 672
2575 5 2 1 318 617 1023 1024 618 4519 4816 4817 4520
2576 5 2 1 318 4519 4816 4817 4520 672 1529 1530 673
2577 5 2 1 318 618 1024 1025 619 4520 4817 4818 4521
2578 5 2 1 318 4520 4817 4818 4521 673 1530 1531 674
2579 5 2 1 318 619 1025 1026 620 4521 4818 4819 4522
2580 5 2 1 318 4521 4818 4819 4522 674 1531 1532 675
2581 5 2 1 318 620 1026 1027 621 4522 4819 4820 4523
2582 5 2 1 318 4522 4819 4820 4523 675 1532 1533 676
2583 5 2 1 318 621 1027 1028 622 4523 4820 4821 4524
2584 5 2 1 318 4523 4820 4821 4524 676 1533 1534 677
2585 5 2 1 318 622 1028 1029 623 4524 4821 4822 4525
2586 5 2 1 318 4524 4821 4822 4525 677 1534 1535 678
2587 5 2 1 318 623 1029 1030 624 4525 4822 4823 4526
2588 5 2 1 318 4525 4822 4823 4526 678 1535 1536 679
2589 5 2 1 318 624 1030 1031 625 4526 4823 4824 4527
2590 5 2 1 318 4526 4823 4824 4527 679 1536 1537 680
2591 5 2 1 318 625 1031 1032 626 4527 4824 4825 4528
2592 5 2 1 318 4527 4824 4825 4528 680 1537 1538 681
2593 5 2 1 318 626 1032 1033 627 4528 4825 4826 4529
2594 5 2 1 318 4528 4825 4826 4529 681 1538 1539 682
2595 5 2 1 318 627 1033 111 6 4529 4826 4105 974
2596 5 2 1 318 4529 4826 4105 974 682 1539 203 16
2597 5 2 1 318 65 2 628 1023 4059 970 4530 4816
2598 5 2 1 318 4059 970 4530 4816 157 12 683 1529
2599 5 2 1 318 1023 628 629 1024 4816 4530 4531 4817
2600 5 2 1 318 4816 4530 4531 4817 1529 683 684 1530
2601 5 2 1 318 1024 629 630 1025 4817 4531 4532 4818
2602 5 2 1 318 4817 4531 4532 4818 1530 684 685 1531
2603 5 2 1 318 1025 630 631 1026 4818 4532 4533 4819
2604 5 2 1 318 4818 4532 4533 4819 1531 685 686 1532
2605 5 2 1 318 1026 631 632 1027 4819 4533 4534 4820
2606 5 2 1 318 4819 4533 4534 4820 1532 686 687 1533
2607 5 2 1 318 1027 632 633 1028 4820 4534 4535 4821
2608 5 2 1 318 4820 4534 4535 4821 1533 687 688 1534
2609 5 2 1 318 1028 633 634 1029 4821 4535 4536 4822
2610 5 2 1 318 4821 4535 4536 4822 1534 688 689 1535
2611 5 2 1 318 1029 634 635 1030 4822 4536 4537 4823
2612 5 2 1 318 4822 4536 4537 4823 1535 689 690 1536
2613 5 2 1 318 1030 635 636 1031 4823 4537 4538 4824
2614 5 2 1 318 4823 4537 4538 4824 1536 690 691 1537
2615 5 2 1 318 1031 636 637 1032 4824 4538 4539 4825
2616 5 2 1 318 4824 4538 4539 4825 1537 691 692 1538
2617 5 2 1 318 1032 637 638 1033 4825 4539 4540 4826
2618 5 2 1 318 4825 4539 4540 4826 1538 692 693 1539
2619 5 2 1 318 1033 638 7 111 4826 4540 975 4105
2620 5 2 1 318 4826 4540 975 4105 1539 693 17 203
2621 5 2 1 320 2 66 1034 628 970 4060 4827 4530
2622 5 2 1 320 970 4060 4827 4530 12 158 1540 683
2623 5 2 1 320 628 1034 1035 629 4530 4827 4828 4531
2624 5 2 1 320 4530 4827 4828 4531 683 1540 1541 684
2625 5 2 1 320 629 1035 1036 630 4531 4828 4829 4532
2626 5 2 1 320 4531 4828 4829 4532 684 1541 1542 685
2627 5 2 1 320 630 1036 1037 631 4532 4829 4830 4533
2628 5 2 1 320 4532 4829 4830 4533 685 1542 1543 686
2629 5 2 1 320 631 1037 1038 632 4533 4830 4831 4534
2630 5 2 1 320 4533 4830 4831 4534 686 1543 1544 687
2631 5 2 1 320 632 1038 1039 633 4534 4831 4832 4535
2632 5 2 1 320 4534 4831 4832 4535 687 1544 1545 688
2633 5 2 1 320 633 1039 1040 634 4535 4832 4833 4536
2634 5 2 1 320 4535 4832 4833 4536 688 1545 1546 689
2635 5 2 1 320 634 1040 1041 635 4536 4833 4834 4537
2636 5 2 1 320 4536 4833 4834 4537 689 1546 1547 690
2637 5 2 1 320 635 1041 1042 636 4537 4834 4835 4538
2638 5 2 1 320 4537 4834 4835 4538 690 1547 1548 691
2639 5 2 1 320 636 1042 1043 637 4538 4835 4836 4539
2640 5 2 1 320 4538 4835 4836 4539 691 1548 1549 692
2641 5 2 1 320 637 1043 1044 638 4539 4836 4837 4540
2642 5 2 1 320 4539 4836 4837 4540 692 1549 1550 693
2643 5 2 1 320 638 1044 112 7 4540 4837 4106 975
2644 5 2 1 320 4540 4837 4106 975 693 1550 204 17
2645 5 2 1 320 66 67 1045 1034 4060 4061 4838 4827
2646 5 2 1 320 4060 4061 4838 4827 158 159 1551 1540
2647 5 2 1 320 1034 1045 1046 1035 4827 4838 4839 4828
2648 5 2 1 320 4827 4838 4839 4828 1540 1551 1552 1541
2649 5 2 1 320 1035 1046 1047 1036 4828 4839 4840 4829
2650 5 2 1 320 4828 4839 4840 4829 1541 1552 1553 1542
2651 5 2 1 320 1036 1047 1048 1037 4829 4840 4841 4830
2652 5 2 1 320 4829 4840 4841 4830 1542 1553 1554 1543
2653 5 2 1 320 1037 1048 1049 1038 4830 4841 4842 4831
2654 5 2 1 320 4830 4841 4842 4831 1543 1554 1555 1544
2655 5 2 1 320 1038 1049 1050 1039 4831 4842 4843 4832
2656 5 2 1 320 4831 4842 4843 4832 1544 1555 1556 1545
2657 5 2 1 320 1039 1050 1051 1040 4832 4843 4844 4833
2658 5 2 1 320 4832 4843 4844 4833 1545 1556 1557 1546
2659 5 2 1 320 1040 1051 1052 1041 4833 4844 4845 4834
2660 5 2 1 320 4833 4844 4845 4834 1546 1557 1558 1547
2661 5 2 1 320 1041 1052 1053 1042 4834 4845 4846 4835
2662 5 2 1 320 4834 4845 4846 4835 1547 1558 1559 1548
2663 5 2 1 320 1042 1053 1054 1043 4835 4846 4847 4836
2664 5 2 1 320 4835 4846 4847 4836 1548 1559 1560 1549
2665 5 2 1 320 1043 1054 1055 1044 4836 4847 4848 4837
2666 5 2 1 320 4836 4847 4848 4837 1549 1560 1561 1550
2667 5 2 1 320 1044 1055 113 112 4837 4848 4107 4106
2668 5 2 1 320 4837 4848 4107 4106 1550 1561 205 204
2669 5 2 1 320 67 68 1056 1045 4061 4062 4849 4838
2670 5 2 1 320 4061 4062 4849 4838 159 160 1562 1551
2671 5 2 1 320 1045 1056 1057 1046 4838 4849 4850 4839
2672 5 2 1 320 4838 4849 4850 4839 1551 1562 1563 1552
2673 5 2 1 320 1046 1057 1058 1047 4839 4850 4851 4840
2674 5 2 1 320 4839 4850 4851 4840 1552 1563 1564 1553
2675 5 2 1 320 1047 1058 1059 1048 4840 4851 4852 4841
2676 5 2 1 320 4840 4851 4852 4841 1553 1564 1565 1554
2677 5 2 1 320 1048 1059 1060 1049 4841 4852 4853 4842
2678 5 2 1 320 4841 4852 4853 4842 1554 1565 1566 1555
2679 5 2 1 320 1049 1060 1061 1050 4842 4853 4854 4843
2680 5 2 1 320 4842 4853 4854 4843 1555 1566 1567 1556
2681 5 2 1 320 1050 1061 1062 1051 4843 4854 4855 4844
2682 5 2 1 320 4843 4854 4855 4844 1556 1567 1568 1557
2683 5 2 1 320 1051 1062 1063 1052 4844 4855 4856 4845
2684 5 2 1 320 4844 4855 4856 4845 1557 1568 1569 1558
2685 5 2 1 320 1052 1063 1064 1053 4845 4856 4857 4846
2686 5 2 1 320 4845 4856 4857 4846 1558 1569 1570 1559
2687 5 2 1 320 1053 1064 1065 1054 4846 4857 4858 4847
2688 5 2 1 320 4846 4857 4858 4847 1559 1570 1571 1560
2689 5 2 1 320 1054 1065 1066 1055 4847 4858 4859 4848
2690 5 2 1 320 4847 4858 4859 4848 1560 1571 1572 1561
2691 5 2 1 320 1055 1066 114 113 4848 4859 4108 4107
2692 5 2 1 320 4848 4859 4108 4107 1561 1572 206 205
2693 5 2 1 320 68 69 1067 1056 4062 4063 4860 4849
2694 5 2 1 320 4062 4063 4860 4849 160 161 1573 1562
2695 5 2 1 320 1056 1067 1068 1057 4849 4860 4861 4850
2696 5 2 1 320 4849 4860 4861 4850 1562 1573 1574 1563
2697 5 2 1 320 1057 1068 1069 1058 4850 4861 4862 4851
2698 5 2 1 320 4850 4861 4862 4851 1563 1574 1575 1564
2699 5 2 1 320 1058 1069 1070 1059 4851 4862 4863 4852
2700 5 2 1 320 4851 4862 4863 4852 1564 1575 1576 1565
2701 5 2 1 320 1059 1070 1071 1060 4852 4863 4864 4853
2702 5 2 1 320 4852 4863 4864 4853 1565 1576 1577 1566
2703 5 2 1 320 1060 1071 1072 1061 4853 4864 4865 4854
2704 5 2 1 320 4853 4864 4865 4854 1566 1577 1578 1567
2705 5 2 1 320 1061 1072 1073 1062 4854 4865 4866 4855
2706 5 2 1 320 4854 4865 4866 4855 1567 1578 1579 1568
2707 5 2 1 320 1062 1073 1074 1063 4855 4866 4867 4856
2708 5 2 1 320 4855 4866 4867 4856 1568 1579 1580 1569
2709 5 2 1 320 1063 1074 1075 1064 4856 4867 4868 4857
2710 5 2 1 320 4856 4867 4868 4857 1569 1580 1581 1570
2711 5 2 1 320 1064 1075 1076 1065 4857 4868 4869 4858
2712 5 2 1 320 4857 4868 4869 4858 1570 1581 1582 1571
2713 5 2 1 320 1065 1076 1077 1066 4858 4869 4870 4859
2714 5 2 1 320 4858 4869 4870 4859 1571 1582 1583 1572
2715 5 2 1 320 1066 1077 115 114 4859 4870 4109 4108
2716 5 2 1 320 4859 4870 4109 4108 1572 1583 207 206
2717 5 2 1 320 69 70 1078 1067 4063 4064 4871 4860
2718 5 2 1 320 4063 4064 4871 4860 161 162 1584 1573
2719 5 2 1 320 1067 1078 1079 1068 4860 4871 4872 4861
2720 5 2 1 320 4860 4871 4872 4861 1573 1584 1585 1574
2721 5 2 1 320 1068 1079 1080 1069 4861 4872 4873 4862
2722 5 2 1 320 4861 4872 4873 4862 1574 1585 1586 1575
2723 5 2 1 320 1069 1080 1081 1070 4862 4873 4874 4863
2724 5 2 1 320 4862 4873 4874 4863 1575 1586 1587 1576
2725 5 2 1 320 1070 1081 1082 1071 4863 4874 4875 4864
2726 5 2 1 320 4863 4874 4875 4864 1576 1587 1588 1577
2727 5 2 1 320 1071 1082 1083 1072 4864 4875 4876 4865
2728 5 2 1 320 4864 4875 4876 4865 1577 1588 1589 1578
2729 5 2 1 320 1072 1083 1084 1073 4865 4876 4877 4866
2730 5 2 1 320 4865 4876 4877 4866 1578 1589 1590 1579
2731 5 2 1 320 1073 1084 1085 1074 4866 4877 4878 4867
2732 5 2 1 320 4866 4877 4878 4867 1579 1590 1591 1580
2733 5 2 1 320 1074 1085 1086 1075 4867 4878 4879 4868
2734 5 2 1 320 4867 4878 4879 4868 1580 1591 1592 1581
2735 5 2 1 320 1075 1086 1087 1076 4868 4879 4880 4869
2736 5 2 1 320 4868 4879 4880 4869 1581 1592 1593 1582
2737 5 2 1 320 1076 1087 1088 1077 4869 4880 4881 4870
2738 5 2 1 320 4869 4880 4881 4870 1582 1593 1594 1583
2739 5 2 1 320 1077 1088 116 115 4870 4881 4110 4109
2740 5 2 1 320 4870 4881 4110 4109 1583 1594 208 207
2741 5 2 1 320 70 71 1089 1078 4064 4065 4882 4871
2742 5 2 1 320 4064 4065 4882 4871 162 163 1595 1584
2743 5 2 1 320 1078 1089 1090 1079 4871 4882 4883 4872
2744 5 2 1 320 4871 4882 4883 4872 1584 1595 1596 1585
2745 5 2 1 320 1079 1090 1091 1080 4872 4883 4884 4873
2746 5 2 1 320 4872 4883 4884 4873 1585 1596 1597 1586
2747 5 2 1 320 1080 1091 1092 1081 4873 4884 4885 4874
2748 5 2 1 320 4873 4884 4885 4874 1586 1597 1598 1587
2749 5 2 1 320 1081 1092 1093 1082 4874 4885 4886 4875
2750 5 2 1 320 4874 4885 4886 4875 1587 1598 1599 1588
2751 5 2 1 320 1082 1093 1094 1083 4875 4886 4887 4876
2752 5 2 1 320 4875 4886 4887 4876 1588 1599 1600 1589
2753 5 2 1 320 1083 1094 1095 1084 4876 4887 4888 4877
2754 5 2 1 320 4876 4887 4888 4877 1589 1600 1601 1590
2755 5 2 1 320 1084 1095 1096 1085 4877 4888 4889 4878
2756 5 2 1 320 4877 4888 4889 4878 1590 1601 1602 1591
2757 5 2 1 320 1085 1096 1097 1086 4878 4889 4890 4879
2758 5 2 1 320 4878 4889 4890 4879 1591 1602 1603 1592
2759 5 2 1 320 1086 1097 1098 1087 4879 4890 4891 4880
2760 5 2 1 320 4879 4890 4891 4880 1592 1603 1604 1593
2761 5 2 1 320 1087 1098 1099 1088 4880 4891 4892 4881
2762 5 2 1 320 4880 4891 4892 4881 1593 1604 1605 1594
2763 5 2 1 320 1088 1099 117 116 4881 4892 4111 4110
2764 5 2 1 320 4881 4892 4111 4110 1594 1605 209 208
2765 5 2 1 320 71 72 1100 1089 4065 4066 4893 4882
2766 5 2 1 320 4065 4066 4893 4882 163 164 1606 1595
2767 5 2 1 320 1089 1100 1101 1090 4882 4893 4894 4883
2768 5 2 1 320 4882 4893 4894 4883 1595 1606 1607 1596
2769 5 2 1 320 1090 1101 1102 1091 4883 4894 4895 4884
2770 5 2 1 320 4883 4894 4895 4884 1596 1607 1608 1597
2771 5 2 1 320 1091 1102 1103 1092 4884 4895 4896 4885
2772 5 2 1 320 4884 4895 4896 4885 1597 1608 1609 1598
2773 5 2 1 320 1092 1103 1104 1093 4885 4896 4897 4886
2774 5 2 1 320 4885 4896 4897 4886 1598 1609 1610 1599
2775 5 2 1 320 1093 1104 1105 1094 4886 4897 4898 4887
2776 5 2 1 320 4886 4897 4898 4887 1599 1610 1611 1600
2777 5 2 1 320 1094 1105 1106 1095 4887 4898 4899 4888
2778 5 2 1 320 4887 4898 4899 4888 1600 1611 1612 1601
2779 5 2 1 320 1095 1106 1107 1096 4888 4899 4900 4889
2780 5 2 1 320 4888 4899 4900 4889 1601 1612 1613 1602
2781 5 2 1 320 1096 1107 1108 1097 4889 4900 4901 4890
2782 5 2 1 320 4889 4900 4901 4890 1602 1613 1614 1603
2783 5 2 1 320 1097 1108 1109 1098 4890 4901 4902 4891
2784 5 2 1 320 4890 4901 4902 4891 1603 1614 1615 1604
2785 5 2 1 320 1098 1109 1110 1099 4891 4902 4903 4892
2786 5 2 1 320 4891 4902 4903 4892 1604 1615 1616 1605
2787 5 2 1 320 1099 1110 118 117 4892 4903 4112 4111
2788 5 2 1 320 4892 4903 4112 4111 1605 1616 210 209
2789 5 2 1 320 72 73 1111 1100 4066 4067 4904 4893
2790 5 2 1 320 4066 4067 4904 4893 164 165 1617 1606
2791 5 2 1 320 1100 1111 1112 1101 4893 4904 4905 4894
2792 5 2 1 320 4893 4904 4905 4894 1606 1617 1618 1607
2793 5 2 1 320 1101 1112 1113 1102 4894 4905 4906 4895
2794 5 2 1 320 4894 4905 4906 4895 1607 1618 1619 1608
2795 5 2 1 320 1102 1113 1114 1103 4895 4906 4907 4896
2796 5 2 1 320 4895 4906 4907 4896 1608 1619 1620 1609
2797 5 2 1 320 1103 1114 1115 1104 4896 4907 4908 4897
2798 5 2 1 320 4896 4907 4908 4897 1609 1620 1621 1610
2799 5 2 1 320 1104 1115 1116 1105 4897 4908 4909 4898
2800 5 2 1 320 4897 4908 4909 4898 1610 1621 1622 1611
2801 5 2 1 320 1105 1116 1117 1106 4898 4909 4910 4899
2802 5 2 1 320 4898 4909 4910 4899 1611 1622 1623 1612
2803 5 2 1 320 1106 1117 1118 1107 4899 4910 4911 4900
2804 5 2 1 320 4899 4910 4911 4900 1612 1623 1624 1613
2805 5 2 1 320 1107 1118 1119 1108 4900 4911 4912 4901
2806 5 2 1 320 4900 4911 4912 4901 1613 1624 1625 1614
2807 5 2 1 320 1108 1119 1120 1109 4901 4912 4913 4902
2808 5 2 1 320 4901 4912 4913 4902 1614 1625 1626 1615
2809 5 2 1 320 1109 1120 1121 1110 4902 4913 4914 4903
2810 5 2 1 320 4902 4913 4914 4903 1615 1626 1627 1616
2811 5 2 1 320 1110 1121 119 118 4903 4914 4113 4112
2812 5 2 1 320 4903 4914 4113 4112 1616 1627 211 210
2813 5 2 1 320 73 74 1122 1111 4067 4068 4915 4904
2814 5 2 1 320 4067 4068 4915 4904 165 166 1628 1617
2815 5 2 1 320 1111 1122 1123 1112 4904 4915 4916 4905
2816 5 2 1 320 4904 4915 4916 4905 1617 1628 1629 1618
2817 5 2 1 320 1112 1123 1124 1113 4905 4916 4917 4906
2818 5 2 1 320 4905 4916 4917 4906 1618 1629 1630 1619
2819 5 2 1 320 1113 1124 1125 1114 4906 4917 4918 4907
2820 5 2 1 320 4906 4917 4918 4907 1619 1630 1631 1620
2821 5 2 1 320 1114 1125 1126 1115 4907 4918 4919 4908
2822 5 2 1 320 4907 4918 4919 4908 1620 1631 1632 1621
2823 5 2 1 320 1115 1126 1127 1116 4908 4919 4920 4909
2824 5 2 1 320 4908 4919 4920 4909 1621 1632 1633 1622
2825 5 2 1 320 1116 1127 1128 1117 4909 4920 4921 4910
2826 5 2 1 320 4909 4920 4921 4910 1622 1633 1634 1623
2827 5 2 1 320 1117 1128 1129 1118 4910 4921 4922 4911
2828 5 2 1 320 4910 4921 4922 4911 1623 1634 1635 1624
2829 5 2 1 320 1118 1129 1130 1119 4911 4922 4923 4912
2830 5 2 1 320 4911 4922 4923 4912 1624 1635 1636 1625
2831 5 2 1 320 1119 1130 1131 1120 4912 4923 4924 4913
2832 5 2 1 320 4912 4923 4924 4913 1625 1636 1637 1626
2833 5 2 1 320 1120 1131 1132 1121 4913 4924 4925 4914
2834 5 2 1 320 4913 4924 4925 4914 1626 1637 1638 1627
2835 5 2 1 320 1121 1132 120 119 4914 4925 4114 4113
2836 5 2 1 320 4914 4925 4114 4113 1627 1638 212 211
2837 5 2 1 320 74 75 1133 1122 4068 4069 4926 4915
2838 5 2 1 320 4068 4069 4926 4915 166 167 1639 1628
2839 5 2 1 320 1122 1133 1134 1123 4915 4926 4927 4916
2840 5 2 1 320 4915 4926 4927 4916 1628 1639 1640 1629
2841 5 2 1 320 1123 1134 1135 1124 4916 4927 4928 4917
2842 5 2 1 320 4916 4927 4928 4917 1629 1640 1641 1630
2843 5 2 1 320 1124 1135 1136 1125 4917 4928 4929 4918
2844 5 2 1 320 4917 4928 4929 4918 1630 1641 1642 1631
2845 5 2 1 320 1125 1136 1137 1126 4918 4929 4930 4919
2846 5 2 1 320 4918 4929 4930 4919 1631 1642 1643 1632
2847 5 2 1 320 1126 1137 1138 1127 4919 4930 4931 4920
2848 5 2 1 320 4919 4930 4931 4920 1632 1643 1644 1633
2849 5 2 1 320 1127 1138 1139 1128 4920 4931 4932 4921
2850 5 2 1 320 4920 4931 4932 4921 1633 1644 1645 1634
2851 5 2 1 320 1128 1139 1140 1129 4921 4932 4933 4922
2852 5 2 1 320 4921 4932 4933 4922 1634 1645 1646 1635
2853 5 2 1 320 1129 1140 1141 1130 4922 4933 4934 4923
2854 5 2 1 320 4922 4933 4934 4923 1635 1646 1647 1636
2855 5 2 1 320 1130 1141 1142 1131 4923 4934 4935 4924
2856 5 2 1 320 4923 4934 4935 4924 1636 1647 1648 1637
2857 5 2 1 320 1131 1142 1143 1132 4924 4935 4936 4925
2858 5 2 1 320 4924 4935 4936 4925 1637 1648 1649 1638
2859 5 2 1 320 1132 1143 121 120 4925 4936 4115 4114
2860 5 2 1 320 4925 4936 4115 4114 1638 1649 213 212
2861 5 2 1 320 75 76 1144 1133 4069 4070 4937 4926
2862 5 2 1 320 4069 4070 4937 4926 167 168 1650 1639
2863 5 2 1 320 1133 1144 1145 1134 4926 4937 4938 4927
2864 5 2 1 320 4926 4937 4938 4927 1639 1650 1651 1640
2865 5 2 1 320 1134 1145 1146 1135 4927 4938 4939 4928
2866 5 2 1 320 4927 4938 4939 4928 1640 1651 1652 1641
2867 5 2 1 320 1135 1146 1147 1136 4928 4939 4940 4929
2868 5 2 1 320 4928 4939 4940 4929 1641 1652 1653 1642
2869 5 2 1 320 1136 1147 1148 1137 4929 4940 4941 4930
2870 5 2 1 320 4929 4940 4941 4930 1642 1653 1654 1643
2871 5 2 1 320 1137 1148 1149 1138 4930 4941 4942 4931
2872 5 2 1 320 4930 4941 4942 4931 1643 1654 1655 1644
2873 5 2 1 320 1138 1149 1150 1139 4931 4942 4943 4932
2874 5 2 1 320 4931 4942 4943 4932 1644 1655 1656 1645
2875 5 2 1 320 1139 1150 1151 1140 4932 4943 4944 4933
2876 5 2 1 320 4932 4943 4944 4933 1645 1656 1657 1646
2877 5 2 1 320 1140 1151 1152 1141 4933 4944 4945 4934
2878 5 2 1 320 4933 4944 4945 4934 1646 1657 1658 1647
2879 5 2 1 320 1141 1152 1153 1142 4934 4945 4946 4935
2880 5 2 1 320 4934 4945 4946 4935 1647 1658 1659 1648
2881 5 2 1 320 1142 1153 1154 1143 4935 4946 4947 4936
2882 5 2 1 320 4935 4946 4947 4936 1648 1659 1660 1649
2883 5 2 1 320 1143 1154 122 121 4936 4947 4116 4115
2884 5 2 1 320 4936 4947 4116 4115 1649 1660 214 213
2885 5 2 1 320 76 77 1155 1144 4070 4071 4948 4937
2886 5 2 1 320 4070 4071 4948 4937 168 169 1661 1650
2887 5 2 1 320 1144 1155 1156 1145 4937 4948 4949 4938
2888 5 2 1 320 4937 4948 4949 4938 1650 1661 1662 1651
2889 5 2 1 320 1145 1156 1157 1146 4938 4949 4950 4939
2890 5 2 1 320 4938 4949 4950 4939 1651 1662 1663 1652
2891 5 2 1 320 1146 1157 1158 1147 4939 4950 4951 4940
2892 5 2 1 320 4939 4950 4951 4940 1652 1663 1664 1653
2893 5 2 1 320 1147 1158 1159 1148 4940 4951 4952 4941
2894 5 2 1 320 4940 4951 4952 4941 1653 1664 1665 1654
2895 5 2 1 320 1148 1159 1160 1149 4941 4952 4953 4942
2896 5 2 1 320 4941 4952 4953 4942 1654 1665 1666 1655
2897 5 2 1 320 1149 1160 1161 1150 4942 4953 4954 4943
2898 5 2 1 320 4942 4953 4954 4943 1655 1666 1667 1656
2899 5 2 1 320 1150 1161 1162 1151 4943 4954 4955 4944
2900 5 2 1 320 4943 4954 4955 4944 1656 1667 1668 1657
2901 5 2 1 320 1151 1162 1163 1152 4944 4955 4956 4945
2902 5 2 1 320 4944 4955 4956 4945 1657 1668 1669 1658
2903 5 2 1 320 1152 1163 1164 1153 4945 4956 4957 4946
2904 5 2 1 320 4945 4956 4957 4946 1658 1669 1670 1659
2905 5 2 1 320 1153 1164 1165 1154 4946 4957 4958 4947
2906 5 2 1 320 4946 4957 4958 4947 1659 1670 1671 1660
2907 5 2 1 320 1154 1165 123 122 4947 4958 4117 4116
2908 5 2 1 320 4947 4958 4117 4116 1660 1671 215 214
2909 5 2 1 320 77 78 1166 1155 4071 4072 4959 4948
2910 5 2 1 320 4071 4072 4959 4948 169 170 1672 1661
2911 5 2 1 320 1155 1166 1167 1156 4948 4959 4960 4949
2912 5 2 1 320 4948 4959 4960 4949 1661 1672 1673 1662
2913 5 2 1 320 1156 1167 1168 1157 4949 4960 4961 4950
2914 5 2 1 320 4949 4960 4961 4950 1662 1673 1674 1663
2915 5 2 1 320 1157 1168 1169 1158 4950 4961 4962 4951
2916 5 2 1 320 4950 4961 4962 4951 1663 1674 1675 1664
2917 5 2 1 320 1158 1169 1170 1159 4951 4962 4963 4952
2918 5 2 1 320 4951 4962 4963 4952 1664 1675 1676 1665
2919 5 2 1 320 1159 1170 1171 1160 4952 4963 4964 4953
2920 5 2 1 320 4952 4963 4964 4953 1665 1676 1677 1666
2921 5 2 1 320 1160 1171 1172 1161 4953 4964 4965 4954
2922 5 2 1 320 4953 4964 4965 4954 1666 1677 1678 1667
2923 5 2 1 320 1161 1172 1173 1162 4954 4965 4966 4955
2924 5 2 1 320 4954 4965 4966 4955 1667 1678 1679 1668
2925 5 2 1 320 1162 1173 1174 1163 4955 4966 4967 4956
2926 5 2 1 320 4955 4966 4967 4956 1668 1679 1680 1669
2927 5 2 1 320 1163 1174 1175 1164 4956 4967 4968 4957
2928 5 2 1 320 4956 4967 4968 4957 1669 1680 1681 1670
2929 5 2 1 320 1164 1175 1176 1165 4957 4968 4969 4958
2930 5 2 1 320 4957 4968 4969 4958 1670 1681 1682 1671
2931 5 2 1 320 1165 1176 124 123 4958 4969 4118 4117
2932 5 2 1 320 4958 4969 4118 4117 1671 1682 216 215
2933 5 2 1 320 78 79 1177 1166 4072 4073 4970 4959
2934 5 2 1 320 4072 4073 4970 4959 170 171 1683 1672
2935 5 2 1 320 1166 1177 1178 1167 4959 4970 4971 4960
2936 5 2 1 320 4959 4970 4971 4960 1672 1683 1684 1673
2937 5 2 1 320 1167 1178 1179 1168 4960 4971 4972 4961
2938 5 2 1 320 4960 4971 4972 4961 1673 1684 1685 1674
2939 5 2 1 320 1168 1179 1180 1169 4961 4972 4973 4962
2940 5 2 1 320 4961 4972 4973 4962 1674 1685 1686 1675
2941 5 2 1 320 1169 1180 1181 1170 4962 4973 4974 4963
2942 5 2 1 320 4962 4973 4974 4963 1675 1686 1687 1676
2943 5 2 1 320 1170 1181 1182 1171 4963 4974 4975 4964
2944 5 2 1 320 4963 4974 4975 4964 1676 1687 1688 1677
2945 5 2 1 320 1171 1182 1183 1172 4964 4975 4976 4965
2946 5 2 1 320 4964 4975 4976 4965 1677 1688 1689 1678
2947 5 2 1 320 1172 1183 1184 1173 4965 4976 4977 4966
2948 5 2 1 320 4965 4976 4977 4966 1678 1689 1690 1679
2949 5 2 1 320 1173 1184 1185 1174 4966 4977 4978 4967
2950 5 2 1 320 4966 4977 4978 4967 1679 1690 1691 1680
2951 5 2 1 320 1174 1185 1186 1175 4967 4978 4979 4968
2952 5 2 1 320 4967 4978 4979 4968 1680 1691 1692 1681
2953 5 2 1 320 1175 1186 1187 1176 4968 4979 4980 4969
2954 5 2 1 320 4968 4979 4980 4969 1681 1692 1693 1682
2955 5 2 1 320 1176 1187 125 124 4969 4980 4119 4118
2956 5 2 1 320 4969 4980 4119 4118 1682 1693 217 216
2957 5 2 1 320 79 80 1188 1177 4073 4074 4981 4970
2958 5 2 1 320 4073 4074 4981 4970 171 172 1694 1683
2959 5 2 1 320 1177 1188 1189 1178 4970 4981 4982 4971
2960 5 2 1 320 4970 4981 4982 4971 1683 1694 1695 1684
2961 5 2 1 320 1178 1189 1190 1179 4971 4982 4983 4972
2962 5 2 1 320 4971 4982 4983 4972 1684 1695 1696 1685
2963 5 2 1 320 1179 1190 1191 1180 4972 4983 4984 4973
2964 5 2 1 320 4972 4983 4984 4973 1685 1696 1697 1686
2965 5 2 1 320 1180 1191 1192 1181 4973 4984 4985 4974
2966 5 2 1 320 4973 4984 4985 4974 1686 1697 1698 1687
2967 5 2 1 320 1181 1192 1193 1182 4974 4985 4986 4975
2968 5 2 1 320 4974 4985 4986 4975 1687 1698 1699 1688
2969 5 2 1 320 1182 1193 1194 1183 4975 4986 4987 4976
2970 5 2 1 320 4975 4986 4987 4976 1688 1699 1700 1689
2971 5 2 1 320 1183 1194 1195 1184 4976 4987 4988 4977
2972 5 2 1 320 4976 4987 4988 4977 1689 1700 1701 1690
2973 5 2 1 320 1184 1195 1196 1185 4977 4988 4989 4978
2974 5 2 1 320 4977 4988 4989 4978 1690 1701 1702 1691
2975 5 2 1 320 1185 1196 1197 1186 4978 4989 4990 4979
2976 5 2 1 320 4978 4989 4990 4979 1691 1702 1703 1692
2977 5 2 1 320 1186 1197 1198 1187 4979 4990 4991 4980
2978 5 2 1 320 4979 4990 4991 4980 1692 1703 1704 1693
2979 5 2 1 320 1187 1198 126 125 4980 4991 4120 4119
2980 5 2 1 320 4980 4991 4120 4119 1693 1704 218 217
2981 5 2 1 320 80 81 1199 1188 4074 4075 4992 4981
2982 5 2 1 320 4074 4075 4992 4981 172 173 1705 1694
2983 5 2 1 320 1188 1199 1200 1189 4981 4992 4993 4982
2984 5 2 1 320 4981 4992 4993 4982 1694 1705 1706 1695
2985 5 2 1 320 1189 1200 1201 1190 4982 4993 4994 4983
2986 5 2 1 320 4982 4993 4994 4983 1695 1706 1707 1696
2987 5 2 1 320 1190 1201 1202 1191 4983 4994 4995 4984
2988 5 2 1 320 4983 4994 4995 4984 1696 1707 1708 1697
2989 5 2 1 320 1191 1202 1203 1192 4984 4995 4996 4985
2990 5 2 1 320 4984 4995 4996 4985 1697 1708 1709 1698
2991 5 2 1 320 1192 1203 1204 1193 4985 4996 4997 4986
2992 5 2 1 320 4985 4996 4997 4986 1698 1709 1710 1699
2993 5 2 1 320 1193 1204 1205 1194 4986 4997 4998 4987
2994 5 2 1 320 4986 4997 4998 4987 1699 1710 1711 1700
2995 5 2 1 320 1194 1205 1206 1195 4987 4998 4999 4988
2996 5 2 1 320 4987 4998 4999 4988 1700 1711 1712 1701
2997 5 2 1 320 1195 1206 1207 1196 4988 4999 5000 4989
2998 5 2 1 320 4988 4999 5000 4989 1701 1712 1713 1702
2999 5 2 1 320 1196 1207 1208 1197 4989 5000 5001 4990
3000 5 2 1 320 4989 5000 5001 4990 1702 1713 1714 1703
3001 5 2 1 320 1197 1208 1209 1198 4990 5001 5002 4991
3002 5 2 1 320 4990 5001 5002 4991 1703 1714 1715 1704
3003 5 2 1 320 1198 1209 127 126 4991 5002 4121 4120
3004 5 2 1 320 4991 5002 4121 4120 1704 1715 219 218
3005 5 2 1 320 81 82 1210 1199 4075 4076 5003 4992
3006 5 2 1 320 4075 4076 5003 4992 173 174 1716 1705
3007 5 2 1 320 1199 1210 1211 1200 4992 5003 5004 4993
3008 5 2 1 320 4992 5003 5004 4993 1705 1716 1717 1706
3009 5 2 1 320 1200 1211 1212 1201 4993 5004 5005 4994
3010 5 2 1 320 4993 5004 5005 4994 1706 1717 1718 1707
3011 5 2 1 320 1201 1212 1213 1202 4994 5005 5006 4995
3012 5 2 1 320 4994 5005 5006 4995 1707 1718 1719 1708
3013 5 2 1 320 1202 1213 1214 1203 4995 5006 5007 4996
3014 5 2 1 320 4995 5006 5007 4996 1708 1719 1720 1709
3015 5 2 1 320 1203 1214 1215 1204 4996 5007 5008 4997
3016 5 2 1 320 4996 5007 5008 4997 1709 1720 1721 1710
3017 5 2 1 320 1204 1215 1216 1205 4997 5008 5009 4998
3018 5 2 1 320 4997 5008 5009 4998 1710 1721 1722 1711
3019 5 2 1 320 1205 1216 1217 1206 4998 5009 5010 4999
3020 5 2 1 320 4998 5009 5010 4999 1711 1722 1723 1712
3021 5 2 1 320 1206 1217 1218 1207 4999 5010 5011 5000
3022 5 2 1 320 4999 5010 5011 5000 1712 1723 1724 1713
3023 5 2 1 320 1207 1218 1219 1208 5000 5011 5012 5001
3024 5 2 1 320 5000 5011 5012 5001 1713 1724 1725 1714
3025 5 2 1 320 1208 1219 1220 1209 5001 5012 5013 5002
3026 5 2 1 320 5001 5012 5013 5002 1714 1725 1726 1715
3027 5 2 1 320 1209 1220 128 127 5002 5013 4122 4121
3028 5 2 1 320 5002 5013 4122 4121 1715 1726 220 219
3029 5 2 1 320 82 83 1221 1210 4076 4077 5014 5003
3030 5 2 1 320 4076 4077 5014 5003 174 175 1727 1716
3031 5 2 1 320 1210 1221 1222 1211 5003 5014 5015 5004
3032 5 2 1 320 5003 5014 5015 5004 1716 1727 1728 1717
3033 5 2 1 320 1211 1222 1223 1212 5004 5015 5016 5005
3034 5 2 1 320 5004 5015 5016 5005 1717 1728 1729 1718
3035 5 2 1 320 1212 1223 1224 1213 5005 5016 5017 5006
3036 5 2 1 320 5005 5016 5017 5006 1718 1729 1730 1719
3037 5 2 1 320 1213 1224 1225 1214 5006 5017 5018 5007
3038 5 2 1 320 5006 5017 5018 5007 1719 1730 1731 1720
3039 5 2 1 320 1214 1225 1226 1215 5007 5018 5019 5008
3040 5 2 1 320 5007 5018 5019 5008 1720 1731 1732 1721
3041 5 2 1 320 1215 1226 1227 1216 5008 5019 5020 5009
3042 5 2 1 320 5008 5019 5020 5009 1721 1732 1733 1722
3043 5 2 1 320 1216 1227 1228 1217 5009 5020 5021 5010
3044 5 2 1 320 5009 5020 5021 5010 1722 1733 1734 1723
3045 5 2 1 320 1217 1228 1229 1218 5010 5021 5022 5011
3046 5 2 1 320 5010 5021 5022 5011 1723 1734 1735 1724
3047 5 2 1 320 1218 1229 1230 1219 5011 5022 5023 5012
3048 5 2 1 320 5011 5022 5023 5012 1724 1735 1736 1725
3049 5 2 1 320 1219 1230 1231 1220 5012 5023 5024 5013
3050 5 2 1 320 5012 5023 5024 5013 1725 1736 1737 1726
3051 5 2 1 320 1220 1231 129 128 5013 5024 4123 4122
3052 5 2 1 320 5013 5024 4123 4122 1726 1737 221 220
3053 5 2 1 320 83 84 1232 1221 4077 4078 5025 5014
3054 5 2 1 320 4077 4078 5025 5014 175 176 1738 1727
3055 5 2 1 320 1221 1232 1233 1222 5014 5025 5026 5015
3056 5 2 1 320 5014 5025 5026 5015 1727 1738 1739 1728
3057 5 2 1 320 1222 1233 1234 1223 5015 5026 5027 5016
3058 5 2 1 320 5015 5026 5027 5016 1728 1739 1740 1729
3059 5 2 1 320 1223 1234 1235 1224 5016 5027 5028 5017
3060 5 2 1 320 5016 5027 5028 5017 1729 1740 1741 1730
3061 5 2 1 320 1224 1235 1236 1225 5017 5028 5029 5018
3062 5 2 1 320 5017 5028 5029 5018 1730 1741 1742 1731
3063 5 2 1 320 1225 1236 1237 1226 5018 5029 5030 5019
3064 5 2 1 320 5018 5029 5030 5019 1731 1742 1743 1732
3065 5 2 1 320 1226 1237 1238 1227 5019 5030 5031 5020
3066 5 2 1 320 5019 5030 5031 5020 1732 1743 1744 1733
3067 5 2 1 320 1227 1238 1239 1228 5020 5031 5032 5021
3068 5 2 1 320 5020 5031 5032 5021 1733 1744 1745 1734
3069 5 2 1 320 1228 1239 1240 1229 5021 5032 5033 5022
3070 5 2 1 320 5021 5032 5033 5022 1734 1745 1746 1735
3071 5 2 1 320 1229 1240 1241 1230 5022 5033 5034 5023
3072 5 2 1 320 5022 5033 5034 5023 1735 1746 1747 1736
3073 5 2 1 320 1230 1241 1242 1231 5023 5034 5035 5024
3074 5 2 1 320 5023 5034 5035 5024 1736 1747 1748 1737
3075 5 2 1 320 1231 1242 130 129 5024 5035 4124 4123
3076 5 2 1 320 5024 5035 4124 4123 1737 1748 222 221
3077 5 2 1 320 84 85 1243 1232 4078 4079 5036 5025
3078 5 2 1 320 4078 4079 5036 5025 176 177 1749 1738
3079 5 2 1 320 1232 1243 1244 1233 5025 5036 5037 5026
3080 5 2 1 320 5025 5036 5037 5026 1738 1749 1750 1739
3081 5 2 1 320 1233 1244 1245 1234 5026 5037 5038 5027
3082 5 2 1 320 5026 5037 5038 5027 1739 1750 1751 1740
3083 5 2 1 320 1234 1245 1246 1235 5027 5038 5039 5028
3084 5 2 1 320 5027 5038 5039 5028 1740 1751 1752 1741
3085 5 2 1 320 1235 1246 1247 1236 5028 5039 5040 5029
3086 5 2 1 320 5028 5039 5040 5029 1741 1752 1753 1742
3087 5 2 1 320 1236 1247 1248 1237 5029 5040 5041 5030
3088 5 2 1 320 5029 5040 5041 5030 1742 1753 1754 1743
3089 5 2 1 320 1237 1248 1249 1238 5030 5041 5042 5031
3090 5 2 1 320 5030 5041 5042 5031 1743 1754 1755 1744
3091 5 2 1 320 1238 1249 1250 1239 5031 5042 5043 5032
3092 5 2 1 320 5031 5042 5043 5032 1744 1755 1756 1745
3093 5 2 1 320 1239 1250 1251 1240 5032 5043 5044 5033
3094 5 2 1 320 5032 5043 5044 5033 1745 1756 1757 1746
3095 5 2 1 320 1240 1251 1252 1241 5033 5044 5045 5034
3096 5 2 1 320 5033 5044 5045 5034 1746 1757 1758 1747
3097 5 2 1 320 1241 1252 1253 1242 5034 5045 5046 5035
3098 5 2 1 320 5034 5045 5046 5035 1747 1758 1759 1748
3099 5 2 1 320 1242 1253 131 130 5035 5046 4125 4124
3100 5 2 1 320 5035 5046 4125 4124 1748 1759 223 222
3101 5 2 1 320 85 86 1254 1243 4079 4080 5047 5036
3102 5 2 1 320 4079 4080 5047 5036 177 178 1760 1749
3103 5 2 1 320 1243 1254 1255 1244 5036 5047 5048 5037
3104 5 2 1 320 5036 5047 5048 5037 1749 1760 1761 1750
3105 5 2 1 320 1244 1255 1256 1245 5037 5048 5049 5038
3106 5 2 1 320 5037 5048 5049 5038 1750 1761 1762 1751
3107 5 2 1 320 1245 1256 1257 1246 5038 5049 5050 5039
3108 5 2 1 320 5038 5049 5050 5039 1751 1762 1763 1752
3109 5 2 1 320 1246 1257 1258 1247 5039 5050 5051 5040
3110 5 2 1 320 5039 5050 5051 5040 1752 1763 1764 1753
3111 5 2 1 320 1247 1258 1259 1248 5040 5051 5052 5041
3112 5 2 1 320 5040 5051 5052 5041 1753 1764 1765 1754
3113 5 2 1 320 1248 1259 1260 1249 5041 5052 5053 5042
3114 5 2 1 320 5041 5052 5053 5042 1754 1765 1766 1755
3115 5 2 1 320 1249 1260 1261 1250 5042 5053 5054 5043
3116 5 2 1 320 5042 5053 5054 5043 1755 1766 1767 1756
3117 5 2 1 320 1250 1261 1262 1251 5043 5054 5055 5044
3118 5 2 1 320 5043 5054 5055 5044 1756 1767 1768 1757
3119 5 2 1 320 1251 1262 1263 1252 5044 5055 5056 5045
3120 5 2 1 320 5044 5055 5056 5045 1757 1768 1769 1758
3121 5 2 1 320 1252 1263 1264 1253 5045 5056 5057 5046
3122 5 2 1 320 5045 5056 5057 5046 1758 1769 1770 1759
3123 5 2 1 320 1253 1264 132 131 5046 5057 4126 4125
3124 5 2 1 320 5046 5057 4126 4125 1759 1770 224 223
3125 5 2 1 320 86 87 1265 1254 4080 4081 5058 5047
3126 5 2 1 320 4080 4081 5058 5047 178 179 1771 1760
3127 5 2 1 320 1254 1265 1266 1255 5047 5058 5059 5048
3128 5 2 1 320 5047 5058 5059 5048 1760 1771 1772 1761
3129 5 2 1 320 1255 1266 1267 1256 5048 5059 5060 5049
3130 5 2 1 320 5048 5059 5060 5049 1761 1772 1773 1762
3131 5 2 1 320 1256 1267 1268 1257 5049 5060 5061 5050
3132 5 2 1 320 5049 5060 5061 5050 1762 1773 1774 1763
3133 5 2 1 320 1257 1268 1269 1258 5050 5061 5062 5051
3134 5 2 1 320 5050 5061 5062 5051 1763 1774 1775 1764
3135 5 2 1 320 1258 1269 1270 1259 5051 5062 5063 5052
3136 5 2 1 320 5051 5062 5063 5052 1764 1775 1776 1765
3137 5 2 1 320 1259 1270 1271 1260 5052 5063 5064 5053
3138 5 2 1 320 5052 5063 5064 5053 1765 1776 1777 1766
3139 5 2 1 320 1260 1271 1272 1261 5053 5064 5065 5054
3140 5 2 1 320 5053 5064 5065 5054 1766 1777 1778 1767
3141 5 2 1 320 1261 1272 1273 1262 5054 5065 5066 5055
3142 5 2 1 320 5054 5065 5066 5055 1767 1778 1779 1768
3143 5 2 1 320 1262 1273 1274 1263 5055 5066 5067 5056
3144 5 2 1 320 5055 5066 5067 5056 1768 1779 1780 1769
3145 5 2 1 320 1263 1274 1275 1264 5056 5067 5068 5057
3146 5 2 1 320 5056 5067 5068 5057 1769 1780 1781 1770
3147 5 2 1 320 1264 1275 133 132 5057 5068 4127 4126
3148 5 2 1 320 5057 5068 4127 4126 1770 1781 225 224
3149 5 2 1 320 87 3 639 1265 4081 971 4541 5058
3150 5 2 1 320 4081 971 4541 5058 179 13 694 1771
3151 5 2 1 320 1265 639 640 1266 5058 4541 4542 5059
3152 5 2 1 320 5058 4541 4542 5059 1771 694 695 1772
3153 5 2 1 320 1266 640 641 1267 5059 4542 4543 5060
3154 5 2 1 320 5059 4542 4543 5060 1772 695 696 1773
3155 5 2 1 320 1267 641 642 1268 5060 4543 4544 5061
3156 5 2 1 320 5060 4543 4544 5061 1773 696 697 1774
3157 5 2 1 320 1268 642 643 1269 5061 4544 4545 5062
3158 5 2 1 320 5061 4544 4545 5062 1774 697 698 1775
3159 5 2 1 320 1269 643 644 1270 5062 4545 4546 5063
3160 5 2 1 320 5062 4545 4546 5063 1775 698 699 1776
3161 5 2 1 320 1270 644 645 1271 5063 4546 4547 5064
3162 5 2 1 320 5063 4546 4547 5064 1776 699 700 1777
3163 5 2 1 320 1271 645 646 1272 5064 4547 4548 5065
3164 5 2 1 320 5064 4547 4548 5065 1777 700 701 1778
3165 5 2 1 320 1272 646 647 1273 5065 4548 4549 5066
3166 5 2 1 320 5065 4548 4549 5066 1778 701 702 1779
3167 5 2 1 320 1273 647 648 1274 5066 4549 4550 5067
3168 5 2 1 320 5066 4549 4550 5067 1779 702 703 1780
3169 5 2 1 320 1274 648 649 1275 5067 4550 4551 5068
3170 5 2 1 320 5067 4550 4551 5068 1780 703 704 1781
3171 5 2 1 320 1275 649 8 133 5068 4551 976 4127
3172 5 2 1 320 5068 4551 976 4127 1781 704 18 225
3173 5 2 1 322 3 88 1276 639 971 4082 5069 4541
3174 5 2 1 322 971 4082 5069 4541 13 180 1782 694
3175 5 2 1 322 639 1276 1277 640 4541 5069 5070 4542
3176 5 2 1 322 4541 5069 5070 4542 694 1782 1783 695
3177 5 2 1 322 640 1277 1278 641 4542 5070 5071 4543
3178 5 2 1 322 4542 5070 5071 4543 695 1783 1784 696
3179 5 2 1 322 641 1278 1279 642 4543 5071 5072 4544
3180 5 2 1 322 4543 5071 5072 4544 696 1784 1785 697
3181 5 2 1 322 642 1279 1280 643 4544 5072 5073 4545
3182 5 2 1 322 4544 5072 5073 4545 697 1785 1786 698
3183 5 2 1 322 643 1280 1281 644 4545 5073 5074 4546
3184 5 2 1 322 4545 5073 5074 4546 698 1786 1787 699
3185 5 2 1 322 644 1281 1282 645 4546 5074 5075 4547
3186 5 2 1 322 4546 5074 5075 4547 699 1787 1788 700
3187 5 2 1 322 645 1282 1283 646 4547 5075 5076 4548
3188 5 2 1 322 4547 5075 5076 4548 700 1788 1789 701
3189 5 2 1 322 646 1283 1284 647 4548 5076 5077 4549
3190 5 2 1 322 4548 5076 5077 4549 701 1789 1790 702
3191 5 2 1 322 647 1284 1285 648 4549 5077 5078 4550
3192 5 2 1 322 4549 5077 5078 4550 702 1790 1791 703
3193 5 2 1 322 648 1285 1286 649 4550 5078 5079 4551
3194 5 2 1 322 4550 5078 5079 4551 703 1791 1792 704
3195 5 2 1 322 649 1286 134 8 4551 5079 4128 976
3196 5 2 1 322 4551 5079 4128 976 704 1792 226 18
3197 5 2 1 322 88 89 1287 1276 4082 4083 5080 5069
3198 5 2 1 322 4082 4083 5080 5069 180 181 1793 1782
3199 5 2 1 322 1276 1287 1288 1277 5069 5080 5081 5070
3200 5 2 1 322 5069 5080 5081 5070 1782 1793 1794 1783
3201 5 2 1 322 1277 1288 1289 1278 5070 5081 5082 5071
3202 5 2 1 322 5070 5081 5082 5071 1783 1794 1795 1784
3203 5 2 1 322 1278 1289 1290 1279 5071 5082 5083 5072
3204 5 2 1 322 5071 5082 5083 5072 1784 1795 1796 1785
3205 5 2 1 322 1279 1290 1291 1280 5072 5083 5084 5073
3206 5 2 1 322 5072 5083 5084 5073 1785 1796 1797 1786
3207 5 2 1 322 1280 1291 1292 1281 5073 5084 5085 5074
3208 5 2 1 322 5073 5084 5085 5074 1786 1797 1798 1787
3209 5 2 1 322 1281 1292 1293 1282 5074 5085 5086 5075
3210 5 2 1 322 5074 5085 5086 5075 1787 1798 1799 1788
3211 5 2 1 322 1282 1293 1294 1283 5075 5086 5087 5076
3212 5 2 1 322 5075 5086 5087 5076 1788 1799 1800 1789
3213 5 2 1 322 1283 1294 1295 1284 5076 5087 5088 5077
3214 5 2 1 322 5076 5087 5088 5077 1789 1800 1801 1790
3215 5 2 1 322 1284 1295 1296 1285 5077 5088 5089 5078
3216 5 2 1 322 5077 5088 5089 5078 1790 1801 1802 1791
3217 5 2 1 322 1285 1296 1297 1286 5078 5089 5090 5079
3218 5 2 1 322 5078 5089 5090 5079 1791 1802 1803 1792
3219 5 2 1 322 1286 1297 135 134 5079 5090 4129 4128
3220 5 2 1 322 5079 5090 4129 4128 1792 1803 227 226
3221 5 2 1 322 89 90 1298 1287 4083 4084 5091 5080
3222 5 2 1 322 4083 4084 5091 5080 181 182 1804 1793
3223 5 2 1 322 1287 1298 1299 1288 5080 5091 5092 5081
3224 5 2 1 322 5080 5091 5092 5081 1793 1804 1805 1794
3225 5 2 1 322 1288 1299 1300 1289 5081 5092 5093 5082
3226 5 2 1 322 5081 5092 5093 5082 1794 1805 1806 1795
3227 5 2 1 322 1289 1300 1301 1290 5082 5093 5094 5083
3228 5 2 1 322 5082 5093 5094 5083 1795 1806 1807 1796
3229 5 2 1 322 1290 1301 1302 1291 5083 5094 5095 5084
3230 5 2 1 322 5083 5094 5095 5084 1796 1807 1808 1797
3231 5 2 1 322 1291 1302 1303 1292 5084 5095 5096 5085
3232 5 2 1 322 5084 5095 5096 5085 1797 1808 1809 1798
3233 5 2 1 322 1292 1303 1304 1293 5085 5096 5097 5086
3234 5 2 1 322 5085 5096 5097 5086 1798 1809 1810 1799
3235 5 2 1 322 1293 1304 1305 1294 5086 5097 5098 5087
3236 5 2 1 322 5086 5097 5098 5087 1799 1810 1811 1800
3237 5 2 1 322 1294 1305 1306 1295 5087 5098 5099 5088
3238 5 2 1 322 5087 5098 5099 5088 1800 1811 1812 1801
3239 5 2 1 322 1295 1306 1307 1296 5088 5099 5100 5089
3240 5 2 1 322 5088 5099 5100 5089 1801 1812 1813 1802
3241 5 2 1 322 1296 1307 1308 1297 5089 5100 5101 5090
3242 5 2 1 322 5089 5100 5101 5090 1802 1813 1814 1803
3243 5 2 1 322 1297 1308 136 135 5090 5101 4130 4129
3244 5 2 1 322 5090 5101 4130 4129 1803 1814 228 227
3245 5 2 1 322 90 91 1309 1298 4084 4085 5102 5091
3246 5 2 1 322 4084 4085 5102 5091 182 183 1815 1804
3247 5 2 1 322 1298 1309 1310 1299 5091 5102 5103 5092
3248 5 2 1 322 5091 5102 5103 5092 1804 1815 1816 1805
3249 5 2 1 322 1299 1310 1311 1300 5092 5103 5104 5093
3250 5 2 1 322 5092 5103 5104 5093 1805 1816 1817 1806
3251 5 2 1 322 1300 1311 1312 1301 5093 5104 5105 5094
3252 5 2 1 322 5093 5104 5105 5094 1806 1817 1818 1807
3253 5 2 1 322 1301 1312 1313 1302 5094 5105 5106 5095
3254 5 2 1 322 5094 5105 5106 5095 1807 1818 1819 1808
3255 5 2 1 322 1302 1313 1314 1303 5095 5106 5107 5096
3256 5 2 1 322 5095 5106 5107 5096 1808 1819 1820 1809
3257 5 2 1 322 1303 1314 1315 1304 5096 5107 5108 5097
3258 5 2 1 322 5096 5107 5108 5097 1809 1820 1821 1810
3259 5 2 1 322 1304 1315 1316 1305 5097 5108 5109 5098
3260 5 2 1 322 5097 5108 5109 5098 1810 1821 1822 1811
3261 5 2 1 322 1305 1316 1317 1306 5098 5109 5110 5099
3262 5 2 1 322 5098 5109 5110 5099 1811 1822 1823 1812
3263 5 2 1 322 1306 1317 1318 1307 5099 5110 5111 5100
3264 5 2 1 322 5099 5110 5111 5100 1812 1823 1824 1813
3265 5 2 1 322 1307 1318 1319 1308 5100 5111 5112 5101
3266 5 2 1 322 5100 5111 5112 5101 1813 1824 1825 1814
3267 5 2 1 322 1308 1319 137 136 5101 5112 4131 4130
3268 5 2 1 322 5101 5112 4131 4130 1814 1825 229 228
3269 5 2 1 322 91 92 1320 1309 4085 4086 5113 5102
3270 5 2 1 322 4085 4086 5113 5102 183 184 1826 1815
3271 5 2 1 322 1309 1320 1321 1310 5102 5113 5114 5103
3272 5 2 1 322 5102 5113 5114 5103 1815 1826 1827 1816
3273 5 2 1 322 1310 1321 1322 1311 5103 5114 5115 5104
3274 5 2 1 322 5103 5114 5115 5104 1816 1827 1828 1817
3275 5 2 1 322 1311 1322 1323 1312 5104 5115 5116 5105
3276 5 2 1 322 5104 5115 5116 5105 1817 1828 1829 1818
3277 5 2 1 322 1312 1323 1324 1313 5105 5116 5117 5106
3278 5 2 1 322 5105 5116 5117 5106 1818 1829 1830 1819
3279 5 2 1 322 1313 1324 1325 1314 5106 5117 5118 5107
3280 5 2 1 322 5106 5117 5118 5107 1819 1830 1831 1820
3281 5 2 1 322 1314 1325 1326 1315 5107 5118 5119 5108
3282 5 2 1 322 5107 5118 5119 5108 1820 1831 1832 1821
3283 5 2 1 322 1315 1326 1327 1316 5108 5119 5120 5109
3284 5 2 1 322 5108 5119 5120 5109 1821 1832 1833 1822
3285 5 2 1 322 1316 1327 1328 1317 5109 5120 5121 5110
3286 5 2 1 322 5109 5120 5121 5110 1822 1833 1834 1823
3287 5 2 1 322 1317 1328 1329 1318 5110 5121 5122 5111
3288 5 2 1 322 5110 5121 5122 5111 1823 1834 1835 1824
3289 5 2 1 322 1318 1329 1330 1319 5111 5122 5123 5112
3290 5 2 1 322 5111 5122 5123 5112 1824 1835 1836 1825
3291 5 2 1 322 1319 1330 138 137 5112 5123 4132 4131
3292 5 2 1 322 5112 5123 4132 4131 1825 1836 230 229
3293 5 2 1 322 92 93 1331 1320 4086 4087 5124 5113
3294 5 2 1 322 4086 4087 5124 5113 184 185 1837 1826
3295 5 2 1 322 1320 1331 1332 1321 5113 5124 5125 5114
3296 5 2 1 322 5113 5124 5125 5114 1826 1837 1838 1827
3297 5 2 1 322 1321 1332 1333 1322 5114 5125 5126 5115
3298 5 2 1 322 5114 5125 5126 5115 1827 1838 1839 1828
3299 5 2 1 322 1322 1333 1334 1323 5115 5126 5127 5116
3300 5 2 1 322 5115 5126 5127 5116 1828 1839 1840 1829
3301 5 2 1 322 1323 1334 1335 1324 5116 5127 5128 5117
3302 5 2 1 322 5116 5127 5128 5117 1829 1840 1841 1830
3303 5 2 1 322 1324 1335 1336 1325 5117 5128 5129 5118
3304 5 2 1 322 5117 5128 5129 5118 1830 1841 1842 1831
3305 5 2 1 322 1325 1336 1337 1326 5118 5129 5130 5119
3306 5 2 1 322 5118 5129 5130 5119 1831 1842 1843 1832
3307 5 2 1 322 1326 1337 1338 1327 5119 5130 5131 5120
3308 5 2 1 322 5119 5130 5131 5120 1832 1843 1844 1833
3309 5 2 1 322 1327 1338 1339 1328 5120 5131 5132 5121
3310 5 2 1 322 5120 5131 5132 5121 1833 1844 1845 1834
3311 5 2 1 322 1328 1339 1340 1329 5121 5132 5133 5122
3312 5 2 1 322 5121 5132 5133 5122 1834 1845 1846 1835
3313 5 2 1 322 1329 1340 1341 1330 5122 5133 5134 5123
3314 5 2 1 322 5122 5133 5134 5123 1835 1846 1847 1836
3315 5 2 1 322 1330 1341 139 138 5123 5134 4133 4132
3316 5 2 1 322 5123 5134 4133 4132 1836 1847 231 230
3317 5 2 1 322 93 94 1342 1331 4087 4088 5135 5124
3318 5 2 1 322 4087 4088 5135 5124 185 186 1848 1837
3319 5 2 1 322 1331 1342 1343 1332 5124 5135 5136 5125
3320 5 2 1 322 5124 5135 5136 5125 1837 1848 1849 1838
3321 5 2 1 322 1332 1343 1344 1333 5125 5136 5137 5126
3322 5 2 1 322 5125 5136 5137 5126 1838 1849 1850 1839
3323 5 2 1 322 1333 1344 1345 1334 5126 5137 5138 5127
3324 5 2 1 322 5126 5137 5138 5127 1839 1850 1851 1840
3325 5 2 1 322 1334 1345 1346 1335 5127 5138 5139 5128
3326 5 2 1 322 5127 5138 5139 5128 1840 1851 1852 1841
3327 5 2 1 322 1335 1346 1347 1336 5128 5139 5140 5129
3328 5 2 1 322 5128 5139 5140 5129 1841 1852 1853 1842
3329 5 2 1 322 1336 1347 1348 1337 5129 5140 5141 5130
3330 5 2 1 322 5129 5140 5141 5130 1842 1853 1854 1843
3331 5 2 1 322 1337 1348 1349 1338 5130 5141 5142 5131
3332 5 2 1 322 5130 5141 5142 5131 1843 1854 1855 1844
3333 5 2 1 322 1338 1349 1350 1339 5131 5142 5143 5132
3334 5 2 1 322 5131 5142 5143 5132 1844 1855 1856 1845
3335 5 2 1 322 1339 1350 1351 1340 5132 5143 5144 5133
3336 5 2 1 322 5132 5143 5144 5133 1845 1856 1857 1846
3337 5 2 1 322 1340 1351 1352 1341 5133 5144 5145 5134
3338 5 2 1 322 5133 5144 5145 5134 1846 1857 1858 1847
3339 5 2 1 322 1341 1352 140 139 5134 5145 4134 4133
3340 5 2 1 322 5134 5145 4134 4133 1847 1858 232 231
3341 5 2 1 322 94 95 1353 1342 4088 4089 5146 5135
3342 5 2 1 322 4088 4089 5146 5135 186 187 1859 1848
3343 5 2 1 322 1342 1353 1354 1343 5135 5146 5147 5136
3344 5 2 1 322 5135 5146 5147 5136 1848 1859 1860 1849
3345 5 2 1 322 1343 1354 1355 1344 5136 5147 5148 5137
3346 5 2 1 322 5136 5147 5148 5137 1849 1860 1861 1850
3347 5 2 1 322 1344 1355 1356 1345 5137 5148 5149 5138
3348 5 2 1 322 5137 5148 5149 5138 1850 1861 1862 1851
3349 5 2 1 322 1345 1356 1357 1346 5138 5149 5150 5139
3350 5 2 1 322 5138 5149 5150 5139 1851 1862 1863 1852
3351 5 2 1 322 1346 1357 1358 1347 5139 5150 5151 5140
3352 5 2 1 322 5139 5150 5151 5140 1852 1863 1864 1853
3353 5 2 1 322 1347 1358 1359 1348 5140 5151 5152 5141
3354 5 2 1 322 5140 5151 5152 5141 1853 1864 1865 1854
3355 5 2 1 322 1348 1359 1360 1349 5141 5152 5153 5142
3356 5 2 1 322 5141 5152 5153 5142 1854 1865 1866 1855
3357 5 2 1 322 1349 1360 1361 1350 5142 5153 5154 5143
3358 5 2 1 322 5142 5153 5154 5143 1855 1866 1867 1856
3359 5 2 1 322 1350 1361 1362 1351 5143 5154 5155 5144
3360 5 2 1 322 5143 5154 5155 5144 1856 1867 1868 1857
3361 5 2 1 322 1351 1362 1363 1352 5144 5155 5156 5145
3362 5 2 1 322 5144 5155 5156 5145 1857 1868 1869 1858
3363 5 2 1 322 1352 1363 141 140 5145 5156 4135 4134
3364 5 2 1 322 5145 5156 4135 4134 1858 1869 233 232
3365 5 2 1 322 95 96 1364 1353 4089 4090 5157 5146
3366 5 2 1 322 4089 4090 5157 5146 187 188 1870 1859
3367 5 2 1 322 1353 1364 1365 1354 5146 5157 5158 5147
3368 5 2 1 322 5146 5157 5158 5147 1859 1870 1871 1860
3369 5 2 1 322 1354 1365 1366 1355 5147 5158 5159 5148
3370 5 2 1 322 5147 5158 5159 5148 1860 1871 1872 1861
3371 5 2 1 322 1355 1366 1367 1356 5148 5159 5160 5149
3372 5 2 1 322 5148 5159 5160 5149 1861 1872 1873 1862
3373 5 2 1 322 1356 1367 1368 1357 5149 5160 5161 5150
3374 5 2 1 322 5149 5160 5161 5150 1862 1873 1874 1863
3375 5 2 1 322 1357 1368 1369 1358 5150 5161 5162 5151
3376 5 2 1 322 5150 5161 5162 5151 1863 1874 1875 1864
3377 5 2 1 322 1358 1369 1370 1359 5151 5162 5163 5152
3378 5 2 1 322 5151 5162 5163 5152 1864 1875 1876 1865
3379 5 2 1 322 1359 1370 1371 1360 5152 5163 5164 5153
3380 5 2 1 322 5152 5163 5164 5153 1865 1876 1877 1866
3381 5 2 1 322 1360 1371 1372 1361 5153 5164 5165 5154
3382 5 2 1 322 5153 5164 5165 5154 1866 1877 1878 1867
3383 5 2 1 322 1361 1372 1373 1362 5154 5165 5166 5155
3384 5 2 1 322 5154 5165 5166 5155 1867 1878 1879 1868
3385 5 2 1 322 1362 1373 1374 1363 5155 5166 5167 5156
3386 5 2 1 322 5155 5166 5167 5156 1868 1879 1880 1869
3387 5 2 1 322 1363 1374 142 141 5156 5167 4136 4135
3388 5 2 1 322 5156 5167 4136 4135 1869 1880 234 233
3389 5 2 1 322 96 97 1375 1364 4090 4091 5168 5157
3390 5 2 1 322 4090 4091 5168 5157 188 189 1881 1870
3391 5 2 1 322 1364 1375 1376 1365 5157 5168 5169 5158
3392 5 2 1 322 5157 5168 5169 5158 1870 1881 1882 1871
3393 5 2 1 322 1365 1376 1377 1366 5158 5169 5170 5159
3394 5 2 1 322 5158 5169 5170 5159 1871 1882 1883 1872
3395 5 2 1 322 1366 1377 1378 1367 5159 5170 5171 5160
3396 5 2 1 322 5159 5170 5171 5160 1872 1883 1884 1873
3397 5 2 1 322 1367 1378 1379 1368 5160 5171 5172 5161
3398 5 2 1 322 5160 5171 5172 5161 1873 1884 1885 1874
3399 5 2 1 322 1368 1379 1380 1369 5161 5172 5173 5162
3400 5 2 1 322 5161 5172 5173 5162 1874 1885 1886 1875
3401 5 2 1 322 1369 1380 1381 1370 5162 5173 5174 5163
3402 5 2 1 322 5162 5173 5174 5163 1875 1886 1887 1876
3403 5 2 1 322 1370 1381 1382 1371 5163 5174 5175 5164
3404 5 2 1 322 5163 5174 5175 5164 1876 1887 1888 1877
3405 5 2 1 322 1371 1382 1383 1372 5164 5175 5176 5165
3406 5 2 1 322 5164 5175 5176 5165 1877 1888 1889 1878
3407 5 2 1 322 1372 1383 1384 1373 5165 5176 5177 5166
3408 5 2 1 322 5165 5176 5177 5166 1878 1889 1890 1879
3409 5 2 1 322 1373 1384 1385 1374 5166 5177 5178 5167
3410 5 2 1 322 5166 5177 5178 5167 1879 1890 1891 1880
3411 5 2 1 322 1374 1385 143 142 5167 5178 4137 4136
3412 5 2 1 322 5167 5178 4137 4136 1880 1891 235 234
3413 5 2 1 322 97 98 1386 1375 4091 4092 5179 5168
3414 5 2 1 322 4091 4092 5179 5168 189 190 1892 1881
3415 5 2 1 322 1375 1386 1387 1376 5168 5179 5180 5169
3416 5 2 1 322 5168 5179 5180 5169 1881 1892 1893 1882
3417 5 2 1 322 1376 1387 1388 1377 5169 5180 5181 5170
3418 5 2 1 322 5169 5180 5181 5170 1882 1893 1894 1883
3419 5 2 1 322 1377 1388 1389 1378 5170 5181 5182 5171
3420 5 2 1 322 5170 5181 5182 5171 1883 1894 1895 1884
3421 5 2 1 322 1378 1389 1390 1379 5171 5182 5183 5172
3422 5 2 1 322 5171 5182 5183 5172 1884 1895 1896 1885
3423 5 2 1 322 1379 1390 1391 1380 5172 5183 5184 5173
3424 5 2 1 322 5172 5183 5184 5173 1885 1896 1897 1886
3425 5 2 1 322 1380 1391 1392 1381 5173 5184 5185 5174
3426 5 2 1 322 5173 5184 5185 5174 1886 1897 1898 1887
3427 5 2 1 322 1381 1392 1393 1382 5174 5185 5186 5175
3428 5 2 1 322 5174 5185 5186 5175 1887 1898 1899 1888
3429 5 2 1 322 1382 1393 1394 1383 5175 5186 5187 5176
3430 5 2 1 322 5175 5186 5187 5176 1888 1899 1900 1889
3431 5 2 1 322 1383 1394 1395 1384 5176 5187 5188 5177
3432 5 2 1 322 5176 5187 5188 5177 1889 1900 1901 1890
3433 5 2 1 322 1384 1395 1396 1385 5177 5188 5189 5178
3434 5 2 1 322 5177 5188 5189 5178 1890 1901 1902 1891
3435 5 2 1 322 1385 1396 144 143 5178 5189 4138 4137
3436 5 2 1 322 5178 5189 4138 4137 1891 1902 236 235
3437 5 2 1 322 98 99 1397 1386 4092 4093 5190 5179
3438 5 2 1 322 4092 4093 5190 5179 190 191 1903 1892
3439 5 2 1 322 1386 1397 1398 1387 5179 5190 5191 5180
3440 5 2 1 322 5179 5190 5191 5180 1892 1903 1904 1893
3441 5 2 1 322 1387 1398 1399 1388 5180 5191 5192 5181
3442 5 2 1 322 5180 5191 5192 5181 1893 1904 1905 1894
3443 5 2 1 322 1388 1399 1400 1389 5181 5192 5193 5182
3444 5 2 1 322 5181 5192 5193 5182 1894 1905 1906 1895
3445 5 2 1 322 1389 1400 1401 1390 5182 5193 5194 5183
3446 5 2 1 322 5182 5193 5194 5183 1895 1906 1907 1896
3447 5 2 1 322 1390 1401 1402 1391 5183 5194 5195 5184
3448 5 2 1 322 5183 5194 5195 5184 1896 1907 1908 1897
3449 5 2 1 322 1391 1402 1403 1392 5184 5195 5196 5185
3450 5 2 1 322 5184 5195 5196 5185 1897 1908 1909 1898
3451 5 2 1 322 1392 1403 1404 1393 5185 5196 5197 5186
3452 5 2 1 322 5185 5196 5197 5186 1898 1909 1910 1899
3453 5 2 1 322 1393 1404 1405 1394 5186 5197 5198 5187
3454 5 2 1 322 5186 5197 5198 5187 1899 1910 1911 1900
3455 5 2 1 322 1394 1405 1406 1395 5187 5198 5199 5188
3456 5 2 1 322 5187 5198 5199 5188 1900 1911 1912 1901
3457 5 2 1 322 1395 1406 1407 1396 5188 5199 5200 5189
3458 5 2 1 322 5188 5199 5200 5189 1901 1912 1913 1902
3459 5 2 1 322 1396 1407 145 144 5189 5200 4139 4138
3460 5 2 1 322 5189 5200 4139 4138 1902 1913 237 236
3461 5 2 1 322 99 100 1408 1397 4093 4094 5201 5190
3462 5 2 1 322 4093 4094 5201 5190 191 192 1914 1903
3463 5 2 1 322 1397 1408 1409 1398 5190 5201 5202 5191
3464 5 2 1 322 5190 5201 5202 5191 1903 1914 1915 1904
3465 5 2 1 322 1398 1409 1410 1399 5191 5202 5203 5192
3466 5 2 1 322 5191 5202 5203 5192 1904 1915 1916 1905
3467 5 2 1 322 1399 1410 1411 1400 5192 5203 5204 5193
3468 5 2 1 322 5192 5203 5204 5193 1905 1916 1917 1906
3469 5 2 1 322 1400 1411 1412 1401 5193 5204 5205 5194
3470 5 2 1 322 5193 5204 5205 5194 1906 1917 1918 1907
3471 5 2 1 322 1401 1412 1413 1402 5194 5205 5206 5195
3472 5 2 1 322 5194 5205 5206 5195 1907 1918 1919 1908
3473 5 2 1 322 1402 1413 1414 1403 5195 5206 5207 5196
3474 5 2 1 322 5195 5206 5207 5196 1908 1919 1920 1909
3475 5 2 1 322 1403 1414 1415 1404 5196 5207 5208 5197
3476 5 2 1 322 5196 5207 5208 5197 1909 1920 1921 1910
3477 5 2 1 322 1404 1415 1416 1405 5197 5208 5209 5198
3478 5 2 1 322 5197 5208 5209 5198 1910 1921 1922 1911
3479 5 2 1 322 1405 1416 1417 1406 5198 5209 5210 5199
3480 5 2 1 322 5198 5209 5210 5199 1911 1922 1923 1912
3481 5 2 1 322 1406 1417 1418 1407 5199 5210 5211 5200
3482 5 2 1 322 5199 5210 5211 5200 1912 1923 1924 1913
3483 5 2 1 322 1407 1418 146 145 5200 5211 4140 4139
3484 5 2 1 322 5200 5211 4140 4139 1913 1924 238 237
3485 5 2 1 322 100 101 1419 1408 4094 4095 5212 5201
3486 5 2 1 322 4094 4095 5212 5201 192 193 1925 1914
3487 5 2 1 322 1408 1419 1420 1409 5201 5212 5213 5202
3488 5 2 1 322 5201 5212 5213 5202 1914 1925 1926 1915
3489 5 2 1 322 1409 1420 1421 1410 5202 5213 5214 5203
3490 5 2 1 322 5202 5213 5214 5203 1915 1926 1927 1916
3491 5 2 1 322 1410 1421 1422 1411 5203 5214 5215 5204
3492 5 2 1 322 5203 5214 5215 5204 1916 1927 1928 1917
3493 5 2 1 322 1411 1422 1423 1412 5204 5215 5216 5205
3494 5 2 1 322 5204 5215 5216 5205 1917 1928 1929 1918
3495 5 2 1 322 1412 1423 1424 1413 5205 5216 5217 5206
3496 5 2 1 322 5205 5216 5217 5206 1918 1929 1930 1919
3497 5 2 1 322 1413 1424 1425 1414 5206 5217 5218 5207
3498 5 2 1 322 5206 5217 5218 5207 1919 1930 1931 1920
3499 5 2 1 322 1414 1425 1426 1415 5207 5218 5219 5208
3500 5 2 1 322 5207 5218 5219 5208 1920 1931 1932 1921
3501 5 2 1 322 1415 1426 1427 1416 5208 5219 5220 5209
3502 5 2 1 322 5208 5219 5220 5209 1921 1932 1933 1922
3503 5 2 1 322 1416 1427 1428 1417 5209 5220 5221 5210
3504 5 2 1 322 5209 5220 5221 5210 1922 1933 1934 1923
3505 5 2 1 322 1417 1428 1429 1418 5210 5221 5222 5211
3506 5 2 1 322 5210 5221 5222 5211 1923 1934 1935 1924
3507 5 2 1 322 1418 1429 147 146 5211 5222 4141 4140
3508 5 2 1 322 5211 5222 4141 4140 1924 1935 239 238
3509 5 2 1 322 101 102 1430 1419 4095 4096 5223 5212
3510 5 2 1 322 4095 4096 5223 5212 193 194 1936 1925
3511 5 2 1 322 1419 1430 1431 1420 5212 5223 5224 5213
3512 5 2 1 322 5212 5223 5224 5213 1925 1936 1937 1926
3513 5 2 1 322 1420 1431 1432 1421 5213 5224 5225 5214
3514 5 2 1 322 5213 5224 5225 5214 1926 1937 1938 1927
3515 5 2 1 322 1421 1432 1433 1422 5214 5225 5226 5215
3516 5 2 1 322 5214 5225 5226 5215 1927 1938 1939 1928
3517 5 2 1 322 1422 1433 1434 1423 5215 5226 5227 5216
3518 5 2 1 322 5215 5226 5227 5216 1928 1939 1940 1929
3519 5 2 1 322 1423 1434 1435 1424 5216 5227 5228 5217
3520 5 2 1 322 5216 5227 5228 5217 1929 1940 1941 1930
3521 5 2 1 322 1424 1435 1436 1425 5217 5228 5229 5218
3522 5 2 1 322 5217 5228 5229 5218 1930 1941 1942 1931
3523 5 2 1 322 1425 1436 1437 1426 5218 5229 5230 5219
3524 5 2 1 322 5218 5229 5230 5219 1931 1942 1943 1932
3525 5 2 1 322 1426 1437 1438 1427 5219 5230 5231 5220
3526 5 2 1 322 5219 5230 5231 5220 1932 1943 1944 1933
3527 5 2 1 322 1427 1438 1439 1428 5220 5231 5232 5221
3528 5 2 1 322 5220 5231 5232 5221 1933 1944 1945 1934
3529 5 2 1 322 1428 1439 1440 1429 5221 5232 5233 5222
3530 5 2 1 322 5221 5232 5233 5222 1934 1945 1946 1935
3531 5 2 1 322 1429 1440 148 147 5222 5233 4142 4141
3532 5 2 1 322 5222 5233 4142 4141 1935 1946 240 239
3533 5 2 1 322 102 103 1441 1430 4096 4097 5234 5223
3534 5 2 1 322 4096 4097 5234 5223 194 195 1947 1936
3535 5 2 1 322 1430 1441 1442 1431 5223 5234 5235 5224
3536 5 2 1 322 5223 5234 5235 5224 1936 1947 1948 1937
3537 5 2 1 322 1431 1442 1443 1432 5224 5235 5236 5225
3538 5 2 1 322 5224 5235 5236 5225 1937 1948 1949 1938
3539 5 2 1 322 1432 1443 1444 1433 5225 5236 5237 5226
3540 5 2 1 322 5225 5236 5237 5226 1938 1949 1950 1939
3541 5 2 1 322 1433 1444 1445 1434 5226 5237 5238 5227
3542 5 2 1 322 5226 5237 5238 5227 1939 1950 1951 1940
3543 5 2 1 322 1434 1445 1446 1435 5227 5238 5239 5228
3544 5 2 1 322 5227 5238 5239 5228 1940 1951 1952 1941
3545 5 2 1 322 1435 1446 1447 1436 5228 5239 5240 5229
3546 5 2 1 322 5228 5239 5240 5229 1941 1952 1953 1942
3547 5 2 1 322 1436 1447 1448 1437 5229 5240 5241 5230
3548 5 2 1 322 5229 5240 5241 5230 1942 1953 1954 1943
3549 5 2 1 322 1437 1448 1449 1438 5230 5241 5242 5231
3550 5 2 1 322 5230 5241 5242 5231 1943 1954 1955 1944
3551 5 2 1 322 1438 1449 1450 1439 5231 5242 5243 5232
3552 5 2 1 322 5231 5242 5243 5232 1944 1955 1956 1945
3553 5 2 1 322 1439 1450 1451 1440 5232 5243 5244 5233
3554 5 2 1 322 5232 5243 5244 5233 1945 1956 1957 1946
3555 5 2 1 322 1440 1451 149 148 5233 5244 4143 4142
3556 5 2 1 322 5233 5244 4143 4142 1946 1957 241 240
3557 5 2 1 322 103 104 1452 1441 4097 4098 5245 5234
3558 5 2 1 322 4097 4098 5245 5234 195 196 1958 1947
3559 5 2 1 322 1441 1452 1453 1442 5234 5245 5246 5235
3560 5 2 1 322 5234 5245 5246 5235 1947 1958 1959 1948
3561 5 2 1 322 1442 1453 1454 1443 5235 5246 5247 5236
3562 5 2 1 322 5235 5246 5247 5236 1948 1959 1960 1949
3563 5 2 1 322 1443 1454 1455 1444 5236 5247 5248 5237
3564 5 2 1 322 5236 5247 5248 5237 1949 1960 1961 1950
3565 5 2 1 322 1444 1455 1456 1445 5237 5248 5249 5238
3566 5 2 1 322 5237 5248 5249 5238 1950 1961 1962 1951
3567 5 2 1 322 1445 1456 1457 1446 5238 5249 5250 5239
3568 5 2 1 322 5238 5249 5250 5239 1951 1962 1963 1952
3569 5 2 1 322 1446 1457 1458 1447 5239 5250 5251 5240
3570 5 2 1 322 5239 5250 5251 5240 1952 1963 1964 1953
3571 5 2 1 322 1447 1458 1459 1448 5240 5251 5252 5241
3572 5 2 1 322 5240 5251 5252 5241 1953 1964 1965 1954
3573 5 2 1 322 1448 1459 1460 1449 5241 5252 5253 5242
3574 5 2 1 322 5241 5252 5253 5242 1954 1965 1966 1955
3575 5 2 1 322 1449 1460 1461 1450 5242 5253 5254 5243
3576 5 2 1 322 5242 5253 5254 5243 1955 1966 1967 1956
3577 5 2 1 322 1450 1461 1462 1451 5243 5254 5255 5244
3578 5 2 1 322 5243 5254 5255 5244 1956 1967 1968 1957
3579 5 2 1 322 1451 1462 150 149 5244 5255 4144 4143
3580 5 2 1 322 5244 5255 4144 4143 1957 1968 242 241
3581 5 2 1 322 104 105 1463 1452 4098 4099 5256 5245
3582 5 2 1 322 4098 4099 5256 5245 196 197 1969 1958
3583 5 2 1 322 1452 1463 1464 1453 5245 5256 5257 5246
3584 5 2 1 322 5245 5256 5257 5246 1958 1969 1970 1959
3585 5 2 1 322 1453 1464 1465 1454 5246 5257 5258 5247
3586 5 2 1 322 5246 5257 5258 5247 1959 1970 1971 1960
3587 5 2 1 322 1454 1465 1466 1455 5247 5258 5259 5248
3588 5 2 1 322 5247 5258 5259 5248 1960 1971 1972 1961
3589 5 2 1 322 1455 1466 1467 1456 5248 5259 5260 5249
3590 5 2 1 322 5248 5259 5260 5249 1961 1972 1973 1962
3591 5 2 1 322 1456 1467 1468 1457 5249 5260 5261 5250
3592 5 2 1 322 5249 5260 5261 5250 1962 1973 1974 1963
3593 5 2 1 322 1457 1468 1469 1458 5250 5261 5262 5251
3594 5 2 1 322 5250 5261 5262 5251 1963 1974 1975 1964
3595 5 2 1 322 1458 1469 1470 1459 5251 5262 5263 5252
3596 5 2 1 322 5251 5262 5263 5252 1964 1975 1976 1965
3597 5 2 1 322 1459 1470 1471 1460 5252 5263 5264 5253
3598 5 2 1 322 5252 5263 5264 5253 1965 1976 1977 1966
3599 5 2 1 322 1460 1471 1472 1461 5253 5264 5265 5254
3600 5 2 1 322 5253 5264 5265 5254 1966 1977 1978 1967
3601 5 2 1 322 1461 1472 1473 1462 5254 5265 5266 5255
3602 5 2 1 322 5254 5265 5266 5255 1967 1978 1979 1968
3603 5 2 1 322 1462 1473 151 150 5255 5266 4145 4144
3604 5 2 1 322 5255 5266 4145 4144 1968 1979 243 242
3605 5 2 1 322 105 106 1474 1463 4099 4100 5267 5256
3606 5 2 1 322 4099 4100 5267 5256 197 198 1980 1969
3607 5 2 1 322 1463 1474 1475 1464 5256 5267 5268 5257
3608 5 2 1 322 5256 5267 5268 5257 1969 1980 1981 1970
3609 5 2 1 322 1464 1475 1476 1465 5257 5268 5269 5258
3610 5 2 1 322 5257 5268 5269 5258 1970 1981 1982 1971
3611 5 2 1 322 1465 1476 1477 1466 5258 5269 5270 5259
3612 5 2 1 322 5258 5269 5270 5259 1971 1982 1983 1972
3613 5 2 1 322 1466 1477 1478 1467 5259 5270 5271 5260
3614 5 2 1 322 5259 5270 5271 5260 1972 1983 1984 1973
3615 5 2 1 322 1467 1478 1479 1468 5260 5271 5272 5261
3616 5 2 1 322 5260 5271 5272 5261 1973 1984 1985 1974
3617 5 2 1 322 1468 1479 1480 1469 5261 5272 5273 5262
3618 5 2 1 322 5261 5272 5273 5262 1974 1985 1986 1975
3619 5 2 1 322 1469 1480 1481 1470 5262 5273 5274 5263
3620 5 2 1 322 5262 5273 5274 5263 1975 1986 1987 1976
3621 5 2 1 322 1470 1481 1482 1471 5263 5274 5275 5264
3622 5 2 1 322 5263 5274 5275 5264 1976 1987 1988 1977
3623 5 2 1 322 1471 1482 1483 1472 5264 5275 5276 5265
3624 5 2 1 322 5264 5275 5276 5265 1977 1988 1989 1978
3625 5 2 1 322 1472 1483 1484 1473 5265 5276 5277 5266
3626 5 2 1 322 5265 5276 5277 5266 1978 1989 1990 1979
3627 5 2 1 322 1473 1484 152 151 5266 5277 4146 4145
3628 5 2 1 322 5266 5277 4146 4145 1979 1990 244 243
3629 5 2 1 322 106 107 1485 1474 4100 4101 5278 5267
3630 5 2 1 322 4100 4101 5278 5267 198 199 1991 1980
3631 5 2 1 322 1474 1485 1486 1475 5267 5278 5279 5268
3632 5 2 1 322 5267 5278 5279 5268 1980 1991 1992 1981
3633 5 2 1 322 1475 1486 1487 1476 5268 5279 5280 5269
3634 5 2 1 322 5268 5279 5280 5269 1981 1992 1993 1982
3635 5 2 1 322 1476 1487 1488 1477 5269 5280 5281 5270
3636 5 2 1 322 5269 5280 5281 5270 1982 1993 1994 1983
3637 5 2 1 322 1477 1488 1489 1478 5270 5281 5282 5271
3638 5 2 1 322 5270 5281 5282 5271 1983 1994 1995 1984
3639 5 2 1 322 1478 1489 1490 1479 5271 5282 5283 5272
3640 5 2 1 322 5271 5282 5283 5272 1984 1995 1996 1985
3641 5 2 1 322 1479 1490 1491 1480 5272 5283 5284 5273
3642 5 2 1 322 5272 5283 5284 5273 1985 1996 1997 1986
3643 5 2 1 322 1480 1491 1492 1481 5273 5284 5285 5274
3644 5 2 1 322 5273 5284 5285 5274 1986 1997 1998 1987
3645 5 2 1 322 1481 1492 1493 1482 5274 5285 5286 5275
3646 5 2 1 322 5274 5285 5286 5275 1987 1998 1999 1988
3647 5 2 1 322 1482 1493 1494 1483 5275 5286 5287 5276
3648 5 2 1 322 5275 5286 5287 5276 1988 1999 2000 1989
3649 5 2 1 322 1483 1494 1495 1484 5276 5287 5288 5277
3650 5 2 1 322 5276 5287 5288 5277 1989 2000 2001 1990
3651 5 2 1 322 1484 1495 153 152 5277 5288 4147 4146
3652 5 2 1 322 5277 5288 4147 4146 1990 2001 245 244
3653 5 2 1 322 107 108 1496 1485 4101 4102 5289 5278
3654 5 2 1 322 4101 4102 5289 5278 199 200 2002 1991
3655 5 2 1 322 1485 1496 1497 1486 5278 5289 5290 5279
3656 5 2 1 322 5278 5289 5290 5279 1991 2002 2003 1992
3657 5 2 1 322 1486 1497 1498 1487 5279 5290 5291 5280
3658 5 2 1 322 5279 5290 5291 5280 1992 2003 2004 1993
3659 5 2 1 322 1487 1498 1499 1488 5280 5291 5292 5281
3660 5 2 1 322 5280 5291 5292 5281 1993 2004 2005 1994
3661 5 2 1 322 1488 1499 1500 1489 5281 5292 5293 5282
3662 5 2 1 322 5281 5292 5293 5282 1994 2005 2006 1995
3663 5 2 1 322 1489 1500 1501 1490 5282 5293 5294 5283
3664 5 2 1 322 5282 5293 5294 5283 1995 2006 2007 1996
3665 5 2 1 322 1490 1501 1502 1491 5283 5294 5295 5284
3666 5 2 1 322 5283 5294 5295 5284 1996 2007 2008 1997
3667 5 2 1 322 1491 1502 1503 1492 5284 5295 5296 5285
3668 5 2 1 322 5284 5295 5296 5285 1997 2008 2009 1998
3669 5 2 1 322 1492 1503 1504 1493 5285 5296 5297 5286
3670 5 2 1 322 5285 5296 5297 5286 1998 2009 2010 1999
3671 5 2 1 322 1493 1504 1505 1494 5286 5297 5298 5287
3672 5 2 1 322 5286 5297 5298 5287 1999 2010 2011 2000
3673 5 2 1 322 1494 1505 1506 1495 5287 5298 5299 5288
3674 5 2 1 322 5287 5298 5299 5288 2000 2011 2012 2001
3675 5 2 1 322 1495 1506 154 153 5288 5299 4148 4147
3676 5 2 1 322 5288 5299 4148 4147 2001 2012 246 245
3677 5 2 1 322 108 109 1507 1496 4102 4103 5300 5289
3678 5 2 1 322 4102 4103 5300 5289 200 201 2013 2002
3679 5 2 1 322 1496 1507 1508 1497 5289 5300 5301 5290
3680 5 2 1 322 5289 5300 5301 5290 2002 2013 2014 2003
3681 5 2 1 322 1497 1508 1509 1498 5290 5301 5302 5291
3682 5 2 1 322 5290 5301 5302 5291 2003 2014 2015 2004
3683 5 2 1 322 1498 1509 1510 1499 5291 5302 5303 5292
3684 5 2 1 322 5291 5302 5303 5292 2004 2015 2016 2005
3685 5 2 1 322 1499 1510 1511 1500 5292 5303 5304 5293
3686 5 2 1 322 5292 5303 5304 5293 2005 2016 2017 2006
3687 5 2 1 322 1500 1511 1512 1501 5293 5304 5305 5294
3688 5 2 1 322 5293 5304 5305 5294 2006 2017 2018 2007
3689 5 2 1 322 1501 1512 1513 1502 5294 5305 5306 5295
3690 5 2 1 322 5294 5305 5306 5295 2007 2018 2019 2008
3691 5 2 1 322 1502 1513 1514 1503 5295 5306 5307 5296
3692 5 2 1 322 5295 5306 5307 5296 2008 2019 2020 2009
3693 5 2 1 322 1503 1514 1515 1504 5296 5307 5308 5297
3694 5 2 1 322 5296 5307 5308 5297 2009 2020 2021 2010
3695 5 2 1 322 1504 1515 1516 1505 5297 5308 5309 5298
3696 5 2 1 322 5297 5308 5309 5298 2010 2021 2022 2011
3697 5 2 1 322 1505 1516 1517 1506 5298 5309 5310 5299
3698 5 2 1 322 5298 5309 5310 5299 2011 2022 2023 2012
3699 5 2 1 322 1506 1517 155 154 5299 5310 4149 4148
3700 5 2 1 322 5299 5310 4149 4148 2012 2023 247 246
3701 5 2 1 322 109 4 650 1507 4103 972 4552 5300
3702 5 2 1 322 4103 972 4552 5300 201 14 705 2013
3703 5 2 1 322 1507 650 651 1508 5300 4552 4553 5301
3704 5 2 1 322 5300 4552 4553 5301 2013 705 706 2014
3705 5 2 1 322 1508 651 652 1509 5301 4553 4554 5302
3706 5 2 1 322 5301 4553 4554 5302 2014 706 707 2015
3707 5 2 1 322 1509 652 653 1510 5302 4554 4555 5303
3708 5 2 1 322 5302 4554 4555 5303 2015 707 708 2016
3709 5 2 1 322 1510 653 654 1511 5303 4555 4556 5304
3710 5 2 1 322 5303 4555 4556 5304 2016 708 709 2017
3711 5 2 1 322 1511 654 655 1512 5304 4556 4557 5305
3712 5 2 1 322 5304 4556 4557 5305 2017 709 710 2018
3713 5 2 1 322 1512 655 656 1513 5305 4557 4558 5306
3714 5 2 1 322 5305 4557 4558 5306 2018 710 711 2019
3715 5 2 1 322 1513 656 657 1514 5306 4558 4559 5307
3716 5 2 1 322 5306 4558 4559 5307 2019 711 712 2020
3717 5 2 1 322 1514 657 658 1515 5307 4559 4560 5308
3718 5 2 1 322 5307 4559 4560 5308 2020 712 713 2021
3719 5 2 1 322 1515 658 659 1516 5308 4560 4561 5309
3720 5 2 1 322 5308 4560 4561 5309 2021 713 714 2022
3721 5 2 1 322 1516 659 660 1517 5309 4561 4562 5310
3722 5 2 1 322 5309 4561 4562 5310 2022 714 715 2023
3723 5 2 1 322 1517 660 9 155 5310 4562 977 4149
3724 5 2 1 322 5310 4562 977 4149 2023 715 19 247
3725 5 2 1 324 4 110 1518 650 972 4104 5311 4552
3726 5 2 1 324 972 4104 5311 4552 14 202 2024 705
3727 5 2 1 324 650 1518 1519 651 4552 5311 5312 4553
3728 5 2 1 324 4552 5311 5312 4553 705 2024 2025 706
3729 5 2 1 324 651 1519 1520 652 4553 5312 5313 4554
3730 5 2 1 324 4553 5312 5313 4554 706 2025 2026 707
3731 5 2 1 324 652 1520 1521 653 4554 5313 5314 4555
3732 5 2 1 324 4554 5313 5314 4555 707 2026 2027 708
3733 5 2 1 324 653 1521 1522 654 4555 5314 5315 4556
3734 5 2 1 324 4555 5314 5315 4556 708 2027 2028 709
3735 5 2 1 324 654 1522 1523 655 4556 5315 5316 4557
3736 5 2 1 324 4556 5315 5316 4557 709 2028 2029 710
3737 5 2 1 324 655 1523 1524 656 4557 5316 5317 4558
3738 5 2 1 324 4557 5316 5317 4558 710 2029 2030 711
3739 5 2 1 324 656 1524 1525 657 4558 5317 5318 4559
3740 5 2 1 324 4558 5317 5318 4559 711 2030 2031 712
3741 5 2 1 324 657 1525 1526 658 4559 5318 5319 4560
3742 5 2 1 324 4559 5318 5319 4560 712 2031 2032 713
3743 5 2 1 324 658 1526 1527 659 4560 5319 5320 4561
3744 5 2 1 324 4560 5319 5320 4561 713 2032 2033 714
3745 5 2 1 324 659 1527 1528 660 4561 5320 5321 4562
3746 5 2 1 324 4561 5320 5321 4562 714 2033 2034 715
3747 5 2 1 324 660 1528 156 9 4562 5321 4150 977
3748 5 2 1 324 4562 5321 4150 977 715 2034 248 19
3749 5 2 1 324 110 5 661 1518 4104 973 4563 5311
3750 5 2 1 324 4104 973 4563 5311 202 15 716 2024
3751 5 2 1 324 1518 661 662 1519 5311 4563 4564 5312
3752 5 2 1 324 5311 4563 4564 5312 2024 716 717 2025
3753 5 2 1 324 1519 662 663 1520 5312 4564 4565 5313
3754 5 2 1 324 5312 4564 4565 5313 2025 717 718 2026
3755 5 2 1 324 1520 663 664 1521 5313 4565 4566 5314
3756 5 2 1 324 5313 4565 4566 5314 2026 718 719 2027
3757 5 2 1 324 1521 664 665 1522 5314 4566 4567 5315
3758 5 2 1 324 5314 4566 4567 5315 2027 719 720 2028
3759 5 2 1 324 1522 665 666 1523 5315 4567 4568 5316
3760 5 2 1 324 5315 4567 4568 5316 2028 720 721 2029
3761 5 2 1 324 1523 666 667 1524 5316 4568 4569 5317
3762 5 2 1 324 5316 4568 4569 5317 2029 721 722 2030
3763 5 2 1 324 1524 667 668 1525 5317 4569 4570 5318
3764 5 2 1 324 5317 4569 4570 5318 2030 722 723 2031
3765 5 2 1 324 1525 668 669 1526 5318 4570 4571 5319
3766 5 2 1 324 5318 4570 4571 5319 2031 723 724 2032
3767 5 2 1 324 1526 669 670 1527 5319 4571 4572 5320
3768 5 2 1 324 5319 4571 4572 5320 2032 724 725 2033
3769 5 2 1 324 1527 670 671 1528 5320 4572 4573 5321
3770 5 2 1 324 5320 4572 4573 5321 2033 725 726 2034
3771 5 2 1 324 1528 671 10 156 5321 4573 978 4150
3772 5 2 1 324 5321 4573 978 4150 2034 726 20 248
3773 5 2 1 326 11 157 1529 672 979 4151 5322 4574
3774 5 2 1 326 979 4151 5322 4574 21 249 2035 727
3775 5 2 1 326 672 1529 1530 673 4574 5322 5323 4575
3776 5 2 1 326 4574 5322 5323 4575 727 2035 2036 728
3777 5 2 1 326 673 1530 1531 674 4575 5323 5324 4576
3778 5 2 1 326 4575 5323 5324 4576 728 2036 2037 729
3779 5 2 1 326 674 1531 1532 675 4576 5324 5325 4577
3780 5 2 1 326 4576 5324 5325 4577 729 2037 2038 730
3781 5 2 1 326 675 1532 1533 676 4577 5325 5326 4578
3782 5 2 1 326 4577 5325 5326 4578 730 2038 2039 731
3783 5 2 1 326 676 1533 1534 677 4578 5326 5327 4579
3784 5 2 1 326 4578 5326 5327 4579 731 2039 2040 732
3785 5 2 1 326 677 1534 1535 678 4579 5327 5328 4580
3786 5 2 1 326 4579 5327 5328 4580 732 2040 2041 733
3787 5 2 1 326 678 1535 1536 679 4580 5328 5329 4581
3788 5 2 1 326 4580 5328 5329 4581 733 2041 2042 734
3789 5 2 1 326 679 1536 1537 680 4581 5329 5330 4582
3790 5 2 1 326 4581 5329 5330 4582 734 2042 2043 735
3791 5 2 1 326 680 1537 1538 681 4582 5330 5331 4583
3792 5 2 1 326 4582 5330 5331 4583 735 2043 2044 736
3793 5 2 1 326 681 1538 1539 682 4583 5331 5332 4584
3794 5 2 1 326 4583 5331 5332 4584 736 2044 2045 737
3795 5 2 1 326 682 1539 203 16 4584 5332 4197 984
3796 5 2 1 326 4584 5332 4197 984 737 2045 295 26
3797 5 2 1 326 157 12 683 1529 4151 980 4585 5322
3798 5 2 1 326 4151 980 4585 5322 249 22 738 2035
3799 5 2 1 326 1529 683 684 1530 5322 4585 4586 5323
3800 5 2 1 326 5322 4585 4586 5323 2035 738 739 2036
3801 5 2 1 326 1530 684 685 1531 5323 4586 4587 5324
3802 5 2 1 326 5323 4586 4587 5324 2036 739 740 2037
3803 5 2 1 326 1531 685 686 1532 5324 4587 4588 5325
3804 5 2 1 326 5324 4587 4588 5325 2037 740 741 2038
3805 5 2 1 326 1532 686 687 1533 5325 4588 4589 5326
3806 5 2 1 326 5325 4588 4589 5326 2038 741 742 2039
3807 5 2 1 326 1533 687 688 1534 5326 4589 4590 5327
3808 5 2 1 326 5326 4589 4590 5327 2039 742 743 2040
3809 5 2 1 326 1534 688 689 1535 5327 4590 4591 5328
3810 5 2 1 326 5327 4590 4591 5328 2040 743 744 2041
3811 5 2 1 326 1535 689 690 1536 5328 4591 4592 5329
3812 5 2 1 326 5328 4591 4592 5329 2041 744 745 2042
3813 5 2 1 326 1536 690 691 1537 5329 4592 4593 5330
3814 5 2 1 326 5329 4592 4593 5330 2042 745 746 2043
3815 5 2 1 326 1537 691 692 1538 5330 4593 4594 5331
3816 5 2 1 326 5330 4593 4594 5331 2043 746 747 2044
3817 5 2 1 326 1538 692 693 1539 5331 4594 4595 5332
3818 5 2 1 326 5331 4594 4595 5332 2044 747 748 2045
3819 5 2 1 326 1539 693 17 203 5332 4595 985 4197
3820 5 2 1 326 5332 4595 985 4197 2045 748 27 295
3821 5 2 1 328 12 158 1540 683 980 4152 5333 4585
3822 5 2 1 328 980 4152 5333 4585 22 250 2046 738
3823 5 2 1 328 683 1540 1541 684 4585 5333 5334 4586
3824 5 2 1 328 4585 5333 5334 4586 738 2046 2047 739
3825 5 2 1 328 684 1541 1542 685 4586 5334 5335 4587
3826 5 2 1 328 4586 5334 5335 4587 739 2047 2048 740
3827 5 2 1 328 685 1542 1543 686 4587 5335 5336 4588
3828 5 2 1 328 4587 5335 5336 4588 740 2048 2049 741
3829 5 2 1 328 686 1543 1544 687 4588 5336 5337 4589
3830 5 2 1 328 4588 5336 5337 4589 741 2049 2050 742
3831 5 2 1 328 687 1544 1545 688 4589 5337 5338 4590
3832 5 2 1 328 4589 5337 5338 4590 742 2050 2051 743
3833 5 2 1 328 688 1545 1546 689 4590 5338 5339 4591
3834 5 2 1 328 4590 5338 5339 4591 743 2051 2052 744
3835 5 2 1 328 689 1546 1547 690 4591 5339 5340 4592
3836 5 2 1 328 4591 5339 5340 4592 744 2052 2053 745
3837 5 2 1 328 690 1547 1548 691 4592 5340 5341 4593
3838 5 2 1 328 4592 5340 5341 4593 745 2053 2054 746
3839 5 2 1 328 691 1548 1549 692 4593 5341 5342 4594
3840 5 2 1 328 4593 5341 5342 4594 746 2054 2055 747
3841 5 2 1 328 692 1549 1550 693 4594 5342 5343 4595
3842 5 2 1 328 4594 5342 5343 4595 747 2055 2056 748
3843 5 2 1 328 693 1550 204 17 4595 5343 4198 985
3844 5 2 1 328 4595 5343 4198 985 748 2056 296 27
3845 5 2 1 328 158 159 1551 1540 4152 4153 5344 5333
3846 5 2 1 328 4152 4153 5344 5333 250 251 2057 2046
3847 5 2 1 328 1540 1551 1552 1541 5333 5344 5345 5334
3848 5 2 1 328 5333 5344 5345 5334 2046 2057 2058 2047
3849 5 2 1 328 1541 1552 1553 1542 5334 5345 5346 5335
3850 5 2 1 328 5334 5345 5346 5335 2047 2058 2059 2048
3851 5 2 1 328 1542 1553 1554 1543 5335 5346 5347 5336
3852 5 2 1 328 5335 5346 5347 5336 2048 2059 2060 2049
3853 5 2 1 328 1543 1554 1555 1544 5336 5347 5348 5337
3854 5 2 1 328 5336 5347 5348 5337 2049 2060 2061 2050
3855 5 2 1 328 1544 1555 1556 1545 5337 5348 5349 5338
3856 5 2 1 328 5337 5348 5349 5338 2050 2061 2062 2051
3857 5 2 1 328 1545 1556 1557 1546 5338 5349 5350 5339
3858 5 2 1 328 5338 5349 5350 5339 2051 2062 2063 2052
3859 5 2 1 328 1546 1557 1558 1547 5339 5350 5351 5340
3860 5 2 1 328 5339 5350 5351 5340 2052 2063 2064 2053
3861 5 2 1 328 1547 1558 1559 1548 5340 5351 5352 5341
3862 5 2 1 328 5340 5351 5352 5341 2053 2064 2065 2054
3863 5 2 1 328 1548 1559 1560 1549 5341 5352 5353 5342
3864 5 2 1 328 5341 5352 5353 5342 2054 2065 2066 2055
3865 5 2 1 328 1549 1560 1561 1550 5342 5353 5354 5343
3866 5 2 1 328 5342 5353 5354 5343 2055 2066 2067 2056
3867 5 2 1 328 1550 1561 205 204 5343 5354 4199 4198
3868 5 2 1 328 5343 5354 4199 4198 2056 2067 297 296
3869 5 2 1 328 159 160 1562 1551 4153 4154 5355 5344
3870 5 2 1 328 4153 4154 5355 5344 251 252 2068 2057
3871 5 2 1 328 1551 1562 1563 1552 5344 5355 5356 5345
3872 5 2 1 328 5344 5355 5356 5345 2057 2068 2069 2058
3873 5 2 1 328 1552 1563 1564 1553 5345 5356 5357 5346
3874 5 2 1 328 5345 5356 5357 5346 2058 2069 2070 2059
3875 5 2 1 328 1553 1564 1565 1554 5346 5357 5358 5347
3876 5 2 1 328 5346 5357 5358 5347 2059 2070 2071 2060
3877 5 2 1 328 1554 1565 1566 1555 5347 5358 5359 5348
3878 5 2 1 328 5347 5358 5359 5348 2060 2071 2072 2061
3879 5 2 1 328 1555 1566 1567 1556 5348 5359 5360 5349
3880 5 2 1 328 5348 5359 5360 5349 2061 2072 2073 2062
3881 5 2 1 328 1556 1567 1568 1557 5349 5360 5361 5350
3882 5 2 1 328 5349 5360 5361 5350 2062 2073 2074 2063
3883 5 2 1 328 1557 1568 1569 1558 5350 5361 5362 5351
3884 5 2 1 328 5350 5361 5362 5351 2063 2074 2075 2064
3885 5 2 1 328 1558 1569 1570 1559 5351 5362 5363 5352
3886 5 2 1 328 5351 5362 5363 5352 2064 2075 2076 2065
3887 5 2 1 328 1559 1570 1571 1560 5352 5363 5364 5353
3888 5 2 1 328 5352 5363 5364 5353 2065 2076 2077 2066
3889 5 2 1 328 1560 1571 1572 1561 5353 5364 5365 5354
3890 5 2 1 328 5353 5364 5365 5354 2066 2077 2078 2067
3891 5 2 1 328 1561 1572 206 205 5354 5365 4200 4199
3892 5 2 1 328 5354 5365 4200 4199 2067 2078 298 297
3893 5 2 1 328 160 161 1573 1562 4154 4155 5366 5355
3894 5 2 1 328 4154 4155 5366 5355 252 253 2079 2068
3895 5 2 1 328 1562 1573 1574 1563 5355 5366 5367 5356
3896 5 2 1 328 5355 5366 5367 5356 2068 2079 2080 2069
3897 5 2 1 328 1563 1574 1575 1564 5356 5367 5368 5357
3898 5 2 1 328 5356 5367 5368 5357 2069 2080 2081 2070
3899 5 2 1 328 1564 1575 1576 1565 5357 5368 5369 5358
3900 5 2 1 328 5357 5368 5369 5358 2070 2081 2082 2071
3901 5 2 1 328 1565 1576 1577 1566 5358 5369 5370 5359
3902 5 2 1 328 5358 5369 5370 5359 2071 2082 2083 2072
3903 5 2 1 328 1566 1577 1578 1567 5359 5370 5371 5360
3904 5 2 1 328 5359 5370 5371 5360 2072 2083 2084 2073
3905 5 2 1 328 1567 1578 1579 1568 5360 5371 5372 5361
3906 5 2 1 328 5360 5371 5372 5361 2073 2084 2085 2074
3907 5 2 1 328 1568 1579 1580 1569 5361 5372 5373 5362
3908 5 2 1 328 5361 5372 5373 5362 2074 2085 2086 2075
3909 5 2 1 328 1569 1580 1581 1570 5362 5373 5374 5363
3910 5 2 1 328 5362 5373 5374 5363 2075 2086 2087 2076
3911 5 2 1 328 1570 1581 1582 1571 5363 5374 5375 5364
3912 5 2 1 328 5363 5374 5375 5364 2076 2087 2088 2077
3913 5 2 1 328 1571 1582 1583 1572 5364 5375 5376 5365
3914 5 2 1 328 5364 5375 5376 5365 2077 2088 2089 2078
3915 5 2 1 328 1572 1583 207 206 5365 5376 4201 4200
3916 5 2 1 328 5365 5376 4201 4200 2078 2089 299 298
3917 5 2 1 328 161 162 1584 1573 4155 4156 5377 5366
3918 5 2 1 328 4155 4156 5377 5366 253 254 2090 2079
3919 5 2 1 328 1573 1584 1585 1574 5366 5377 5378 5367
3920 5 2 1 328 5366 5377 5378 5367 2079 2090 2091 2080
3921 5 2 1 328 1574 1585 1586 1575 5367 5378 5379 5368
3922 5 2 1 328 5367 5378 5379 5368 2080 2091 2092 2081
3923 5 2 1 328 1575 1586 1587 1576 5368 5379 5380 5369
3924 5 2 1 328 5368 5379 5380 5369 2081 2092 2093 2082
3925 5 2 1 328 1576 1587 1588 1577 5369 5380 5381 5370
3926 5 2 1 328 5369 5380 5381 5370 2082 2093 2094 2083
3927 5 2 1 328 1577 1588 1589 1578 5370 5381 5382 5371
3928 5 2 1 328 5370 5381 5382 5371 2083 2094 2095 2084
3929 5 2 1 328 1578 1589 1590 1579 5371 5382 5383 5372
3930 5 2 1 328 5371 5382 5383 5372 2084 2095 2096 2085
3931 5 2 1 328 1579 1590 1591 1580 5372 5383 5384 5373
3932 5 2 1 328 5372 5383 5384 5373 2085 2096 2097 2086
3933 5 2 1 328 1580 1591 1592 1581 5373 5384 5385 5374
3934 5 2 1 328 5373 5384 5385 5374 2086 2097 2098 2087
3935 5 2 1 328 1581 1592 1593 1582 5374 5385 5386 5375
3936 5 2 1 328 5374 5385 5386 5375 2087 2098 2099 2088
3937 5 2 1 328 1582 1593 1594 1583 5375 5386 5387 5376
3938 5 2 1 328 5375 5386 5387 5376 2088 2099 2100 2089
3939 5 2 1 328 1583 1594 208 207 5376 5387 4202 4201
3940 5 2 1 328 5376 5387 4202 4201 2089 2100 300 299
3941 5 2 1 328 162 163 1595 1584 4156 4157 5388 5377
3942 5 2 1 328 4156 4157 5388 5377 254 255 2101 2090
3943 5 2 1 328 1584 1595 1596 1585 5377 5388 5389 5378
3944 5 2 1 328 5377 5388 5389 5378 2090 2101 2102 2091
3945 5 2 1 328 1585 1596 1597 1586 5378 5389 5390 5379
3946 5 2 1 328 5378 5389 5390 5379 2091 2102 2103 2092
3947 5 2 1 328 1586 1597 1598 1587 5379 5390 5391 5380
3948 5 2 1 328 5379 5390 5391 5380 2092 2103 2104 2093
3949 5 2 1 328 1587 1598 1599 1588 5380 5391 5392 5381
3950 5 2 1 328 5380 5391 5392 5381 2093 2104 2105 2094
3951 5 2 1 328 1588 1599 1600 1589 5381 5392 5393 5382
3952 5 2 1 328 5381 5392 5393 5382 2094 2105 2106 2095
3953 5 2 1 328 1589 1600 1601 1590 5382 5393 5394 5383
3954 5 2 1 328 5382 5393 5394 5383 2095 2106 2107 2096
3955 5 2 1 328 1590 1601 1602 1591 5383 5394 5395 5384
3956 5 2 1 328 5383 5394 5395 5384 2096 2107 2108 2097
3957 5 2 1 328 1591 1602 1603 1592 5384 5395 5396 5385
3958 5 2 1 328 5384 5395 5396 5385 2097 2108 2109 2098
3959 5 2 1 328 1592 1603 1604 1593 5385 5396 5397 5386
3960 5 2 1 328 5385 5396 5397 5386 2098 2109 2110 2099
3961 5 2 1 328 1593 1604 1605 1594 5386 5397 5398 5387
3962 5 2 1 328 5386 5397 5398 5387 2099 2110 2111 2100
3963 5 2 1 328 1594 1605 209 208 5387 5398 4203 4202
3964 5 2 1 328 5387 5398 4203 4202 2100 2111 301 300
3965 5 2 1 328 163 164 1606 1595 4157 4158 5399 5388
3966 5 2 1 328 4157 4158 5399 5388 255 256 2112 2101
3967 5 2 1 328 1595 1606 1607 1596 5388 5399 5400 5389
3968 5 2 1 328 5388 5399 5400 5389 2101 2112 2113 2102
3969 5 2 1 328 1596 1607 1608 1597 5389 5400 5401 5390
3970 5 2 1 328 5389 5400 5401 5390 2102 2113 2114 2103
3971 5 2 1 328 1597 1608 1609 1598 5390 5401 5402 5391
3972 5 2 1 328 5390 5401 5402 5391 2103 2114 2115 2104
3973 5 2 1 328 1598 1609 1610 1599 5391 5402 5403 5392
3974 5 2 1 328 5391 5402 5403 5392 2104 2115 2116 2105
3975 5 2 1 328 1599 1610 1611 1600 5392 5403 5404 5393
3976 5 2 1 328 5392 5403 5404 5393 2105 2116 2117 2106
3977 5 2 1 328 1600 1611 1612 1601 5393 5404 5405 5394
3978 5 2 1 328 5393 5404 5405 5394 2106 2117 2118 2107
3979 5 2 1 328 1601 1612 1613 1602 5394 5405 5406 5395
3980 5 2 1 328 5394 5405 5406 5395 2107 2118 2119 2108
3981 5 2 1 328 1602 1613 1614 1603 5395 5406 5407 5396
3982 5 2 1 328 5395 5406 5407 5396 2108 2119 2120 2109
3983 5 2 1 328 1603 1614 1615 1604 5396 5407 5408 5397
3984 5 2 1 328 5396 5407 5408 5397 2109 2120 2121 2110
3985 5 2 1 328 1604 1615 1616 1605 5397 5408 5409 5398
3986 5 2 1 328 5397 5408 5409 5398 2110 2121 2122 2111
3987 5 2 1 328 1605 1616 210 209 5398 5409 4204 4203
3988 5 2 1 328 5398 5409 4204 4203 2111 2122 302 301
3989 5 2 1 328 164 165 1617 1606 4158 4159 5410 5399
3990 5 2 1 328 4158 4159 5410 5399 256 257 2123 2112
3991 5 2 1 328 1606 1617 1618 1607 5399 5410 5411 5400
3992 5 2 1 328 5399 5410 5411 5400 2112 2123 2124 2113
3993 5 2 1 328 1607 1618 1619 1608 5400 5411 5412 5401
3994 5 2 1 328 5400 5411 5412 5401 2113 2124 2125 2114
3995 5 2 1 328 1608 1619 1620 1609 5401 5412 5413 5402
3996 5 2 1 328 5401 5412 5413 5402 2114 2125 2126 2115
3997 5 2 1 328 1609 1620 1621 1610 5402 5413 5414 5403
3998 5 2 1 328 5402 5413 5414 5403 2115 2126 2127 2116
3999 5 2 1 328 1610 1621 1622 1611 5403 5414 5415 5404
4000 5 2 1 328 5403 5414 5415 5404 2116 2127 2128 2117
4001 5 2 1 328 1611 1622 1623 1612 5404 5415 5416 5405
4002 5 2 1 328 5404 5415 5416 5405 2117 2128 2129 2118
4003 5 2 1 328 1612 1623 1624 1613 5405 5416 5417 5406
4004 5 2 1 328 5405 5416 5417 5406 2118 2129 2130 2119
4005 5 2 1 328 1613 1624 1625 1614 5406 5417 5418 5407
4006 5 2 1 328 5406 5417 5418 5407 2119 2130 2131 2120
4007 5 2 1 328 1614 1625 1626 1615 5407 5418 5419 5408
4008 5 2 1 328 5407 5418 5419 5408 2120 2131 2132 2121
4009 5 2 1 328 1615 1626 1627 1616 5408 5419 5420 5409
4010 5 2 1 328 5408 5419 5420 5409 2121 2132 2133 2122
4011 5 2 1 328 1616 1627 211 210 5409 5420 4205 4204
4012 5 2 1 328 5409 5420 4205 4204 2122 2133 303 302
4013 5 2 1 328 165 166 1628 1617 4159 4160 5421 5410
4014 5 2 1 328 4159 4160 5421 5410 257 258 2134 2123
4015 5 2 1 328 1617 1628 1629 1618 5410 5421 5422 5411
4016 5 2 1 328 5410 5421 5422 5411 2123 2134 2135 2124
4017 5 2 1 328 1618 1629 1630 1619 5411 5422 5423 5412
4018 5 2 1 328 5411 5422 5423 5412 2124 2135 2136 2125
4019 5 2 1 328 1619 1630 1631 1620 5412 5423 5424 5413
4020 5 2 1 328 5412 5423 5424 5413 2125 2136 2137 2126
4021 5 2 1 328 1620 1631 1632 1621 5413 5424 5425 5414
4022 5 2 1 328 5413 5424 5425 5414 2126 2137 2138 2127
4023 5 2 1 328 1621 1632 1633 1622 5414 5425 5426 5415
4024 5 2 1 328 5414 5425 5426 5415 2127 2138 2139 2128
4025 5 2 1 328 1622 1633 1634 1623 5415 5426 5427 5416
4026 5 2 1 328 5415 5426 5427 5416 2128 2139 2140 2129
4027 5 2 1 328 1623 1634 1635 1624 5416 5427 5428 5417
4028 5 2 1 328 5416 5427 5428 5417 2129 2140 2141 2130
4029 5 2 1 328 1624 1635 1636 1625 5417 5428 5429 5418
4030 5 2 1 328 5417 5428 5429 5418 2130 2141 2142 2131
4031 5 2 1 328 1625 1636 1637 1626 5418 5429 5430 5419
4032 5 2 1 328 5418 5429 5430 5419 2131 2142 2143 2132
4033 5 2 1 328 1626 1637 1638 1627 5419 5430 5431 5420
4034 5 2 1 328 5419 5430 5431 5420 2132 2143 2144 2133
4035 5 2 1 328 1627 1638 212 211 5420 5431 4206 4205
4036 5 2 1 328 5420 5431 4206 4205 2133 2144 304 303
4037 5 2 1 328 166 167 1639 1628 4160 4161 5432 5421
4038 5 2 1 328 4160 4161 5432 5421 258 259 2145 2134
4039 5 2 1 328 1628 1639 1640 1629 5421 5432 5433 5422
4040 5 2 1 328 5421 5432 5433 5422 2134 2145 2146 2135
4041 5 2 1 328 1629 1640 1641 1630 5422 5433 5434 5423
4042 5 2 1 328 5422 5433 5434 5423 2135 2146 2147 2136
4043 5 2 1 328 1630 1641 1642 1631 5423 5434 5435 5424
4044 5 2 1 328 5423 5434 5435 5424 2136 2147 2148 2137
4045 5 2 1 328 1631 1642 1643 1632 5424 5435 5436 5425
4046 5 2 1 328 5424 5435 5436 5425 2137 2148 2149 2138
4047 5 2 1 328 1632 1643 1644 1633 5425 5436 5437 5426
4048 5 2 1 328 5425 5436 5437 5426 2138 2149 2150 2139
4049 5 2 1 328 1633 1644 1645 1634 5426 5437 5438 5427
4050 5 2 1 328 5426 5437 5438 5427 2139 2150 2151 2140
4051 5 2 1 328 1634 1645 1646 1635 5427 5438 5439 5428
4052 5 2 1 328 5427 5438 5439 5428 2140 2151 2152 2141
4053 5 2 1 328 1635 1646 1647 1636 5428 5439 5440 5429
4054 5 2 1 328 5428 5439 5440 5429 2141 2152 2153 2142
4055 5 2 1 328 1636 1647 1648 1637 5429 5440 5441 5430
4056 5 2 1 328 5429 5440 5441 5430 2142 2153 2154 2143
4057 5 2 1 328 1637 1648 1649 1638 5430 5441 5442 5431
4058 5 2 1 328 5430 5441 5442 5431 2143 2154 2155 2144
4059 5 2 1 328 1638 1649 213 212 5431 5442 4207 4206
4060 5 2 1 328 5431 5442 4207 4206 2144 2155 305 304
4061 5 2 1 328 167 168 1650 1639 4161 4162 5443 5432
4062 5 2 1 328 4161 4162 5443 5432 259 260 2156 2145
4063 5 2 1 328 1639 1650 1651 1640 5432 5443 5444 5433
4064 5 2 1 328 5432 5443 5444 5433 2145 2156 2157 2146
4065 5 2 1 328 1640 1651 1652 1641 5433 5444 5445 5434
4066 5 2 1 328 5433 5444 5445 5434 2146 2157 2158 2147
4067 5 2 1 328 1641 1652 1653 1642 5434 5445 5446 5435
4068 5 2 1 328 5434 5445 5446 5435 2147 2158 2159 2148
4069 5 2 1 328 1642 1653 1654 1643 5435 5446 5447 5436
4070 5 2 1 328 5435 5446 5447 5436 2148 2159 2160 2149
4071 5 2 1 328 1643 1654 1655 1644 5436 5447 5448 5437
4072 5 2 1 328 5436 5447 5448 5437 2149 2160 2161 2150
4073 5 2 1 328 1644 1655 1656 1645 5437 5448 5449 5438
4074 5 2 1 328 5437 5448 5449 5438 2150 2161 2162 2151
4075 5 2 1 328 1645 1656 1657 1646 5438 5449 5450 5439
4076 5 2 1 328 5438 5449 5450 5439 2151 2162 2163 2152
4077 5 2 1 328 1646 1657 1658 1647 5439 5450 5451 5440
4078 5 2 1 328 5439 5450 5451 5440 2152 2163 2164 2153
4079 5 2 1 328 1647 1658 1659 1648 5440 5451 5452 5441
4080 5 2 1 328 5440 5451 5452 5441 2153 2164 2165 2154
4081 5 2 1 328 1648 1659 1660 1649 5441 5452 5453 5442
4082 5 2 1 328 5441 5452 5453 5442 2154 2165 2166 2155
4083 5 2 1 328 1649 1660 214 213 5442 5453 4208 4207
4084 5 2 1 328 5442 5453 4208 4207 2155 2166 306 305
4085 5 2 1 328 168 169 1661 1650 4162 4163 5454 5443
4086 5 2 1 328 4162 4163 5454 5443 260 261 2167 2156
4087 5 2 1 328 1650 1661 1662 1651 5443 5454 5455 5444
4088 5 2 1 328 5443 5454 5455 5444 2156 2167 2168 2157
4089 5 2 1 328 1651 1662 1663 1652 5444 5455 5456 5445
4090 5 2 1 328 5444 5455 5456 5445 2157 2168 2169 2158
4091 5 2 1 328 1652 1663 1664 1653 5445 5456 5457 5446
4092 5 2 1 328 5445 5456 5457 5446 2158 2169 2170 2159
4093 5 2 1 328 1653 1664 1665 1654 5446 5457 5458 5447
4094 5 2 1 328 5446 5457 5458 5447 2159 2170 2171 2160
4095 5 2 1 328 1654 1665 1666 1655 5447 5458 5459 5448
4096 5 2 1 328 5447 5458 5459 5448 2160 2171 2172 2161
4097 5 2 1 328 1655 1666 1667 1656 5448 5459 5460 5449
4098 5 2 1 328 5448 5459 5460 5449 2161 2172 2173 2162
4099 5 2 1 328 1656 1667 1668 1657 5449 5460 5461 5450
4100 5 2 1 328 5449 5460 5461 5450 2162 2173 2174 2163
4101 5 2 1 328 1657 1668 1669 1658 5450 5461 5462 5451
4102 5 2 1 328 5450 5461 5462 5451 2163 2174 2175 2164
4103 5 2 1 328 1658 1669 1670 1659 5451 5462 5463 5452
4104 5 2 1 328 5451 5462 5463 5452 2164 2175 2176 2165
4105 5 2 1 328 1659 1670 1671 1660 5452 5463 5464 5453
4106 5 2 1 328 5452 5463 5464 5453 2165 2176 2177 2166
4107 5 2 1 328 1660 1671 215 214 5453 5464 4209 4208
4108 5 2 1 328 5453 5464 4209 4208 2166 2177 307 306
4109 5 2 1 328 169 170 1672 1661 4163 4164 5465 5454
4110 5 2 1 328 4163 4164 5465 5454 261 262 2178 2167
4111 5 2 1 328 1661 1672 1673 1662 5454 5465 5466 5455
4112 5 2 1 328 5454 5465 5466 5455 2167 2178 2179 2168
4113 5 2 1 328 1662 1673 1674 1663 5455 5466 5467 5456
4114 5 2 1 328 5455 5466 5467 5456 2168 2179 2180 2169
4115 5 2 1 328 1663 1674 1675 1664 5456 5467 5468 5457
4116 5 2 1 328 5456 5467 5468 5457 2169 2180 2181 2170
4117 5 2 1 328 1664 1675 1676 1665 5457 5468 5469 5458
4118 5 2 1 328 5457 5468 5469 5458 2170 2181 2182 2171
4119 5 2 1 328 1665 1676 1677 1666 5458 5469 5470 5459
4120 5 2 1 328 5458 5469 5470 5459 2171 2182 2183 2172
4121 5 2 1 328 1666 1677 1678 1667 5459 5470 5471 5460
4122 5 2 1 328 5459 5470 5471 5460 2172 2183 2184 2173
4123 5 2 1 328 1667 1678 1679 1668 5460 5471 5472 5461
4124 5 2 1 328 5460 5471 5472 5461 2173 2184 2185 2174
4125 5 2 1 328 1668 1679 1680 1669 5461 5472 5473 5462
4126 5 2 1 328 5461 5472 5473 5462 2174 2185 2186 2175
4127 5 2 1 328 1669 1680 1681 1670 5462 5473 5474 5463
4128 5 2 1 328 5462 5473 5474 5463 2175 2186 2187 2176
4129 5 2 1 328 1670 1681 1682 1671 5463 5474 5475 5464
4130 5 2 1 328 5463 5474 5475 5464 2176 2187 2188 2177
4131 5 2 1 328 1671 1682 216 215 5464 5475 4210 4209
4132 5 2 1 328 5464 5475 4210 4209 2177 2188 308 307
4133 5 2 1 328 170 171 1683 1672 4164 4165 5476 5465
4134 5 2 1 328 4164 4165 5476 5465 262 263 2189 2178
4135 5 2 1 328 1672 1683 1684 1673 5465 5476 5477 5466
4136 5 2 1 328 5465 5476 5477 5466 2178 2189 2190 2179
4137 5 2 1 328 1673 1684 1685 1674 5466 5477 5478 5467
4138 5 2 1 328 5466 5477 5478 5467 2179 2190 2191 2180
4139 5 2 1 328 1674 1685 1686 1675 5467 5478 5479 5468
4140 5 2 1 328 5467 5478 5479 5468 2180 2191 2192 2181
4141 5 2 1 328 1675 1686 1687 1676 5468 5479 5480 5469
4142 5 2 1 328 5468 5479 5480 5469 2181 2192 2193 2182
4143 5 2 1 328 1676 1687 1688 1677 5469 5480 5481 5470
4144 5 2 1 328 5469 5480 5481 5470 2182 2193 2194 2183
4145 5 2 1 328 1677 1688 1689 1678 5470 5481 5482 5471
4146 5 2 1 328 5470 5481 5482 5471 2183 2194 2195 2184
4147 5 2 1 328 1678 1689 1690 1679 5471 5482 5483 5472
4148 5 2 1 328 5471 5482 5483 5472 2184 2195 2196 2185
4149 5 2 1 328 1679 1690 1691 1680 5472 5483 5484 5473
4150 5 2 1 328 5472 5483 5484 5473 2185 2196 2197 2186
4151 5 2 1 328 1680 1691 1692 1681 5473 5484 5485 5474
4152 5 2 1 328 5473 5484 5485 5474 2186 2197 2198 2187
4153 5 2 1 328 1681 1692 1693 1682 5474 5485 5486 5475
4154 5 2 1 328 5474 5485 5486 5475 2187 2198 2199 2188
4155 5 2 1 328 1682 1693 217 216 5475 5486 4211 4210
4156 5 2 1 328 5475 5486 4211 4210 2188 2199 309 308
4157 5 2 1 328 171 172 1694 1683 4165 4166 5487 5476
4158 5 2 1 328 4165 4166 5487 5476 263 264 2200 2189
4159 5 2 1 328 1683 1694 1695 1684 5476 5487 5488 5477
4160 5 2 1 328 5476 5487 5488 5477 2189 2200 2201 2190
4161 5 2 1 328 1684 1695 1696 1685 5477 5488 5489 5478
4162 5 2 1 328 5477 5488 5489 5478 2190 2201 2202 2191
4163 5 2 1 328 1685 1696 1697 1686 5478 5489 5490 5479
4164 5 2 1 328 5478 5489 5490 5479 2191 2202 2203 2192
4165 5 2 1 328 1686 1697 1698 1687 5479 5490 5491 5480
4166 5 2 1 328 5479 5490 5491 5480 2192 2203 2204 2193
4167 5 2 1 328 1687 1698 1699 1688 5480 5491 5492 5481
4168 5 2 1 328 5480 5491 5492 5481 2193 2204 2205 2194
4169 5 2 1 328 1688 1699 1700 1689 5481 5492 5493 5482
4170 5 2 1 328 5481 5492 5493 5482 2194 2205 2206 2195
4171 5 2 1 328 1689 1700 1701 1690 5482 5493 5494 5483
4172 5 2 1 328 5482 5493 5494 5483 2195 2206 2207 2196
4173 5 2 1 328 1690 1701 1702 1691 5483 5494 5495 5484
4174 5 2 1 328 5483 5494 5495 5484 2196 2207 2208 2197
4175 5 2 1 328 1691 1702 1703 1692 5484 5495 5496 5485
4176 5 2 1 328 5484 5495 5496 5485 2197 2208 2209 2198
4177 5 2 1 328 1692 1703 1704 1693 5485 5496 5497 5486
4178 5 2 1 328 5485 5496 5497 5486 2198 2209 2210 2199
4179 5 2 1 328 1693 1704 218 217 5486 5497 4212 4211
4180 5 2 1 328 5486 5497 4212 4211 2199 2210 310 309
4181 5 2 1 328 172 173 1705 1694 4166 4167 5498 5487
4182 5 2 1 328 4166 4167 5498 5487 264 265 2211 2200
4183 5 2 1 328 1694 1705 1706 1695 5487 5498 5499 5488
4184 5 2 1 328 5487 5498 5499 5488 2200 2211 2212 2201
4185 5 2 1 328 1695 1706 1707 1696 5488 5499 5500 5489
4186 5 2 1 328 5488 5499 5500 5489 2201 2212 2213 2202
4187 5 2 1 328 1696 1707 1708 1697 5489 5500 5501 5490
4188 5 2 1 328 5489 5500 5501 5490 2202 2213 2214 2203
4189 5 2 1 328 1697 1708 1709 1698 5490 5501 5502 5491
4190 5 2 1 328 5490 5501 5502 5491 2203 2214 2215 2204
4191 5 2 1 328 1698 1709 1710 1699 5491 5502 5503 5492
4192 5 2 1 328 5491 5502 5503 5492 2204 2215 2216 2205
4193 5 2 1 328 1699 1710 1711 1700 5492 5503 5504 5493
4194 5 2 1 328 5492 5503 5504 5493 2205 2216 2217 2206
4195 5 2 1 328 1700 1711 1712 1701 5493 5504 5505 5494
4196 5 2 1 328 5493 5504 5505 5494 2206 2217 2218 2207
4197 5 2 1 328 1701 1712 1713 1702 5494 5505 5506 5495
4198 5 2 1 328 5494 5505 5506 5495 2207 2218 2219 2208
4199 5 2 1 328 1702 1713 1714 1703 5495 5506 5507 5496
4200 5 2 1 328 5495 5506 5507 5496 2208 2219 2220 2209
4201 5 2 1 328 1703 1714 1715 1704 5496 5507 5508 5497
4202 5 2 1 328 5496 5507 5508 5497 2209 2220 2221 2210
4203 5 2 1 328 1704 1715 219 218 5497 5508 4213 4212
4204 5 2 1 328 5497 5508 4213 4212 2210 2221 311 310
4205 5 2 1 328 173 174 1716 1705 4167 4168 5509 5498
4206 5 2 1 328 4167 4168 5509 5498 265 266 2222 2211
4207 5 2 1 328 1705 1716 1717 1706 5498 5509 5510 5499
4208 5 2 1 328 5498 5509 5510 5499 2211 2222 2223 2212
4209 5 2 1 328 1706 1717 1718 1707 5499 5510 5511 5500
4210 5 2 1 328 5499 5510 5511 5500 2212 2223 2224 2213
4211 5 2 1 328 1707 1718 1719 1708 5500 5511 5512 5501
4212 5 2 1 328 5500 5511 5512 5501 2213 2224 2225 2214
4213 5 2 1 328 1708 1719 1720 1709 5501 5512 5513 5502
4214 5 2 1 328 5501 5512 5513 5502 2214 2225 2226 2215
4215 5 2 1 328 1709 1720 1721 1710 5502 5513 5514 5503
4216 5 2 1 328 5502 5513 5514 5503 2215 2226 2227 2216
4217 5 2 1 328 1710 1721 1722 1711 5503 5514 5515 5504
4218 5 2 1 328 5503 5514 5515 5504 2216 2227 2228 2217
4219 5 2 1 328 1711 1722 1723 1712 5504 5515 5516 5505
4220 5 2 1 328 5504 5515 5516 5505 2217 2228 2229 2218
4221 5 2 1 328 1712 1723 1724 1713 5505 5516 5517 5506
4222 5 2 1 328 5505 5516 5517 5506 2218 2229 2230 2219
4223 5 2 1 328 1713 1724 1725 1714 5506 5517 5518 5507
4224 5 2 1 328 5506 5517 5518 5507 2219 2230 2231 2220
4225 5 2 1 328 1714 1725 1726 1715 5507 5518 5519 5508
4226 5 2 1 328 5507 5518 5519 5508 2220 2231 2232 2221
4227 5 2 1 328 1715 1726 220 219 5508 5519 4214 4213
4228 5 2 1 328 5508 5519 4214 4213 2221 2232 312 311
4229 5 2 1 328 174 175 1727 1716 4168 4169 5520 5509
4230 5 2 1 328 4168 4169 5520 5509 266 267 2233 2222
4231 5 2 1 328 1716 1727 1728 1717 5509 5520 5521 5510
4232 5 2 1 328 5509 5520 5521 5510 2222 2233 2234 2223
4233 5 2 1 328 1717 1728 1729 1718 5510 5521 5522 5511
4234 5 2 1 328 5510 5521 5522 5511 2223 2234 2235 2224
4235 5 2 1 328 1718 1729 1730 1719 5511 5522 5523 5512
4236 5 2 1 328 5511 5522 5523 5512 2224 2235 2236 2225
4237 5 2 1 328 1719 1730 1731 1720 5512 5523 5524 5513
4238 5 2 1 328 5512 5523 5524 5513 2225 2236 2237 2226
4239 5 2 1 328 1720 1731 1732 1721 5513 5524 5525 5514
4240 5 2 1 328 5513 5524 5525 5514 2226 2237 2238 2227
4241 5 2 1 328 1721 1732 1733 1722 5514 5525 5526 5515
4242 5 2 1 328 5514 5525 5526 5515 2227 2238 2239 2228
4243 5 2 1 328 1722 1733 1734 1723 5515 5526 5527 5516
4244 5 2 1 328 5515 5526 5527 5516 2228 2239 2240 2229
4245 5 2 1 328 1723 1734 1735 1724 5516 5527 5528 5517
4246 5 2 1 328 5516 5527 5528 5517 2229 2240 2241 2230
4247 5 2 1 328 1724 1735 1736 1725 5517 5528 5529 5518
4248 5 2 1 328 5517 5528 5529 5518 2230 2241 2242 2231
4249 5 2 1 328 1725 1736 1737 1726 5518 5529 5530 5519
4250 5 2 1 328 5518 5529 5530 5519 2231 2242 2243 2232
4251 5 2 1 328 1726 1737 221 220 5519 5530 4215 4214
4252 5 2 1 328 5519 5530 4215 4214 2232 2243 313 312
4253 5 2 1 328 175 176 1738 1727 4169 4170 5531 5520
4254 5 2 1 328 4169 4170 5531 5520 267 268 2244 2233
4255 5 2 1 328 1727 1738 1739 1728 5520 5531 5532 5521
4256 5 2 1 328 5520 5531 5532 5521 2233 2244 2245 2234
4257 5 2 1 328 1728 1739 1740 1729 5521 5532 5533 5522
4258 5 2 1 328 5521 5532 5533 5522 2234 2245 2246 2235
4259 5 2 1 328 1729 1740 1741 1730 5522 5533 5534 5523
4260 5 2 1 328 5522 5533 5534 5523 2235 2246 2247 2236
4261 5 2 1 328 1730 1741 1742 1731 5523 5534 5535 5524
4262 5 2 1 328 5523 5534 5535 5524 2236 2247 2248 2237
4263 5 2 1 328 1731 1742 1743 1732 5524 5535 5536 5525
4264 5 2 1 328 5524 5535 5536 5525 2237 2248 2249 2238
4265 5 2 1 328 1732 1743 1744 1733 5525 5536 5537 5526
4266 5 2 1 328 5525 5536 5537 5526 2238 2249 2250 2239
4267 5 2 1 328 1733 1744 1745 1734 5526 5537 5538 5527
4268 5 2 1 328 5526 5537 5538 5527 2239 2250 2251 2240
4269 5 2 1 328 1734 1745 1746 1735 5527 5538 5539 5528
4270 5 2 1 328 5527 5538 5539 5528 2240 2251 2252 2241
4271 5 2 1 328 1735 1746 1747 1736 5528 5539 5540 5529
4272 5 2 1 328 5528 5539 5540 5529 2241 2252 2253 2242
4273 5 2 1 328 1736 1747 1748 1737 5529 5540 5541 5530
4274 5 2 1 328 5529 5540 5541 5530 2242 2253 2254 2243
4275 5 2 1 328 1737 1748 222 221 5530 5541 4216 4215
4276 5 2 1 328 5530 5541 4216 4215 2243 2254 314 313
4277 5 2 1 328 176 177 1749 1738 4170 4171 5542 5531
4278 5 2 1 328 4170 4171 5542 5531 268 269 2255 2244
4279 5 2 1 328 1738 1749 1750 1739 5531 5542 5543 5532
4280 5 2 1 328 5531 5542 5543 5532 2244 2255 2256 2245
4281 5 2 1 328 1739 1750 1751 1740 5532 5543 5544 5533
4282 5 2 1 328 5532 5543 5544 5533 2245 2256 2257 2246
4283 5 2 1 328 1740 1751 1752 1741 5533 5544 5545 5534
4284 5 2 1 328 5533 5544 5545 5534 2246 2257 2258 2247
4285 5 2 1 328 1741 1752 1753 1742 5534 5545 5546 5535
4286 5 2 1 328 5534 5545 5546 5535 2247 2258 2259 2248
4287 5 2 1 328 1742 1753 1754 1743 5535 5546 5547 5536
4288 5 2 1 328 5535 5546 5547 5536 2248 2259 2260 2249
4289 5 2 1 328 1743 1754 1755 1744 5536 5547 5548 5537
4290 5 2 1 328 5536 5547 5548 5537 2249 2260 2261 2250
4291 5 2 1 328 1744 1755 1756 1745 5537 5548 5549 5538
4292 5 2 1 328 5537 5548 5549 5538 2250 2261 2262 2251
4293 5 2 1 328 1745 1756 1757 1746 5538 5549 5550 5539
4294 5 2 1 328 5538 5549 5550 5539 2251 2262 2263 2252
4295 5 2 1 328 1746 1757 1758 1747 5539 5550 5551 5540
4296 5 2 1 328 5539 5550 5551 5540 2252 2263 2264 2253
4297 5 2 1 328 1747 1758 1759 1748 5540 5551 5552 5541
4298 5 2 1 328 5540 5551 5552 5541 2253 2264 2265 2254
4299 5 2 1 328 1748 1759 223 222 5541 5552 4217 4216
4300 5 2 1 328 5541 5552 4217 4216 2254 2265 315 314
4301 5 2 1 328 177 178 1760 1749 4171 4172 5553 5542
4302 5 2 1 328 4171 4172 5553 5542 269 270 2266 2255
4303 5 2 1 328 1749 1760 1761 1750 5542 5553 5554 5543
4304 5 2 1 328 5542 5553 5554 5543 2255 2266 2267 2256
4305 5 2 1 328 1750 1761 1762 1751 5543 5554 5555 5544
4306 5 2 1 328 5543 5554 5555 5544 2256 2267 2268 2257
4307 5 2 1 328 1751 1762 1763 1752 5544 5555 5556 5545
4308 5 2 1 328 5544 5555 5556 5545 2257 2268 2269 2258
4309 5 2 1 328 1752 1763 1764 1753 5545 5556 5557 5546
4310 5 2 1 328 5545 5556 5557 5546 2258 2269 2270 2259
4311 5 2 1 328 1753 1764 1765 1754 5546 5557 5558 5547
4312 5 2 1 328 5546 5557 5558 5547 2259 2270 2271 2260
4313 5 2 1 328 1754 1765 1766 1755 5547 5558 5559 5548
4314 5 2 1 328 5547 5558 5559 5548 2260 2271 2272 2261
4315 5 2 1 328 1755 1766 1767 1756 5548 5559 5560 5549
4316 5 2 1 328 5548 5559 5560 5549 2261 2272 2273 2262
4317 5 2 1 328 1756 1767 1768 1757 5549 5560 5561 5550
4318 5 2 1 328 5549 5560 5561 5550 2262 2273 2274 2263
4319 5 2 1 328 1757 1768 1769 1758 5550 5561 5562 5551
4320 5 2 1 328 5550 5561 5562 5551 2263 2274 2275 2264
4321 5 2 1 328 1758 1769 1770 1759 5551 5562 5563 5552
4322 5 2 1 328 5551 5562 5563 5552 2264 2275 2276 2265
4323 5 2 1 328 1759 1770 224 223 5552 5563 4218 4217
4324 5 2 1 328 5552 5563 4218 4217 2265 2276 316 315
4325 5 2 1 328 178 179 1771 1760 4172 4173 5564 5553
4326 5 2 1 328 4172 4173 5564 5553 270 271 2277 2266
4327 5 2 1 328 1760 1771 1772 1761 5553 5564 5565 5554
4328 5 2 1 328 5553 5564 5565 5554 2266 2277 2278 2267
4329 5 2 1 328 1761 1772 1773 1762 5554 5565 5566 5555
4330 5 2 1 328 5554 5565 5566 5555 2267 2278 2279 2268
4331 5 2 1 328 1762 1773 1774 1763 5555 5566 5567 5556
4332 5 2 1 328 5555 5566 5567 5556 2268 2279 2280 2269
4333 5 2 1 328 1763 1774 1775 1764 5556 5567 5568 5557
4334 5 2 1 328 5556 5567 5568 5557 2269 2280 2281 2270
4335 5 2 1 328 1764 1775 1776 1765 5557 5568 5569 5558
4336 5 2 1 328 5557 5568 5569 5558 2270 2281 2282 2271
4337 5 2 1 328 1765 1776 1777 1766 5558 5569 5570 5559
4338 5 2 1 328 5558 5569 5570 5559 2271 2282 2283 2272
4339 5 2 1 328 1766 1777 1778 1767 5559 5570 5571 5560
4340 5 2 1 328 5559 5570 5571 5560 2272 2283 2284 2273
4341 5 2 1 328 1767 1778 1779 1768 5560 5571 5572 5561
4342 5 2 1 328 5560 5571 5572 5561 2273 2284 2285 2274
4343 5 2 1 328 1768 1779 1780 1769 5561 5572 5573 5562
4344 5 2 1 328 5561 5572 5573 5562 2274 2285 2286 2275
4345 5 2 1 328 1769 1780 1781 1770 5562 5573 5574 5563
4346 5 2 1 328 5562 5573 5574 5563 2275 2286 2287 2276
4347 5 2 1 328 1770 1781 225 224 5563 5574 4219 4218
4348 5 2 1 328 5563 5574 4219 4218 2276 2287 317 316
4349 5 2 1 328 179 13 694 1771 4173 981 4596 5564
4350 5 2 1 328 4173 981 4596 5564 271 23 749 2277
4351 5 2 1 328 1771 694 695 1772 5564 4596 4597 5565
4352 5 2 1 328 5564 4596 4597 5565 2277 749 750 2278
4353 5 2 1 328 1772 695 696 1773 5565 4597 4598 5566
4354 5 2 1 328 5565 4597 4598 5566 2278 750 751 2279
4355 5 2 1 328 1773 696 697 1774 5566 4598 4599 5567
4356 5 2 1 328 5566 4598 4599 5567 2279 751 752 2280
4357 5 2 1 328 1774 697 698 1775 5567 4599 4600 5568
4358 5 2 1 328 5567 4599 4600 5568 2280 752 753 2281
4359 5 2 1 328 1775 698 699 1776 5568 4600 4601 5569
4360 5 2 1 328 5568 4600 4601 5569 2281 753 754 2282
4361 5 2 1 328 1776 699 700 1777 5569 4601 4602 5570
4362 5 2 1 328 5569 4601 4602 5570 2282 754 755 2283
4363 5 2 1 328 1777 700 701 1778 5570 4602 4603 5571
4364 5 2 1 328 5570 4602 4603 5571 2283 755 756 2284
4365 5 2 1 328 1778 701 702 1779 5571 4603 4604 5572
4366 5 2 1 328 5571 4603 4604 5572 2284 756 757 2285
4367 5 2 1 328 1779 702 703 1780 5572 4604 4605 5573
4368 5 2 1 328 5572 4604 4605 5573 2285 757 758 2286
4369 5 2 1 328 1780 703 704 1781 5573 4605 4606 5574
4370 5 2 1 328 5573 4605 4606 5574 2286 758 759 2287
4371 5 2 1 328 1781 704 18 225 5574 4606 986 4219
4372 5 2 1 328 5574 4606 986 4219 2287 759 28 317
4373 5 2 1 330 13 180 1782 694 981 4174 5575 4596
4374 5 2 1 330 981 4174 5575 4596 23 272 2288 749
4375 5 2 1 330 694 1782 1783 695 4596 5575 5576 4597
4376 5 2 1 330 4596 5575 5576 4597 749 2288 2289 750
4377 5 2 1 330 695 1783 1784 696 4597 5576 5577 4598
4378 5 2 1 330 4597 5576 5577 4598 750 2289 2290 751
4379 5 2 1 330 696 1784 1785 697 4598 5577 5578 4599
4380 5 2 1 330 4598 5577 5578 4599 751 2290 2291 752
4381 5 2 1 330 697 1785 1786 698 4599 5578 5579 4600
4382 5 2 1 330 4599 5578 5579 4600 752 2291 2292 753
4383 5 2 1 330 698 1786 1787 699 4600 5579 5580 4601
4384 5 2 1 330 4600 5579 5580 4601 753 2292 2293 754
4385 5 2 1 330 699 1787 1788 700 4601 5580 5581 4602
4386 5 2 1 330 4601 5580 5581 4602 754 2293 2294 755
4387 5 2 1 330 700 1788 1789 701 4602 5581 5582 4603
4388 5 2 1 330 4602 5581 5582 4603 755 2294 2295 756
4389 5 2 1 330 701 1789 1790 702 4603 5582 5583 4604
4390 5 2 1 330 4603 5582 5583 4604 756 2295 2296 757
4391 5 2 1 330 702 1790 1791 703 4604 5583 5584 4605
4392 5 2 1 330 4604 5583 5584 4605 757 2296 2297 758
4393 5 2 1 330 703 1791 1792 704 4605 5584 5585 4606
4394 5 2 1 330 4605 5584 5585 4606 758 2297 2298 759
4395 5 2 1 330 704 1792 226 18 4606 5585 4220 986
4396 5 2 1 330 4606 5585 4220 986 759 2298 318 28
4397 5 2 1 330 180 181 1793 1782 4174 4175 5586 5575
4398 5 2 1 330 4174 4175 5586 5575 272 273 2299 2288
4399 5 2 1 330 1782 1793 1794 1783 5575 5586 5587 5576
4400 5 2 1 330 5575 5586 5587 5576 2288 2299 2300 2289
4401 5 2 1 330 1783 1794 1795 1784 5576 5587 5588 5577
4402 5 2 1 330 5576 5587 5588 5577 2289 2300 2301 2290
4403 5 2 1 330 1784 1795 1796 1785 5577 5588 5589 5578
4404 5 2 1 330 5577 5588 5589 5578 2290 2301 2302 2291
4405 5 2 1 330 1785 1796 1797 1786 5578 5589 5590 5579
4406 5 2 1 330 5578 5589 5590 5579 2291 2302 2303 2292
4407 5 2 1 330 1786 1797 1798 1787 5579 5590 5591 5580
4408 5 2 1 330 5579 5590 5591 5580 2292 2303 2304 2293
4409 5 2 1 330 1787 1798 1799 1788 5580 5591 5592 5581
4410 5 2 1 330 5580 5591 5592 5581 2293 2304 2305 2294
4411 5 2 1 330 1788 1799 1800 1789 5581 5592 5593 5582
4412 5 2 1 330 5581 5592 5593 5582 2294 2305 2306 2295
4413 5 2 1 330 1789 1800 1801 1790 5582 5593 5594 5583
4414 5 2 1 330 5582 5593 5594 5583 2295 2306 2307 2296
4415 5 2 1 330 1790 1801 1802 1791 5583 5594 5595 5584
4416 5 2 1 330 5583 5594 5595 5584 2296 2307 2308 2297
4417 5 2 1 330 1791 1802 1803 1792 5584 5595 5596 5585
4418 5 2 1 330 5584 5595 5596 5585 2297 2308 2309 2298
4419 5 2 1 330 1792 1803 227 226 5585 5596 4221 4220
4420 5 2 1 330 5585 5596 4221 4220 2298 2309 319 318
4421 5 2 1 330 181 182 1804 1793 4175 4176 5597 5586
4422 5 2 1 330 4175 4176 5597 5586 273 274 2310 2299
4423 5 2 1 330 1793 1804 1805 1794 5586 5597 5598 5587
4424 5 2 1 330 5586 5597 5598 5587 2299 2310 2311 2300
4425 5 2 1 330 1794 1805 1806 1795 5587 5598 5599 5588
4426 5 2 1 330 5587 5598 5599 5588 2300 2311 2312 2301
4427 5 2 1 330 1795 1806 1807 1796 5588 5599 5600 5589
4428 5 2 1 330 5588 5599 5600 5589 2301 2312 2313 2302
4429 5 2 1 330 1796 1807 1808 1797 5589 5600 5601 5590
4430 5 2 1 330 5589 5600 5601 5590 2302 2313 2314 2303
4431 5 2 1 330 1797 1808 1809 1798 5590 5601 5602 5591
4432 5 2 1 330 5590 5601 5602 5591 2303 2314 2315 2304
4433 5 2 1 330 1798 1809 1810 1799 5591 5602 5603 5592
4434 5 2 1 330 5591 5602 5603 5592 2304 2315 2316 2305
4435 5 2 1 330 1799 1810 1811 1800 5592 5603 5604 5593
4436 5 2 1 330 5592 5603 5604 5593 2305 2316 2317 2306
4437 5 2 1 330 1800 1811 1812 1801 5593 5604 5605 5594
4438 5 2 1 330 5593 5604 5605 5594 2306 2317 2318 2307
4439 5 2 1 330 1801 1812 1813 1802 5594 5605 5606 5595
4440 5 2 1 330 5594 5605 5606 5595 2307 2318 2319 2308
4441 5 2 1 330 1802 1813 1814 1803 5595 5606 5607 5596
4442 5 2 1 330 5595 5606 5607 5596 2308 2319 2320 2309
4443 5 2 1 330 1803 1814 228 227 5596 5607 4222 4221
4444 5 2 1 330 5596 5607 4222 4221 2309 2320 320 319
4445 5 2 1 330 182 183 1815 1804 4176 4177 5608 5597
4446 5 2 1 330 4176 4177 5608 5597 274 275 2321 2310
4447 5 2 1 330 1804 1815 1816 1805 5597 5608 5609 5598
4448 5 2 1 330 5597 5608 5609 5598 2310 2321 2322 2311
4449 5 2 1 330 1805 1816 1817 1806 5598 5609 5610 5599
4450 5 2 1 330 5598 5609 5610 5599 2311 2322 2323 2312
4451 5 2 1 330 1806 1817 1818 1807 5599 5610 5611 5600
4452 5 2 1 330 5599 5610 5611 5600 2312 2323 2324 2313
4453 5 2 1 330 1807 1818 1819 1808 5600 5611 5612 5601
4454 5 2 1 330 5600 5611 5612 5601 2313 2324 2325 2314
4455 5 2 1 330 1808 1819 1820 1809 5601 5612 5613 5602
4456 5 2 1 330 5601 5612 5613 5602 2314 2325 2326 2315
4457 5 2 1 330 1809 1820 1821 1810 5602 5613 5614 5603
4458 5 2 1 330 5602 5613 5614 5603 2315 2326 2327 2316
4459 5 2 1 330 1810 1821 1822 1811 5603 5614 5615 5604
4460 5 2 1 330 5603 5614 5615 5604 2316 2327 2328 2317
4461 5 2 1 330 1811 1822 1823 1812 5604 5615 5616 5605
4462 5 2 1 330 5604 5615 5616 5605 2317 2328 2329 2318
4463 5 2 1 330 1812 1823 1824 1813 5605 5616 5617 5606
4464 5 2 1 330 5605 5616 5617 5606 2318 2329 2330 2319
4465 5 2 1 330 1813 1824 1825 1814 5606 5617 5618 5607
4466 5 2 1 330 5606 5617 5618 5607 2319 2330 2331 2320
4467 5 2 1 330 1814 1825 229 228 5607 5618 4223 4222
4468 5 2 1 330 5607 5618 4223 4222 2320 2331 321 320
4469 5 2 1 330 183 184 1826 1815 4177 4178 5619 5608
4470 5 2 1 330 4177 4178 5619 5608 275 276 2332 2321
4471 5 2 1 330 1815 1826 1827 1816 5608 5619 5620 5609
4472 5 2 1 330 5608 5619 5620 5609 2321 2332 2333 2322
4473 5 2 1 330 1816 1827 1828 1817 5609 5620 5621 5610
4474 5 2 1 330 5609 5620 5621 5610 2322 2333 2334 2323
4475 5 2 1 330 1817 1828 1829 1818 5610 5621 5622 5611
4476 5 2 1 330 5610 5621 5622 5611 2323 2334 2335 2324
4477 5 2 1 330 1818 1829 1830 1819 5611 5622 5623 5612
4478 5 2 1 330 5611 5622 5623 5612 2324 2335 2336 2325
4479 5 2 1 330 1819 1830 1831 1820 5612 5623 5624 5613
4480 5 2 1 330 5612 5623 5624 5613 2325 2336 2337 2326
4481 5 2 1 330 1820 1831 1832 1821 5613 5624 5625 5614
4482 5 2 1 330 5613 5624 5625 5614 2326 2337 2338 2327
4483 5 2 1 330 1821 1832 1833 1822 5614 5625 5626 5615
4484 5 2 1 330 5614 5625 5626 5615 2327 2338 2339 2328
4485 5 2 1 330 1822 1833 1834 1823 5615 5626 5627 5616
4486 5 2 1 330 5615 5626 5627 5616 2328 2339 2340 2329
4487 5 2 1 330 1823 1834 1835 1824 5616 5627 5628 5617
4488 5 2 1 330 5616 5627 5628 5617 2329 2340 2341 2330
4489 5 2 1 330 1824 1835 1836 1825 5617 5628 5629 5618
4490 5 2 1 330 5617 5628 5629 5618 2330 2341 2342 2331
4491 5 2 1 330 1825 1836 230 229 5618 5629 4224 4223
4492 5 2 1 330 5618 5629 4224 4223 2331 2342 322 321
4493 5 2 1 330 184 185 1837 1826 4178 4179 5630 5619
4494 5 2 1 330 4178 4179 5630 5619 276 277 2343 2332
4495 5 2 1 330 1826 1837 1838 1827 5619 5630 5631 5620
4496 5 2 1 330 5619 5630 5631 5620 2332 2343 2344 2333
4497 5 2 1 330 1827 1838 1839 1828 5620 5631 5632 5621
4498 5 2 1 330 5620 5631 5632 5621 2333 2344 2345 2334
4499 5 2 1 330 1828 1839 1840 1829 5621 5632 5633 5622
4500 5 2 1 330 5621 5632 5633 5622 2334 2345 2346 2335
4501 5 2 1 330 1829 1840 1841 1830 5622 5633 5634 5623
4502 5 2 1 330 5622 5633 5634 5623 2335 2346 2347 2336
4503 5 2 1 330 1830 1841 1842 1831 5623 5634 5635 5624
4504 5 2 1 330 5623 5634 5635 5624 2336 2347 2348 2337
4505 5 2 1 330 1831 1842 1843 1832 5624 5635 5636 5625
4506 5 2 1 330 5624 5635 5636 5625 2337 2348 2349 2338
4507 5 2 1 330 1832 1843 1844 1833 5625 5636 5637 5626
4508 5 2 1 330 5625 5636 5637 5626 2338 2349 2350 2339
4509 5 2 1 330 1833 1844 1845 1834 5626 5637 5638 5627
4510 5 2 1 330 5626 5637 5638 5627 2339 2350 2351 2340
4511 5 2 1 330 1834 1845 1846 1835 5627 5638 5639 5628
4512 5 2 1 330 5627 5638 5639 5628 2340 2351 2352 2341
4513 5 2 1 330 1835 1846 1847 1836 5628 5639 5640 5629
4514 5 2 1 330 5628 5639 5640 5629 2341 2352 2353 2342
4515 5 2 1 330 1836 1847 231 230 5629 5640 4225 4224
4516 5 2 1 330 5629 5640 4225 4224 2342 2353 323 322
4517 5 2 1 330 185 186 1848 1837 4179 4180 5641 5630
4518 5 2 1 330 4179 4180 5641 5630 277 278 2354 2343
4519 5 2 1 330 1837 1848 1849 1838 5630 5641 5642 5631
4520 5 2 1 330 5630 5641 5642 5631 2343 2354 2355 2344
4521 5 2 1 330 1838 1849 1850 1839 5631 5642 5643 5632
4522 5 2 1 330 5631 5642 5643 5632 2344 2355 2356 2345
4523 5 2 1 330 1839 1850 1851 1840 5632 5643 5644 5633
4524 5 2 1 330 5632 5643 5644 5633 2345 2356 2357 2346
4525 5 2 1 330 1840 1851 1852 1841 5633 5644 5645 5634
4526 5 2 1 330 5633 5644 5645 5634 2346 2357 2358 2347
4527 5 2 1 330 1841 1852 1853 1842 5634 5645 5646 5635
4528 5 2 1 330 5634 5645 5646 5635 2347 2358 2359 2348
4529 5 2 1 330 1842 1853 1854 1843 5635 5646 5647 5636
4530 5 2 1 330 5635 5646 5647 5636 2348 2359 2360 2349
4531 5 2 1 330 1843 1854 1855 1844 5636 5647 5648 5637
4532 5 2 1 330 5636 5647 5648 5637 2349 2360 2361 2350
4533 5 2 1 330 1844 1855 1856 1845 5637 5648 5649 5638
4534 5 2 1 330 5637 5648 5649 5638 2350 2361 2362 2351
4535 5 2 1 330 1845 1856 1857 1846 5638 5649 5650 5639
4536 5 2 1 330 5638 5649 5650 5639 2351 2362 2363 2352
4537 5 2 1 330 1846 1857 1858 1847 5639 5650 5651 5640
4538 5 2 1 330 5639 5650 5651 5640 2352 2363 2364 2353
4539 5 2 1 330 1847 1858 232 231 5640 5651 4226 4225
4540 5 2 1 330 5640 5651 4226 4225 2353 2364 324 323
4541 5 2 1 330 186 187 1859 1848 4180 4181 5652 5641
4542 5 2 1 330 4180 4181 5652 5641 278 279 2365 2354
4543 5 2 1 330 1848 1859 1860 1849 5641 5652 5653 5642
4544 5 2 1 330 5641 5652 5653 5642 2354 2365 2366 2355
4545 5 2 1 330 1849 1860 1861 1850 5642 5653 5654 5643
4546 5 2 1 330 5642 5653 5654 5643 2355 2366 2367 2356
4547 5 2 1 330 1850 1861 1862 1851 5643 5654 5655 5644
4548 5 2 1 330 5643 5654 5655 5644 2356 2367 2368 2357
4549 5 2 1 330 1851 1862 1863 1852 5644 5655 5656 5645
4550 5 2 1 330 5644 5655 5656 5645 2357 2368 2369 2358
4551 5 2 1 330 1852 1863 1864 1853 5645 5656 5657 5646
4552 5 2 1 330 5645 5656 5657 5646 2358 2369 2370 2359
4553 5 2 1 330 1853 1864 1865 1854 5646 5657 5658 5647
4554 5 2 1 330 5646 5657 5658 5647 2359 2370 2371 2360
4555 5 2 1 330 1854 1865 1866 1855 5647 5658 5659 5648
4556 5 2 1 330 5647 5658 5659 5648 2360 2371 2372 2361
4557 5 2 1 330 1855 1866 1867 1856 5648 5659 5660 5649
4558 5 2 1 330 5648 5659 5660 5649 2361 2372 2373 2362
4559 5 2 1 330 1856 1867 1868 1857 5649 5660 5661 5650
4560 5 2 1 330 5649 5660 5661 5650 2362 2373 2374 2363
4561 5 2 1 330 1857 1868 1869 1858 5650 5661 5662 5651
4562 5 2 1 330 5650 5661 5662 5651 2363 2374 2375 2364
4563 5 2 1 330 1858 1869 233 232 5651 5662 4227 4226
4564 5 2 1 330 5651 5662 4227 4226 2364 2375 325 324
4565 5 2 1 330 187 188 1870 1859 4181 4182 5663 5652
4566 5 2 1 330 4181 4182 5663 5652 279 280 2376 2365
4567 5 2 1 330 1859 1870 1871 1860 5652 5663 5664 5653
4568 5 2 1 330 5652 5663 5664 5653 2365 2376 2377 2366
4569 5 2 1 330 1860 1871 1872 1861 5653 5664 5665 5654
4570 5 2 1 330 5653 5664 5665 5654 2366 2377 2378 2367
4571 5 2 1 330 1861 1872 1873 1862 5654 5665 5666 5655
4572 5 2 1 330 5654 5665 5666 5655 2367 2378 2379 2368
4573 5 2 1 330 1862 1873 1874 1863 5655 5666 5667 5656
4574 5 2 1 330 5655 5666 5667 5656 2368 2379 2380 2369
4575 5 2 1 330 1863 1874 1875 1864 5656 5667 5668 5657
4576 5 2 1 330 5656 5667 5668 5657 2369 2380 2381 2370
4577 5 2 1 330 1864 1875 1876 1865 5657 5668 5669 5658
4578 5 2 1 330 5657 5668 5669 5658 2370 2381 2382 2371
4579 5 2 1 330 1865 1876 1877 1866 5658 5669 5670 5659
4580 5 2 1 330 5658 5669 5670 5659 2371 2382 2383 2372
4581 5 2 1 330 1866 1877 1878 1867 5659 5670 5671 5660
4582 5 2 1 330 5659 5670 5671 5660 2372 2383 2384 2373
4583 5 2 1 330 1867 1878 1879 1868 5660 5671 5672 5661
4584 5 2 1 330 5660 5671 5672 5661 2373 2384 2385 2374
4585 5 2 1 330 1868 1879 1880 1869 5661 5672 5673 5662
4586 5 2 1 330 5661 5672 5673 5662 2374 2385 2386 2375
4587 5 2 1 330 1869 1880 234 233 5662 5673 4228 4227
4588 5 2 1 330 5662 5673 4228 4227 2375 2386 326 325
4589 5 2 1 330 188 189 1881 1870 4182 4183 5674 5663
4590 5 2 1 330 4182 4183 5674 5663 280 281 2387 2376
4591 5 2 1 330 1870 1881 1882 1871 5663 5674 5675 5664
4592 5 2 1 330 5663 5674 5675 5664 2376 2387 2388 2377
4593 5 2 1 330 1871 1882 1883 1872 5664 5675 5676 5665
4594 5 2 1 330 5664 5675 5676 5665 2377 2388 2389 2378
4595 5 2 1 330 1872 1883 1884 1873 5665 5676 5677 5666
4596 5 2 1 330 5665 5676 5677 5666 2378 2389 2390 2379
4597 5 2 1 330 1873 1884 1885 1874 5666 5677 5678 5667
4598 5 2 1 330 5666 5677 5678 5667 2379 2390 2391 2380
4599 5 2 1 330 1874 1885 1886 1875 5667 5678 5679 5668
4600 5 2 1 330 5667 5678 5679 5668 2380 2391 2392 2381
4601 5 2 1 330 1875 1886 1887 1876 5668 5679 5680 5669
4602 5 2 1 330 5668 5679 5680 5669 2381 2392 2393 2382
4603 5 2 1 330 1876 1887 1888 1877 5669 5680 5681 5670
4604 5 2 1 330 5669 5680 5681 5670 2382 2393 2394 2383
4605 5 2 1 330 1877 1888 1889 1878 5670 5681 5682 5671
4606 5 2 1 330 5670 5681 5682 5671 2383 2394 2395 2384
4607 5 2 1 330 1878 1889 1890 1879 5671 5682 5683 5672
4608 5 2 1 330 5671 5682 5683 5672 2384 2395 2396 2385
4609 5 2 1 330 1879 1890 1891 1880 5672 5683 5684 5673
4610 5 2 1 330 5672 5683 5684 5673 2385 2396 2397 2386
4611 5 2 1 330 1880 1891 235 234 5673 5684 4229 4228
4612 5 2 1 330 5673 5684 4229 4228 2386 2397 327 326
4613 5 2 1 330 189 190 1892 1881 4183 4184 5685 5674
4614 5 2 1 330 4183 4184 5685 5674 281 282 2398 2387
4615 5 2 1 330 1881 1892 1893 1882 5674 5685 5686 5675
4616 5 2 1 330 5674 5685 5686 5675 2387 2398 2399 2388
4617 5 2 1 330 1882 1893 1894 1883 5675 5686 5687 5676
4618 5 2 1 330 5675 5686 5687 5676 2388 2399 2400 2389
4619 5 2 1 330 1883 1894 1895 1884 5676 5687 5688 5677
4620 5 2 1 330 5676 5687 5688 5677 2389 2400 2401 2390
4621 5 2 1 330 1884 1895 1896 1885 5677 5688 5689 5678
4622 5 2 1 330 5677 5688 5689 5678 2390 2401 2402 2391
4623 5 2 1 330 1885 1896 1897 1886 5678 5689 5690 5679
4624 5 2 1 330 5678 5689 5690 5679 2391 2402 2403 2392
4625 5 2 1 330 1886 1897 1898 1887 5679 5690 5691 5680
4626 5 2 1 330 5679 5690 5691 5680 2392 2403 2404 2393
4627 5 2 1 330 1887 1898 1899 1888 5680 5691 5692 5681
4628 5 2 1 330 5680 5691 5692 5681 2393 2404 2405 2394
4629 5 2 1 330 1888 1899 1900 1889 5681 5692 5693 5682
4630 5 2 1 330 5681 5692 5693 5682 2394 2405 2406 2395
4631 5 2 1 330 1889 1900 1901 1890 5682 5693 5694 5683
4632 5 2 1 330 5682 5693 5694 5683 2395 2406 2407 2396
4633 5 2 1 330 1890 1901 1902 1891 5683 5694 5695 5684
4634 5 2 1 330 5683 5694 5695 5684 2396 2407 2408 2397
4635 5 2 1 330 1891 1902 236 235 5684 5695 4230 4229
4636 5 2 1 330 5684 5695 4230 4229 2397 2408 328 327
4637 5 2 1 330 190 191 1903 1892 4184 4185 5696 5685
4638 5 2 1 330 4184 4185 5696 5685 282 283 2409 2398
4639 5 2 1 330 1892 1903 1904 1893 5685 5696 5697 5686
4640 5 2 1 330 5685 5696 5697 5686 2398 2409 2410 2399
4641 5 2 1 330 1893 1904 1905 1894 5686 5697 5698 5687
4642 5 2 1 330 5686 5697 5698 5687 2399 2410 2411 2400
4643 5 2 1 330 1894 1905 1906 1895 5687 5698 5699 5688
4644 5 2 1 330 5687 5698 5699 5688 2400 2411 2412 2401
4645 5 2 1 330 1895 1906 1907 1896 5688 5699 5700 5689
4646 5 2 1 330 5688 5699 5700 5689 2401 2412 2413 2402
4647 5 2 1 330 1896 1907 1908 1897 5689 5700 5701 5690
4648 5 2 1 330 5689 5700 5701 5690 2402 2413 2414 2403
4649 5 2 1 330 1897 1908 1909 1898 5690 5701 5702 5691
4650 5 2 1 330 5690 5701 5702 5691 2403 2414 2415 2404
4651 5 2 1 330 1898 1909 1910 1899 5691 5702 5703 5692
4652 5 2 1 330 5691 5702 5703 5692 2404 2415 2416 2405
4653 5 2 1 330 1899 1910 1911 1900 5692 5703 5704 5693
4654 5 2 1 330 5692 5703 5704 5693 2405 2416 2417 2406
4655 5 2 1 330 1900 1911 1912 1901 5693 5704 5705 5694
4656 5 2 1 330 5693 5704 5705 5694 2406 2417 2418 2407
4657 5 2 1 330 1901 1912 1913 1902 5694 5705 5706 5695
4658 5 2 1 330 5694 5705 5706 5695 2407 2418 2419 2408
4659 5 2 1 330 1902 1913 237 236 5695 5706 4231 4230
4660 5 2 1 330 5695 5706 4231 4230 2408 2419 329 328
4661 5 2 1 330 191 192 1914 1903 4185 4186 5707 5696
4662 5 2 1 330 4185 4186 5707 5696 283 284 2420 2409
4663 5 2 1 330 1903 1914 1915 1904 5696 5707 5708 5697
4664 5 2 1 330 5696 5707 5708 5697 2409 2420 2421 2410
4665 5 2 1 330 1904 1915 1916 1905 5697 5708 5709 5698
4666 5 2 1 330 5697 5708 5709 5698 2410 2421 2422 2411
4667 5 2 1 330 1905 1916 1917 1906 5698 5709 5710 5699
4668 5 2 1 330 5698 5709 5710 5699 2411 2422 2423 2412
4669 5 2 1 330 1906 1917 1918 1907 5699 5710 5711 5700
4670 5 2 1 330 5699 5710 5711 5700 2412 2423 2424 2413
4671 5 2 1 330 1907 1918 1919 1908 5700 5711 5712 5701
4672 5 2 1 330 5700 5711 5712 5701 2413 2424 2425 2414
4673 5 2 1 330 1908 1919 1920 1909 5701 5712 5713 5702
4674 5 2 1 330 5701 5712 5713 5702 2414 2425 2426 2415
4675 5 2 1 330 1909 1920 1921 1910 5702 5713 5714 5703
4676 5 2 1 330 5702 5713 5714 5703 2415 2426 2427 2416
4677 5 2 1 330 1910 1921 1922 1911 5703 5714 5715 5704
4678 5 2 1 330 5703 5714 5715 5704 2416 2427 2428 2417
4679 5 2 1 330 1911 1922 1923 1912 5704 5715 5716 5705
4680 5 2 1 330 5704 5715 5716 5705 2417 2428 2429 2418
4681 5 2 1 330 1912 1923 1924 1913 5705 5716 5717 5706
4682 5 2 1 330 5705 5716 5717 5706 2418 2429 2430 2419
4683 5 2 1 330 1913 1924 238 237 5706 5717 4232 4231
4684 5 2 1 330 5706 5717 4232 4231 2419 2430 330 329
4685 5 2 1 330 192 193 1925 1914 4186 4187 5718 5707
4686 5 2 1 330 4186 4187 5718 5707 284 285 2431 2420
4687 5 2 1 330 1914 1925 1926 1915 5707 5718 5719 5708
4688 5 2 1 330 5707 5718 5719 5708 2420 2431 2432 2421
4689 5 2 1 330 1915 1926 1927 1916 5708 5719 5720 5709
4690 5 2 1 330 5708 5719 5720 5709 2421 2432 2433 2422
4691 5 2 1 330 1916 1927 1928 1917 5709 5720 5721 5710
4692 5 2 1 330 5709 5720 5721 5710 2422 2433 2434 2423
4693 5 2 1 330 1917 1928 1929 1918 5710 5721 5722 5711
4694 5 2 1 330 5710 5721 5722 5711 2423 2434 2435 2424
4695 5 2 1 330 1918 1929 1930 1919 5711 5722 5723 5712
4696 5 2 1 330 5711 5722 5723 5712 2424 2435 2436 2425
4697 5 2 1 330 1919 1930 1931 1920 5712 5723 5724 5713
4698 5 2 1 330 5712 5723 5724 5713 2425 2436 2437 2426
4699 5 2 1 330 1920 1931 1932 1921 5713 5724 5725 5714
4700 5 2 1 330 5713 5724 5725 5714 2426 2437 2438 2427
4701 5 2 1 330 1921 1932 1933 1922 5714 5725 5726 5715
4702 5 2 1 330 5714 5725 5726 5715 2427 2438 2439 2428
4703 5 2 1 330 1922 1933 1934 1923 5715 5726 5727 5716
4704 5 2 1 330 5715 5726 5727 5716 2428 2439 2440 2429
4705 5 2 1 330 1923 1934 1935 1924 5716 5727 5728 5717
4706 5 2 1 330 5716 5727 5728 5717 2429 2440 2441 2430
4707 5 2 1 330 1924 1935 239 238 5717 5728 4233 4232
4708 5 2 1 330 5717 5728 4233 4232 2430 2441 331 330
4709 5 2 1 330 193 194 1936 1925 4187 4188 5729 5718
4710 5 2 1 330 4187 4188 5729 5718 285 286 2442 2431
4711 5 2 1 330 1925 1936 1937 1926 5718 5729 5730 5719
4712 5 2 1 330 5718 5729 5730 5719 2431 2442 2443 2432
4713 5 2 1 330 1926 1937 1938 1927 5719 5730 5731 5720
4714 5 2 1 330 5719 5730 5731 5720 2432 2443 2444 2433
4715 5 2 1 330 1927 1938 1939 1928 5720 5731 5732 5721
4716 5 2 1 330 5720 5731 5732 5721 2433 2444 2445 2434
4717 5 2 1 330 1928 1939 1940 1929 5721 5732 5733 5722
4718 5 2 1 330 5721 5732 5733 5722 2434 2445 2446 2435
4719 5 2 1 330 1929 1940 1941 1930 5722 5733 5734 5723
4720 5 2 1 330 5722 5733 5734 5723 2435 2446 2447 2436
4721 5 2 1 330 1930 1941 1942 1931 5723 5734 5735 5724
4722 5 2 1 330 5723 5734 5735 5724 2436 2447 2448 2437
4723 5 2 1 330 1931 1942 1943 1932 5724 5735 5736 5725
4724 5 2 1 330 5724 5735 5736 5725 2437 2448 2449 2438
4725 5 2 1 330 1932 1943 1944 1933 5725 5736 5737 5726
4726 5 2 1 330 5725 5736 5737 5726 2438 2449 2450 2439
4727 5 2 1 330 1933 1944 1945 1934 5726 5737 5738 5727
4728 5 2 1 330 5726 5737 5738 5727 2439 2450 2451 2440
4729 5 2 1 330 1934 1945 1946 1935 5727 5738 5739 5728
4730 5 2 1 330 5727 5738 5739 5728 2440 2451 2452 2441
4731 5 2 1 330 1935 1946 240 239 5728 5739 4234 4233
4732 5 2 1 330 5728 5739 4234 4233 2441 2452 332 331
4733 5 2 1 330 194 195 1947 1936 4188 4189 5740 5729
4734 5 2 1 330 4188 4189 5740 5729 286 287 2453 2442
4735 5 2 1 330 1936 1947 1948 1937 5729 5740 5741 5730
4736 5 2 1 330 5729 5740 5741 5730 2442 2453 2454 2443
4737 5 2 1 330 1937 1948 1949 1938 5730 5741 5742 5731
4738 5 2 1 330 5730 5741 5742 5731 2443 2454 2455 2444
4739 5 2 1 330 1938 1949 1950 1939 5731 5742 5743 5732
4740 5 2 1 330 5731 5742 5743 5732 2444 2455 2456 2445
4741 5 2 1 330 1939 1950 1951 1940 5732 5743 5744 5733
4742 5 2 1 330 5732 5743 5744 5733 2445 2456 2457 2446
4743 5 2 1 330 1940 1951 1952 1941 5733 5744 5745 5734
4744 5 2 1 330 5733 5744 5745 5734 2446 2457 2458 2447
4745 5 2 1 330 1941 1952 1953 1942 5734 5745 5746 5735
4746 5 2 1 330 5734 5745 5746 5735 2447 2458 2459 2448
4747 5 2 1 330 1942 1953 1954 1943 5735 5746 5747 5736
4748 5 2 1 330 5735 5746 5747 5736 2448 2459 2460 2449
4749 5 2 1 330 1943 1954 1955 1944 5736 5747 5748 5737
4750 5 2 1 330 5736 5747 5748 5737 2449 2460 2461 2450
4751 5 2 1 330 1944 1955 1956 1945 5737 5748 5749 5738
4752 5 2 1 330 5737 5748 5749 5738 2450 2461 2462 2451
4753 5 2 1 330 1945 1956 1957 1946 5738 5749 5750 5739
4754 5 2 1 330 5738 5749 5750 5739 2451 2462 2463 2452
4755 5 2 1 330 1946 1957 241 240 5739 5750 4235 4234
4756 5 2 1 330 5739 5750 4235 4234 2452 2463 333 332
4757 5 2 1 330 195 196 1958 1947 4189 4190 5751 5740
4758 5 2 1 330 4189 4190 5751 5740 287 288 2464 2453
4759 5 2 1 330 1947 1958 1959 1948 5740 5751 5752 5741
4760 5 2 1 330 5740 5751 5752 5741 2453 2464 2465 2454
4761 5 2 1 330 1948 1959 1960 1949 5741 5752 5753 5742
4762 5 2 1 330 5741 5752 5753 5742 2454 2465 2466 2455
4763 5 2 1 330 1949 1960 1961 1950 5742 5753 5754 5743
4764 5 2 1 330 5742 5753 5754 5743 2455 2466 2467 2456
4765 5 2 1 330 1950 1961 1962 1951 5743 5754 5755 5744
4766 5 2 1 330 5743 5754 5755 5744 2456 2467 2468 2457
4767 5 2 1 330 1951 1962 1963 1952 5744 5755 5756 5745
4768 5 2 1 330 5744 5755 5756 5745 2457 2468 2469 2458
4769 5 2 1 330 1952 1963 1964 1953 5745 5756 5757 5746
4770 5 2 1 330 5745 5756 5757 5746 2458 2469 2470 2459
4771 5 2 1 330 1953 1964 1965 1954 5746 5757 5758 5747
4772 5 2 1 330 5746 5757 5758 5747 2459 2470 2471 2460
4773 5 2 1 330 1954 1965 1966 1955 5747 5758 5759 5748
4774 5 2 1 330 5747 5758 5759 5748 2460 2471 2472 2461
4775 5 2 1 330 1955 1966 1967 1956 5748 5759 5760 5749
4776 5 2 1 330 5748 5759 5760 5749 2461 2472 2473 2462
4777 5 2 1 330 1956 1967 1968 1957 5749 5760 5761 5750
4778 5 2 1 330 5749 5760 5761 5750 2462 2473 2474 2463
4779 5 2 1 330 1957 1968 242 241 5750 5761 4236 4235
4780 5 2 1 330 5750 5761 4236 4235 2463 2474 334 333
4781 5 2 1 330 196 197 1969 1958 4190 4191 5762 5751
4782 5 2 1 330 4190 4191 5762 5751 288 289 2475 2464
4783 5 2 1 330 1958 1969 1970 1959 5751 5762 5763 5752
4784 5 2 1 330 5751 5762 5763 5752 2464 2475 2476 2465
4785 5 2 1 330 1959 1970 1971 1960 5752 5763 5764 5753
4786 5 2 1 330 5752 5763 5764 5753 2465 2476 2477 2466
4787 5 2 1 330 1960 1971 1972 1961 5753 5764 5765 5754
4788 5 2 1 330 5753 5764 5765 5754 2466 2477 2478 2467
4789 5 2 1 330 1961 1972 1973 1962 5754 5765 5766 5755
4790 5 2 1 330 5754 5765 5766 5755 2467 2478 2479 2468
4791 5 2 1 330 1962 1973 1974 1963 5755 5766 5767 5756
4792 5 2 1 330 5755 5766 5767 5756 2468 2479 2480 2469
4793 5 2 1 330 1963 1974 1975 1964 5756 5767 5768 5757
4794 5 2 1 330 5756 5767 5768 5757 2469 2480 2481 2470
4795 5 2 1 330 1964 1975 1976 1965 5757 5768 5769 5758
4796 5 2 1 330 5757 5768 5769 5758 2470 2481 2482 2471
4797 5 2 1 330 1965 1976 1977 1966 5758 5769 5770 5759
4798 5 2 1 330 5758 5769 5770 5759 2471 2482 2483 2472
4799 5 2 1 330 1966 1977 1978 1967 5759 5770 5771 5760
4800 5 2 1 330 5759 5770 5771 5760 2472 2483 2484 2473
4801 5 2 1 330 1967 1978 1979 1968 5760 5771 5772 5761
4802 5 2 1 330 5760 5771 5772 5761 2473 2484 2485 2474
4803 5 2 1 330 1968 1979 243 242 5761 5772 4237 4236
4804 5 2 1 330 5761 5772 4237 4236 2474 2485 335 334
4805 5 2 1 330 197 198 1980 1969 4191 4192 5773 5762
4806 5 2 1 330 4191 4192 5773 5762 289 290 2486 2475
4807 5 2 1 330 1969 1980 1981 1970 5762 5773 5774 5763
4808 5 2 1 330 5762 5773 5774 5763 2475 2486 2487 2476
4809 5 2 1 330 1970 1981 1982 1971 5763 5774 5775 5764
4810 5 2 1 330 5763 5774 5775 5764 2476 2487 2488 2477
4811 5 2 1 330 1971 1982 1983 1972 5764 5775 5776 5765
4812 5 2 1 330 5764 5775 5776 5765 2477 2488 2489 2478
4813 5 2 1 330 1972 1983 1984 1973 5765 5776 5777 5766
4814 5 2 1 330 5765 5776 5777 5766 2478 2489 2490 2479
4815 5 2 1 330 1973 1984 1985 1974 5766 5777 5778 5767
4816 5 2 1 330 5766 5777 5778 5767 2479 2490 2491 2480
4817 5 2 1 330 1974 1985 1986 1975 5767 5778 5779 5768
4818 5 2 1 330 5767 5778 5779 5768 2480 2491 2492 2481
4819 5 2 1 330 1975 1986 1987 1976 5768 5779 5780 5769
4820 5 2 1 330 5768 5779 5780 5769 2481 2492 2493 2482
4821 5 2 1 330 1976 1987 1988 1977 5769 5780 5781 5770
4822 5 2 1 330 5769 5780 5781 5770 2482 2493 2494 2483
4823 5 2 1 330 1977 1988 1989 1978 5770 5781 5782 5771
4824 5 2 1 330 5770 5781 5782 5771 2483 2494 2495 2484
4825 5 2 1 330 1978 1989 1990 1979 5771 5782 5783 5772
4826 5 2 1 330 5771 5782 5783 5772 2484 2495 2496 2485
4827 5 2 1 330 1979 1990 244 243 5772 5783 4238 4237
4828 5 2 1 330 5772 5783 4238 4237 2485 2496 336 335
4829 5 2 1 330 198 199 1991 1980 4192 4193 5784 5773
4830 5 2 1 330 4192 4193 5784 5773 290 291 2497 2486
4831 5 2 1 330 1980 1991 1992 1981 5773 5784 5785 5774
4832 5 2 1 330 5773 5784 5785 5774 2486 2497 2498 2487
4833 5 2 1 330 1981 1992 1993 1982 5774 5785 5786 5775
4834 5 2 1 330 5774 5785 5786 5775 2487 2498 2499 2488
4835 5 2 1 330 1982 1993 1994 1983 5775 5786 5787 5776
4836 5 2 1 330 5775 5786 5787 5776 2488 2499 2500 2489
4837 5 2 1 330 1983 1994 1995 1984 5776 5787 5788 5777
4838 5 2 1 330 5776 5787 5788 5777 2489 2500 2501 2490
4839 5 2 1 330 1984 1995 1996 1985 5777 5788 5789 5778
4840 5 2 1 330 5777 5788 5789 5778 2490 2501 2502 2491
4841 5 2 1 330 1985 1996 1997 1986 5778 5789 5790 5779
4842 5 2 1 330 5778 5789 5790 5779 2491 2502 2503 2492
4843 5 2 1 330 1986 1997 1998 1987 5779 5790 5791 5780
4844 5 2 1 330 5779 5790 5791 5780 2492 2503 2504 2493
4845 5 2 1 330 1987 1998 1999 1988 5780 5791 5792 5781
4846 5 2 1 330 5780 5791 5792 5781 2493 2504 2505 2494
4847 5 2 1 330 1988 1999 2000 1989 5781 5792 5793 5782
4848 5 2 1 330 5781 5792 5793 5782 2494 2505 2506 2495
4849 5 2 1 330 1989 2000 2001 1990 5782 5793 5794 5783
4850 5 2 1 330 5782 5793 5794 5783 2495 2506 2507 2496
4851 5 2 1 330 1990 2001 245 244 5783 5794 4239 4238
4852 5 2 1 330 5783 5794 4239 4238 2496 2507 337 336
4853 5 2 1 330 199 200 2002 1991 4193 4194 5795 5784
4854 5 2 1 330 4193 4194 5795 5784 291 292 2508 2497
4855 5 2 1 330 1991 2002 2003 1992 5784 5795 5796 5785
4856 5 2 1 330 5784 5795 5796 5785 2497 2508 2509 2498
4857 5 2 1 330 1992 2003 2004 1993 5785 5796 5797 5786
4858 5 2 1 330 5785 5796 5797 5786 2498 2509 2510 2499
4859 5 2 1 330 1993 2004 2005 1994 5786 5797 5798 5787
4860 5 2 1 330 5786 5797 5798 5787 2499 2510 2511 2500
4861 5 2 1 330 1994 2005 2006 1995 5787 5798 5799 5788
4862 5 2 1 330 5787 5798 5799 5788 2500 2511 2512 2501
4863 5 2 1 330 1995 2006 2007 1996 5788 5799 5800 5789
4864 5 2 1 330 5788 5799 5800 5789 2501 2512 2513 2502
4865 5 2 1 330 1996 2007 2008 1997 5789 5800 5801 5790
4866 5 2 1 330 5789 5800 5801 5790 2502 2513 2514 2503
4867 5 2 1 330 1997 2008 2009 1998 5790 5801 5802 5791
4868 5 2 1 330 5790 5801 5802 5791 2503 2514 2515 2504
4869 5 2 1 330 1998 2009 2010 1999 5791 5802 5803 5792
4870 5 2 1 330 5791 5802 5803 5792 2504 2515 2516 2505
4871 5 2 1 330 1999 2010 2011 2000 5792 5803 5804 5793
4872 5 2 1 330 5792 5803 5804 5793 2505 2516 2517 2506
4873 5 2 1 330 2000 2011 2012 2001 5793 5804 5805 5794
4874 5 2 1 330 5793 5804 5805 5794 2506 2517 2518 2507
4875 5 2 1 330 2001 2012 246 245 5794 5805 4240 4239
4876 5 2 1 330 5794 5805 4240 4239 2507 2518 338 337
4877 5 2 1 330 200 201 2013 2002 4194 4195 5806 5795
4878 5 2 1 330 4194 4195 5806 5795 292 293 2519 2508
4879 5 2 1 330 2002 2013 2014 2003 5795 5806 5807 5796
4880 5 2 1 330 5795 5806 5807 5796 2508 2519 2520 2509
4881 5 2 1 330 2003 2014 2015 2004 5796 5807 5808 5797
4882 5 2 1 330 5796 5807 5808 5797 2509 2520 2521 2510
4883 5 2 1 330 2004 2015 2016 2005 5797 5808 5809 5798
4884 5 2 1 330 5797 5808 5809 5798 2510 2521 2522 2511
4885 5 2 1 330 2005 2016 2017 2006 5798 5809 5810 5799
4886 5 2 1 330 5798 5809 5810 5799 2511 2522 2523 2512
4887 5 2 1 330 2006 2017 2018 2007 5799 5810 5811 5800
4888 5 2 1 330 5799 5810 5811 5800 2512 2523 2524 2513
4889 5 2 1 330 2007 2018 2019 2008 5800 5811 5812 5801
4890 5 2 1 330 5800 5811 5812 5801 2513 2524 2525 2514
4891 5 2 1 330 2008 2019 2020 2009 5801 5812 5813 5802
4892 5 2 1 330 5801 5812 5813 5802 2514 2525 2526 2515
4893 5 2 1 330 2009 2020 2021 2010 5802 5813 5814 5803
4894 5 2 1 330 5802 5813 5814 5803 2515 2526 2527 2516
4895 5 2 1 330 2010 2021 2022 2011 5803 5814 5815 5804
4896 5 2 1 330 5803 5814 5815 5804 2516 2527 2528 2517
4897 5 2 1 330 2011 2022 2023 2012 5804 5815 5816 5805
4898 5 2 1 330 5804 5815 5816 5805 2517 2528 2529 2518
4899 5 2 1 330 2012 2023 247 246 5805 5816 4241 4240
4900 5 2 1 330 5805 5816 4241 4240 2518 2529 339 338
4901 5 2 1 330 201 14 705 2013 4195 982 4607 5806
4902 5 2 1 330 4195 982 4607 5806 293 24 760 2519
4903 5 2 1 330 2013 705 706 2014 5806 4607 4608 5807
4904 5 2 1 330 5806 4607 4608 5807 2519 760 761 2520
4905 5 2 1 330 2014 706 707 2015 5807 4608 4609 5808
4906 5 2 1 330 5807 4608 4609 5808 2520 761 762 2521
4907 5 2 1 330 2015 707 708 2016 5808 4609 4610 5809
4908 5 2 1 330 5808 4609 4610 5809 2521 762 763 2522
4909 5 2 1 330 2016 708 709 2017 5809 4610 4611 5810
4910 5 2 1 330 5809 4610 4611 5810 2522 763 764 2523
4911 5 2 1 330 2017 709 710 2018 5810 4611 4612 5811
4912 5 2 1 330 5810 4611 4612 5811 2523 764 765 2524
4913 5 2 1 330 2018 710 711 2019 5811 4612 4613 5812
4914 5 2 1 330 5811 4612 4613 5812 2524 765 766 2525
4915 5 2 1 330 2019 711 712 2020 5812 4613 4614 5813
4916 5 2 1 330 5812 4613 4614 5813 2525 766 767 2526
4917 5 2 1 330 2020 712 713 2021 5813 4614 4615 5814
4918 5 2 1 330 5813 4614 4615 5814 2526 767 768 2527
4919 5 2 1 330 2021 713 714 2022 5814 4615 4616 5815
4920 5 2 1 330 5814 4615 4616 5815 2527 768 769 2528
4921 5 2 1 330 2022 714 715 2023 5815 4616 4617 5816
4922 5 2 1 330 5815 4616 4617 5816 2528 769 770 2529
4923 5 2 1 330 2023 715 19 247 5816 4617 987 4241
4924 5 2 1 330 5816 4617 987 4241 2529 770 29 339
4925 5 2 1 332 14 202 2024 705 982 4196 5817 4607
4926 5 2 1 332 982 4196 5817 4607 24 294 2530 760
4927 5 2 1 332 705 2024 2025 706 4607 5817 5818 4608
4928 5 2 1 332 4607 5817 5818 4608 760 2530 2531 761
4929 5 2 1 332 706 2025 2026 707 4608 5818 5819 4609
4930 5 2 1 332 4608 5818 5819 4609 761 2531 2532 762
4931 5 2 1 332 707 2026 2027 708 4609 5819 5820 4610
4932 5 2 1 332 4609 5819 5820 4610 762 2532 2533 763
4933 5 2 1 332 708 2027 2028 709 4610 5820 5821 4611
4934 5 2 1 332 4610 5820 5821 4611 763 2533 2534 764
4935 5 2 1 332 709 2028 2029 710 4611 5821 5822 4612
4936 5 2 1 332 4611 5821 5822 4612 764 2534 2535 765
4937 5 2 1 332 710 2029 2030 711 4612 5822 5823 4613
4938 5 2 1 332 4612 5822 5823 4613 765 2535 2536 766
4939 5 2 1 332 711 2030 2031 712 4613 5823 5824 4614
4940 5 2 1 332 4613 5823 5824 4614 766 2536 2537 767
4941 5 2 1 332 712 2031 2032 713 4614 5824 5825 4615
4942 5 2 1 332 4614 5824 5825 4615 767 2537 2538 768
4943 5 2 1 332 713 2032 2033 714 4615 5825 5826 4616
4944 5 2 1 332 4615 5825 5826 4616 768 2538 2539 769
4945 5 2 1 332 714 2033 2034 715 4616 5826 5827 4617
4946 5 2 1 332 4616 5826 5827 4617 769 2539 2540 770
4947 5 2 1 332 715 2034 248 19 4617 5827 4242 987
4948 5 2 1 332 4617 5827 4242 987 770 2540 340 29
4949 5 2 1 332 202 15 716 2024 4196 983 4618 5817
4950 5 2 1 332 4196 983 4618 5817 294 25 771 2530
4951 5 2 1 332 2024 716 717 2025 5817 4618 4619 5818
4952 5 2 1 332 5817 4618 4619 5818 2530 771 772 2531
4953 5 2 1 332 2025 717 718 2026 5818 4619 4620 5819
4954 5 2 1 332 5818 4619 4620 5819 2531 772 773 2532
4955 5 2 1 332 2026 718 719 2027 5819 4620 4621 5820
4956 5 2 1 332 5819 4620 4621 5820 2532 773 774 2533
4957 5 2 1 332 2027 719 720 2028 5820 4621 4622 5821
4958 5 2 1 332 5820 4621 4622 5821 2533 774 775 2534
4959 5 2 1 332 2028 720 721 2029 5821 4622 4623 5822
4960 5 2 1 332 5821 4622 4623 5822 2534 775 776 2535
4961 5 2 1 332 2029 721 722 2030 5822 4623 4624 5823
4962 5 2 1 332 5822 4623 4624 5823 2535 776 777 2536
4963 5 2 1 332 2030 722 723 2031 5823 4624 4625 5824
4964 5 2 1 332 5823 4624 4625 5824 2536 777 778 2537
4965 5 2 1 332 2031 723 724 2032 5824 4625 4626 5825
4966 5 2 1 332 5824 4625 4626 5825 2537 778 779 2538
4967 5 2 1 332 2032 724 725 2033 5825 4626 4627 5826
4968 5 2 1 332 5825 4626 4627 5826 2538 779 780 2539
4969 5 2 1 332 2033 725 726 2034 5826 4627 4628 5827
4970 5 2 1 332 5826 4627 4628 5827 2539 780 781 2540
4971 5 2 1 332 2034 726 20 248 5827 4628 988 4242
4972 5 2 1 332 5827 4628 988 4242 2540 781 30 340
4973 5 2 1 334 21 249 2035 727 989 4243 5828 4629
4974 5 2 1 334 989 4243 5828 4629 31 341 2541 782
4975 5 2 1 334 727 2035 2036 728 4629 5828 5829 4630
4976 5 2 1 334 4629 5828 5829 4630 782 2541 2542 783
4977 5 2 1 334 728 2036 2037 729 4630 5829 5830 4631
4978 5 2 1 334 4630 5829 5830 4631 783 2542 2543 784
4979 5 2 1 334 729 2037 2038 730 4631 5830 5831 4632
4980 5 2 1 334 4631 5830 5831 4632 784 2543 2544 785
4981 5 2 1 334 730 2038 2039 731 4632 5831 5832 4633
4982 5 2 1 334 4632 5831 5832 4633 785 2544 2545 786
4983 5 2 1 334 731 2039 2040 732 4633 5832 5833 4634
4984 5 2 1 334 4633 5832 5833 4634 786 2545 2546 787
4985 5 2 1 334 732 2040 2041 733 4634 5833 5834 4635
4986 5 2 1 334 4634 5833 5834 4635 787 2546 2547 788
4987 5 2 1 334 733 2041 2042 734 4635 5834 5835 4636
4988 5 2 1 334 4635 5834 5835 4636 788 2547 2548 789
4989 5 2 1 334 734 2042 2043 735 4636 5835 5836 4637
4990 5 2 1 334 4636 5835 5836 4637 789 2548 2549 790
4991 5 2 1 334 735 2043 2044 736 4637 5836 5837 4638
4992 5 2 1 334 4637 5836 5837 4638 790 2549 2550 791
4993 5 2 1 334 736 2044 2045 737 4638 5837 5838 4639
4994 5 2 1 334 4638 5837 5838 4639 791 2550 2551 792
4995 5 2 1 334 737 2045 295 26 4639 5838 4289 994
4996 5 2 1 334 4639 5838 4289 994 792 2551 387 36
4997 5 2 1 334 249 22 738 2035 4243 990 4640 5828
4998 5 2 1 334 4243 990 4640 5828 341 32 793 2541
4999 5 2 1 334 2035 738 739 2036 5828 4640 4641 5829
5000 5 2 1 334 5828 4640 4641 5829 2541 793 794 2542
5001 5 2 1 334 2036 739 740 2037 5829 4641 4642 5830
5002 5 2 1 334 5829 4641 4642 5830 2542 794 795 2543
5003 5 2 1 334 2037 740 741 2038 5830 4642 4643 5831
5004 5 2 1 334 5830 4642 4643 5831 2543 795 796 2544
5005 5 2 1 334 2038 741 742 2039 5831 4643 4644 5832
5006 5 2 1 334 5831 4643 4644 5832 2544 796 797 2545
5007 5 2 1 334 2039 742 743 2040 5832 4644 4645 5833
5008 5 2 1 334 5832 4644 4645 5833 2545 797 798 2546
5009 5 2 1 334 2040 743 744 2041 5833 4645 4646 5834
5010 5 2 1 334 5833 4645 4646 5834 2546 798 799 2547
5011 5 2 1 334 2041 744 745 2042 5834 4646 4647 5835
5012 5 2 1 334 5834 4646 4647 5835 2547 799 800 2548
5013 5 2 1 334 2042 745 746 2043 5835 4647 4648 5836
5014 5 2 1 334 5835 4647 4648 5836 2548 800 801 2549
5015 5 2 1 334 2043 746 747 2044 5836 4648 4649 5837
5016 5 2 1 334 5836 4648 4649 5837 2549 801 802 2550
5017 5 2 1 334 2044 747 748 2045 5837 4649 4650 5838
5018 5 2 1 334 5837 4649 4650 5838 2550 802 803 2551
5019 5 2 1 334 2045 748 27 295 5838 4650 995 4289
5020 5 2 1 334 5838 4650 995 4289 2551 803 37 387
5021 5 2 1 336 22 250 2046 738 990 4244 5839 4640
5022 5 2 1 336 990 4244 5839 4640 32 342 2552 793
5023 5 2 1 336 738 2046 2047 739 4640 5839 5840 4641
5024 5 2 1 336 4640 5839 5840 4641 793 2552 2553 794
5025 5 2 1 336 739 2047 2048 740 4641 5840 5841 4642
5026 5 2 1 336 4641 5840 5841 4642 794 2553 2554 795
5027 5 2 1 336 740 2048 2049 741 4642 5841 5842 4643
5028 5 2 1 336 4642 5841 5842 4643 795 2554 2555 796
5029 5 2 1 336 741 2049 2050 742 4643 5842 5843 4644
5030 5 2 1 336 4643 5842 5843 4644 796 2555 2556 797
5031 5 2 1 336 742 2050 2051 743 4644 5843 5844 4645
5032 5 2 1 336 4644 5843 5844 4645 797 2556 2557 798
5033 5 2 1 336 743 2051 2052 744 4645 5844 5845 4646
5034 5 2 1 336 4645 5844 5845 4646 798 2557 2558 799
5035 5 2 1 336 744 2052 2053 745 4646 5845 5846 4647
5036 5 2 1 336 4646 5845 5846 4647 799 2558 2559 800
5037 5 2 1 336 745 2053 2054 746 4647 5846 5847 4648
5038 5 2 1 336 4647 5846 5847 4648 800 2559 2560 801
5039 5 2 1 336 746 2054 2055 747 4648 5847 5848 4649
5040 5 2 1 336 4648 5847 5848 4649 801 2560 2561 802
5041 5 2 1 336 747 2055 2056 748 4649 5848 5849 4650
5042 5 2 1 336 4649 5848 5849 4650 802 2561 2562 803
5043 5 2 1 336 748 2056 296 27 4650 5849 4290 995
5044 5 2 1 336 4650 5849 4290 995 803 2562 388 37
5045 5 2 1 336 250 251 2057 2046 4244 4245 5850 5839
5046 5 2 1 336 4244 4245 5850 5839 342 343 2563 2552
5047 5 2 1 336 2046 2057 2058 2047 5839 5850 5851 5840
5048 5 2 1 336 5839 5850 5851 5840 2552 2563 2564 2553
5049 5 2 1 336 2047 2058 2059 2048 5840 5851 5852 5841
5050 5 2 1 336 5840 5851 5852 5841 2553 2564 2565 2554
5051 5 2 1 336 2048 2059 2060 2049 5841 5852 5853 5842
5052 5 2 1 336 5841 5852 5853 5842 2554 2565 2566 2555
5053 5 2 1 336 2049 2060 2061 2050 5842 5853 5854 5843
5054 5 2 1 336 5842 5853 5854 5843 2555 2566 2567 2556
5055 5 2 1 336 2050 2061 2062 2051 5843 5854 5855 5844
5056 5 2 1 336 5843 5854 5855 5844 2556 2567 2568 2557
5057 5 2 1 336 2051 2062 2063 2052 5844 5855 5856 5845
5058 5 2 1 336 5844 5855 5856 5845 2557 2568 2569 2558
5059 5 2 1 336 2052 2063 2064 2053 5845 5856 5857 5846
5060 5 2 1 336 5845 5856 5857 5846 2558 2569 2570 2559
5061 5 2 1 336 2053 2064 2065 2054 5846 5857 5858 5847
5062 5 2 1 336 5846 5857 5858 5847 2559 2570 2571 2560
5063 5 2 1 336 2054 2065 2066 2055 5847 5858 5859 5848
5064 5 2 1 336 5847 5858 5859 5848 2560 2571 2572 2561
5065 5 2 1 336 2055 2066 2067 2056 5848 5859 5860 5849
5066 5 2 1 336 5848 5859 5860 5849 2561 2572 2573 2562
5067 5 2 1 336 2056 2067 297 296 5849 5860 4291 4290
5068 5 2 1 336 5849 5860 4291 4290 2562 2573 389 388
5069 5 2 1 336 251 252 2068 2057 4245 4246 5861 5850
5070 5 2 1 336 4245 4246 5861 5850 343 344 2574 2563
5071 5 2 1 336 2057 2068 2069 2058 5850 5861 5862 5851
5072 5 2 1 336 5850 5861 5862 5851 2563 2574 2575 2564
5073 5 2 1 336 2058 2069 2070 2059 5851 5862 5863 5852
5074 5 2 1 336 5851 5862 5863 5852 2564 2575 2576 2565
5075 5 2 1 336 2059 2070 2071 2060 5852 5863 5864 5853
5076 5 2 1 336 5852 5863 5864 5853 2565 2576 2577 2566
5077 5 2 1 336 2060 2071 2072 2061 5853 5864 5865 5854
5078 5 2 1 336 5853 5864 5865 5854 2566 2577 2578 2567
5079 5 2 1 336 2061 2072 2073 2062 5854 5865 5866 5855
5080 5 2 1 336 5854 5865 5866 5855 2567 2578 2579 2568
5081 5 2 1 336 2062 2073 2074 2063 5855 5866 5867 5856
5082 5 2 1 336 5855 5866 5867 5856 2568 2579 2580 2569
5083 5 2 1 336 2063 2074 2075 2064 5856 5867 5868 5857
5084 5 2 1 336 5856 5867 5868 5857 2569 2580 2581 2570
5085 5 2 1 336 2064 2075 2076 2065 5857 5868 5869 5858
5086 5 2 1 336 5857 5868 5869 5858 2570 2581 2582 2571
5087 5 2 1 336 2065 2076 2077 2066 5858 5869 5870 5859
5088 5 2 1 336 5858 5869 5870 5859 2571 2582 2583 2572
5089 5 2 1 336 2066 2077 2078 2067 5859 5870 5871 5860
5090 5 2 1 336 5859 5870 5871 5860 2572 2583 2584 2573
5091 5 2 1 336 2067 2078 298 297 5860 5871 4292 4291
5092 5 2 1 336 5860 5871 4292 4291 2573 2584 390 389
5093 5 2 1 336 252 253 2079 2068 4246 4247 5872 5861
5094 5 2 1 336 4246 4247 5872 5861 344 345 2585 2574
5095 5 2 1 336 2068 2079 2080 2069 5861 5872 5873 5862
5096 5 2 1 336 5861 5872 5873 5862 2574 2585 2586 2575
5097 5 2 1 336 2069 2080 2081 2070 5862 5873 5874 5863
5098 5 2 1 336 5862 5873 5874 5863 2575 2586 2587 2576
5099 5 2 1 336 2070 2081 2082 2071 5863 5874 5875 5864
5100 5 2 1 336 5863 5874 5875 5864 2576 2587 2588 2577
5101 5 2 1 336 2071 2082 2083 2072 5864 5875 5876 5865
5102 5 2 1 336 5864 5875 5876 5865 2577 2588 2589 2578
5103 5 2 1 336 2072 2083 2084 2073 5865 5876 5877 5866
5104 5 2 1 336 5865 5876 5877 5866 2578 2589 2590 2579
5105 5 2 1 336 2073 2084 2085 2074 5866 5877 5878 5867
5106 5 2 1 336 5866 5877 5878 5867 2579 2590 2591 2580
5107 5 2 1 336 2074 2085 2086 2075 5867 5878 5879 5868
5108 5 2 1 336 5867 5878 5879 5868 2580 2591 2592 2581
5109 5 2 1 336 2075 2086 2087 2076 5868 5879 5880 5869
5110 5 2 1 336 5868 5879 5880 5869 2581 2592 2593 2582
5111 5 2 1 336 2076 2087 2088 2077 5869 5880 5881 5870
5112 5 2 1 336 5869 5880 5881 5870 2582 2593 2594 2583
5113 5 2 1 336 2077 2088 2089 2078 5870 5881 5882 5871
5114 5 2 1 336 5870 5881 5882 5871 2583 2594 2595 2584
5115 5 2 1 336 2078 2089 299 298 5871 5882 4293 4292
5116 5 2 1 336 5871 5882 4293 4292 2584 2595 391 390
5117 5 2 1 336 253 254 2090 2079 4247 4248 5883 5872
5118 5 2 1 336 4247 4248 5883 5872 345 346 2596 2585
5119 5 2 1 336 2079 2090 2091 2080 5872 5883 5884 5873
5120 5 2 1 336 5872 5883 5884 5873 2585 2596 2597 2586
5121 5 2 1 336 2080 2091 2092 2081 5873 5884 5885 5874
5122 5 2 1 336 5873 5884 5885 5874 2586 2597 2598 2587
5123 5 2 1 336 2081 2092 2093 2082 5874 5885 5886 5875
5124 5 2 1 336 5874 5885 5886 5875 2587 2598 2599 2588
5125 5 2 1 336 2082 2093 2094 2083 5875 5886 5887 5876
5126 5 2 1 336 5875 5886 5887 5876 2588 2599 2600 2589
5127 5 2 1 336 2083 2094 2095 2084 5876 5887 5888 5877
5128 5 2 1 336 5876 5887 5888 5877 2589 2600 2601 2590
5129 5 2 1 336 2084 2095 2096 2085 5877 5888 5889 5878
5130 5 2 1 336 5877 5888 5889 5878 2590 2601 2602 2591
5131 5 2 1 336 2085 2096 2097 2086 5878 5889 5890 5879
5132 5 2 1 336 5878 5889 5890 5879 2591 2602 2603 2592
5133 5 2 1 336 2086 2097 2098 2087 5879 5890 5891 5880
5134 5 2 1 336 5879 5890 5891 5880 2592 2603 2604 2593
5135 5 2 1 336 2087 2098 2099 2088 5880 5891 5892 5881
5136 5 2 1 336 5880 5891 5892 5881 2593 2604 2605 2594
5137 5 2 1 336 2088 2099 2100 2089 5881 5892 5893 5882
5138 5 2 1 336 5881 5892 5893 5882 2594 2605 2606 2595
5139 5 2 1 336 2089 2100 300 299 5882 5893 4294 4293
5140 5 2 1 336 5882 5893 4294 4293 2595 2606 392 391
5141 5 2 1 336 254 255 2101 2090 4248 4249 5894 5883
5142 5 2 1 336 4248 4249 5894 5883 346 347 2607 2596
5143 5 2 1 336 2090 2101 2102 2091 5883 5894 5895 5884
5144 5 2 1 336 5883 5894 5895 5884 2596 2607 2608 2597
5145 5 2 1 336 2091 2102 2103 2092 5884 5895 5896 5885
5146 5 2 1 336 5884 5895 5896 5885 2597 2608 2609 2598
5147 5 2 1 336 2092 2103 2104 2093 5885 5896 5897 5886
5148 5 2 1 336 5885 5896 5897 5886 2598 2609 2610 2599
5149 5 2 1 336 2093 2104 2105 2094 5886 5897 5898 5887
5150 5 2 1 336 5886 5897 5898 5887 2599 2610 2611 2600
5151 5 2 1 336 2094 2105 2106 2095 5887 5898 5899 5888
5152 5 2 1 336 5887 5898 5899 5888 2600 2611 2612 2601
5153 5 2 1 336 2095 2106 2107 2096 5888 5899 5900 5889
5154 5 2 1 336 5888 5899 5900 5889 2601 2612 2613 2602
5155 5 2 1 336 2096 2107 2108 2097 5889 5900 5901 5890
5156 5 2 1 336 5889 5900 5901 5890 2602 2613 2614 2603
5157 5 2 1 336 2097 2108 2109 2098 5890 5901 5902 5891
5158 5 2 1 336 5890 5901 5902 5891 2603 2614 2615 2604
5159 5 2 1 336 2098 2109 2110 2099 5891 5902 5903 5892
5160 5 2 1 336 5891 5902 5903 5892 2604 2615 2616 2605
5161 5 2 1 336 2099 2110 2111 2100 5892 5903 5904 5893
5162 5 2 1 336 5892 5903 5904 5893 2605 2616 2617 2606
5163 5 2 1 336 2100 2111 301 300 5893 5904 4295 4294
5164 5 2 1 336 5893 5904 4295 4294 2606 2617 393 392
5165 5 2 1 336 255 256 2112 2101 4249 4250 5905 5894
5166 5 2 1 336 4249 4250 5905 5894 347 348 2618 2607
5167 5 2 1 336 2101 2112 2113 2102 5894 5905 5906 5895
5168 5 2 1 336 5894 5905 5906 5895 2607 2618 2619 2608
5169 5 2 1 336 2102 2113 2114 2103 5895 5906 5907 5896
5170 5 2 1 336 5895 5906 5907 5896 2608 2619 2620 2609
5171 5 2 1 336 2103 2114 2115 2104 5896 5907 5908 5897
5172 5 2 1 336 5896 5907 5908 5897 2609 2620 2621 2610
5173 5 2 1 336 2104 2115 2116 2105 5897 5908 5909 5898
5174 5 2 1 336 5897 5908 5909 5898 2610 2621 2622 2611
5175 5 2 1 336 2105 2116 2117 2106 5898 5909 5910 5899
5176 5 2 1 336 5898 5909 5910 5899 2611 2622 2623 2612
5177 5 2 1 336 2106 2117 2118 2107 5899 5910 5911 5900
5178 5 2 1 336 5899 5910 5911 5900 2612 2623 2624 2613
5179 5 2 1 336 2107 2118 2119 2108 5900 5911 5912 5901
5180 5 2 1 336 5900 5911 5912 5901 2613 2624 2625 2614
5181 5 2 1 336 2108 2119 2120 2109 5901 5912 5913 5902
5182 5 2 1 336 5901 5912 5913 5902 2614 2625 2626 2615
5183 5 2 1 336 2109 2120 2121 2110 5902 5913 5914 5903
5184 5 2 1 336 5902 5913 5914 5903 2615 2626 2627 2616
5185 5 2 1 336 2110 2121 2122 2111 5903 5914 5915 5904
5186 5 2 1 336 5903 5914 5915 5904 2616 2627 2628 2617
5187 5 2 1 336 2111 2122 302 301 5904 5915 4296 4295
5188 5 2 1 336 5904 5915 4296 4295 2617 2628 394 393
5189 5 2 1 336 256 257 2123 2112 4250 4251 5916 5905
5190 5 2 1 336 4250 4251 5916 5905 348 349 2629 2618
5191 5 2 1 336 2112 2123 2124 2113 5905 5916 5917 5906
5192 5 2 1 336 5905 5916 5917 5906 2618 2629 2630 2619
5193 5 2 1 336 2113 2124 2125 2114 5906 5917 5918 5907
5194 5 2 1 336 5906 5917 5918 5907 2619 2630 2631 2620
5195 5 2 1 336 2114 2125 2126 2115 5907 5918 5919 5908
5196 5 2 1 336 5907 5918 5919 5908 2620 2631 2632 2621
5197 5 2 1 336 2115 2126 2127 2116 5908 5919 5920 5909
5198 5 2 1 336 5908 5919 5920 5909 2621 2632 2633 2622
5199 5 2 1 336 2116 2127 2128 2117 5909 5920 5921 5910
5200 5 2 1 336 5909 5920 5921 5910 2622 2633 2634 2623
5201 5 2 1 336 2117 2128 2129 2118 5910 5921 5922 5911
5202 5 2 1 336 5910 5921 5922 5911 2623 2634 2635 2624
5203 5 2 1 336 2118 2129 2130 2119 5911 5922 5923 5912
5204 5 2 1 336 5911 5922 5923 5912 2624 2635 2636 2625
5205 5 2 1 336 2119 2130 2131 2120 5912 5923 5924 5913
5206 5 2 1 336 5912 5923 5924 5913 2625 2636 2637 2626
5207 5 2 1 336 2120 2131 2132 2121 5913 5924 5925 5914
5208 5 2 1 336 5913 5924 5925 5914 2626 2637 2638 2627
5209 5 2 1 336 2121 2132 2133 2122 5914 5925 5926 5915
5210 5 2 1 336 5914 5925 5926 5915 2627 2638 2639 2628
5211 5 2 1 336 2122 2133 303 302 5915 5926 4297 4296
5212 5 2 1 336 5915 5926 4297 4296 2628 2639 395 394
5213 5 2 1 336 257 258 2134 2123 4251 4252 5927 5916
5214 5 2 1 336 4251 4252 5927 5916 349 350 2640 2629
5215 5 2 1 336 2123 2134 2135 2124 5916 5927 5928 5917
5216 5 2 1 336 5916 5927 5928 5917 2629 2640 2641 2630
5217 5 2 1 336 2124 2135 2136 2125 5917 5928 5929 5918
5218 5 2 1 336 5917 5928 5929 5918 2630 2641 2642 2631
5219 5 2 1 336 2125 2136 2137 2126 5918 5929 5930 5919
5220 5 2 1 336 5918 5929 5930 5919 2631 2642 2643 2632
5221 5 2 1 336 2126 2137 2138 2127 5919 5930 5931 5920
5222 5 2 1 336 5919 5930 5931 5920 2632 2643 2644 2633
5223 5 2 1 336 2127 2138 2139 2128 5920 5931 5932 5921
5224 5 2 1 336 5920 5931 5932 5921 2633 2644 2645 2634
5225 5 2 1 336 2128 2139 2140 2129 5921 5932 5933 5922
5226 5 2 1 336 5921 5932 5933 5922 2634 2645 2646 2635
5227 5 2 1 336 2129 2140 2141 2130 5922 5933 5934 5923
5228 5 2 1 336 5922 5933 5934 5923 2635 2646 2647 2636
5229 5 2 1 336 2130 2141 2142 2131 5923 5934 5935 5924
5230 5 2 1 336 5923 5934 5935 5924 2636 2647 2648 2637
5231 5 2 1 336 2131 2142 2143 2132 5924 5935 5936 5925
5232 5 2 1 336 5924 5935 5936 5925 2637 2648 2649 2638
5233 5 2 1 336 2132 2143 2144 2133 5925 5936 5937 5926
5234 5 2 1 336 5925 5936 5937 5926 2638 2649 2650 2639
5235 5 2 1 336 2133 2144 304 303 5926 5937 4298 4297
5236 5 2 1 336 5926 5937 4298 4297 2639 2650 396 395
5237 5 2 1 336 258 259 2145 2134 4252 4253 5938 5927
5238 5 2 1 336 4252 4253 5938 5927 350 351 2651 2640
5239 5 2 1 336 2134 2145 2146 2135 5927 5938 5939 5928
5240 5 2 1 336 5927 5938 5939 5928 2640 2651 2652 2641
5241 5 2 1 336 2135 2146 2147 2136 5928 5939 5940 5929
5242 5 2 1 336 5928 5939 5940 5929 2641 2652 2653 2642
5243 5 2 1 336 2136 2147 2148 2137 5929 5940 5941 5930
5244 5 2 1 336 5929 5940 5941 5930 2642 2653 2654 2643
5245 5 2 1 336 2137 2148 2149 2138 5930 5941 5942 5931
5246 5 2 1 336 5930 5941 5942 5931 2643 2654 2655 2644
5247 5 2 1 336 2138 2149 2150 2139 5931 5942 5943 5932
5248 5 2 1 336 5931 5942 5943 5932 2644 2655 2656 2645
5249 5 2 1 336 2139 2150 2151 2140 5932 5943 5944 5933
5250 5 2 1 336 5932 5943 5944 5933 2645 2656 2657 2646
5251 5 2 1 336 2140 2151 2152 2141 5933 5944 5945 5934
5252 5 2 1 336 5933 5944 5945 5934 2646 2657 2658 2647
5253 5 2 1 336 2141 2152 2153 2142 5934 5945 5946 5935
5254 5 2 1 336 5934 5945 5946 5935 2647 2658 2659 2648
5255 5 2 1 336 2142 2153 2154 2143 5935 5946 5947 5936
5256 5 2 1 336 5935 5946 5947 5936 2648 2659 2660 2649
5257 5 2 1 336 2143 2154 2155 2144 5936 5947 5948 5937
5258 5 2 1 336 5936 5947 5948 5937 2649 2660 2661 2650
5259 5 2 1 336 2144 2155 305 304 5937 5948 4299 4298
5260 5 2 1 336 5937 5948 4299 4298 2650 2661 397 396
5261 5 2 1 336 259 260 2156 2145 4253 4254 5949 5938
5262 5 2 1 336 4253 4254 5949 5938 351 352 2662 2651
5263 5 2 1 336 2145 2156 2157 2146 5938 5949 5950 5939
5264 5 2 1 336 5938 5949 5950 5939 2651 2662 2663 2652
5265 5 2 1 336 2146 2157 2158 2147 5939 5950 5951 5940
5266 5 2 1 336 5939 5950 5951 5940 2652 2663 2664 2653
5267 5 2 1 336 2147 2158 2159 2148 5940 5951 5952 5941
5268 5 2 1 336 5940 5951 5952 5941 2653 2664 2665 2654
5269 5 2 1 336 2148 2159 2160 2149 5941 5952 5953 5942
5270 5 2 1 336 5941 5952 5953 5942 2654 2665 2666 2655
5271 5 2 1 336 2149 2160 2161 2150 5942 5953 5954 5943
5272 5 2 1 336 5942 5953 5954 5943 2655 2666 2667 2656
5273 5 2 1 336 2150 2161 2162 2151 5943 5954 5955 5944
5274 5 2 1 336 5943 5954 5955 5944 2656 2667 2668 2657
5275 5 2 1 336 2151 2162 2163 2152 5944 5955 5956 5945
5276 5 2 1 336 5944 5955 5956 5945 2657 2668 2669 2658
5277 5 2 1 336 2152 2163 2164 2153 5945 5956 5957 5946
5278 5 2 1 336 5945 5956 5957 5946 2658 2669 2670 2659
5279 5 2 1 336 2153 2164 2165 2154 5946 5957 5958 5947
5280 5 2 1 336 5946 5957 5958 5947 2659 2670 2671 2660
5281 5 2 1 336 2154 2165 2166 2155 5947 5958 5959 5948
5282 5 2 1 336 5947 5958 5959 5948 2660 2671 2672 2661
5283 5 2 1 336 2155 2166 306 305 5948 5959 4300 4299
5284 5 2 1 336 5948 5959 4300 4299 2661 2672 398 397
5285 5 2 1 336 260 261 2167 2156 4254 4255 5960 5949
5286 5 2 1 336 4254 4255 5960 5949 352 353 2673 2662
5287 5 2 1 336 2156 2167 2168 2157 5949 5960 5961 5950
5288 5 2 1 336 5949 5960 5961 5950 2662 2673 2674 2663
5289 5 2 1 336 2157 2168 2169 2158 5950 5961 5962 5951
5290 5 2 1 336 5950 5961 5962 5951 2663 2674 2675 2664
5291 5 2 1 336 2158 2169 2170 2159 5951 5962 5963 5952
5292 5 2 1 336 5951 5962 5963 5952 2664 2675 2676 2665
5293 5 2 1 336 2159 2170 2171 2160 5952 5963 5964 5953
5294 5 2 1 336 5952 5963 5964 5953 2665 2676 2677 2666
5295 5 2 1 336 2160 2171 2172 2161 5953 5964 5965 5954
5296 5 2 1 336 5953 5964 5965 5954 2666 2677 2678 2667
5297 5 2 1 336 2161 2172 2173 2162 5954 5965 5966 5955
5298 5 2 1 336 5954 5965 5966 5955 2667 2678 2679 2668
5299 5 2 1 336 2162 2173 2174 2163 5955 5966 5967 5956
5300 5 2 1 336 5955 5966 5967 5956 2668 2679 2680 2669
5301 5 2 1 336 2163 2174 2175 2164 5956 5967 5968 5957
5302 5 2 1 336 5956 5967 5968 5957 2669 2680 2681 2670
5303 5 2 1 336 2164 2175 2176 2165 5957 5968 5969 5958
5304 5 2 1 336 5957 5968 5969 5958 2670 2681 2682 2671
5305 5 2 1 336 2165 2176 2177 2166 5958 5969 5970 5959
5306 5 2 1 336 5958 5969 5970 5959 2671 2682 2683 2672
5307 5 2 1 336 2166 2177 307 306 5959 5970 4301 4300
5308 5 2 1 336 5959 5970 4301 4300 2672 2683 399 398
5309 5 2 1 336 261 262 2178 2167 4255 4256 5971 5960
5310 5 2 1 336 4255 4256 5971 5960 353 354 2684 2673
5311 5 2 1 336 2167 2178 2179 2168 5960 5971 5972 5961
5312 5 2 1 336 5960 5971 5972 5961 2673 2684 2685 2674
5313 5 2 1 336 2168 2179 2180 2169 5961 5972 5973 5962
5314 5 2 1 336 5961 5972 5973 5962 2674 2685 2686 2675
5315 5 2 1 336 2169 2180 2181 2170 5962 5973 5974 5963
5316 5 2 1 336 5962 5973 5974 5963 2675 2686 2687 2676
5317 5 2 1 336 2170 2181 2182 2171 5963 5974 5975 5964
5318 5 2 1 336 5963 5974 5975 5964 2676 2687 2688 2677
5319 5 2 1 336 2171 2182 2183 2172 5964 5975 5976 5965
5320 5 2 1 336 5964 5975 5976 5965 2677 2688 2689 2678
5321 5 2 1 336 2172 2183 2184 2173 5965 5976 5977 5966
5322 5 2 1 336 5965 5976 5977 5966 2678 2689 2690 2679
5323 5 2 1 336 2173 2184 2185 2174 5966 5977 5978 5967
5324 5 2 1 336 5966 5977 5978 5967 2679 2690 2691 2680
5325 5 2 1 336 2174 2185 2186 2175 5967 5978 5979 5968
5326 5 2 1 336 5967 5978 5979 5968 2680 2691 2692 2681
5327 5 2 1 336 2175 2186 2187 2176 5968 5979 5980 5969
5328 5 2 1 336 5968 5979 5980 5969 2681 2692 2693 2682
5329 5 2 1 336 2176 2187 2188 2177 5969 5980 5981 5970
5330 5 2 1 336 5969 5980 5981 5970 2682 2693 2694 2683
5331 5 2 1 336 2177 2188 308 307 5970 5981 4302 4301
5332 5 2 1 336 5970 5981 4302 4301 2683 2694 400 399
5333 5 2 1 336 262 263 2189 2178 4256 4257 5982 5971
5334 5 2 1 336 4256 4257 5982 5971 354 355 2695 2684
5335 5 2 1 336 2178 2189 2190 2179 5971 5982 5983 5972
5336 5 2 1 336 5971 5982 5983 5972 2684 2695 2696 2685
5337 5 2 1 336 2179 2190 2191 2180 5972 5983 5984 5973
5338 5 2 1 336 5972 5983 5984 5973 2685 2696 2697 2686
5339 5 2 1 336 2180 2191 2192 2181 5973 5984 5985 5974
5340 5 2 1 336 5973 5984 5985 5974 2686 2697 2698 2687
5341 5 2 1 336 2181 2192 2193 2182 5974 5985 5986 5975
5342 5 2 1 336 5974 5985 5986 5975 2687 2698 2699 2688
5343 5 2 1 336 2182 2193 2194 2183 5975 5986 5987 5976
5344 5 2 1 336 5975 5986 5987 5976 2688 2699 2700 2689
5345 5 2 1 336 2183 2194 2195 2184 5976 5987 5988 5977
5346 5 2 1 336 5976 5987 5988 5977 2689 2700 2701 2690
5347 5 2 1 336 2184 2195 2196 2185 5977 5988 5989 5978
5348 5 2 1 336 5977 5988 5989 5978 2690 2701 2702 2691
5349 5 2 1 336 2185 2196 2197 2186 5978 5989 5990 5979
5350 5 2 1 336 5978 5989 5990 5979 2691 2702 2703 2692
5351 5 2 1 336 2186 2197 2198 2187 5979 5990 5991 5980
5352 5 2 1 336 5979 5990 5991 5980 2692 2703 2704 2693
5353 5 2 1 336 2187 2198 2199 2188 5980 5991 5992 5981
5354 5 2 1 336 5980 5991 5992 5981 2693 2704 2705 2694
5355 5 2 1 336 2188 2199 309 308 5981 5992 4303 4302
5356 5 2 1 336 5981 5992 4303 4302 2694 2705 401 400
5357 5 2 1 336 263 264 2200 2189 4257 4258 5993 5982
5358 5 2 1 336 4257 4258 5993 5982 355 356 2706 2695
5359 5 2 1 336 2189 2200 2201 2190 5982 5993 5994 5983
5360 5 2 1 336 5982 5993 5994 5983 2695 2706 2707 2696
5361 5 2 1 336 2190 2201 2202 2191 5983 5994 5995 5984
5362 5 2 1 336 5983 5994 5995 5984 2696 2707 2708 2697
5363 5 2 1 336 2191 2202 2203 2192 5984 5995 5996 5985
5364 5 2 1 336 5984 5995 5996 5985 2697 2708 2709 2698
5365 5 2 1 336 2192 2203 2204 2193 5985 5996 5997 5986
5366 5 2 1 336 5985 5996 5997 5986 2698 2709 2710 2699
5367 5 2 1 336 2193 2204 2205 2194 5986 5997 5998 5987
5368 5 2 1 336 5986 5997 5998 5987 2699 2710 2711 2700
5369 5 2 1 336 2194 2205 2206 2195 5987 5998 5999 5988
5370 5 2 1 336 5987 5998 5999 5988 2700 2711 2712 2701
5371 5 2 1 336 2195 2206 2207 2196 5988 5999 6000 5989
5372 5 2 1 336 5988 5999 6000 5989 2701 2712 2713 2702
5373 5 2 1 336 2196 2207 2208 2197 5989 6000 6001 5990
5374 5 2 1 336 5989 6000 6001 5990 2702 2713 2714 2703
5375 5 2 1 336 2197 2208 2209 2198 5990 6001 6002 5991
5376 5 2 1 336 5990 6001 6002 5991 2703 2714 2715 2704
5377 5 2 1 336 2198 2209 2210 2199 5991 6002 6003 5992
5378 5 2 1 336 5991 6002 6003 5992 2704 2715 2716 2705
5379 5 2 1 336 2199 2210 310 309 5992 6003 4304 4303
5380 5 2 1 336 5992 6003 4304 4303 2705 2716 402 401
5381 5 2 1 336 264 265 2211 2200 4258 4259 6004 5993
5382 5 2 1 336 4258 4259 6004 5993 356 357 2717 2706
5383 5 2 1 336 2200 2211 2212 2201 5993 6004 6005 5994
5384 5 2 1 336 5993 6004 6005 5994 2706 2717 2718 2707
5385 5 2 1 336 2201 2212 2213 2202 5994 6005 6006 5995
5386 5 2 1 336 5994 6005 6006 5995 2707 2718 2719 2708
5387 5 2 1 336 2202 2213 2214 2203 5995 6006 6007 5996
5388 5 2 1 336 5995 6006 6007 5996 2708 2719 2720 2709
5389 5 2 1 336 2203 2214 2215 2204 5996 6007 6008 5997
5390 5 2 1 336 5996 6007 6008 5997 2709 2720 2721 2710
5391 5 2 1 336 2204 2215 2216 2205 5997 6008 6009 5998
5392 5 2 1 336 5997 6008 6009 5998 2710 2721 2722 2711
5393 5 2 1 336 2205 2216 2217 2206 5998 6009 6010 5999
5394 5 2 1 336 5998 6009 6010 5999 2711 2722 2723 2712
5395 5 2 1 336 2206 2217 2218 2207 5999 6010 6011 6000
5396 5 2 1 336 5999 6010 6011 6000 2712 2723 2724 2713
5397 5 2 1 336 2207 2218 2219 2208 6000 6011 6012 6001
5398 5 2 1 336 6000 6011 6012 6001 2713 2724 2725 2714
5399 5 2 1 336 2208 2219 2220 2209 6001 6012 6013 6002
5400 5 2 1 336 6001 6012 6013 6002 2714 2725 2726 2715
5401 5 2 1 336 2209 2220 2221 2210 6002 6013 6014 6003
5402 5 2 1 336 6002 6013 6014 6003 2715 2726 2727 2716
5403 5 2 1 336 2210 2221 311 310 6003 6014 4305 4304
5404 5 2 1 336 6003 6014 4305 4304 2716 2727 403 402
5405 5 2 1 336 265 266 2222 2211 4259 4260 6015 6004
5406 5 2 1 336 4259 4260 6015 6004 357 358 2728 2717
5407 5 2 1 336 2211 2222 2223 2212 6004 6015 6016 6005
5408 5 2 1 336 6004 6015 6016 6005 2717 2728 2729 2718
5409 5 2 1 336 2212 2223 2224 2213 6005 6016 6017 6006
5410 5 2 1 336 6005 6016 6017 6006 2718 2729 2730 2719
5411 5 2 1 336 2213 2224 2225 2214 6006 6017 6018 6007
5412 5 2 1 336 6006 6017 6018 6007 2719 2730 2731 2720
5413 5 2 1 336 2214 2225 2226 2215 6007 6018 6019 6008
5414 5 2 1 336 6007 6018 6019 6008 2720 2731 2732 2721
5415 5 2 1 336 2215 2226 2227 2216 6008 6019 6020 6009
5416 5 2 1 336 6008 6019 6020 6009 2721 2732 2733 2722
5417 5 2 1 336 2216 2227 2228 2217 6009 6020 6021 6010
5418 5 2 1 336 6009 6020 6021 6010 2722 2733 2734 2723
5419 5 2 1 336 2217 2228 2229 2218 6010 6021 6022 6011
5420 5 2 1 336 6010 6021 6022 6011 2723 2734 2735 2724
5421 5 2 1 336 2218 2229 2230 2219 6011 6022 6023 6012
5422 5 2 1 336 6011 6022 6023 6012 2724 2735 2736 2725
5423 5 2 1 336 2219 2230 2231 2220 6012 6023 6024 6013
5424 5 2 1 336 6012 6023 6024 6013 2725 2736 2737 2726
5425 5 2 1 336 2220 2231 2232 2221 6013 6024 6025 6014
5426 5 2 1 336 6013 6024 6025 6014 2726 2737 2738 2727
5427 5 2 1 336 2221 2232 312 311 6014 6025 4306 4305
5428 5 2 1 336 6014 6025 4306 4305 2727 2738 404 403
5429 5 2 1 336 266 267 2233 2222 4260 4261 6026 6015
5430 5 2 1 336 4260 4261 6026 6015 358 359 2739 2728
5431 5 2 1 336 2222 2233 2234 2223 6015 6026 6027 6016
5432 5 2 1 336 6015 6026 6027 6016 2728 2739 2740 2729
5433 5 2 1 336 2223 2234 2235 2224 6016 6027 6028 6017
5434 5 2 1 336 6016 6027 6028 6017 2729 2740 2741 2730
5435 5 2 1 336 2224 2235 2236 2225 6017 6028 6029 6018
5436 5 2 1 336 6017 6028 6029 6018 2730 2741 2742 2731
5437 5 2 1 336 2225 2236 2237 2226 6018 6029 6030 6019
5438 5 2 1 336 6018 6029 6030 6019 2731 2742 2743 2732
5439 5 2 1 336 2226 2237 2238 2227 6019 6030 6031 6020
5440 5 2 1 336 6019 6030 6031 6020 2732 2743 2744 2733
5441 5 2 1 336 2227 2238 2239 2228 6020 6031 6032 6021
5442 5 2 1 336 6020 6031 6032 6021 2733 2744 2745 2734
5443 5 2 1 336 2228 2239 2240 2229 6021 6032 6033 6022
5444 5 2 1 336 6021 6032 6033 6022 2734 2745 2746 2735
5445 5 2 1 336 2229 2240 2241 2230 6022 6033 6034 6023
5446 5 2 1 336 6022 6033 6034 6023 2735 2746 2747 2736
5447 5 2 1 336 2230 2241 2242 2231 6023 6034 6035 6024
5448 5 2 1 336 6023 6034 6035 6024 2736 2747 2748 2737
5449 5 2 1 336 2231 2242 2243 2232 6024 6035 6036 6025
5450 5 2 1 336 6024 6035 6036 6025 2737 2748 2749 2738
5451 5 2 1 336 2232 2243 313 312 6025 6036 4307 4306
5452 5 2 1 336 6025 6036 4307 4306 2738 2749 405 404
5453 5 2 1 336 267 268 2244 2233 4261 4262 6037 6026
5454 5 2 1 336 4261 4262 6037 6026 359 360 2750 2739
5455 5 2 1 336 2233 2244 2245 2234 6026 6037 6038 6027
5456 5 2 1 336 6026 6037 6038 6027 2739 2750 2751 2740
5457 5 2 1 336 2234 2245 2246 2235 6027 6038 6039 6028
5458 5 2 1 336 6027 6038 6039 6028 2740 2751 2752 2741
5459 5 2 1 336 2235 2246 2247 2236 6028 6039 6040 6029
5460 5 2 1 336 6028 6039 6040 6029 2741 2752 2753 2742
5461 5 2 1 336 2236 2247 2248 2237 6029 6040 6041 6030
5462 5 2 1 336 6029 6040 6041 6030 2742 2753 2754 2743
5463 5 2 1 336 2237 2248 2249 2238 6030 6041 6042 6031
5464 5 2 1 336 6030 6041 6042 6031 2743 2754 2755 2744
5465 5 2 1 336 2238 2249 2250 2239 6031 6042 6043 6032
5466 5 2 1 336 6031 6042 6043 6032 2744 2755 2756 2745
5467 5 2 1 336 2239 2250 2251 2240 6032 6043 6044 6033
5468 5 2 1 336 6032 6043 6044 6033 2745 2756 2757 2746
5469 5 2 1 336 2240 2251 2252 2241 6033 6044 6045 6034
5470 5 2 1 336 6033 6044 6045 6034 2746 2757 2758 2747
5471 5 2 1 336 2241 2252 2253 2242 6034 6045 6046 6035
5472 5 2 1 336 6034 6045 6046 6035 2747 2758 2759 2748
5473 5 2 1 336 2242 2253 2254 2243 6035 6046 6047 6036
5474 5 2 1 336 6035 6046 6047 6036 2748 2759 2760 2749
5475 5 2 1 336 2243 2254 314 313 6036 6047 4308 4307
5476 5 2 1 336 6036 6047 4308 4307 2749 2760 406 405
5477 5 2 1 336 268 269 2255 2244 4262 4263 6048 6037
5478 5 2 1 336 4262 4263 6048 6037 360 361 2761 2750
5479 5 2 1 336 2244 2255 2256 2245 6037 6048 6049 6038
5480 5 2 1 336 6037 6048 6049 6038 2750 2761 2762 2751
5481 5 2 1 336 2245 2256 2257 2246 6038 6049 6050 6039
5482 5 2 1 336 6038 6049 6050 6039 2751 2762 2763 2752
5483 5 2 1 336 2246 2257 2258 2247 6039 6050 6051 6040
5484 5 2 1 336 6039 6050 6051 6040 2752 2763 2764 2753
5485 5 2 1 336 2247 2258 2259 2248 6040 6051 6052 6041
5486 5 2 1 336 6040 6051 6052 6041 2753 2764 2765 2754
5487 5 2 1 336 2248 2259 2260 2249 6041 6052 6053 6042
5488 5 2 1 336 6041 6052 6053 6042 2754 2765 2766 2755
5489 5 2 1 336 2249 2260 2261 2250 6042 6053 6054 6043
5490 5 2 1 336 6042 6053 6054 6043 2755 2766 2767 2756
5491 5 2 1 336 2250 2261 2262 2251 6043 6054 6055 6044
5492 5 2 1 336 6043 6054 6055 6044 2756 2767 2768 2757
5493 5 2 1 336 2251 2262 2263 2252 6044 6055 6056 6045
5494 5 2 1 336 6044 6055 6056 6045 2757 2768 2769 2758
5495 5 2 1 336 2252 2263 2264 2253 6045 6056 6057 6046
5496 5 2 1 336 6045 6056 6057 6046 2758 2769 2770 2759
5497 5 2 1 336 2253 2264 2265 2254 6046 6057 6058 6047
5498 5 2 1 336 6046 6057 6058 6047 2759 2770 2771 2760
5499 5 2 1 336 2254 2265 315 314 6047 6058 4309 4308
5500 5 2 1 336 6047 6058 4309 4308 2760 2771 407 406
5501 5 2 1 336 269 270 2266 2255 4263 4264 6059 6048
5502 5 2 1 336 4263 4264 6059 6048 361 362 2772 2761
5503 5 2 1 336 2255 2266 2267 2256 6048 6059 6060 6049
5504 5 2 1 336 6048 6059 6060 6049 2761 2772 2773 2762
5505 5 2 1 336 2256 2267 2268 2257 6049 6060 6061 6050
5506 5 2 1 336 6049 6060 6061 6050 2762 2773 2774 2763
5507 5 2 1 336 2257 2268 2269 2258 6050 6061 6062 6051
5508 5 2 1 336 6050 6061 6062 6051 2763 2774 2775 2764
5509 5 2 1 336 2258 2269 2270 2259 6051 6062 6063 6052
5510 5 2 1 336 6051 6062 6063 6052 2764 2775 2776 2765
5511 5 2 1 336 2259 2270 2271 2260 6052 6063 6064 6053
5512 5 2 1 336 6052 6063 6064 6053 2765 2776 2777 2766
5513 5 2 1 336 2260 2271 2272 2261 6053 6064 6065 6054
5514 5 2 1 336 6053 6064 6065 6054 2766 2777 2778 2767
5515 5 2 1 336 2261 2272 2273 2262 6054 6065 6066 6055
5516 5 2 1 336 6054 6065 6066 6055 2767 2778 2779 2768
5517 5 2 1 336 2262 2273 2274 2263 6055 6066 6067 6056
5518 5 2 1 336 6055 6066 6067 6056 2768 2779 2780 2769
5519 5 2 1 336 2263 2274 2275 2264 6056 6067 6068 6057
5520 5 2 1 336 6056 6067 6068 6057 2769 2780 2781 2770
5521 5 2 1 336 2264 2275 2276 2265 6057 6068 6069 6058
5522 5 2 1 336 6057 6068 6069 6058 2770 2781 2782 2771
5523 5 2 1 336 2265 2276 316 315 6058 6069 4310 4309
5524 5 2 1 336 6058 6069 4310 4309 2771 2782 408 407
5525 5 2 1 336 270 271 2277 2266 4264 4265 6070 6059
5526 5 2 1 336 4264 4265 6070 6059 362 363 2783 2772
5527 5 2 1 336 2266 2277 2278 2267 6059 6070 6071 6060
5528 5 2 1 336 6059 6070 6071 6060 2772 2783 2784 2773
5529 5 2 1 336 2267 2278 2279 2268 6060 6071 6072 6061
5530 5 2 1 336 6060 6071 6072 6061 2773 2784 2785 2774
5531 5 2 1 336 2268 2279 2280 2269 6061 6072 6073 6062
5532 5 2 1 336 6061 6072 6073 6062 2774 2785 2786 2775
5533 5 2 1 336 2269 2280 2281 2270 6062 6073 6074 6063
5534 5 2 1 336 6062 6073 6074 6063 2775 2786 2787 2776
5535 5 2 1 336 2270 2281 2282 2271 6063 6074 6075 6064
5536 5 2 1 336 6063 6074 6075 6064 2776 2787 2788 2777
5537 5 2 1 336 2271 2282 2283 2272 6064 6075 6076 6065
5538 5 2 1 336 6064 6075 6076 6065 2777 2788 2789 2778
5539 5 2 1 336 2272 2283 2284 2273 6065 6076 6077 6066
5540 5 2 1 336 6065 6076 6077 6066 2778 2789 2790 2779
5541 5 2 1 336 2273 2284 2285 2274 6066 6077 6078 6067
5542 5 2 1 336 6066 6077 6078 6067 2779 2790 2791 2780
5543 5 2 1 336 2274 2285 2286 2275 6067 6078 6079 6068
5544 5 2 1 336 6067 6078 6079 6068 2780 2791 2792 2781
5545 5 2 1 336 2275 2286 2287 2276 6068 6079 6080 6069
5546 5 2 1 336 6068 6079 6080 6069 2781 2792 2793 2782
5547 5 2 1 336 2276 2287 317 316 6069 6080 4311 4310
5548 5 2 1 336 6069 6080 4311 4310 2782 2793 409 408
5549 5 2 1 336 271 23 749 2277 4265 991 4651 6070
5550 5 2 1 336 4265 991 4651 6070 363 33 804 2783
5551 5 2 1 336 2277 749 750 2278 6070 4651 4652 6071
5552 5 2 1 336 6070 4651 4652 6071 2783 804 805 2784
5553 5 2 1 336 2278 750 751 2279 6071 4652 4653 6072
5554 5 2 1 336 6071 4652 4653 6072 2784 805 806 2785
5555 5 2 1 336 2279 751 752 2280 6072 4653 4654 6073
5556 5 2 1 336 6072 4653 4654 6073 2785 806 807 2786
5557 5 2 1 336 2280 752 753 2281 6073 4654 4655 6074
5558 5 2 1 336 6073 4654 4655 6074 2786 807 808 2787
5559 5 2 1 336 2281 753 754 2282 6074 4655 4656 6075
5560 5 2 1 336 6074 4655 4656 6075 2787 808 809 2788
5561 5 2 1 336 2282 754 755 2283 6075 4656 4657 6076
5562 5 2 1 336 6075 4656 4657 6076 2788 809 810 2789
5563 5 2 1 336 2283 755 756 2284 6076 4657 4658 6077
5564 5 2 1 336 6076 4657 4658 6077 2789 810 811 2790
5565 5 2 1 336 2284 756 757 2285 6077 4658 4659 6078
5566 5 2 1 336 6077 4658 4659 6078 2790 811 812 2791
5567 5 2 1 336 2285 757 758 2286 6078 4659 4660 6079
5568 5 2 1 336 6078 4659 4660 6079 2791 812 813 2792
5569 5 2 1 336 2286 758 759 2287 6079 4660 4661 6080
5570 5 2 1 336 6079 4660 4661 6080 2792 813 814 2793
5571 5 2 1 336 2287 759 28 317 6080 4661 996 4311
5572 5 2 1 336 6080 4661 996 4311 2793 814 38 409
5573 5 2 1 338 23 272 2288 749 991 4266 6081 4651
5574 5 2 1 338 991 4266 6081 4651 33 364 2794 804
5575 5 2 1 338 749 2288 2289 750 4651 6081 6082 4652
5576 5 2 1 338 4651 6081 6082 4652 804 2794 2795 805
5577 5 2 1 338 750 2289 2290 751 4652 6082 6083 4653
5578 5 2 1 338 4652 6082 6083 4653 805 2795 2796 806
5579 5 2 1 338 751 2290 2291 752 4653 6083 6084 4654
5580 5 2 1 338 4653 6083 6084 4654 806 2796 2797 807
5581 5 2 1 338 752 2291 2292 753 4654 6084 6085 4655
5582 5 2 1 338 4654 6084 6085 4655 807 2797 2798 808
5583 5 2 1 338 753 2292 2293 754 4655 6085 6086 4656
5584 5 2 1 338 4655 6085 6086 4656 808 2798 2799 809
5585 5 2 1 338 754 2293 2294 755 4656 6086 6087 4657
5586 5 2 1 338 4656 6086 6087 4657 809 2799 2800 810
5587 5 2 1 338 755 2294 2295 756 4657 6087 6088 4658
5588 5 2 1 338 4657 6087 6088 4658 810 2800 2801 811
5589 5 2 1 338 756 2295 2296 757 4658 6088 6089 4659
5590 5 2 1 338 4658 6088 6089 4659 811 2801 2802 812
5591 5 2 1 338 757 2296 2297 758 4659 6089 6090 4660
5592 5 2 1 338 4659 6089 6090 4660 812 2802 2803 813
5593 5 2 1 338 758 2297 2298 759 4660 6090 6091 4661
5594 5 2 1 338 4660 6090 6091 4661 813 2803 2804 814
5595 5 2 1 338 759 2298 318 28 4661 6091 4312 996
5596 5 2 1 338 4661 6091 4312 996 814 2804 410 38
5597 5 2 1 338 272 273 2299 2288 4266 4267 6092 6081
5598 5 2 1 338 4266 4267 6092 6081 364 365 2805 2794
5599 5 2 1 338 2288 2299 2300 2289 6081 6092 6093 6082
5600 5 2 1 338 6081 6092 6093 6082 2794 2805 2806 2795
5601 5 2 1 338 2289 2300 2301 2290 6082 6093 6094 6083
5602 5 2 1 338 6082 6093 6094 6083 2795 2806 2807 2796
5603 5 2 1 338 2290 2301 2302 2291 6083 6094 6095 6084
5604 5 2 1 338 6083 6094 6095 6084 2796 2807 2808 2797
5605 5 2 1 338 2291 2302 2303 2292 6084 6095 6096 6085
5606 5 2 1 338 6084 6095 6096 6085 2797 2808 2809 2798
5607 5 2 1 338 2292 2303 2304 2293 6085 6096 6097 6086
5608 5 2 1 338 6085 6096 6097 6086 2798 2809 2810 2799
5609 5 2 1 338 2293 2304 2305 2294 6086 6097 6098 6087
5610 5 2 1 338 6086 6097 6098 6087 2799 2810 2811 2800
5611 5 2 1 338 2294 2305 2306 2295 6087 6098 6099 6088
5612 5 2 1 338 6087 6098 6099 6088 2800 2811 2812 2801
5613 5 2 1 338 2295 2306 2307 2296 6088 6099 6100 6089
5614 5 2 1 338 6088 6099 6100 6089 2801 2812 2813 2802
5615 5 2 1 338 2296 2307 2308 2297 6089 6100 6101 6090
5616 5 2 1 338 6089 6100 6101 6090 2802 2813 2814 2803
5617 5 2 1 338 2297 2308 2309 2298 6090 6101 6102 6091
5618 5 2 1 338 6090 6101 6102 6091 2803 2814 2815 2804
5619 5 2 1 338 2298 2309 319 318 6091 6102 4313 4312
5620 5 2 1 338 6091 6102 4313 4312 2804 2815 411 410
5621 5 2 1 338 273 274 2310 2299 4267 4268 6103 6092
5622 5 2 1 338 4267 4268 6103 6092 365 366 2816 2805
5623 5 2 1 338 2299 2310 2311 2300 6092 6103 6104 6093
5624 5 2 1 338 6092 6103 6104 6093 2805 2816 2817 2806
5625 5 2 1 338 2300 2311 2312 2301 6093 6104 6105 6094
5626 5 2 1 338 6093 6104 6105 6094 2806 2817 2818 2807
5627 5 2 1 338 2301 2312 2313 2302 6094 6105 6106 6095
5628 5 2 1 338 6094 6105 6106 6095 2807 2818 2819 2808
5629 5 2 1 338 2302 2313 2314 2303 6095 6106 6107 6096
5630 5 2 1 338 6095 6106 6107 6096 2808 2819 2820 2809
5631 5 2 1 338 2303 2314 2315 2304 6096 6107 6108 6097
5632 5 2 1 338 6096 6107 6108 6097 2809 2820 2821 2810
5633 5 2 1 338 2304 2315 2316 2305 6097 6108 6109 6098
5634 5 2 1 338 6097 6108 6109 6098 2810 2821 2822 2811
5635 5 2 1 338 2305 2316 2317 2306 6098 6109 6110 6099
5636 5 2 1 338 6098 6109 6110 6099 2811 2822 2823 2812
5637 5 2 1 338 2306 2317 2318 2307 6099 6110 6111 6100
5638 5 2 1 338 6099 6110 6111 6100 2812 2823 2824 2813
5639 5 2 1 338 2307 2318 2319 2308 6100 6111 6112 6101
5640 5 2 1 338 6100 6111 6112 6101 2813 2824 2825 2814
5641 5 2 1 338 2308 2319 2320 2309 6101 6112 6113 6102
5642 5 2 1 338 6101 6112 6113 6102 2814 2825 2826 2815
5643 5 2 1 338 2309 2320 320 319 6102 6113 4314 4313
5644 5 2 1 338 6102 6113 4314 4313 2815 2826 412 411
5645 5 2 1 338 274 275 2321 2310 4268 4269 6114 6103
5646 5 2 1 338 4268 4269 6114 6103 366 367 2827 2816
5647 5 2 1 338 2310 2321 2322 2311 6103 6114 6115 6104
5648 5 2 1 338 6103 6114 6115 6104 2816 2827 2828 2817
5649 5 2 1 338 2311 2322 2323 2312 6104 6115 6116 6105
5650 5 2 1 338 6104 6115 6116 6105 2817 2828 2829 2818
5651 5 2 1 338 2312 2323 2324 2313 6105 6116 6117 6106
5652 5 2 1 338 6105 6116 6117 6106 2818 2829 2830 2819
5653 5 2 1 338 2313 2324 2325 2314 6106 6117 6118 6107
5654 5 2 1 338 6106 6117 6118 6107 2819 2830 2831 2820
5655 5 2 1 338 2314 2325 2326 2315 6107 6118 6119 6108
5656 5 2 1 338 6107 6118 6119 6108 2820 2831 2832 2821
5657 5 2 1 338 2315 2326 2327 2316 6108 6119 6120 6109
5658 5 2 1 338 6108 6119 6120 6109 2821 2832 2833 2822
5659 5 2 1 338 2316 2327 2328 2317 6109 6120 6121 6110
5660 5 2 1 338 6109 6120 6121 6110 2822 2833 2834 2823
5661 5 2 1 338 2317 2328 2329 2318 6110 6121 6122 6111
5662 5 2 1 338 6110 6121 6122 6111 2823 2834 2835 2824
5663 5 2 1 338 2318 2329 2330 2319 6111 6122 6123 6112
5664 5 2 1 338 6111 6122 6123 6112 2824 2835 2836 2825
5665 5 2 1 338 2319 2330 2331 2320 6112 6123 6124 6113
5666 5 2 1 338 6112 6123 6124 6113 2825 2836 2837 2826
5667 5 2 1 338 2320 2331 321 320 6113 6124 4315 4314
5668 5 2 1 338 6113 6124 4315 4314 2826 2837 413 412
5669 5 2 1 338 275 276 2332 2321 4269 4270 6125 6114
5670 5 2 1 338 4269 4270 6125 6114 367 368 2838 2827
5671 5 2 1 338 2321 2332 2333 2322 6114 6125 6126 6115
5672 5 2 1 338 6114 6125 6126 6115 2827 2838 2839 2828
5673 5 2 1 338 2322 2333 2334 2323 6115 6126 6127 6116
5674 5 2 1 338 6115 6126 6127 6116 2828 2839 2840 2829
5675 5 2 1 338 2323 2334 2335 2324 6116 6127 6128 6117
5676 5 2 1 338 6116 6127 6128 6117 2829 2840 2841 2830
5677 5 2 1 338 2324 2335 2336 2325 6117 6128 6129 6118
5678 5 2 1 338 6117 6128 6129 6118 2830 2841 2842 2831
5679 5 2 1 338 2325 2336 2337 2326 6118 6129 6130 6119
5680 5 2 1 338 6118 6129 6130 6119 2831 2842 2843 2832
5681 5 2 1 338 2326 2337 2338 2327 6119 6130 6131 6120
5682 5 2 1 338 6119 6130 6131 6120 2832 2843 2844 2833
5683 5 2 1 338 2327 2338 2339 2328 6120 6131 6132 6121
5684 5 2 1 338 6120 6131 6132 6121 2833 2844 2845 2834
5685 5 2 1 338 2328 2339 2340 2329 6121 6132 6133 6122
5686 5 2 1 338 6121 6132 6133 6122 2834 2845 2846 2835
5687 5 2 1 338 2329 2340 2341 2330 6122 6133 6134 6123
5688 5 2 1 338 6122 6133 6134 6123 2835 2846 2847 2836
5689 5 2 1 338 2330 2341 2342 2331 6123 6134 6135 6124
5690 5 2 1 338 6123 6134 6135 6124 2836 2847 2848 2837
5691 5 2 1 338 2331 2342 322 321 6124 6135 4316 4315
5692 5 2 1 338 6124 6135 4316 4315 2837 2848 414 413
5693 5 2 1 338 276 277 2343 2332 4270 4271 6136 6125
5694 5 2 1 338 4270 4271 6136 6125 368 369 2849 2838
5695 5 2 1 338 2332 2343 2344 2333 6125 6136 6137 6126
5696 5 2 1 338 6125 6136 6137 6126 2838 2849 2850 2839
5697 5 2 1 338 2333 2344 2345 2334 6126 6137 6138 6127
5698 5 2 1 338 6126 6137 6138 6127 2839 2850 2851 2840
5699 5 2 1 338 2334 2345 2346 2335 6127 6138 6139 6128
5700 5 2 1 338 6127 6138 6139 6128 2840 2851 2852 2841
5701 5 2 1 338 2335 2346 2347 2336 6128 6139 6140 6129
5702 5 2 1 338 6128 6139 6140 6129 2841 2852 2853 2842
5703 5 2 1 338 2336 2347 2348 2337 6129 6140 6141 6130
5704 5 2 1 338 6129 6140 6141 6130 2842 2853 2854 2843
5705 5 2 1 338 2337 2348 2349 2338 6130 6141 6142 6131
5706 5 2 1 338 6130 6141 6142 6131 2843 2854 2855 2844
5707 5 2 1 338 2338 2349 2350 2339 6131 6142 6143 6132
5708 5 2 1 338 6131 6142 6143 6132 2844 2855 2856 2845
5709 5 2 1 338 2339 2350 2351 2340 6132 6143 6144 6133
5710 5 2 1 338 6132 6143 6144 6133 2845 2856 2857 2846
5711 5 2 1 338 2340 2351 2352 2341 6133 6144 6145 6134
5712 5 2 1 338 6133 6144 6145 6134 2846 2857 2858 2847
5713 5 2 1 338 2341 2352 2353 2342 6134 6145 6146 6135
5714 5 2 1 338 6134 6145 6146 6135 2847 2858 2859 2848
5715 5 2 1 338 2342 2353 323 322 6135 6146 4317 4316
5716 5 2 1 338 6135 6146 4317 4316 2848 2859 415 414
5717 5 2 1 338 277 278 2354 2343 4271 4272 6147 6136
5718 5 2 1 338 4271 4272 6147 6136 369 370 2860 2849
5719 5 2 1 338 2343 2354 2355 2344 6136 6147 6148 6137
5720 5 2 1 338 6136 6147 6148 6137 2849 2860 2861 2850
5721 5 2 1 338 2344 2355 2356 2345 6137 6148 6149 6138
5722 5 2 1 338 6137 6148 6149 6138 2850 2861 2862 2851
5723 5 2 1 338 2345 2356 2357 2346 6138 6149 6150 6139
5724 5 2 1 338 6138 6149 6150 6139 2851 2862 2863 2852
5725 5 2 1 338 2346 2357 2358 2347 6139 6150 6151 6140
5726 5 2 1 338 6139 6150 6151 6140 2852 2863 2864 2853
5727 5 2 1 338 2347 2358 2359 2348 6140 6151 6152 6141
5728 5 2 1 338 6140 6151 6152 6141 2853 2864 2865 2854
5729 5 2 1 338 2348 2359 2360 2349 6141 6152 6153 6142
5730 5 2 1 338 6141 6152 6153 6142 2854 2865 2866 2855
5731 5 2 1 338 2349 2360 2361 2350 6142 6153 6154 6143
5732 5 2 1 338 6142 6153 6154 6143 2855 2866 2867 2856
5733 5 2 1 338 2350 2361 2362 2351 6143 6154 6155 6144
5734 5 2 1 338 6143 6154 6155 6144 2856 2867 2868 2857
5735 5 2 1 338 2351 2362 2363 2352 6144 6155 6156 6145
5736 5 2 1 338 6144 6155 6156 6145 2857 2868 2869 2858
5737 5 2 1 338 2352 2363 2364 2353 6145 6156 6157 6146
5738 5 2 1 338 6145 6156 6157 6146 2858 2869 2870 2859
5739 5 2 1 338 2353 2364 324 323 6146 6157 4318 4317
5740 5 2 1 338 6146 6157 4318 4317 2859 2870 416 415
5741 5 2 1 338 278 279 2365 2354 4272 4273 6158 6147
5742 5 2 1 338 4272 4273 6158 6147 370 371 2871 2860
5743 5 2 1 338 2354 2365 2366 2355 6147 6158 6159 6148
5744 5 2 1 338 6147 6158 6159 6148 2860 2871 2872 2861
5745 5 2 1 338 2355 2366 2367 2356 6148 6159 6160 6149
5746 5 2 1 338 6148 6159 6160 6149 2861 2872 2873 2862
5747 5 2 1 338 2356 2367 2368 2357 6149 6160 6161 6150
5748 5 2 1 338 6149 6160 6161 6150 2862 2873 2874 2863
5749 5 2 1 338 2357 2368 2369 2358 6150 6161 6162 6151
5750 5 2 1 338 6150 6161 6162 6151 2863 2874 2875 2864
5751 5 2 1 338 2358 2369 2370 2359 6151 6162 6163 6152
5752 5 2 1 338 6151 6162 6163 6152 2864 2875 2876 2865
5753 5 2 1 338 2359 2370 2371 2360 6152 6163 6164 6153
5754 5 2 1 338 6152 6163 6164 6153 2865 2876 2877 2866
5755 5 2 1 338 2360 2371 2372 2361 6153 6164 6165 6154
5756 5 2 1 338 6153 6164 6165 6154 2866 2877 2878 2867
5757 5 2 1 338 2361 2372 2373 2362 6154 6165 6166 6155
5758 5 2 1 338 6154 6165 6166 6155 2867 2878 2879 2868
5759 5 2 1 338 2362 2373 2374 2363 6155 6166 6167 6156
5760 5 2 1 338 6155 6166 6167 6156 2868 2879 2880 2869
5761 5 2 1 338 2363 2374 2375 2364 6156 6167 6168 6157
5762 5 2 1 338 6156 6167 6168 6157 2869 2880 2881 2870
5763 5 2 1 338 2364 2375 325 324 6157 6168 4319 4318
5764 5 2 1 338 6157 6168 4319 4318 2870 2881 417 416
5765 5 2 1 338 279 280 2376 2365 4273 4274 6169 6158
5766 5 2 1 338 4273 4274 6169 6158 371 372 2882 2871
5767 5 2 1 338 2365 2376 2377 2366 6158 6169 6170 6159
5768 5 2 1 338 6158 6169 6170 6159 2871 2882 2883 2872
5769 5 2 1 338 2366 2377 2378 2367 6159 6170 6171 6160
5770 5 2 1 338 6159 6170 6171 6160 2872 2883 2884 2873
5771 5 2 1 338 2367 2378 2379 2368 6160 6171 6172 6161
5772 5 2 1 338 6160 6171 6172 6161 2873 2884 2885 2874
5773 5 2 1 338 2368 2379 2380 2369 6161 6172 6173 6162
5774 5 2 1 338 6161 6172 6173 6162 2874 2885 2886 2875
5775 5 2 1 338 2369 2380 2381 2370 6162 6173 6174 6163
5776 5 2 1 338 6162 6173 6174 6163 2875 2886 2887 2876
5777 5 2 1 338 2370 2381 2382 2371 6163 6174 6175 6164
5778 5 2 1 338 6163 6174 6175 6164 2876 2887 2888 2877
5779 5 2 1 338 2371 2382 2383 2372 6164 6175 6176 6165
5780 5 2 1 338 6164 6175 6176 6165 2877 2888 2889 2878
5781 5 2 1 338 2372 2383 2384 2373 6165 6176 6177 6166
5782 5 2 1 338 6165 6176 6177 6166 2878 2889 2890 2879
5783 5 2 1 338 2373 2384 2385 2374 6166 6177 6178 6167
5784 5 2 1 338 6166 6177 6178 6167 2879 2890 2891 2880
5785 5 2 1 338 2374 2385 2386 2375 6167 6178 6179 6168
5786 5 2 1 338 6167 6178 6179 6168 2880 2891 2892 2881
5787 5 2 1 338 2375 2386 326 325 6168 6179 4320 4319
5788 5 2 1 338 6168 6179 4320 4319 2881 2892 418 417
5789 5 2 1 338 280 281 2387 2376 4274 4275 6180 6169
5790 5 2 1 338 4274 4275 6180 6169 372 373 2893 2882
5791 5 2 1 338 2376 2387 2388 2377 6169 6180 6181 6170
5792 5 2 1 338 6169 6180 6181 6170 2882 2893 2894 2883
5793 5 2 1 338 2377 2388 2389 2378 6170 6181 6182 6171
5794 5 2 1 338 6170 6181 6182 6171 2883 2894 2895 2884
5795 5 2 1 338 2378 2389 2390 2379 6171 6182 6183 6172
5796 5 2 1 338 6171 6182 6183 6172 2884 2895 2896 2885
5797 5 2 1 338 2379 2390 2391 2380 6172 6183 6184 6173
5798 5 2 1 338 6172 6183 6184 6173 2885 2896 2897 2886
5799 5 2 1 338 2380 2391 2392 2381 6173 6184 6185 6174
5800 5 2 1 338 6173 6184 6185 6174 2886 2897 2898 2887
5801 5 2 1 338 2381 2392 2393 2382 6174 6185 6186 6175
5802 5 2 1 338 6174 6185 6186 6175 2887 2898 2899 2888
5803 5 2 1 338 2382 2393 2394 2383 6175 6186 6187 6176
5804 5 2 1 338 6175 6186 6187 6176 2888 2899 2900 2889
5805 5 2 1 338 2383 2394 2395 2384 6176 6187 6188 6177
5806 5 2 1 338 6176 6187 6188 6177 2889 2900 2901 2890
5807 5 2 1 338 2384 2395 2396 2385 6177 6188 6189 6178
5808 5 2 1 338 6177 6188 6189 6178 2890 2901 2902 2891
5809 5 2 1 338 2385 2396 2397 2386 6178 6189 6190 6179
5810 5 2 1 338 6178 6189 6190 6179 2891 2902 2903 2892
5811 5 2 1 338 2386 2397 327 326 6179 6190 4321 4320
5812 5 2 1 338 6179 6190 4321 4320 2892 2903 419 418
5813 5 2 1 338 281 282 2398 2387 4275 4276 6191 6180
5814 5 2 1 338 4275 4276 6191 6180 373 374 2904 2893
5815 5 2 1 338 2387 2398 2399 2388 6180 6191 6192 6181
5816 5 2 1 338 6180 6191 6192 6181 2893 2904 2905 2894
5817 5 2 1 338 2388 2399 2400 2389 6181 6192 6193 6182
5818 5 2 1 338 6181 6192 6193 6182 2894 2905 2906 2895
5819 5 2 1 338 2389 2400 2401 2390 6182 6193 6194 6183
5820 5 2 1 338 6182 6193 6194 6183 2895 2906 2907 2896
5821 5 2 1 338 2390 2401 2402 2391 6183 6194 6195 6184
5822 5 2 1 338 6183 6194 6195 6184 2896 2907 2908 2897
5823 5 2 1 338 2391 2402 2403 2392 6184 6195 6196 6185
5824 5 2 1 338 6184 6195 6196 6185 2897 2908 2909 2898
5825 5 2 1 338 2392 2403 2404 2393 6185 6196 6197 6186
5826 5 2 1 338 6185 6196 6197 6186 2898 2909 2910 2899
5827 5 2 1 338 2393 2404 2405 2394 6186 6197 6198 6187
5828 5 2 1 338 6186 6197 6198 6187 2899 2910 2911 2900
5829 5 2 1 338 2394 2405 2406 2395 6187 6198 6199 6188
5830 5 2 1 338 6187 6198 6199 6188 2900 2911 2912 2901
5831 5 2 1 338 2395 2406 2407 2396 6188 6199 6200 6189
5832 5 2 1 338 6188 6199 6200 6189 2901 2912 2913 2902
5833 5 2 1 338 2396 2407 2408 2397 6189 6200 6201 6190
5834 5 2 1 338 6189 6200 6201 6190 2902 2913 2914 2903
5835 5 2 1 338 2397 2408 328 327 6190 6201 4322 4321
5836 5 2 1 338 6190 6201 4322 4321 2903 2914 420 419
5837 5 2 1 338 282 283 2409 2398 4276 4277 6202 6191
5838 5 2 1 338 4276 4277 6202 6191 374 375 2915 2904
5839 5 2 1 338 2398 2409 2410 2399 6191 6202 6203 6192
5840 5 2 1 338 6191 6202 6203 6192 2904 2915 2916 2905
5841 5 2 1 338 2399 2410 2411 2400 6192 6203 6204 6193
5842 5 2 1 338 6192 6203 6204 6193 2905 2916 2917 2906
5843 5 2 1 338 2400 2411 2412 2401 6193 6204 6205 6194
5844 5 2 1 338 6193 6204 6205 6194 2906 2917 2918 2907
5845 5 2 1 338 2401 2412 2413 2402 6194 6205 6206 6195
5846 5 2 1 338 6194 6205 6206 6195 2907 2918 2919 2908
5847 5 2 1 338 2402 2413 2414 2403 6195 6206 6207 6196
5848 5 2 1 338 6195 6206 6207 6196 2908 2919 2920 2909
5849 5 2 1 338 2403 2414 2415 2404 6196 6207 6208 6197
5850 5 2 1 338 6196 6207 6208 6197 2909 2920 2921 2910
5851 5 2 1 338 2404 2415 2416 2405 6197 6208 6209 6198
5852 5 2 1 338 6197 6208 6209 6198 2910 2921 2922 2911
5853 5 2 1 338 2405 2416 2417 2406 6198 6209 6210 6199
5854 5 2 1 338 6198 6209 6210 6199 2911 2922 2923 2912
5855 5 2 1 338 2406 2417 2418 2407 6199 6210 6211 6200
5856 5 2 1 338 6199 6210 6211 6200 2912 2923 2924 2913
5857 5 2 1 338 2407 2418 2419 2408 6200 6211 6212 6201
5858 5 2 1 338 6200 6211 6212 6201 2913 2924 2925 2914
5859 5 2 1 338 2408 2419 329 328 6201 6212 4323 4322
5860 5 2 1 338 6201 6212 4323 4322 2914 2925 421 420
5861 5 2 1 338 283 284 2420 2409 4277 4278 6213 6202
5862 5 2 1 338 4277 4278 6213 6202 375 376 2926 2915
5863 5 2 1 338 2409 2420 2421 2410 6202 6213 6214 6203
5864 5 2 1 338 6202 6213 6214 6203 2915 2926 2927 2916
5865 5 2 1 338 2410 2421 2422 2411 6203 6214 6215 6204
5866 5 2 1 338 6203 6214 6215 6204 2916 2927 2928 2917
5867 5 2 1 338 2411 2422 2423 2412 6204 6215 6216 6205
5868 5 2 1 338 6204 6215 6216 6205 2917 2928 2929 2918
5869 5 2 1 338 2412 2423 2424 2413 6205 6216 6217 6206
5870 5 2 1 338 6205 6216 6217 6206 2918 2929 2930 2919
5871 5 2 1 338 2413 2424 2425 2414 6206 6217 6218 6207
5872 5 2 1 338 6206 6217 6218 6207 2919 2930 2931 2920
5873 5 2 1 338 2414 2425 2426 2415 6207 6218 6219 6208
5874 5 2 1 338 6207 6218 6219 6208 2920 2931 2932 2921
5875 5 2 1 338 2415 2426 2427 2416 6208 6219 6220 6209
5876 5 2 1 338 6208 6219 6220 6209 2921 2932 2933 2922
5877 5 2 1 338 2416 2427 2428 2417 6209 6220 6221 6210
5878 5 2 1 338 6209 6220 6221 6210 2922 2933 2934 2923
5879 5 2 1 338 2417 2428 2429 2418 6210 6221 6222 6211
5880 5 2 1 338 6210 6221 6222 6211 2923 2934 2935 2924
5881 5 2 1 338 2418 2429 2430 2419 6211 6222 6223 6212
5882 5 2 1 338 6211 6222 6223 6212 2924 2935 2936 2925
5883 5 2 1 338 2419 2430 330 329 6212 6223 4324 4323
5884 5 2 1 338 6212 6223 4324 4323 2925 2936 422 421
5885 5 2 1 338 284 285 2431 2420 4278 4279 6224 6213
5886 5 2 1 338 4278 4279 6224 6213 376 377 2937 2926
5887 5 2 1 338 2420 2431 2432 2421 6213 6224 6225 6214
5888 5 2 1 338 6213 6224 6225 6214 2926 2937 2938 2927
5889 5 2 1 338 2421 2432 2433 2422 6214 6225 6226 6215
5890 5 2 1 338 6214 6225 6226 6215 2927 2938 2939 2928
5891 5 2 1 338 2422 2433 2434 2423 6215 6226 6227 6216
5892 5 2 1 338 6215 6226 6227 6216 2928 2939 2940 2929
5893 5 2 1 338 2423 2434 2435 2424 6216 6227 6228 6217
5894 5 2 1 338 6216 6227 6228 6217 2929 2940 2941 2930
5895 5 2 1 338 2424 2435 2436 2425 6217 6228 6229 6218
5896 5 2 1 338 6217 6228 6229 6218 2930 2941 2942 2931
5897 5 2 1 338 2425 2436 2437 2426 6218 6229 6230 6219
5898 5 2 1 338 6218 6229 6230 6219 2931 2942 2943 2932
5899 5 2 1 338 2426 2437 2438 2427 6219 6230 6231 6220
5900 5 2 1 338 6219 6230 6231 6220 2932 2943 2944 2933
5901 5 2 1 338 2427 2438 2439 2428 6220 6231 6232 6221
5902 5 2 1 338 6220 6231 6232 6221 2933 2944 2945 2934
5903 5 2 1 338 2428 2439 2440 2429 6221 6232 6233 6222
5904 5 2 1 338 6221 6232 6233 6222 2934 2945 2946 2935
5905 5 2 1 338 2429 2440 2441 2430 6222 6233 6234 6223
5906 5 2 1 338 6222 6233 6234 6223 2935 2946 2947 2936
5907 5 2 1 338 2430 2441 331 330 6223 6234 4325 4324
5908 5 2 1 338 6223 6234 4325 4324 2936 2947 423 422
5909 5 2 1 338 285 286 2442 2431 4279 4280 6235 6224
5910 5 2 1 338 4279 4280 6235 6224 377 378 2948 2937
5911 5 2 1 338 2431 2442 2443 2432 6224 6235 6236 6225
5912 5 2 1 338 6224 6235 6236 6225 2937 2948 2949 2938
5913 5 2 1 338 2432 2443 2444 2433 6225 6236 6237 6226
5914 5 2 1 338 6225 6236 6237 6226 2938 2949 2950 2939
5915 5 2 1 338 2433 2444 2445 2434 6226 6237 6238 6227
5916 5 2 1 338 6226 6237 6238 6227 2939 2950 2951 2940
5917 5 2 1 338 2434 2445 2446 2435 6227 6238 6239 6228
5918 5 2 1 338 6227 6238 6239 6228 2940 2951 2952 2941
5919 5 2 1 338 2435 2446 2447 2436 6228 6239 6240 6229
5920 5 2 1 338 6228 6239 6240 6229 2941 2952 2953 2942
5921 5 2 1 338 2436 2447 2448 2437 6229 6240 6241 6230
5922 5 2 1 338 6229 6240 6241 6230 2942 2953 2954 2943
5923 5 2 1 338 2437 2448 2449 2438 6230 6241 6242 6231
5924 5 2 1 338 6230 6241 6242 6231 2943 2954 2955 2944
5925 5 2 1 338 2438 2449 2450 2439 6231 6242 6243 6232
5926 5 2 1 338 6231 6242 6243 6232 2944 2955 2956 2945
5927 5 2 1 338 2439 2450 2451 2440 6232 6243 6244 6233
5928 5 2 1 338 6232 6243 6244 6233 2945 2956 2957 2946
5929 5 2 1 338 2440 2451 2452 2441 6233 6244 6245 6234
5930 5 2 1 338 6233 6244 6245 6234 2946 2957 2958 2947
5931 5 2 1 338 2441 2452 332 331 6234 6245 4326 4325
5932 5 2 1 338 6234 6245 4326 4325 2947 2958 424 423
5933 5 2 1 338 286 287 2453 2442 4280 4281 6246 6235
5934 5 2 1 338 4280 4281 6246 6235 378 379 2959 2948
5935 5 2 1 338 2442 2453 2454 2443 6235 6246 6247 6236
5936 5 2 1 338 6235 6246 6247 6236 2948 2959 2960 2949
5937 5 2 1 338 2443 2454 2455 2444 6236 6247 6248 6237
5938 5 2 1 338 6236 6247 6248 6237 2949 2960 2961 2950
5939 5 2 1 338 2444 2455 2456 2445 6237 6248 6249 6238
5940 5 2 1 338 6237 6248 6249 6238 2950 2961 2962 2951
5941 5 2 1 338 2445 2456 2457 2446 6238 6249 6250 6239
5942 5 2 1 338 6238 6249 6250 6239 2951 2962 2963 2952
5943 5 2 1 338 2446 2457 2458 2447 6239 6250 6251 6240
5944 5 2 1 338 6239 6250 6251 6240 2952 2963 2964 2953
5945 5 2 1 338 2447 2458 2459 2448 6240 6251 6252 6241
5946 5 2 1 338 6240 6251 6252 6241 2953 2964 2965 2954
5947 5 2 1 338 2448 2459 2460 2449 6241 6252 6253 6242
5948 5 2 1 338 6241 6252 6253 6242 2954 2965 2966 2955
5949 5 2 1 338 2449 2460 2461 2450 6242 6253 6254 6243
5950 5 2 1 338 6242 6253 6254 6243 2955 2966 2967 2956
5951 5 2 1 338 2450 2461 2462 2451 6243 6254 6255 6244
5952 5 2 1 338 6243 6254 6255 6244 2956 2967 2968 2957
5953 5 2 1 338 2451 2462 2463 2452 6244 6255 6256 6245
5954 5 2 1 338 6244 6255 6256 6245 2957 2968 2969 2958
5955 5 2 1 338 2452 2463 333 332 6245 6256 4327 4326
5956 5 2 1 338 6245 6256 4327 4326 2958 2969 425 424
5957 5 2 1 338 287 288 2464 2453 4281 4282 6257 6246
5958 5 2 1 338 4281 4282 6257 6246 379 380 2970 2959
5959 5 2 1 338 2453 2464 2465 2454 6246 6257 6258 6247
5960 5 2 1 338 6246 6257 6258 6247 2959 2970 2971 2960
5961 5 2 1 338 2454 2465 2466 2455 6247 6258 6259 6248
5962 5 2 1 338 6247 6258 6259 6248 2960 2971 2972 2961
5963 5 2 1 338 2455 2466 2467 2456 6248 6259 6260 6249
5964 5 2 1 338 6248 6259 6260 6249 2961 2972 2973 2962
5965 5 2 1 338 2456 2467 2468 2457 6249 6260 6261 6250
5966 5 2 1 338 6249 6260 6261 6250 2962 2973 2974 2963
5967 5 2 1 338 2457 2468 2469 2458 6250 6261 6262 6251
5968 5 2 1 338 6250 6261 6262 6251 2963 2974 2975 2964
5969 5 2 1 338 2458 2469 2470 2459 6251 6262 6263 6252
5970 5 2 1 338 6251 6262 6263 6252 2964 2975 2976 2965
5971 5 2 1 338 2459 2470 2471 2460 6252 6263 6264 6253
5972 5 2 1 338 6252 6263 6264 6253 2965 2976 2977 2966
5973 5 2 1 338 2460 2471 2472 2461 6253 6264 6265 6254
5974 5 2 1 338 6253 6264 6265 6254 2966 2977 2978 2967
5975 5 2 1 338 2461 2472 2473 2462 6254 6265 6266 6255
5976 5 2 1 338 6254 6265 6266 6255 2967 2978 2979 2968
5977 5 2 1 338 2462 2473 2474 2463 6255 6266 6267 6256
5978 5 2 1 338 6255 6266 6267 6256 2968 2979 2980 2969
5979 5 2 1 338 2463 2474 334 333 6256 6267 4328 4327
5980 5 2 1 338 6256 6267 4328 4327 2969 2980 426 425
5981 5 2 1 338 288 289 2475 2464 4282 4283 6268 6257
5982 5 2 1 338 4282 4283 6268 6257 380 381 2981 2970
5983 5 2 1 338 2464 2475 2476 2465 6257 6268 6269 6258
5984 5 2 1 338 6257 6268 6269 6258 2970 2981 2982 2971
5985 5 2 1 338 2465 2476 2477 2466 6258 6269 6270 6259
5986 5 2 1 338 6258 6269 6270 6259 2971 2982 2983 2972
5987 5 2 1 338 2466 2477 2478 2467 6259 6270 6271 6260
5988 5 2 1 338 6259 6270 6271 6260 2972 2983 2984 2973
5989 5 2 1 338 2467 2478 2479 2468 6260 6271 6272 6261
5990 5 2 1 338 6260 6271 6272 6261 2973 2984 2985 2974
5991 5 2 1 338 2468 2479 2480 2469 6261 6272 6273 6262
5992 5 2 1 338 6261 6272 6273 6262 2974 2985 2986 2975
5993 5 2 1 338 2469 2480 2481 2470 6262 6273 6274 6263
5994 5 2 1 338 6262 6273 6274 6263 2975 2986 2987 2976
5995 5 2 1 338 2470 2481 2482 2471 6263 6274 6275 6264
5996 5 2 1 338 6263 6274 6275 6264 2976 2987 2988 2977
5997 5 2 1 338 2471 2482 2483 2472 6264 6275 6276 6265
5998 5 2 1 338 6264 6275 6276 6265 2977 2988 2989 2978
5999 5 2 1 338 2472 2483 2484 2473 6265 6276 6277 6266
6000 5 2 1 338 6265 6276 6277 6266 2978 2989 2990 2979
6001 5 2 1 338 2473 2484 2485 2474 6266 6277 6278 6267
6002 5 2 1 338 6266 6277 6278 6267 2979 2990 2991 2980
6003 5 2 1 338 2474 2485 335 334 6267 6278 4329 4328
6004 5 2 1 338 6267 6278 4329 4328 2980 2991 427 426
6005 5 2 1 338 289 290 2486 2475 4283 4284 6279 6268
6006 5 2 1 338 4283 4284 6279 6268 381 382 2992 2981
6007 5 2 1 338 2475 2486 2487 2476 6268 6279 6280 6269
6008 5 2 1 338 6268 6279 6280 6269 2981 2992 2993 2982
6009 5 2 1 338 2476 2487 2488 2477 6269 6280 6281 6270
6010 5 2 1 338 6269 6280 6281 6270 2982 2993 2994 2983
6011 5 2 1 338 2477 2488 2489 2478 6270 6281 6282 6271
6012 5 2 1 338 6270 6281 6282 6271 2983 2994 2995 2984
6013 5 2 1 338 2478 2489 2490 2479 6271 6282 6283 6272
6014 5 2 1 338 6271 6282 6283 6272 2984 2995 2996 2985
6015 5 2 1 338 2479 2490 2491 2480 6272 6283 6284 6273
6016 5 2 1 338 6272 6283 6284 6273 2985 2996 2997 2986
6017 5 2 1 338 2480 2491 2492 2481 6273 6284 6285 6274
6018 5 2 1 338 6273 6284 6285 6274 2986 2997 2998 2987
6019 5 2 1 338 2481 2492 2493 2482 6274 6285 6286 6275
6020 5 2 1 338 6274 6285 6286 6275 2987 2998 2999 2988
6021 5 2 1 338 2482 2493 2494 2483 6275 6286 6287 6276
6022 5 2 1 338 6275 6286 6287 6276 2988 2999 3000 2989
6023 5 2 1 338 2483 2494 2495 2484 6276 6287 6288 6277
6024 5 2 1 338 6276 6287 6288 6277 2989 3000 3001 2990
6025 5 2 1 338 2484 2495 2496 2485 6277 6288 6289 6278
6026 5 2 1 338 6277 6288 6289 6278 2990 3001 3002 2991
6027 5 2 1 338 2485 2496 336 335 6278 6289 4330 4329
6028 5 2 1 338 6278 6289 4330 4329 2991 3002 428 427
6029 5 2 1 338 290 291 2497 2486 4284 4285 6290 6279
6030 5 2 1 338 4284 4285 6290 6279 382 383 3003 2992
6031 5 2 1 338 2486 2497 2498 2487 6279 6290 6291 6280
6032 5 2 1 338 6279 6290 6291 6280 2992 3003 3004 2993
6033 5 2 1 338 2487 2498 2499 2488 6280 6291 6292 6281
6034 5 2 1 338 6280 6291 6292 6281 2993 3004 3005 2994
6035 5 2 1 338 2488 2499 2500 2489 6281 6292 6293 6282
6036 5 2 1 338 6281 6292 6293 6282 2994 3005 3006 2995
6037 5 2 1 338 2489 2500 2501 2490 6282 6293 6294 6283
6038 5 2 1 338 6282 6293 6294 6283 2995 3006 3007 2996
6039 5 2 1 338 2490 2501 2502 2491 6283 6294 6295 6284
6040 5 2 1 338 6283 6294 6295 6284 2996 3007 3008 2997
6041 5 2 1 338 2491 2502 2503 2492 6284 6295 6296 6285
6042 5 2 1 338 6284 6295 6296 6285 2997 3008 3009 2998
6043 5 2 1 338 2492 2503 2504 2493 6285 6296 6297 6286
6044 5 2 1 338 6285 6296 6297 6286 2998 3009 3010 2999
6045 5 2 1 338 2493 2504 2505 2494 6286 6297 6298 6287
6046 5 2 1 338 6286 6297 6298 6287 2999 3010 3011 3000
6047 5 2 1 338 2494 2505 2506 2495 6287 6298 6299 6288
6048 5 2 1 338 6287 6298 6299 6288 3000 3011 3012 3001
6049 5 2 1 338 2495 2506 2507 2496 6288 6299 6300 6289
6050 5 2 1 338 6288 6299 6300 6289 3001 3012 3013 3002
6051 5 2 1 338 2496 2507 337 336 6289 6300 4331 4330
6052 5 2 1 338 6289 6300 4331 4330 3002 3013 429 428
6053 5 2 1 338 291 292 2508 2497 4285 4286 6301 6290
6054 5 2 1 338 4285 4286 6301 6290 383 384 3014 3003
6055 5 2 1 338 2497 2508 2509 2498 6290 6301 6302 6291
6056 5 2 1 338 6290 6301 6302 6291 3003 3014 3015 3004
6057 5 2 1 338 2498 2509 2510 2499 6291 6302 6303 6292
6058 5 2 1 338 6291 6302 6303 6292 3004 3015 3016 3005
6059 5 2 1 338 2499 2510 2511 2500 6292 6303 6304 6293
6060 5 2 1 338 6292 6303 6304 6293 3005 3016 3017 3006
6061 5 2 1 338 2500 2511 2512 2501 6293 6304 6305 6294
6062 5 2 1 338 6293 6304 6305 6294 3006 3017 3018 3007
6063 5 2 1 338 2501 2512 2513 2502 6294 6305 6306 6295
6064 5 2 1 338 6294 6305 6306 6295 3007 3018 3019 3008
6065 5 2 1 338 2502 2513 2514 2503 6295 6306 6307 6296
6066 5 2 1 338 6295 6306 6307 6296 3008 3019 3020 3009
6067 5 2 1 338 2503 2514 2515 2504 6296 6307 6308 6297
6068 5 2 1 338 6296 6307 6308 6297 3009 3020 3021 3010
6069 5 2 1 338 2504 2515 2516 2505 6297 6308 6309 6298
6070 5 2 1 338 6297 6308 6309 6298 3010 3021 3022 3011
6071 5 2 1 338 2505 2516 2517 2506 6298 6309 6310 6299
6072 5 2 1 338 6298 6309 6310 6299 3011 3022 3023 3012
6073 5 2 1 338 2506 2517 2518 2507 6299 6310 6311 6300
6074 5 2 1 338 6299 6310 6311 6300 3012 3023 3024 3013
6075 5 2 1 338 2507 2518 338 337 6300 6311 4332 4331
6076 5 2 1 338 6300 6311 4332 4331 3013 3024 430 429
6077 5 2 1 338 292 293 2519 2508 4286 4287 6312 6301
6078 5 2 1 338 4286 4287 6312 6301 384 385 3025 3014
6079 5 2 1 338 2508 2519 2520 2509 6301 6312 6313 6302
6080 5 2 1 338 6301 6312 6313 6302 3014 3025 3026 3015
6081 5 2 1 338 2509 2520 2521 2510 6302 6313 6314 6303
6082 5 2 1 338 6302 6313 6314 6303 3015 3026 3027 3016
6083 5 2 1 338 2510 2521 2522 2511 6303 6314 6315 6304
6084 5 2 1 338 6303 6314 6315 6304 3016 3027 3028 3017
6085 5 2 1 338 2511 2522 2523 2512 6304 6315 6316 6305
6086 5 2 1 338 6304 6315 6316 6305 3017 3028 3029 3018
6087 5 2 1 338 2512 2523 2524 2513 6305 6316 6317 6306
6088 5 2 1 338 6305 6316 6317 6306 3018 3029 3030 3019
6089 5 2 1 338 2513 2524 2525 2514 6306 6317 6318 6307
6090 5 2 1 338 6306 6317 6318 6307 3019 3030 3031 3020
6091 5 2 1 338 2514 2525 2526 2515 6307 6318 6319 6308
6092 5 2 1 338 6307 6318 6319 6308 3020 3031 3032 3021
6093 5 2 1 338 2515 2526 2527 2516 6308 6319 6320 6309
6094 5 2 1 338 6308 6319 6320 6309 3021 3032 3033 3022
6095 5 2 1 338 2516 2527 2528 2517 6309 6320 6321 6310
6096 5 2 1 338 6309 6320 6321 6310 3022 3033 3034 3023
6097 5 2 1 338 2517 2528 2529 2518 6310 6321 6322 6311
6098 5 2 1 338 6310 6321 6322 6311 3023 3034 3035 3024
6099 5 2 1 338 2518 2529 339 338 6311 6322 4333 4332
6100 5 2 1 338 6311 6322 4333 4332 3024 3035 431 430
6101 5 2 1 338 293 24 760 2519 4287 992 4662 6312
6102 5 2 1 338 4287 992 4662 6312 385 34 815 3025
6103 5 2 1 338 2519 760 761 2520 6312 4662 4663 6313
6104 5 2 1 338 6312 4662 4663 6313 3025 815 816 3026
6105 5 2 1 338 2520 761 762 2521 6313 4663 4664 6314
6106 5 2 1 338 6313 4663 4664 6314 3026 816 817 3027
6107 5 2 1 338 2521 762 763 2522 6314 4664 4665 6315
6108 5 2 1 338 6314 4664 4665 6315 3027 817 818 3028
6109 5 2 1 338 2522 763 764 2523 6315 4665 4666 6316
6110 5 2 1 338 6315 4665 4666 6316 3028 818 819 3029
6111 5 2 1 338 2523 764 765 2524 6316 4666 4667 6317
6112 5 2 1 338 6316 4666 4667 6317 3029 819 820 3030
6113 5 2 1 338 2524 765 766 2525 6317 4667 4668 6318
6114 5 2 1 338 6317 4667 4668 6318 3030 820 821 3031
6115 5 2 1 338 2525 766 767 2526 6318 4668 4669 6319
6116 5 2 1 338 6318 4668 4669 6319 3031 821 822 3032
6117 5 2 1 338 2526 767 768 2527 6319 4669 4670 6320
6118 5 2 1 338 6319 4669 4670 6320 3032 822 823 3033
6119 5 2 1 338 2527 768 769 2528 6320 4670 4671 6321
6120 5 2 1 338 6320 4670 4671 6321 3033 823 824 3034
6121 5 2 1 338 2528 769 770 2529 6321 4671 4672 6322
6122 5 2 1 338 6321 4671 4672 6322 3034 824 825 3035
6123 5 2 1 338 2529 770 29 339 6322 4672 997 4333
6124 5 2 1 338 6322 4672 997 4333 3035 825 39 431
6125 5 2 1 340 24 294 2530 760 992 4288 6323 4662
6126 5 2 1 340 992 4288 6323 4662 34 386 3036 815
6127 5 2 1 340 760 2530 2531 761 4662 6323 6324 4663
6128 5 2 1 340 4662 6323 6324 4663 815 3036 3037 816
6129 5 2 1 340 761 2531 2532 762 4663 6324 6325 4664
6130 5 2 1 340 4663 6324 6325 4664 816 3037 3038 817
6131 5 2 1 340 762 2532 2533 763 4664 6325 6326 4665
6132 5 2 1 340 4664 6325 6326 4665 817 3038 3039 818
6133 5 2 1 340 763 2533 2534 764 4665 6326 6327 4666
6134 5 2 1 340 4665 6326 6327 4666 818 3039 3040 819
6135 5 2 1 340 764 2534 2535 765 4666 6327 6328 4667
6136 5 2 1 340 4666 6327 6328 4667 819 3040 3041 820
6137 5 2 1 340 765 2535 2536 766 4667 6328 6329 4668
6138 5 2 1 340 4667 6328 6329 4668 820 3041 3042 821
6139 5 2 1 340 766 2536 2537 767 4668 6329 6330 4669
6140 5 2 1 340 4668 6329 6330 4669 821 3042 3043 822
6141 5 2 1 340 767 2537 2538 768 4669 6330 6331 4670
6142 5 2 1 340 4669 6330 6331 4670 822 3043 3044 823
6143 5 2 1 340 768 2538 2539 769 4670 6331 6332 4671
6144 5 2 1 340 4670 6331 6332 4671 823 3044 3045 824
6145 5 2 1 340 769 2539 2540 770 4671 6332 6333 4672
6146 5 2 1 340 4671 6332 6333 4672 824 3045 3046 825
6147 5 2 1 340 770 2540 340 29 4672 6333 4334 997
6148 5 2 1 340 4672 6333 4334 997 825 3046 432 39
6149 5 2 1 340 294 25 771 2530 4288 993 4673 6323
6150 5 2 1 340 4288 993 4673 6323 386 35 826 3036
6151 5 2 1 340 2530 771 772 2531 6323 4673 4674 6324
6152 5 2 1 340 6323 4673 4674 6324 3036 826 827 3037
6153 5 2 1 340 2531 772 773 2532 6324 4674 4675 6325
6154 5 2 1 340 6324 4674 4675 6325 3037 827 828 3038
6155 5 2 1 340 2532 773 774 2533 6325 4675 4676 6326
6156 5 2 1 340 6325 4675 4676 6326 3038 828 829 3039
6157 5 2 1 340 2533 774 775 2534 6326 4676 4677 6327
6158 5 2 1 340 6326 4676 4677 6327 3039 829 830 3040
6159 5 2 1 340 2534 775 776 2535 6327 4677 4678 6328
6160 5 2 1 340 6327 4677 4678 6328 3040 830 831 3041
6161 5 2 1 340 2535 776 777 2536 6328 4678 4679 6329
6162 5 2 1 340 6328 4678 4679 6329 3041 831 832 3042
6163 5 2 1 340 2536 777 778 2537 6329 4679 4680 6330
6164 5 2 1 340 6329 4679 4680 6330 3042 832 833 3043
6165 5 2 1 340 2537 778 779 2538 6330 4680 4681 6331
6166 5 2 1 340 6330 4680 4681 6331 3043 833 834 3044
6167 5 2 1 340 2538 779 780 2539 6331 4681 4682 6332
6168 5 2 1 340 6331 4681 4682 6332 3044 834 835 3045
6169 5 2 1 340 2539 780 781 2540 6332 4682 4683 6333
6170 5 2 1 340 6332 4682 4683 6333 3045 835 836 3046
6171 5 2 1 340 2540 781 30 340 6333 4683 998 4334
6172 5 2 1 340 6333 4683 998 4334 3046 836 40 432
6173 5 2 1 342 31 341 2541 782 41 433 3047 837
6174 5 2 1 342 782 2541 2542 783 837 3047 3048 838
6175 5 2 1 342 783 2542 2543 784 838 3048 3049 839
6176 5 2 1 342 784 2543 2544 785 839 3049 3050 840
6177 5 2 1 342 785 2544 2545 786 840 3050 3051 841
6178 5 2 1 342 786 2545 2546 787 841 3051 3052 842
6179 5 2 1 342 787 2546 2547 788 842 3052 3053 843
6180 5 2 1 342 788 2547 2548 789 843 3053 3054 844
6181 5 2 1 342 789 2548 2549 790 844 3054 3055 845
6182 5 2 1 342 790 2549 2550 791 845 3055 3056 846
6183 5 2 1 342 791 2550 2551 792 846 3056 3057 847
6184 5 2 1 342 792 2551 387 36 847 3057 479 47
6185 5 2 1 342 341 32 793 2541 433 42 848 3047
6186 5 2 1 342 2541 793 794 2542 3047 848 849 3048
6187 5 2 1 342 2542 794 795 2543 3048 849 850 3049
6188 5 2 1 342 2543 795 796 2544 3049 850 851 3050
6189 5 2 1 342 2544 796 797 2545 3050 851 852 3051
6190 5 2 1 342 2545 797 798 2546 3051 852 853 3052
6191 5 2 1 342 2546 798 799 2547 3052 853 854 3053
6192 5 2 1 342 2547 799 800 2548 3053 854 855 3054
6193 5 2 1 342 2548 800 801 2549 3054 855 856 3055
6194 5 2 1 342 2549 801 802 2550 3055 856 857 3056
6195 5 2 1 342 2550 802 803 2551 3056 857 858 3057
6196 5 2 1 342 2551 803 37 387 3057 858 48 479
6197 5 2 1 344 32 342 2552 793 42 434 3058 848
6198 5 2 1 344 793 2552 2553 794 848 3058 3059 849
6199 5 2 1 344 794 2553 2554 795 849 3059 3060 850
6200 5 2 1 344 795 2554 2555 796 850 3060 3061 851
6201 5 2 1 344 796 2555 2556 797 851 3061 3062 852
6202 5 2 1 344 797 2556 2557 798 852 3062 3063 853
6203 5 2 1 344 798 2557 2558 799 853 3063 3064 854
6204 5 2 1 344 799 2558 2559 800 854 3064 3065 855
6205 5 2 1 344 800 2559 2560 801 855 3065 3066 856
6206 5 2 1 344 801 2560 2561 802 856 3066 3067 857
6207 5 2 1 344 802 2561 2562 803 857 3067 3068 858
6208 5 2 1 344 803 2562 388 37 858 3068 480 48
6209 5 2 1 344 342 343 2563 2552 434 435 3069 3058
6210 5 2 1 344 2552 2563 2564 2553 3058 3069 3070 3059
6211 5 2 1 344 2553 2564 2565 2554 3059 3070 3071 3060
6212 5 2 1 344 2554 2565 2566 2555 3060 3071 3072 3061
6213 5 2 1 344 2555 2566 2567 2556 3061 3072 3073 3062
6214 5 2 1 344 2556 2567 2568 2557 3062 3073 3074 3063
6215 5 2 1 344 2557 2568 2569 2558 3063 3074 3075 3064
6216 5 2 1 344 2558 2569 2570 2559 3064 3075 3076 3065
6217 5 2 1 344 2559 2570 2571 2560 3065 3076 3077 3066
6218 5 2 1 344 2560 2571 2572 2561 3066 3077 3078 3067
6219 5 2 1 344 2561 2572 2573 2562 3067 3078 3079 3068
6220 5 2 1 344 2562 2573 389 388 3068 3079 481 480
6221 5 2 1 344 343 344 2574 2563 435 436 3080 3069
6222 5 2 1 344 2563 2574 2575 2564 3069 3080 3081 3070
6223 5 2 1 344 2564 2575 2576 2565 3070 3081 3082 3071
6224 5 2 1 344 2565 2576 2577 2566 3071 3082 3083 3072
6225 5 2 1 344 2566 2577 2578 2567 3072 3083 3084 3073
6226 5 2 1 344 2567 2578 2579 2568 3073 3084 3085 3074
6227 5 2 1 344 2568 2579 2580 2569 3074 3085 3086 3075
6228 5 2 1 344 2569 2580 2581 2570 3075 3086 3087 3076
6229 5 2 1 344 2570 2581 2582 2571 3076 3087 3088 3077
6230 5 2 1 344 2571 2582 2583 2572 3077 3088 3089 3078
6231 5 2 1 344 2572 2583 2584 2573 3078 3089 3090 3079
6232 5 2 1 344 2573 2584 390 389 3079 3090 482 481
6233 5 2 1 344 344 345 2585 2574 436 437 3091 3080
6234 5 2 1 344 2574 2585 2586 2575 3080 3091 3092 3081
6235 5 2 1 344 2575 2586 2587 2576 3081 3092 3093 3082
6236 5 2 1 344 2576 2587 2588 2577 3082 3093 3094 3083
6237 5 2 1 344 2577 2588 2589 2578 3083 3094 3095 3084
6238 5 2 1 344 2578 2589 2590 2579 3084 3095 3096 3085
6239 5 2 1 344 2579 2590 2591 2580 3085 3096 3097 3086
6240 5 2 1 344 2580 2591 2592 2581 3086 3097 3098 3087
6241 5 2 1 344 2581 2592 2593 2582 3087 3098 3099 3088
6242 5 2 1 344 2582 2593 2594 2583 3088 3099 3100 3089
6243 5 2 1 344 2583 2594 2595 2584 3089 3100 3101 3090
6244 5 2 1 344 2584 2595 391 390 3090 3101 483 482
6245 5 2 1 344 345 346 2596 2585 437 438 3102 3091
6246 5 2 1 344 2585 2596 2597 2586 3091 3102 3103 3092
6247 5 2 1 344 2586 2597 2598 2587 3092 3103 3104 3093
6248 5 2 1 344 2587 2598 2599 2588 3093 3104 3105 3094
6249 5 2 1 344 2588 2599 2600 2589 3094 3105 3106 3095
6250 5 2 1 344 2589 2600 2601 2590 3095 3106 3107 3096
6251 5 2 1 344 2590 2601 2602 2591 3096 3107 3108 3097
6252 5 2 1 344 2591 2602 2603 2592 3097 3108 3109 3098
6253 5 2 1 344 2592 2603 2604 2593 3098 3109 3110 3099
6254 5 2 1 344 2593 2604 2605 2594 3099 3110 3111 3100
6255 5 2 1 344 2594 2605 2606 2595 3100 3111 3112 3101
6256 5 2 1 344 2595 2606 392 391 3101 3112 484 483
6257 5 2 1 344 346 347 2607 2596 438 439 3113 3102
6258 5 2 1 344 2596 2607 2608 2597 3102 3113 3114 3103
6259 5 2 1 344 2597 2608 2609 2598 3103 3114 3115 3104
6260 5 2 1 344 2598 2609 2610 2599 3104 3115 3116 3105
6261 5 2 1 344 2599 2610 2611 2600 3105 3116 3117 3106
6262 5 2 1 344 2600 2611 2612 2601 3106 3117 3118 3107
6263 5 2 1 344 2601 2612 2613 2602 3107 3118 3119 3108
6264 5 2 1 344 2602 2613 2614 2603 3108 3119 3120 3109
6265 5 2 1 344 2603 2614 2615 2604 3109 3120 3121 3110
6266 5 2 1 344 2604 2615 2616 2605 3110 3121 3122 3111
6267 5 2 1 344 2605 2616 2617 2606 3111 3122 3123 3112
6268 5 2 1 344 2606 2617 393 392 3112 3123 485 484
6269 5 2 1 344 347 348 2618 2607 439 440 3124 3113
6270 5 2 1 344 2607 2618 2619 2608 3113 3124 3125 3114
6271 5 2 1 344 2608 2619 2620 2609 3114 3125 3126 3115
6272 5 2 1 344 2609 2620 2621 2610 3115 3126 3127 3116
6273 5 2 1 344 2610 2621 2622 2611 3116 3127 3128 3117
6274 5 2 1 344 2611 2622 2623 2612 3117 3128 3129 3118
6275 5 2 1 344 2612 2623 2624 2613 3118 3129 3130 3119
6276 5 2 1 344 2613 2624 2625 2614 3119 3130 3131 3120
6277 5 2 1 344 2614 2625 2626 2615 3120 3131 3132 3121
6278 5 2 1 344 2615 2626 2627 2616 3121 3132 3133 3122
6279 5 2 1 344 2616 2627 2628 2617 3122 3133 3134 3123
6280 5 2 1 344 2617 2628 394 393 3123 3134 486 485
6281 5 2 1 344 348 349 2629 2618 440 441 3135 3124
6282 5 2 1 344 2618 2629 2630 2619 3124 3135 3136 3125
6283 5 2 1 344 2619 2630 2631 2620 3125 3136 3137 3126
6284 5 2 1 344 2620 2631 2632 2621 3126 3137 3138 3127
6285 5 2 1 344 2621 2632 2633 2622 3127 3138 3139 3128
6286 5 2 1 344 2622 2633 2634 2623 3128 3139 3140 3129
6287 5 2 1 344 2623 2634 2635 2624 3129 3140 3141 3130
6288 5 2 1 344 2624 2635 2636 2625 3130 3141 3142 3131
6289 5 2 1 344 2625 2636 2637 2626 3131 3142 3143 3132
6290 5 2 1 344 2626 2637 2638 2627 3132 3143 3144 3133
6291 5 2 1 344 2627 2638 2639 2628 3133 3144 3145 3134
6292 5 2 1 344 2628 2639 395 394 3134 3145 487 486
6293 5 2 1 344 349 350 2640 2629 441 442 3146 3135
6294 5 2 1 344 2629 2640 2641 2630 3135 3146 3147 3136
6295 5 2 1 344 2630 2641 2642 2631 3136 3147 3148 3137
6296 5 2 1 344 2631 2642 2643 2632 3137 3148 3149 3138
6297 5 2 1 344 2632 2643 2644 2633 3138 3149 3150 3139
6298 5 2 1 344 2633 2644 2645 2634 3139 3150 3151 3140
6299 5 2 1 344 2634 2645 2646 2635 3140 3151 3152 3141
6300 5 2 1 344 2635 2646 2647 2636 3141 3152 3153 3142
6301 5 2 1 344 2636 2647 2648 2637 3142 3153 3154 3143
6302 5 2 1 344 2637 2648 2649 2638 3143 3154 3155 3144
6303 5 2 1 344 2638 2649 2650 2639 3144 3155 3156 3145
6304 5 2 1 344 2639 2650 396 395 3145 3156 488 487
6305 5 2 1 344 350 351 2651 2640 442 443 3157 3146
6306 5 2 1 344 2640 2651 2652 2641 3146 3157 3158 3147
6307 5 2 1 344 2641 2652 2653 2642 3147 3158 3159 3148
6308 5 2 1 344 2642 2653 2654 2643 3148 3159 3160 3149
6309 5 2 1 344 2643 2654 2655 2644 3149 3160 3161 3150
6310 5 2 1 344 2644 2655 2656 2645 3150 3161 3162 3151
6311 5 2 1 344 2645 2656 2657 2646 3151 3162 3163 3152
6312 5 2 1 344 2646 2657 2658 2647 3152 3163 3164 3153
6313 5 2 1 344 2647 2658 2659 2648 3153 3164 3165 3154
6314 5 2 1 344 2648 2659 2660 2649 3154 3165 3166 3155
6315 5 2 1 344 2649 2660 2661 2650 3155 3166 3167 3156
6316 5 2 1 344 2650 2661 397 396 3156 3167 489 488
6317 5 2 1 344 351 352 2662 2651 443 444 3168 3157
6318 5 2 1 344 2651 2662 2663 2652 3157 3168 3169 3158
6319 5 2 1 344 2652 2663 2664 2653 3158 3169 3170 3159
6320 5 2 1 344 2653 2664 2665 2654 3159 3170 3171 3160
6321 5 2 1 344 2654 2665 2666 2655 3160 3171 3172 3161
6322 5 2 1 344 2655 2666 2667 2656 3161 3172 3173 3162
6323 5 2 1 344 2656 2667 2668 2657 3162 3173 3174 3163
6324 5 2 1 344 2657 2668 2669 2658 3163 3174 3175 3164
6325 5 2 1 344 2658 2669 2670 2659 3164 3175 3176 3165
6326 5 2 1 344 2659 2670 2671 2660 3165 3176 3177 3166
6327 5 2 1 344 2660 2671 2672 2661 3166 3177 3178 3167
6328 5 2 1 344 2661 2672 398 397 3167 3178 490 489
6329 5 2 1 344 352 353 2673 2662 444 445 3179 3168
6330 5 2 1 344 2662 2673 2674 2663 3168 3179 3180 3169
6331 5 2 1 344 2663 2674 2675 2664 3169 3180 3181 3170
6332 5 2 1 344 2664 2675 2676 2665 3170 3181 3182 3171
6333 5 2 1 344 2665 2676 2677 2666 3171 3182 3183 3172
6334 5 2 1 344 2666 2677 2678 2667 3172 3183 3184 3173
6335 5 2 1 344 2667 2678 2679 2668 3173 3184 3185 3174
6336 5 2 1 344 2668 2679 2680 2669 3174 3185 3186 3175
6337 5 2 1 344 2669 2680 2681 2670 3175 3186 3187 3176
6338 5 2 1 344 2670 2681 2682 2671 3176 3187 3188 3177
6339 5 2 1 344 2671 2682 2683 2672 3177 3188 3189 3178
6340 5 2 1 344 2672 2683 399 398 3178 3189 491 490
6341 5 2 1 344 353 354 2684 2673 445 446 3190 3179
6342 5 2 1 344 2673 2684 2685 2674 3179 3190 3191 3180
6343 5 2 1 344 2674 2685 2686 2675 3180 3191 3192 3181
6344 5 2 1 344 2675 2686 2687 2676 3181 3192 3193 3182
6345 5 2 1 344 2676 2687 2688 2677 3182 3193 3194 3183
6346 5 2 1 344 2677 2688 2689 2678 3183 3194 3195 3184
6347 5 2 1 344 2678 2689 2690 2679 3184 3195 3196 3185
6348 5 2 1 344 2679 2690 2691 2680 3185 3196 3197 3186
6349 5 2 1 344 2680 2691 2692 2681 3186 3197 3198 3187
6350 5 2 1 344 2681 2692 2693 2682 3187 3198 3199 3188
6351 5 2 1 344 2682 2693 2694 2683 3188 3199 3200 3189
6352 5 2 1 344 2683 2694 400 399 3189 3200 492 491
6353 5 2 1 344 354 355 2695 2684 446 447 3201 3190
6354 5 2 1 344 2684 2695 2696 2685 3190 3201 3202 3191
6355 5 2 1 344 2685 2696 2697 2686 3191 3202 3203 3192
6356 5 2 1 344 2686 2697 2698 2687 3192 3203 3204 3193
6357 5 2 1 344 2687 2698 2699 2688 3193 3204 3205 3194
6358 5 2 1 344 2688 2699 2700 2689 3194 3205 3206 3195
6359 5 2 1 344 2689 2700 2701 2690 3195 3206 3207 3196
6360 5 2 1 344 2690 2701 2702 2691 3196 3207 3208 3197
6361 5 2 1 344 2691 2702 2703 2692 3197 3208 3209 3198
6362 5 2 1 344 2692 2703 2704 2693 3198 3209 3210 3199
6363 5 2 1 344 2693 2704 2705 2694 3199 3210 3211 3200
6364 5 2 1 344 2694 2705 401 400 3200 3211 493 492
6365 5 2 1 344 355 356 2706 2695 447 448 3212 3201
6366 5 2 1 344 2695 2706 2707 2696 3201 3212 3213 3202
6367 5 2 1 344 2696 2707 2708 2697 3202 3213 3214 3203
6368 5 2 1 344 2697 2708 2709 2698 3203 3214 3215 3204
6369 5 2 1 344 2698 2709 2710 2699 3204 3215 3216 3205
6370 5 2 1 344 2699 2710 2711 2700 3205 3216 3217 3206
6371 5 2 1 344 2700 2711 2712 2701 3206 3217 3218 3207
6372 5 2 1 344 2701 2712 2713 2702 3207 3218 3219 3208
6373 5 2 1 344 2702 2713 2714 2703 3208 3219 3220 3209
6374 5 2 1 344 2703 2714 2715 2704 3209 3220 3221 3210
6375 5 2 1 344 2704 2715 2716 2705 3210 3221 3222 3211
6376 5 2 1 344 2705 2716 402 401 3211 3222 494 493
6377 5 2 1 344 356 357 2717 2706 448 449 3223 3212
6378 5 2 1 344 2706 2717 2718 2707 3212 3223 3224 3213
6379 5 2 1 344 2707 2718 2719 2708 3213 3224 3225 3214
6380 5 2 1 344 2708 2719 2720 2709 3214 3225 3226 3215
6381 5 2 1 344 2709 2720 2721 2710 3215 3226 3227 3216
6382 5 2 1 344 2710 2721 2722 2711 3216 3227 3228 3217
6383 5 2 1 344 2711 2722 2723 2712 3217 3228 3229 3218
6384 5 2 1 344 2712 2723 2724 2713 3218 3229 3230 3219
6385 5 2 1 344 2713 2724 2725 2714 3219 3230 3231 3220
6386 5 2 1 344 2714 2725 2726 2715 3220 3231 3232 3221
6387 5 2 1 344 2715 2726 2727 2716 3221 3232 3233 3222
6388 5 2 1 344 2716 2727 403 402 3222 3233 495 494
6389 5 2 1 344 357 358 2728 2717 449 450 3234 3223
6390 5 2 1 344 2717 2728 2729 2718 3223 3234 3235 3224
6391 5 2 1 344 2718 2729 2730 2719 3224 3235 3236 3225
6392 5 2 1 344 2719 2730 2731 2720 3225 3236 3237 3226
6393 5 2 1 344 2720 2731 2732 2721 3226 3237 3238 3227
6394 5 2 1 344 2721 2732 2733 2722 3227 3238 3239 3228
6395 5 2 1 344 2722 2733 2734 2723 3228 3239 3240 3229
6396 5 2 1 344 2723 2734 2735 2724 3229 3240 3241 3230
6397 5 2 1 344 2724 2735 2736 2725 3230 3241 3242 3231
6398 5 2 1 344 2725 2736 2737 2726 3231 3242 3243 3232
6399 5 2 1 344 2726 2737 2738 2727 3232 3243 3244 3233
6400 5 2 1 344 2727 2738 404 403 3233 3244 496 495
6401 5 2 1 344 358 359 2739 2728 450 451 3245 3234
6402 5 2 1 344 2728 2739 2740 2729 3234 3245 3246 3235
6403 5 2 1 344 2729 2740 2741 2730 3235 3246 3247 3236
6404 5 2 1 344 2730 2741 2742 2731 3236 3247 3248 3237
6405 5 2 1 344 2731 2742 2743 2732 3237 3248 3249 3238
6406 5 2 1 344 2732 2743 2744 2733 3238 3249 3250 3239
6407 5 2 1 344 2733 2744 2745 2734 3239 3250 3251 3240
6408 5 2 1 344 2734 2745 2746 2735 3240 3251 3252 3241
6409 5 2 1 344 2735 2746 2747 2736 3241 3252 3253 3242
6410 5 2 1 344 2736 2747 2748 2737 3242 3253 3254 3243
6411 5 2 1 344 2737 2748 2749 2738 3243 3254 3255 3244
6412 5 2 1 344 2738 2749 405 404 3244 3255 497 496
6413 5 2 1 344 359 360 2750 2739 451 452 3256 3245
6414 5 2 1 344 2739 2750 2751 2740 3245 3256 3257 3246
6415 5 2 1 344 2740 2751 2752 2741 3246 3257 3258 3247
6416 5 2 1 344 2741 2752 2753 2742 3247 3258 3259 3248
6417 5 2 1 344 2742 2753 2754 2743 3248 3259 3260 3249
6418 5 2 1 344 2743 2754 2755 2744 3249 3260 3261 3250
6419 5 2 1 344 2744 2755 2756 2745 3250 3261 3262 3251
6420 5 2 1 344 2745 2756 2757 2746 3251 3262 3263 3252
6421 5 2 1 344 2746 2757 2758 2747 3252 3263 3264 3253
6422 5 2 1 344 2747 2758 2759 2748 3253 3264 3265 3254
6423 5 2 1 344 2748 2759 2760 2749 3254 3265 3266 3255
6424 5 2 1 344 2749 2760 406 405 3255 3266 498 497
6425 5 2 1 344 360 361 2761 2750 452 453 3267 3256
6426 5 2 1 344 2750 2761 2762 2751 3256 3267 3268 3257
6427 5 2 1 344 2751 2762 2763 2752 3257 3268 3269 3258
6428 5 2 1 344 2752 2763 2764 2753 3258 3269 3270 3259
6429 5 2 1 344 2753 2764 2765 2754 3259 3270 3271 3260
6430 5 2 1 344 2754 2765 2766 2755 3260 3271 3272 3261
6431 5 2 1 344 2755 2766 2767 2756 3261 3272 3273 3262
6432 5 2 1 344 2756 2767 2768 2757 3262 3273 3274 3263
6433 5 2 1 344 2757 2768 2769 2758 3263 3274 3275 3264
6434 5 2 1 344 2758 2769 2770 2759 3264 3275 3276 3265
6435 5 2 1 344 2759 2770 2771 2760 3265 3276 3277 3266
6436 5 2 1 344 2760 2771 407 406 3266 3277 499 498
6437 5 2 1 344 361 362 2772 2761 453 454 3278 3267
6438 5 2 1 344 2761 2772 2773 2762 3267 3278 3279 3268
6439 5 2 1 344 2762 2773 2774 2763 3268 3279 3280 3269
6440 5 2 1 344 2763 2774 2775 2764 3269 3280 3281 3270
6441 5 2 1 344 2764 2775 2776 2765 3270 3281 3282 3271
6442 5 2 1 344 2765 2776 2777 2766 3271 3282 3283 3272
6443 5 2 1 344 2766 2777 2778 2767 3272 3283 3284 3273
6444 5 2 1 344 2767 2778 2779 2768 3273 3284 3285 3274
6445 5 2 1 344 2768 2779 2780 2769 3274 3285 3286 3275
6446 5 2 1 344 2769 2780 2781 2770 3275 3286 3287 3276
6447 5 2 1 344 2770 2781 2782 2771 3276 3287 3288 3277
6448 5 2 1 344 2771 2782 408 407 3277 3288 500 499
6449 5 2 1 344 362 363 2783 2772 454 455 3289 3278
6450 5 2 1 344 2772 2783 2784 2773 3278 3289 3290 3279
6451 5 2 1 344 2773 2784 2785 2774 3279 3290 3291 3280
6452 5 2 1 344 2774 2785 2786 2775 3280 3291 3292 3281
6453 5 2 1 344 2775 2786 2787 2776 3281 3292 3293 3282
6454 5 2 1 344 2776 2787 2788 2777 3282 3293 3294 3283
6455 5 2 1 344 2777 2788 2789 2778 3283 3294 3295 3284
6456 5 2 1 344 2778 2789 2790 2779 3284 3295 3296 3285
6457 5 2 1 344 2779 2790 2791 2780 3285 3296 3297 3286
6458 5 2 1 344 2780 2791 2792 2781 3286 3297 3298 3287
6459 5 2 1 344 2781 2792 2793 2782 3287 3298 3299 3288
6460 5 2 1 344 2782 2793 409 408 3288 3299 501 500
6461 5 2 1 344 363 33 804 2783 455 43 859 3289
6462 5 2 1 344 2783 804 805 2784 3289 859 860 3290
6463 5 2 1 344 2784 805 806 2785 3290 860 861 3291
6464 5 2 1 344 2785 806 807 2786 3291 861 862 3292
6465 5 2 1 344 2786 807 808 2787 3292 862 863 3293
6466 5 2 1 344 2787 808 809 2788 3293 863 864 3294
6467 5 2 1 344 2788 809 810 2789 3294 864 865 3295
6468 5 2 1 344 2789 810 811 2790 3295 865 866 3296
6469 5 2 1 344 2790 811 812 2791 3296 866 867 3297
6470 5 2 1 344 2791 812 813 2792 3297 867 868 3298
6471 5 2 1 344 2792 813 814 2793 3298 868 869 3299
6472 5 2 1 344 2793 814 38 409 3299 869 49 501
6473 5 2 1 346 33 364 2794 804 44 456 3300 870
6474 5 2 1 346 804 2794 2795 805 870 3300 3301 871
6475 5 2 1 346 805 2795 2796 806 871 3301 3302 872
6476 5 2 1 346 806 2796 2797 807 872 3302 3303 873
6477 5 2 1 346 807 2797 2798 808 873 3303 3304 874
6478 5 2 1 346 808 2798 2799 809 874 3304 3305 875
6479 5 2 1 346 809 2799 2800 810 875 3305 3306 876
6480 5 2 1 346 810 2800 2801 811 876 3306 3307 877
6481 5 2 1 346 811 2801 2802 812 877 3307 3308 878
6482 5 2 1 346 812 2802 2803 813 878 3308 3309 879
6483 5 2 1 346 813 2803 2804 814 879 3309 3310 880
6484 5 2 1 346 814 2804 410 38 880 3310 502 50
6485 5 2 1 346 364 365 2805 2794 456 457 3311 3300
6486 5 2 1 346 2794 2805 2806 2795 3300 3311 3312 3301
6487 5 2 1 346 2795 2806 2807 2796 3301 3312 3313 3302
6488 5 2 1 346 2796 2807 2808 2797 3302 3313 3314 3303
6489 5 2 1 346 2797 2808 2809 2798 3303 3314 3315 3304
6490 5 2 1 346 2798 2809 2810 2799 3304 3315 3316 3305
6491 5 2 1 346 2799 2810 2811 2800 3305 3316 3317 3306
6492 5 2 1 346 2800 2811 2812 2801 3306 3317 3318 3307
6493 5 2 1 346 2801 2812 2813 2802 3307 3318 3319 3308
6494 5 2 1 346 2802 2813 2814 2803 3308 3319 3320 3309
6495 5 2 1 346 2803 2814 2815 2804 3309 3320 3321 3310
6496 5 2 1 346 2804 2815 411 410 3310 3321 503 502
6497 5 2 1 346 365 366 2816 2805 457 458 3322 3311
6498 5 2 1 346 2805 2816 2817 2806 3311 3322 3323 3312
6499 5 2 1 346 2806 2817 2818 2807 3312 3323 3324 3313
6500 5 2 1 346 2807 2818 2819 2808 3313 3324 3325 3314
6501 5 2 1 346 2808 2819 2820 2809 3314 3325 3326 3315
6502 5 2 1 346 2809 2820 2821 2810 3315 3326 3327 3316
6503 5 2 1 346 2810 2821 2822 2811 3316 3327 3328 3317
6504 5 2 1 346 2811 2822 2823 2812 3317 3328 3329 3318
6505 5 2 1 346 2812 2823 2824 2813 3318 3329 3330 3319
6506 5 2 1 346 2813 2824 2825 2814 3319 3330 3331 3320
6507 5 2 1 346 2814 2825 2826 2815 3320 3331 3332 3321
6508 5 2 1 346 2815 2826 412 411 3321 3332 504 503
6509 5 2 1 346 366 367 2827 2816 458 459 3333 3322
6510 5 2 1 346 2816 2827 2828 2817 3322 3333 3334 3323
6511 5 2 1 346 2817 2828 2829 2818 3323 3334 3335 3324
6512 5 2 1 346 2818 2829 2830 2819 3324 3335 3336 3325
6513 5 2 1 346 2819 2830 2831 2820 3325 3336 3337 3326
6514 5 2 1 346 2820 2831 2832 2821 3326 3337 3338 3327
6515 5 2 1 346 2821 2832 2833 2822 3327 3338 3339 3328
6516 5 2 1 346 2822 2833 2834 2823 3328 3339 3340 3329
6517 5 2 1 346 2823 2834 2835 2824 3329 3340 3341 3330
6518 5 2 1 346 2824 2835 2836 2825 3330 3341 3342 3331
6519 5 2 1 346 2825 2836 2837 2826 3331 3342 3343 3332
6520 5 2 1 346 2826 2837 413 412 3332 3343 505 504
6521 5 2 1 346 367 368 2838 2827 459 460 3344 3333
6522 5 2 1 346 2827 2838 2839 2828 3333 3344 3345 3334
6523 5 2 1 346 2828 2839 2840 2829 3334 3345 3346 3335
6524 5 2 1 346 2829 2840 2841 2830 3335 3346 3347 3336
6525 5 2 1 346 2830 2841 2842 2831 3336 3347 3348 3337
6526 5 2 1 346 2831 2842 2843 2832 3337 3348 3349 3338
6527 5 2 1 346 2832 2843 2844 2833 3338 3349 3350 3339
6528 5 2 1 346 2833 2844 2845 2834 3339 3350 3351 3340
6529 5 2 1 346 2834 2845 2846 2835 3340 3351 3352 3341
6530 5 2 1 346 2835 2846 2847 2836 3341 3352 3353 3342
6531 5 2 1 346 2836 2847 2848 2837 3342 3353 3354 3343
6532 5 2 1 346 2837 2848 414 413 3343 3354 506 505
6533 5 2 1 346 368 369 2849 2838 460 461 3355 3344
6534 5 2 1 346 2838 2849 2850 2839 3344 3355 3356 3345
6535 5 2 1 346 2839 2850 2851 2840 3345 3356 3357 3346
6536 5 2 1 346 2840 2851 2852 2841 3346 3357 3358 3347
6537 5 2 1 346 2841 2852 2853 2842 3347 3358 3359 3348
6538 5 2 1 346 2842 2853 2854 2843 3348 3359 3360 3349
6539 5 2 1 346 2843 2854 2855 2844 3349 3360 3361 3350
6540 5 2 1 346 2844 2855 2856 2845 3350 3361 3362 3351
6541 5 2 1 346 2845 2856 2857 2846 3351 3362 3363 3352
6542 5 2 1 346 2846 2857 2858 2847 3352 3363 3364 3353
6543 5 2 1 346 2847 2858 2859 2848 3353 3364 3365 3354
6544 5 2 1 346 2848 2859 415 414 3354 3365 507 506
6545 5 2 1 346 369 370 2860 2849 461 462 3366 3355
6546 5 2 1 346 2849 2860 2861 2850 3355 3366 3367 3356
6547 5 2 1 346 2850 2861 2862 2851 3356 3367 3368 3357
6548 5 2 1 346 2851 2862 2863 2852 3357 3368 3369 3358
6549 5 2 1 346 2852 2863 2864 2853 3358 3369 3370 3359
6550 5 2 1 346 2853 2864 2865 2854 3359 3370 3371 3360
6551 5 2 1 346 2854 2865 2866 2855 3360 3371 3372 3361
6552 5 2 1 346 2855 2866 2867 2856 3361 3372 3373 3362
6553 5 2 1 346 2856 2867 2868 2857 3362 3373 3374 3363
6554 5 2 1 346 2857 2868 2869 2858 3363 3374 3375 3364
6555 5 2 1 346 2858 2869 2870 2859 3364 3375 3376 3365
6556 5 2 1 346 2859 2870 416 415 3365 3376 508 507
6557 5 2 1 346 370 371 2871 2860 462 463 3377 3366
6558 5 2 1 346 2860 2871 2872 2861 3366 3377 3378 3367
6559 5 2 1 346 2861 2872 2873 2862 3367 3378 3379 3368
6560 5 2 1 346 2862 2873 2874 2863 3368 3379 3380 3369
6561 5 2 1 346 2863 2874 2875 2864 3369 3380 3381 3370
6562 5 2 1 346 2864 2875 2876 2865 3370 3381 3382 3371
6563 5 2 1 346 2865 2876 2877 2866 3371 3382 3383 3372
6564 5 2 1 346 2866 2877 2878 2867 3372 3383 3384 3373
6565 5 2 1 346 2867 2878 2879 2868 3373 3384 3385 3374
6566 5 2 1 346 2868 2879 2880 2869 3374 3385 3386 3375
6567 5 2 1 346 2869 2880 2881 2870 3375 3386 3387 3376
6568 5 2 1 346 2870 2881 417 416 3376 3387 509 508
6569 5 2 1 346 371 372 2882 2871 463 464 3388 3377
6570 5 2 1 346 2871 2882 2883 2872 3377 3388 3389 3378
6571 5 2 1 346 2872 2883 2884 2873 3378 3389 3390 3379
6572 5 2 1 346 2873 2884 2885 2874 3379 3390 3391 3380
6573 5 2 1 346 2874 2885 2886 2875 3380 3391 3392 3381
6574 5 2 1 346 2875 2886 2887 2876 3381 3392 3393 3382
6575 5 2 1 346 2876 2887 2888 2877 3382 3393 3394 3383
6576 5 2 1 346 2877 2888 2889 2878 3383 3394 3395 3384
6577 5 2 1 346 2878 2889 2890 2879 3384 3395 3396 3385
6578 5 2 1 346 2879 2890 2891 2880 3385 3396 3397 3386
6579 5 2 1 346 2880 2891 2892 2881 3386 3397 3398 3387
6580 5 2 1 346 2881 2892 418 417 3387 3398 510 509
6581 5 2 1 346 372 373 2893 2882 464 465 3399 3388
6582 5 2 1 346 2882 2893 2894 2883 3388 3399 3400 3389
6583 5 2 1 346 2883 2894 2895 2884 3389 3400 3401 3390
6584 5 2 1 346 2884 2895 2896 2885 3390 3401 3402 3391
6585 5 2 1 346 2885 2896 2897 2886 3391 3402 3403 3392
6586 5 2 1 346 2886 2897 2898 2887 3392 3403 3404 3393
6587 5 2 1 346 2887 2898 2899 2888 3393 3404 3405 3394
6588 5 2 1 346 2888 2899 2900 2889 3394 3405 3406 3395
6589 5 2 1 346 2889 2900 2901 2890 3395 3406 3407 3396
6590 5 2 1 346 2890 2901 2902 2891 3396 3407 3408 3397
6591 5 2 1 346 2891 2902 2903 2892 3397 3408 3409 3398
6592 5 2 1 346 2892 2903 419 418 3398 3409 511 510
6593 5 2 1 346 373 374 2904 2893 465 466 3410 3399
6594 5 2 1 346 2893 2904 2905 2894 3399 3410 3411 3400
6595 5 2 1 346 2894 2905 2906 2895 3400 3411 3412 3401
6596 5 2 1 346 2895 2906 2907 2896 3401 3412 3413 3402
6597 5 2 1 346 2896 2907 2908 2897 3402 3413 3414 3403
6598 5 2 1 346 2897 2908 2909 2898 3403 3414 3415 3404
6599 5 2 1 346 2898 2909 2910 2899 3404 3415 3416 3405
6600 5 2 1 346 2899 2910 2911 2900 3405 3416 3417 3406
6601 5 2 1 346 2900 2911 2912 2901 3406 3417 3418 3407
6602 5 2 1 346 2901 2912 2913 2902 3407 3418 3419 3408
6603 5 2 1 346 2902 2913 2914 2903 3408 3419 3420 3409
6604 5 2 1 346 2903 2914 420 419 3409 3420 512 511
6605 5 2 1 346 374 375 2915 2904 466 467 3421 3410
6606 5 2 1 346 2904 2915 2916 2905 3410 3421 3422 3411
6607 5 2 1 346 2905 2916 2917 2906 3411 3422 3423 3412
6608 5 2 1 346 2906 2917 2918 2907 3412 3423 3424 3413
6609 5 2 1 346 2907 2918 2919 2908 3413 3424 3425 3414
6610 5 2 1 346 2908 2919 2920 2909 3414 3425 3426 3415
6611 5 2 1 346 2909 2920 2921 2910 3415 3426 3427 3416
6612 5 2 1 346 2910 2921 2922 2911 3416 3427 3428 3417
6613 5 2 1 346 2911 2922 2923 2912 3417 3428 3429 3418
6614 5 2 1 346 2912 2923 2924 2913 3418 3429 3430 3419
6615 5 2 1 346 2913 2924 2925 2914 3419 3430 3431 3420
6616 5 2 1 346 2914 2925 421 420 3420 3431 513 512
6617 5 2 1 346 375 376 2926 2915 467 468 3432 3421
6618 5 2 1 346 2915 2926 2927 2916 3421 3432 3433 3422
6619 5 2 1 346 2916 2927 2928 2917 3422 3433 3434 3423
6620 5 2 1 346 2917 2928 2929 2918 3423 3434 3435 3424
6621 5 2 1 346 2918 2929 2930 2919 3424 3435 3436 3425
6622 5 2 1 346 2919 2930 2931 2920 3425 3436 3437 3426
6623 5 2 1 346 2920 2931 2932 2921 3426 3437 3438 3427
6624 5 2 1 346 2921 2932 2933 2922 3427 3438 3439 3428
6625 5 2 1 346 2922 2933 2934 2923 3428 3439 3440 3429
6626 5 2 1 346 2923 2934 2935 2924 3429 3440 3441 3430
6627 5 2 1 346 2924 2935 2936 2925 3430 3441 3442 3431
6628 5 2 1 346 2925 2936 422 421 3431 3442 514 513
6629 5 2 1 346 376 377 2937 2926 468 469 3443 3432
6630 5 2 1 346 2926 2937 2938 2927 3432 3443 3444 3433
6631 5 2 1 346 2927 2938 2939 2928 3433 3444 3445 3434
6632 5 2 1 346 2928 2939 2940 2929 3434 3445 3446 3435
6633 5 2 1 346 2929 2940 2941 2930 3435 3446 3447 3436
6634 5 2 1 346 2930 2941 2942 2931 3436 3447 3448 3437
6635 5 2 1 346 2931 2942 2943 2932 3437 3448 3449 3438
6636 5 2 1 346 2932 2943 2944 2933 3438 3449 3450 3439
6637 5 2 1 346 2933 2944 2945 2934 3439 3450 3451 3440
6638 5 2 1 346 2934 2945 2946 2935 3440 3451 3452 3441
6639 5 2 1 346 2935 2946 2947 2936 3441 3452 3453 3442
6640 5 2 1 346 2936 2947 423 422 3442 3453 515 514
6641 5 2 1 346 377 378 2948 2937 469 470 3454 3443
6642 5 2 1 346 2937 2948 2949 2938 3443 3454 3455 3444
6643 5 2 1 346 2938 2949 2950 2939 3444 3455 3456 3445
6644 5 2 1 346 2939 2950 2951 2940 3445 3456 3457 3446
6645 5 2 1 346 2940 2951 2952 2941 3446 3457 3458 3447
6646 5 2 1 346 2941 2952 2953 2942 3447 3458 3459 3448
6647 5 2 1 346 2942 2953 2954 2943 3448 3459 3460 3449
6648 5 2 1 346 2943 2954 2955 2944 3449 3460 3461 3450
6649 5 2 1 346 2944 2955 2956 2945 3450 3461 3462 3451
6650 5 2 1 346 2945 2956 2957 2946 3451 3462 3463 3452
6651 5 2 1 346 2946 2957 2958 2947 3452 3463 3464 3453
6652 5 2 1 346 2947 2958 424 423 3453 3464 516 515
6653 5 2 1 346 378 379 2959 2948 470 471 3465 3454
6654 5 2 1 346 2948 2959 2960 2949 3454 3465 3466 3455
6655 5 2 1 346 2949 2960 2961 2950 3455 3466 3467 3456
6656 5 2 1 346 2950 2961 2962 2951 3456 3467 3468 3457
6657 5 2 1 346 2951 2962 2963 2952 3457 3468 3469 3458
6658 5 2 1 346 2952 2963 2964 2953 3458 3469 3470 3459
6659 5 2 1 346 2953 2964 2965 2954 3459 3470 3471 3460
6660 5 2 1 346 2954 2965 2966 2955 3460 3471 3472 3461
6661 5 2 1 346 2955 2966 2967 2956 3461 3472 3473 3462
6662 5 2 1 346 2956 2967 2968 2957 3462 3473 3474 3463
6663 5 2 1 346 2957 2968 2969 2958 3463 3474 3475 3464
6664 5 2 1 346 2958 2969 425 424 3464 3475 517 516
6665 5 2 1 346 379 380 2970 2959 471 472 3476 3465
6666 5 2 1 346 2959 2970 2971 2960 3465 3476 3477 3466
6667 5 2 1 346 2960 2971 2972 2961 3466 3477 3478 3467
6668 5 2 1 346 2961 2972 2973 2962 3467 3478 3479 3468
6669 5 2 1 346 2962 2973 2974 2963 3468 3479 3480 3469
6670 5 2 1 346 2963 2974 2975 2964 3469 3480 3481 3470
6671 5 2 1 346 2964 2975 2976 2965 3470 3481 3482 3471
6672 5 2 1 346 2965 2976 2977 2966 3471 3482 3483 3472
6673 5 2 1 346 2966 2977 2978 2967 3472 3483 3484 3473
6674 5 2 1 346 2967 2978 2979 2968 3473 3484 3485 3474
6675 5 2 1 346 2968 2979 2980 2969 3474 3485 3486 3475
6676 5 2 1 346 2969 2980 426 425 3475 3486 518 517
6677 5 2 1 346 380 381 2981 2970 472 473 3487 3476
6678 5 2 1 346 2970 2981 2982 2971 3476 3487 3488 3477
6679 5 2 1 346 2971 2982 2983 2972 3477 3488 3489 3478
6680 5 2 1 346 2972 2983 2984 2973 3478 3489 3490 3479
6681 5 2 1 346 2973 2984 2985 2974 3479 3490 3491 3480
6682 5 2 1 346 2974 2985 2986 2975 3480 3491 3492 3481
6683 5 2 1 346 2975 2986 2987 2976 3481 3492 3493 3482
6684 5 2 1 346 2976 2987 2988 2977 3482 3493 3494 3483
6685 5 2 1 346 2977 2988 2989 2978 3483 3494 3495 3484
6686 5 2 1 346 2978 2989 2990 2979 3484 3495 3496 3485
6687 5 2 1 346 2979 2990 2991 2980 3485 3496 3497 3486
6688 5 2 1 346 2980 2991 427 426 3486 3497 519 518
6689 5 2 1 346 381 382 2992 2981 473 474 3498 3487
6690 5 2 1 346 2981 2992 2993 2982 3487 3498 3499 3488
6691 5 2 1 346 2982 2993 2994 2983 3488 3499 3500 3489
6692 5 2 1 346 2983 2994 2995 2984 3489 3500 3501 3490
6693 5 2 1 346 2984 2995 2996 2985 3490 3501 3502 3491
6694 5 2 1 346 2985 2996 2997 2986 3491 3502 3503 3492
6695 5 2 1 346 2986 2997 2998 2987 3492 3503 3504 3493
6696 5 2 1 346 2987 2998 2999 2988 3493 3504 3505 3494
6697 5 2 1 346 2988 2999 3000 2989 3494 3505 3506 3495
6698 5 2 1 346 2989 3000 3001 2990 3495 3506 3507 3496
6699 5 2 1 346 2990 3001 3002 2991 3496 3507 3508 3497
6700 5 2 1 346 2991 3002 428 427 3497 3508 520 519
6701 5 2 1 346 382 383 3003 2992 474 475 3509 3498
6702 5 2 1 346 2992 3003 3004 2993 3498 3509 3510 3499
6703 5 2 1 346 2993 3004 3005 2994 3499 3510 3511 3500
6704 5 2 1 346 2994 3005 3006 2995 3500 3511 3512 3501
6705 5 2 1 346 2995 3006 3007 2996 3501 3512 3513 3502
6706 5 2 1 346 2996 3007 3008 2997 3502 3513 3514 3503
6707 5 2 1 346 2997 3008 3009 2998 3503 3514 3515 3504
6708 5 2 1 346 2998 3009 3010 2999 3504 3515 3516 3505
6709 5 2 1 346 2999 3010 3011 3000 3505 3516 3517 3506
6710 5 2 1 346 3000 3011 3012 3001 3506 3517 3518 3507
6711 5 2 1 346 3001 3012 3013 3002 3507 3518 3519 3508
6712 5 2 1 346 3002 3013 429 428 3508 3519 521 520
6713 5 2 1 346 383 384 3014 3003 475 476 3520 3509
6714 5 2 1 346 3003 3014 3015 3004 3509 3520 3521 3510
6715 5 2 1 346 3004 3015 3016 3005 3510 3521 3522 3511
6716 5 2 1 346 3005 3016 3017 3006 3511 3522 3523 3512
6717 5 2 1 346 3006 3017 3018 3007 3512 3523 3524 3513
6718 5 2 1 346 3007 3018 3019 3008 3513 3524 3525 3514
6719 5 2 1 346 3008 3019 3020 3009 3514 3525 3526 3515
6720 5 2 1 346 3009 3020 3021 3010 3515 3526 3527 3516
6721 5 2 1 346 3010 3021 3022 3011 3516 3527 3528 3517
6722 5 2 1 346 3011 3022 3023 3012 3517 3528 3529 3518
6723 5 2 1 346 3012 3023 3024 3013 3518 3529 3530 3519
6724 5 2 1 346 3013 3024 430 429 3519 3530 522 521
6725 5 2 1 346 384 385 3025 3014 476 477 3531 3520
6726 5 2 1 346 3014 3025 3026 3015 3520 3531 3532 3521
6727 5 2 1 346 3015 3026 3027 3016 3521 3532 3533 3522
6728 5 2 1 346 3016 3027 3028 3017 3522 3533 3534 3523
6729 5 2 1 346 3017 3028 3029 3018 3523 3534 3535 3524
6730 5 2 1 346 3018 3029 3030 3019 3524 3535 3536 3525
6731 5 2 1 346 3019 3030 3031 3020 3525 3536 3537 3526
6732 5 2 1 346 3020 3031 3032 3021 3526 3537 3538 3527
6733 5 2 1 346 3021 3032 3033 3022 3527 3538 3539 3528
6734 5 2 1 346 3022 3033 3034 3023 3528 3539 3540 3529
6735 5 2 1 346 3023 3034 3035 3024 3529 3540 3541 3530
6736 5 2 1 346 3024 3035 431 430 3530 3541 523 522
6737 5 2 1 346 385 34 815 3025 477 45 881 3531
6738 5 2 1 346 3025 815 816 3026 3531 881 882 3532
6739 5 2 1 346 3026 816 817 3027 3532 882 883 3533
6740 5 2 1 346 3027 817 818 3028 3533 883 884 3534
6741 5 2 1 346 3028 818 819 3029 3534 884 885 3535
6742 5 2 1 346 3029 819 820 3030 3535 885 886 3536
6743 5 2 1 346 3030 820 821 3031 3536 886 887 3537
6744 5 2 1 346 3031 821 822 3032 3537 887 888 3538
6745 5 2 1 346 3032 822 823 3033 3538 888 889 3539
6746 5 2 1 346 3033 823 824 3034 3539 889 890 3540
6747 5 2 1 346 3034 824 825 3035 3540 890 891 3541
6748 5 2 1 346 3035 825 39 431 3541 891 51 523
6749 5 2 1 348 34 386 3036 815 45 478 3542 881
6750 5 2 1 348 815 3036 3037 816 881 3542 3543 882
6751 5 2 1 348 816 3037 3038 817 882 3543 3544 883
6752 5 2 1 348 817 3038 3039 818 883 3544 3545 884
6753 5 2 1 348 818 3039 3040 819 884 3545 3546 885
6754 5 2 1 348 819 3040 3041 820 885 3546 3547 886
6755 5 2 1 348 820 3041 3042 821 886 3547 3548 887
6756 5 2 1 348 821 3042 3043 822 887 3548 3549 888
6757 5 2 1 348 822 3043 3044 823 888 3549 3550 889
6758 5 2 1 348 823 3044 3045 824 889 3550 3551 890
6759 5 2 1 348 824 3045 3046 825 890 3551 3552 891
6760 5 2 1 348 825 3046 432 39 891 3552 524 51
6761 5 2 1 348 386 35 826 3036 478 46 892 3542
6762 5 2 1 348 3036 826 827 3037 3542 892 893 3543
6763 5 2 1 348 3037 827 828 3038 3543 893 894 3544
6764 5 2 1 348 3038 828 829 3039 3544 894 895 3545
6765 5 2 1 348 3039 829 830 3040 3545 895 896 3546
6766 5 2 1 348 3040 830 831 3041 3546 896 897 3547
6767 5 2 1 348 3041 831 832 3042 3547 897 898 3548
6768 5 2 1 348 3042 832 833 3043 3548 898 899 3549
6769 5 2 1 348 3043 833 834 3044 3549 899 900 3550
6770 5 2 1 348 3044 834 835 3045 3550 900 901 3551
6771 5 2 1 348 3045 835 836 3046 3551 901 902 3552
6772 5 2 1 348 3046 836 40 432 3552 902 52 524
6773 5 2 1 350 41 433 3047 837 999 4335 6334 4684
6774 5 2 1 350 999 4335 6334 4684 1000 4336 6335 4685
6775 5 2 1 350 1000 4336 6335 4685 53 525 3553 903
6776 5 2 1 350 837 3047 3048 838 4684 6334 6336 4686
6777 5 2 1 350 4684 6334 6336 4686 4685 6335 6337 4687
6778 5 2 1 350 4685 6335 6337 4687 903 3553 3554 904
6779 5 2 1 350 838 3048 3049 839 4686 6336 6338 4688
6780 5 2 1 350 4686 6336 6338 4688 4687 6337 6339 4689
6781 5 2 1 350 4687 6337 6339 4689 904 3554 3555 905
6782 5 2 1 350 839 3049 3050 840 4688 6338 6340 4690
6783 5 2 1 350 4688 6338 6340 4690 4689 6339 6341 4691
6784 5 2 1 350 4689 6339 6341 4691 905 3555 3556 906
6785 5 2 1 350 840 3050 3051 841 4690 6340 6342 4692
6786 5 2 1 350 4690 6340 6342 4692 4691 6341 6343 4693
6787 5 2 1 350 4691 6341 6343 4693 906 3556 3557 907
6788 5 2 1 350 841 3051 3052 842 4692 6342 6344 4694
6789 5 2 1 350 4692 6342 6344 4694 4693 6343 6345 4695
6790 5 2 1 350 4693 6343 6345 4695 907 3557 3558 908
6791 5 2 1 350 842 3052 3053 843 4694 6344 6346 4696
6792 5 2 1 350 4694 6344 6346 4696 4695 6345 6347 4697
6793 5 2 1 350 4695 6345 6347 4697 908 3558 3559 909
6794 5 2 1 350 843 3053 3054 844 4696 6346 6348 4698
6795 5 2 1 350 4696 6346 6348 4698 4697 6347 6349 4699
6796 5 2 1 350 4697 6347 6349 4699 909 3559 3560 910
6797 5 2 1 350 844 3054 3055 845 4698 6348 6350 4700
6798 5 2 1 350 4698 6348 6350 4700 4699 6349 6351 4701
6799 5 2 1 350 4699 6349 6351 4701 910 3560 3561 911
6800 5 2 1 350 845 3055 3056 846 4700 6350 6352 4702
6801 5 2 1 350 4700 6350 6352 4702 4701 6351 6353 4703
6802 5 2 1 350 4701 6351 6353 4703 911 3561 3562 912
6803 5 2 1 350 846 3056 3057 847 4702 6352 6354 4704
6804 5 2 1 350 4702 6352 6354 4704 4703 6353 6355 4705
6805 5 2 1 350 4703 6353 6355 4705 912 3562 3563 913
6806 5 2 1 350 847 3057 479 47 4704 6354 4427 1011
6807 5 2 1 350 4704 6354 4427 1011 4705 6355 4428 1012
6808 5 2 1 350 4705 6355 4428 1012 913 3563 571 59
6809 5 2 1 350 433 42 848 3047 4335 1001 4706 6334
6810 5 2 1 350 4335 1001 4706 6334 4336 1002 4707 6335
6811 5 2 1 350 4336 1002 4707 6335 525 54 914 3553
6812 5 2 1 350 3047 848 849 3048 6334 4706 4708 6336
6813 5 2 1 350 6334 4706 4708 6336 6335 4707 4709 6337
6814 5 2 1 350 6335 4707 4709 6337 3553 914 915 3554
6815 5 2 1 350 3048 849 850 3049 6336 4708 4710 6338
6816 5 2 1 350 6336 4708 4710 6338 6337 4709 4711 6339
6817 5 2 1 350 6337 4709 4711 6339 3554 915 916 3555
6818 5 2 1 350 3049 850 851 3050 6338 4710 4712 6340
6819 5 2 1 350 6338 4710 4712 6340 6339 4711 4713 6341
6820 5 2 1 350 6339 4711 4713 6341 3555 916 917 3556
6821 5 2 1 350 3050 851 852 3051 6340 4712 4714 6342
6822 5 2 1 350 6340 4712 4714 6342 6341 4713 4715 6343
6823 5 2 1 350 6341 4713 4715 6343 3556 917 918 3557
6824 5 2 1 350 3051 852 853 3052 6342 4714 4716 6344
6825 5 2 1 350 6342 4714 4716 6344 6343 4715 4717 6345
6826 5 2 1 350 6343 4715 4717 6345 3557 918 919 3558
6827 5 2 1 350 3052 853 854 3053 6344 4716 4718 6346
6828 5 2 1 350 6344 4716 4718 6346 6345 4717 4719 6347
6829 5 2 1 350 6345 4717 4719 6347 3558 919 920 3559
6830 5 2 1 350 3053 854 855 3054 6346 4718 4720 6348
6831 5 2 1 350 6346 4718 4720 6348 6347 4719 4721 6349
6832 5 2 1 350 6347 4719 4721 6349 3559 920 921 3560
6833 5 2 1 350 3054 855 856 3055 6348 4720 4722 6350
6834 5 2 1 350 6348 4720 4722 6350 6349 4721 4723 6351
6835 5 2 1 350 6349 4721 4723 6351 3560 921 922 3561
6836 5 2 1 350 3055 856 857 3056 6350 4722 4724 6352
6837 5 2 1 350 6350 4722 4724 6352 6351 4723 4725 6353
6838 5 2 1 350 6351 4723 4725 6353 3561 922 923 3562
6839 5 2 1 350 3056 857 858 3057 6352 4724 4726 6354
6840 5 2 1 350 6352 4724 4726 6354 6353 4725 4727 6355
6841 5 2 1 350 6353 4725 4727 6355 3562 923 924 3563
6842 5 2 1 350 3057 858 48 479 6354 4726 1013 4427
6843 5 2 1 350 6354 4726 1013 4427 6355 4727 1014 4428
6844 5 2 1 350 6355 4727 1014 4428 3563 924 60 571
6845 5 2 1 352 42 434 3058 848 1001 4337 6356 4706
6846 5 2 1 352 1001 4337 6356 4706 1002 4338 6357 4707
6847 5 2 1 352 1002 4338 6357 4707 54 526 3564 914
6848 5 2 1 352 848 3058 3059 849 4706 6356 6358 4708
6849 5 2 1 352 4706 6356 6358 4708 4707 6357 6359 4709
6850 5 2 1 352 4707 6357 6359 4709 914 3564 3565 915
6851 5 2 1 352 849 3059 3060 850 4708 6358 6360 4710
6852 5 2 1 352 4708 6358 6360 4710 4709 6359 6361 4711
6853 5 2 1 352 4709 6359 6361 4711 915 3565 3566 916
6854 5 2 1 352 850 3060 3061 851 4710 6360 6362 4712
6855 5 2 1 352 4710 6360 6362 4712 4711 6361 6363 4713
6856 5 2 1 352 4711 6361 6363 4713 916 3566 3567 917
6857 5 2 1 352 851 3061 3062 852 4712 6362 6364 4714
6858 5 2 1 352 4712 6362 6364 4714 4713 6363 6365 4715
6859 5 2 1 352 4713 6363 6365 4715 917 3567 3568 918
6860 5 2 1 352 852 3062 3063 853 4714 6364 6366 4716
6861 5 2 1 352 4714 6364 6366 4716 4715 6365 6367 4717
6862 5 2 1 352 4715 6365 6367 4717 918 3568 3569 919
6863 5 2 1 352 853 3063 3064 854 4716 6366 6368 4718
6864 5 2 1 352 4716 6366 6368 4718 4717 6367 6369 4719
6865 5 2 1 352 4717 6367 6369 4719 919 3569 3570 920
6866 5 2 1 352 854 3064 3065 855 4718 6368 6370 4720
6867 5 2 1 352 4718 6368 6370 4720 4719 6369 6371 4721
6868 5 2 1 352 4719 6369 6371 4721 920 3570 3571 921
6869 5 2 1 352 855 3065 3066 856 4720 6370 6372 4722
6870 5 2 1 352 4720 6370 6372 4722 4721 6371 6373 4723
6871 5 2 1 352 4721 6371 6373 4723 921 3571 3572 922
6872 5 2 1 352 856 3066 3067 857 4722 6372 6374 4724
6873 5 2 1 352 4722 6372 6374 4724 4723 6373 6375 4725
6874 5 2 1 352 4723 6373 6375 4725 922 3572 3573 923
6875 5 2 1 352 857 3067 3068 858 4724 6374 6376 4726
6876 5 2 1 352 4724 6374 6376 4726 4725 6375 6377 4727
6877 5 2 1 352 4725 6375 6377 4727 923 3573 3574 924
6878 5 2 1 352 858 3068 480 48 4726 6376 4429 1013
6879 5 2 1 352 4726 6376 4429 1013 4727 6377 4430 1014
6880 5 2 1 352 4727 6377 4430 1014 924 3574 572 60
6881 5 2 1 352 434 435 3069 3058 4337 4339 6378 6356
6882 5 2 1 352 4337 4339 6378 6356 4338 4340 6379 6357
6883 5 2 1 352 4338 4340 6379 6357 526 527 3575 3564
6884 5 2 1 352 3058 3069 3070 3059 6356 6378 6380 6358
6885 5 2 1 352 6356 6378 6380 6358 6357 6379 6381 6359
6886 5 2 1 352 6357 6379 6381 6359 3564 3575 3576 3565
6887 5 2 1 352 3059 3070 3071 3060 6358 6380 6382 6360
6888 5 2 1 352 6358 6380 6382 6360 6359 6381 6383 6361
6889 5 2 1 352 6359 6381 6383 6361 3565 3576 3577 3566
6890 5 2 1 352 3060 3071 3072 3061 6360 6382 6384 6362
6891 5 2 1 352 6360 6382 6384 6362 6361 6383 6385 6363
6892 5 2 1 352 6361 6383 6385 6363 3566 3577 3578 3567
6893 5 2 1 352 3061 3072 3073 3062 6362 6384 6386 6364
6894 5 2 1 352 6362 6384 6386 6364 6363 6385 6387 6365
6895 5 2 1 352 6363 6385 6387 6365 3567 3578 3579 3568
6896 5 2 1 352 3062 3073 3074 3063 6364 6386 6388 6366
6897 5 2 1 352 6364 6386 6388 6366 6365 6387 6389 6367
6898 5 2 1 352 6365 6387 6389 6367 3568 3579 3580 3569
6899 5 2 1 352 3063 3074 3075 3064 6366 6388 6390 6368
6900 5 2 1 352 6366 6388 6390 6368 6367 6389 6391 6369
6901 5 2 1 352 6367 6389 6391 6369 3569 3580 3581 3570
6902 5 2 1 352 3064 3075 3076 3065 6368 6390 6392 6370
6903 5 2 1 352 6368 6390 6392 6370 6369 6391 6393 6371
6904 5 2 1 352 6369 6391 6393 6371 3570 3581 3582 3571
6905 5 2 1 352 3065 3076 3077 3066 6370 6392 6394 6372
6906 5 2 1 352 6370 6392 6394 6372 6371 6393 6395 6373
6907 5 2 1 352 6371 6393 6395 6373 3571 3582 3583 3572
6908 5 2 1 352 3066 3077 3078 3067 6372 6394 6396 6374
6909 5 2 1 352 6372 6394 6396 6374 6373 6395 6397 6375
6910 5 2 1 352 6373 6395 6397 6375 3572 3583 3584 3573
6911 5 2 1 352 3067 3078 3079 3068 6374 6396 6398 6376
6912 5 2 1 352 6374 6396 6398 6376 6375 6397 6399 6377
6913 5 2 1 352 6375 6397 6399 6377 3573 3584 3585 3574
6914 5 2 1 352 3068 3079 481 480 6376 6398 4431 4429
6915 5 2 1 352 6376 6398 4431 4429 6377 6399 4432 4430
6916 5 2 1 352 6377 6399 4432 4430 3574 3585 573 572
6917 5 2 1 352 435 436 3080 3069 4339 4341 6400 6378
6918 5 2 1 352 4339 4341 6400 6378 4340 4342 6401 6379
6919 5 2 1 352 4340 4342 6401 6379 527 528 3586 3575
6920 5 2 1 352 3069 3080 3081 3070 6378 6400 6402 6380
6921 5 2 1 352 6378 6400 6402 6380 6379 6401 6403 6381
6922 5 2 1 352 6379 6401 6403 6381 3575 3586 3587 3576
6923 5 2 1 352 3070 3081 3082 3071 6380 6402 6404 6382
6924 5 2 1 352 6380 6402 6404 6382 6381 6403 6405 6383
6925 5 2 1 352 6381 6403 6405 6383 3576 3587 3588 3577
6926 5 2 1 352 3071 3082 3083 3072 6382 6404 6406 6384
6927 5 2 1 352 6382 6404 6406 6384 6383 6405 6407 6385
6928 5 2 1 352 6383 6405 6407 6385 3577 3588 3589 3578
6929 5 2 1 352 3072 3083 3084 3073 6384 6406 6408 6386
6930 5 2 1 352 6384 6406 6408 6386 6385 6407 6409 6387
6931 5 2 1 352 6385 6407 6409 6387 3578 3589 3590 3579
6932 5 2 1 352 3073 3084 3085 3074 6386 6408 6410 6388
6933 5 2 1 352 6386 6408 6410 6388 6387 6409 6411 6389
6934 5 2 1 352 6387 6409 6411 6389 3579 3590 3591 3580
6935 5 2 1 352 3074 3085 3086 3075 6388 6410 6412 6390
6936 5 2 1 352 6388 6410 6412 6390 6389 6411 6413 6391
6937 5 2 1 352 6389 6411 6413 6391 3580 3591 3592 3581
6938 5 2 1 352 3075 3086 3087 3076 6390 6412 6414 6392
6939 5 2 1 352 6390 6412 6414 6392 6391 6413 6415 6393
6940 5 2 1 352 6391 6413 6415 6393 3581 3592 3593 3582
6941 5 2 1 352 3076 3087 3088 3077 6392 6414 6416 6394
6942 5 2 1 352 6392 6414 6416 6394 6393 6415 6417 6395
6943 5 2 1 352 6393 6415 6417 6395 3582 3593 3594 3583
6944 5 2 1 352 3077 3088 3089 3078 6394 6416 6418 6396
6945 5 2 1 352 6394 6416 6418 6396 6395 6417 6419 6397
6946 5 2 1 352 6395 6417 6419 6397 3583 3594 3595 3584
6947 5 2 1 352 3078 3089 3090 3079 6396 6418 6420 6398
6948 5 2 1 352 6396 6418 6420 6398 6397 6419 6421 6399
6949 5 2 1 352 6397 6419 6421 6399 3584 3595 3596 3585
6950 5 2 1 352 3079 3090 482 481 6398 6420 4433 4431
6951 5 2 1 352 6398 6420 4433 4431 6399 6421 4434 4432
6952 5 2 1 352 6399 6421 4434 4432 3585 3596 574 573
6953 5 2 1 352 436 437 3091 3080 4341 4343 6422 6400
6954 5 2 1 352 4341 4343 6422 6400 4342 4344 6423 6401
6955 5 2 1 352 4342 4344 6423 6401 528 529 3597 3586
6956 5 2 1 352 3080 3091 3092 3081 6400 6422 6424 6402
6957 5 2 1 352 6400 6422 6424 6402 6401 6423 6425 6403
6958 5 2 1 352 6401 6423 6425 6403 3586 3597 3598 3587
6959 5 2 1 352 3081 3092 3093 3082 6402 6424 6426 6404
6960 5 2 1 352 6402 6424 6426 6404 6403 6425 6427 6405
6961 5 2 1 352 6403 6425 6427 6405 3587 3598 3599 3588
6962 5 2 1 352 3082 3093 3094 3083 6404 6426 6428 6406
6963 5 2 1 352 6404 6426 6428 6406 6405 6427 6429 6407
6964 5 2 1 352 6405 6427 6429 6407 3588 3599 3600 3589
6965 5 2 1 352 3083 3094 3095 3084 6406 6428 6430 6408
6966 5 2 1 352 6406 6428 6430 6408 6407 6429 6431 6409
6967 5 2 1 352 6407 6429 6431 6409 3589 3600 3601 3590
6968 5 2 1 352 3084 3095 3096 3085 6408 6430 6432 6410
6969 5 2 1 352 6408 6430 6432 6410 6409 6431 6433 6411
6970 5 2 1 352 6409 6431 6433 6411 3590 3601 3602 3591
6971 5 2 1 352 3085 3096 3097 3086 6410 6432 6434 6412
6972 5 2 1 352 6410 6432 6434 6412 6411 6433 6435 6413
6973 5 2 1 352 6411 6433 6435 6413 3591 3602 3603 3592
6974 5 2 1 352 3086 3097 3098 3087 6412 6434 6436 6414
6975 5 2 1 352 6412 6434 6436 6414 6413 6435 6437 6415
6976 5 2 1 352 6413 6435 6437 6415 3592 3603 3604 3593
6977 5 2 1 352 3087 3098 3099 3088 6414 6436 6438 6416
6978 5 2 1 352 6414 6436 6438 6416 6415 6437 6439 6417
6979 5 2 1 352 6415 6437 6439 6417 3593 3604 3605 3594
6980 5 2 1 352 3088 3099 3100 3089 6416 6438 6440 6418
6981 5 2 1 352 6416 6438 6440 6418 6417 6439 6441 6419
6982 5 2 1 352 6417 6439 6441 6419 3594 3605 3606 3595
6983 5 2 1 352 3089 3100 3101 3090 6418 6440 6442 6420
6984 5 2 1 352 6418 6440 6442 6420 6419 6441 6443 6421
6985 5 2 1 352 6419 6441 6443 6421 3595 3606 3607 3596
6986 5 2 1 352 3090 3101 483 482 6420 6442 4435 4433
6987 5 2 1 352 6420 6442 4435 4433 6421 6443 4436 4434
6988 5 2 1 352 6421 6443 4436 4434 3596 3607 575 574
6989 5 2 1 352 437 438 3102 3091 4343 4345 6444 6422
6990 5 2 1 352 4343 4345 6444 6422 4344 4346 6445 6423
6991 5 2 1 352 4344 4346 6445 6423 529 530 3608 3597
6992 5 2 1 352 3091 3102 3103 3092 6422 6444 6446 6424
6993 5 2 1 352 6422 6444 6446 6424 6423 6445 6447 6425
6994 5 2 1 352 6423 6445 6447 6425 3597 3608 3609 3598
6995 5 2 1 352 3092 3103 3104 3093 6424 6446 6448 6426
6996 5 2 1 352 6424 6446 6448 6426 6425 6447 6449 6427
6997 5 2 1 352 6425 6447 6449 6427 3598 3609 3610 3599
6998 5 2 1 352 3093 3104 3105 3094 6426 6448 6450 6428
6999 5 2 1 352 6426 6448 6450 6428 6427 6449 6451 6429
7000 5 2 1 352 6427 6449 6451 6429 3599 3610 3611 3600
7001 5 2 1 352 3094 3105 3106 3095 6428 6450 6452 6430
7002 5 2 1 352 6428 6450 6452 6430 6429 6451 6453 6431
7003 5 2 1 352 6429 6451 6453 6431 3600 3611 3612 3601
7004 5 2 1 352 3095 3106 3107 3096 6430 6452 6454 6432
7005 5 2 1 352 6430 6452 6454 6432 6431 6453 6455 6433
7006 5 2 1 352 6431 6453 6455 6433 3601 3612 3613 3602
7007 5 2 1 352 3096 3107 3108 3097 6432 6454 6456 6434
7008 5 2 1 352 6432 6454 6456 6434 6433 6455 6457 6435
7009 5 2 1 352 6433 6455 6457 6435 3602 3613 3614 3603
7010 5 2 1 352 3097 3108 3109 3098 6434 6456 6458 6436
7011 5 2 1 352 6434 6456 6458 6436 6435 6457 6459 6437
7012 5 2 1 352 6435 6457 6459 6437 3603 3614 3615 3604
7013 5 2 1 352 3098 3109 3110 3099 6436 6458 6460 6438
7014 5 2 1 352 6436 6458 6460 6438 6437 6459 6461 6439
7015 5 2 1 352 6437 6459 6461 6439 3604 3615 3616 3605
7016 5 2 1 352 3099 3110 3111 3100 6438 6460 6462 6440
7017 5 2 1 352 6438 6460 6462 6440 6439 6461 6463 6441
7018 5 2 1 352 6439 6461 6463 6441 3605 3616 3617 3606
7019 5 2 1 352 3100 3111 3112 3101 6440 6462 6464 6442
7020 5 2 1 352 6440 6462 6464 6442 6441 6463 6465 6443
7021 5 2 1 352 6441 6463 6465 6443 3606 3617 3618 3607
7022 5 2 1 352 3101 3112 484 483 6442 6464 4437 4435
7023 5 2 1 352 6442 6464 4437 4435 6443 6465 4438 4436
7024 5 2 1 352 6443 6465 4438 4436 3607 3618 576 575
7025 5 2 1 352 438 439 3113 3102 4345 4347 6466 6444
7026 5 2 1 352 4345 4347 6466 6444 4346 4348 6467 6445
7027 5 2 1 352 4346 4348 6467 6445 530 531 3619 3608
7028 5 2 1 352 3102 3113 3114 3103 6444 6466 6468 6446
7029 5 2 1 352 6444 6466 6468 6446 6445 6467 6469 6447
7030 5 2 1 352 6445 6467 6469 6447 3608 3619 3620 3609
7031 5 2 1 352 3103 3114 3115 3104 6446 6468 6470 6448
7032 5 2 1 352 6446 6468 6470 6448 6447 6469 6471 6449
7033 5 2 1 352 6447 6469 6471 6449 3609 3620 3621 3610
7034 5 2 1 352 3104 3115 3116 3105 6448 6470 6472 6450
7035 5 2 1 352 6448 6470 6472 6450 6449 6471 6473 6451
7036 5 2 1 352 6449 6471 6473 6451 3610 3621 3622 3611
7037 5 2 1 352 3105 3116 3117 3106 6450 6472 6474 6452
7038 5 2 1 352 6450 6472 6474 6452 6451 6473 6475 6453
7039 5 2 1 352 6451 6473 6475 6453 3611 3622 3623 3612
7040 5 2 1 352 3106 3117 3118 3107 6452 6474 6476 6454
7041 5 2 1 352 6452 6474 6476 6454 6453 6475 6477 6455
7042 5 2 1 352 6453 6475 6477 6455 3612 3623 3624 3613
7043 5 2 1 352 3107 3118 3119 3108 6454 6476 6478 6456
7044 5 2 1 352 6454 6476 6478 6456 6455 6477 6479 6457
7045 5 2 1 352 6455 6477 6479 6457 3613 3624 3625 3614
7046 5 2 1 352 3108 3119 3120 3109 6456 6478 6480 6458
7047 5 2 1 352 6456 6478 6480 6458 6457 6479 6481 6459
7048 5 2 1 352 6457 6479 6481 6459 3614 3625 3626 3615
7049 5 2 1 352 3109 3120 3121 3110 6458 6480 6482 6460
7050 5 2 1 352 6458 6480 6482 6460 6459 6481 6483 6461
7051 5 2 1 352 6459 6481 6483 6461 3615 3626 3627 3616
7052 5 2 1 352 3110 3121 3122 3111 6460 6482 6484 6462
7053 5 2 1 352 6460 6482 6484 6462 6461 6483 6485 6463
7054 5 2 1 352 6461 6483 6485 6463 3616 3627 3628 3617
7055 5 2 1 352 3111 3122 3123 3112 6462 6484 6486 6464
7056 5 2 1 352 6462 6484 6486 6464 6463 6485 6487 6465
7057 5 2 1 352 6463 6485 6487 6465 3617 3628 3629 3618
7058 5 2 1 352 3112 3123 485 484 6464 6486 4439 4437
7059 5 2 1 352 6464 6486 4439 4437 6465 6487 4440 4438
7060 5 2 1 352 6465 6487 4440 4438 3618 3629 577 576
7061 5 2 1 352 439 440 3124 3113 4347 4349 6488 6466
7062 5 2 1 352 4347 4349 6488 6466 4348 4350 6489 6467
7063 5 2 1 352 4348 4350 6489 6467 531 532 3630 3619
7064 5 2 1 352 3113 3124 3125 3114 6466 6488 6490 6468
7065 5 2 1 352 6466 6488 6490 6468 6467 6489 6491 6469
7066 5 2 1 352 6467 6489 6491 6469 3619 3630 3631 3620
7067 5 2 1 352 3114 3125 3126 3115 6468 6490 6492 6470
7068 5 2 1 352 6468 6490 6492 6470 6469 6491 6493 6471
7069 5 2 1 352 6469 6491 6493 6471 3620 3631 3632 3621
7070 5 2 1 352 3115 3126 3127 3116 6470 6492 6494 6472
7071 5 2 1 352 6470 6492 6494 6472 6471 6493 6495 6473
7072 5 2 1 352 6471 6493 6495 6473 3621 3632 3633 3622
7073 5 2 1 352 3116 3127 3128 3117 6472 6494 6496 6474
7074 5 2 1 352 6472 6494 6496 6474 6473 6495 6497 6475
7075 5 2 1 352 6473 6495 6497 6475 3622 3633 3634 3623
7076 5 2 1 352 3117 3128 3129 3118 6474 6496 6498 6476
7077 5 2 1 352 6474 6496 6498 6476 6475 6497 6499 6477
7078 5 2 1 352 6475 6497 6499 6477 3623 3634 3635 3624
7079 5 2 1 352 3118 3129 3130 3119 6476 6498 6500 6478
7080 5 2 1 352 6476 6498 6500 6478 6477 6499 6501 6479
7081 5 2 1 352 6477 6499 6501 6479 3624 3635 3636 3625
7082 5 2 1 352 3119 3130 3131 3120 6478 6500 6502 6480
7083 5 2 1 352 6478 6500 6502 6480 6479 6501 6503 6481
7084 5 2 1 352 6479 6501 6503 6481 3625 3636 3637 3626
7085 5 2 1 352 3120 3131 3132 3121 6480 6502 6504 6482
7086 5 2 1 352 6480 6502 6504 6482 6481 6503 6505 6483
7087 5 2 1 352 6481 6503 6505 6483 3626 3637 3638 3627
7088 5 2 1 352 3121 3132 3133 3122 6482 6504 6506 6484
7089 5 2 1 352 6482 6504 6506 6484 6483 6505 6507 6485
7090 5 2 1 352 6483 6505 6507 6485 3627 3638 3639 3628
7091 5 2 1 352 3122 3133 3134 3123 6484 6506 6508 6486
7092 5 2 1 352 6484 6506 6508 6486 6485 6507 6509 6487
7093 5 2 1 352 6485 6507 6509 6487 3628 3639 3640 3629
7094 5 2 1 352 3123 3134 486 485 6486 6508 4441 4439
7095 5 2 1 352 6486 6508 4441 4439 6487 6509 4442 4440
7096 5 2 1 352 6487 6509 4442 4440 3629 3640 578 577
7097 5 2 1 352 440 441 3135 3124 4349 4351 6510 6488
7098 5 2 1 352 4349 4351 6510 6488 4350 4352 6511 6489
7099 5 2 1 352 4350 4352 6511 6489 532 533 3641 3630
7100 5 2 1 352 3124 3135 3136 3125 6488 6510 6512 6490
7101 5 2 1 352 6488 6510 6512 6490 6489 6511 6513 6491
7102 5 2 1 352 6489 6511 6513 6491 3630 3641 3642 3631
7103 5 2 1 352 3125 3136 3137 3126 6490 6512 6514 6492
7104 5 2 1 352 6490 6512 6514 6492 6491 6513 6515 6493
7105 5 2 1 352 6491 6513 6515 6493 3631 3642 3643 3632
7106 5 2 1 352 3126 3137 3138 3127 6492 6514 6516 6494
7107 5 2 1 352 6492 6514 6516 6494 6493 6515 6517 6495
7108 5 2 1 352 6493 6515 6517 6495 3632 3643 3644 3633
7109 5 2 1 352 3127 3138 3139 3128 6494 6516 6518 6496
7110 5 2 1 352 6494 6516 6518 6496 6495 6517 6519 6497
7111 5 2 1 352 6495 6517 6519 6497 3633 3644 3645 3634
7112 5 2 1 352 3128 3139 3140 3129 6496 6518 6520 6498
7113 5 2 1 352 6496 6518 6520 6498 6497 6519 6521 6499
7114 5 2 1 352 6497 6519 6521 6499 3634 3645 3646 3635
7115 5 2 1 352 3129 3140 3141 3130 6498 6520 6522 6500
7116 5 2 1 352 6498 6520 6522 6500 6499 6521 6523 6501
7117 5 2 1 352 6499 6521 6523 6501 3635 3646 3647 3636
7118 5 2 1 352 3130 3141 3142 3131 6500 6522 6524 6502
7119 5 2 1 352 6500 6522 6524 6502 6501 6523 6525 6503
7120 5 2 1 352 6501 6523 6525 6503 3636 3647 3648 3637
7121 5 2 1 352 3131 3142 3143 3132 6502 6524 6526 6504
7122 5 2 1 352 6502 6524 6526 6504 6503 6525 6527 6505
7123 5 2 1 352 6503 6525 6527 6505 3637 3648 3649 3638
7124 5 2 1 352 3132 3143 3144 3133 6504 6526 6528 6506
7125 5 2 1 352 6504 6526 6528 6506 6505 6527 6529 6507
7126 5 2 1 352 6505 6527 6529 6507 3638 3649 3650 3639
7127 5 2 1 352 3133 3144 3145 3134 6506 6528 6530 6508
7128 5 2 1 352 6506 6528 6530 6508 6507 6529 6531 6509
7129 5 2 1 352 6507 6529 6531 6509 3639 3650 3651 3640
7130 5 2 1 352 3134 3145 487 486 6508 6530 4443 4441
7131 5 2 1 352 6508 6530 4443 4441 6509 6531 4444 4442
7132 5 2 1 352 6509 6531 4444 4442 3640 3651 579 578
7133 5 2 1 352 441 442 3146 3135 4351 4353 6532 6510
7134 5 2 1 352 4351 4353 6532 6510 4352 4354 6533 6511
7135 5 2 1 352 4352 4354 6533 6511 533 534 3652 3641
7136 5 2 1 352 3135 3146 3147 3136 6510 6532 6534 6512
7137 5 2 1 352 6510 6532 6534 6512 6511 6533 6535 6513
7138 5 2 1 352 6511 6533 6535 6513 3641 3652 3653 3642
7139 5 2 1 352 3136 3147 3148 3137 6512 6534 6536 6514
7140 5 2 1 352 6512 6534 6536 6514 6513 6535 6537 6515
7141 5 2 1 352 6513 6535 6537 6515 3642 3653 3654 3643
7142 5 2 1 352 3137 3148 3149 3138 6514 6536 6538 6516
7143 5 2 1 352 6514 6536 6538 6516 6515 6537 6539 6517
7144 5 2 1 352 6515 6537 6539 6517 3643 3654 3655 3644
7145 5 2 1 352 3138 3149 3150 3139 6516 6538 6540 6518
7146 5 2 1 352 6516 6538 6540 6518 6517 6539 6541 6519
7147 5 2 1 352 6517 6539 6541 6519 3644 3655 3656 3645
7148 5 2 1 352 3139 3150 3151 3140 6518 6540 6542 6520
7149 5 2 1 352 6518 6540 6542 6520 6519 6541 6543 6521
7150 5 2 1 352 6519 6541 6543 6521 3645 3656 3657 3646
7151 5 2 1 352 3140 3151 3152 3141 6520 6542 6544 6522
7152 5 2 1 352 6520 6542 6544 6522 6521 6543 6545 6523
7153 5 2 1 352 6521 6543 6545 6523 3646 3657 3658 3647
7154 5 2 1 352 3141 3152 3153 3142 6522 6544 6546 6524
7155 5 2 1 352 6522 6544 6546 6524 6523 6545 6547 6525
7156 5 2 1 352 6523 6545 6547 6525 3647 3658 3659 3648
7157 5 2 1 352 3142 3153 3154 3143 6524 6546 6548 6526
7158 5 2 1 352 6524 6546 6548 6526 6525 6547 6549 6527
7159 5 2 1 352 6525 6547 6549 6527 3648 3659 3660 3649
7160 5 2 1 352 3143 3154 3155 3144 6526 6548 6550 6528
7161 5 2 1 352 6526 6548 6550 6528 6527 6549 6551 6529
7162 5 2 1 352 6527 6549 6551 6529 3649 3660 3661 3650
7163 5 2 1 352 3144 3155 3156 3145 6528 6550 6552 6530
7164 5 2 1 352 6528 6550 6552 6530 6529 6551 6553 6531
7165 5 2 1 352 6529 6551 6553 6531 3650 3661 3662 3651
7166 5 2 1 352 3145 3156 488 487 6530 6552 4445 4443
7167 5 2 1 352 6530 6552 4445 4443 6531 6553 4446 4444
7168 5 2 1 352 6531 6553 4446 4444 3651 3662 580 579
7169 5 2 1 352 442 443 3157 3146 4353 4355 6554 6532
7170 5 2 1 352 4353 4355 6554 6532 4354 4356 6555 6533
7171 5 2 1 352 4354 4356 6555 6533 534 535 3663 3652
7172 5 2 1 352 3146 3157 3158 3147 6532 6554 6556 6534
7173 5 2 1 352 6532 6554 6556 6534 6533 6555 6557 6535
7174 5 2 1 352 6533 6555 6557 6535 3652 3663 3664 3653
7175 5 2 1 352 3147 3158 3159 3148 6534 6556 6558 6536
7176 5 2 1 352 6534 6556 6558 6536 6535 6557 6559 6537
7177 5 2 1 352 6535 6557 6559 6537 3653 3664 3665 3654
7178 5 2 1 352 3148 3159 3160 3149 6536 6558 6560 6538
7179 5 2 1 352 6536 6558 6560 6538 6537 6559 6561 6539
7180 5 2 1 352 6537 6559 6561 6539 3654 3665 3666 3655
7181 5 2 1 352 3149 3160 3161 3150 6538 6560 6562 6540
7182 5 2 1 352 6538 6560 6562 6540 6539 6561 6563 6541
7183 5 2 1 352 6539 6561 6563 6541 3655 3666 3667 3656
7184 5 2 1 352 3150 3161 3162 3151 6540 6562 6564 6542
7185 5 2 1 352 6540 6562 6564 6542 6541 6563 6565 6543
7186 5 2 1 352 6541 6563 6565 6543 3656 3667 3668 3657
7187 5 2 1 352 3151 3162 3163 3152 6542 6564 6566 6544
7188 5 2 1 352 6542 6564 6566 6544 6543 6565 6567 6545
7189 5 2 1 352 6543 6565 6567 6545 3657 3668 3669 3658
7190 5 2 1 352 3152 3163 3164 3153 6544 6566 6568 6546
7191 5 2 1 352 6544 6566 6568 6546 6545 6567 6569 6547
7192 5 2 1 352 6545 6567 6569 6547 3658 3669 3670 3659
7193 5 2 1 352 3153 3164 3165 3154 6546 6568 6570 6548
7194 5 2 1 352 6546 6568 6570 6548 6547 6569 6571 6549
7195 5 2 1 352 6547 6569 6571 6549 3659 3670 3671 3660
7196 5 2 1 352 3154 3165 3166 3155 6548 6570 6572 6550
7197 5 2 1 352 6548 6570 6572 6550 6549 6571 6573 6551
7198 5 2 1 352 6549 6571 6573 6551 3660 3671 3672 3661
7199 5 2 1 352 3155 3166 3167 3156 6550 6572 6574 6552
7200 5 2 1 352 6550 6572 6574 6552 6551 6573 6575 6553
7201 5 2 1 352 6551 6573 6575 6553 3661 3672 3673 3662
7202 5 2 1 352 3156 3167 489 488 6552 6574 4447 4445
7203 5 2 1 352 6552 6574 4447 4445 6553 6575 4448 4446
7204 5 2 1 352 6553 6575 4448 4446 3662 3673 581 580
7205 5 2 1 352 443 444 3168 3157 4355 4357 6576 6554
7206 5 2 1 352 4355 4357 6576 6554 4356 4358 6577 6555
7207 5 2 1 352 4356 4358 6577 6555 535 536 3674 3663
7208 5 2 1 352 3157 3168 3169 3158 6554 6576 6578 6556
7209 5 2 1 352 6554 6576 6578 6556 6555 6577 6579 6557
7210 5 2 1 352 6555 6577 6579 6557 3663 3674 3675 3664
7211 5 2 1 352 3158 3169 3170 3159 6556 6578 6580 6558
7212 5 2 1 352 6556 6578 6580 6558 6557 6579 6581 6559
7213 5 2 1 352 6557 6579 6581 6559 3664 3675 3676 3665
7214 5 2 1 352 3159 3170 3171 3160 6558 6580 6582 6560
7215 5 2 1 352 6558 6580 6582 6560 6559 6581 6583 6561
7216 5 2 1 352 6559 6581 6583 6561 3665 3676 3677 3666
7217 5 2 1 352 3160 3171 3172 3161 6560 6582 6584 6562
7218 5 2 1 352 6560 6582 6584 6562 6561 6583 6585 6563
7219 5 2 1 352 6561 6583 6585 6563 3666 3677 3678 3667
7220 5 2 1 352 3161 3172 3173 3162 6562 6584 6586 6564
7221 5 2 1 352 6562 6584 6586 6564 6563 6585 6587 6565
7222 5 2 1 352 6563 6585 6587 6565 3667 3678 3679 3668
7223 5 2 1 352 3162 3173 3174 3163 6564 6586 6588 6566
7224 5 2 1 352 6564 6586 6588 6566 6565 6587 6589 6567
7225 5 2 1 352 6565 6587 6589 6567 3668 3679 3680 3669
7226 5 2 1 352 3163 3174 3175 3164 6566 6588 6590 6568
7227 5 2 1 352 6566 6588 6590 6568 6567 6589 6591 6569
7228 5 2 1 352 6567 6589 6591 6569 3669 3680 3681 3670
7229 5 2 1 352 3164 3175 3176 3165 6568 6590 6592 6570
7230 5 2 1 352 6568 6590 6592 6570 6569 6591 6593 6571
7231 5 2 1 352 6569 6591 6593 6571 3670 3681 3682 3671
7232 5 2 1 352 3165 3176 3177 3166 6570 6592 6594 6572
7233 5 2 1 352 6570 6592 6594 6572 6571 6593 6595 6573
7234 5 2 1 352 6571 6593 6595 6573 3671 3682 3683 3672
7235 5 2 1 352 3166 3177 3178 3167 6572 6594 6596 6574
7236 5 2 1 352 6572 6594 6596 6574 6573 6595 6597 6575
7237 5 2 1 352 6573 6595 6597 6575 3672 3683 3684 3673
7238 5 2 1 352 3167 3178 490 489 6574 6596 4449 4447
7239 5 2 1 352 6574 6596 4449 4447 6575 6597 4450 4448
7240 5 2 1 352 6575 6597 4450 4448 3673 3684 582 581
7241 5 2 1 352 444 445 3179 3168 4357 4359 6598 6576
7242 5 2 1 352 4357 4359 6598 6576 4358 4360 6599 6577
7243 5 2 1 352 4358 4360 6599 6577 536 537 3685 3674
7244 5 2 1 352 3168 3179 3180 3169 6576 6598 6600 6578
7245 5 2 1 352 6576 6598 6600 6578 6577 6599 6601 6579
7246 5 2 1 352 6577 6599 6601 6579 3674 3685 3686 3675
7247 5 2 1 352 3169 3180 3181 3170 6578 6600 6602 6580
7248 5 2 1 352 6578 6600 6602 6580 6579 6601 6603 6581
7249 5 2 1 352 6579 6601 6603 6581 3675 3686 3687 3676
7250 5 2 1 352 3170 3181 3182 3171 6580 6602 6604 6582
7251 5 2 1 352 6580 6602 6604 6582 6581 6603 6605 6583
7252 5 2 1 352 6581 6603 6605 6583 3676 3687 3688 3677
7253 5 2 1 352 3171 3182 3183 3172 6582 6604 6606 6584
7254 5 2 1 352 6582 6604 6606 6584 6583 6605 6607 6585
7255 5 2 1 352 6583 6605 6607 6585 3677 3688 3689 3678
7256 5 2 1 352 3172 3183 3184 3173 6584 6606 6608 6586
7257 5 2 1 352 6584 6606 6608 6586 6585 6607 6609 6587
7258 5 2 1 352 6585 6607 6609 6587 3678 3689 3690 3679
7259 5 2 1 352 3173 3184 3185 3174 6586 6608 6610 6588
7260 5 2 1 352 6586 6608 6610 6588 6587 6609 6611 6589
7261 5 2 1 352 6587 6609 6611 6589 3679 3690 3691 3680
7262 5 2 1 352 3174 3185 3186 3175 6588 6610 6612 6590
7263 5 2 1 352 6588 6610 6612 6590 6589 6611 6613 6591
7264 5 2 1 352 6589 6611 6613 6591 3680 3691 3692 3681
7265 5 2 1 352 3175 3186 3187 3176 6590 6612 6614 6592
7266 5 2 1 352 6590 6612 6614 6592 6591 6613 6615 6593
7267 5 2 1 352 6591 6613 6615 6593 3681 3692 3693 3682
7268 5 2 1 352 3176 3187 3188 3177 6592 6614 6616 6594
7269 5 2 1 352 6592 6614 6616 6594 6593 6615 6617 6595
7270 5 2 1 352 6593 6615 6617 6595 3682 3693 3694 3683
7271 5 2 1 352 3177 3188 3189 3178 6594 6616 6618 6596
7272 5 2 1 352 6594 6616 6618 6596 6595 6617 6619 6597
7273 5 2 1 352 6595 6617 6619 6597 3683 3694 3695 3684
7274 5 2 1 352 3178 3189 491 490 6596 6618 4451 4449
7275 5 2 1 352 6596 6618 4451 4449 6597 6619 4452 4450
7276 5 2 1 352 6597 6619 4452 4450 3684 3695 583 582
7277 5 2 1 352 445 446 3190 3179 4359 4361 6620 6598
7278 5 2 1 352 4359 4361 6620 6598 4360 4362 6621 6599
7279 5 2 1 352 4360 4362 6621 6599 537 538 3696 3685
7280 5 2 1 352 3179 3190 3191 3180 6598 6620 6622 6600
7281 5 2 1 352 6598 6620 6622 6600 6599 6621 6623 6601
7282 5 2 1 352 6599 6621 6623 6601 3685 3696 3697 3686
7283 5 2 1 352 3180 3191 3192 3181 6600 6622 6624 6602
7284 5 2 1 352 6600 6622 6624 6602 6601 6623 6625 6603
7285 5 2 1 352 6601 6623 6625 6603 3686 3697 3698 3687
7286 5 2 1 352 3181 3192 3193 3182 6602 6624 6626 6604
7287 5 2 1 352 6602 6624 6626 6604 6603 6625 6627 6605
7288 5 2 1 352 6603 6625 6627 6605 3687 3698 3699 3688
7289 5 2 1 352 3182 3193 3194 3183 6604 6626 6628 6606
7290 5 2 1 352 6604 6626 6628 6606 6605 6627 6629 6607
7291 5 2 1 352 6605 6627 6629 6607 3688 3699 3700 3689
7292 5 2 1 352 3183 3194 3195 3184 6606 6628 6630 6608
7293 5 2 1 352 6606 6628 6630 6608 6607 6629 6631 6609
7294 5 2 1 352 6607 6629 6631 6609 3689 3700 3701 3690
7295 5 2 1 352 3184 3195 3196 3185 6608 6630 6632 6610
7296 5 2 1 352 6608 6630 6632 6610 6609 6631 6633 6611
7297 5 2 1 352 6609 6631 6633 6611 3690 3701 3702 3691
7298 5 2 1 352 3185 3196 3197 3186 6610 6632 6634 6612
7299 5 2 1 352 6610 6632 6634 6612 6611 6633 6635 6613
7300 5 2 1 352 6611 6633 6635 6613 3691 3702 3703 3692
7301 5 2 1 352 3186 3197 3198 3187 6612 6634 6636 6614
7302 5 2 1 352 6612 6634 6636 6614 6613 6635 6637 6615
7303 5 2 1 352 6613 6635 6637 6615 3692 3703 3704 3693
7304 5 2 1 352 3187 3198 3199 3188 6614 6636 6638 6616
7305 5 2 1 352 6614 6636 6638 6616 6615 6637 6639 6617
7306 5 2 1 352 6615 6637 6639 6617 3693 3704 3705 3694
7307 5 2 1 352 3188 3199 3200 3189 6616 6638 6640 6618
7308 5 2 1 352 6616 6638 6640 6618 6617 6639 6641 6619
7309 5 2 1 352 6617 6639 6641 6619 3694 3705 3706 3695
7310 5 2 1 352 3189 3200 492 491 6618 6640 4453 4451
7311 5 2 1 352 6618 6640 4453 4451 6619 6641 4454 4452
7312 5 2 1 352 6619 6641 4454 4452 3695 3706 584 583
7313 5 2 1 352 446 447 3201 3190 4361 4363 6642 6620
7314 5 2 1 352 4361 4363 6642 6620 4362 4364 6643 6621
7315 5 2 1 352 4362 4364 6643 6621 538 539 3707 3696
7316 5 2 1 352 3190 3201 3202 3191 6620 6642 6644 6622
7317 5 2 1 352 6620 6642 6644 6622 6621 6643 6645 6623
7318 5 2 1 352 6621 6643 6645 6623 3696 3707 3708 3697
7319 5 2 1 352 3191 3202 3203 3192 6622 6644 6646 6624
7320 5 2 1 352 6622 6644 6646 6624 6623 6645 6647 6625
7321 5 2 1 352 6623 6645 6647 6625 3697 3708 3709 3698
7322 5 2 1 352 3192 3203 3204 3193 6624 6646 6648 6626
7323 5 2 1 352 6624 6646 6648 6626 6625 6647 6649 6627
7324 5 2 1 352 6625 6647 6649 6627 3698 3709 3710 3699
7325 5 2 1 352 3193 3204 3205 3194 6626 6648 6650 6628
7326 5 2 1 352 6626 6648 6650 6628 6627 6649 6651 6629
7327 5 2 1 352 6627 6649 6651 6629 3699 3710 3711 3700
7328 5 2 1 352 3194 3205 3206 3195 6628 6650 6652 6630
7329 5 2 1 352 6628 6650 6652 6630 6629 6651 6653 6631
7330 5 2 1 352 6629 6651 6653 6631 3700 3711 3712 3701
7331 5 2 1 352 3195 3206 3207 3196 6630 6652 6654 6632
7332 5 2 1 352 6630 6652 6654 6632 6631 6653 6655 6633
7333 5 2 1 352 6631 6653 6655 6633 3701 3712 3713 3702
7334 5 2 1 352 3196 3207 3208 3197 6632 6654 6656 6634
7335 5 2 1 352 6632 6654 6656 6634 6633 6655 6657 6635
7336 5 2 1 352 6633 6655 6657 6635 3702 3713 3714 3703
7337 5 2 1 352 3197 3208 3209 3198 6634 6656 6658 6636
7338 5 2 1 352 6634 6656 6658 6636 6635 6657 6659 6637
7339 5 2 1 352 6635 6657 6659 6637 3703 3714 3715 3704
7340 5 2 1 352 3198 3209 3210 3199 6636 6658 6660 6638
7341 5 2 1 352 6636 6658 6660 6638 6637 6659 6661 6639
7342 5 2 1 352 6637 6659 6661 6639 3704 3715 3716 3705
7343 5 2 1 352 3199 3210 3211 3200 6638 6660 6662 6640
7344 5 2 1 352 6638 6660 6662 6640 6639 6661 6663 6641
7345 5 2 1 352 6639 6661 6663 6641 3705 3716 3717 3706
7346 5 2 1 352 3200 3211 493 492 6640 6662 4455 4453
7347 5 2 1 352 6640 6662 4455 4453 6641 6663 4456 4454
7348 5 2 1 352 6641 6663 4456 4454 3706 3717 585 584
7349 5 2 1 352 447 448 3212 3201 4363 4365 6664 6642
7350 5 2 1 352 4363 4365 6664 6642 4364 4366 6665 6643
7351 5 2 1 352 4364 4366 6665 6643 539 540 3718 3707
7352 5 2 1 352 3201 3212 3213 3202 6642 6664 6666 6644
7353 5 2 1 352 6642 6664 6666 6644 6643 6665 6667 6645
7354 5 2 1 352 6643 6665 6667 6645 3707 3718 3719 3708
7355 5 2 1 352 3202 3213 3214 3203 6644 6666 6668 6646
7356 5 2 1 352 6644 6666 6668 6646 6645 6667 6669 6647
7357 5 2 1 352 6645 6667 6669 6647 3708 3719 3720 3709
7358 5 2 1 352 3203 3214 3215 3204 6646 6668 6670 6648
7359 5 2 1 352 6646 6668 6670 6648 6647 6669 6671 6649
7360 5 2 1 352 6647 6669 6671 6649 3709 3720 3721 3710
7361 5 2 1 352 3204 3215 3216 3205 6648 6670 6672 6650
7362 5 2 1 352 6648 6670 6672 6650 6649 6671 6673 6651
7363 5 2 1 352 6649 6671 6673 6651 3710 3721 3722 3711
7364 5 2 1 352 3205 3216 3217 3206 6650 6672 6674 6652
7365 5 2 1 352 6650 6672 6674 6652 6651 6673 6675 6653
7366 5 2 1 352 6651 6673 6675 6653 3711 3722 3723 3712
7367 5 2 1 352 3206 3217 3218 3207 6652 6674 6676 6654
7368 5 2 1 352 6652 6674 6676 6654 6653 6675 6677 6655
7369 5 2 1 352 6653 6675 6677 6655 3712 3723 3724 3713
7370 5 2 1 352 3207 3218 3219 3208 6654 6676 6678 6656
7371 5 2 1 352 6654 6676 6678 6656 6655 6677 6679 6657
7372 5 2 1 352 6655 6677 6679 6657 3713 3724 3725 3714
7373 5 2 1 352 3208 3219 3220 3209 6656 6678 6680 6658
7374 5 2 1 352 6656 6678 6680 6658 6657 6679 6681 6659
7375 5 2 1 352 6657 6679 6681 6659 3714 3725 3726 3715
7376 5 2 1 352 3209 3220 3221 3210 6658 6680 6682 6660
7377 5 2 1 352 6658 6680 6682 6660 6659 6681 6683 6661
7378 5 2 1 352 6659 6681 6683 6661 3715 3726 3727 3716
7379 5 2 1 352 3210 3221 3222 3211 6660 6682 6684 6662
7380 5 2 1 352 6660 6682 6684 6662 6661 6683 6685 6663
7381 5 2 1 352 6661 6683 6685 6663 3716 3727 3728 3717
7382 5 2 1 352 3211 3222 494 493 6662 6684 4457 4455
7383 5 2 1 352 6662 6684 4457 4455 6663 6685 4458 4456
7384 5 2 1 352 6663 6685 4458 4456 3717 3728 586 585
7385 5 2 1 352 448 449 3223 3212 4365 4367 6686 6664
7386 5 2 1 352 4365 4367 6686 6664 4366 4368 6687 6665
7387 5 2 1 352 4366 4368 6687 6665 540 541 3729 3718
7388 5 2 1 352 3212 3223 3224 3213 6664 6686 6688 6666
7389 5 2 1 352 6664 6686 6688 6666 6665 6687 6689 6667
7390 5 2 1 352 6665 6687 6689 6667 3718 3729 3730 3719
7391 5 2 1 352 3213 3224 3225 3214 6666 6688 6690 6668
7392 5 2 1 352 6666 6688 6690 6668 6667 6689 6691 6669
7393 5 2 1 352 6667 6689 6691 6669 3719 3730 3731 3720
7394 5 2 1 352 3214 3225 3226 3215 6668 6690 6692 6670
7395 5 2 1 352 6668 6690 6692 6670 6669 6691 6693 6671
7396 5 2 1 352 6669 6691 6693 6671 3720 3731 3732 3721
7397 5 2 1 352 3215 3226 3227 3216 6670 6692 6694 6672
7398 5 2 1 352 6670 6692 6694 6672 6671 6693 6695 6673
7399 5 2 1 352 6671 6693 6695 6673 3721 3732 3733 3722
7400 5 2 1 352 3216 3227 3228 3217 6672 6694 6696 6674
7401 5 2 1 352 6672 6694 6696 6674 6673 6695 6697 6675
7402 5 2 1 352 6673 6695 6697 6675 3722 3733 3734 3723
7403 5 2 1 352 3217 3228 3229 3218 6674 6696 6698 6676
7404 5 2 1 352 6674 6696 6698 6676 6675 6697 6699 6677
7405 5 2 1 352 6675 6697 6699 6677 3723 3734 3735 3724
7406 5 2 1 352 3218 3229 3230 3219 6676 6698 6700 6678
7407 5 2 1 352 6676 6698 6700 6678 6677 6699 6701 6679
7408 5 2 1 352 6677 6699 6701 6679 3724 3735 3736 3725
7409 5 2 1 352 3219 3230 3231 3220 6678 6700 6702 6680
7410 5 2 1 352 6678 6700 6702 6680 6679 6701 6703 6681
7411 5 2 1 352 6679 6701 6703 6681 3725 3736 3737 3726
7412 5 2 1 352 3220 3231 3232 3221 6680 6702 6704 6682
7413 5 2 1 352 6680 6702 6704 6682 6681 6703 6705 6683
7414 5 2 1 352 6681 6703 6705 6683 3726 3737 3738 3727
7415 5 2 1 352 3221 3232 3233 3222 6682 6704 6706 6684
7416 5 2 1 352 6682 6704 6706 6684 6683 6705 6707 6685
7417 5 2 1 352 6683 6705 6707 6685 3727 3738 3739 3728
7418 5 2 1 352 3222 3233 495 494 6684 6706 4459 4457
7419 5 2 1 352 6684 6706 4459 4457 6685 6707 4460 4458
7420 5 2 1 352 6685 6707 4460 4458 3728 3739 587 586
7421 5 2 1 352 449 450 3234 3223 4367 4369 6708 6686
7422 5 2 1 352 4367 4369 6708 6686 4368 4370 6709 6687
7423 5 2 1 352 4368 4370 6709 6687 541 542 3740 3729
7424 5 2 1 352 3223 3234 3235 3224 6686 6708 6710 6688
7425 5 2 1 352 6686 6708 6710 6688 6687 6709 6711 6689
7426 5 2 1 352 6687 6709 6711 6689 3729 3740 3741 3730
7427 5 2 1 352 3224 3235 3236 3225 6688 6710 6712 6690
7428 5 2 1 352 6688 6710 6712 6690 6689 6711 6713 6691
7429 5 2 1 352 6689 6711 6713 6691 3730 3741 3742 3731
7430 5 2 1 352 3225 3236 3237 3226 6690 6712 6714 6692
7431 5 2 1 352 6690 6712 6714 6692 6691 6713 6715 6693
7432 5 2 1 352 6691 6713 6715 6693 3731 3742 3743 3732
7433 5 2 1 352 3226 3237 3238 3227 6692 6714 6716 6694
7434 5 2 1 352 6692 6714 6716 6694 6693 6715 6717 6695
7435 5 2 1 352 6693 6715 6717 6695 3732 3743 3744 3733
7436 5 2 1 352 3227 3238 3239 3228 6694 6716 6718 6696
7437 5 2 1 352 6694 6716 6718 6696 6695 6717 6719 6697
7438 5 2 1 352 6695 6717 6719 6697 3733 3744 3745 3734
7439 5 2 1 352 3228 3239 3240 3229 6696 6718 6720 6698
7440 5 2 1 352 6696 6718 6720 6698 6697 6719 6721 6699
7441 5 2 1 352 6697 6719 6721 6699 3734 3745 3746 3735
7442 5 2 1 352 3229 3240 3241 3230 6698 6720 6722 6700
7443 5 2 1 352 6698 6720 6722 6700 6699 6721 6723 6701
7444 5 2 1 352 6699 6721 6723 6701 3735 3746 3747 3736
7445 5 2 1 352 3230 3241 3242 3231 6700 6722 6724 6702
7446 5 2 1 352 6700 6722 6724 6702 6701 6723 6725 6703
7447 5 2 1 352 6701 6723 6725 6703 3736 3747 3748 3737
7448 5 2 1 352 3231 3242 3243 3232 6702 6724 6726 6704
7449 5 2 1 352 6702 6724 6726 6704 6703 6725 6727 6705
7450 5 2 1 352 6703 6725 6727 6705 3737 3748 3749 3738
7451 5 2 1 352 3232 3243 3244 3233 6704 6726 6728 6706
7452 5 2 1 352 6704 6726 6728 6706 6705 6727 6729 6707
7453 5 2 1 352 6705 6727 6729 6707 3738 3749 3750 3739
7454 5 2 1 352 3233 3244 496 495 6706 6728 4461 4459
7455 5 2 1 352 6706 6728 4461 4459 6707 6729 4462 4460
7456 5 2 1 352 6707 6729 4462 4460 3739 3750 588 587
7457 5 2 1 352 450 451 3245 3234 4369 4371 6730 6708
7458 5 2 1 352 4369 4371 6730 6708 4370 4372 6731 6709
7459 5 2 1 352 4370 4372 6731 6709 542 543 3751 3740
7460 5 2 1 352 3234 3245 3246 3235 6708 6730 6732 6710
7461 5 2 1 352 6708 6730 6732 6710 6709 6731 6733 6711
7462 5 2 1 352 6709 6731 6733 6711 3740 3751 3752 3741
7463 5 2 1 352 3235 3246 3247 3236 6710 6732 6734 6712
7464 5 2 1 352 6710 6732 6734 6712 6711 6733 6735 6713
7465 5 2 1 352 6711 6733 6735 6713 3741 3752 3753 3742
7466 5 2 1 352 3236 3247 3248 3237 6712 6734 6736 6714
7467 5 2 1 352 6712 6734 6736 6714 6713 6735 6737 6715
7468 5 2 1 352 6713 6735 6737 6715 3742 3753 3754 3743
7469 5 2 1 352 3237 3248 3249 3238 6714 6736 6738 6716
7470 5 2 1 352 6714 6736 6738 6716 6715 6737 6739 6717
7471 5 2 1 352 6715 6737 6739 6717 3743 3754 3755 3744
7472 5 2 1 352 3238 3249 3250 3239 6716 6738 6740 6718
7473 5 2 1 352 6716 6738 6740 6718 6717 6739 6741 6719
7474 5 2 1 352 6717 6739 6741 6719 3744 3755 3756 3745
7475 5 2 1 352 3239 3250 3251 3240 6718 6740 6742 6720
7476 5 2 1 352 6718 6740 6742 6720 6719 6741 6743 6721
7477 5 2 1 352 6719 6741 6743 6721 3745 3756 3757 3746
7478 5 2 1 352 3240 3251 3252 3241 6720 6742 6744 6722
7479 5 2 1 352 6720 6742 6744 6722 6721 6743 6745 6723
7480 5 2 1 352 6721 6743 6745 6723 3746 3757 3758 3747
7481 5 2 1 352 3241 3252 3253 3242 6722 6744 6746 6724
7482 5 2 1 352 6722 6744 6746 6724 6723 6745 6747 6725
7483 5 2 1 352 6723 6745 6747 6725 3747 3758 3759 3748
7484 5 2 1 352 3242 3253 3254 3243 6724 6746 6748 6726
7485 5 2 1 352 6724 6746 6748 6726 6725 6747 6749 6727
7486 5 2 1 352 6725 6747 6749 6727 3748 3759 3760 3749
7487 5 2 1 352 3243 3254 3255 3244 6726 6748 6750 6728
7488 5 2 1 352 6726 6748 6750 6728 6727 6749 6751 6729
7489 5 2 1 352 6727 6749 6751 6729 3749 3760 3761 3750
7490 5 2 1 352 3244 3255 497 496 6728 6750 4463 4461
7491 5 2 1 352 6728 6750 4463 4461 6729 6751 4464 4462
7492 5 2 1 352 6729 6751 4464 4462 3750 3761 589 588
7493 5 2 1 352 451 452 3256 3245 4371 4373 6752 6730
7494 5 2 1 352 4371 4373 6752 6730 4372 4374 6753 6731
7495 5 2 1 352 4372 4374 6753 6731 543 544 3762 3751
7496 5 2 1 352 3245 3256 3257 3246 6730 6752 6754 6732
7497 5 2 1 352 6730 6752 6754 6732 6731 6753 6755 6733
7498 5 2 1 352 6731 6753 6755 6733 3751 3762 3763 3752
7499 5 2 1 352 3246 3257 3258 3247 6732 6754 6756 6734
7500 5 2 1 352 6732 6754 6756 6734 6733 6755 6757 6735
7501 5 2 1 352 6733 6755 6757 6735 3752 3763 3764 3753
7502 5 2 1 352 3247 3258 3259 3248 6734 6756 6758 6736
7503 5 2 1 352 6734 6756 6758 6736 6735 6757 6759 6737
7504 5 2 1 352 6735 6757 6759 6737 3753 3764 3765 3754
7505 5 2 1 352 3248 3259 3260 3249 6736 6758 6760 6738
7506 5 2 1 352 6736 6758 6760 6738 6737 6759 6761 6739
7507 5 2 1 352 6737 6759 6761 6739 3754 3765 3766 3755
7508 5 2 1 352 3249 3260 3261 3250 6738 6760 6762 6740
7509 5 2 1 352 6738 6760 6762 6740 6739 6761 6763 6741
7510 5 2 1 352 6739 6761 6763 6741 3755 3766 3767 3756
7511 5 2 1 352 3250 3261 3262 3251 6740 6762 6764 6742
7512 5 2 1 352 6740 6762 6764 6742 6741 6763 6765 6743
7513 5 2 1 352 6741 6763 6765 6743 3756 3767 3768 3757
7514 5 2 1 352 3251 3262 3263 3252 6742 6764 6766 6744
7515 5 2 1 352 6742 6764 6766 6744 6743 6765 6767 6745
7516 5 2 1 352 6743 6765 6767 6745 3757 3768 3769 3758
7517 5 2 1 352 3252 3263 3264 3253 6744 6766 6768 6746
7518 5 2 1 352 6744 6766 6768 6746 6745 6767 6769 6747
7519 5 2 1 352 6745 6767 6769 6747 3758 3769 3770 3759
7520 5 2 1 352 3253 3264 3265 3254 6746 6768 6770 6748
7521 5 2 1 352 6746 6768 6770 6748 6747 6769 6771 6749
7522 5 2 1 352 6747 6769 6771 6749 3759 3770 3771 3760
7523 5 2 1 352 3254 3265 3266 3255 6748 6770 6772 6750
7524 5 2 1 352 6748 6770 6772 6750 6749 6771 6773 6751
7525 5 2 1 352 6749 6771 6773 6751 3760 3771 3772 3761
7526 5 2 1 352 3255 3266 498 497 6750 6772 4465 4463
7527 5 2 1 352 6750 6772 4465 4463 6751 6773 4466 4464
7528 5 2 1 352 6751 6773 4466 4464 3761 3772 590 589
7529 5 2 1 352 452 453 3267 3256 4373 4375 6774 6752
7530 5 2 1 352 4373 4375 6774 6752 4374 4376 6775 6753
7531 5 2 1 352 4374 4376 6775 6753 544 545 3773 3762
7532 5 2 1 352 3256 3267 3268 3257 6752 6774 6776 6754
7533 5 2 1 352 6752 6774 6776 6754 6753 6775 6777 6755
7534 5 2 1 352 6753 6775 6777 6755 3762 3773 3774 3763
7535 5 2 1 352 3257 3268 3269 3258 6754 6776 6778 6756
7536 5 2 1 352 6754 6776 6778 6756 6755 6777 6779 6757
7537 5 2 1 352 6755 6777 6779 6757 3763 3774 3775 3764
7538 5 2 1 352 3258 3269 3270 3259 6756 6778 6780 6758
7539 5 2 1 352 6756 6778 6780 6758 6757 6779 6781 6759
7540 5 2 1 352 6757 6779 6781 6759 3764 3775 3776 3765
7541 5 2 1 352 3259 3270 3271 3260 6758 6780 6782 6760
7542 5 2 1 352 6758 6780 6782 6760 6759 6781 6783 6761
7543 5 2 1 352 6759 6781 6783 6761 3765 3776 3777 3766
7544 5 2 1 352 3260 3271 3272 3261 6760 6782 6784 6762
7545 5 2 1 352 6760 6782 6784 6762 6761 6783 6785 6763
7546 5 2 1 352 6761 6783 6785 6763 3766 3777 3778 3767
7547 5 2 1 352 3261 3272 3273 3262 6762 6784 6786 6764
7548 5 2 1 352 6762 6784 6786 6764 6763 6785 6787 6765
7549 5 2 1 352 6763 6785 6787 6765 3767 3778 3779 3768
7550 5 2 1 352 3262 3273 3274 3263 6764 6786 6788 6766
7551 5 2 1 352 6764 6786 6788 6766 6765 6787 6789 6767
7552 5 2 1 352 6765 6787 6789 6767 3768 3779 3780 3769
7553 5 2 1 352 3263 3274 3275 3264 6766 6788 6790 6768
7554 5 2 1 352 6766 6788 6790 6768 6767 6789 6791 6769
7555 5 2 1 352 6767 6789 6791 6769 3769 3780 3781 3770
7556 5 2 1 352 3264 3275 3276 3265 6768 6790 6792 6770
7557 5 2 1 352 6768 6790 6792 6770 6769 6791 6793 6771
7558 5 2 1 352 6769 6791 6793 6771 3770 3781 3782 3771
7559 5 2 1 352 3265 3276 3277 3266 6770 6792 6794 6772
7560 5 2 1 352 6770 6792 6794 6772 6771 6793 6795 6773
7561 5 2 1 352 6771 6793 6795 6773 3771 3782 3783 3772
7562 5 2 1 352 3266 3277 499 498 6772 6794 4467 4465
7563 5 2 1 352 6772 6794 4467 4465 6773 6795 4468 4466
7564 5 2 1 352 6773 6795 4468 4466 3772 3783 591 590
7565 5 2 1 352 453 454 3278 3267 4375 4377 6796 6774
7566 5 2 1 352 4375 4377 6796 6774 4376 4378 6797 6775
7567 5 2 1 352 4376 4378 6797 6775 545 546 3784 3773
7568 5 2 1 352 3267 3278 3279 3268 6774 6796 6798 6776
7569 5 2 1 352 6774 6796 6798 6776 6775 6797 6799 6777
7570 5 2 1 352 6775 6797 6799 6777 3773 3784 3785 3774
7571 5 2 1 352 3268 3279 3280 3269 6776 6798 6800 6778
7572 5 2 1 352 6776 6798 6800 6778 6777 6799 6801 6779
7573 5 2 1 352 6777 6799 6801 6779 3774 3785 3786 3775
7574 5 2 1 352 3269 3280 3281 3270 6778 6800 6802 6780
7575 5 2 1 352 6778 6800 6802 6780 6779 6801 6803 6781
7576 5 2 1 352 6779 6801 6803 6781 3775 3786 3787 3776
7577 5 2 1 352 3270 3281 3282 3271 6780 6802 6804 6782
7578 5 2 1 352 6780 6802 6804 6782 6781 6803 6805 6783
7579 5 2 1 352 6781 6803 6805 6783 3776 3787 3788 3777
7580 5 2 1 352 3271 3282 3283 3272 6782 6804 6806 6784
7581 5 2 1 352 6782 6804 6806 6784 6783 6805 6807 6785
7582 5 2 1 352 6783 6805 6807 6785 3777 3788 3789 3778
7583 5 2 1 352 3272 3283 3284 3273 6784 6806 6808 6786
7584 5 2 1 352 6784 6806 6808 6786 6785 6807 6809 6787
7585 5 2 1 352 6785 6807 6809 6787 3778 3789 3790 3779
7586 5 2 1 352 3273 3284 3285 3274 6786 6808 6810 6788
7587 5 2 1 352 6786 6808 6810 6788 6787 6809 6811 6789
7588 5 2 1 352 6787 6809 6811 6789 3779 3790 3791 3780
7589 5 2 1 352 3274 3285 3286 3275 6788 6810 6812 6790
7590 5 2 1 352 6788 6810 6812 6790 6789 6811 6813 6791
7591 5 2 1 352 6789 6811 6813 6791 3780 3791 3792 3781
7592 5 2 1 352 3275 3286 3287 3276 6790 6812 6814 6792
7593 5 2 1 352 6790 6812 6814 6792 6791 6813 6815 6793
7594 5 2 1 352 6791 6813 6815 6793 3781 3792 3793 3782
7595 5 2 1 352 3276 3287 3288 3277 6792 6814 6816 6794
7596 5 2 1 352 6792 6814 6816 6794 6793 6815 6817 6795
7597 5 2 1 352 6793 6815 6817 6795 3782 3793 3794 3783
7598 5 2 1 352 3277 3288 500 499 6794 6816 4469 4467
7599 5 2 1 352 6794 6816 4469 4467 6795 6817 4470 4468
7600 5 2 1 352 6795 6817 4470 4468 3783 3794 592 591
7601 5 2 1 352 454 455 3289 3278 4377 4379 6818 6796
7602 5 2 1 352 4377 4379 6818 6796 4378 4380 6819 6797
7603 5 2 1 352 4378 4380 6819 6797 546 547 3795 3784
7604 5 2 1 352 3278 3289 3290 3279 6796 6818 6820 6798
7605 5 2 1 352 6796 6818 6820 6798 6797 6819 6821 6799
7606 5 2 1 352 6797 6819 6821 6799 3784 3795 3796 3785
7607 5 2 1 352 3279 3290 3291 3280 6798 6820 6822 6800
7608 5 2 1 352 6798 6820 6822 6800 6799 6821 6823 6801
7609 5 2 1 352 6799 6821 6823 6801 3785 3796 3797 3786
7610 5 2 1 352 3280 3291 3292 3281 6800 6822 6824 6802
7611 5 2 1 352 6800 6822 6824 6802 6801 6823 6825 6803
7612 5 2 1 352 6801 6823 6825 6803 3786 3797 3798 3787
7613 5 2 1 352 3281 3292 3293 3282 6802 6824 6826 6804
7614 5 2 1 352 6802 6824 6826 6804 6803 6825 6827 6805
7615 5 2 1 352 6803 6825 6827 6805 3787 3798 3799 3788
7616 5 2 1 352 3282 3293 3294 3283 6804 6826 6828 6806
7617 5 2 1 352 6804 6826 6828 6806 6805 6827 6829 6807
7618 5 2 1 352 6805 6827 6829 6807 3788 3799 3800 3789
7619 5 2 1 352 3283 3294 3295 3284 6806 6828 6830 6808
7620 5 2 1 352 6806 6828 6830 6808 6807 6829 6831 6809
7621 5 2 1 352 6807 6829 6831 6809 3789 3800 3801 3790
7622 5 2 1 352 3284 3295 3296 3285 6808 6830 6832 6810
7623 5 2 1 352 6808 6830 6832 6810 6809 6831 6833 6811
7624 5 2 1 352 6809 6831 6833 6811 3790 3801 3802 3791
7625 5 2 1 352 3285 3296 3297 3286 6810 6832 6834 6812
7626 5 2 1 352 6810 6832 6834 6812 6811 6833 6835 6813
7627 5 2 1 352 6811 6833 6835 6813 3791 3802 3803 3792
7628 5 2 1 352 3286 3297 3298 3287 6812 6834 6836 6814
7629 5 2 1 352 6812 6834 6836 6814 6813 6835 6837 6815
7630 5 2 1 352 6813 6835 6837 6815 3792 3803 3804 3793
7631 5 2 1 352 3287 3298 3299 3288 6814 6836 6838 6816
7632 5 2 1 352 6814 6836 6838 6816 6815 6837 6839 6817
7633 5 2 1 352 6815 6837 6839 6817 3793 3804 3805 3794
7634 5 2 1 352 3288 3299 501 500 6816 6838 4471 4469
7635 5 2 1 352 6816 6838 4471 4469 6817 6839 4472 4470
7636 5 2 1 352 6817 6839 4472 4470 3794 3805 593 592
7637 5 2 1 352 455 43 859 3289 4379 1003 4728 6818
7638 5 2 1 352 4379 1003 4728 6818 4380 1004 4729 6819
7639 5 2 1 352 4380 1004 4729 6819 547 55 925 3795
7640 5 2 1 352 3289 859 860 3290 6818 4728 4730 6820
7641 5 2 1 352 6818 4728 4730 6820 6819 4729 4731 6821
7642 5 2 1 352 6819 4729 4731 6821 3795 925 926 3796
7643 5 2 1 352 3290 860 861 3291 6820 4730 4732 6822
7644 5 2 1 352 6820 4730 4732 6822 6821 4731 4733 6823
7645 5 2 1 352 6821 4731 4733 6823 3796 926 927 3797
7646 5 2 1 352 3291 861 862 3292 6822 4732 4734 6824
7647 5 2 1 352 6822 4732 4734 6824 6823 4733 4735 6825
7648 5 2 1 352 6823 4733 4735 6825 3797 927 928 3798
7649 5 2 1 352 3292 862 863 3293 6824 4734 4736 6826
7650 5 2 1 352 6824 4734 4736 6826 6825 4735 4737 6827
7651 5 2 1 352 6825 4735 4737 6827 3798 928 929 3799
7652 5 2 1 352 3293 863 864 3294 6826 4736 4738 6828
7653 5 2 1 352 6826 4736 4738 6828 6827 4737 4739 6829
7654 5 2 1 352 6827 4737 4739 6829 3799 929 930 3800
7655 5 2 1 352 3294 864 865 3295 6828 4738 4740 6830
7656 5 2 1 352 6828 4738 4740 6830 6829 4739 4741 6831
7657 5 2 1 352 6829 4739 4741 6831 3800 930 931 3801
7658 5 2 1 352 3295 865 866 3296 6830 4740 4742 6832
7659 5 2 1 352 6830 4740 4742 6832 6831 4741 4743 6833
7660 5 2 1 352 6831 4741 4743 6833 3801 931 932 3802
7661 5 2 1 352 3296 866 867 3297 6832 4742 4744 6834
7662 5 2 1 352 6832 4742 4744 6834 6833 4743 4745 6835
7663 5 2 1 352 6833 4743 4745 6835 3802 932 933 3803
7664 5 2 1 352 3297 867 868 3298 6834 4744 4746 6836
7665 5 2 1 352 6834 4744 4746 6836 6835 4745 4747 6837
7666 5 2 1 352 6835 4745 4747 6837 3803 933 934 3804
7667 5 2 1 352 3298 868 869 3299 6836 4746 4748 6838
7668 5 2 1 352 6836 4746 4748 6838 6837 4747 4749 6839
7669 5 2 1 352 6837 4747 4749 6839 3804 934 935 3805
7670 5 2 1 352 3299 869 49 501 6838 4748 1015 4471
7671 5 2 1 352 6838 4748 1015 4471 6839 4749 1016 4472
7672 5 2 1 352 6839 4749 1016 4472 3805 935 61 593
7673 5 2 1 354 44 456 3300 870 1005 4381 6840 4750
7674 5 2 1 354 1005 4381 6840 4750 1006 4382 6841 4751
7675 5 2 1 354 1006 4382 6841 4751 56 548 3806 936
7676 5 2 1 354 870 3300 3301 871 4750 6840 6842 4752
7677 5 2 1 354 4750 6840 6842 4752 4751 6841 6843 4753
7678 5 2 1 354 4751 6841 6843 4753 936 3806 3807 937
7679 5 2 1 354 871 3301 3302 872 4752 6842 6844 4754
7680 5 2 1 354 4752 6842 6844 4754 4753 6843 6845 4755
7681 5 2 1 354 4753 6843 6845 4755 937 3807 3808 938
7682 5 2 1 354 872 3302 3303 873 4754 6844 6846 4756
7683 5 2 1 354 4754 6844 6846 4756 4755 6845 6847 4757
7684 5 2 1 354 4755 6845 6847 4757 938 3808 3809 939
7685 5 2 1 354 873 3303 3304 874 4756 6846 6848 4758
7686 5 2 1 354 4756 6846 6848 4758 4757 6847 6849 4759
7687 5 2 1 354 4757 6847 6849 4759 939 3809 3810 940
7688 5 2 1 354 874 3304 3305 875 4758 6848 6850 4760
7689 5 2 1 354 4758 6848 6850 4760 4759 6849 6851 4761
7690 5 2 1 354 4759 6849 6851 4761 940 3810 3811 941
7691 5 2 1 354 875 3305 3306 876 4760 6850 6852 4762
7692 5 2 1 354 4760 6850 6852 4762 4761 6851 6853 4763
7693 5 2 1 354 4761 6851 6853 4763 941 3811 3812 942
7694 5 2 1 354 876 3306 3307 877 4762 6852 6854 4764
7695 5 2 1 354 4762 6852 6854 4764 4763 6853 6855 4765
7696 5 2 1 354 4763 6853 6855 4765 942 3812 3813 943
7697 5 2 1 354 877 3307 3308 878 4764 6854 6856 4766
7698 5 2 1 354 4764 6854 6856 4766 4765 6855 6857 4767
7699 5 2 1 354 4765 6855 6857 4767 943 3813 3814 944
7700 5 2 1 354 878 3308 3309 879 4766 6856 6858 4768
7701 5 2 1 354 4766 6856 6858 4768 4767 6857 6859 4769
7702 5 2 1 354 4767 6857 6859 4769 944 3814 3815 945
7703 5 2 1 354 879 3309 3310 880 4768 6858 6860 4770
7704 5 2 1 354 4768 6858 6860 4770 4769 6859 6861 4771
7705 5 2 1 354 4769 6859 6861 4771 945 3815 3816 946
7706 5 2 1 354 880 3310 502 50 4770 6860 4473 1017
7707 5 2 1 354 4770 6860 4473 1017 4771 6861 4474 1018
7708 5 2 1 354 4771 6861 4474 1018 946 3816 594 62
7709 5 2 1 354 456 457 3311 3300 4381 4383 6862 6840
7710 5 2 1 354 4381 4383 6862 6840 4382 4384 6863 6841
7711 5 2 1 354 4382 4384 6863 6841 548 549 3817 3806
7712 5 2 1 354 3300 3311 3312 3301 6840 6862 6864 6842
7713 5 2 1 354 6840 6862 6864 6842 6841 6863 6865 6843
7714 5 2 1 354 6841 6863 6865 6843 3806 3817 3818 3807
7715 5 2 1 354 3301 3312 3313 3302 6842 6864 6866 6844
7716 5 2 1 354 6842 6864 6866 6844 6843 6865 6867 6845
7717 5 2 1 354 6843 6865 6867 6845 3807 3818 3819 3808
7718 5 2 1 354 3302 3313 3314 3303 6844 6866 6868 6846
7719 5 2 1 354 6844 6866 6868 6846 6845 6867 6869 6847
7720 5 2 1 354 6845 6867 6869 6847 3808 3819 3820 3809
7721 5 2 1 354 3303 3314 3315 3304 6846 6868 6870 6848
7722 5 2 1 354 6846 6868 6870 6848 6847 6869 6871 6849
7723 5 2 1 354 6847 6869 6871 6849 3809 3820 3821 3810
7724 5 2 1 354 3304 3315 3316 3305 6848 6870 6872 6850
7725 5 2 1 354 6848 6870 6872 6850 6849 6871 6873 6851
7726 5 2 1 354 6849 6871 6873 6851 3810 3821 3822 3811
7727 5 2 1 354 3305 3316 3317 3306 6850 6872 6874 6852
7728 5 2 1 354 6850 6872 6874 6852 6851 6873 6875 6853
7729 5 2 1 354 6851 6873 6875 6853 3811 3822 3823 3812
7730 5 2 1 354 3306 3317 3318 3307 6852 6874 6876 6854
7731 5 2 1 354 6852 6874 6876 6854 6853 6875 6877 6855
7732 5 2 1 354 6853 6875 6877 6855 3812 3823 3824 3813
7733 5 2 1 354 3307 3318 3319 3308 6854 6876 6878 6856
7734 5 2 1 354 6854 6876 6878 6856 6855 6877 6879 6857
7735 5 2 1 354 6855 6877 6879 6857 3813 3824 3825 3814
7736 5 2 1 354 3308 3319 3320 3309 6856 6878 6880 6858
7737 5 2 1 354 6856 6878 6880 6858 6857 6879 6881 6859
7738 5 2 1 354 6857 6879 6881 6859 3814 3825 3826 3815
7739 5 2 1 354 3309 3320 3321 3310 6858 6880 6882 6860
7740 5 2 1 354 6858 6880 6882 6860 6859 6881 6883 6861
7741 5 2 1 354 6859 6881 6883 6861 3815 3826 3827 3816
7742 5 2 1 354 3310 3321 503 502 6860 6882 4475 4473
7743 5 2 1 354 6860 6882 4475 4473 6861 6883 4476 4474
7744 5 2 1 354 6861 6883 4476 4474 3816 3827 595 594
7745 5 2 1 354 457 458 3322 3311 4383 4385 6884 6862
7746 5 2 1 354 4383 4385 6884 6862 4384 4386 6885 6863
7747 5 2 1 354 4384 4386 6885 6863 549 550 3828 3817
7748 5 2 1 354 3311 3322 3323 3312 6862 6884 6886 6864
7749 5 2 1 354 6862 6884 6886 6864 6863 6885 6887 6865
7750 5 2 1 354 6863 6885 6887 6865 3817 3828 3829 3818
7751 5 2 1 354 3312 3323 3324 3313 6864 6886 6888 6866
7752 5 2 1 354 6864 6886 6888 6866 6865 6887 6889 6867
7753 5 2 1 354 6865 6887 6889 6867 3818 3829 3830 3819
7754 5 2 1 354 3313 3324 3325 3314 6866 6888 6890 6868
7755 5 2 1 354 6866 6888 6890 6868 6867 6889 6891 6869
7756 5 2 1 354 6867 6889 6891 6869 3819 3830 3831 3820
7757 5 2 1 354 3314 3325 3326 3315 6868 6890 6892 6870
7758 5 2 1 354 6868 6890 6892 6870 6869 6891 6893 6871
7759 5 2 1 354 6869 6891 6893 6871 3820 3831 3832 3821
7760 5 2 1 354 3315 3326 3327 3316 6870 6892 6894 6872
7761 5 2 1 354 6870 6892 6894 6872 6871 6893 6895 6873
7762 5 2 1 354 6871 6893 6895 6873 3821 3832 3833 3822
7763 5 2 1 354 3316 3327 3328 3317 6872 6894 6896 6874
7764 5 2 1 354 6872 6894 6896 6874 6873 6895 6897 6875
7765 5 2 1 354 6873 6895 6897 6875 3822 3833 3834 3823
7766 5 2 1 354 3317 3328 3329 3318 6874 6896 6898 6876
7767 5 2 1 354 6874 6896 6898 6876 6875 6897 6899 6877
7768 5 2 1 354 6875 6897 6899 6877 3823 3834 3835 3824
7769 5 2 1 354 3318 3329 3330 3319 6876 6898 6900 6878
7770 5 2 1 354 6876 6898 6900 6878 6877 6899 6901 6879
7771 5 2 1 354 6877 6899 6901 6879 3824 3835 3836 3825
7772 5 2 1 354 3319 3330 3331 3320 6878 6900 6902 6880
7773 5 2 1 354 6878 6900 6902 6880 6879 6901 6903 6881
7774 5 2 1 354 6879 6901 6903 6881 3825 3836 3837 3826
7775 5 2 1 354 3320 3331 3332 3321 6880 6902 6904 6882
7776 5 2 1 354 6880 6902 6904 6882 6881 6903 6905 6883
7777 5 2 1 354 6881 6903 6905 6883 3826 3837 3838 3827
7778 5 2 1 354 3321 3332 504 503 6882 6904 4477 4475
7779 5 2 1 354 6882 6904 4477 4475 6883 6905 4478 4476
7780 5 2 1 354 6883 6905 4478 4476 3827 3838 596 595
7781 5 2 1 354 458 459 3333 3322 4385 4387 6906 6884
7782 5 2 1 354 4385 4387 6906 6884 4386 4388 6907 6885
7783 5 2 1 354 4386 4388 6907 6885 550 551 3839 3828
7784 5 2 1 354 3322 3333 3334 3323 6884 6906 6908 6886
7785 5 2 1 354 6884 6906 6908 6886 6885 6907 6909 6887
7786 5 2 1 354 6885 6907 6909 6887 3828 3839 3840 3829
7787 5 2 1 354 3323 3334 3335 3324 6886 6908 6910 6888
7788 5 2 1 354 6886 6908 6910 6888 6887 6909 6911 6889
7789 5 2 1 354 6887 6909 6911 6889 3829 3840 3841 3830
7790 5 2 1 354 3324 3335 3336 3325 6888 6910 6912 6890
7791 5 2 1 354 6888 6910 6912 6890 6889 6911 6913 6891
7792 5 2 1 354 6889 6911 6913 6891 3830 3841 3842 3831
7793 5 2 1 354 3325 3336 3337 3326 6890 6912 6914 6892
7794 5 2 1 354 6890 6912 6914 6892 6891 6913 6915 6893
7795 5 2 1 354 6891 6913 6915 6893 3831 3842 3843 3832
7796 5 2 1 354 3326 3337 3338 3327 6892 6914 6916 6894
7797 5 2 1 354 6892 6914 6916 6894 6893 6915 6917 6895
7798 5 2 1 354 6893 6915 6917 6895 3832 3843 3844 3833
7799 5 2 1 354 3327 3338 3339 3328 6894 6916 6918 6896
7800 5 2 1 354 6894 6916 6918 6896 6895 6917 6919 6897
7801 5 2 1 354 6895 6917 6919 6897 3833 3844 3845 3834
7802 5 2 1 354 3328 3339 3340 3329 6896 6918 6920 6898
7803 5 2 1 354 6896 6918 6920 6898 6897 6919 6921 6899
7804 5 2 1 354 6897 6919 6921 6899 3834 3845 3846 3835
7805 5 2 1 354 3329 3340 3341 3330 6898 6920 6922 6900
7806 5 2 1 354 6898 6920 6922 6900 6899 6921 6923 6901
7807 5 2 1 354 6899 6921 6923 6901 3835 3846 3847 3836
7808 5 2 1 354 3330 3341 3342 3331 6900 6922 6924 6902
7809 5 2 1 354 6900 6922 6924 6902 6901 6923 6925 6903
7810 5 2 1 354 6901 6923 6925 6903 3836 3847 3848 3837
7811 5 2 1 354 3331 3342 3343 3332 6902 6924 6926 6904
7812 5 2 1 354 6902 6924 6926 6904 6903 6925 6927 6905
7813 5 2 1 354 6903 6925 6927 6905 3837 3848 3849 3838
7814 5 2 1 354 3332 3343 505 504 6904 6926 4479 4477
7815 5 2 1 354 6904 6926 4479 4477 6905 6927 4480 4478
7816 5 2 1 354 6905 6927 4480 4478 3838 3849 597 596
7817 5 2 1 354 459 460 3344 3333 4387 4389 6928 6906
7818 5 2 1 354 4387 4389 6928 6906 4388 4390 6929 6907
7819 5 2 1 354 4388 4390 6929 6907 551 552 3850 3839
7820 5 2 1 354 3333 3344 3345 3334 6906 6928 6930 6908
7821 5 2 1 354 6906 6928 6930 6908 6907 6929 6931 6909
7822 5 2 1 354 6907 6929 6931 6909 3839 3850 3851 3840
7823 5 2 1 354 3334 3345 3346 3335 6908 6930 6932 6910
7824 5 2 1 354 6908 6930 6932 6910 6909 6931 6933 6911
7825 5 2 1 354 6909 6931 6933 6911 3840 3851 3852 3841
7826 5 2 1 354 3335 3346 3347 3336 6910 6932 6934 6912
7827 5 2 1 354 6910 6932 6934 6912 6911 6933 6935 6913
7828 5 2 1 354 6911 6933 6935 6913 3841 3852 3853 3842
7829 5 2 1 354 3336 3347 3348 3337 6912 6934 6936 6914
7830 5 2 1 354 6912 6934 6936 6914 6913 6935 6937 6915
7831 5 2 1 354 6913 6935 6937 6915 3842 3853 3854 3843
7832 5 2 1 354 3337 3348 3349 3338 6914 6936 6938 6916
7833 5 2 1 354 6914 6936 6938 6916 6915 6937 6939 6917
7834 5 2 1 354 6915 6937 6939 6917 3843 3854 3855 3844
7835 5 2 1 354 3338 3349 3350 3339 6916 6938 6940 6918
7836 5 2 1 354 6916 6938 6940 6918 6917 6939 6941 6919
7837 5 2 1 354 6917 6939 6941 6919 3844 3855 3856 3845
7838 5 2 1 354 3339 3350 3351 3340 6918 6940 6942 6920
7839 5 2 1 354 6918 6940 6942 6920 6919 6941 6943 6921
7840 5 2 1 354 6919 6941 6943 6921 3845 3856 3857 3846
7841 5 2 1 354 3340 3351 3352 3341 6920 6942 6944 6922
7842 5 2 1 354 6920 6942 6944 6922 6921 6943 6945 6923
7843 5 2 1 354 6921 6943 6945 6923 3846 3857 3858 3847
7844 5 2 1 354 3341 3352 3353 3342 6922 6944 6946 6924
7845 5 2 1 354 6922 6944 6946 6924 6923 6945 6947 6925
7846 5 2 1 354 6923 6945 6947 6925 3847 3858 3859 3848
7847 5 2 1 354 3342 3353 3354 3343 6924 6946 6948 6926
7848 5 2 1 354 6924 6946 6948 6926 6925 6947 6949 6927
7849 5 2 1 354 6925 6947 6949 6927 3848 3859 3860 3849
7850 5 2 1 354 3343 3354 506 505 6926 6948 4481 4479
7851 5 2 1 354 6926 6948 4481 4479 6927 6949 4482 4480
7852 5 2 1 354 6927 6949 4482 4480 3849 3860 598 597
7853 5 2 1 354 460 461 3355 3344 4389 4391 6950 6928
7854 5 2 1 354 4389 4391 6950 6928 4390 4392 6951 6929
7855 5 2 1 354 4390 4392 6951 6929 552 553 3861 3850
7856 5 2 1 354 3344 3355 3356 3345 6928 6950 6952 6930
7857 5 2 1 354 6928 6950 6952 6930 6929 6951 6953 6931
7858 5 2 1 354 6929 6951 6953 6931 3850 3861 3862 3851
7859 5 2 1 354 3345 3356 3357 3346 6930 6952 6954 6932
7860 5 2 1 354 6930 6952 6954 6932 6931 6953 6955 6933
7861 5 2 1 354 6931 6953 6955 6933 3851 3862 3863 3852
7862 5 2 1 354 3346 3357 3358 3347 6932 6954 6956 6934
7863 5 2 1 354 6932 6954 6956 6934 6933 6955 6957 6935
7864 5 2 1 354 6933 6955 6957 6935 3852 3863 3864 3853
7865 5 2 1 354 3347 3358 3359 3348 6934 6956 6958 6936
7866 5 2 1 354 6934 6956 6958 6936 6935 6957 6959 6937
7867 5 2 1 354 6935 6957 6959 6937 3853 3864 3865 3854
7868 5 2 1 354 3348 3359 3360 3349 6936 6958 6960 6938
7869 5 2 1 354 6936 6958 6960 6938 6937 6959 6961 6939
7870 5 2 1 354 6937 6959 6961 6939 3854 3865 3866 3855
7871 5 2 1 354 3349 3360 3361 3350 6938 6960 6962 6940
7872 5 2 1 354 6938 6960 6962 6940 6939 6961 6963 6941
7873 5 2 1 354 6939 6961 6963 6941 3855 3866 3867 3856
7874 5 2 1 354 3350 3361 3362 3351 6940 6962 6964 6942
7875 5 2 1 354 6940 6962 6964 6942 6941 6963 6965 6943
7876 5 2 1 354 6941 6963 6965 6943 3856 3867 3868 3857
7877 5 2 1 354 3351 3362 3363 3352 6942 6964 6966 6944
7878 5 2 1 354 6942 6964 6966 6944 6943 6965 6967 6945
7879 5 2 1 354 6943 6965 6967 6945 3857 3868 3869 3858
7880 5 2 1 354 3352 3363 3364 3353 6944 6966 6968 6946
7881 5 2 1 354 6944 6966 6968 6946 6945 6967 6969 6947
7882 5 2 1 354 6945 6967 6969 6947 3858 3869 3870 3859
7883 5 2 1 354 3353 3364 3365 3354 6946 6968 6970 6948
7884 5 2 1 354 6946 6968 6970 6948 6947 6969 6971 6949
7885 5 2 1 354 6947 6969 6971 6949 3859 3870 3871 3860
7886 5 2 1 354 3354 3365 507 506 6948 6970 4483 4481
7887 5 2 1 354 6948 6970 4483 4481 6949 6971 4484 4482
7888 5 2 1 354 6949 6971 4484 4482 3860 3871 599 598
7889 5 2 1 354 461 462 3366 3355 4391 4393 6972 6950
7890 5 2 1 354 4391 4393 6972 6950 4392 4394 6973 6951
7891 5 2 1 354 4392 4394 6973 6951 553 554 3872 3861
7892 5 2 1 354 3355 3366 3367 3356 6950 6972 6974 6952
7893 5 2 1 354 6950 6972 6974 6952 6951 6973 6975 6953
7894 5 2 1 354 6951 6973 6975 6953 3861 3872 3873 3862
7895 5 2 1 354 3356 3367 3368 3357 6952 6974 6976 6954
7896 5 2 1 354 6952 6974 6976 6954 6953 6975 6977 6955
7897 5 2 1 354 6953 6975 6977 6955 3862 3873 3874 3863
7898 5 2 1 354 3357 3368 3369 3358 6954 6976 6978 6956
7899 5 2 1 354 6954 6976 6978 6956 6955 6977 6979 6957
7900 5 2 1 354 6955 6977 6979 6957 3863 3874 3875 3864
7901 5 2 1 354 3358 3369 3370 3359 6956 6978 6980 6958
7902 5 2 1 354 6956 6978 6980 6958 6957 6979 6981 6959
7903 5 2 1 354 6957 6979 6981 6959 3864 3875 3876 3865
7904 5 2 1 354 3359 3370 3371 3360 6958 6980 6982 6960
7905 5 2 1 354 6958 6980 6982 6960 6959 6981 6983 6961
7906 5 2 1 354 6959 6981 6983 6961 3865 3876 3877 3866
7907 5 2 1 354 3360 3371 3372 3361 6960 6982 6984 6962
7908 5 2 1 354 6960 6982 6984 6962 6961 6983 6985 6963
7909 5 2 1 354 6961 6983 6985 6963 3866 3877 3878 3867
7910 5 2 1 354 3361 3372 3373 3362 6962 6984 6986 6964
7911 5 2 1 354 6962 6984 6986 6964 6963 6985 6987 6965
7912 5 2 1 354 6963 6985 6987 6965 3867 3878 3879 3868
7913 5 2 1 354 3362 3373 3374 3363 6964 6986 6988 6966
7914 5 2 1 354 6964 6986 6988 6966 6965 6987 6989 6967
7915 5 2 1 354 6965 6987 6989 6967 3868 3879 3880 3869
7916 5 2 1 354 3363 3374 3375 3364 6966 6988 6990 6968
7917 5 2 1 354 6966 6988 6990 6968 6967 6989 6991 6969
7918 5 2 1 354 6967 6989 6991 6969 3869 3880 3881 3870
7919 5 2 1 354 3364 3375 3376 3365 6968 6990 6992 6970
7920 5 2 1 354 6968 6990 6992 6970 6969 6991 6993 6971
7921 5 2 1 354 6969 6991 6993 6971 3870 3881 3882 3871
7922 5 2 1 354 3365 3376 508 507 6970 6992 4485 4483
7923 5 2 1 354 6970 6992 4485 4483 6971 6993 4486 4484
7924 5 2 1 354 6971 6993 4486 4484 3871 3882 600 599
7925 5 2 1 354 462 463 3377 3366 4393 4395 6994 6972
7926 5 2 1 354 4393 4395 6994 6972 4394 4396 6995 6973
7927 5 2 1 354 4394 4396 6995 6973 554 555 3883 3872
7928 5 2 1 354 3366 3377 3378 3367 6972 6994 6996 6974
7929 5 2 1 354 6972 6994 6996 6974 6973 6995 6997 6975
7930 5 2 1 354 6973 6995 6997 6975 3872 3883 3884 3873
7931 5 2 1 354 3367 3378 3379 3368 6974 6996 6998 6976
7932 5 2 1 354 6974 6996 6998 6976 6975 6997 6999 6977
7933 5 2 1 354 6975 6997 6999 6977 3873 3884 3885 3874
7934 5 2 1 354 3368 3379 3380 3369 6976 6998 7000 6978
7935 5 2 1 354 6976 6998 7000 6978 6977 6999 7001 6979
7936 5 2 1 354 6977 6999 7001 6979 3874 3885 3886 3875
7937 5 2 1 354 3369 3380 3381 3370 6978 7000 7002 6980
7938 5 2 1 354 6978 7000 7002 6980 6979 7001 7003 6981
7939 5 2 1 354 6979 7001 7003 6981 3875 3886 3887 3876
7940 5 2 1 354 3370 3381 3382 3371 6980 7002 7004 6982
7941 5 2 1 354 6980 7002 7004 6982 6981 7003 7005 6983
7942 5 2 1 354 6981 7003 7005 6983 3876 3887 3888 3877
7943 5 2 1 354 3371 3382 3383 3372 6982 7004 7006 6984
7944 5 2 1 354 6982 7004 7006 6984 6983 7005 7007 6985
7945 5 2 1 354 6983 7005 7007 6985 3877 3888 3889 3878
7946 5 2 1 354 3372 3383 3384 3373 6984 7006 7008 6986
7947 5 2 1 354 6984 7006 7008 6986 6985 7007 7009 6987
7948 5 2 1 354 6985 7007 7009 6987 3878 3889 3890 3879
7949 5 2 1 354 3373 3384 3385 3374 6986 7008 7010 6988
7950 5 2 1 354 6986 7008 7010 6988 6987 7009 7011 6989
7951 5 2 1 354 6987 7009 7011 6989 3879 3890 3891 3880
7952 5 2 1 354 3374 3385 3386 3375 6988 7010 7012 6990
7953 5 2 1 354 6988 7010 7012 6990 6989 7011 7013 6991
7954 5 2 1 354 6989 7011 7013 6991 3880 3891 3892 3881
7955 5 2 1 354 3375 3386 3387 3376 6990 7012 7014 6992
7956 5 2 1 354 6990 7012 7014 6992 6991 7013 7015 6993
7957 5 2 1 354 6991 7013 7015 6993 3881 3892 3893 3882
7958 5 2 1 354 3376 3387 509 508 6992 7014 4487 4485
7959 5 2 1 354 6992 7014 4487 4485 6993 7015 4488 4486
7960 5 2 1 354 6993 7015 4488 4486 3882 3893 601 600
7961 5 2 1 354 463 464 3388 3377 4395 4397 7016 6994
7962 5 2 1 354 4395 4397 7016 6994 4396 4398 7017 6995
7963 5 2 1 354 4396 4398 7017 6995 555 556 3894 3883
7964 5 2 1 354 3377 3388 3389 3378 6994 7016 7018 6996
7965 5 2 1 354 6994 7016 7018 6996 6995 7017 7019 6997
7966 5 2 1 354 6995 7017 7019 6997 3883 3894 3895 3884
7967 5 2 1 354 3378 3389 3390 3379 6996 7018 7020 6998
7968 5 2 1 354 6996 7018 7020 6998 6997 7019 7021 6999
7969 5 2 1 354 6997 7019 7021 6999 3884 3895 3896 3885
7970 5 2 1 354 3379 3390 3391 3380 6998 7020 7022 7000
7971 5 2 1 354 6998 7020 7022 7000 6999 7021 7023 7001
7972 5 2 1 354 6999 7021 7023 7001 3885 3896 3897 3886
7973 5 2 1 354 3380 3391 3392 3381 7000 7022 7024 7002
7974 5 2 1 354 7000 7022 7024 7002 7001 7023 7025 7003
7975 5 2 1 354 7001 7023 7025 7003 3886 3897 3898 3887
7976 5 2 1 354 3381 3392 3393 3382 7002 7024 7026 7004
7977 5 2 1 354 7002 7024 7026 7004 7003 7025 7027 7005
7978 5 2 1 354 7003 7025 7027 7005 3887 3898 3899 3888
7979 5 2 1 354 3382 3393 3394 3383 7004 7026 7028 7006
7980 5 2 1 354 7004 7026 7028 7006 7005 7027 7029 7007
7981 5 2 1 354 7005 7027 7029 7007 3888 3899 3900 3889
7982 5 2 1 354 3383 3394 3395 3384 7006 7028 7030 7008
7983 5 2 1 354 7006 7028 7030 7008 7007 7029 7031 7009
7984 5 2 1 354 7007 7029 7031 7009 3889 3900 3901 3890
7985 5 2 1 354 3384 3395 3396 3385 7008 7030 7032 7010
7986 5 2 1 354 7008 7030 7032 7010 7009 7031 7033 7011
7987 5 2 1 354 7009 7031 7033 7011 3890 3901 3902 3891
7988 5 2 1 354 3385 3396 3397 3386 7010 7032 7034 7012
7989 5 2 1 354 7010 7032 7034 7012 7011 7033 7035 7013
7990 5 2 1 354 7011 7033 7035 7013 3891 3902 3903 3892
7991 5 2 1 354 3386 3397 3398 3387 7012 7034 7036 7014
7992 5 2 1 354 7012 7034 7036 7014 7013 7035 7037 7015
7993 5 2 1 354 7013 7035 7037 7015 3892 3903 3904 3893
7994 5 2 1 354 3387 3398 510 509 7014 7036 4489 4487
7995 5 2 1 354 7014 7036 4489 4487 7015 7037 4490 4488
7996 5 2 1 354 7015 7037 4490 4488 3893 3904 602 601
7997 5 2 1 354 464 465 3399 3388 4397 4399 7038 7016
7998 5 2 1 354 4397 4399 7038 7016 4398 4400 7039 7017
7999 5 2 1 354 4398 4400 7039 7017 556 557 3905 3894
8000 5 2 1 354 3388 3399 3400 3389 7016 7038 7040 7018
8001 5 2 1 354 7016 7038 7040 7018 7017 7039 7041 7019
8002 5 2 1 354 7017 7039 7041 7019 3894 3905 3906 3895
8003 5 2 1 354 3389 3400 3401 3390 7018 7040 7042 7020
8004 5 2 1 354 7018 7040 7042 7020 7019 7041 7043 7021
8005 5 2 1 354 7019 7041 7043 7021 3895 3906 3907 3896
8006 5 2 1 354 3390 3401 3402 3391 7020 7042 7044 7022
8007 5 2 1 354 7020 7042 7044 7022 7021 7043 7045 7023
8008 5 2 1 354 7021 7043 7045 7023 3896 3907 3908 3897
8009 5 2 1 354 3391 3402 3403 3392 7022 7044 7046 7024
8010 5 2 1 354 7022 7044 7046 7024 7023 7045 7047 7025
8011 5 2 1 354 7023 7045 7047 7025 3897 3908 3909 3898
8012 5 2 1 354 3392 3403 3404 3393 7024 7046 7048 7026
8013 5 2 1 354 7024 7046 7048 7026 7025 7047 7049 7027
8014 5 2 1 354 7025 7047 7049 7027 3898 3909 3910 3899
8015 5 2 1 354 3393 3404 3405 3394 7026 7048 7050 7028
8016 5 2 1 354 7026 7048 7050 7028 7027 7049 7051 7029
8017 5 2 1 354 7027 7049 7051 7029 3899 3910 3911 3900
8018 5 2 1 354 3394 3405 3406 3395 7028 7050 7052 7030
8019 5 2 1 354 7028 7050 7052 7030 7029 7051 7053 7031
8020 5 2 1 354 7029 7051 7053 7031 3900 3911 3912 3901
8021 5 2 1 354 3395 3406 3407 3396 7030 7052 7054 7032
8022 5 2 1 354 7030 7052 7054 7032 7031 7053 7055 7033
8023 5 2 1 354 7031 7053 7055 7033 3901 3912 3913 3902
8024 5 2 1 354 3396 3407 3408 3397 7032 7054 7056 7034
8025 5 2 1 354 7032 7054 7056 7034 7033 7055 7057 7035
8026 5 2 1 354 7033 7055 7057 7035 3902 3913 3914 3903
8027 5 2 1 354 3397 3408 3409 3398 7034 7056 7058 7036
8028 5 2 1 354 7034 7056 7058 7036 7035 7057 7059 7037
8029 5 2 1 354 7035 7057 7059 7037 3903 3914 3915 3904
8030 5 2 1 354 3398 3409 511 510 7036 7058 4491 4489
8031 5 2 1 354 7036 7058 4491 4489 7037 7059 4492 4490
8032 5 2 1 354 7037 7059 4492 4490 3904 3915 603 602
8033 5 2 1 354 465 466 3410 3399 4399 4401 7060 7038
8034 5 2 1 354 4399 4401 7060 7038 4400 4402 7061 7039
8035 5 2 1 354 4400 4402 7061 7039 557 558 3916 3905
8036 5 2 1 354 3399 3410 3411 3400 7038 7060 7062 7040
8037 5 2 1 354 7038 7060 7062 7040 7039 7061 7063 7041
8038 5 2 1 354 7039 7061 7063 7041 3905 3916 3917 3906
8039 5 2 1 354 3400 3411 3412 3401 7040 7062 7064 7042
8040 5 2 1 354 7040 7062 7064 7042 7041 7063 7065 7043
8041 5 2 1 354 7041 7063 7065 7043 3906 3917 3918 3907
8042 5 2 1 354 3401 3412 3413 3402 7042 7064 7066 7044
8043 5 2 1 354 7042 7064 7066 7044 7043 7065 7067 7045
8044 5 2 1 354 7043 7065 7067 7045 3907 3918 3919 3908
8045 5 2 1 354 3402 3413 3414 3403 7044 7066 7068 7046
8046 5 2 1 354 7044 7066 7068 7046 7045 7067 7069 7047
8047 5 2 1 354 7045 7067 7069 7047 3908 3919 3920 3909
8048 5 2 1 354 3403 3414 3415 3404 7046 7068 7070 7048
8049 5 2 1 354 7046 7068 7070 7048 7047 7069 7071 7049
8050 5 2 1 354 7047 7069 7071 7049 3909 3920 3921 3910
8051 5 2 1 354 3404 3415 3416 3405 7048 7070 7072 7050
8052 5 2 1 354 7048 7070 7072 7050 7049 7071 7073 7051
8053 5 2 1 354 7049 7071 7073 7051 3910 3921 3922 3911
8054 5 2 1 354 3405 3416 3417 3406 7050 7072 7074 7052
8055 5 2 1 354 7050 7072 7074 7052 7051 7073 7075 7053
8056 5 2 1 354 7051 7073 7075 7053 3911 3922 3923 3912
8057 5 2 1 354 3406 3417 3418 3407 7052 7074 7076 7054
8058 5 2 1 354 7052 7074 7076 7054 7053 7075 7077 7055
8059 5 2 1 354 7053 7075 7077 7055 3912 3923 3924 3913
8060 5 2 1 354 3407 3418 3419 3408 7054 7076 7078 7056
8061 5 2 1 354 7054 7076 7078 7056 7055 7077 7079 7057
8062 5 2 1 354 7055 7077 7079 7057 3913 3924 3925 3914
8063 5 2 1 354 3408 3419 3420 3409 7056 7078 7080 7058
8064 5 2 1 354 7056 7078 7080 7058 7057 7079 7081 7059
8065 5 2 1 354 7057 7079 7081 7059 3914 3925 3926 3915
8066 5 2 1 354 3409 3420 512 511 7058 7080 4493 4491
8067 5 2 1 354 7058 7080 4493 4491 7059 7081 4494 4492
8068 5 2 1 354 7059 7081 4494 4492 3915 3926 604 603
8069 5 2 1 354 466 467 3421 3410 4401 4403 7082 7060
8070 5 2 1 354 4401 4403 7082 7060 4402 4404 7083 7061
8071 5 2 1 354 4402 4404 7083 7061 558 559 3927 3916
8072 5 2 1 354 3410 3421 3422 3411 7060 7082 7084 7062
8073 5 2 1 354 7060 7082 7084 7062 7061 7083 7085 7063
8074 5 2 1 354 7061 7083 7085 7063 3916 3927 3928 3917
8075 5 2 1 354 3411 3422 3423 3412 7062 7084 7086 7064
8076 5 2 1 354 7062 7084 7086 7064 7063 7085 7087 7065
8077 5 2 1 354 7063 7085 7087 7065 3917 3928 3929 3918
8078 5 2 1 354 3412 3423 3424 3413 7064 7086 7088 7066
8079 5 2 1 354 7064 7086 7088 7066 7065 7087 7089 7067
8080 5 2 1 354 7065 7087 7089 7067 3918 3929 3930 3919
8081 5 2 1 354 3413 3424 3425 3414 7066 7088 7090 7068
8082 5 2 1 354 7066 7088 7090 7068 7067 7089 7091 7069
8083 5 2 1 354 7067 7089 7091 7069 3919 3930 3931 3920
8084 5 2 1 354 3414 3425 3426 3415 7068 7090 7092 7070
8085 5 2 1 354 7068 7090 7092 7070 7069 7091 7093 7071
8086 5 2 1 354 7069 7091 7093 7071 3920 3931 3932 3921
8087 5 2 1 354 3415 3426 3427 3416 7070 7092 7094 7072
8088 5 2 1 354 7070 7092 7094 7072 7071 7093 7095 7073
8089 5 2 1 354 7071 7093 7095 7073 3921 3932 3933 3922
8090 5 2 1 354 3416 3427 3428 3417 7072 7094 7096 7074
8091 5 2 1 354 7072 7094 7096 7074 7073 7095 7097 7075
8092 5 2 1 354 7073 7095 7097 7075 3922 3933 3934 3923
8093 5 2 1 354 3417 3428 3429 3418 7074 7096 7098 7076
8094 5 2 1 354 7074 7096 7098 7076 7075 7097 7099 7077
8095 5 2 1 354 7075 7097 7099 7077 3923 3934 3935 3924
8096 5 2 1 354 3418 3429 3430 3419 7076 7098 7100 7078
8097 5 2 1 354 7076 7098 7100 7078 7077 7099 7101 7079
8098 5 2 1 354 7077 7099 7101 7079 3924 3935 3936 3925
8099 5 2 1 354 3419 3430 3431 3420 7078 7100 7102 7080
8100 5 2 1 354 7078 7100 7102 7080 7079 7101 7103 7081
8101 5 2 1 354 7079 7101 7103 7081 3925 3936 3937 3926
8102 5 2 1 354 3420 3431 513 512 7080 7102 4495 4493
8103 5 2 1 354 7080 7102 4495 4493 7081 7103 4496 4494
8104 5 2 1 354 7081 7103 4496 4494 3926 3937 605 604
8105 5 2 1 354 467 468 3432 3421 4403 4405 7104 7082
8106 5 2 1 354 4403 4405 7104 7082 4404 4406 7105 7083
8107 5 2 1 354 4404 4406 7105 7083 559 560 3938 3927
8108 5 2 1 354 3421 3432 3433 3422 7082 7104 7106 7084
8109 5 2 1 354 7082 7104 7106 7084 7083 7105 7107 7085
8110 5 2 1 354 7083 7105 7107 7085 3927 3938 3939 3928
8111 5 2 1 354 3422 3433 3434 3423 7084 7106 7108 7086
8112 5 2 1 354 7084 7106 7108 7086 7085 7107 7109 7087
8113 5 2 1 354 7085 7107 7109 7087 3928 3939 3940 3929
8114 5 2 1 354 3423 3434 3435 3424 7086 7108 7110 7088
8115 5 2 1 354 7086 7108 7110 7088 7087 7109 7111 7089
8116 5 2 1 354 7087 7109 7111 7089 3929 3940 3941 3930
8117 5 2 1 354 3424 3435 3436 3425 7088 7110 7112 7090
8118 5 2 1 354 7088 7110 7112 7090 7089 7111 7113 7091
8119 5 2 1 354 7089 7111 7113 7091 3930 3941 3942 3931
8120 5 2 1 354 3425 3436 3437 3426 7090 7112 7114 7092
8121 5 2 1 354 7090 7112 7114 7092 7091 7113 7115 7093
8122 5 2 1 354 7091 7113 7115 7093 3931 3942 3943 3932
8123 5 2 1 354 3426 3437 3438 3427 7092 7114 7116 7094
8124 5 2 1 354 7092 7114 7116 7094 7093 7115 7117 7095
8125 5 2 1 354 7093 7115 7117 7095 3932 3943 3944 3933
8126 5 2 1 354 3427 3438 3439 3428 7094 7116 7118 7096
8127 5 2 1 354 7094 7116 7118 7096 7095 7117 7119 7097
8128 5 2 1 354 7095 7117 7119 7097 3933 3944 3945 3934
8129 5 2 1 354 3428 3439 3440 3429 7096 7118 7120 7098
8130 5 2 1 354 7096 7118 7120 7098 7097 7119 7121 7099
8131 5 2 1 354 7097 7119 7121 7099 3934 3945 3946 3935
8132 5 2 1 354 3429 3440 3441 3430 7098 7120 7122 7100
8133 5 2 1 354 7098 7120 7122 7100 7099 7121 7123 7101
8134 5 2 1 354 7099 7121 7123 7101 3935 3946 3947 3936
8135 5 2 1 354 3430 3441 3442 3431 7100 7122 7124 7102
8136 5 2 1 354 7100 7122 7124 7102 7101 7123 7125 7103
8137 5 2 1 354 7101 7123 7125 7103 3936 3947 3948 3937
8138 5 2 1 354 3431 3442 514 513 7102 7124 4497 4495
8139 5 2 1 354 7102 7124 4497 4495 7103 7125 4498 4496
8140 5 2 1 354 7103 7125 4498 4496 3937 3948 606 605
8141 5 2 1 354 468 469 3443 3432 4405 4407 7126 7104
8142 5 2 1 354 4405 4407 7126 7104 4406 4408 7127 7105
8143 5 2 1 354 4406 4408 7127 7105 560 561 3949 3938
8144 5 2 1 354 3432 3443 3444 3433 7104 7126 7128 7106
8145 5 2 1 354 7104 7126 7128 7106 7105 7127 7129 7107
8146 5 2 1 354 7105 7127 7129 7107 3938 3949 3950 3939
8147 5 2 1 354 3433 3444 3445 3434 7106 7128 7130 7108
8148 5 2 1 354 7106 7128 7130 7108 7107 7129 7131 7109
8149 5 2 1 354 7107 7129 7131 7109 3939 3950 3951 3940
8150 5 2 1 354 3434 3445 3446 3435 7108 7130 7132 7110
8151 5 2 1 354 7108 7130 7132 7110 7109 7131 7133 7111
8152 5 2 1 354 7109 7131 7133 7111 3940 3951 3952 3941
8153 5 2 1 354 3435 3446 3447 3436 7110 7132 7134 7112
8154 5 2 1 354 7110 7132 7134 7112 7111 7133 7135 7113
8155 5 2 1 354 7111 7133 7135 7113 3941 3952 3953 3942
8156 5 2 1 354 3436 3447 3448 3437 7112 7134 7136 7114
8157 5 2 1 354 7112 7134 7136 7114 7113 7135 7137 7115
8158 5 2 1 354 7113 7135 7137 7115 3942 3953 3954 3943
8159 5 2 1 354 3437 3448 3449 3438 7114 7136 7138 7116
8160 5 2 1 354 7114 7136 7138 7116 7115 7137 7139 7117
8161 5 2 1 354 7115 7137 7139 7117 3943 3954 3955 3944
8162 5 2 1 354 3438 3449 3450 3439 7116 7138 7140 7118
8163 5 2 1 354 7116 7138 7140 7118 7117 7139 7141 7119
8164 5 2 1 354 7117 7139 7141 7119 3944 3955 3956 3945
8165 5 2 1 354 3439 3450 3451 3440 7118 7140 7142 7120
8166 5 2 1 354 7118 7140 7142 7120 7119 7141 7143 7121
8167 5 2 1 354 7119 7141 7143 7121 3945 3956 3957 3946
8168 5 2 1 354 3440 3451 3452 3441 7120 7142 7144 7122
8169 5 2 1 354 7120 7142 7144 7122 7121 7143 7145 7123
8170 5 2 1 354 7121 7143 7145 7123 3946 3957 3958 3947
8171 5 2 1 354 3441 3452 3453 3442 7122 7144 7146 7124
8172 5 2 1 354 7122 7144 7146 7124 7123 7145 7147 7125
8173 5 2 1 354 7123 7145 7147 7125 3947 3958 3959 3948
8174 5 2 1 354 3442 3453 515 514 7124 7146 4499 4497
8175 5 2 1 354 7124 7146 4499 4497 7125 7147 4500 4498
8176 5 2 1 354 7125 7147 4500 4498 3948 3959 607 606
8177 5 2 1 354 469 470 3454 3443 4407 4409 7148 7126
8178 5 2 1 354 4407 4409 7148 7126 4408 4410 7149 7127
8179 5 2 1 354 4408 4410 7149 7127 561 562 3960 3949
8180 5 2 1 354 3443 3454 3455 3444 7126 7148 7150 7128
8181 5 2 1 354 7126 7148 7150 7128 7127 7149 7151 7129
8182 5 2 1 354 7127 7149 7151 7129 3949 3960 3961 3950
8183 5 2 1 354 3444 3455 3456 3445 7128 7150 7152 7130
8184 5 2 1 354 7128 7150 7152 7130 7129 7151 7153 7131
8185 5 2 1 354 7129 7151 7153 7131 3950 3961 3962 3951
8186 5 2 1 354 3445 3456 3457 3446 7130 7152 7154 7132
8187 5 2 1 354 7130 7152 7154 7132 7131 7153 7155 7133
8188 5 2 1 354 7131 7153 7155 7133 3951 3962 3963 3952
8189 5 2 1 354 3446 3457 3458 3447 7132 7154 7156 7134
8190 5 2 1 354 7132 7154 7156 7134 7133 7155 7157 7135
8191 5 2 1 354 7133 7155 7157 7135 3952 3963 3964 3953
8192 5 2 1 354 3447 3458 3459 3448 7134 7156 7158 7136
8193 5 2 1 354 7134 7156 7158 7136 7135 7157 7159 7137
8194 5 2 1 354 7135 7157 7159 7137 3953 3964 3965 3954
8195 5 2 1 354 3448 3459 3460 3449 7136 7158 7160 7138
8196 5 2 1 354 7136 7158 7160 7138 7137 7159 7161 7139
8197 5 2 1 354 7137 7159 7161 7139 3954 3965 3966 3955
8198 5 2 1 354 3449 3460 3461 3450 7138 7160 7162 7140
8199 5 2 1 354 7138 7160 7162 7140 7139 7161 7163 7141
8200 5 2 1 354 7139 7161 7163 7141 3955 3966 3967 3956
8201 5 2 1 354 3450 3461 3462 3451 7140 7162 7164 7142
8202 5 2 1 354 7140 7162 7164 7142 7141 7163 7165 7143
8203 5 2 1 354 7141 7163 7165 7143 3956 3967 3968 3957
8204 5 2 1 354 3451 3462 3463 3452 7142 7164 7166 7144
8205 5 2 1 354 7142 7164 7166 7144 7143 7165 7167 7145
8206 5 2 1 354 7143 7165 7167 7145 3957 3968 3969 3958
8207 5 2 1 354 3452 3463 3464 3453 7144 7166 7168 7146
8208 5 2 1 354 7144 7166 7168 7146 7145 7167 7169 7147
8209 5 2 1 354 7145 7167 7169 7147 3958 3969 3970 3959
8210 5 2 1 354 3453 3464 516 515 7146 7168 4501 4499
8211 5 2 1 354 7146 7168 4501 4499 7147 7169 4502 4500
8212 5 2 1 354 7147 7169 4502 4500 3959 3970 608 607
8213 5 2 1 354 470 471 3465 3454 4409 4411 7170 7148
8214 5 2 1 354 4409 4411 7170 7148 4410 4412 7171 7149
8215 5 2 1 354 4410 4412 7171 7149 562 563 3971 3960
8216 5 2 1 354 3454 3465 3466 3455 7148 7170 7172 7150
8217 5 2 1 354 7148 7170 7172 7150 7149 7171 7173 7151
8218 5 2 1 354 7149 7171 7173 7151 3960 3971 3972 3961
8219 5 2 1 354 3455 3466 3467 3456 7150 7172 7174 7152
8220 5 2 1 354 7150 7172 7174 7152 7151 7173 7175 7153
8221 5 2 1 354 7151 7173 7175 7153 3961 3972 3973 3962
8222 5 2 1 354 3456 3467 3468 3457 7152 7174 7176 7154
8223 5 2 1 354 7152 7174 7176 7154 7153 7175 7177 7155
8224 5 2 1 354 7153 7175 7177 7155 3962 3973 3974 3963
8225 5 2 1 354 3457 3468 3469 3458 7154 7176 7178 7156
8226 5 2 1 354 7154 7176 7178 7156 7155 7177 7179 7157
8227 5 2 1 354 7155 7177 7179 7157 3963 3974 3975 3964
8228 5 2 1 354 3458 3469 3470 3459 7156 7178 7180 7158
8229 5 2 1 354 7156 7178 7180 7158 7157 7179 7181 7159
8230 5 2 1 354 7157 7179 7181 7159 3964 3975 3976 3965
8231 5 2 1 354 3459 3470 3471 3460 7158 7180 7182 7160
8232 5 2 1 354 7158 7180 7182 7160 7159 7181 7183 7161
8233 5 2 1 354 7159 7181 7183 7161 3965 3976 3977 3966
8234 5 2 1 354 3460 3471 3472 3461 7160 7182 7184 7162
8235 5 2 1 354 7160 7182 7184 7162 7161 7183 7185 7163
8236 5 2 1 354 7161 7183 7185 7163 3966 3977 3978 3967
8237 5 2 1 354 3461 3472 3473 3462 7162 7184 7186 7164
8238 5 2 1 354 7162 7184 7186 7164 7163 7185 7187 7165
8239 5 2 1 354 7163 7185 7187 7165 3967 3978 3979 3968
8240 5 2 1 354 3462 3473 3474 3463 7164 7186 7188 7166
8241 5 2 1 354 7164 7186 7188 7166 7165 7187 7189 7167
8242 5 2 1 354 7165 7187 7189 7167 3968 3979 3980 3969
8243 5 2 1 354 3463 3474 3475 3464 7166 7188 7190 7168
8244 5 2 1 354 7166 7188 7190 7168 7167 7189 7191 7169
8245 5 2 1 354 7167 7189 7191 7169 3969 3980 3981 3970
8246 5 2 1 354 3464 3475 517 516 7168 7190 4503 4501
8247 5 2 1 354 7168 7190 4503 4501 7169 7191 4504 4502
8248 5 2 1 354 7169 7191 4504 4502 3970 3981 609 608
8249 5 2 1 354 471 472 3476 3465 4411 4413 7192 7170
8250 5 2 1 354 4411 4413 7192 7170 4412 4414 7193 7171
8251 5 2 1 354 4412 4414 7193 7171 563 564 3982 3971
8252 5 2 1 354 3465 3476 3477 3466 7170 7192 7194 7172
8253 5 2 1 354 7170 7192 7194 7172 7171 7193 7195 7173
8254 5 2 1 354 7171 7193 7195 7173 3971 3982 3983 3972
8255 5 2 1 354 3466 3477 3478 3467 7172 7194 7196 7174
8256 5 2 1 354 7172 7194 7196 7174 7173 7195 7197 7175
8257 5 2 1 354 7173 7195 7197 7175 3972 3983 3984 3973
8258 5 2 1 354 3467 3478 3479 3468 7174 7196 7198 7176
8259 5 2 1 354 7174 7196 7198 7176 7175 7197 7199 7177
8260 5 2 1 354 7175 7197 7199 7177 3973 3984 3985 3974
8261 5 2 1 354 3468 3479 3480 3469 7176 7198 7200 7178
8262 5 2 1 354 7176 7198 7200 7178 7177 7199 7201 7179
8263 5 2 1 354 7177 7199 7201 7179 3974 3985 3986 3975
8264 5 2 1 354 3469 3480 3481 3470 7178 7200 7202 7180
8265 5 2 1 354 7178 7200 7202 7180 7179 7201 7203 7181
8266 5 2 1 354 7179 7201 7203 7181 3975 3986 3987 3976
8267 5 2 1 354 3470 3481 3482 3471 7180 7202 7204 7182
8268 5 2 1 354 7180 7202 7204 7182 7181 7203 7205 7183
8269 5 2 1 354 7181 7203 7205 7183 3976 3987 3988 3977
8270 5 2 1 354 3471 3482 3483 3472 7182 7204 7206 7184
8271 5 2 1 354 7182 7204 7206 7184 7183 7205 7207 7185
8272 5 2 1 354 7183 7205 7207 7185 3977 3988 3989 3978
8273 5 2 1 354 3472 3483 3484 3473 7184 7206 7208 7186
8274 5 2 1 354 7184 7206 7208 7186 7185 7207 7209 7187
8275 5 2 1 354 7185 7207 7209 7187 3978 3989 3990 3979
8276 5 2 1 354 3473 3484 3485 3474 7186 7208 7210 7188
8277 5 2 1 354 7186 7208 7210 7188 7187 7209 7211 7189
8278 5 2 1 354 7187 7209 7211 7189 3979 3990 3991 3980
8279 5 2 1 354 3474 3485 3486 3475 7188 7210 7212 7190
8280 5 2 1 354 7188 7210 7212 7190 7189 7211 7213 7191
8281 5 2 1 354 7189 7211 7213 7191 3980 3991 3992 3981
8282 5 2 1 354 3475 3486 518 517 7190 7212 4505 4503
8283 5 2 1 354 7190 7212 4505 4503 7191 7213 4506 4504
8284 5 2 1 354 7191 7213 4506 4504 3981 3992 610 609
8285 5 2 1 354 472 473 3487 3476 4413 4415 7214 7192
8286 5 2 1 354 4413 4415 7214 7192 4414 4416 7215 7193
8287 5 2 1 354 4414 4416 7215 7193 564 565 3993 3982
8288 5 2 1 354 3476 3487 3488 3477 7192 7214 7216 7194
8289 5 2 1 354 7192 7214 7216 7194 7193 7215 7217 7195
8290 5 2 1 354 7193 7215 7217 7195 3982 3993 3994 3983
8291 5 2 1 354 3477 3488 3489 3478 7194 7216 7218 7196
8292 5 2 1 354 7194 7216 7218 7196 7195 7217 7219 7197
8293 5 2 1 354 7195 7217 7219 7197 3983 3994 3995 3984
8294 5 2 1 354 3478 3489 3490 3479 7196 7218 7220 7198
8295 5 2 1 354 7196 7218 7220 7198 7197 7219 7221 7199
8296 5 2 1 354 7197 7219 7221 7199 3984 3995 3996 3985
8297 5 2 1 354 3479 3490 3491 3480 7198 7220 7222 7200
8298 5 2 1 354 7198 7220 7222 7200 7199 7221 7223 7201
8299 5 2 1 354 7199 7221 7223 7201 3985 3996 3997 3986
8300 5 2 1 354 3480 3491 3492 3481 7200 7222 7224 7202
8301 5 2 1 354 7200 7222 7224 7202 7201 7223 7225 7203
8302 5 2 1 354 7201 7223 7225 7203 3986 3997 3998 3987
8303 5 2 1 354 3481 3492 3493 3482 7202 7224 7226 7204
8304 5 2 1 354 7202 7224 7226 7204 7203 7225 7227 7205
8305 5 2 1 354 7203 7225 7227 7205 3987 3998 3999 3988
8306 5 2 1 354 3482 3493 3494 3483 7204 7226 7228 7206
8307 5 2 1 354 7204 7226 7228 7206 7205 7227 7229 7207
8308 5 2 1 354 7205 7227 7229 7207 3988 3999 4000 3989
8309 5 2 1 354 3483 3494 3495 3484 7206 7228 7230 7208
8310 5 2 1 354 7206 7228 7230 7208 7207 7229 7231 7209
8311 5 2 1 354 7207 7229 7231 7209 3989 4000 4001 3990
8312 5 2 1 354 3484 3495 3496 3485 7208 7230 7232 7210
8313 5 2 1 354 7208 7230 7232 7210 7209 7231 7233 7211
8314 5 2 1 354 7209 7231 7233 7211 3990 4001 4002 3991
8315 5 2 1 354 3485 3496 3497 3486 7210 7232 7234 7212
8316 5 2 1 354 7210 7232 7234 7212 7211 7233 7235 7213
8317 5 2 1 354 7211 7233 7235 7213 3991 4002 4003 3992
8318 5 2 1 354 3486 3497 519 518 7212 7234 4507 4505
8319 5 2 1 354 7212 7234 4507 4505 7213 7235 4508 4506
8320 5 2 1 354 7213 7235 4508 4506 3992 4003 611 610
8321 5 2 1 354 473 474 3498 3487 4415 4417 7236 7214
8322 5 2 1 354 4415 4417 7236 7214 4416 4418 7237 7215
8323 5 2 1 354 4416 4418 7237 7215 565 566 4004 3993
8324 5 2 1 354 3487 3498 3499 3488 7214 7236 7238 7216
8325 5 2 1 354 7214 7236 7238 7216 7215 7237 7239 7217
8326 5 2 1 354 7215 7237 7239 7217 3993 4004 4005 3994
8327 5 2 1 354 3488 3499 3500 3489 7216 7238 7240 7218
8328 5 2 1 354 7216 7238 7240 7218 7217 7239 7241 7219
8329 5 2 1 354 7217 7239 7241 7219 3994 4005 4006 3995
8330 5 2 1 354 3489 3500 3501 3490 7218 7240 7242 7220
8331 5 2 1 354 7218 7240 7242 7220 7219 7241 7243 7221
8332 5 2 1 354 7219 7241 7243 7221 3995 4006 4007 3996
8333 5 2 1 354 3490 3501 3502 3491 7220 7242 7244 7222
8334 5 2 1 354 7220 7242 7244 7222 7221 7243 7245 7223
8335 5 2 1 354 7221 7243 7245 7223 3996 4007 4008 3997
8336 5 2 1 354 3491 3502 3503 3492 7222 7244 7246 7224
8337 5 2 1 354 7222 7244 7246 7224 7223 7245 7247 7225
8338 5 2 1 354 7223 7245 7247 7225 3997 4008 4009 3998
8339 5 2 1 354 3492 3503 3504 3493 7224 7246 7248 7226
8340 5 2 1 354 7224 7246 7248 7226 7225 7247 7249 7227
8341 5 2 1 354 7225 7247 7249 7227 3998 4009 4010 3999
8342 5 2 1 354 3493 3504 3505 3494 7226 7248 7250 7228
8343 5 2 1 354 7226 7248 7250 7228 7227 7249 7251 7229
8344 5 2 1 354 7227 7249 7251 7229 3999 4010 4011 4000
8345 5 2 1 354 3494 3505 3506 3495 7228 7250 7252 7230
8346 5 2 1 354 7228 7250 7252 7230 7229 7251 7253 7231
8347 5 2 1 354 7229 7251 7253 7231 4000 4011 4012 4001
8348 5 2 1 354 3495 3506 3507 3496 7230 7252 7254 7232
8349 5 2 1 354 7230 7252 7254 7232 7231 7253 7255 7233
8350 5 2 1 354 7231 7253 7255 7233 4001 4012 4013 4002
8351 5 2 1 354 3496 3507 3508 3497 7232 7254 7256 7234
8352 5 2 1 354 7232 7254 7256 7234 7233 7255 7257 7235
8353 5 2 1 354 7233 7255 7257 7235 4002 4013 4014 4003
8354 5 2 1 354 3497 3508 520 519 7234 7256 4509 4507
8355 5 2 1 354 7234 7256 4509 4507 7235 7257 4510 4508
8356 5 2 1 354 7235 7257 4510 4508 4003 4014 612 611
8357 5 2 1 354 474 475 3509 3498 4417 4419 7258 7236
8358 5 2 1 354 4417 4419 7258 7236 4418 4420 7259 7237
8359 5 2 1 354 4418 4420 7259 7237 566 567 4015 4004
8360 5 2 1 354 3498 3509 3510 3499 7236 7258 7260 7238
8361 5 2 1 354 7236 7258 7260 7238 7237 7259 7261 7239
8362 5 2 1 354 7237 7259 7261 7239 4004 4015 4016 4005
8363 5 2 1 354 3499 3510 3511 3500 7238 7260 7262 7240
8364 5 2 1 354 7238 7260 7262 7240 7239 7261 7263 7241
8365 5 2 1 354 7239 7261 7263 7241 4005 4016 4017 4006
8366 5 2 1 354 3500 3511 3512 3501 7240 7262 7264 7242
8367 5 2 1 354 7240 7262 7264 7242 7241 7263 7265 7243
8368 5 2 1 354 7241 7263 7265 7243 4006 4017 4018 4007
8369 5 2 1 354 3501 3512 3513 3502 7242 7264 7266 7244
8370 5 2 1 354 7242 7264 7266 7244 7243 7265 7267 7245
8371 5 2 1 354 7243 7265 7267 7245 4007 4018 4019 4008
8372 5 2 1 354 3502 3513 3514 3503 7244 7266 7268 7246
8373 5 2 1 354 7244 7266 7268 7246 7245 7267 7269 7247
8374 5 2 1 354 7245 7267 7269 7247 4008 4019 4020 4009
8375 5 2 1 354 3503 3514 3515 3504 7246 7268 7270 7248
8376 5 2 1 354 7246 7268 7270 7248 7247 7269 7271 7249
8377 5 2 1 354 7247 7269 7271 7249 4009 4020 4021 4010
8378 5 2 1 354 3504 3515 3516 3505 7248 7270 7272 7250
8379 5 2 1 354 7248 7270 7272 7250 7249 7271 7273 7251
8380 5 2 1 354 7249 7271 7273 7251 4010 4021 4022 4011
8381 5 2 1 354 3505 3516 3517 3506 7250 7272 7274 7252
8382 5 2 1 354 7250 7272 7274 7252 7251 7273 7275 7253
8383 5 2 1 354 7251 7273 7275 7253 4011 4022 4023 4012
8384 5 2 1 354 3506 3517 3518 3507 7252 7274 7276 7254
8385 5 2 1 354 7252 7274 7276 7254 7253 7275 7277 7255
8386 5 2 1 354 7253 7275 7277 7255 4012 4023 4024 4013
8387 5 2 1 354 3507 3518 3519 3508 7254 7276 7278 7256
8388 5 2 1 354 7254 7276 7278 7256 7255 7277 7279 7257
8389 5 2 1 354 7255 7277 7279 7257 4013 4024 4025 4014
8390 5 2 1 354 3508 3519 521 520 7256 7278 4511 4509
8391 5 2 1 354 7256 7278 4511 4509 7257 7279 4512 4510
8392 5 2 1 354 7257 7279 4512 4510 4014 4025 613 612
8393 5 2 1 354 475 476 3520 3509 4419 4421 7280 7258
8394 5 2 1 354 4419 4421 7280 7258 4420 4422 7281 7259
8395 5 2 1 354 4420 4422 7281 7259 567 568 4026 4015
8396 5 2 1 354 3509 3520 3521 3510 7258 7280 7282 7260
8397 5 2 1 354 7258 7280 7282 7260 7259 7281 7283 7261
8398 5 2 1 354 7259 7281 7283 7261 4015 4026 4027 4016
8399 5 2 1 354 3510 3521 3522 3511 7260 7282 7284 7262
8400 5 2 1 354 7260 7282 7284 7262 7261 7283 7285 7263
8401 5 2 1 354 7261 7283 7285 7263 4016 4027 4028 4017
8402 5 2 1 354 3511 3522 3523 3512 7262 7284 7286 7264
8403 5 2 1 354 7262 7284 7286 7264 7263 7285 7287 7265
8404 5 2 1 354 7263 7285 7287 7265 4017 4028 4029 4018
8405 5 2 1 354 3512 3523 3524 3513 7264 7286 7288 7266
8406 5 2 1 354 7264 7286 7288 7266 7265 7287 7289 7267
8407 5 2 1 354 7265 7287 7289 7267 4018 4029 4030 4019
8408 5 2 1 354 3513 3524 3525 3514 7266 7288 7290 7268
8409 5 2 1 354 7266 7288 7290 7268 7267 7289 7291 7269
8410 5 2 1 354 7267 7289 7291 7269 4019 4030 4031 4020
8411 5 2 1 354 3514 3525 3526 3515 7268 7290 7292 7270
8412 5 2 1 354 7268 7290 7292 7270 7269 7291 7293 7271
8413 5 2 1 354 7269 7291 7293 7271 4020 4031 4032 4021
8414 5 2 1 354 3515 3526 3527 3516 7270 7292 7294 7272
8415 5 2 1 354 7270 7292 7294 7272 7271 7293 7295 7273
8416 5 2 1 354 7271 7293 7295 7273 4021 4032 4033 4022
8417 5 2 1 354 3516 3527 3528 3517 7272 7294 7296 7274
8418 5 2 1 354 7272 7294 7296 7274 7273 7295 7297 7275
8419 5 2 1 354 7273 7295 7297 7275 4022 4033 4034 4023
8420 5 2 1 354 3517 3528 3529 3518 7274 7296 7298 7276
8421 5 2 1 354 7274 7296 7298 7276 7275 7297 7299 7277
8422 5 2 1 354 7275 7297 7299 7277 4023 4034 4035 4024
8423 5 2 1 354 3518 3529 3530 3519 7276 7298 7300 7278
8424 5 2 1 354 7276 7298 7300 7278 7277 7299 7301 7279
8425 5 2 1 354 7277 7299 7301 7279 4024 4035 4036 4025
8426 5 2 1 354 3519 3530 522 521 7278 7300 4513 4511
8427 5 2 1 354 7278 7300 4513 4511 7279 7301 4514 4512
8428 5 2 1 354 7279 7301 4514 4512 4025 4036 614 613
8429 5 2 1 354 476 477 3531 3520 4421 4423 7302 7280
8430 5 2 1 354 4421 4423 7302 7280 4422 4424 7303 7281
8431 5 2 1 354 4422 4424 7303 7281 568 569 4037 4026
8432 5 2 1 354 3520 3531 3532 3521 7280 7302 7304 7282
8433 5 2 1 354 7280 7302 7304 7282 7281 7303 7305 7283
8434 5 2 1 354 7281 7303 7305 7283 4026 4037 4038 4027
8435 5 2 1 354 3521 3532 3533 3522 7282 7304 7306 7284
8436 5 2 1 354 7282 7304 7306 7284 7283 7305 7307 7285
8437 5 2 1 354 7283 7305 7307 7285 4027 4038 4039 4028
8438 5 2 1 354 3522 3533 3534 3523 7284 7306 7308 7286
8439 5 2 1 354 7284 7306 7308 7286 7285 7307 7309 7287
8440 5 2 1 354 7285 7307 7309 7287 4028 4039 4040 4029
8441 5 2 1 354 3523 3534 3535 3524 7286 7308 7310 7288
8442 5 2 1 354 7286 7308 7310 7288 7287 7309 7311 7289
8443 5 2 1 354 7287 7309 7311 7289 4029 4040 4041 4030
8444 5 2 1 354 3524 3535 3536 3525 7288 7310 7312 7290
8445 5 2 1 354 7288 7310 7312 7290 7289 7311 7313 7291
8446 5 2 1 354 7289 7311 7313 7291 4030 4041 4042 4031
8447 5 2 1 354 3525 3536 3537 3526 7290 7312 7314 7292
8448 5 2 1 354 7290 7312 7314 7292 7291 7313 7315 7293
8449 5 2 1 354 7291 7313 7315 7293 4031 4042 4043 4032
8450 5 2 1 354 3526 3537 3538 3527 7292 7314 7316 7294
8451 5 2 1 354 7292 7314 7316 7294 7293 7315 7317 7295
8452 5 2 1 354 7293 7315 7317 7295 4032 4043 4044 4033
8453 5 2 1 354 3527 3538 3539 3528 7294 7316 7318 7296
8454 5 2 1 354 7294 7316 7318 7296 7295 7317 7319 7297
8455 5 2 1 354 7295 7317 7319 7297 4033 4044 4045 4034
8456 5 2 1 354 3528 3539 3540 3529 7296 7318 7320 7298
8457 5 2 1 354 7296 7318 7320 7298 7297 7319 7321 7299
8458 5 2 1 354 7297 7319 7321 7299 4034 4045 4046 4035
8459 5 2 1 354 3529 3540 3541 3530 7298 7320 7322 7300
8460 5 2 1 354 7298 7320 7322 7300 7299 7321 7323 7301
8461 5 2 1 354 7299 7321 7323 7301 4035 4046 4047 4036
8462 5 2 1 354 3530 3541 523 522 7300 7322 4515 4513
8463 5 2 1 354 7300 7322 4515 4513 7301 7323 4516 4514
8464 5 2 1 354 7301 7323 4516 4514 4036 4047 615 614
8465 5 2 1 354 477 45 881 3531 4423 1007 4772 7302
8466 5 2 1 354 4423 1007 4772 7302 4424 1008 4773 7303
8467 5 2 1 354 4424 1008 4773 7303 569 57 947 4037
8468 5 2 1 354 3531 881 882 3532 7302 4772 4774 7304
8469 5 2 1 354 7302 4772 4774 7304 7303 4773 4775 7305
8470 5 2 1 354 7303 4773 4775 7305 4037 947 948 4038
8471 5 2 1 354 3532 882 883 3533 7304 4774 4776 7306
8472 5 2 1 354 7304 4774 4776 7306 7305 4775 4777 7307
8473 5 2 1 354 7305 4775 4777 7307 4038 948 949 4039
8474 5 2 1 354 3533 883 884 3534 7306 4776 4778 7308
8475 5 2 1 354 7306 4776 4778 7308 7307 4777 4779 7309
8476 5 2 1 354 7307 4777 4779 7309 4039 949 950 4040
8477 5 2 1 354 3534 884 885 3535 7308 4778 4780 7310
8478 5 2 1 354 7308 4778 4780 7310 7309 4779 4781 7311
8479 5 2 1 354 7309 4779 4781 7311 4040 950 951 4041
8480 5 2 1 354 3535 885 886 3536 7310 4780 4782 7312
8481 5 2 1 354 7310 4780 4782 7312 7311 4781 4783 7313
8482 5 2 1 354 7311 4781 4783 7313 4041 951 952 4042
8483 5 2 1 354 3536 886 887 3537 7312 4782 4784 7314
8484 5 2 1 354 7312 4782 4784 7314 7313 4783 4785 7315
8485 5 2 1 354 7313 4783 4785 7315 4042 952 953 4043
8486 5 2 1 354 3537 887 888 3538 7314 4784 4786 7316
8487 5 2 1 354 7314 4784 4786 7316 7315 4785 4787 7317
8488 5 2 1 354 7315 4785 4787 7317 4043 953 954 4044
8489 5 2 1 354 3538 888 889 3539 7316 4786 4788 7318
8490 5 2 1 354 7316 4786 4788 7318 7317 4787 4789 7319
8491 5 2 1 354 7317 4787 4789 7319 4044 954 955 4045
8492 5 2 1 354 3539 889 890 3540 7318 4788 4790 7320
8493 5 2 1 354 7318 4788 4790 7320 7319 4789 4791 7321
8494 5 2 1 354 7319 4789 4791 7321 4045 955 956 4046
8495 5 2 1 354 3540 890 891 3541 7320 4790 4792 7322
8496 5 2 1 354 7320 4790 4792 7322 7321 4791 4793 7323
8497 5 2 1 354 7321 4791 4793 7323 4046 956 957 4047
8498 5 2 1 354 3541 891 51 523 7322 4792 1019 4515
8499 5 2 1 354 7322 4792 1019 4515 7323 4793 1020 4516
8500 5 2 1 354 7323 4793 1020 4516 4047 957 63 615
8501 5 2 1 356 45 478 3542 881 1007 4425 7324 4772
8502 5 2 1 356 1007 4425 7324 4772 1008 4426 7325 4773
8503 5 2 1 356 1008 4426 7325 4773 57 570 4048 947
8504 5 2 1 356 881 3542 3543 882 4772 7324 7326 4774
8505 5 2 1 356 4772 7324 7326 4774 4773 7325 7327 4775
8506 5 2 1 356 4773 7325 7327 4775 947 4048 4049 948
8507 5 2 1 356 882 3543 3544 883 4774 7326 7328 4776
8508 5 2 1 356 4774 7326 7328 4776 4775 7327 7329 4777
8509 5 2 1 356 4775 7327 7329 4777 948 4049 4050 949
8510 5 2 1 356 883 3544 3545 884 4776 7328 7330 4778
8511 5 2 1 356 4776 7328 7330 4778 4777 7329 7331 4779
8512 5 2 1 356 4777 7329 7331 4779 949 4050 4051 950
8513 5 2 1 356 884 3545 3546 885 4778 7330 7332 4780
8514 5 2 1 356 4778 7330 7332 4780 4779 7331 7333 4781
8515 5 2 1 356 4779 7331 7333 4781 950 4051 4052 951
8516 5 2 1 356 885 3546 3547 886 4780 7332 7334 4782
8517 5 2 1 356 4780 7332 7334 4782 4781 7333 7335 4783
8518 5 2 1 356 4781 7333 7335 4783 951 4052 4053 952
8519 5 2 1 356 886 3547 3548 887 4782 7334 7336 4784
8520 5 2 1 356 4782 7334 7336 4784 4783 7335 7337 4785
8521 5 2 1 356 4783 7335 7337 4785 952 4053 4054 953
8522 5 2 1 356 887 3548 3549 888 4784 7336 7338 4786
8523 5 2 1 356 4784 7336 7338 4786 4785 7337 7339 4787
8524 5 2 1 356 4785 7337 7339 4787 953 4054 4055 954
8525 5 2 1 356 888 3549 3550 889 4786 7338 7340 4788
8526 5 2 1 356 4786 7338 7340 4788 4787 7339 7341 4789
8527 5 2 1 356 4787 7339 7341 4789 954 4055 4056 955
8528 5 2 1 356 889 3550 3551 890 4788 7340 7342 4790
8529 5 2 1 356 4788 7340 7342 4790 4789 7341 7343 4791
8530 5 2 1 356 4789 7341 7343 4791 955 4056 4057 956
8531 5 2 1 356 890 3551 3552 891 4790 7342 7344 4792
8532 5 2 1 356 4790 7342 7344 4792 4791 7343 7345 4793
8533 5 2 1 356 4791 7343 7345 4793 956 4057 4058 957
8534 5 2 1 356 891 3552 524 51 4792 7344 4517 1019
8535 5 2 1 356 4792 7344 4517 1019 4793 7345 4518 1020
8536 5 2 1 356 4793 7345 4518 1020 957 4058 616 63
8537 5 2 1 356 478 46 892 3542 4425 1009 4794 7324
8538 5 2 1 356 4425 1009 4794 7324 4426 1010 4795 7325
8539 5 2 1 356 4426 1010 4795 7325 570 58 958 4048
8540 5 2 1 356 3542 892 893 3543 7324 4794 4796 7326
8541 5 2 1 356 7324 4794 4796 7326 7325 4795 4797 7327
8542 5 2 1 356 7325 4795 4797 7327 4048 958 959 4049
8543 5 2 1 356 3543 893 894 3544 7326 4796 4798 7328
8544 5 2 1 356 7326 4796 4798 7328 7327 4797 4799 7329
8545 5 2 1 356 7327 4797 4799 7329 4049 959 960 4050
8546 5 2 1 356 3544 894 895 3545 7328 4798 4800 7330
8547 5 2 1 356 7328 4798 4800 7330 7329 4799 4801 7331
8548 5 2 1 356 7329 4799 4801 7331 4050 960 961 4051
8549 5 2 1 356 3545 895 896 3546 7330 4800 4802 7332
8550 5 2 1 356 7330 4800 4802 7332 7331 4801 4803 7333
8551 5 2 1 356 7331 4801 4803 7333 4051 961 962 4052
8552 5 2 1 356 3546 896 897 3547 7332 4802 4804 7334
8553 5 2 1 356 7332 4802 4804 7334 7333 4803 4805 7335
8554 5 2 1 356 7333 4803 4805 7335 4052 962 963 4053
8555 5 2 1 356 3547 897 898 3548 7334 4804 4806 7336
8556 5 2 1 356 7334 4804 4806 7336 7335 4805 4807 7337
8557 5 2 1 356 7335 4805 4807 7337 4053 963 964 4054
8558 5 2 1 356 3548 898 899 3549 7336 4806 4808 7338
8559 5 2 1 356 7336 4806 4808 7338 7337 4807 4809 7339
8560 5 2 1 356 7337 4807 4809 7339 4054 964 965 4055
8561 5 2 1 356 3549 899 900 3550 7338 4808 4810 7340
8562 5 2 1 356 7338 4808 4810 7340 7339 4809 4811 7341
8563 5 2 1 356 7339 4809 4811 7341 4055 965 966 4056
8564 5 2 1 356 3550 900 901 3551 7340 4810 4812 7342
8565 5 2 1 356 7340 4810 4812 7342 7341 4811 4813 7343
8566 5 2 1 356 7341 4811 4813 7343 4056 966 967 4057
8567 5 2 1 356 3551 901 902 3552 7342 4812 4814 7344
8568 5 2 1 356 7342 4812 4814 7344 7343 4813 4815 7345
8569 5 2 1 356 7343 4813 4815 7345 4057 967 968 4058
8570 5 2 1 356 3552 902 52 524 7344 4814 1021 4517
8571 5 2 1 356 7344 4814 1021 4517 7345 4815 1022 4518
8572 5 2 1 356 7345 4815 1022 4518 4058 968 64 616
$EndElements
