$MeshFormat
2.2 0 8
$EndMeshFormat
$PhysicalNames
13
2 6 "Front"
2 7 "Back"
2 8 "Bottom"
2 9 "Top"
2 10 "LeftBoundary"
2 11 "RightBoundary"
2 12 "LeftCrack"
2 13 "RightCrack"
3 1 "Region_Left_Lower"
3 2 "Region_Left_Upper"
3 3 "Region_Middle"
3 4 "Region_Right_Lower"
3 5 "Region_Right_Upper"
$EndPhysicalNames
$Nodes
1331
1 0 0 0
2 0.3 0 0
3 0.7 0 0
4 1 0 0
5 0 1 0
6 0.3 1 0
7 0.7 1 0
8 1 1 0
9 0 0.55 0
10 0.3 0.55 0
11 0 0.65 0
12 0.3 0.65 0
13 0.7 0.35 0
14 1 0.35 0
15 0.7 0.45 0
16 1 0.45 0
17 0 0 1
18 0.3 0 1
19 0.3 0.55 1
20 0 0.55 1
21 0 0.65 1
22 0.3 0.65 1
23 0.3 1 1
24 0 1 1
25 0.7 0 1
26 0.7 0.35 1
27 0.7 0.45 1
28 0.7 1 1
29 1 0 1
30 1 0.35 1
31 1 0.45 1
32 1 1 1
33 0.0999999999997538 0 0
34 0.1999999999997478 0 0
35 0.399999999999783 0 0
36 0.4999999999995011 0 0
37 0.5999999999997396 0 0
38 0.799999999999819 0 0
39 0.8999999999998334 0 0
40 0.0999999999997538 1 0
41 0.1999999999997478 1 0
42 0.399999999999783 1 0
43 0.4999999999995011 1 0
44 0.5999999999997396 1 0
45 0.799999999999819 1 0
46 0.8999999999998334 1 0
47 0 0.09166666666647762 0
48 0 0.1833333333328603 0
49 0 0.2749999999992648 0
50 0 0.3666666666661693 0
51 0 0.4583333333330736 0
52 0 0.7666666666662403 0
53 0 0.8833333333329503 0
54 1 0.1166666666663845 0
55 1 0.2333333333330381 0
56 1 0.5416666666664244 0
57 1 0.6333333333327404 0
58 1 0.7249999999992084 0
59 1 0.8166666666662115 0
60 1 0.9083333333331129 0
61 0.3 0.09166666666647762 0
62 0.3 0.1833333333328603 0
63 0.3 0.2749999999992648 0
64 0.3 0.3666666666661693 0
65 0.3 0.4583333333330736 0
66 0.3 0.7666666666662403 0
67 0.3 0.8833333333329503 0
68 0.7 0.1166666666663845 0
69 0.7 0.2333333333330381 0
70 0.7 0.5416666666664244 0
71 0.7 0.6333333333327404 0
72 0.7 0.7249999999992084 0
73 0.7 0.8166666666662115 0
74 0.7 0.9083333333331129 0
75 0.0999999999997538 0.55 0
76 0.1999999999997478 0.55 0
77 0.2000000000002566 0.65 0
78 0.1000000000002548 0.65 0
79 0.799999999999819 0.35 0
80 0.8999999999998334 0.35 0
81 0.900000000000181 0.45 0
82 0.8000000000001666 0.45 0
83 0.0999999999997538 0 1
84 0.1999999999997478 0 1
85 0.3 0.09166666666647762 1
86 0.3 0.1833333333328603 1
87 0.3 0.2749999999992648 1
88 0.3 0.3666666666661693 1
89 0.3 0.4583333333330736 1
90 0.1999999999997478 0.55 1
91 0.0999999999997538 0.55 1
92 0 0.4583333333330736 1
93 0 0.3666666666661693 1
94 0 0.2749999999992648 1
95 0 0.1833333333328603 1
96 0 0.09166666666647762 1
97 0 0 0.1
98 0 0 0.2
99 0 0 0.3
100 0 0 0.4
101 0 0 0.5
102 0 0 0.6
103 0 0 0.7
104 0 0 0.8
105 0 0 0.9
106 0.3 0 0.1
107 0.3 0 0.2
108 0.3 0 0.3
109 0.3 0 0.4
110 0.3 0 0.5
111 0.3 0 0.6
112 0.3 0 0.7
113 0.3 0 0.8
114 0.3 0 0.9
115 0.3 0.55 0.1
116 0.3 0.55 0.2
117 0.3 0.55 0.3
118 0.3 0.55 0.4
119 0.3 0.55 0.5
120 0.3 0.55 0.6
121 0.3 0.55 0.7
122 0.3 0.55 0.8
123 0.3 0.55 0.9
124 0 0.55 0.1
125 0 0.55 0.2
126 0 0.55 0.3
127 0 0.55 0.4
128 0 0.55 0.5
129 0 0.55 0.6
130 0 0.55 0.7
131 0 0.55 0.8
132 0 0.55 0.9
133 0.1000000000002548 0.65 1
134 0.2000000000002566 0.65 1
135 0.3 0.7666666666662403 1
136 0.3 0.8833333333329503 1
137 0.1999999999997478 1 1
138 0.0999999999997538 1 1
139 0 0.8833333333329503 1
140 0 0.7666666666662403 1
141 0 0.65 0.1
142 0 0.65 0.2
143 0 0.65 0.3
144 0 0.65 0.4
145 0 0.65 0.5
146 0 0.65 0.6
147 0 0.65 0.7
148 0 0.65 0.8
149 0 0.65 0.9
150 0.3 0.65 0.1
151 0.3 0.65 0.2
152 0.3 0.65 0.3
153 0.3 0.65 0.4
154 0.3 0.65 0.5
155 0.3 0.65 0.6
156 0.3 0.65 0.7
157 0.3 0.65 0.8
158 0.3 0.65 0.9
159 0.3 1 0.1
160 0.3 1 0.2
161 0.3 1 0.3
162 0.3 1 0.4
163 0.3 1 0.5
164 0.3 1 0.6
165 0.3 1 0.7
166 0.3 1 0.8
167 0.3 1 0.9
168 0 1 0.1
169 0 1 0.2
170 0 1 0.3
171 0 1 0.4
172 0 1 0.5
173 0 1 0.6
174 0 1 0.7
175 0 1 0.8
176 0 1 0.9
177 0.399999999999783 0 1
178 0.4999999999995011 0 1
179 0.5999999999997396 0 1
180 0.7 0.1166666666663845 1
181 0.7 0.2333333333330381 1
182 0.7 0.5416666666664244 1
183 0.7 0.6333333333327404 1
184 0.7 0.7249999999992084 1
185 0.7 0.8166666666662115 1
186 0.7 0.9083333333331129 1
187 0.5999999999997396 1 1
188 0.4999999999995011 1 1
189 0.399999999999783 1 1
190 0.7 0 0.1
191 0.7 0 0.2
192 0.7 0 0.3
193 0.7 0 0.4
194 0.7 0 0.5
195 0.7 0 0.6
196 0.7 0 0.7
197 0.7 0 0.8
198 0.7 0 0.9
199 0.7 0.35 0.1
200 0.7 0.35 0.2
201 0.7 0.35 0.3
202 0.7 0.35 0.4
203 0.7 0.35 0.5
204 0.7 0.35 0.6
205 0.7 0.35 0.7
206 0.7 0.35 0.8
207 0.7 0.35 0.9
208 0.7 0.45 0.1
209 0.7 0.45 0.2
210 0.7 0.45 0.3
211 0.7 0.45 0.4
212 0.7 0.45 0.5
213 0.7 0.45 0.6
214 0.7 0.45 0.7
215 0.7 0.45 0.8
216 0.7 0.45 0.9
217 0.7 1 0.1
218 0.7 1 0.2
219 0.7 1 0.3
220 0.7 1 0.4
221 0.7 1 0.5
222 0.7 1 0.6
223 0.7 1 0.7
224 0.7 1 0.8
225 0.7 1 0.9
226 0.799999999999819 0 1
227 0.8999999999998334 0 1
228 1 0.1166666666663845 1
229 1 0.2333333333330381 1
230 0.8999999999998334 0.35 1
231 0.799999999999819 0.35 1
232 1 0 0.1
233 1 0 0.2
234 1 0 0.3
235 1 0 0.4
236 1 0 0.5
237 1 0 0.6
238 1 0 0.7
239 1 0 0.8
240 1 0 0.9
241 1 0.35 0.1
242 1 0.35 0.2
243 1 0.35 0.3
244 1 0.35 0.4
245 1 0.35 0.5
246 1 0.35 0.6
247 1 0.35 0.7
248 1 0.35 0.8
249 1 0.35 0.9
250 0.8000000000001666 0.45 1
251 0.900000000000181 0.45 1
252 1 0.5416666666664244 1
253 1 0.6333333333327404 1
254 1 0.7249999999992084 1
255 1 0.8166666666662115 1
256 1 0.9083333333331129 1
257 0.8999999999998334 1 1
258 0.799999999999819 1 1
259 1 0.45 0.1
260 1 0.45 0.2
261 1 0.45 0.3
262 1 0.45 0.4
263 1 0.45 0.5
264 1 0.45 0.6
265 1 0.45 0.7
266 1 0.45 0.8
267 1 0.45 0.9
268 1 1 0.1
269 1 1 0.2
270 1 1 0.3
271 1 1 0.4
272 1 1 0.5
273 1 1 0.6
274 1 1 0.7
275 1 1 0.8
276 1 1 0.9
277 0.09999999999989505 0.09166666666647683 0
278 0.09999999999995027 0.1833333333329536 0
279 0.09999999999996485 0.2749999999995092 0
280 0.09999999999995063 0.3666666666662705 0
281 0.09999999999989548 0.458333333333117 0
282 0.1999999999998938 0.09166666666647694 0
283 0.1999999999999502 0.1833333333329537 0
284 0.1999999999999649 0.2749999999995094 0
285 0.1999999999999504 0.3666666666662705 0
286 0.1999999999998941 0.458333333333117 0
287 0.1000000000000592 0.7666666666664266 0
288 0.09999999999994397 0.8833333333331068 0
289 0.2000000000000593 0.7666666666664267 0
290 0.199999999999943 0.8833333333331069 0
291 0.3999999999998647 0.09651206377090996 0
292 0.3999999999999188 0.1928109805929437 0
293 0.3999999999999473 0.2887148576412878 0
294 0.3999999999999612 0.384049577148081 0
295 0.3999999999999671 0.4791909383712593 0
296 0.3999999999999678 0.5755958338235552 0
297 0.3999999999999606 0.6765069439289405 0
298 0.3999999999999367 0.7831815779458678 0
299 0.3999999999998807 0.8913467256444938 0
300 0.4999999999997787 0.1020411059183809 0
301 0.4999999999998871 0.2036466912704887 0
302 0.4999999999999323 0.3042730204930803 0
303 0.4999999999999515 0.4028799414484051 0
304 0.4999999999999584 0.4998778813567835 0
305 0.4999999999999563 0.5969041065582562 0
306 0.4999999999999406 0.6955854038194453 0
307 0.4999999999998964 0.7962999611414529 0
308 0.4999999999997857 0.8979626208406946 0
309 0.5999999999998669 0.1086374730483698 0
310 0.5999999999999305 0.2167496937942702 0
311 0.5999999999999587 0.3233603505559151 0
312 0.59999999999997 0.4242331222201419 0
313 0.599999999999973 0.5206380659799388 0
314 0.5999999999999697 0.6158175771169402 0
315 0.5999999999999565 0.7112156635779751 0
316 0.5999999999999248 0.8071810927170014 0
317 0.5999999999998589 0.9035093852709918 0
318 0.7999999999999248 0.1166666666665023 0
319 0.7999999999999248 0.2333333333331648 0
320 0.8999999999999277 0.1166666666665023 0
321 0.8999999999999277 0.2333333333331649 0
322 0.800000000000068 0.5416666666664395 0
323 0.8000000000000241 0.633333333332892 0
324 0.7999999999999999 0.7249999999994724 0
325 0.7999999999999751 0.8166666666662747 0
326 0.7999999999999285 0.9083333333331302 0
327 0.9000000000000714 0.5416666666664394 0
328 0.9000000000000248 0.633333333332892 0
329 0.9 0.7249999999994723 0
330 0.8999999999999758 0.8166666666662746 0
331 0.8999999999999319 0.9083333333331303 0
332 0.0999999999997538 0 0.1
333 0.0999999999997538 0 0.2
334 0.0999999999997538 0 0.3
335 0.0999999999997538 0 0.4
336 0.0999999999997538 0 0.5
337 0.0999999999997538 0 0.6
338 0.0999999999997538 0 0.7
339 0.0999999999997538 0 0.8
340 0.0999999999997538 0 0.9
341 0.1999999999997478 0 0.1
342 0.1999999999997478 0 0.2
343 0.1999999999997478 0 0.3
344 0.1999999999997478 0 0.4
345 0.1999999999997478 0 0.5
346 0.1999999999997478 0 0.6
347 0.1999999999997478 0 0.7
348 0.1999999999997478 0 0.8
349 0.1999999999997478 0 0.9
350 0.3 0.09166666666647762 0.1
351 0.3 0.09166666666647762 0.2
352 0.3 0.09166666666647762 0.3
353 0.3 0.09166666666647762 0.4
354 0.3 0.09166666666647762 0.5
355 0.3 0.09166666666647762 0.6
356 0.3 0.09166666666647762 0.7
357 0.3 0.09166666666647762 0.8
358 0.3 0.09166666666647762 0.9
359 0.3 0.1833333333328603 0.1
360 0.3 0.1833333333328603 0.2
361 0.3 0.1833333333328603 0.3
362 0.3 0.1833333333328603 0.4
363 0.3 0.1833333333328603 0.5
364 0.3 0.1833333333328603 0.6
365 0.3 0.1833333333328603 0.7
366 0.3 0.1833333333328603 0.8
367 0.3 0.1833333333328603 0.9
368 0.3 0.2749999999992648 0.1
369 0.3 0.2749999999992648 0.2
370 0.3 0.2749999999992648 0.3
371 0.3 0.2749999999992648 0.4
372 0.3 0.2749999999992648 0.5
373 0.3 0.2749999999992648 0.6
374 0.3 0.2749999999992648 0.7
375 0.3 0.2749999999992648 0.8
376 0.3 0.2749999999992648 0.9
377 0.3 0.3666666666661693 0.1
378 0.3 0.3666666666661693 0.2
379 0.3 0.3666666666661693 0.3
380 0.3 0.3666666666661693 0.4
381 0.3 0.3666666666661693 0.5
382 0.3 0.3666666666661693 0.6
383 0.3 0.3666666666661693 0.7
384 0.3 0.3666666666661693 0.8
385 0.3 0.3666666666661693 0.9
386 0.3 0.4583333333330736 0.1
387 0.3 0.4583333333330736 0.2
388 0.3 0.4583333333330736 0.3
389 0.3 0.4583333333330736 0.4
390 0.3 0.4583333333330736 0.5
391 0.3 0.4583333333330736 0.6
392 0.3 0.4583333333330736 0.7
393 0.3 0.4583333333330736 0.8
394 0.3 0.4583333333330736 0.9
395 0.0999999999997538 0.55 0.1
396 0.0999999999997538 0.55 0.2
397 0.0999999999997538 0.55 0.3
398 0.0999999999997538 0.55 0.4
399 0.0999999999997538 0.55 0.5
400 0.0999999999997538 0.55 0.6
401 0.0999999999997538 0.55 0.7
402 0.0999999999997538 0.55 0.8
403 0.0999999999997538 0.55 0.9
404 0.1999999999997478 0.55 0.1
405 0.1999999999997478 0.55 0.2
406 0.1999999999997478 0.55 0.3
407 0.1999999999997478 0.55 0.4
408 0.1999999999997478 0.55 0.5
409 0.1999999999997478 0.55 0.6
410 0.1999999999997478 0.55 0.7
411 0.1999999999997478 0.55 0.8
412 0.1999999999997478 0.55 0.9
413 0 0.09166666666647762 0.1
414 0 0.09166666666647762 0.2
415 0 0.09166666666647762 0.3
416 0 0.09166666666647762 0.4
417 0 0.09166666666647762 0.5
418 0 0.09166666666647762 0.6
419 0 0.09166666666647762 0.7
420 0 0.09166666666647762 0.8
421 0 0.09166666666647762 0.9
422 0 0.1833333333328603 0.1
423 0 0.1833333333328603 0.2
424 0 0.1833333333328603 0.3
425 0 0.1833333333328603 0.4
426 0 0.1833333333328603 0.5
427 0 0.1833333333328603 0.6
428 0 0.1833333333328603 0.7
429 0 0.1833333333328603 0.8
430 0 0.1833333333328603 0.9
431 0 0.2749999999992648 0.1
432 0 0.2749999999992648 0.2
433 0 0.2749999999992648 0.3
434 0 0.2749999999992648 0.4
435 0 0.2749999999992648 0.5
436 0 0.2749999999992648 0.6
437 0 0.2749999999992648 0.7
438 0 0.2749999999992648 0.8
439 0 0.2749999999992648 0.9
440 0 0.3666666666661693 0.1
441 0 0.3666666666661693 0.2
442 0 0.3666666666661693 0.3
443 0 0.3666666666661693 0.4
444 0 0.3666666666661693 0.5
445 0 0.3666666666661693 0.6
446 0 0.3666666666661693 0.7
447 0 0.3666666666661693 0.8
448 0 0.3666666666661693 0.9
449 0 0.4583333333330736 0.1
450 0 0.4583333333330736 0.2
451 0 0.4583333333330736 0.3
452 0 0.4583333333330736 0.4
453 0 0.4583333333330736 0.5
454 0 0.4583333333330736 0.6
455 0 0.4583333333330736 0.7
456 0 0.4583333333330736 0.8
457 0 0.4583333333330736 0.9
458 0.09999999999989505 0.09166666666647683 1
459 0.09999999999995027 0.1833333333329536 1
460 0.09999999999996485 0.2749999999995092 1
461 0.09999999999995063 0.3666666666662705 1
462 0.09999999999989548 0.458333333333117 1
463 0.1999999999998938 0.09166666666647694 1
464 0.1999999999999502 0.1833333333329537 1
465 0.1999999999999649 0.2749999999995094 1
466 0.1999999999999504 0.3666666666662705 1
467 0.1999999999998941 0.458333333333117 1
468 0.2000000000002566 0.65 0.1
469 0.2000000000002566 0.65 0.2
470 0.2000000000002566 0.65 0.3
471 0.2000000000002566 0.65 0.4
472 0.2000000000002566 0.65 0.5
473 0.2000000000002566 0.65 0.6
474 0.2000000000002566 0.65 0.7
475 0.2000000000002566 0.65 0.8
476 0.2000000000002566 0.65 0.9
477 0.1000000000002548 0.65 0.1
478 0.1000000000002548 0.65 0.2
479 0.1000000000002548 0.65 0.3
480 0.1000000000002548 0.65 0.4
481 0.1000000000002548 0.65 0.5
482 0.1000000000002548 0.65 0.6
483 0.1000000000002548 0.65 0.7
484 0.1000000000002548 0.65 0.8
485 0.1000000000002548 0.65 0.9
486 0.3 0.7666666666662403 0.1
487 0.3 0.7666666666662403 0.2
488 0.3 0.7666666666662403 0.3
489 0.3 0.7666666666662403 0.4
490 0.3 0.7666666666662403 0.5
491 0.3 0.7666666666662403 0.6
492 0.3 0.7666666666662403 0.7
493 0.3 0.7666666666662403 0.8
494 0.3 0.7666666666662403 0.9
495 0.3 0.8833333333329503 0.1
496 0.3 0.8833333333329503 0.2
497 0.3 0.8833333333329503 0.3
498 0.3 0.8833333333329503 0.4
499 0.3 0.8833333333329503 0.5
500 0.3 0.8833333333329503 0.6
501 0.3 0.8833333333329503 0.7
502 0.3 0.8833333333329503 0.8
503 0.3 0.8833333333329503 0.9
504 0.0999999999997538 1 0.1
505 0.0999999999997538 1 0.2
506 0.0999999999997538 1 0.3
507 0.0999999999997538 1 0.4
508 0.0999999999997538 1 0.5
509 0.0999999999997538 1 0.6
510 0.0999999999997538 1 0.7
511 0.0999999999997538 1 0.8
512 0.0999999999997538 1 0.9
513 0.1999999999997478 1 0.1
514 0.1999999999997478 1 0.2
515 0.1999999999997478 1 0.3
516 0.1999999999997478 1 0.4
517 0.1999999999997478 1 0.5
518 0.1999999999997478 1 0.6
519 0.1999999999997478 1 0.7
520 0.1999999999997478 1 0.8
521 0.1999999999997478 1 0.9
522 0 0.7666666666662403 0.1
523 0 0.7666666666662403 0.2
524 0 0.7666666666662403 0.3
525 0 0.7666666666662403 0.4
526 0 0.7666666666662403 0.5
527 0 0.7666666666662403 0.6
528 0 0.7666666666662403 0.7
529 0 0.7666666666662403 0.8
530 0 0.7666666666662403 0.9
531 0 0.8833333333329503 0.1
532 0 0.8833333333329503 0.2
533 0 0.8833333333329503 0.3
534 0 0.8833333333329503 0.4
535 0 0.8833333333329503 0.5
536 0 0.8833333333329503 0.6
537 0 0.8833333333329503 0.7
538 0 0.8833333333329503 0.8
539 0 0.8833333333329503 0.9
540 0.1000000000000592 0.7666666666664266 1
541 0.09999999999994397 0.8833333333331068 1
542 0.2000000000000593 0.7666666666664267 1
543 0.199999999999943 0.8833333333331069 1
544 0.399999999999783 0 0.1
545 0.399999999999783 0 0.2
546 0.399999999999783 0 0.3
547 0.399999999999783 0 0.4
548 0.399999999999783 0 0.5
549 0.399999999999783 0 0.6
550 0.399999999999783 0 0.7
551 0.399999999999783 0 0.8
552 0.399999999999783 0 0.9
553 0.4999999999995011 0 0.1
554 0.4999999999995011 0 0.2
555 0.4999999999995011 0 0.3
556 0.4999999999995011 0 0.4
557 0.4999999999995011 0 0.5
558 0.4999999999995011 0 0.6
559 0.4999999999995011 0 0.7
560 0.4999999999995011 0 0.8
561 0.4999999999995011 0 0.9
562 0.5999999999997396 0 0.1
563 0.5999999999997396 0 0.2
564 0.5999999999997396 0 0.3
565 0.5999999999997396 0 0.4
566 0.5999999999997396 0 0.5
567 0.5999999999997396 0 0.6
568 0.5999999999997396 0 0.7
569 0.5999999999997396 0 0.8
570 0.5999999999997396 0 0.9
571 0.7 0.1166666666663845 0.1
572 0.7 0.1166666666663845 0.2
573 0.7 0.1166666666663845 0.3
574 0.7 0.1166666666663845 0.4
575 0.7 0.1166666666663845 0.5
576 0.7 0.1166666666663845 0.6
577 0.7 0.1166666666663845 0.7
578 0.7 0.1166666666663845 0.8
579 0.7 0.1166666666663845 0.9
580 0.7 0.2333333333330381 0.1
581 0.7 0.2333333333330381 0.2
582 0.7 0.2333333333330381 0.3
583 0.7 0.2333333333330381 0.4
584 0.7 0.2333333333330381 0.5
585 0.7 0.2333333333330381 0.6
586 0.7 0.2333333333330381 0.7
587 0.7 0.2333333333330381 0.8
588 0.7 0.2333333333330381 0.9
589 0.7 0.5416666666664244 0.1
590 0.7 0.5416666666664244 0.2
591 0.7 0.5416666666664244 0.3
592 0.7 0.5416666666664244 0.4
593 0.7 0.5416666666664244 0.5
594 0.7 0.5416666666664244 0.6
595 0.7 0.5416666666664244 0.7
596 0.7 0.5416666666664244 0.8
597 0.7 0.5416666666664244 0.9
598 0.7 0.6333333333327404 0.1
599 0.7 0.6333333333327404 0.2
600 0.7 0.6333333333327404 0.3
601 0.7 0.6333333333327404 0.4
602 0.7 0.6333333333327404 0.5
603 0.7 0.6333333333327404 0.6
604 0.7 0.6333333333327404 0.7
605 0.7 0.6333333333327404 0.8
606 0.7 0.6333333333327404 0.9
607 0.7 0.7249999999992084 0.1
608 0.7 0.7249999999992084 0.2
609 0.7 0.7249999999992084 0.3
610 0.7 0.7249999999992084 0.4
611 0.7 0.7249999999992084 0.5
612 0.7 0.7249999999992084 0.6
613 0.7 0.7249999999992084 0.7
614 0.7 0.7249999999992084 0.8
615 0.7 0.7249999999992084 0.9
616 0.7 0.8166666666662115 0.1
617 0.7 0.8166666666662115 0.2
618 0.7 0.8166666666662115 0.3
619 0.7 0.8166666666662115 0.4
620 0.7 0.8166666666662115 0.5
621 0.7 0.8166666666662115 0.6
622 0.7 0.8166666666662115 0.7
623 0.7 0.8166666666662115 0.8
624 0.7 0.8166666666662115 0.9
625 0.7 0.9083333333331129 0.1
626 0.7 0.9083333333331129 0.2
627 0.7 0.9083333333331129 0.3
628 0.7 0.9083333333331129 0.4
629 0.7 0.9083333333331129 0.5
630 0.7 0.9083333333331129 0.6
631 0.7 0.9083333333331129 0.7
632 0.7 0.9083333333331129 0.8
633 0.7 0.9083333333331129 0.9
634 0.399999999999783 1 0.1
635 0.399999999999783 1 0.2
636 0.399999999999783 1 0.3
637 0.399999999999783 1 0.4
638 0.399999999999783 1 0.5
639 0.399999999999783 1 0.6
640 0.399999999999783 1 0.7
641 0.399999999999783 1 0.8
642 0.399999999999783 1 0.9
643 0.4999999999995011 1 0.1
644 0.4999999999995011 1 0.2
645 0.4999999999995011 1 0.3
646 0.4999999999995011 1 0.4
647 0.4999999999995011 1 0.5
648 0.4999999999995011 1 0.6
649 0.4999999999995011 1 0.7
650 0.4999999999995011 1 0.8
651 0.4999999999995011 1 0.9
652 0.5999999999997396 1 0.1
653 0.5999999999997396 1 0.2
654 0.5999999999997396 1 0.3
655 0.5999999999997396 1 0.4
656 0.5999999999997396 1 0.5
657 0.5999999999997396 1 0.6
658 0.5999999999997396 1 0.7
659 0.5999999999997396 1 0.8
660 0.5999999999997396 1 0.9
661 0.3999999999998647 0.09651206377090996 1
662 0.3999999999999188 0.1928109805929437 1
663 0.3999999999999473 0.2887148576412878 1
664 0.3999999999999612 0.384049577148081 1
665 0.3999999999999671 0.4791909383712593 1
666 0.3999999999999678 0.5755958338235552 1
667 0.3999999999999606 0.6765069439289405 1
668 0.3999999999999367 0.7831815779458678 1
669 0.3999999999998807 0.8913467256444938 1
670 0.4999999999997787 0.1020411059183809 1
671 0.4999999999998871 0.2036466912704887 1
672 0.4999999999999323 0.3042730204930803 1
673 0.4999999999999515 0.4028799414484051 1
674 0.4999999999999584 0.4998778813567835 1
675 0.4999999999999563 0.5969041065582562 1
676 0.4999999999999406 0.6955854038194453 1
677 0.4999999999998964 0.7962999611414529 1
678 0.4999999999997857 0.8979626208406946 1
679 0.5999999999998669 0.1086374730483698 1
680 0.5999999999999305 0.2167496937942702 1
681 0.5999999999999587 0.3233603505559151 1
682 0.59999999999997 0.4242331222201419 1
683 0.599999999999973 0.5206380659799388 1
684 0.5999999999999697 0.6158175771169402 1
685 0.5999999999999565 0.7112156635779751 1
686 0.5999999999999248 0.8071810927170014 1
687 0.5999999999998589 0.9035093852709918 1
688 0.799999999999819 0 0.1
689 0.799999999999819 0 0.2
690 0.799999999999819 0 0.3
691 0.799999999999819 0 0.4
692 0.799999999999819 0 0.5
693 0.799999999999819 0 0.6
694 0.799999999999819 0 0.7
695 0.799999999999819 0 0.8
696 0.799999999999819 0 0.9
697 0.8999999999998334 0 0.1
698 0.8999999999998334 0 0.2
699 0.8999999999998334 0 0.3
700 0.8999999999998334 0 0.4
701 0.8999999999998334 0 0.5
702 0.8999999999998334 0 0.6
703 0.8999999999998334 0 0.7
704 0.8999999999998334 0 0.8
705 0.8999999999998334 0 0.9
706 1 0.1166666666663845 0.1
707 1 0.1166666666663845 0.2
708 1 0.1166666666663845 0.3
709 1 0.1166666666663845 0.4
710 1 0.1166666666663845 0.5
711 1 0.1166666666663845 0.6
712 1 0.1166666666663845 0.7
713 1 0.1166666666663845 0.8
714 1 0.1166666666663845 0.9
715 1 0.2333333333330381 0.1
716 1 0.2333333333330381 0.2
717 1 0.2333333333330381 0.3
718 1 0.2333333333330381 0.4
719 1 0.2333333333330381 0.5
720 1 0.2333333333330381 0.6
721 1 0.2333333333330381 0.7
722 1 0.2333333333330381 0.8
723 1 0.2333333333330381 0.9
724 0.799999999999819 0.35 0.1
725 0.799999999999819 0.35 0.2
726 0.799999999999819 0.35 0.3
727 0.799999999999819 0.35 0.4
728 0.799999999999819 0.35 0.5
729 0.799999999999819 0.35 0.6
730 0.799999999999819 0.35 0.7
731 0.799999999999819 0.35 0.8
732 0.799999999999819 0.35 0.9
733 0.8999999999998334 0.35 0.1
734 0.8999999999998334 0.35 0.2
735 0.8999999999998334 0.35 0.3
736 0.8999999999998334 0.35 0.4
737 0.8999999999998334 0.35 0.5
738 0.8999999999998334 0.35 0.6
739 0.8999999999998334 0.35 0.7
740 0.8999999999998334 0.35 0.8
741 0.8999999999998334 0.35 0.9
742 0.7999999999999248 0.1166666666665023 1
743 0.7999999999999248 0.2333333333331648 1
744 0.8999999999999277 0.1166666666665023 1
745 0.8999999999999277 0.2333333333331649 1
746 0.900000000000181 0.45 0.1
747 0.900000000000181 0.45 0.2
748 0.900000000000181 0.45 0.3
749 0.900000000000181 0.45 0.4
750 0.900000000000181 0.45 0.5
751 0.900000000000181 0.45 0.6
752 0.900000000000181 0.45 0.7
753 0.900000000000181 0.45 0.8
754 0.900000000000181 0.45 0.9
755 0.8000000000001666 0.45 0.1
756 0.8000000000001666 0.45 0.2
757 0.8000000000001666 0.45 0.3
758 0.8000000000001666 0.45 0.4
759 0.8000000000001666 0.45 0.5
760 0.8000000000001666 0.45 0.6
761 0.8000000000001666 0.45 0.7
762 0.8000000000001666 0.45 0.8
763 0.8000000000001666 0.45 0.9
764 1 0.5416666666664244 0.1
765 1 0.5416666666664244 0.2
766 1 0.5416666666664244 0.3
767 1 0.5416666666664244 0.4
768 1 0.5416666666664244 0.5
769 1 0.5416666666664244 0.6
770 1 0.5416666666664244 0.7
771 1 0.5416666666664244 0.8
772 1 0.5416666666664244 0.9
773 1 0.6333333333327404 0.1
774 1 0.6333333333327404 0.2
775 1 0.6333333333327404 0.3
776 1 0.6333333333327404 0.4
777 1 0.6333333333327404 0.5
778 1 0.6333333333327404 0.6
779 1 0.6333333333327404 0.7
780 1 0.6333333333327404 0.8
781 1 0.6333333333327404 0.9
782 1 0.7249999999992084 0.1
783 1 0.7249999999992084 0.2
784 1 0.7249999999992084 0.3
785 1 0.7249999999992084 0.4
786 1 0.7249999999992084 0.5
787 1 0.7249999999992084 0.6
788 1 0.7249999999992084 0.7
789 1 0.7249999999992084 0.8
790 1 0.7249999999992084 0.9
791 1 0.8166666666662115 0.1
792 1 0.8166666666662115 0.2
793 1 0.8166666666662115 0.3
794 1 0.8166666666662115 0.4
795 1 0.8166666666662115 0.5
796 1 0.8166666666662115 0.6
797 1 0.8166666666662115 0.7
798 1 0.8166666666662115 0.8
799 1 0.8166666666662115 0.9
800 1 0.9083333333331129 0.1
801 1 0.9083333333331129 0.2
802 1 0.9083333333331129 0.3
803 1 0.9083333333331129 0.4
804 1 0.9083333333331129 0.5
805 1 0.9083333333331129 0.6
806 1 0.9083333333331129 0.7
807 1 0.9083333333331129 0.8
808 1 0.9083333333331129 0.9
809 0.799999999999819 1 0.1
810 0.799999999999819 1 0.2
811 0.799999999999819 1 0.3
812 0.799999999999819 1 0.4
813 0.799999999999819 1 0.5
814 0.799999999999819 1 0.6
815 0.799999999999819 1 0.7
816 0.799999999999819 1 0.8
817 0.799999999999819 1 0.9
818 0.8999999999998334 1 0.1
819 0.8999999999998334 1 0.2
820 0.8999999999998334 1 0.3
821 0.8999999999998334 1 0.4
822 0.8999999999998334 1 0.5
823 0.8999999999998334 1 0.6
824 0.8999999999998334 1 0.7
825 0.8999999999998334 1 0.8
826 0.8999999999998334 1 0.9
827 0.800000000000068 0.5416666666664395 1
828 0.8000000000000241 0.633333333332892 1
829 0.7999999999999999 0.7249999999994724 1
830 0.7999999999999751 0.8166666666662747 1
831 0.7999999999999285 0.9083333333331302 1
832 0.9000000000000714 0.5416666666664394 1
833 0.9000000000000248 0.633333333332892 1
834 0.9 0.7249999999994723 1
835 0.8999999999999758 0.8166666666662746 1
836 0.8999999999999319 0.9083333333331303 1
837 0.09999999999989505 0.09166666666647683 0.1
838 0.09999999999989505 0.09166666666647683 0.2
839 0.09999999999989505 0.09166666666647683 0.3
840 0.09999999999989505 0.09166666666647683 0.4
841 0.09999999999989505 0.09166666666647683 0.5
842 0.09999999999989505 0.09166666666647683 0.6
843 0.09999999999989505 0.09166666666647683 0.7
844 0.09999999999989505 0.09166666666647683 0.8
845 0.09999999999989505 0.09166666666647683 0.9
846 0.09999999999995027 0.1833333333329536 0.1
847 0.09999999999995027 0.1833333333329536 0.2
848 0.09999999999995027 0.1833333333329536 0.3
849 0.09999999999995027 0.1833333333329536 0.4
850 0.09999999999995027 0.1833333333329536 0.5
851 0.09999999999995027 0.1833333333329536 0.6
852 0.09999999999995027 0.1833333333329536 0.7
853 0.09999999999995027 0.1833333333329536 0.8
854 0.09999999999995027 0.1833333333329536 0.9
855 0.09999999999996485 0.2749999999995092 0.1
856 0.09999999999996485 0.2749999999995092 0.2
857 0.09999999999996485 0.2749999999995092 0.3
858 0.09999999999996485 0.2749999999995092 0.4
859 0.09999999999996485 0.2749999999995092 0.5
860 0.09999999999996485 0.2749999999995092 0.6
861 0.09999999999996485 0.2749999999995092 0.7
862 0.09999999999996485 0.2749999999995092 0.8
863 0.09999999999996485 0.2749999999995092 0.9
864 0.09999999999995063 0.3666666666662705 0.1
865 0.09999999999995063 0.3666666666662705 0.2
866 0.09999999999995063 0.3666666666662705 0.3
867 0.09999999999995063 0.3666666666662705 0.4
868 0.09999999999995063 0.3666666666662705 0.5
869 0.09999999999995063 0.3666666666662705 0.6
870 0.09999999999995063 0.3666666666662705 0.7
871 0.09999999999995063 0.3666666666662705 0.8
872 0.09999999999995063 0.3666666666662705 0.9
873 0.09999999999989548 0.458333333333117 0.1
874 0.09999999999989548 0.458333333333117 0.2
875 0.09999999999989548 0.458333333333117 0.3
876 0.09999999999989548 0.458333333333117 0.4
877 0.09999999999989548 0.458333333333117 0.5
878 0.09999999999989548 0.458333333333117 0.6
879 0.09999999999989548 0.458333333333117 0.7
880 0.09999999999989548 0.458333333333117 0.8
881 0.09999999999989548 0.458333333333117 0.9
882 0.1999999999998938 0.09166666666647694 0.1
883 0.1999999999998938 0.09166666666647694 0.2
884 0.1999999999998938 0.09166666666647694 0.3
885 0.1999999999998938 0.09166666666647694 0.4
886 0.1999999999998938 0.09166666666647694 0.5
887 0.1999999999998938 0.09166666666647694 0.6
888 0.1999999999998938 0.09166666666647694 0.7
889 0.1999999999998938 0.09166666666647694 0.8
890 0.1999999999998938 0.09166666666647694 0.9
891 0.1999999999999502 0.1833333333329537 0.1
892 0.1999999999999502 0.1833333333329537 0.2
893 0.1999999999999502 0.1833333333329537 0.3
894 0.1999999999999502 0.1833333333329537 0.4
895 0.1999999999999502 0.1833333333329537 0.5
896 0.1999999999999502 0.1833333333329537 0.6
897 0.1999999999999502 0.1833333333329537 0.7
898 0.1999999999999502 0.1833333333329537 0.8
899 0.1999999999999502 0.1833333333329537 0.9
900 0.1999999999999649 0.2749999999995094 0.1
901 0.1999999999999649 0.2749999999995094 0.2
902 0.1999999999999649 0.2749999999995094 0.3
903 0.1999999999999649 0.2749999999995094 0.4
904 0.1999999999999649 0.2749999999995094 0.5
905 0.1999999999999649 0.2749999999995094 0.6
906 0.1999999999999649 0.2749999999995094 0.7
907 0.1999999999999649 0.2749999999995094 0.8
908 0.1999999999999649 0.2749999999995094 0.9
909 0.1999999999999504 0.3666666666662705 0.1
910 0.1999999999999504 0.3666666666662705 0.2
911 0.1999999999999504 0.3666666666662705 0.3
912 0.1999999999999504 0.3666666666662705 0.4
913 0.1999999999999504 0.3666666666662705 0.5
914 0.1999999999999504 0.3666666666662705 0.6
915 0.1999999999999504 0.3666666666662705 0.7
916 0.1999999999999504 0.3666666666662705 0.8
917 0.1999999999999504 0.3666666666662705 0.9
918 0.1999999999998941 0.458333333333117 0.1
919 0.1999999999998941 0.458333333333117 0.2
920 0.1999999999998941 0.458333333333117 0.3
921 0.1999999999998941 0.458333333333117 0.4
922 0.1999999999998941 0.458333333333117 0.5
923 0.1999999999998941 0.458333333333117 0.6
924 0.1999999999998941 0.458333333333117 0.7
925 0.1999999999998941 0.458333333333117 0.8
926 0.1999999999998941 0.458333333333117 0.9
927 0.1000000000000592 0.7666666666664266 0.1
928 0.1000000000000592 0.7666666666664266 0.2
929 0.1000000000000592 0.7666666666664266 0.3
930 0.1000000000000592 0.7666666666664266 0.4
931 0.1000000000000592 0.7666666666664266 0.5
932 0.1000000000000592 0.7666666666664266 0.6
933 0.1000000000000592 0.7666666666664266 0.7
934 0.1000000000000592 0.7666666666664266 0.8
935 0.1000000000000592 0.7666666666664266 0.9
936 0.09999999999994397 0.8833333333331068 0.1
937 0.09999999999994397 0.8833333333331068 0.2
938 0.09999999999994397 0.8833333333331068 0.3
939 0.09999999999994397 0.8833333333331068 0.4
940 0.09999999999994397 0.8833333333331068 0.5
941 0.09999999999994397 0.8833333333331068 0.6
942 0.09999999999994397 0.8833333333331068 0.7
943 0.09999999999994397 0.8833333333331068 0.8
944 0.09999999999994397 0.8833333333331068 0.9
945 0.2000000000000593 0.7666666666664267 0.1
946 0.2000000000000593 0.7666666666664267 0.2
947 0.2000000000000593 0.7666666666664267 0.3
948 0.2000000000000593 0.7666666666664267 0.4
949 0.2000000000000593 0.7666666666664267 0.5
950 0.2000000000000593 0.7666666666664267 0.6
951 0.2000000000000593 0.7666666666664267 0.7
952 0.2000000000000593 0.7666666666664267 0.8
953 0.2000000000000593 0.7666666666664267 0.9
954 0.199999999999943 0.8833333333331069 0.1
955 0.199999999999943 0.8833333333331069 0.2
956 0.199999999999943 0.8833333333331069 0.3
957 0.199999999999943 0.8833333333331069 0.4
958 0.199999999999943 0.8833333333331069 0.5
959 0.199999999999943 0.8833333333331069 0.6
960 0.199999999999943 0.8833333333331069 0.7
961 0.199999999999943 0.8833333333331069 0.8
962 0.199999999999943 0.8833333333331069 0.9
963 0.3999999999998647 0.09651206377090996 0.1
964 0.3999999999998647 0.09651206377090996 0.2
965 0.3999999999998647 0.09651206377090996 0.3
966 0.3999999999998647 0.09651206377090996 0.4
967 0.3999999999998647 0.09651206377090996 0.5
968 0.3999999999998647 0.09651206377090996 0.6
969 0.3999999999998647 0.09651206377090996 0.7
970 0.3999999999998647 0.09651206377090996 0.8
971 0.3999999999998647 0.09651206377090996 0.9
972 0.3999999999999188 0.1928109805929437 0.1
973 0.3999999999999188 0.1928109805929437 0.2
974 0.3999999999999188 0.1928109805929437 0.3
975 0.3999999999999188 0.1928109805929437 0.4
976 0.3999999999999188 0.1928109805929437 0.5
977 0.3999999999999188 0.1928109805929437 0.6
978 0.3999999999999188 0.1928109805929437 0.7
979 0.3999999999999188 0.1928109805929437 0.8
980 0.3999999999999188 0.1928109805929437 0.9
981 0.3999999999999473 0.2887148576412878 0.1
982 0.3999999999999473 0.2887148576412878 0.2
983 0.3999999999999473 0.2887148576412878 0.3
984 0.3999999999999473 0.2887148576412878 0.4
985 0.3999999999999473 0.2887148576412878 0.5
986 0.3999999999999473 0.2887148576412878 0.6
987 0.3999999999999473 0.2887148576412878 0.7
988 0.3999999999999473 0.2887148576412878 0.8
989 0.3999999999999473 0.2887148576412878 0.9
990 0.3999999999999612 0.384049577148081 0.1
991 0.3999999999999612 0.384049577148081 0.2
992 0.3999999999999612 0.384049577148081 0.3
993 0.3999999999999612 0.384049577148081 0.4
994 0.3999999999999612 0.384049577148081 0.5
995 0.3999999999999612 0.384049577148081 0.6
996 0.3999999999999612 0.384049577148081 0.7
997 0.3999999999999612 0.384049577148081 0.8
998 0.3999999999999612 0.384049577148081 0.9
999 0.3999999999999671 0.4791909383712593 0.1
1000 0.3999999999999671 0.4791909383712593 0.2
1001 0.3999999999999671 0.4791909383712593 0.3
1002 0.3999999999999671 0.4791909383712593 0.4
1003 0.3999999999999671 0.4791909383712593 0.5
1004 0.3999999999999671 0.4791909383712593 0.6
1005 0.3999999999999671 0.4791909383712593 0.7
1006 0.3999999999999671 0.4791909383712593 0.8
1007 0.3999999999999671 0.4791909383712593 0.9
1008 0.3999999999999678 0.5755958338235552 0.1
1009 0.3999999999999678 0.5755958338235552 0.2
1010 0.3999999999999678 0.5755958338235552 0.3
1011 0.3999999999999678 0.5755958338235552 0.4
1012 0.3999999999999678 0.5755958338235552 0.5
1013 0.3999999999999678 0.5755958338235552 0.6
1014 0.3999999999999678 0.5755958338235552 0.7
1015 0.3999999999999678 0.5755958338235552 0.8
1016 0.3999999999999678 0.5755958338235552 0.9
1017 0.3999999999999606 0.6765069439289405 0.1
1018 0.3999999999999606 0.6765069439289405 0.2
1019 0.3999999999999606 0.6765069439289405 0.3
1020 0.3999999999999606 0.6765069439289405 0.4
1021 0.3999999999999606 0.6765069439289405 0.5
1022 0.3999999999999606 0.6765069439289405 0.6
1023 0.3999999999999606 0.6765069439289405 0.7
1024 0.3999999999999606 0.6765069439289405 0.8
1025 0.3999999999999606 0.6765069439289405 0.9
1026 0.3999999999999367 0.7831815779458678 0.1
1027 0.3999999999999367 0.7831815779458678 0.2
1028 0.3999999999999367 0.7831815779458678 0.3
1029 0.3999999999999367 0.7831815779458678 0.4
1030 0.3999999999999367 0.7831815779458678 0.5
1031 0.3999999999999367 0.7831815779458678 0.6
1032 0.3999999999999367 0.7831815779458678 0.7
1033 0.3999999999999367 0.7831815779458678 0.8
1034 0.3999999999999367 0.7831815779458678 0.9
1035 0.3999999999998807 0.8913467256444938 0.1
1036 0.3999999999998807 0.8913467256444938 0.2
1037 0.3999999999998807 0.8913467256444938 0.3
1038 0.3999999999998807 0.8913467256444938 0.4
1039 0.3999999999998807 0.8913467256444938 0.5
1040 0.3999999999998807 0.8913467256444938 0.6
1041 0.3999999999998807 0.8913467256444938 0.7
1042 0.3999999999998807 0.8913467256444938 0.8
1043 0.3999999999998807 0.8913467256444938 0.9
1044 0.4999999999997787 0.1020411059183809 0.1
1045 0.4999999999997787 0.1020411059183809 0.2
1046 0.4999999999997787 0.1020411059183809 0.3
1047 0.4999999999997787 0.1020411059183809 0.4
1048 0.4999999999997787 0.1020411059183809 0.5
1049 0.4999999999997787 0.1020411059183809 0.6
1050 0.4999999999997787 0.1020411059183809 0.7
1051 0.4999999999997787 0.1020411059183809 0.8
1052 0.4999999999997787 0.1020411059183809 0.9
1053 0.4999999999998871 0.2036466912704887 0.1
1054 0.4999999999998871 0.2036466912704887 0.2
1055 0.4999999999998871 0.2036466912704887 0.3
1056 0.4999999999998871 0.2036466912704887 0.4
1057 0.4999999999998871 0.2036466912704887 0.5
1058 0.4999999999998871 0.2036466912704887 0.6
1059 0.4999999999998871 0.2036466912704887 0.7
1060 0.4999999999998871 0.2036466912704887 0.8
1061 0.4999999999998871 0.2036466912704887 0.9
1062 0.4999999999999323 0.3042730204930803 0.1
1063 0.4999999999999323 0.3042730204930803 0.2
1064 0.4999999999999323 0.3042730204930803 0.3
1065 0.4999999999999323 0.3042730204930803 0.4
1066 0.4999999999999323 0.3042730204930803 0.5
1067 0.4999999999999323 0.3042730204930803 0.6
1068 0.4999999999999323 0.3042730204930803 0.7
1069 0.4999999999999323 0.3042730204930803 0.8
1070 0.4999999999999323 0.3042730204930803 0.9
1071 0.4999999999999515 0.4028799414484051 0.1
1072 0.4999999999999515 0.4028799414484051 0.2
1073 0.4999999999999515 0.4028799414484051 0.3
1074 0.4999999999999515 0.4028799414484051 0.4
1075 0.4999999999999515 0.4028799414484051 0.5
1076 0.4999999999999515 0.4028799414484051 0.6
1077 0.4999999999999515 0.4028799414484051 0.7
1078 0.4999999999999515 0.4028799414484051 0.8
1079 0.4999999999999515 0.4028799414484051 0.9
1080 0.4999999999999584 0.4998778813567835 0.1
1081 0.4999999999999584 0.4998778813567835 0.2
1082 0.4999999999999584 0.4998778813567835 0.3
1083 0.4999999999999584 0.4998778813567835 0.4
1084 0.4999999999999584 0.4998778813567835 0.5
1085 0.4999999999999584 0.4998778813567835 0.6
1086 0.4999999999999584 0.4998778813567835 0.7
1087 0.4999999999999584 0.4998778813567835 0.8
1088 0.4999999999999584 0.4998778813567835 0.9
1089 0.4999999999999563 0.5969041065582562 0.1
1090 0.4999999999999563 0.5969041065582562 0.2
1091 0.4999999999999563 0.5969041065582562 0.3
1092 0.4999999999999563 0.5969041065582562 0.4
1093 0.4999999999999563 0.5969041065582562 0.5
1094 0.4999999999999563 0.5969041065582562 0.6
1095 0.4999999999999563 0.5969041065582562 0.7
1096 0.4999999999999563 0.5969041065582562 0.8
1097 0.4999999999999563 0.5969041065582562 0.9
1098 0.4999999999999406 0.6955854038194453 0.1
1099 0.4999999999999406 0.6955854038194453 0.2
1100 0.4999999999999406 0.6955854038194453 0.3
1101 0.4999999999999406 0.6955854038194453 0.4
1102 0.4999999999999406 0.6955854038194453 0.5
1103 0.4999999999999406 0.6955854038194453 0.6
1104 0.4999999999999406 0.6955854038194453 0.7
1105 0.4999999999999406 0.6955854038194453 0.8
1106 0.4999999999999406 0.6955854038194453 0.9
1107 0.4999999999998964 0.7962999611414529 0.1
1108 0.4999999999998964 0.7962999611414529 0.2
1109 0.4999999999998964 0.7962999611414529 0.3
1110 0.4999999999998964 0.7962999611414529 0.4
1111 0.4999999999998964 0.7962999611414529 0.5
1112 0.4999999999998964 0.7962999611414529 0.6
1113 0.4999999999998964 0.7962999611414529 0.7
1114 0.4999999999998964 0.7962999611414529 0.8
1115 0.4999999999998964 0.7962999611414529 0.9
1116 0.4999999999997857 0.8979626208406946 0.1
1117 0.4999999999997857 0.8979626208406946 0.2
1118 0.4999999999997857 0.8979626208406946 0.3
1119 0.4999999999997857 0.8979626208406946 0.4
1120 0.4999999999997857 0.8979626208406946 0.5
1121 0.4999999999997857 0.8979626208406946 0.6
1122 0.4999999999997857 0.8979626208406946 0.7
1123 0.4999999999997857 0.8979626208406946 0.8
1124 0.4999999999997857 0.8979626208406946 0.9
1125 0.5999999999998669 0.1086374730483698 0.1
1126 0.5999999999998669 0.1086374730483698 0.2
1127 0.5999999999998669 0.1086374730483698 0.3
1128 0.5999999999998669 0.1086374730483698 0.4
1129 0.5999999999998669 0.1086374730483698 0.5
1130 0.5999999999998669 0.1086374730483698 0.6
1131 0.5999999999998669 0.1086374730483698 0.7
1132 0.5999999999998669 0.1086374730483698 0.8
1133 0.5999999999998669 0.1086374730483698 0.9
1134 0.5999999999999305 0.2167496937942702 0.1
1135 0.5999999999999305 0.2167496937942702 0.2
1136 0.5999999999999305 0.2167496937942702 0.3
1137 0.5999999999999305 0.2167496937942702 0.4
1138 0.5999999999999305 0.2167496937942702 0.5
1139 0.5999999999999305 0.2167496937942702 0.6
1140 0.5999999999999305 0.2167496937942702 0.7
1141 0.5999999999999305 0.2167496937942702 0.8
1142 0.5999999999999305 0.2167496937942702 0.9
1143 0.5999999999999587 0.3233603505559151 0.1
1144 0.5999999999999587 0.3233603505559151 0.2
1145 0.5999999999999587 0.3233603505559151 0.3
1146 0.5999999999999587 0.3233603505559151 0.4
1147 0.5999999999999587 0.3233603505559151 0.5
1148 0.5999999999999587 0.3233603505559151 0.6
1149 0.5999999999999587 0.3233603505559151 0.7
1150 0.5999999999999587 0.3233603505559151 0.8
1151 0.5999999999999587 0.3233603505559151 0.9
1152 0.59999999999997 0.4242331222201419 0.1
1153 0.59999999999997 0.4242331222201419 0.2
1154 0.59999999999997 0.4242331222201419 0.3
1155 0.59999999999997 0.4242331222201419 0.4
1156 0.59999999999997 0.4242331222201419 0.5
1157 0.59999999999997 0.4242331222201419 0.6
1158 0.59999999999997 0.4242331222201419 0.7
1159 0.59999999999997 0.4242331222201419 0.8
1160 0.59999999999997 0.4242331222201419 0.9
1161 0.599999999999973 0.5206380659799388 0.1
1162 0.599999999999973 0.5206380659799388 0.2
1163 0.599999999999973 0.5206380659799388 0.3
1164 0.599999999999973 0.5206380659799388 0.4
1165 0.599999999999973 0.5206380659799388 0.5
1166 0.599999999999973 0.5206380659799388 0.6
1167 0.599999999999973 0.5206380659799388 0.7
1168 0.599999999999973 0.5206380659799388 0.8
1169 0.599999999999973 0.5206380659799388 0.9
1170 0.5999999999999697 0.6158175771169402 0.1
1171 0.5999999999999697 0.6158175771169402 0.2
1172 0.5999999999999697 0.6158175771169402 0.3
1173 0.5999999999999697 0.6158175771169402 0.4
1174 0.5999999999999697 0.6158175771169402 0.5
1175 0.5999999999999697 0.6158175771169402 0.6
1176 0.5999999999999697 0.6158175771169402 0.7
1177 0.5999999999999697 0.6158175771169402 0.8
1178 0.5999999999999697 0.6158175771169402 0.9
1179 0.5999999999999565 0.7112156635779751 0.1
1180 0.5999999999999565 0.7112156635779751 0.2
1181 0.5999999999999565 0.7112156635779751 0.3
1182 0.5999999999999565 0.7112156635779751 0.4
1183 0.5999999999999565 0.7112156635779751 0.5
1184 0.5999999999999565 0.7112156635779751 0.6
1185 0.5999999999999565 0.7112156635779751 0.7
1186 0.5999999999999565 0.7112156635779751 0.8
1187 0.5999999999999565 0.7112156635779751 0.9
1188 0.5999999999999248 0.8071810927170014 0.1
1189 0.5999999999999248 0.8071810927170014 0.2
1190 0.5999999999999248 0.8071810927170014 0.3
1191 0.5999999999999248 0.8071810927170014 0.4
1192 0.5999999999999248 0.8071810927170014 0.5
1193 0.5999999999999248 0.8071810927170014 0.6
1194 0.5999999999999248 0.8071810927170014 0.7
1195 0.5999999999999248 0.8071810927170014 0.8
1196 0.5999999999999248 0.8071810927170014 0.9
1197 0.5999999999998589 0.9035093852709918 0.1
1198 0.5999999999998589 0.9035093852709918 0.2
1199 0.5999999999998589 0.9035093852709918 0.3
1200 0.5999999999998589 0.9035093852709918 0.4
1201 0.5999999999998589 0.9035093852709918 0.5
1202 0.5999999999998589 0.9035093852709918 0.6
1203 0.5999999999998589 0.9035093852709918 0.7
1204 0.5999999999998589 0.9035093852709918 0.8
1205 0.5999999999998589 0.9035093852709918 0.9
1206 0.7999999999999248 0.1166666666665023 0.1
1207 0.7999999999999248 0.1166666666665023 0.2
1208 0.7999999999999248 0.1166666666665023 0.3
1209 0.7999999999999248 0.1166666666665023 0.4
1210 0.7999999999999248 0.1166666666665023 0.5
1211 0.7999999999999248 0.1166666666665023 0.6
1212 0.7999999999999248 0.1166666666665023 0.7
1213 0.7999999999999248 0.1166666666665023 0.8
1214 0.7999999999999248 0.1166666666665023 0.9
1215 0.7999999999999248 0.2333333333331648 0.1
1216 0.7999999999999248 0.2333333333331648 0.2
1217 0.7999999999999248 0.2333333333331648 0.3
1218 0.7999999999999248 0.2333333333331648 0.4
1219 0.7999999999999248 0.2333333333331648 0.5
1220 0.7999999999999248 0.2333333333331648 0.6
1221 0.7999999999999248 0.2333333333331648 0.7
1222 0.7999999999999248 0.2333333333331648 0.8
1223 0.7999999999999248 0.2333333333331648 0.9
1224 0.8999999999999277 0.1166666666665023 0.1
1225 0.8999999999999277 0.1166666666665023 0.2
1226 0.8999999999999277 0.1166666666665023 0.3
1227 0.8999999999999277 0.1166666666665023 0.4
1228 0.8999999999999277 0.1166666666665023 0.5
1229 0.8999999999999277 0.1166666666665023 0.6
1230 0.8999999999999277 0.1166666666665023 0.7
1231 0.8999999999999277 0.1166666666665023 0.8
1232 0.8999999999999277 0.1166666666665023 0.9
1233 0.8999999999999277 0.2333333333331649 0.1
1234 0.8999999999999277 0.2333333333331649 0.2
1235 0.8999999999999277 0.2333333333331649 0.3
1236 0.8999999999999277 0.2333333333331649 0.4
1237 0.8999999999999277 0.2333333333331649 0.5
1238 0.8999999999999277 0.2333333333331649 0.6
1239 0.8999999999999277 0.2333333333331649 0.7
1240 0.8999999999999277 0.2333333333331649 0.8
1241 0.8999999999999277 0.2333333333331649 0.9
1242 0.800000000000068 0.5416666666664395 0.1
1243 0.800000000000068 0.5416666666664395 0.2
1244 0.800000000000068 0.5416666666664395 0.3
1245 0.800000000000068 0.5416666666664395 0.4
1246 0.800000000000068 0.5416666666664395 0.5
1247 0.800000000000068 0.5416666666664395 0.6
1248 0.800000000000068 0.5416666666664395 0.7
1249 0.800000000000068 0.5416666666664395 0.8
1250 0.800000000000068 0.5416666666664395 0.9
1251 0.8000000000000241 0.633333333332892 0.1
1252 0.8000000000000241 0.633333333332892 0.2
1253 0.8000000000000241 0.633333333332892 0.3
1254 0.8000000000000241 0.633333333332892 0.4
1255 0.8000000000000241 0.633333333332892 0.5
1256 0.8000000000000241 0.633333333332892 0.6
1257 0.8000000000000241 0.633333333332892 0.7
1258 0.8000000000000241 0.633333333332892 0.8
1259 0.8000000000000241 0.633333333332892 0.9
1260 0.7999999999999999 0.7249999999994724 0.1
1261 0.7999999999999999 0.7249999999994724 0.2
1262 0.7999999999999999 0.7249999999994724 0.3
1263 0.7999999999999999 0.7249999999994724 0.4
1264 0.7999999999999999 0.7249999999994724 0.5
1265 0.7999999999999999 0.7249999999994724 0.6
1266 0.7999999999999999 0.7249999999994724 0.7
1267 0.7999999999999999 0.7249999999994724 0.8
1268 0.7999999999999999 0.7249999999994724 0.9
1269 0.7999999999999751 0.8166666666662747 0.1
1270 0.7999999999999751 0.8166666666662747 0.2
1271 0.7999999999999751 0.8166666666662747 0.3
1272 0.7999999999999751 0.8166666666662747 0.4
1273 0.7999999999999751 0.8166666666662747 0.5
1274 0.7999999999999751 0.8166666666662747 0.6
1275 0.7999999999999751 0.8166666666662747 0.7
1276 0.7999999999999751 0.8166666666662747 0.8
1277 0.7999999999999751 0.8166666666662747 0.9
1278 0.7999999999999285 0.9083333333331302 0.1
1279 0.7999999999999285 0.9083333333331302 0.2
1280 0.7999999999999285 0.9083333333331302 0.3
1281 0.7999999999999285 0.9083333333331302 0.4
1282 0.7999999999999285 0.9083333333331302 0.5
1283 0.7999999999999285 0.9083333333331302 0.6
1284 0.7999999999999285 0.9083333333331302 0.7
1285 0.7999999999999285 0.9083333333331302 0.8
1286 0.7999999999999285 0.9083333333331302 0.9
1287 0.9000000000000714 0.5416666666664394 0.1
1288 0.9000000000000714 0.5416666666664394 0.2
1289 0.9000000000000714 0.5416666666664394 0.3
1290 0.9000000000000714 0.5416666666664394 0.4
1291 0.9000000000000714 0.5416666666664394 0.5
1292 0.9000000000000714 0.5416666666664394 0.6
1293 0.9000000000000714 0.5416666666664394 0.7
1294 0.9000000000000714 0.5416666666664394 0.8
1295 0.9000000000000714 0.5416666666664394 0.9
1296 0.9000000000000248 0.633333333332892 0.1
1297 0.9000000000000248 0.633333333332892 0.2
1298 0.9000000000000248 0.633333333332892 0.3
1299 0.9000000000000248 0.633333333332892 0.4
1300 0.9000000000000248 0.633333333332892 0.5
1301 0.9000000000000248 0.633333333332892 0.6
1302 0.9000000000000248 0.633333333332892 0.7
1303 0.9000000000000248 0.633333333332892 0.8
1304 0.9000000000000248 0.633333333332892 0.9
1305 0.9 0.7249999999994723 0.1
1306 0.9 0.7249999999994723 0.2
1307 0.9 0.7249999999994723 0.3
1308 0.9 0.7249999999994723 0.4
1309 0.9 0.7249999999994723 0.5
1310 0.9 0.7249999999994723 0.6
1311 0.9 0.7249999999994723 0.7
1312 0.9 0.7249999999994723 0.8
1313 0.9 0.7249999999994723 0.9
1314 0.8999999999999758 0.8166666666662746 0.1
1315 0.8999999999999758 0.8166666666662746 0.2
1316 0.8999999999999758 0.8166666666662746 0.3
1317 0.8999999999999758 0.8166666666662746 0.4
1318 0.8999999999999758 0.8166666666662746 0.5
1319 0.8999999999999758 0.8166666666662746 0.6
1320 0.8999999999999758 0.8166666666662746 0.7
1321 0.8999999999999758 0.8166666666662746 0.8
1322 0.8999999999999758 0.8166666666662746 0.9
1323 0.8999999999999319 0.9083333333331303 0.1
1324 0.8999999999999319 0.9083333333331303 0.2
1325 0.8999999999999319 0.9083333333331303 0.3
1326 0.8999999999999319 0.9083333333331303 0.4
1327 0.8999999999999319 0.9083333333331303 0.5
1328 0.8999999999999319 0.9083333333331303 0.6
1329 0.8999999999999319 0.9083333333331303 0.7
1330 0.8999999999999319 0.9083333333331303 0.8
1331 0.8999999999999319 0.9083333333331303 0.9
$EndNodes
$Elements
1648
1 3 2 6 22 1 33 277 47
2 3 2 6 22 47 277 278 48
3 3 2 6 22 48 278 279 49
4 3 2 6 22 49 279 280 50
5 3 2 6 22 50 280 281 51
6 3 2 6 22 51 281 75 9
7 3 2 6 22 33 34 282 277
8 3 2 6 22 277 282 283 278
9 3 2 6 22 278 283 284 279
10 3 2 6 22 279 284 285 280
11 3 2 6 22 280 285 286 281
12 3 2 6 22 281 286 76 75
13 3 2 6 22 34 2 61 282
14 3 2 6 22 282 61 62 283
15 3 2 6 22 283 62 63 284
16 3 2 6 22 284 63 64 285
17 3 2 6 22 285 64 65 286
18 3 2 6 22 286 65 10 76
19 3 2 6 24 11 78 287 52
20 3 2 6 24 52 287 288 53
21 3 2 6 24 53 288 40 5
22 3 2 6 24 78 77 289 287
23 3 2 6 24 287 289 290 288
24 3 2 6 24 288 290 41 40
25 3 2 6 24 77 12 66 289
26 3 2 6 24 289 66 67 290
27 3 2 6 24 290 67 6 41
28 3 2 6 26 2 35 291 61
29 3 2 6 26 61 291 292 62
30 3 2 6 26 62 292 293 63
31 3 2 6 26 63 293 294 64
32 3 2 6 26 64 294 295 65
33 3 2 6 26 65 295 296 10
34 3 2 6 26 10 296 297 12
35 3 2 6 26 12 297 298 66
36 3 2 6 26 66 298 299 67
37 3 2 6 26 67 299 42 6
38 3 2 6 26 35 36 300 291
39 3 2 6 26 291 300 301 292
40 3 2 6 26 292 301 302 293
41 3 2 6 26 293 302 303 294
42 3 2 6 26 294 303 304 295
43 3 2 6 26 295 304 305 296
44 3 2 6 26 296 305 306 297
45 3 2 6 26 297 306 307 298
46 3 2 6 26 298 307 308 299
47 3 2 6 26 299 308 43 42
48 3 2 6 26 36 37 309 300
49 3 2 6 26 300 309 310 301
50 3 2 6 26 301 310 311 302
51 3 2 6 26 302 311 312 303
52 3 2 6 26 303 312 313 304
53 3 2 6 26 304 313 314 305
54 3 2 6 26 305 314 315 306
55 3 2 6 26 306 315 316 307
56 3 2 6 26 307 316 317 308
57 3 2 6 26 308 317 44 43
58 3 2 6 26 37 3 68 309
59 3 2 6 26 309 68 69 310
60 3 2 6 26 310 69 13 311
61 3 2 6 26 311 13 15 312
62 3 2 6 26 312 15 70 313
63 3 2 6 26 313 70 71 314
64 3 2 6 26 314 71 72 315
65 3 2 6 26 315 72 73 316
66 3 2 6 26 316 73 74 317
67 3 2 6 26 317 74 7 44
68 3 2 6 28 3 38 318 68
69 3 2 6 28 68 318 319 69
70 3 2 6 28 69 319 79 13
71 3 2 6 28 38 39 320 318
72 3 2 6 28 318 320 321 319
73 3 2 6 28 319 321 80 79
74 3 2 6 28 39 4 54 320
75 3 2 6 28 320 54 55 321
76 3 2 6 28 321 55 14 80
77 3 2 6 30 15 82 322 70
78 3 2 6 30 70 322 323 71
79 3 2 6 30 71 323 324 72
80 3 2 6 30 72 324 325 73
81 3 2 6 30 73 325 326 74
82 3 2 6 30 74 326 45 7
83 3 2 6 30 82 81 327 322
84 3 2 6 30 322 327 328 323
85 3 2 6 30 323 328 329 324
86 3 2 6 30 324 329 330 325
87 3 2 6 30 325 330 331 326
88 3 2 6 30 326 331 46 45
89 3 2 6 30 81 16 56 327
90 3 2 6 30 327 56 57 328
91 3 2 6 30 328 57 58 329
92 3 2 6 30 329 58 59 330
93 3 2 6 30 330 59 60 331
94 3 2 6 30 331 60 8 46
95 3 2 8 39 1 33 332 97
96 3 2 8 39 97 332 333 98
97 3 2 8 39 98 333 334 99
98 3 2 8 39 99 334 335 100
99 3 2 8 39 100 335 336 101
100 3 2 8 39 101 336 337 102
101 3 2 8 39 102 337 338 103
102 3 2 8 39 103 338 339 104
103 3 2 8 39 104 339 340 105
104 3 2 8 39 105 340 83 17
105 3 2 8 39 33 34 341 332
106 3 2 8 39 332 341 342 333
107 3 2 8 39 333 342 343 334
108 3 2 8 39 334 343 344 335
109 3 2 8 39 335 344 345 336
110 3 2 8 39 336 345 346 337
111 3 2 8 39 337 346 347 338
112 3 2 8 39 338 347 348 339
113 3 2 8 39 339 348 349 340
114 3 2 8 39 340 349 84 83
115 3 2 8 39 34 2 106 341
116 3 2 8 39 341 106 107 342
117 3 2 8 39 342 107 108 343
118 3 2 8 39 343 108 109 344
119 3 2 8 39 344 109 110 345
120 3 2 8 39 345 110 111 346
121 3 2 8 39 346 111 112 347
122 3 2 8 39 347 112 113 348
123 3 2 8 39 348 113 114 349
124 3 2 8 39 349 114 18 84
125 3 2 12 47 9 124 395 75
126 3 2 12 47 124 125 396 395
127 3 2 12 47 125 126 397 396
128 3 2 12 47 126 127 398 397
129 3 2 12 47 127 128 399 398
130 3 2 12 47 128 129 400 399
131 3 2 12 47 129 130 401 400
132 3 2 12 47 130 131 402 401
133 3 2 12 47 131 132 403 402
134 3 2 12 47 132 20 91 403
135 3 2 12 47 75 395 404 76
136 3 2 12 47 395 396 405 404
137 3 2 12 47 396 397 406 405
138 3 2 12 47 397 398 407 406
139 3 2 12 47 398 399 408 407
140 3 2 12 47 399 400 409 408
141 3 2 12 47 400 401 410 409
142 3 2 12 47 401 402 411 410
143 3 2 12 47 402 403 412 411
144 3 2 12 47 403 91 90 412
145 3 2 12 47 76 404 115 10
146 3 2 12 47 404 405 116 115
147 3 2 12 47 405 406 117 116
148 3 2 12 47 406 407 118 117
149 3 2 12 47 407 408 119 118
150 3 2 12 47 408 409 120 119
151 3 2 12 47 409 410 121 120
152 3 2 12 47 410 411 122 121
153 3 2 12 47 411 412 123 122
154 3 2 12 47 412 90 19 123
155 3 2 10 51 1 97 413 47
156 3 2 10 51 97 98 414 413
157 3 2 10 51 98 99 415 414
158 3 2 10 51 99 100 416 415
159 3 2 10 51 100 101 417 416
160 3 2 10 51 101 102 418 417
161 3 2 10 51 102 103 419 418
162 3 2 10 51 103 104 420 419
163 3 2 10 51 104 105 421 420
164 3 2 10 51 105 17 96 421
165 3 2 10 51 47 413 422 48
166 3 2 10 51 413 414 423 422
167 3 2 10 51 414 415 424 423
168 3 2 10 51 415 416 425 424
169 3 2 10 51 416 417 426 425
170 3 2 10 51 417 418 427 426
171 3 2 10 51 418 419 428 427
172 3 2 10 51 419 420 429 428
173 3 2 10 51 420 421 430 429
174 3 2 10 51 421 96 95 430
175 3 2 10 51 48 422 431 49
176 3 2 10 51 422 423 432 431
177 3 2 10 51 423 424 433 432
178 3 2 10 51 424 425 434 433
179 3 2 10 51 425 426 435 434
180 3 2 10 51 426 427 436 435
181 3 2 10 51 427 428 437 436
182 3 2 10 51 428 429 438 437
183 3 2 10 51 429 430 439 438
184 3 2 10 51 430 95 94 439
185 3 2 10 51 49 431 440 50
186 3 2 10 51 431 432 441 440
187 3 2 10 51 432 433 442 441
188 3 2 10 51 433 434 443 442
189 3 2 10 51 434 435 444 443
190 3 2 10 51 435 436 445 444
191 3 2 10 51 436 437 446 445
192 3 2 10 51 437 438 447 446
193 3 2 10 51 438 439 448 447
194 3 2 10 51 439 94 93 448
195 3 2 10 51 50 440 449 51
196 3 2 10 51 440 441 450 449
197 3 2 10 51 441 442 451 450
198 3 2 10 51 442 443 452 451
199 3 2 10 51 443 444 453 452
200 3 2 10 51 444 445 454 453
201 3 2 10 51 445 446 455 454
202 3 2 10 51 446 447 456 455
203 3 2 10 51 447 448 457 456
204 3 2 10 51 448 93 92 457
205 3 2 10 51 51 449 124 9
206 3 2 10 51 449 450 125 124
207 3 2 10 51 450 451 126 125
208 3 2 10 51 451 452 127 126
209 3 2 10 51 452 453 128 127
210 3 2 10 51 453 454 129 128
211 3 2 10 51 454 455 130 129
212 3 2 10 51 455 456 131 130
213 3 2 10 51 456 457 132 131
214 3 2 10 51 457 92 20 132
215 3 2 7 52 17 83 458 96
216 3 2 7 52 96 458 459 95
217 3 2 7 52 95 459 460 94
218 3 2 7 52 94 460 461 93
219 3 2 7 52 93 461 462 92
220 3 2 7 52 92 462 91 20
221 3 2 7 52 83 84 463 458
222 3 2 7 52 458 463 464 459
223 3 2 7 52 459 464 465 460
224 3 2 7 52 460 465 466 461
225 3 2 7 52 461 466 467 462
226 3 2 7 52 462 467 90 91
227 3 2 7 52 84 18 85 463
228 3 2 7 52 463 85 86 464
229 3 2 7 52 464 86 87 465
230 3 2 7 52 465 87 88 466
231 3 2 7 52 466 88 89 467
232 3 2 7 52 467 89 19 90
233 3 2 12 61 12 150 468 77
234 3 2 12 61 150 151 469 468
235 3 2 12 61 151 152 470 469
236 3 2 12 61 152 153 471 470
237 3 2 12 61 153 154 472 471
238 3 2 12 61 154 155 473 472
239 3 2 12 61 155 156 474 473
240 3 2 12 61 156 157 475 474
241 3 2 12 61 157 158 476 475
242 3 2 12 61 158 22 134 476
243 3 2 12 61 77 468 477 78
244 3 2 12 61 468 469 478 477
245 3 2 12 61 469 470 479 478
246 3 2 12 61 470 471 480 479
247 3 2 12 61 471 472 481 480
248 3 2 12 61 472 473 482 481
249 3 2 12 61 473 474 483 482
250 3 2 12 61 474 475 484 483
251 3 2 12 61 475 476 485 484
252 3 2 12 61 476 134 133 485
253 3 2 12 61 78 477 141 11
254 3 2 12 61 477 478 142 141
255 3 2 12 61 478 479 143 142
256 3 2 12 61 479 480 144 143
257 3 2 12 61 480 481 145 144
258 3 2 12 61 481 482 146 145
259 3 2 12 61 482 483 147 146
260 3 2 12 61 483 484 148 147
261 3 2 12 61 484 485 149 148
262 3 2 12 61 485 133 21 149
263 3 2 9 69 5 168 504 40
264 3 2 9 69 168 169 505 504
265 3 2 9 69 169 170 506 505
266 3 2 9 69 170 171 507 506
267 3 2 9 69 171 172 508 507
268 3 2 9 69 172 173 509 508
269 3 2 9 69 173 174 510 509
270 3 2 9 69 174 175 511 510
271 3 2 9 69 175 176 512 511
272 3 2 9 69 176 24 138 512
273 3 2 9 69 40 504 513 41
274 3 2 9 69 504 505 514 513
275 3 2 9 69 505 506 515 514
276 3 2 9 69 506 507 516 515
277 3 2 9 69 507 508 517 516
278 3 2 9 69 508 509 518 517
279 3 2 9 69 509 510 519 518
280 3 2 9 69 510 511 520 519
281 3 2 9 69 511 512 521 520
282 3 2 9 69 512 138 137 521
283 3 2 9 69 41 513 159 6
284 3 2 9 69 513 514 160 159
285 3 2 9 69 514 515 161 160
286 3 2 9 69 515 516 162 161
287 3 2 9 69 516 517 163 162
288 3 2 9 69 517 518 164 163
289 3 2 9 69 518 519 165 164
290 3 2 9 69 519 520 166 165
291 3 2 9 69 520 521 167 166
292 3 2 9 69 521 137 23 167
293 3 2 10 73 11 141 522 52
294 3 2 10 73 141 142 523 522
295 3 2 10 73 142 143 524 523
296 3 2 10 73 143 144 525 524
297 3 2 10 73 144 145 526 525
298 3 2 10 73 145 146 527 526
299 3 2 10 73 146 147 528 527
300 3 2 10 73 147 148 529 528
301 3 2 10 73 148 149 530 529
302 3 2 10 73 149 21 140 530
303 3 2 10 73 52 522 531 53
304 3 2 10 73 522 523 532 531
305 3 2 10 73 523 524 533 532
306 3 2 10 73 524 525 534 533
307 3 2 10 73 525 526 535 534
308 3 2 10 73 526 527 536 535
309 3 2 10 73 527 528 537 536
310 3 2 10 73 528 529 538 537
311 3 2 10 73 529 530 539 538
312 3 2 10 73 530 140 139 539
313 3 2 10 73 53 531 168 5
314 3 2 10 73 531 532 169 168
315 3 2 10 73 532 533 170 169
316 3 2 10 73 533 534 171 170
317 3 2 10 73 534 535 172 171
318 3 2 10 73 535 536 173 172
319 3 2 10 73 536 537 174 173
320 3 2 10 73 537 538 175 174
321 3 2 10 73 538 539 176 175
322 3 2 10 73 539 139 24 176
323 3 2 7 74 21 133 540 140
324 3 2 7 74 140 540 541 139
325 3 2 7 74 139 541 138 24
326 3 2 7 74 133 134 542 540
327 3 2 7 74 540 542 543 541
328 3 2 7 74 541 543 137 138
329 3 2 7 74 134 22 135 542
330 3 2 7 74 542 135 136 543
331 3 2 7 74 543 136 23 137
332 3 2 8 87 2 35 544 106
333 3 2 8 87 106 544 545 107
334 3 2 8 87 107 545 546 108
335 3 2 8 87 108 546 547 109
336 3 2 8 87 109 547 548 110
337 3 2 8 87 110 548 549 111
338 3 2 8 87 111 549 550 112
339 3 2 8 87 112 550 551 113
340 3 2 8 87 113 551 552 114
341 3 2 8 87 114 552 177 18
342 3 2 8 87 35 36 553 544
343 3 2 8 87 544 553 554 545
344 3 2 8 87 545 554 555 546
345 3 2 8 87 546 555 556 547
346 3 2 8 87 547 556 557 548
347 3 2 8 87 548 557 558 549
348 3 2 8 87 549 558 559 550
349 3 2 8 87 550 559 560 551
350 3 2 8 87 551 560 561 552
351 3 2 8 87 552 561 178 177
352 3 2 8 87 36 37 562 553
353 3 2 8 87 553 562 563 554
354 3 2 8 87 554 563 564 555
355 3 2 8 87 555 564 565 556
356 3 2 8 87 556 565 566 557
357 3 2 8 87 557 566 567 558
358 3 2 8 87 558 567 568 559
359 3 2 8 87 559 568 569 560
360 3 2 8 87 560 569 570 561
361 3 2 8 87 561 570 179 178
362 3 2 8 87 37 3 190 562
363 3 2 8 87 562 190 191 563
364 3 2 8 87 563 191 192 564
365 3 2 8 87 564 192 193 565
366 3 2 8 87 565 193 194 566
367 3 2 8 87 566 194 195 567
368 3 2 8 87 567 195 196 568
369 3 2 8 87 568 196 197 569
370 3 2 8 87 569 197 198 570
371 3 2 8 87 570 198 25 179
372 3 2 13 95 13 15 208 199
373 3 2 13 95 199 208 209 200
374 3 2 13 95 200 209 210 201
375 3 2 13 95 201 210 211 202
376 3 2 13 95 202 211 212 203
377 3 2 13 95 203 212 213 204
378 3 2 13 95 204 213 214 205
379 3 2 13 95 205 214 215 206
380 3 2 13 95 206 215 216 207
381 3 2 13 95 207 216 27 26
382 3 2 9 103 6 159 634 42
383 3 2 9 103 159 160 635 634
384 3 2 9 103 160 161 636 635
385 3 2 9 103 161 162 637 636
386 3 2 9 103 162 163 638 637
387 3 2 9 103 163 164 639 638
388 3 2 9 103 164 165 640 639
389 3 2 9 103 165 166 641 640
390 3 2 9 103 166 167 642 641
391 3 2 9 103 167 23 189 642
392 3 2 9 103 42 634 643 43
393 3 2 9 103 634 635 644 643
394 3 2 9 103 635 636 645 644
395 3 2 9 103 636 637 646 645
396 3 2 9 103 637 638 647 646
397 3 2 9 103 638 639 648 647
398 3 2 9 103 639 640 649 648
399 3 2 9 103 640 641 650 649
400 3 2 9 103 641 642 651 650
401 3 2 9 103 642 189 188 651
402 3 2 9 103 43 643 652 44
403 3 2 9 103 643 644 653 652
404 3 2 9 103 644 645 654 653
405 3 2 9 103 645 646 655 654
406 3 2 9 103 646 647 656 655
407 3 2 9 103 647 648 657 656
408 3 2 9 103 648 649 658 657
409 3 2 9 103 649 650 659 658
410 3 2 9 103 650 651 660 659
411 3 2 9 103 651 188 187 660
412 3 2 9 103 44 652 217 7
413 3 2 9 103 652 653 218 217
414 3 2 9 103 653 654 219 218
415 3 2 9 103 654 655 220 219
416 3 2 9 103 655 656 221 220
417 3 2 9 103 656 657 222 221
418 3 2 9 103 657 658 223 222
419 3 2 9 103 658 659 224 223
420 3 2 9 103 659 660 225 224
421 3 2 9 103 660 187 28 225
422 3 2 12 111 10 115 150 12
423 3 2 12 111 115 116 151 150
424 3 2 12 111 116 117 152 151
425 3 2 12 111 117 118 153 152
426 3 2 12 111 118 119 154 153
427 3 2 12 111 119 120 155 154
428 3 2 12 111 120 121 156 155
429 3 2 12 111 121 122 157 156
430 3 2 12 111 122 123 158 157
431 3 2 12 111 123 19 22 158
432 3 2 7 116 18 177 661 85
433 3 2 7 116 85 661 662 86
434 3 2 7 116 86 662 663 87
435 3 2 7 116 87 663 664 88
436 3 2 7 116 88 664 665 89
437 3 2 7 116 89 665 666 19
438 3 2 7 116 19 666 667 22
439 3 2 7 116 22 667 668 135
440 3 2 7 116 135 668 669 136
441 3 2 7 116 136 669 189 23
442 3 2 7 116 177 178 670 661
443 3 2 7 116 661 670 671 662
444 3 2 7 116 662 671 672 663
445 3 2 7 116 663 672 673 664
446 3 2 7 116 664 673 674 665
447 3 2 7 116 665 674 675 666
448 3 2 7 116 666 675 676 667
449 3 2 7 116 667 676 677 668
450 3 2 7 116 668 677 678 669
451 3 2 7 116 669 678 188 189
452 3 2 7 116 178 179 679 670
453 3 2 7 116 670 679 680 671
454 3 2 7 116 671 680 681 672
455 3 2 7 116 672 681 682 673
456 3 2 7 116 673 682 683 674
457 3 2 7 116 674 683 684 675
458 3 2 7 116 675 684 685 676
459 3 2 7 116 676 685 686 677
460 3 2 7 116 677 686 687 678
461 3 2 7 116 678 687 187 188
462 3 2 7 116 179 25 180 679
463 3 2 7 116 679 180 181 680
464 3 2 7 116 680 181 26 681
465 3 2 7 116 681 26 27 682
466 3 2 7 116 682 27 182 683
467 3 2 7 116 683 182 183 684
468 3 2 7 116 684 183 184 685
469 3 2 7 116 685 184 185 686
470 3 2 7 116 686 185 186 687
471 3 2 7 116 687 186 28 187
472 3 2 8 125 3 38 688 190
473 3 2 8 125 190 688 689 191
474 3 2 8 125 191 689 690 192
475 3 2 8 125 192 690 691 193
476 3 2 8 125 193 691 692 194
477 3 2 8 125 194 692 693 195
478 3 2 8 125 195 693 694 196
479 3 2 8 125 196 694 695 197
480 3 2 8 125 197 695 696 198
481 3 2 8 125 198 696 226 25
482 3 2 8 125 38 39 697 688
483 3 2 8 125 688 697 698 689
484 3 2 8 125 689 698 699 690
485 3 2 8 125 690 699 700 691
486 3 2 8 125 691 700 701 692
487 3 2 8 125 692 701 702 693
488 3 2 8 125 693 702 703 694
489 3 2 8 125 694 703 704 695
490 3 2 8 125 695 704 705 696
491 3 2 8 125 696 705 227 226
492 3 2 8 125 39 4 232 697
493 3 2 8 125 697 232 233 698
494 3 2 8 125 698 233 234 699
495 3 2 8 125 699 234 235 700
496 3 2 8 125 700 235 236 701
497 3 2 8 125 701 236 237 702
498 3 2 8 125 702 237 238 703
499 3 2 8 125 703 238 239 704
500 3 2 8 125 704 239 240 705
501 3 2 8 125 705 240 29 227
502 3 2 11 129 4 54 706 232
503 3 2 11 129 232 706 707 233
504 3 2 11 129 233 707 708 234
505 3 2 11 129 234 708 709 235
506 3 2 11 129 235 709 710 236
507 3 2 11 129 236 710 711 237
508 3 2 11 129 237 711 712 238
509 3 2 11 129 238 712 713 239
510 3 2 11 129 239 713 714 240
511 3 2 11 129 240 714 228 29
512 3 2 11 129 54 55 715 706
513 3 2 11 129 706 715 716 707
514 3 2 11 129 707 716 717 708
515 3 2 11 129 708 717 718 709
516 3 2 11 129 709 718 719 710
517 3 2 11 129 710 719 720 711
518 3 2 11 129 711 720 721 712
519 3 2 11 129 712 721 722 713
520 3 2 11 129 713 722 723 714
521 3 2 11 129 714 723 229 228
522 3 2 11 129 55 14 241 715
523 3 2 11 129 715 241 242 716
524 3 2 11 129 716 242 243 717
525 3 2 11 129 717 243 244 718
526 3 2 11 129 718 244 245 719
527 3 2 11 129 719 245 246 720
528 3 2 11 129 720 246 247 721
529 3 2 11 129 721 247 248 722
530 3 2 11 129 722 248 249 723
531 3 2 11 129 723 249 30 229
532 3 2 13 133 13 199 724 79
533 3 2 13 133 199 200 725 724
534 3 2 13 133 200 201 726 725
535 3 2 13 133 201 202 727 726
536 3 2 13 133 202 203 728 727
537 3 2 13 133 203 204 729 728
538 3 2 13 133 204 205 730 729
539 3 2 13 133 205 206 731 730
540 3 2 13 133 206 207 732 731
541 3 2 13 133 207 26 231 732
542 3 2 13 133 79 724 733 80
543 3 2 13 133 724 725 734 733
544 3 2 13 133 725 726 735 734
545 3 2 13 133 726 727 736 735
546 3 2 13 133 727 728 737 736
547 3 2 13 133 728 729 738 737
548 3 2 13 133 729 730 739 738
549 3 2 13 133 730 731 740 739
550 3 2 13 133 731 732 741 740
551 3 2 13 133 732 231 230 741
552 3 2 13 133 80 733 241 14
553 3 2 13 133 733 734 242 241
554 3 2 13 133 734 735 243 242
555 3 2 13 133 735 736 244 243
556 3 2 13 133 736 737 245 244
557 3 2 13 133 737 738 246 245
558 3 2 13 133 738 739 247 246
559 3 2 13 133 739 740 248 247
560 3 2 13 133 740 741 249 248
561 3 2 13 133 741 230 30 249
562 3 2 7 138 25 226 742 180
563 3 2 7 138 180 742 743 181
564 3 2 7 138 181 743 231 26
565 3 2 7 138 226 227 744 742
566 3 2 7 138 742 744 745 743
567 3 2 7 138 743 745 230 231
568 3 2 7 138 227 29 228 744
569 3 2 7 138 744 228 229 745
570 3 2 7 138 745 229 30 230
571 3 2 13 147 16 259 746 81
572 3 2 13 147 259 260 747 746
573 3 2 13 147 260 261 748 747
574 3 2 13 147 261 262 749 748
575 3 2 13 147 262 263 750 749
576 3 2 13 147 263 264 751 750
577 3 2 13 147 264 265 752 751
578 3 2 13 147 265 266 753 752
579 3 2 13 147 266 267 754 753
580 3 2 13 147 267 31 251 754
581 3 2 13 147 81 746 755 82
582 3 2 13 147 746 747 756 755
583 3 2 13 147 747 748 757 756
584 3 2 13 147 748 749 758 757
585 3 2 13 147 749 750 759 758
586 3 2 13 147 750 751 760 759
587 3 2 13 147 751 752 761 760
588 3 2 13 147 752 753 762 761
589 3 2 13 147 753 754 763 762
590 3 2 13 147 754 251 250 763
591 3 2 13 147 82 755 208 15
592 3 2 13 147 755 756 209 208
593 3 2 13 147 756 757 210 209
594 3 2 13 147 757 758 211 210
595 3 2 13 147 758 759 212 211
596 3 2 13 147 759 760 213 212
597 3 2 13 147 760 761 214 213
598 3 2 13 147 761 762 215 214
599 3 2 13 147 762 763 216 215
600 3 2 13 147 763 250 27 216
601 3 2 11 151 16 56 764 259
602 3 2 11 151 259 764 765 260
603 3 2 11 151 260 765 766 261
604 3 2 11 151 261 766 767 262
605 3 2 11 151 262 767 768 263
606 3 2 11 151 263 768 769 264
607 3 2 11 151 264 769 770 265
608 3 2 11 151 265 770 771 266
609 3 2 11 151 266 771 772 267
610 3 2 11 151 267 772 252 31
611 3 2 11 151 56 57 773 764
612 3 2 11 151 764 773 774 765
613 3 2 11 151 765 774 775 766
614 3 2 11 151 766 775 776 767
615 3 2 11 151 767 776 777 768
616 3 2 11 151 768 777 778 769
617 3 2 11 151 769 778 779 770
618 3 2 11 151 770 779 780 771
619 3 2 11 151 771 780 781 772
620 3 2 11 151 772 781 253 252
621 3 2 11 151 57 58 782 773
622 3 2 11 151 773 782 783 774
623 3 2 11 151 774 783 784 775
624 3 2 11 151 775 784 785 776
625 3 2 11 151 776 785 786 777
626 3 2 11 151 777 786 787 778
627 3 2 11 151 778 787 788 779
628 3 2 11 151 779 788 789 780
629 3 2 11 151 780 789 790 781
630 3 2 11 151 781 790 254 253
631 3 2 11 151 58 59 791 782
632 3 2 11 151 782 791 792 783
633 3 2 11 151 783 792 793 784
634 3 2 11 151 784 793 794 785
635 3 2 11 151 785 794 795 786
636 3 2 11 151 786 795 796 787
637 3 2 11 151 787 796 797 788
638 3 2 11 151 788 797 798 789
639 3 2 11 151 789 798 799 790
640 3 2 11 151 790 799 255 254
641 3 2 11 151 59 60 800 791
642 3 2 11 151 791 800 801 792
643 3 2 11 151 792 801 802 793
644 3 2 11 151 793 802 803 794
645 3 2 11 151 794 803 804 795
646 3 2 11 151 795 804 805 796
647 3 2 11 151 796 805 806 797
648 3 2 11 151 797 806 807 798
649 3 2 11 151 798 807 808 799
650 3 2 11 151 799 808 256 255
651 3 2 11 151 60 8 268 800
652 3 2 11 151 800 268 269 801
653 3 2 11 151 801 269 270 802
654 3 2 11 151 802 270 271 803
655 3 2 11 151 803 271 272 804
656 3 2 11 151 804 272 273 805
657 3 2 11 151 805 273 274 806
658 3 2 11 151 806 274 275 807
659 3 2 11 151 807 275 276 808
660 3 2 11 151 808 276 32 256
661 3 2 9 155 7 217 809 45
662 3 2 9 155 217 218 810 809
663 3 2 9 155 218 219 811 810
664 3 2 9 155 219 220 812 811
665 3 2 9 155 220 221 813 812
666 3 2 9 155 221 222 814 813
667 3 2 9 155 222 223 815 814
668 3 2 9 155 223 224 816 815
669 3 2 9 155 224 225 817 816
670 3 2 9 155 225 28 258 817
671 3 2 9 155 45 809 818 46
672 3 2 9 155 809 810 819 818
673 3 2 9 155 810 811 820 819
674 3 2 9 155 811 812 821 820
675 3 2 9 155 812 813 822 821
676 3 2 9 155 813 814 823 822
677 3 2 9 155 814 815 824 823
678 3 2 9 155 815 816 825 824
679 3 2 9 155 816 817 826 825
680 3 2 9 155 817 258 257 826
681 3 2 9 155 46 818 268 8
682 3 2 9 155 818 819 269 268
683 3 2 9 155 819 820 270 269
684 3 2 9 155 820 821 271 270
685 3 2 9 155 821 822 272 271
686 3 2 9 155 822 823 273 272
687 3 2 9 155 823 824 274 273
688 3 2 9 155 824 825 275 274
689 3 2 9 155 825 826 276 275
690 3 2 9 155 826 257 32 276
691 3 2 7 160 27 250 827 182
692 3 2 7 160 182 827 828 183
693 3 2 7 160 183 828 829 184
694 3 2 7 160 184 829 830 185
695 3 2 7 160 185 830 831 186
696 3 2 7 160 186 831 258 28
697 3 2 7 160 250 251 832 827
698 3 2 7 160 827 832 833 828
699 3 2 7 160 828 833 834 829
700 3 2 7 160 829 834 835 830
701 3 2 7 160 830 835 836 831
702 3 2 7 160 831 836 257 258
703 3 2 7 160 251 31 252 832
704 3 2 7 160 832 252 253 833
705 3 2 7 160 833 253 254 834
706 3 2 7 160 834 254 255 835
707 3 2 7 160 835 255 256 836
708 3 2 7 160 836 256 32 257
709 5 2 1 1 1 33 277 47 97 332 837 413
710 5 2 1 1 97 332 837 413 98 333 838 414
711 5 2 1 1 98 333 838 414 99 334 839 415
712 5 2 1 1 99 334 839 415 100 335 840 416
713 5 2 1 1 100 335 840 416 101 336 841 417
714 5 2 1 1 101 336 841 417 102 337 842 418
715 5 2 1 1 102 337 842 418 103 338 843 419
716 5 2 1 1 103 338 843 419 104 339 844 420
717 5 2 1 1 104 339 844 420 105 340 845 421
718 5 2 1 1 105 340 845 421 17 83 458 96
719 5 2 1 1 47 277 278 48 413 837 846 422
720 5 2 1 1 413 837 846 422 414 838 847 423
721 5 2 1 1 414 838 847 423 415 839 848 424
722 5 2 1 1 415 839 848 424 416 840 849 425
723 5 2 1 1 416 840 849 425 417 841 850 426
724 5 2 1 1 417 841 850 426 418 842 851 427
725 5 2 1 1 418 842 851 427 419 843 852 428
726 5 2 1 1 419 843 852 428 420 844 853 429
727 5 2 1 1 420 844 853 429 421 845 854 430
728 5 2 1 1 421 845 854 430 96 458 459 95
729 5 2 1 1 48 278 279 49 422 846 855 431
730 5 2 1 1 422 846 855 431 423 847 856 432
731 5 2 1 1 423 847 856 432 424 848 857 433
732 5 2 1 1 424 848 857 433 425 849 858 434
733 5 2 1 1 425 849 858 434 426 850 859 435
734 5 2 1 1 426 850 859 435 427 851 860 436
735 5 2 1 1 427 851 860 436 428 852 861 437
736 5 2 1 1 428 852 861 437 429 853 862 438
737 5 2 1 1 429 853 862 438 430 854 863 439
738 5 2 1 1 430 854 863 439 95 459 460 94
739 5 2 1 1 49 279 280 50 431 855 864 440
740 5 2 1 1 431 855 864 440 432 856 865 441
741 5 2 1 1 432 856 865 441 433 857 866 442
742 5 2 1 1 433 857 866 442 434 858 867 443
743 5 2 1 1 434 858 867 443 435 859 868 444
744 5 2 1 1 435 859 868 444 436 860 869 445
745 5 2 1 1 436 860 869 445 437 861 870 446
746 5 2 1 1 437 861 870 446 438 862 871 447
747 5 2 1 1 438 862 871 447 439 863 872 448
748 5 2 1 1 439 863 872 448 94 460 461 93
749 5 2 1 1 50 280 281 51 440 864 873 449
750 5 2 1 1 440 864 873 449 441 865 874 450
751 5 2 1 1 441 865 874 450 442 866 875 451
752 5 2 1 1 442 866 875 451 443 867 876 452
753 5 2 1 1 443 867 876 452 444 868 877 453
754 5 2 1 1 444 868 877 453 445 869 878 454
755 5 2 1 1 445 869 878 454 446 870 879 455
756 5 2 1 1 446 870 879 455 447 871 880 456
757 5 2 1 1 447 871 880 456 448 872 881 457
758 5 2 1 1 448 872 881 457 93 461 462 92
759 5 2 1 1 51 281 75 9 449 873 395 124
760 5 2 1 1 449 873 395 124 450 874 396 125
761 5 2 1 1 450 874 396 125 451 875 397 126
762 5 2 1 1 451 875 397 126 452 876 398 127
763 5 2 1 1 452 876 398 127 453 877 399 128
764 5 2 1 1 453 877 399 128 454 878 400 129
765 5 2 1 1 454 878 400 129 455 879 401 130
766 5 2 1 1 455 879 401 130 456 880 402 131
767 5 2 1 1 456 880 402 131 457 881 403 132
768 5 2 1 1 457 881 403 132 92 462 91 20
769 5 2 1 1 33 34 282 277 332 341 882 837
770 5 2 1 1 332 341 882 837 333 342 883 838
771 5 2 1 1 333 342 883 838 334 343 884 839
772 5 2 1 1 334 343 884 839 335 344 885 840
773 5 2 1 1 335 344 885 840 336 345 886 841
774 5 2 1 1 336 345 886 841 337 346 887 842
775 5 2 1 1 337 346 887 842 338 347 888 843
776 5 2 1 1 338 347 888 843 339 348 889 844
777 5 2 1 1 339 348 889 844 340 349 890 845
778 5 2 1 1 340 349 890 845 83 84 463 458
779 5 2 1 1 277 282 283 278 837 882 891 846
780 5 2 1 1 837 882 891 846 838 883 892 847
781 5 2 1 1 838 883 892 847 839 884 893 848
782 5 2 1 1 839 884 893 848 840 885 894 849
783 5 2 1 1 840 885 894 849 841 886 895 850
784 5 2 1 1 841 886 895 850 842 887 896 851
785 5 2 1 1 842 887 896 851 843 888 897 852
786 5 2 1 1 843 888 897 852 844 889 898 853
787 5 2 1 1 844 889 898 853 845 890 899 854
788 5 2 1 1 845 890 899 854 458 463 464 459
789 5 2 1 1 278 283 284 279 846 891 900 855
790 5 2 1 1 846 891 900 855 847 892 901 856
791 5 2 1 1 847 892 901 856 848 893 902 857
792 5 2 1 1 848 893 902 857 849 894 903 858
793 5 2 1 1 849 894 903 858 850 895 904 859
794 5 2 1 1 850 895 904 859 851 896 905 860
795 5 2 1 1 851 896 905 860 852 897 906 861
796 5 2 1 1 852 897 906 861 853 898 907 862
797 5 2 1 1 853 898 907 862 854 899 908 863
798 5 2 1 1 854 899 908 863 459 464 465 460
799 5 2 1 1 279 284 285 280 855 900 909 864
800 5 2 1 1 855 900 909 864 856 901 910 865
801 5 2 1 1 856 901 910 865 857 902 911 866
802 5 2 1 1 857 902 911 866 858 903 912 867
803 5 2 1 1 858 903 912 867 859 904 913 868
804 5 2 1 1 859 904 913 868 860 905 914 869
805 5 2 1 1 860 905 914 869 861 906 915 870
806 5 2 1 1 861 906 915 870 862 907 916 871
807 5 2 1 1 862 907 916 871 863 908 917 872
808 5 2 1 1 863 908 917 872 460 465 466 461
809 5 2 1 1 280 285 286 281 864 909 918 873
810 5 2 1 1 864 909 918 873 865 910 919 874
811 5 2 1 1 865 910 919 874 866 911 920 875
812 5 2 1 1 866 911 920 875 867 912 921 876
813 5 2 1 1 867 912 921 876 868 913 922 877
814 5 2 1 1 868 913 922 877 869 914 923 878
815 5 2 1 1 869 914 923 878 870 915 924 879
816 5 2 1 1 870 915 924 879 871 916 925 880
817 5 2 1 1 871 916 925 880 872 917 926 881
818 5 2 1 1 872 917 926 881 461 466 467 462
819 5 2 1 1 281 286 76 75 873 918 404 395
820 5 2 1 1 873 918 404 395 874 919 405 396
821 5 2 1 1 874 919 405 396 875 920 406 397
822 5 2 1 1 875 920 406 397 876 921 407 398
823 5 2 1 1 876 921 407 398 877 922 408 399
824 5 2 1 1 877 922 408 399 878 923 409 400
825 5 2 1 1 878 923 409 400 879 924 410 401
826 5 2 1 1 879 924 410 401 880 925 411 402
827 5 2 1 1 880 925 411 402 881 926 412 403
828 5 2 1 1 881 926 412 403 462 467 90 91
829 5 2 1 1 34 2 61 282 341 106 350 882
830 5 2 1 1 341 106 350 882 342 107 351 883
831 5 2 1 1 342 107 351 883 343 108 352 884
832 5 2 1 1 343 108 352 884 344 109 353 885
833 5 2 1 1 344 109 353 885 345 110 354 886
834 5 2 1 1 345 110 354 886 346 111 355 887
835 5 2 1 1 346 111 355 887 347 112 356 888
836 5 2 1 1 347 112 356 888 348 113 357 889
837 5 2 1 1 348 113 357 889 349 114 358 890
838 5 2 1 1 349 114 358 890 84 18 85 463
839 5 2 1 1 282 61 62 283 882 350 359 891
840 5 2 1 1 882 350 359 891 883 351 360 892
841 5 2 1 1 883 351 360 892 884 352 361 893
842 5 2 1 1 884 352 361 893 885 353 362 894
843 5 2 1 1 885 353 362 894 886 354 363 895
844 5 2 1 1 886 354 363 895 887 355 364 896
845 5 2 1 1 887 355 364 896 888 356 365 897
846 5 2 1 1 888 356 365 897 889 357 366 898
847 5 2 1 1 889 357 366 898 890 358 367 899
848 5 2 1 1 890 358 367 899 463 85 86 464
849 5 2 1 1 283 62 63 284 891 359 368 900
850 5 2 1 1 891 359 368 900 892 360 369 901
851 5 2 1 1 892 360 369 901 893 361 370 902
852 5 2 1 1 893 361 370 902 894 362 371 903
853 5 2 1 1 894 362 371 903 895 363 372 904
854 5 2 1 1 895 363 372 904 896 364 373 905
855 5 2 1 1 896 364 373 905 897 365 374 906
856 5 2 1 1 897 365 374 906 898 366 375 907
857 5 2 1 1 898 366 375 907 899 367 376 908
858 5 2 1 1 899 367 376 908 464 86 87 465
859 5 2 1 1 284 63 64 285 900 368 377 909
860 5 2 1 1 900 368 377 909 901 369 378 910
861 5 2 1 1 901 369 378 910 902 370 379 911
862 5 2 1 1 902 370 379 911 903 371 380 912
863 5 2 1 1 903 371 380 912 904 372 381 913
864 5 2 1 1 904 372 381 913 905 373 382 914
865 5 2 1 1 905 373 382 914 906 374 383 915
866 5 2 1 1 906 374 383 915 907 375 384 916
867 5 2 1 1 907 375 384 916 908 376 385 917
868 5 2 1 1 908 376 385 917 465 87 88 466
869 5 2 1 1 285 64 65 286 909 377 386 918
870 5 2 1 1 909 377 386 918 910 378 387 919
871 5 2 1 1 910 378 387 919 911 379 388 920
872 5 2 1 1 911 379 388 920 912 380 389 921
873 5 2 1 1 912 380 389 921 913 381 390 922
874 5 2 1 1 913 381 390 922 914 382 391 923
875 5 2 1 1 914 382 391 923 915 383 392 924
876 5 2 1 1 915 383 392 924 916 384 393 925
877 5 2 1 1 916 384 393 925 917 385 394 926
878 5 2 1 1 917 385 394 926 466 88 89 467
879 5 2 1 1 286 65 10 76 918 386 115 404
880 5 2 1 1 918 386 115 404 919 387 116 405
881 5 2 1 1 919 387 116 405 920 388 117 406
882 5 2 1 1 920 388 117 406 921 389 118 407
883 5 2 1 1 921 389 118 407 922 390 119 408
884 5 2 1 1 922 390 119 408 923 391 120 409
885 5 2 1 1 923 391 120 409 924 392 121 410
886 5 2 1 1 924 392 121 410 925 393 122 411
887 5 2 1 1 925 393 122 411 926 394 123 412
888 5 2 1 1 926 394 123 412 467 89 19 90
889 5 2 2 2 11 78 287 52 141 477 927 522
890 5 2 2 2 141 477 927 522 142 478 928 523
891 5 2 2 2 142 478 928 523 143 479 929 524
892 5 2 2 2 143 479 929 524 144 480 930 525
893 5 2 2 2 144 480 930 525 145 481 931 526
894 5 2 2 2 145 481 931 526 146 482 932 527
895 5 2 2 2 146 482 932 527 147 483 933 528
896 5 2 2 2 147 483 933 528 148 484 934 529
897 5 2 2 2 148 484 934 529 149 485 935 530
898 5 2 2 2 149 485 935 530 21 133 540 140
899 5 2 2 2 52 287 288 53 522 927 936 531
900 5 2 2 2 522 927 936 531 523 928 937 532
901 5 2 2 2 523 928 937 532 524 929 938 533
902 5 2 2 2 524 929 938 533 525 930 939 534
903 5 2 2 2 525 930 939 534 526 931 940 535
904 5 2 2 2 526 931 940 535 527 932 941 536
905 5 2 2 2 527 932 941 536 528 933 942 537
906 5 2 2 2 528 933 942 537 529 934 943 538
907 5 2 2 2 529 934 943 538 530 935 944 539
908 5 2 2 2 530 935 944 539 140 540 541 139
909 5 2 2 2 53 288 40 5 531 936 504 168
910 5 2 2 2 531 936 504 168 532 937 505 169
911 5 2 2 2 532 937 505 169 533 938 506 170
912 5 2 2 2 533 938 506 170 534 939 507 171
913 5 2 2 2 534 939 507 171 535 940 508 172
914 5 2 2 2 535 940 508 172 536 941 509 173
915 5 2 2 2 536 941 509 173 537 942 510 174
916 5 2 2 2 537 942 510 174 538 943 511 175
917 5 2 2 2 538 943 511 175 539 944 512 176
918 5 2 2 2 539 944 512 176 139 541 138 24
919 5 2 2 2 78 77 289 287 477 468 945 927
920 5 2 2 2 477 468 945 927 478 469 946 928
921 5 2 2 2 478 469 946 928 479 470 947 929
922 5 2 2 2 479 470 947 929 480 471 948 930
923 5 2 2 2 480 471 948 930 481 472 949 931
924 5 2 2 2 481 472 949 931 482 473 950 932
925 5 2 2 2 482 473 950 932 483 474 951 933
926 5 2 2 2 483 474 951 933 484 475 952 934
927 5 2 2 2 484 475 952 934 485 476 953 935
928 5 2 2 2 485 476 953 935 133 134 542 540
929 5 2 2 2 287 289 290 288 927 945 954 936
930 5 2 2 2 927 945 954 936 928 946 955 937
931 5 2 2 2 928 946 955 937 929 947 956 938
932 5 2 2 2 929 947 956 938 930 948 957 939
933 5 2 2 2 930 948 957 939 931 949 958 940
934 5 2 2 2 931 949 958 940 932 950 959 941
935 5 2 2 2 932 950 959 941 933 951 960 942
936 5 2 2 2 933 951 960 942 934 952 961 943
937 5 2 2 2 934 952 961 943 935 953 962 944
938 5 2 2 2 935 953 962 944 540 542 543 541
939 5 2 2 2 288 290 41 40 936 954 513 504
940 5 2 2 2 936 954 513 504 937 955 514 505
941 5 2 2 2 937 955 514 505 938 956 515 506
942 5 2 2 2 938 956 515 506 939 957 516 507
943 5 2 2 2 939 957 516 507 940 958 517 508
944 5 2 2 2 940 958 517 508 941 959 518 509
945 5 2 2 2 941 959 518 509 942 960 519 510
946 5 2 2 2 942 960 519 510 943 961 520 511
947 5 2 2 2 943 961 520 511 944 962 521 512
948 5 2 2 2 944 962 521 512 541 543 137 138
949 5 2 2 2 77 12 66 289 468 150 486 945
950 5 2 2 2 468 150 486 945 469 151 487 946
951 5 2 2 2 469 151 487 946 470 152 488 947
952 5 2 2 2 470 152 488 947 471 153 489 948
953 5 2 2 2 471 153 489 948 472 154 490 949
954 5 2 2 2 472 154 490 949 473 155 491 950
955 5 2 2 2 473 155 491 950 474 156 492 951
956 5 2 2 2 474 156 492 951 475 157 493 952
957 5 2 2 2 475 157 493 952 476 158 494 953
958 5 2 2 2 476 158 494 953 134 22 135 542
959 5 2 2 2 289 66 67 290 945 486 495 954
960 5 2 2 2 945 486 495 954 946 487 496 955
961 5 2 2 2 946 487 496 955 947 488 497 956
962 5 2 2 2 947 488 497 956 948 489 498 957
963 5 2 2 2 948 489 498 957 949 490 499 958
964 5 2 2 2 949 490 499 958 950 491 500 959
965 5 2 2 2 950 491 500 959 951 492 501 960
966 5 2 2 2 951 492 501 960 952 493 502 961
967 5 2 2 2 952 493 502 961 953 494 503 962
968 5 2 2 2 953 494 503 962 542 135 136 543
969 5 2 2 2 290 67 6 41 954 495 159 513
970 5 2 2 2 954 495 159 513 955 496 160 514
971 5 2 2 2 955 496 160 514 956 497 161 515
972 5 2 2 2 956 497 161 515 957 498 162 516
973 5 2 2 2 957 498 162 516 958 499 163 517
974 5 2 2 2 958 499 163 517 959 500 164 518
975 5 2 2 2 959 500 164 518 960 501 165 519
976 5 2 2 2 960 501 165 519 961 502 166 520
977 5 2 2 2 961 502 166 520 962 503 167 521
978 5 2 2 2 962 503 167 521 543 136 23 137
979 5 2 3 3 2 35 291 61 106 544 963 350
980 5 2 3 3 106 544 963 350 107 545 964 351
981 5 2 3 3 107 545 964 351 108 546 965 352
982 5 2 3 3 108 546 965 352 109 547 966 353
983 5 2 3 3 109 547 966 353 110 548 967 354
984 5 2 3 3 110 548 967 354 111 549 968 355
985 5 2 3 3 111 549 968 355 112 550 969 356
986 5 2 3 3 112 550 969 356 113 551 970 357
987 5 2 3 3 113 551 970 357 114 552 971 358
988 5 2 3 3 114 552 971 358 18 177 661 85
989 5 2 3 3 61 291 292 62 350 963 972 359
990 5 2 3 3 350 963 972 359 351 964 973 360
991 5 2 3 3 351 964 973 360 352 965 974 361
992 5 2 3 3 352 965 974 361 353 966 975 362
993 5 2 3 3 353 966 975 362 354 967 976 363
994 5 2 3 3 354 967 976 363 355 968 977 364
995 5 2 3 3 355 968 977 364 356 969 978 365
996 5 2 3 3 356 969 978 365 357 970 979 366
997 5 2 3 3 357 970 979 366 358 971 980 367
998 5 2 3 3 358 971 980 367 85 661 662 86
999 5 2 3 3 62 292 293 63 359 972 981 368
1000 5 2 3 3 359 972 981 368 360 973 982 369
1001 5 2 3 3 360 973 982 369 361 974 983 370
1002 5 2 3 3 361 974 983 370 362 975 984 371
1003 5 2 3 3 362 975 984 371 363 976 985 372
1004 5 2 3 3 363 976 985 372 364 977 986 373
1005 5 2 3 3 364 977 986 373 365 978 987 374
1006 5 2 3 3 365 978 987 374 366 979 988 375
1007 5 2 3 3 366 979 988 375 367 980 989 376
1008 5 2 3 3 367 980 989 376 86 662 663 87
1009 5 2 3 3 63 293 294 64 368 981 990 377
1010 5 2 3 3 368 981 990 377 369 982 991 378
1011 5 2 3 3 369 982 991 378 370 983 992 379
1012 5 2 3 3 370 983 992 379 371 984 993 380
1013 5 2 3 3 371 984 993 380 372 985 994 381
1014 5 2 3 3 372 985 994 381 373 986 995 382
1015 5 2 3 3 373 986 995 382 374 987 996 383
1016 5 2 3 3 374 987 996 383 375 988 997 384
1017 5 2 3 3 375 988 997 384 376 989 998 385
1018 5 2 3 3 376 989 998 385 87 663 664 88
1019 5 2 3 3 64 294 295 65 377 990 999 386
1020 5 2 3 3 377 990 999 386 378 991 1000 387
1021 5 2 3 3 378 991 1000 387 379 992 1001 388
1022 5 2 3 3 379 992 1001 388 380 993 1002 389
1023 5 2 3 3 380 993 1002 389 381 994 1003 390
1024 5 2 3 3 381 994 1003 390 382 995 1004 391
1025 5 2 3 3 382 995 1004 391 383 996 1005 392
1026 5 2 3 3 383 996 1005 392 384 997 1006 393
1027 5 2 3 3 384 997 1006 393 385 998 1007 394
1028 5 2 3 3 385 998 1007 394 88 664 665 89
1029 5 2 3 3 65 295 296 10 386 999 1008 115
1030 5 2 3 3 386 999 1008 115 387 1000 1009 116
1031 5 2 3 3 387 1000 1009 116 388 1001 1010 117
1032 5 2 3 3 388 1001 1010 117 389 1002 1011 118
1033 5 2 3 3 389 1002 1011 118 390 1003 1012 119
1034 5 2 3 3 390 1003 1012 119 391 1004 1013 120
1035 5 2 3 3 391 1004 1013 120 392 1005 1014 121
1036 5 2 3 3 392 1005 1014 121 393 1006 1015 122
1037 5 2 3 3 393 1006 1015 122 394 1007 1016 123
1038 5 2 3 3 394 1007 1016 123 89 665 666 19
1039 5 2 3 3 10 296 297 12 115 1008 1017 150
1040 5 2 3 3 115 1008 1017 150 116 1009 1018 151
1041 5 2 3 3 116 1009 1018 151 117 1010 1019 152
1042 5 2 3 3 117 1010 1019 152 118 1011 1020 153
1043 5 2 3 3 118 1011 1020 153 119 1012 1021 154
1044 5 2 3 3 119 1012 1021 154 120 1013 1022 155
1045 5 2 3 3 120 1013 1022 155 121 1014 1023 156
1046 5 2 3 3 121 1014 1023 156 122 1015 1024 157
1047 5 2 3 3 122 1015 1024 157 123 1016 1025 158
1048 5 2 3 3 123 1016 1025 158 19 666 667 22
1049 5 2 3 3 12 297 298 66 150 1017 1026 486
1050 5 2 3 3 150 1017 1026 486 151 1018 1027 487
1051 5 2 3 3 151 1018 1027 487 152 1019 1028 488
1052 5 2 3 3 152 1019 1028 488 153 1020 1029 489
1053 5 2 3 3 153 1020 1029 489 154 1021 1030 490
1054 5 2 3 3 154 1021 1030 490 155 1022 1031 491
1055 5 2 3 3 155 1022 1031 491 156 1023 1032 492
1056 5 2 3 3 156 1023 1032 492 157 1024 1033 493
1057 5 2 3 3 157 1024 1033 493 158 1025 1034 494
1058 5 2 3 3 158 1025 1034 494 22 667 668 135
1059 5 2 3 3 66 298 299 67 486 1026 1035 495
1060 5 2 3 3 486 1026 1035 495 487 1027 1036 496
1061 5 2 3 3 487 1027 1036 496 488 1028 1037 497
1062 5 2 3 3 488 1028 1037 497 489 1029 1038 498
1063 5 2 3 3 489 1029 1038 498 490 1030 1039 499
1064 5 2 3 3 490 1030 1039 499 491 1031 1040 500
1065 5 2 3 3 491 1031 1040 500 492 1032 1041 501
1066 5 2 3 3 492 1032 1041 501 493 1033 1042 502
1067 5 2 3 3 493 1033 1042 502 494 1034 1043 503
1068 5 2 3 3 494 1034 1043 503 135 668 669 136
1069 5 2 3 3 67 299 42 6 495 1035 634 159
1070 5 2 3 3 495 1035 634 159 496 1036 635 160
1071 5 2 3 3 496 1036 635 160 497 1037 636 161
1072 5 2 3 3 497 1037 636 161 498 1038 637 162
1073 5 2 3 3 498 1038 637 162 499 1039 638 163
1074 5 2 3 3 499 1039 638 163 500 1040 639 164
1075 5 2 3 3 500 1040 639 164 501 1041 640 165
1076 5 2 3 3 501 1041 640 165 502 1042 641 166
1077 5 2 3 3 502 1042 641 166 503 1043 642 167
1078 5 2 3 3 503 1043 642 167 136 669 189 23
1079 5 2 3 3 35 36 300 291 544 553 1044 963
1080 5 2 3 3 544 553 1044 963 545 554 1045 964
1081 5 2 3 3 545 554 1045 964 546 555 1046 965
1082 5 2 3 3 546 555 1046 965 547 556 1047 966
1083 5 2 3 3 547 556 1047 966 548 557 1048 967
1084 5 2 3 3 548 557 1048 967 549 558 1049 968
1085 5 2 3 3 549 558 1049 968 550 559 1050 969
1086 5 2 3 3 550 559 1050 969 551 560 1051 970
1087 5 2 3 3 551 560 1051 970 552 561 1052 971
1088 5 2 3 3 552 561 1052 971 177 178 670 661
1089 5 2 3 3 291 300 301 292 963 1044 1053 972
1090 5 2 3 3 963 1044 1053 972 964 1045 1054 973
1091 5 2 3 3 964 1045 1054 973 965 1046 1055 974
1092 5 2 3 3 965 1046 1055 974 966 1047 1056 975
1093 5 2 3 3 966 1047 1056 975 967 1048 1057 976
1094 5 2 3 3 967 1048 1057 976 968 1049 1058 977
1095 5 2 3 3 968 1049 1058 977 969 1050 1059 978
1096 5 2 3 3 969 1050 1059 978 970 1051 1060 979
1097 5 2 3 3 970 1051 1060 979 971 1052 1061 980
1098 5 2 3 3 971 1052 1061 980 661 670 671 662
1099 5 2 3 3 292 301 302 293 972 1053 1062 981
1100 5 2 3 3 972 1053 1062 981 973 1054 1063 982
1101 5 2 3 3 973 1054 1063 982 974 1055 1064 983
1102 5 2 3 3 974 1055 1064 983 975 1056 1065 984
1103 5 2 3 3 975 1056 1065 984 976 1057 1066 985
1104 5 2 3 3 976 1057 1066 985 977 1058 1067 986
1105 5 2 3 3 977 1058 1067 986 978 1059 1068 987
1106 5 2 3 3 978 1059 1068 987 979 1060 1069 988
1107 5 2 3 3 979 1060 1069 988 980 1061 1070 989
1108 5 2 3 3 980 1061 1070 989 662 671 672 663
1109 5 2 3 3 293 302 303 294 981 1062 1071 990
1110 5 2 3 3 981 1062 1071 990 982 1063 1072 991
1111 5 2 3 3 982 1063 1072 991 983 1064 1073 992
1112 5 2 3 3 983 1064 1073 992 984 1065 1074 993
1113 5 2 3 3 984 1065 1074 993 985 1066 1075 994
1114 5 2 3 3 985 1066 1075 994 986 1067 1076 995
1115 5 2 3 3 986 1067 1076 995 987 1068 1077 996
1116 5 2 3 3 987 1068 1077 996 988 1069 1078 997
1117 5 2 3 3 988 1069 1078 997 989 1070 1079 998
1118 5 2 3 3 989 1070 1079 998 663 672 673 664
1119 5 2 3 3 294 303 304 295 990 1071 1080 999
1120 5 2 3 3 990 1071 1080 999 991 1072 1081 1000
1121 5 2 3 3 991 1072 1081 1000 992 1073 1082 1001
1122 5 2 3 3 992 1073 1082 1001 993 1074 1083 1002
1123 5 2 3 3 993 1074 1083 1002 994 1075 1084 1003
1124 5 2 3 3 994 1075 1084 1003 995 1076 1085 1004
1125 5 2 3 3 995 1076 1085 1004 996 1077 1086 1005
1126 5 2 3 3 996 1077 1086 1005 997 1078 1087 1006
1127 5 2 3 3 997 1078 1087 1006 998 1079 1088 1007
1128 5 2 3 3 998 1079 1088 1007 664 673 674 665
1129 5 2 3 3 295 304 305 296 999 1080 1089 1008
1130 5 2 3 3 999 1080 1089 1008 1000 1081 1090 1009
1131 5 2 3 3 1000 1081 1090 1009 1001 1082 1091 1010
1132 5 2 3 3 1001 1082 1091 1010 1002 1083 1092 1011
1133 5 2 3 3 1002 1083 1092 1011 1003 1084 1093 1012
1134 5 2 3 3 1003 1084 1093 1012 1004 1085 1094 1013
1135 5 2 3 3 1004 1085 1094 1013 1005 1086 1095 1014
1136 5 2 3 3 1005 1086 1095 1014 1006 1087 1096 1015
1137 5 2 3 3 1006 1087 1096 1015 1007 1088 1097 1016
1138 5 2 3 3 1007 1088 1097 1016 665 674 675 666
1139 5 2 3 3 296 305 306 297 1008 1089 1098 1017
1140 5 2 3 3 1008 1089 1098 1017 1009 1090 1099 1018
1141 5 2 3 3 1009 1090 1099 1018 1010 1091 1100 1019
1142 5 2 3 3 1010 1091 1100 1019 1011 1092 1101 1020
1143 5 2 3 3 1011 1092 1101 1020 1012 1093 1102 1021
1144 5 2 3 3 1012 1093 1102 1021 1013 1094 1103 1022
1145 5 2 3 3 1013 1094 1103 1022 1014 1095 1104 1023
1146 5 2 3 3 1014 1095 1104 1023 1015 1096 1105 1024
1147 5 2 3 3 1015 1096 1105 1024 1016 1097 1106 1025
1148 5 2 3 3 1016 1097 1106 1025 666 675 676 667
1149 5 2 3 3 297 306 307 298 1017 1098 1107 1026
1150 5 2 3 3 1017 1098 1107 1026 1018 1099 1108 1027
1151 5 2 3 3 1018 1099 1108 1027 1019 1100 1109 1028
1152 5 2 3 3 1019 1100 1109 1028 1020 1101 1110 1029
1153 5 2 3 3 1020 1101 1110 1029 1021 1102 1111 1030
1154 5 2 3 3 1021 1102 1111 1030 1022 1103 1112 1031
1155 5 2 3 3 1022 1103 1112 1031 1023 1104 1113 1032
1156 5 2 3 3 1023 1104 1113 1032 1024 1105 1114 1033
1157 5 2 3 3 1024 1105 1114 1033 1025 1106 1115 1034
1158 5 2 3 3 1025 1106 1115 1034 667 676 677 668
1159 5 2 3 3 298 307 308 299 1026 1107 1116 1035
1160 5 2 3 3 1026 1107 1116 1035 1027 1108 1117 1036
1161 5 2 3 3 1027 1108 1117 1036 1028 1109 1118 1037
1162 5 2 3 3 1028 1109 1118 1037 1029 1110 1119 1038
1163 5 2 3 3 1029 1110 1119 1038 1030 1111 1120 1039
1164 5 2 3 3 1030 1111 1120 1039 1031 1112 1121 1040
1165 5 2 3 3 1031 1112 1121 1040 1032 1113 1122 1041
1166 5 2 3 3 1032 1113 1122 1041 1033 1114 1123 1042
1167 5 2 3 3 1033 1114 1123 1042 1034 1115 1124 1043
1168 5 2 3 3 1034 1115 1124 1043 668 677 678 669
1169 5 2 3 3 299 308 43 42 1035 1116 643 634
1170 5 2 3 3 1035 1116 643 634 1036 1117 644 635
1171 5 2 3 3 1036 1117 644 635 1037 1118 645 636
1172 5 2 3 3 1037 1118 645 636 1038 1119 646 637
1173 5 2 3 3 1038 1119 646 637 1039 1120 647 638
1174 5 2 3 3 1039 1120 647 638 1040 1121 648 639
1175 5 2 3 3 1040 1121 648 639 1041 1122 649 640
1176 5 2 3 3 1041 1122 649 640 1042 1123 650 641
1177 5 2 3 3 1042 1123 650 641 1043 1124 651 642
1178 5 2 3 3 1043 1124 651 642 669 678 188 189
1179 5 2 3 3 36 37 309 300 553 562 1125 1044
1180 5 2 3 3 553 562 1125 1044 554 563 1126 1045
1181 5 2 3 3 554 563 1126 1045 555 564 1127 1046
1182 5 2 3 3 555 564 1127 1046 556 565 1128 1047
1183 5 2 3 3 556 565 1128 1047 557 566 1129 1048
1184 5 2 3 3 557 566 1129 1048 558 567 1130 1049
1185 5 2 3 3 558 567 1130 1049 559 568 1131 1050
1186 5 2 3 3 559 568 1131 1050 560 569 1132 1051
1187 5 2 3 3 560 569 1132 1051 561 570 1133 1052
1188 5 2 3 3 561 570 1133 1052 178 179 679 670
1189 5 2 3 3 300 309 310 301 1044 1125 1134 1053
1190 5 2 3 3 1044 1125 1134 1053 1045 1126 1135 1054
1191 5 2 3 3 1045 1126 1135 1054 1046 1127 1136 1055
1192 5 2 3 3 1046 1127 1136 1055 1047 1128 1137 1056
1193 5 2 3 3 1047 1128 1137 1056 1048 1129 1138 1057
1194 5 2 3 3 1048 1129 1138 1057 1049 1130 1139 1058
1195 5 2 3 3 1049 1130 1139 1058 1050 1131 1140 1059
1196 5 2 3 3 1050 1131 1140 1059 1051 1132 1141 1060
1197 5 2 3 3 1051 1132 1141 1060 1052 1133 1142 1061
1198 5 2 3 3 1052 1133 1142 1061 670 679 680 671
1199 5 2 3 3 301 310 311 302 1053 1134 1143 1062
1200 5 2 3 3 1053 1134 1143 1062 1054 1135 1144 1063
1201 5 2 3 3 1054 1135 1144 1063 1055 1136 1145 1064
1202 5 2 3 3 1055 1136 1145 1064 1056 1137 1146 1065
1203 5 2 3 3 1056 1137 1146 1065 1057 1138 1147 1066
1204 5 2 3 3 1057 1138 1147 1066 1058 1139 1148 1067
1205 5 2 3 3 1058 1139 1148 1067 1059 1140 1149 1068
1206 5 2 3 3 1059 1140 1149 1068 1060 1141 1150 1069
1207 5 2 3 3 1060 1141 1150 1069 1061 1142 1151 1070
1208 5 2 3 3 1061 1142 1151 1070 671 680 681 672
1209 5 2 3 3 302 311 312 303 1062 1143 1152 1071
1210 5 2 3 3 1062 1143 1152 1071 1063 1144 1153 1072
1211 5 2 3 3 1063 1144 1153 1072 1064 1145 1154 1073
1212 5 2 3 3 1064 1145 1154 1073 1065 1146 1155 1074
1213 5 2 3 3 1065 1146 1155 1074 1066 1147 1156 1075
1214 5 2 3 3 1066 1147 1156 1075 1067 1148 1157 1076
1215 5 2 3 3 1067 1148 1157 1076 1068 1149 1158 1077
1216 5 2 3 3 1068 1149 1158 1077 1069 1150 1159 1078
1217 5 2 3 3 1069 1150 1159 1078 1070 1151 1160 1079
1218 5 2 3 3 1070 1151 1160 1079 672 681 682 673
1219 5 2 3 3 303 312 313 304 1071 1152 1161 1080
1220 5 2 3 3 1071 1152 1161 1080 1072 1153 1162 1081
1221 5 2 3 3 1072 1153 1162 1081 1073 1154 1163 1082
1222 5 2 3 3 1073 1154 1163 1082 1074 1155 1164 1083
1223 5 2 3 3 1074 1155 1164 1083 1075 1156 1165 1084
1224 5 2 3 3 1075 1156 1165 1084 1076 1157 1166 1085
1225 5 2 3 3 1076 1157 1166 1085 1077 1158 1167 1086
1226 5 2 3 3 1077 1158 1167 1086 1078 1159 1168 1087
1227 5 2 3 3 1078 1159 1168 1087 1079 1160 1169 1088
1228 5 2 3 3 1079 1160 1169 1088 673 682 683 674
1229 5 2 3 3 304 313 314 305 1080 1161 1170 1089
1230 5 2 3 3 1080 1161 1170 1089 1081 1162 1171 1090
1231 5 2 3 3 1081 1162 1171 1090 1082 1163 1172 1091
1232 5 2 3 3 1082 1163 1172 1091 1083 1164 1173 1092
1233 5 2 3 3 1083 1164 1173 1092 1084 1165 1174 1093
1234 5 2 3 3 1084 1165 1174 1093 1085 1166 1175 1094
1235 5 2 3 3 1085 1166 1175 1094 1086 1167 1176 1095
1236 5 2 3 3 1086 1167 1176 1095 1087 1168 1177 1096
1237 5 2 3 3 1087 1168 1177 1096 1088 1169 1178 1097
1238 5 2 3 3 1088 1169 1178 1097 674 683 684 675
1239 5 2 3 3 305 314 315 306 1089 1170 1179 1098
1240 5 2 3 3 1089 1170 1179 1098 1090 1171 1180 1099
1241 5 2 3 3 1090 1171 1180 1099 1091 1172 1181 1100
1242 5 2 3 3 1091 1172 1181 1100 1092 1173 1182 1101
1243 5 2 3 3 1092 1173 1182 1101 1093 1174 1183 1102
1244 5 2 3 3 1093 1174 1183 1102 1094 1175 1184 1103
1245 5 2 3 3 1094 1175 1184 1103 1095 1176 1185 1104
1246 5 2 3 3 1095 1176 1185 1104 1096 1177 1186 1105
1247 5 2 3 3 1096 1177 1186 1105 1097 1178 1187 1106
1248 5 2 3 3 1097 1178 1187 1106 675 684 685 676
1249 5 2 3 3 306 315 316 307 1098 1179 1188 1107
1250 5 2 3 3 1098 1179 1188 1107 1099 1180 1189 1108
1251 5 2 3 3 1099 1180 1189 1108 1100 1181 1190 1109
1252 5 2 3 3 1100 1181 1190 1109 1101 1182 1191 1110
1253 5 2 3 3 1101 1182 1191 1110 1102 1183 1192 1111
1254 5 2 3 3 1102 1183 1192 1111 1103 1184 1193 1112
1255 5 2 3 3 1103 1184 1193 1112 1104 1185 1194 1113
1256 5 2 3 3 1104 1185 1194 1113 1105 1186 1195 1114
1257 5 2 3 3 1105 1186 1195 1114 1106 1187 1196 1115
1258 5 2 3 3 1106 1187 1196 1115 676 685 686 677
1259 5 2 3 3 307 316 317 308 1107 1188 1197 1116
1260 5 2 3 3 1107 1188 1197 1116 1108 1189 1198 1117
1261 5 2 3 3 1108 1189 1198 1117 1109 1190 1199 1118
1262 5 2 3 3 1109 1190 1199 1118 1110 1191 1200 1119
1263 5 2 3 3 1110 1191 1200 1119 1111 1192 1201 1120
1264 5 2 3 3 1111 1192 1201 1120 1112 1193 1202 1121
1265 5 2 3 3 1112 1193 1202 1121 1113 1194 1203 1122
1266 5 2 3 3 1113 1194 1203 1122 1114 1195 1204 1123
1267 5 2 3 3 1114 1195 1204 1123 1115 1196 1205 1124
1268 5 2 3 3 1115 1196 1205 1124 677 686 687 678
1269 5 2 3 3 308 317 44 43 1116 1197 652 643
1270 5 2 3 3 1116 1197 652 643 1117 1198 653 644
1271 5 2 3 3 1117 1198 653 644 1118 1199 654 645
1272 5 2 3 3 1118 1199 654 645 1119 1200 655 646
1273 5 2 3 3 1119 1200 655 646 1120 1201 656 647
1274 5 2 3 3 1120 1201 656 647 1121 1202 657 648
1275 5 2 3 3 1121 1202 657 648 1122 1203 658 649
1276 5 2 3 3 1122 1203 658 649 1123 1204 659 650
1277 5 2 3 3 1123 1204 659 650 1124 1205 660 651
1278 5 2 3 3 1124 1205 660 651 678 687 187 188
1279 5 2 3 3 37 3 68 309 562 190 571 1125
1280 5 2 3 3 562 190 571 1125 563 191 572 1126
1281 5 2 3 3 563 191 572 1126 564 192 573 1127
1282 5 2 3 3 564 192 573 1127 565 193 574 1128
1283 5 2 3 3 565 193 574 1128 566 194 575 1129
1284 5 2 3 3 566 194 575 1129 567 195 576 1130
1285 5 2 3 3 567 195 576 1130 568 196 577 1131
1286 5 2 3 3 568 196 577 1131 569 197 578 1132
1287 5 2 3 3 569 197 578 1132 570 198 579 1133
1288 5 2 3 3 570 198 579 1133 179 25 180 679
1289 5 2 3 3 309 68 69 310 1125 571 580 1134
1290 5 2 3 3 1125 571 580 1134 1126 572 581 1135
1291 5 2 3 3 1126 572 581 1135 1127 573 582 1136
1292 5 2 3 3 1127 573 582 1136 1128 574 583 1137
1293 5 2 3 3 1128 574 583 1137 1129 575 584 1138
1294 5 2 3 3 1129 575 584 1138 1130 576 585 1139
1295 5 2 3 3 1130 576 585 1139 1131 577 586 1140
1296 5 2 3 3 1131 577 586 1140 1132 578 587 1141
1297 5 2 3 3 1132 578 587 1141 1133 579 588 1142
1298 5 2 3 3 1133 579 588 1142 679 180 181 680
1299 5 2 3 3 310 69 13 311 1134 580 199 1143
1300 5 2 3 3 1134 580 199 1143 1135 581 200 1144
1301 5 2 3 3 1135 581 200 1144 1136 582 201 1145
1302 5 2 3 3 1136 582 201 1145 1137 583 202 1146
1303 5 2 3 3 1137 583 202 1146 1138 584 203 1147
1304 5 2 3 3 1138 584 203 1147 1139 585 204 1148
1305 5 2 3 3 1139 585 204 1148 1140 586 205 1149
1306 5 2 3 3 1140 586 205 1149 1141 587 206 1150
1307 5 2 3 3 1141 587 206 1150 1142 588 207 1151
1308 5 2 3 3 1142 588 207 1151 680 181 26 681
1309 5 2 3 3 311 13 15 312 1143 199 208 1152
1310 5 2 3 3 1143 199 208 1152 1144 200 209 1153
1311 5 2 3 3 1144 200 209 1153 1145 201 210 1154
1312 5 2 3 3 1145 201 210 1154 1146 202 211 1155
1313 5 2 3 3 1146 202 211 1155 1147 203 212 1156
1314 5 2 3 3 1147 203 212 1156 1148 204 213 1157
1315 5 2 3 3 1148 204 213 1157 1149 205 214 1158
1316 5 2 3 3 1149 205 214 1158 1150 206 215 1159
1317 5 2 3 3 1150 206 215 1159 1151 207 216 1160
1318 5 2 3 3 1151 207 216 1160 681 26 27 682
1319 5 2 3 3 312 15 70 313 1152 208 589 1161
1320 5 2 3 3 1152 208 589 1161 1153 209 590 1162
1321 5 2 3 3 1153 209 590 1162 1154 210 591 1163
1322 5 2 3 3 1154 210 591 1163 1155 211 592 1164
1323 5 2 3 3 1155 211 592 1164 1156 212 593 1165
1324 5 2 3 3 1156 212 593 1165 1157 213 594 1166
1325 5 2 3 3 1157 213 594 1166 1158 214 595 1167
1326 5 2 3 3 1158 214 595 1167 1159 215 596 1168
1327 5 2 3 3 1159 215 596 1168 1160 216 597 1169
1328 5 2 3 3 1160 216 597 1169 682 27 182 683
1329 5 2 3 3 313 70 71 314 1161 589 598 1170
1330 5 2 3 3 1161 589 598 1170 1162 590 599 1171
1331 5 2 3 3 1162 590 599 1171 1163 591 600 1172
1332 5 2 3 3 1163 591 600 1172 1164 592 601 1173
1333 5 2 3 3 1164 592 601 1173 1165 593 602 1174
1334 5 2 3 3 1165 593 602 1174 1166 594 603 1175
1335 5 2 3 3 1166 594 603 1175 1167 595 604 1176
1336 5 2 3 3 1167 595 604 1176 1168 596 605 1177
1337 5 2 3 3 1168 596 605 1177 1169 597 606 1178
1338 5 2 3 3 1169 597 606 1178 683 182 183 684
1339 5 2 3 3 314 71 72 315 1170 598 607 1179
1340 5 2 3 3 1170 598 607 1179 1171 599 608 1180
1341 5 2 3 3 1171 599 608 1180 1172 600 609 1181
1342 5 2 3 3 1172 600 609 1181 1173 601 610 1182
1343 5 2 3 3 1173 601 610 1182 1174 602 611 1183
1344 5 2 3 3 1174 602 611 1183 1175 603 612 1184
1345 5 2 3 3 1175 603 612 1184 1176 604 613 1185
1346 5 2 3 3 1176 604 613 1185 1177 605 614 1186
1347 5 2 3 3 1177 605 614 1186 1178 606 615 1187
1348 5 2 3 3 1178 606 615 1187 684 183 184 685
1349 5 2 3 3 315 72 73 316 1179 607 616 1188
1350 5 2 3 3 1179 607 616 1188 1180 608 617 1189
1351 5 2 3 3 1180 608 617 1189 1181 609 618 1190
1352 5 2 3 3 1181 609 618 1190 1182 610 619 1191
1353 5 2 3 3 1182 610 619 1191 1183 611 620 1192
1354 5 2 3 3 1183 611 620 1192 1184 612 621 1193
1355 5 2 3 3 1184 612 621 1193 1185 613 622 1194
1356 5 2 3 3 1185 613 622 1194 1186 614 623 1195
1357 5 2 3 3 1186 614 623 1195 1187 615 624 1196
1358 5 2 3 3 1187 615 624 1196 685 184 185 686
1359 5 2 3 3 316 73 74 317 1188 616 625 1197
1360 5 2 3 3 1188 616 625 1197 1189 617 626 1198
1361 5 2 3 3 1189 617 626 1198 1190 618 627 1199
1362 5 2 3 3 1190 618 627 1199 1191 619 628 1200
1363 5 2 3 3 1191 619 628 1200 1192 620 629 1201
1364 5 2 3 3 1192 620 629 1201 1193 621 630 1202
1365 5 2 3 3 1193 621 630 1202 1194 622 631 1203
1366 5 2 3 3 1194 622 631 1203 1195 623 632 1204
1367 5 2 3 3 1195 623 632 1204 1196 624 633 1205
1368 5 2 3 3 1196 624 633 1205 686 185 186 687
1369 5 2 3 3 317 74 7 44 1197 625 217 652
1370 5 2 3 3 1197 625 217 652 1198 626 218 653
1371 5 2 3 3 1198 626 218 653 1199 627 219 654
1372 5 2 3 3 1199 627 219 654 1200 628 220 655
1373 5 2 3 3 1200 628 220 655 1201 629 221 656
1374 5 2 3 3 1201 629 221 656 1202 630 222 657
1375 5 2 3 3 1202 630 222 657 1203 631 223 658
1376 5 2 3 3 1203 631 223 658 1204 632 224 659
1377 5 2 3 3 1204 632 224 659 1205 633 225 660
1378 5 2 3 3 1205 633 225 660 687 186 28 187
1379 5 2 4 4 3 38 318 68 190 688 1206 571
1380 5 2 4 4 190 688 1206 571 191 689 1207 572
1381 5 2 4 4 191 689 1207 572 192 690 1208 573
1382 5 2 4 4 192 690 1208 573 193 691 1209 574
1383 5 2 4 4 193 691 1209 574 194 692 1210 575
1384 5 2 4 4 194 692 1210 575 195 693 1211 576
1385 5 2 4 4 195 693 1211 576 196 694 1212 577
1386 5 2 4 4 196 694 1212 577 197 695 1213 578
1387 5 2 4 4 197 695 1213 578 198 696 1214 579
1388 5 2 4 4 198 696 1214 579 25 226 742 180
1389 5 2 4 4 68 318 319 69 571 1206 1215 580
1390 5 2 4 4 571 1206 1215 580 572 1207 1216 581
1391 5 2 4 4 572 1207 1216 581 573 1208 1217 582
1392 5 2 4 4 573 1208 1217 582 574 1209 1218 583
1393 5 2 4 4 574 1209 1218 583 575 1210 1219 584
1394 5 2 4 4 575 1210 1219 584 576 1211 1220 585
1395 5 2 4 4 576 1211 1220 585 577 1212 1221 586
1396 5 2 4 4 577 1212 1221 586 578 1213 1222 587
1397 5 2 4 4 578 1213 1222 587 579 1214 1223 588
1398 5 2 4 4 579 1214 1223 588 180 742 743 181
1399 5 2 4 4 69 319 79 13 580 1215 724 199
1400 5 2 4 4 580 1215 724 199 581 1216 725 200
1401 5 2 4 4 581 1216 725 200 582 1217 726 201
1402 5 2 4 4 582 1217 726 201 583 1218 727 202
1403 5 2 4 4 583 1218 727 202 584 1219 728 203
1404 5 2 4 4 584 1219 728 203 585 1220 729 204
1405 5 2 4 4 585 1220 729 204 586 1221 730 205
1406 5 2 4 4 586 1221 730 205 587 1222 731 206
1407 5 2 4 4 587 1222 731 206 588 1223 732 207
1408 5 2 4 4 588 1223 732 207 181 743 231 26
1409 5 2 4 4 38 39 320 318 688 697 1224 1206
1410 5 2 4 4 688 697 1224 1206 689 698 1225 1207
1411 5 2 4 4 689 698 1225 1207 690 699 1226 1208
1412 5 2 4 4 690 699 1226 1208 691 700 1227 1209
1413 5 2 4 4 691 700 1227 1209 692 701 1228 1210
1414 5 2 4 4 692 701 1228 1210 693 702 1229 1211
1415 5 2 4 4 693 702 1229 1211 694 703 1230 1212
1416 5 2 4 4 694 703 1230 1212 695 704 1231 1213
1417 5 2 4 4 695 704 1231 1213 696 705 1232 1214
1418 5 2 4 4 696 705 1232 1214 226 227 744 742
1419 5 2 4 4 318 320 321 319 1206 1224 1233 1215
1420 5 2 4 4 1206 1224 1233 1215 1207 1225 1234 1216
1421 5 2 4 4 1207 1225 1234 1216 1208 1226 1235 1217
1422 5 2 4 4 1208 1226 1235 1217 1209 1227 1236 1218
1423 5 2 4 4 1209 1227 1236 1218 1210 1228 1237 1219
1424 5 2 4 4 1210 1228 1237 1219 1211 1229 1238 1220
1425 5 2 4 4 1211 1229 1238 1220 1212 1230 1239 1221
1426 5 2 4 4 1212 1230 1239 1221 1213 1231 1240 1222
1427 5 2 4 4 1213 1231 1240 1222 1214 1232 1241 1223
1428 5 2 4 4 1214 1232 1241 1223 742 744 745 743
1429 5 2 4 4 319 321 80 79 1215 1233 733 724
1430 5 2 4 4 1215 1233 733 724 1216 1234 734 725
1431 5 2 4 4 1216 1234 734 725 1217 1235 735 726
1432 5 2 4 4 1217 1235 735 726 1218 1236 736 727
1433 5 2 4 4 1218 1236 736 727 1219 1237 737 728
1434 5 2 4 4 1219 1237 737 728 1220 1238 738 729
1435 5 2 4 4 1220 1238 738 729 1221 1239 739 730
1436 5 2 4 4 1221 1239 739 730 1222 1240 740 731
1437 5 2 4 4 1222 1240 740 731 1223 1241 741 732
1438 5 2 4 4 1223 1241 741 732 743 745 230 231
1439 5 2 4 4 39 4 54 320 697 232 706 1224
1440 5 2 4 4 697 232 706 1224 698 233 707 1225
1441 5 2 4 4 698 233 707 1225 699 234 708 1226
1442 5 2 4 4 699 234 708 1226 700 235 709 1227
1443 5 2 4 4 700 235 709 1227 701 236 710 1228
1444 5 2 4 4 701 236 710 1228 702 237 711 1229
1445 5 2 4 4 702 237 711 1229 703 238 712 1230
1446 5 2 4 4 703 238 712 1230 704 239 713 1231
1447 5 2 4 4 704 239 713 1231 705 240 714 1232
1448 5 2 4 4 705 240 714 1232 227 29 228 744
1449 5 2 4 4 320 54 55 321 1224 706 715 1233
1450 5 2 4 4 1224 706 715 1233 1225 707 716 1234
1451 5 2 4 4 1225 707 716 1234 1226 708 717 1235
1452 5 2 4 4 1226 708 717 1235 1227 709 718 1236
1453 5 2 4 4 1227 709 718 1236 1228 710 719 1237
1454 5 2 4 4 1228 710 719 1237 1229 711 720 1238
1455 5 2 4 4 1229 711 720 1238 1230 712 721 1239
1456 5 2 4 4 1230 712 721 1239 1231 713 722 1240
1457 5 2 4 4 1231 713 722 1240 1232 714 723 1241
1458 5 2 4 4 1232 714 723 1241 744 228 229 745
1459 5 2 4 4 321 55 14 80 1233 715 241 733
1460 5 2 4 4 1233 715 241 733 1234 716 242 734
1461 5 2 4 4 1234 716 242 734 1235 717 243 735
1462 5 2 4 4 1235 717 243 735 1236 718 244 736
1463 5 2 4 4 1236 718 244 736 1237 719 245 737
1464 5 2 4 4 1237 719 245 737 1238 720 246 738
1465 5 2 4 4 1238 720 246 738 1239 721 247 739
1466 5 2 4 4 1239 721 247 739 1240 722 248 740
1467 5 2 4 4 1240 722 248 740 1241 723 249 741
1468 5 2 4 4 1241 723 249 741 745 229 30 230
1469 5 2 5 5 15 82 322 70 208 755 1242 589
1470 5 2 5 5 208 755 1242 589 209 756 1243 590
1471 5 2 5 5 209 756 1243 590 210 757 1244 591
1472 5 2 5 5 210 757 1244 591 211 758 1245 592
1473 5 2 5 5 211 758 1245 592 212 759 1246 593
1474 5 2 5 5 212 759 1246 593 213 760 1247 594
1475 5 2 5 5 213 760 1247 594 214 761 1248 595
1476 5 2 5 5 214 761 1248 595 215 762 1249 596
1477 5 2 5 5 215 762 1249 596 216 763 1250 597
1478 5 2 5 5 216 763 1250 597 27 250 827 182
1479 5 2 5 5 70 322 323 71 589 1242 1251 598
1480 5 2 5 5 589 1242 1251 598 590 1243 1252 599
1481 5 2 5 5 590 1243 1252 599 591 1244 1253 600
1482 5 2 5 5 591 1244 1253 600 592 1245 1254 601
1483 5 2 5 5 592 1245 1254 601 593 1246 1255 602
1484 5 2 5 5 593 1246 1255 602 594 1247 1256 603
1485 5 2 5 5 594 1247 1256 603 595 1248 1257 604
1486 5 2 5 5 595 1248 1257 604 596 1249 1258 605
1487 5 2 5 5 596 1249 1258 605 597 1250 1259 606
1488 5 2 5 5 597 1250 1259 606 182 827 828 183
1489 5 2 5 5 71 323 324 72 598 1251 1260 607
1490 5 2 5 5 598 1251 1260 607 599 1252 1261 608
1491 5 2 5 5 599 1252 1261 608 600 1253 1262 609
1492 5 2 5 5 600 1253 1262 609 601 1254 1263 610
1493 5 2 5 5 601 1254 1263 610 602 1255 1264 611
1494 5 2 5 5 602 1255 1264 611 603 1256 1265 612
1495 5 2 5 5 603 1256 1265 612 604 1257 1266 613
1496 5 2 5 5 604 1257 1266 613 605 1258 1267 614
1497 5 2 5 5 605 1258 1267 614 606 1259 1268 615
1498 5 2 5 5 606 1259 1268 615 183 828 829 184
1499 5 2 5 5 72 324 325 73 607 1260 1269 616
1500 5 2 5 5 607 1260 1269 616 608 1261 1270 617
1501 5 2 5 5 608 1261 1270 617 609 1262 1271 618
1502 5 2 5 5 609 1262 1271 618 610 1263 1272 619
1503 5 2 5 5 610 1263 1272 619 611 1264 1273 620
1504 5 2 5 5 611 1264 1273 620 612 1265 1274 621
1505 5 2 5 5 612 1265 1274 621 613 1266 1275 622
1506 5 2 5 5 613 1266 1275 622 614 1267 1276 623
1507 5 2 5 5 614 1267 1276 623 615 1268 1277 624
1508 5 2 5 5 615 1268 1277 624 184 829 830 185
1509 5 2 5 5 73 325 326 74 616 1269 1278 625
1510 5 2 5 5 616 1269 1278 625 617 1270 1279 626
1511 5 2 5 5 617 1270 1279 626 618 1271 1280 627
1512 5 2 5 5 618 1271 1280 627 619 1272 1281 628
1513 5 2 5 5 619 1272 1281 628 620 1273 1282 629
1514 5 2 5 5 620 1273 1282 629 621 1274 1283 630
1515 5 2 5 5 621 1274 1283 630 622 1275 1284 631
1516 5 2 5 5 622 1275 1284 631 623 1276 1285 632
1517 5 2 5 5 623 1276 1285 632 624 1277 1286 633
1518 5 2 5 5 624 1277 1286 633 185 830 831 186
1519 5 2 5 5 74 326 45 7 625 1278 809 217
1520 5 2 5 5 625 1278 809 217 626 1279 810 218
1521 5 2 5 5 626 1279 810 218 627 1280 811 219
1522 5 2 5 5 627 1280 811 219 628 1281 812 220
1523 5 2 5 5 628 1281 812 220 629 1282 813 221
1524 5 2 5 5 629 1282 813 221 630 1283 814 222
1525 5 2 5 5 630 1283 814 222 631 1284 815 223
1526 5 2 5 5 631 1284 815 223 632 1285 816 224
1527 5 2 5 5 632 1285 816 224 633 1286 817 225
1528 5 2 5 5 633 1286 817 225 186 831 258 28
1529 5 2 5 5 82 81 327 322 755 746 1287 1242
1530 5 2 5 5 755 746 1287 1242 756 747 1288 1243
1531 5 2 5 5 756 747 1288 1243 757 748 1289 1244
1532 5 2 5 5 757 748 1289 1244 758 749 1290 1245
1533 5 2 5 5 758 749 1290 1245 759 750 1291 1246
1534 5 2 5 5 759 750 1291 1246 760 751 1292 1247
1535 5 2 5 5 760 751 1292 1247 761 752 1293 1248
1536 5 2 5 5 761 752 1293 1248 762 753 1294 1249
1537 5 2 5 5 762 753 1294 1249 763 754 1295 1250
1538 5 2 5 5 763 754 1295 1250 250 251 832 827
1539 5 2 5 5 322 327 328 323 1242 1287 1296 1251
1540 5 2 5 5 1242 1287 1296 1251 1243 1288 1297 1252
1541 5 2 5 5 1243 1288 1297 1252 1244 1289 1298 1253
1542 5 2 5 5 1244 1289 1298 1253 1245 1290 1299 1254
1543 5 2 5 5 1245 1290 1299 1254 1246 1291 1300 1255
1544 5 2 5 5 1246 1291 1300 1255 1247 1292 1301 1256
1545 5 2 5 5 1247 1292 1301 1256 1248 1293 1302 1257
1546 5 2 5 5 1248 1293 1302 1257 1249 1294 1303 1258
1547 5 2 5 5 1249 1294 1303 1258 1250 1295 1304 1259
1548 5 2 5 5 1250 1295 1304 1259 827 832 833 828
1549 5 2 5 5 323 328 329 324 1251 1296 1305 1260
1550 5 2 5 5 1251 1296 1305 1260 1252 1297 1306 1261
1551 5 2 5 5 1252 1297 1306 1261 1253 1298 1307 1262
1552 5 2 5 5 1253 1298 1307 1262 1254 1299 1308 1263
1553 5 2 5 5 1254 1299 1308 1263 1255 1300 1309 1264
1554 5 2 5 5 1255 1300 1309 1264 1256 1301 1310 1265
1555 5 2 5 5 1256 1301 1310 1265 1257 1302 1311 1266
1556 5 2 5 5 1257 1302 1311 1266 1258 1303 1312 1267
1557 5 2 5 5 1258 1303 1312 1267 1259 1304 1313 1268
1558 5 2 5 5 1259 1304 1313 1268 828 833 834 829
1559 5 2 5 5 324 329 330 325 1260 1305 1314 1269
1560 5 2 5 5 1260 1305 1314 1269 1261 1306 1315 1270
1561 5 2 5 5 1261 1306 1315 1270 1262 1307 1316 1271
1562 5 2 5 5 1262 1307 1316 1271 1263 1308 1317 1272
1563 5 2 5 5 1263 1308 1317 1272 1264 1309 1318 1273
1564 5 2 5 5 1264 1309 1318 1273 1265 1310 1319 1274
1565 5 2 5 5 1265 1310 1319 1274 1266 1311 1320 1275
1566 5 2 5 5 1266 1311 1320 1275 1267 1312 1321 1276
1567 5 2 5 5 1267 1312 1321 1276 1268 1313 1322 1277
1568 5 2 5 5 1268 1313 1322 1277 829 834 835 830
1569 5 2 5 5 325 330 331 326 1269 1314 1323 1278
1570 5 2 5 5 1269 1314 1323 1278 1270 1315 1324 1279
1571 5 2 5 5 1270 1315 1324 1279 1271 1316 1325 1280
1572 5 2 5 5 1271 1316 1325 1280 1272 1317 1326 1281
1573 5 2 5 5 1272 1317 1326 1281 1273 1318 1327 1282
1574 5 2 5 5 1273 1318 1327 1282 1274 1319 1328 1283
1575 5 2 5 5 1274 1319 1328 1283 1275 1320 1329 1284
1576 5 2 5 5 1275 1320 1329 1284 1276 1321 1330 1285
1577 5 2 5 5 1276 1321 1330 1285 1277 1322 1331 1286
1578 5 2 5 5 1277 1322 1331 1286 830 835 836 831
1579 5 2 5 5 326 331 46 45 1278 1323 818 809
1580 5 2 5 5 1278 1323 818 809 1279 1324 819 810
1581 5 2 5 5 1279 1324 819 810 1280 1325 820 811
1582 5 2 5 5 1280 1325 820 811 1281 1326 821 812
1583 5 2 5 5 1281 1326 821 812 1282 1327 822 813
1584 5 2 5 5 1282 1327 822 813 1283 1328 823 814
1585 5 2 5 5 1283 1328 823 814 1284 1329 824 815
1586 5 2 5 5 1284 1329 824 815 1285 1330 825 816
1587 5 2 5 5 1285 1330 825 816 1286 1331 826 817
1588 5 2 5 5 1286 1331 826 817 831 836 257 258
1589 5 2 5 5 81 16 56 327 746 259 764 1287
1590 5 2 5 5 746 259 764 1287 747 260 765 1288
1591 5 2 5 5 747 260 765 1288 748 261 766 1289
1592 5 2 5 5 748 261 766 1289 749 262 767 1290
1593 5 2 5 5 749 262 767 1290 750 263 768 1291
1594 5 2 5 5 750 263 768 1291 751 264 769 1292
1595 5 2 5 5 751 264 769 1292 752 265 770 1293
1596 5 2 5 5 752 265 770 1293 753 266 771 1294
1597 5 2 5 5 753 266 771 1294 754 267 772 1295
1598 5 2 5 5 754 267 772 1295 251 31 252 832
1599 5 2 5 5 327 56 57 328 1287 764 773 1296
1600 5 2 5 5 1287 764 773 1296 1288 765 774 1297
1601 5 2 5 5 1288 765 774 1297 1289 766 775 1298
1602 5 2 5 5 1289 766 775 1298 1290 767 776 1299
1603 5 2 5 5 1290 767 776 1299 1291 768 777 1300
1604 5 2 5 5 1291 768 777 1300 1292 769 778 1301
1605 5 2 5 5 1292 769 778 1301 1293 770 779 1302
1606 5 2 5 5 1293 770 779 1302 1294 771 780 1303
1607 5 2 5 5 1294 771 780 1303 1295 772 781 1304
1608 5 2 5 5 1295 772 781 1304 832 252 253 833
1609 5 2 5 5 328 57 58 329 1296 773 782 1305
1610 5 2 5 5 1296 773 782 1305 1297 774 783 1306
1611 5 2 5 5 1297 774 783 1306 1298 775 784 1307
1612 5 2 5 5 1298 775 784 1307 1299 776 785 1308
1613 5 2 5 5 1299 776 785 1308 1300 777 786 1309
1614 5 2 5 5 1300 777 786 1309 1301 778 787 1310
1615 5 2 5 5 1301 778 787 1310 1302 779 788 1311
1616 5 2 5 5 1302 779 788 1311 1303 780 789 1312
1617 5 2 5 5 1303 780 789 1312 1304 781 790 1313
1618 5 2 5 5 1304 781 790 1313 833 253 254 834
1619 5 2 5 5 329 58 59 330 1305 782 791 1314
1620 5 2 5 5 1305 782 791 1314 1306 783 792 1315
1621 5 2 5 5 1306 783 792 1315 1307 784 793 1316
1622 5 2 5 5 1307 784 793 1316 1308 785 794 1317
1623 5 2 5 5 1308 785 794 1317 1309 786 795 1318
1624 5 2 5 5 1309 786 795 1318 1310 787 796 1319
1625 5 2 5 5 1310 787 796 1319 1311 788 797 1320
1626 5 2 5 5 1311 788 797 1320 1312 789 798 1321
1627 5 2 5 5 1312 789 798 1321 1313 790 799 1322
1628 5 2 5 5 1313 790 799 1322 834 254 255 835
1629 5 2 5 5 330 59 60 331 1314 791 800 1323
1630 5 2 5 5 1314 791 800 1323 1315 792 801 1324
1631 5 2 5 5 1315 792 801 1324 1316 793 802 1325
1632 5 2 5 5 1316 793 802 1325 1317 794 803 1326
1633 5 2 5 5 1317 794 803 1326 1318 795 804 1327
1634 5 2 5 5 1318 795 804 1327 1319 796 805 1328
1635 5 2 5 5 1319 796 805 1328 1320 797 806 1329
1636 5 2 5 5 1320 797 806 1329 1321 798 807 1330
1637 5 2 5 5 1321 798 807 1330 1322 799 808 1331
1638 5 2 5 5 1322 799 808 1331 835 255 256 836
1639 5 2 5 5 331 60 8 46 1323 800 268 818
1640 5 2 5 5 1323 800 268 818 1324 801 269 819
1641 5 2 5 5 1324 801 269 819 1325 802 270 820
1642 5 2 5 5 1325 802 270 820 1326 803 271 821
1643 5 2 5 5 1326 803 271 821 1327 804 272 822
1644 5 2 5 5 1327 804 272 822 1328 805 273 823
1645 5 2 5 5 1328 805 273 823 1329 806 274 824
1646 5 2 5 5 1329 806 274 824 1330 807 275 825
1647 5 2 5 5 1330 807 275 825 1331 808 276 826
1648 5 2 5 5 1331 808 276 826 836 256 32 257
$EndElements
