$MeshFormat
4.1 0 8
$EndMeshFormat
$PhysicalNames
1
3 1 "materialID"
$EndPhysicalNames
$Entities
36 70 44 9
100 0 0 0 0 
101 0.3 0 0 0 
102 0.7 0 0 0 
103 1 0 0 0 
200 0 0 0.45 0 
201 0.3 0 0.45 0 
202 0.7 0 0.45 0 
301 0.3 0 0.55 0 
302 0.7 0 0.55 0 
303 1 0 0.55 0 
400 0 0 1 0 
401 0.3 0 1 0 
402 0.7 0 1 0 
403 1 0 1 0 
900 1 0 0.445 0 
901 1 0 0.455 0 
902 0 0 0.545 0 
903 0 0 0.555 0 
904 0 1 0 0 
905 0.3 1 0 0 
909 0.3 1 0.45 0 
913 0 1 0.45 0 
915 0.7 1 0 0 
919 0.7 1 0.45 0 
921 1 1 0 0 
925 1 1 0.445 0 
931 0.3 1 0.55 0 
935 0 1 0.545 0 
941 0.7 1 0.55 0 
943 1 1 0.455 0 
947 1 1 0.55 0 
948 0 1 0.555 0 
953 0.3 1 1 0 
957 0 1 1 0 
963 0.7 1 1 0 
969 1 1 1 0 
1000 0 0 0 0.3 0 0 0 2 100 -101 
1001 0.3 0 0 0.7 0 0 0 2 101 -102 
1002 0.7 0 0 1 0 0 0 2 102 -103 
1100 0 0 0.45 0.3 0 0.45 0 2 200 -201 
1101 0.3 0 0.45 0.7 0 0.45 0 2 201 -202 
1201 0.3 0 0.55 0.7 0 0.55 0 2 301 -302 
1202 0.7 0 0.55 1 0 0.55 0 2 302 -303 
1300 0 0 1 0.3 0 1 0 2 400 -401 
1301 0.3 0 1 0.7 0 1 0 2 401 -402 
1302 0.7 0 1 1 0 1 0 2 402 -403 
1800 0.7 0 0.445 1 0 0.45 0 2 202 -900 
1801 0.7 0 0.45 1 0 0.455 0 2 202 -901 
1810 0 0 0.545 0.3 0 0.55 0 2 902 -301 
1811 0 0 0.55 0.3 0 0.555 0 2 903 -301 
1900 0 0 0 0 0 0.45 0 2 100 -200 
1901 0.3 0 0 0.3 0 0.45 0 2 101 -201 
1902 0.7 0 0 0.7 0 0.45 0 2 102 -202 
1903 1 0 0 1 0 0.445 0 2 103 -900 
2000 0 0 0.45 0 0 0.545 0 2 200 -902 
2001 0.3 0 0.45 0.3 0 0.55 0 2 201 -301 
2002 0.7 0 0.45 0.7 0 0.55 0 2 202 -302 
2003 1 0 0.455 1 0 0.55 0 2 901 -303 
2100 0 0 0.555 0 0 1 0 2 903 -400 
2101 0.3 0 0.55 0.3 0 1 0 2 301 -401 
2102 0.7 0 0.55 0.7 0 1 0 2 302 -402 
2103 1 0 0.55 1 0 1 0 2 303 -403 
3204 0 1 0 0.3 1 0 0 2 904 -905 
3205 0.3 1 0 0.3 1 0.45 0 2 905 -909 
3206 0 1 0.45 0.3 1 0.45 0 2 909 -913 
3207 0 1 0 0 1 0.45 0 2 913 -904 
3209 0 0 0 0 1 0 0 2 100 -904 
3210 0.3 0 0 0.3 1 0 0 2 101 -905 
3214 0.3 0 0.45 0.3 1 0.45 0 2 201 -909 
3218 0 0 0.45 0 1 0.45 0 2 200 -913 
3226 0.3 1 0 0.7 1 0 0 2 905 -915 
3227 0.7 1 0 0.7 1 0.45 0 2 915 -919 
3228 0.3 1 0.45 0.7 1 0.45 0 2 919 -909 
3232 0.7 0 0 0.7 1 0 0 2 102 -915 
3236 0.7 0 0.45 0.7 1 0.45 0 2 202 -919 
3248 0.7 1 0 1 1 0 0 2 915 -921 
3249 1 1 0 1 1 0.445 0 2 921 -925 
3250 0.7 1 0.445 1 1 0.45 0 2 925 -919 
3254 1 0 0 1 1 0 0 2 103 -921 
3258 1 0 0.445 1 1 0.445 0 2 900 -925 
3271 0.3 1 0.45 0.3 1 0.55 0 2 909 -931 
3272 0 1 0.545 0.3 1 0.55 0 2 931 -935 
3273 0 1 0.45 0 1 0.545 0 2 935 -913 
3280 0.3 0 0.55 0.3 1 0.55 0 2 301 -931 
3284 0 0 0.545 0 1 0.545 0 2 902 -935 
3293 0.7 1 0.45 0.7 1 0.55 0 2 919 -941 
3294 0.3 1 0.55 0.7 1 0.55 0 2 941 -931 
3302 0.7 0 0.55 0.7 1 0.55 0 2 302 -941 
3314 0.7 1 0.45 1 1 0.455 0 2 919 -943 
3315 1 1 0.455 1 1 0.55 0 2 943 -947 
3316 0.7 1 0.55 1 1 0.55 0 2 947 -941 
3320 1 0 0.455 1 1 0.455 0 2 901 -943 
3324 1 0 0.55 1 1 0.55 0 2 303 -947 
3336 0 1 0.55 0.3 1 0.555 0 2 948 -931 
3337 0.3 1 0.55 0.3 1 1 0 2 931 -953 
3338 0 1 1 0.3 1 1 0 2 953 -957 
3339 0 1 0.555 0 1 1 0 2 957 -948 
3341 0 0 0.555 0 1 0.555 0 2 903 -948 
3346 0.3 0 1 0.3 1 1 0 2 401 -953 
3350 0 0 1 0 1 1 0 2 400 -957 
3359 0.7 1 0.55 0.7 1 1 0 2 941 -963 
3360 0.3 1 1 0.7 1 1 0 2 963 -953 
3368 0.7 0 1 0.7 1 1 0 2 402 -963 
3381 1 1 0.55 1 1 1 0 2 947 -969 
3382 0.7 1 1 1 1 1 0 2 969 -963 
3390 1 0 1 1 1 1 0 2 403 -969 
3000 0 0 0 0.3 0 0.45 0 4 1000 1901 -1100 -1900 
3001 0.3 0 0 0.7 0 0.45 0 4 1001 1902 -1101 -1901 
3002 0.7 0 0 1 0 0.45 0 4 1002 1903 -1800 -1902 
3100 0 0 0.45 0.3 0 0.55 0 4 1100 2001 -1810 -2000 
3101 0.3 0 0.45 0.7 0 0.55 0 4 1101 2002 -1201 -2001 
3102 0.7 0 0.45 1 0 0.55 0 4 1801 2003 -1202 -2002 
3200 0 0 0.55 0.3 0 1 0 4 1811 2101 -1300 -2100 
3201 0.3 0 0.55 0.7 0 1 0 4 1201 2102 -1301 -2101 
3202 0.7 0 0.55 1 0 1 0 4 1202 2103 -1302 -2102 
3211 0 0 0 0.3 1 0 0 4 1000 3210 -3204 -3209 
3215 0.3 0 0 0.3 1 0.45 0 4 1901 3214 -3205 -3210 
3219 0 0 0.45 0.3 1 0.45 0 4 -1100 3218 -3206 -3214 
3223 0 0 0 0 1 0.45 0 4 -1900 3209 -3207 -3218 
3224 0 1 0 0.3 1 0.45 0 4 3204 3205 3206 3207 
3233 0.3 0 0 0.7 1 0 0 4 1001 3232 -3226 -3210 
3237 0.7 0 0 0.7 1 0.45 0 4 1902 3236 -3227 -3232 
3241 0.3 0 0.45 0.7 1 0.45 0 4 -1101 3214 -3228 -3236 
3246 0.3 1 0 0.7 1 0.45 0 4 3226 3227 3228 -3205 
3255 0.7 0 0 1 1 0 0 4 1002 3254 -3248 -3232 
3259 1 0 0 1 1 0.445 0 4 1903 3258 -3249 -3254 
3263 0.7 0 0.445 1 1 0.45 0 4 -1800 3236 -3250 -3258 
3268 0.7 1 0 1 1 0.45 0 4 3248 3249 3250 -3227 
3281 0.3 0 0.45 0.3 1 0.55 0 4 2001 3280 -3271 -3214 
3285 0 0 0.545 0.3 1 0.55 0 4 -1810 3284 -3272 -3280 
3289 0 0 0.45 0 1 0.545 0 4 -2000 3218 -3273 -3284 
3290 0 1 0.45 0.3 1 0.55 0 4 -3206 3271 3272 3273 
3303 0.7 0 0.45 0.7 1 0.55 0 4 2002 3302 -3293 -3236 
3307 0.3 0 0.55 0.7 1 0.55 0 4 -1201 3280 -3294 -3302 
3312 0.3 1 0.45 0.7 1 0.55 0 4 -3228 3293 3294 -3271 
3321 0.7 0 0.45 1 1 0.455 0 4 1801 3320 -3314 -3236 
3325 1 0 0.455 1 1 0.55 0 4 2003 3324 -3315 -3320 
3329 0.7 0 0.55 1 1 0.55 0 4 -1202 3302 -3316 -3324 
3334 0.7 1 0.45 1 1 0.55 0 4 3314 3315 3316 -3293 
3343 0 0 0.55 0.3 1 0.555 0 4 1811 3280 -3336 -3341 
3347 0.3 0 0.55 0.3 1 1 0 4 2101 3346 -3337 -3280 
3351 0 0 1 0.3 1 1 0 4 -1300 3350 -3338 -3346 
3355 0 0 0.555 0 1 1 0 4 -2100 3341 -3339 -3350 
3356 0 1 0.55 0.3 1 1 0 4 3336 3337 3338 3339 
3369 0.7 0 0.55 0.7 1 1 0 4 2102 3368 -3359 -3302 
3373 0.3 0 1 0.7 1 1 0 4 -1301 3346 -3360 -3368 
3378 0.3 1 0.55 0.7 1 1 0 4 -3294 3359 3360 -3337 
3391 1 0 0.55 1 1 1 0 4 2103 3390 -3381 -3324 
3395 0.7 0 1 1 1 1 0 4 -1302 3368 -3382 -3390 
3400 0.7 1 0.55 1 1 1 0 4 -3316 3381 3382 -3359 
1 0 0 0 0.3 1 0.45 1 1 6 -3000 3224 3211 3215 -3219 -3223 
2 0.3 0 0 0.7 1 0.45 1 1 6 -3001 3246 3233 3237 -3241 -3215 
3 0.7 0 0 1 1 0.45 1 1 6 -3002 3268 3255 3259 -3263 -3237 
4 0 0 0.45 0.3 1 0.55 1 1 6 -3100 3290 3219 3281 -3285 -3289 
5 0.3 0 0.45 0.7 1 0.55 1 1 6 -3101 3312 3241 3303 -3307 -3281 
6 0.7 0 0.45 1 1 0.55 1 1 6 -3102 3334 3321 3325 -3329 -3303 
7 0 0 0.55 0.3 1 1 1 1 6 -3200 3356 3343 3347 -3351 -3355 
8 0.3 0 0.55 0.7 1 1 1 1 6 -3201 3378 3307 3369 -3373 -3347 
9 0.7 0 0.55 1 1 1 1 1 6 -3202 3400 3329 3391 -3395 -3369 
$EndEntities
$Nodes
159 9954 1 9954
0 100 0 1
1
0 0 0
0 101 0 1
2
0.3 0 0
0 102 0 1
3
0.7 0 0
0 103 0 1
4
1 0 0
0 200 0 1
5
0 0 0.45
0 201 0 1
6
0.3 0 0.45
0 202 0 1
7
0.7 0 0.45
0 301 0 1
8
0.3 0 0.55
0 302 0 1
9
0.7 0 0.55
0 303 0 1
10
1 0 0.55
0 400 0 1
11
0 0 1
0 401 0 1
12
0.3 0 1
0 402 0 1
13
0.7 0 1
0 403 0 1
14
1 0 1
0 900 0 1
15
1 0 0.445
0 901 0 1
16
1 0 0.455
0 902 0 1
17
0 0 0.545
0 903 0 1
18
0 0 0.555
0 904 0 1
19
0 1 0
0 905 0 1
20
0.3 1 0
0 909 0 1
21
0.3 1 0.45
0 913 0 1
22
0 1 0.45
0 915 0 1
23
0.7 1 0
0 919 0 1
24
0.7 1 0.45
0 921 0 1
25
1 1 0
0 925 0 1
26
1 1 0.445
0 931 0 1
27
0.3 1 0.55
0 935 0 1
28
0 1 0.545
0 941 0 1
29
0.7 1 0.55
0 943 0 1
30
1 1 0.455
0 947 0 1
31
1 1 0.55
0 948 0 1
32
0 1 0.555
0 953 0 1
33
0.3 1 1
0 957 0 1
34
0 1 1
0 963 0 1
35
0.7 1 1
0 969 0 1
36
1 1 1
1 1000 0 5
37
38
39
40
41
0.04999999999989675 0 0
0.0999999999997538 0 0
0.149999999999619 0 0
0.1999999999997478 0 0
0.249999999999873 0 0
1 1001 0 7
42
43
44
45
46
47
48
0.3499999999999349 0 0
0.399999999999783 0 0
0.4499999999996312 0 0
0.4999999999995011 0 0
0.5499999999996312 0 0
0.5999999999997396 0 0
0.6499999999998698 0 0
1 1002 0 5
49
50
51
52
53
0.7499999999999348 0 0
0.799999999999819 0 0
0.849999999999826 0 0
0.8999999999998334 0 0
0.9499999999999709 0 0
1 1100 0 5
54
55
56
57
58
0.04999999999989675 0 0.45
0.0999999999997538 0 0.45
0.149999999999619 0 0.45
0.1999999999997478 0 0.45
0.249999999999873 0 0.45
1 1101 0 7
59
60
61
62
63
64
65
0.3499999999999349 0 0.45
0.399999999999783 0 0.45
0.4499999999996312 0 0.45
0.4999999999995011 0 0.45
0.5499999999996312 0 0.45
0.5999999999997396 0 0.45
0.6499999999998698 0 0.45
1 1201 0 7
66
67
68
69
70
71
72
0.3499999999999349 0 0.55
0.399999999999783 0 0.55
0.4499999999996312 0 0.55
0.4999999999995011 0 0.55
0.5499999999996312 0 0.55
0.5999999999997396 0 0.55
0.6499999999998698 0 0.55
1 1202 0 5
73
74
75
76
77
0.7499999999999348 0 0.55
0.799999999999819 0 0.55
0.849999999999826 0 0.55
0.8999999999998334 0 0.55
0.9499999999999709 0 0.55
1 1300 0 5
78
79
80
81
82
0.04999999999989675 0 1
0.0999999999997538 0 1
0.149999999999619 0 1
0.1999999999997478 0 1
0.249999999999873 0 1
1 1301 0 7
83
84
85
86
87
88
89
0.3499999999999349 0 1
0.399999999999783 0 1
0.4499999999996312 0 1
0.4999999999995011 0 1
0.5499999999996312 0 1
0.5999999999997396 0 1
0.6499999999998698 0 1
1 1302 0 5
90
91
92
93
94
0.7499999999999348 0 1
0.799999999999819 0 1
0.849999999999826 0 1
0.8999999999998334 0 1
0.9499999999999709 0 1
1 1800 0 5
95
96
97
98
99
0.7499999999999347 0 0.4491666666666678
0.7999999999998194 0 0.4483333333333364
0.8499999999998264 0 0.4475000000000029
0.8999999999998337 0 0.4466666666666694
0.9499999999999713 0 0.4458333333333338
1 1801 0 5
100
101
102
103
104
0.7499999999999347 0 0.4508333333333323
0.7999999999998194 0 0.4516666666666637
0.8499999999998264 0 0.4524999999999971
0.8999999999998337 0 0.4533333333333306
0.9499999999999713 0 0.4541666666666662
1 1810 0 5
105
106
107
108
109
0.04999999999989623 0 0.5458333333333316
0.09999999999975305 0 0.5466666666666626
0.1499999999996184 0 0.5474999999999937
0.1999999999997475 0 0.5483333333333291
0.2499999999998726 0 0.5491666666666646
1 1811 0 5
110
111
112
113
114
0.04999999999989623 0 0.5541666666666685
0.09999999999975305 0 0.5533333333333375
0.1499999999996184 0 0.5525000000000064
0.1999999999997475 0 0.551666666666671
0.2499999999998726 0 0.5508333333333355
1 1900 0 8
115
116
117
118
119
120
121
122
0 0 0.04999999999991076
0 0 0.099999999999775
0 0 0.1499999999996296
0 0 0.1999999999994842
0 0 0.2499999999994708
0 0 0.2999999999996076
0 0 0.3499999999997384
0 0 0.3999999999998692
1 1901 0 8
123
124
125
126
127
128
129
130
0.3 0 0.04999999999991076
0.3 0 0.099999999999775
0.3 0 0.1499999999996296
0.3 0 0.1999999999994842
0.3 0 0.2499999999994708
0.3 0 0.2999999999996076
0.3 0 0.3499999999997384
0.3 0 0.3999999999998692
1 1902 0 8
131
132
133
134
135
136
137
138
0.7 0 0.04999999999991076
0.7 0 0.099999999999775
0.7 0 0.1499999999996296
0.7 0 0.1999999999994842
0.7 0 0.2499999999994708
0.7 0 0.2999999999996076
0.7 0 0.3499999999997384
0.7 0 0.3999999999998692
1 1903 0 8
139
140
141
142
143
144
145
146
1 0 0.04944444444436234
1 0 0.09888888888867603
1 0 0.148333333332967
1 0 0.1977777777772784
1 0 0.2472222222217218
1 0 0.2966666666662063
1 0 0.3461111111108525
1 0 0.3955555555553997
1 2000 0 2
147
148
0 0 0.4816666666666088
0 0 0.5133333333332393
1 2001 0 2
149
150
0.3 0 0.4833333333333154
0.3 0 0.5166666666666957
1 2002 0 2
151
152
0.7 0 0.4833333333333154
0.7 0 0.5166666666666957
1 2003 0 2
153
154
1 0 0.4866666666666015
1 0 0.5183333333332537
1 2100 0 8
155
156
157
158
159
160
161
162
0 0 0.6044444444443506
0 0 0.6538888888885928
0 0 0.7033333333329649
0 0 0.7527777777772311
0 0 0.8022222222216491
0 0 0.851666666666291
0 0 0.9011111111108872
0 0 0.9505555555554015
1 2101 0 8
163
164
165
166
167
168
169
170
0.3 0 0.5999999999998242
0.3 0 0.6499999999996605
0.3 0 0.6999999999995016
0.3 0 0.7499999999994292
0.3 0 0.799999999999487
0.3 0 0.8499999999996677
0.3 0 0.8999999999998314
0.3 0 0.9499999999999157
1 2102 0 8
171
172
173
174
175
176
177
178
0.7 0 0.5999999999998242
0.7 0 0.6499999999996605
0.7 0 0.6999999999995016
0.7 0 0.7499999999994292
0.7 0 0.799999999999487
0.7 0 0.8499999999996677
0.7 0 0.8999999999998314
0.7 0 0.9499999999999157
1 2103 0 8
179
180
181
182
183
184
185
186
1 0 0.5999999999998242
1 0 0.6499999999996605
1 0 0.6999999999995016
1 0 0.7499999999994292
1 0 0.799999999999487
1 0 0.8499999999996677
1 0 0.8999999999998314
1 0 0.9499999999999157
1 3204 0 5
187
188
189
190
191
0.04999999999989675 1 0
0.0999999999997538 1 0
0.149999999999619 1 0
0.1999999999997478 1 0
0.249999999999873 1 0
1 3205 0 8
192
193
194
195
196
197
198
199
0.3 1 0.04999999999991076
0.3 1 0.099999999999775
0.3 1 0.1499999999996296
0.3 1 0.1999999999994842
0.3 1 0.2499999999994708
0.3 1 0.2999999999996076
0.3 1 0.3499999999997384
0.3 1 0.3999999999998692
1 3206 0 5
200
201
202
203
204
0.249999999999873 1 0.45
0.1999999999997478 1 0.45
0.149999999999619 1 0.45
0.0999999999997538 1 0.45
0.04999999999989675 1 0.45
1 3207 0 8
205
206
207
208
209
210
211
212
0 1 0.3999999999998692
0 1 0.3499999999997384
0 1 0.2999999999996076
0 1 0.2499999999994708
0 1 0.1999999999994842
0 1 0.1499999999996296
0 1 0.099999999999775
0 1 0.04999999999991076
1 3209 0 19
213
214
215
216
217
218
219
220
221
222
223
224
225
226
227
228
229
230
231
0 0.05 0
0 0.1 0
0 0.15 0
0 0.2 0
0 0.25 0
0 0.3 0
0 0.35 0
0 0.4 0
0 0.45 0
0 0.5 0
0 0.55 0
0 0.6 0
0 0.65 0
0 0.7 0
0 0.75 0
0 0.8 0
0 0.85 0
0 0.9 0
0 0.95 0
1 3210 0 19
232
233
234
235
236
237
238
239
240
241
242
243
244
245
246
247
248
249
250
0.3 0.05 0
0.3 0.1 0
0.3 0.15 0
0.3 0.2 0
0.3 0.25 0
0.3 0.3 0
0.3 0.35 0
0.3 0.4 0
0.3 0.45 0
0.3 0.5 0
0.3 0.55 0
0.3 0.6 0
0.3 0.65 0
0.3 0.7 0
0.3 0.75 0
0.3 0.8 0
0.3 0.85 0
0.3 0.9 0
0.3 0.95 0
1 3214 0 19
251
252
253
254
255
256
257
258
259
260
261
262
263
264
265
266
267
268
269
0.3 0.05 0.45
0.3 0.1 0.45
0.3 0.15 0.45
0.3 0.2 0.45
0.3 0.25 0.45
0.3 0.3 0.45
0.3 0.35 0.45
0.3 0.4 0.45
0.3 0.45 0.45
0.3 0.5 0.45
0.3 0.55 0.45
0.3 0.6 0.45
0.3 0.65 0.45
0.3 0.7 0.45
0.3 0.75 0.45
0.3 0.8 0.45
0.3 0.85 0.45
0.3 0.9 0.45
0.3 0.95 0.45
1 3218 0 19
270
271
272
273
274
275
276
277
278
279
280
281
282
283
284
285
286
287
288
0 0.05 0.45
0 0.1 0.45
0 0.15 0.45
0 0.2 0.45
0 0.25 0.45
0 0.3 0.45
0 0.35 0.45
0 0.4 0.45
0 0.45 0.45
0 0.5 0.45
0 0.55 0.45
0 0.6 0.45
0 0.65 0.45
0 0.7 0.45
0 0.75 0.45
0 0.8 0.45
0 0.85 0.45
0 0.9 0.45
0 0.95 0.45
1 3226 0 7
289
290
291
292
293
294
295
0.3499999999999349 1 0
0.399999999999783 1 0
0.4499999999996312 1 0
0.4999999999995011 1 0
0.5499999999996312 1 0
0.5999999999997396 1 0
0.6499999999998698 1 0
1 3227 0 8
296
297
298
299
300
301
302
303
0.7 1 0.04999999999991076
0.7 1 0.099999999999775
0.7 1 0.1499999999996296
0.7 1 0.1999999999994842
0.7 1 0.2499999999994708
0.7 1 0.2999999999996076
0.7 1 0.3499999999997384
0.7 1 0.3999999999998692
1 3228 0 7
304
305
306
307
308
309
310
0.6499999999998698 1 0.45
0.5999999999997396 1 0.45
0.5499999999996312 1 0.45
0.4999999999995011 1 0.45
0.4499999999996312 1 0.45
0.399999999999783 1 0.45
0.3499999999999349 1 0.45
1 3232 0 19
311
312
313
314
315
316
317
318
319
320
321
322
323
324
325
326
327
328
329
0.7 0.05 0
0.7 0.1 0
0.7 0.15 0
0.7 0.2 0
0.7 0.25 0
0.7 0.3 0
0.7 0.35 0
0.7 0.4 0
0.7 0.45 0
0.7 0.5 0
0.7 0.55 0
0.7 0.6 0
0.7 0.65 0
0.7 0.7 0
0.7 0.75 0
0.7 0.8 0
0.7 0.85 0
0.7 0.9 0
0.7 0.95 0
1 3236 0 19
330
331
332
333
334
335
336
337
338
339
340
341
342
343
344
345
346
347
348
0.7 0.05 0.45
0.7 0.1 0.45
0.7 0.15 0.45
0.7 0.2 0.45
0.7 0.25 0.45
0.7 0.3 0.45
0.7 0.35 0.45
0.7 0.4 0.45
0.7 0.45 0.45
0.7 0.5 0.45
0.7 0.55 0.45
0.7 0.6 0.45
0.7 0.65 0.45
0.7 0.7 0.45
0.7 0.75 0.45
0.7 0.8 0.45
0.7 0.85 0.45
0.7 0.9 0.45
0.7 0.95 0.45
1 3248 0 5
349
350
351
352
353
0.7499999999999348 1 0
0.799999999999819 1 0
0.849999999999826 1 0
0.8999999999998334 1 0
0.9499999999999709 1 0
1 3249 0 8
354
355
356
357
358
359
360
361
1 1 0.04944444444436234
1 1 0.09888888888867603
1 1 0.148333333332967
1 1 0.1977777777772784
1 1 0.2472222222217218
1 1 0.2966666666662063
1 1 0.3461111111108525
1 1 0.3955555555553997
1 3250 0 5
362
363
364
365
366
0.9499999999999713 1 0.4458333333333338
0.8999999999998337 1 0.4466666666666694
0.8499999999998264 1 0.4475000000000029
0.7999999999998194 1 0.4483333333333364
0.7499999999999347 1 0.4491666666666678
1 3254 0 19
367
368
369
370
371
372
373
374
375
376
377
378
379
380
381
382
383
384
385
1 0.05 0
1 0.1 0
1 0.15 0
1 0.2 0
1 0.25 0
1 0.3 0
1 0.35 0
1 0.4 0
1 0.45 0
1 0.5 0
1 0.55 0
1 0.6 0
1 0.65 0
1 0.7 0
1 0.75 0
1 0.8 0
1 0.85 0
1 0.9 0
1 0.95 0
1 3258 0 19
386
387
388
389
390
391
392
393
394
395
396
397
398
399
400
401
402
403
404
1 0.05 0.445
1 0.1 0.445
1 0.15 0.445
1 0.2 0.445
1 0.25 0.445
1 0.3 0.445
1 0.35 0.445
1 0.4 0.445
1 0.45 0.445
1 0.5 0.445
1 0.55 0.445
1 0.6 0.445
1 0.65 0.445
1 0.7 0.445
1 0.75 0.445
1 0.8 0.445
1 0.85 0.445
1 0.9 0.445
1 0.95 0.445
1 3271 0 2
405
406
0.3 1 0.4833333333333154
0.3 1 0.5166666666666957
1 3272 0 5
407
408
409
410
411
0.2499999999998726 1 0.5491666666666646
0.1999999999997475 1 0.5483333333333291
0.1499999999996184 1 0.5474999999999937
0.09999999999975305 1 0.5466666666666626
0.04999999999989623 1 0.5458333333333316
1 3273 0 2
412
413
0 1 0.5133333333332393
0 1 0.4816666666666088
1 3280 0 19
414
415
416
417
418
419
420
421
422
423
424
425
426
427
428
429
430
431
432
0.3 0.05 0.55
0.3 0.1 0.55
0.3 0.15 0.55
0.3 0.2 0.55
0.3 0.25 0.55
0.3 0.3 0.55
0.3 0.35 0.55
0.3 0.4 0.55
0.3 0.45 0.55
0.3 0.5 0.55
0.3 0.55 0.55
0.3 0.6 0.55
0.3 0.65 0.55
0.3 0.7 0.55
0.3 0.75 0.55
0.3 0.8 0.55
0.3 0.85 0.55
0.3 0.9 0.55
0.3 0.95 0.55
1 3284 0 19
433
434
435
436
437
438
439
440
441
442
443
444
445
446
447
448
449
450
451
0 0.05 0.545
0 0.1 0.545
0 0.15 0.545
0 0.2 0.545
0 0.25 0.545
0 0.3 0.545
0 0.35 0.545
0 0.4 0.545
0 0.45 0.545
0 0.5 0.545
0 0.55 0.545
0 0.6 0.545
0 0.65 0.545
0 0.7 0.545
0 0.75 0.545
0 0.8 0.545
0 0.85 0.545
0 0.9 0.545
0 0.95 0.545
1 3293 0 2
452
453
0.7 1 0.4833333333333154
0.7 1 0.5166666666666957
1 3294 0 7
454
455
456
457
458
459
460
0.6499999999998698 1 0.55
0.5999999999997396 1 0.55
0.5499999999996312 1 0.55
0.4999999999995011 1 0.55
0.4499999999996312 1 0.55
0.399999999999783 1 0.55
0.3499999999999349 1 0.55
1 3302 0 19
461
462
463
464
465
466
467
468
469
470
471
472
473
474
475
476
477
478
479
0.7 0.05 0.55
0.7 0.1 0.55
0.7 0.15 0.55
0.7 0.2 0.55
0.7 0.25 0.55
0.7 0.3 0.55
0.7 0.35 0.55
0.7 0.4 0.55
0.7 0.45 0.55
0.7 0.5 0.55
0.7 0.55 0.55
0.7 0.6 0.55
0.7 0.65 0.55
0.7 0.7 0.55
0.7 0.75 0.55
0.7 0.8 0.55
0.7 0.85 0.55
0.7 0.9 0.55
0.7 0.95 0.55
1 3314 0 5
480
481
482
483
484
0.7499999999999347 1 0.4508333333333323
0.7999999999998194 1 0.4516666666666637
0.8499999999998264 1 0.4524999999999971
0.8999999999998337 1 0.4533333333333306
0.9499999999999713 1 0.4541666666666662
1 3315 0 2
485
486
1 1 0.4866666666666015
1 1 0.5183333333332537
1 3316 0 5
487
488
489
490
491
0.9499999999999709 1 0.55
0.8999999999998334 1 0.55
0.849999999999826 1 0.55
0.799999999999819 1 0.55
0.7499999999999348 1 0.55
1 3320 0 19
492
493
494
495
496
497
498
499
500
501
502
503
504
505
506
507
508
509
510
1 0.05 0.455
1 0.1 0.455
1 0.15 0.455
1 0.2 0.455
1 0.25 0.455
1 0.3 0.455
1 0.35 0.455
1 0.4 0.455
1 0.45 0.455
1 0.5 0.455
1 0.55 0.455
1 0.6 0.455
1 0.65 0.455
1 0.7 0.455
1 0.75 0.455
1 0.8 0.455
1 0.85 0.455
1 0.9 0.455
1 0.95 0.455
1 3324 0 19
511
512
513
514
515
516
517
518
519
520
521
522
523
524
525
526
527
528
529
1 0.05 0.55
1 0.1 0.55
1 0.15 0.55
1 0.2 0.55
1 0.25 0.55
1 0.3 0.55
1 0.35 0.55
1 0.4 0.55
1 0.45 0.55
1 0.5 0.55
1 0.55 0.55
1 0.6 0.55
1 0.65 0.55
1 0.7 0.55
1 0.75 0.55
1 0.8 0.55
1 0.85 0.55
1 0.9 0.55
1 0.95 0.55
1 3336 0 5
530
531
532
533
534
0.04999999999989623 1 0.5541666666666685
0.09999999999975305 1 0.5533333333333375
0.1499999999996184 1 0.5525000000000064
0.1999999999997475 1 0.551666666666671
0.2499999999998726 1 0.5508333333333355
1 3337 0 8
535
536
537
538
539
540
541
542
0.3 1 0.5999999999998242
0.3 1 0.6499999999996605
0.3 1 0.6999999999995016
0.3 1 0.7499999999994292
0.3 1 0.799999999999487
0.3 1 0.8499999999996677
0.3 1 0.8999999999998314
0.3 1 0.9499999999999157
1 3338 0 5
543
544
545
546
547
0.249999999999873 1 1
0.1999999999997478 1 1
0.149999999999619 1 1
0.0999999999997538 1 1
0.04999999999989675 1 1
1 3339 0 8
548
549
550
551
552
553
554
555
0 1 0.9505555555554015
0 1 0.9011111111108872
0 1 0.851666666666291
0 1 0.8022222222216491
0 1 0.7527777777772311
0 1 0.7033333333329649
0 1 0.6538888888885928
0 1 0.6044444444443506
1 3341 0 19
556
557
558
559
560
561
562
563
564
565
566
567
568
569
570
571
572
573
574
0 0.05 0.555
0 0.1 0.555
0 0.15 0.555
0 0.2 0.555
0 0.25 0.555
0 0.3 0.555
0 0.35 0.555
0 0.4 0.555
0 0.45 0.555
0 0.5 0.555
0 0.55 0.555
0 0.6 0.555
0 0.65 0.555
0 0.7 0.555
0 0.75 0.555
0 0.8 0.555
0 0.85 0.555
0 0.9 0.555
0 0.95 0.555
1 3346 0 19
575
576
577
578
579
580
581
582
583
584
585
586
587
588
589
590
591
592
593
0.3 0.05 1
0.3 0.1 1
0.3 0.15 1
0.3 0.2 1
0.3 0.25 1
0.3 0.3 1
0.3 0.35 1
0.3 0.4 1
0.3 0.45 1
0.3 0.5 1
0.3 0.55 1
0.3 0.6 1
0.3 0.65 1
0.3 0.7 1
0.3 0.75 1
0.3 0.8 1
0.3 0.85 1
0.3 0.9 1
0.3 0.95 1
1 3350 0 19
594
595
596
597
598
599
600
601
602
603
604
605
606
607
608
609
610
611
612
0 0.05 1
0 0.1 1
0 0.15 1
0 0.2 1
0 0.25 1
0 0.3 1
0 0.35 1
0 0.4 1
0 0.45 1
0 0.5 1
0 0.55 1
0 0.6 1
0 0.65 1
0 0.7 1
0 0.75 1
0 0.8 1
0 0.85 1
0 0.9 1
0 0.95 1
1 3359 0 8
613
614
615
616
617
618
619
620
0.7 1 0.5999999999998242
0.7 1 0.6499999999996605
0.7 1 0.6999999999995016
0.7 1 0.7499999999994292
0.7 1 0.799999999999487
0.7 1 0.8499999999996677
0.7 1 0.8999999999998314
0.7 1 0.9499999999999157
1 3360 0 7
621
622
623
624
625
626
627
0.6499999999998698 1 1
0.5999999999997396 1 1
0.5499999999996312 1 1
0.4999999999995011 1 1
0.4499999999996312 1 1
0.399999999999783 1 1
0.3499999999999349 1 1
1 3368 0 19
628
629
630
631
632
633
634
635
636
637
638
639
640
641
642
643
644
645
646
0.7 0.05 1
0.7 0.1 1
0.7 0.15 1
0.7 0.2 1
0.7 0.25 1
0.7 0.3 1
0.7 0.35 1
0.7 0.4 1
0.7 0.45 1
0.7 0.5 1
0.7 0.55 1
0.7 0.6 1
0.7 0.65 1
0.7 0.7 1
0.7 0.75 1
0.7 0.8 1
0.7 0.85 1
0.7 0.9 1
0.7 0.95 1
1 3381 0 8
647
648
649
650
651
652
653
654
1 1 0.5999999999998242
1 1 0.6499999999996605
1 1 0.6999999999995016
1 1 0.7499999999994292
1 1 0.799999999999487
1 1 0.8499999999996677
1 1 0.8999999999998314
1 1 0.9499999999999157
1 3382 0 5
655
656
657
658
659
0.9499999999999709 1 1
0.8999999999998334 1 1
0.849999999999826 1 1
0.799999999999819 1 1
0.7499999999999348 1 1
1 3390 0 19
660
661
662
663
664
665
666
667
668
669
670
671
672
673
674
675
676
677
678
1 0.05 1
1 0.1 1
1 0.15 1
1 0.2 1
1 0.25 1
1 0.3 1
1 0.35 1
1 0.4 1
1 0.45 1
1 0.5 1
1 0.55 1
1 0.6 1
1 0.65 1
1 0.7 1
1 0.75 1
1 0.8 1
1 0.85 1
1 0.9 1
1 0.95 1
2 3000 0 40
679
680
681
682
683
684
685
686
687
688
689
690
691
692
693
694
695
696
697
698
699
700
701
702
703
704
705
706
707
708
709
710
711
712
713
714
715
716
717
718
0.049999999999921 0 0.04999999999990427
0.04999999999994531 0 0.09999999999979836
0.04999999999996135 0 0.1499999999996969
0.04999999999996897 0 0.199999999999621
0.04999999999996896 0 0.2499999999996146
0.04999999999996135 0 0.2999999999996823
0.04999999999994532 0 0.349999999999778
0.04999999999992101 0 0.3999999999998866
0.09999999999984194 0 0.0499999999999079
0.09999999999989891 0 0.09999999999981732
0.09999999999993116 0 0.1499999999997388
0.09999999999994552 0 0.1999999999996882
0.09999999999994551 0 0.2499999999996843
0.09999999999993114 0 0.299999999999729
0.09999999999989891 0 0.349999999999805
0.09999999999984195 0 0.3999999999998986
0.1499999999997941 0 0.04999999999991004
0.1499999999998772 0 0.09999999999982433
0.1499999999999188 0 0.1499999999997526
0.1499999999999365 0 0.1999999999997086
0.1499999999999365 0 0.2499999999997053
0.1499999999999188 0 0.2999999999997444
0.1499999999998772 0 0.3499999999998143
0.149999999999794 0 0.3999999999999029
0.1999999999998381 0 0.0499999999999079
0.1999999999998971 0 0.09999999999981735
0.1999999999999304 0 0.1499999999997387
0.1999999999999451 0 0.1999999999996881
0.1999999999999451 0 0.2499999999996843
0.1999999999999304 0 0.299999999999729
0.1999999999998971 0 0.349999999999805
0.1999999999998381 0 0.3999999999998985
0.2499999999999134 0 0.04999999999990428
0.2499999999999427 0 0.0999999999997984
0.2499999999999604 0 0.1499999999996969
0.2499999999999685 0 0.1999999999996209
0.2499999999999685 0 0.2499999999996146
0.2499999999999604 0 0.2999999999996824
0.2499999999999427 0 0.349999999999778
0.2499999999999134 0 0.3999999999998864
2 3001 0 56
719
720
721
722
723
724
725
726
727
728
729
730
731
732
733
734
735
736
737
738
739
740
741
742
743
744
745
746
747
748
749
750
751
752
753
754
755
756
757
758
759
760
761
762
763
764
765
766
767
768
769
770
771
772
773
774
0.3499999999999243 0 0.04999999999990953
0.3499999999999338 0 0.09999999999980866
0.3499999999999441 0 0.1499999999997114
0.3499999999999497 0 0.199999999999638
0.3499999999999497 0 0.2499999999996319
0.349999999999944 0 0.2999999999996975
0.3499999999999337 0 0.349999999999789
0.3499999999999244 0 0.3999999999998923
0.3999999999998288 0 0.04999999999991872
0.3999999999998669 0 0.09999999999983875
0.3999999999998926 0 0.1499999999997693
0.3999999999999052 0 0.1999999999997245
0.3999999999999052 0 0.2499999999997213
0.3999999999998925 0 0.2999999999997611
0.3999999999998667 0 0.3499999999998282
0.3999999999998288 0 0.3999999999999106
0.4499999999997408 0 0.0499999999999266
0.4499999999998123 0 0.09999999999985822
0.4499999999998542 0 0.1499999999998027
0.4499999999998734 0 0.1999999999997696
0.4499999999998734 0 0.2499999999997675
0.4499999999998541 0 0.2999999999997974
0.4499999999998123 0 0.3499999999998519
0.4499999999997408 0 0.3999999999999222
0.4999999999996909 0 0.04999999999992952
0.4999999999997872 0 0.09999999999986485
0.4999999999998383 0 0.1499999999998135
0.4999999999998611 0 0.1999999999997837
0.4999999999998611 0 0.249999999999782
0.4999999999998384 0 0.2999999999998091
0.4999999999997872 0 0.3499999999998597
0.4999999999996909 0 0.399999999999926
0.5499999999997343 0 0.04999999999992661
0.5499999999998073 0 0.0999999999998582
0.5499999999998511 0 0.1499999999998027
0.5499999999998714 0 0.1999999999997696
0.5499999999998714 0 0.2499999999997675
0.5499999999998511 0 0.2999999999997973
0.5499999999998073 0 0.3499999999998518
0.5499999999997344 0 0.3999999999999221
0.5999999999998077 0 0.04999999999991873
0.5999999999998568 0 0.09999999999983873
0.5999999999998873 0 0.1499999999997693
0.5999999999999019 0 0.1999999999997245
0.5999999999999019 0 0.2499999999997212
0.5999999999998873 0 0.299999999999761
0.5999999999998566 0 0.3499999999998281
0.5999999999998078 0 0.3999999999999106
0.6499999999999003 0 0.04999999999990954
0.6499999999999242 0 0.09999999999980867
0.6499999999999397 0 0.1499999999997114
0.6499999999999472 0 0.199999999999638
0.6499999999999473 0 0.2499999999996319
0.6499999999999396 0 0.2999999999996973
0.6499999999999241 0 0.349999999999789
0.6499999999999004 0 0.3999999999998921
2 3002 0 40
775
776
777
778
779
780
781
782
783
784
785
786
787
788
789
790
791
792
793
794
795
796
797
798
799
800
801
802
803
804
805
806
807
808
809
810
811
812
813
814
0.7499999999999504 0 0.04990662096576327
0.7499999999999666 0 0.09981326299134405
0.749999999999977 0 0.1497199527685752
0.7499999999999817 0 0.1996267298120692
0.7499999999999817 0 0.2495336573339239
0.749999999999977 0 0.2994408405567002
0.7499999999999666 0 0.3493484607956144
0.74999999999995 0 0.3992568481302834
0.7999999999998998 0 0.04981356897458129
0.7999999999999394 0 0.09962717412664104
0.7999999999999594 0 0.1494408612182011
0.7999999999999683 0 0.1992546976897345
0.7999999999999683 0 0.2490687903950953
0.7999999999999597 0 0.2988833134519048
0.7999999999999395 0 0.3486985528098958
0.7999999999998997 0 0.3985149762611358
0.8499999999998912 0 0.04972082700124199
0.8499999999999317 0 0.09944169547751179
0.8499999999999538 0 0.1491626578489908
0.8499999999999638 0 0.198883791240288
0.8499999999999639 0 0.2486052174500795
0.8499999999999543 0 0.298327133547084
0.8499999999999319 0 0.348049858140344
0.8499999999998914 0 0.3977738952526912
0.8999999999999072 0 0.04962838793161944
0.8999999999999428 0 0.09925681156946559
0.8999999999999611 0 0.1488853160801496
0.899999999999969 0 0.1985139680805442
0.899999999999969 0 0.248142873373512
0.8999999999999614 0 0.2977722051740041
0.8999999999999431 0 0.3474022501025487
0.8999999999999078 0 0.3970334818526176
0.9499999999999622 0 0.04953625585426495
0.949999999999971 0 0.09907253220809245
0.9499999999999788 0 0.1486088550329343
0.9499999999999824 0 0.1981452628099553
0.9499999999999825 0 0.2476818173305268
0.9499999999999786 0 0.2972186222949288
0.9499999999999712 0 0.3467558589317897
0.9499999999999628 0 0.3962938641347785
2 3100 0 10
815
816
817
818
819
820
821
822
823
824
0.04999999999989129 0 0.48194248576624
0.04999999999989117 0 0.5138863402527263
0.09999999999976956 0 0.4822197472951966
0.09999999999976944 0 0.5144413132129132
0.1499999999996864 0 0.4824974103142147
0.1499999999996863 0 0.5149967434486318
0.1999999999997634 0 0.4827752698012255
0.1999999999997632 0 0.5155523833138039
0.2499999999998769 0 0.4830535546805002
0.2499999999998768 0 0.5161085119370283
2 3101 0 14
825
826
827
828
829
830
831
832
833
834
835
836
837
838
0.3499999999999145 0 0.4833333333333319
0.3499999999999145 0 0.5166666666666707
0.3999999999997833 0 0.4833333333333333
0.3999999999997833 0 0.5166666666666674
0.4499999999996527 0 0.4833333333333334
0.4499999999996527 0 0.5166666666666668
0.4999999999995705 0 0.4833333333333334
0.4999999999995705 0 0.5166666666666667
0.5499999999996447 0 0.4833333333333333
0.5499999999996446 0 0.5166666666666668
0.5999999999997485 0 0.4833333333333334
0.5999999999997485 0 0.5166666666666674
0.649999999999872 0 0.4833333333333321
0.6499999999998719 0 0.5166666666666708
2 3102 0 10
839
840
841
842
843
844
845
846
847
848
0.7499999999999302 0 0.4838914880629722
0.7499999999999301 0 0.5169464453195014
0.7999999999998496 0 0.484447616686192
0.7999999999998495 0 0.5172247301987725
0.84999999999984 0 0.4850032565513612
0.8499999999998397 0 0.5175025896857809
0.8999999999998622 0 0.4855586867870741
0.899999999999862 0 0.5177802527047931
0.949999999999953 0 0.4861136597472353
0.949999999999953 0 0.5180575142337247
2 3200 0 40
849
850
851
852
853
854
855
856
857
858
859
860
861
862
863
864
865
866
867
868
869
870
871
872
873
874
875
876
877
878
879
880
881
882
883
884
885
886
887
888
0.04999999999992107 0 0.6037061358649919
0.04999999999994528 0 0.6532441410677479
0.04999999999996116 0 0.7027813777044128
0.04999999999996863 0 0.7523181826686919
0.04999999999996854 0 0.8018547371892697
0.04999999999996086 0 0.8513911449664533
0.04999999999994484 0 0.9009274677915022
0.04999999999992068 0 0.950463744145528
0.09999999999984169 0 0.6029665181471742
0.09999999999989849 0 0.6525977498970458
0.0999999999999306 0 0.7022277948254358
0.0999999999999449 0 0.7518571266258437
0.09999999999994484 0 0.8014860319188228
0.09999999999993037 0 0.8511146839193249
0.0999999999998981 0 0.900743188430169
0.09999999999984131 0 0.9503716120681939
0.149999999999793 0 0.6022261047471069
0.1499999999998762 0 0.6519501418592667
0.1499999999999179 0 0.7016728664523855
0.1499999999999356 0 0.7513947825493181
0.1499999999999357 0 0.8011162087591246
0.149999999999918 0 0.8508373421505173
0.1499999999998764 0 0.9005583045221428
0.1499999999997934 0 0.9502791729985819
0.1999999999998368 0 0.6014850237386477
0.1999999999998959 0 0.6513014471896875
0.1999999999999294 0 0.7011166865475249
0.1999999999999444 0 0.7509312096042566
0.1999999999999446 0 0.8007453023096404
0.1999999999999298 0 0.8505591387812864
0.1999999999998966 0 0.9003728258730073
0.1999999999998378 0 0.9501864310252427
0.2499999999999125 0 0.6007431518694639
0.2499999999999419 0 0.6506515392038962
0.2499999999999598 0 0.700559159442613
0.2499999999999681 0 0.7504663426652789
0.2499999999999682 0 0.800373270187173
0.2499999999999602 0 0.8502800472308387
0.2499999999999426 0 0.900186737008279
0.2499999999999134 0 0.950093379034056
2 3201 0 56
889
890
891
892
893
894
895
896
897
898
899
900
901
902
903
904
905
906
907
908
909
910
911
912
913
914
915
916
917
918
919
920
921
922
923
924
925
926
927
928
929
930
931
932
933
934
935
936
937
938
939
940
941
942
943
944
0.3499999999999244 0 0.5999999999998649
0.3499999999999338 0 0.6499999999997419
0.349999999999944 0 0.6999999999996432
0.3499999999999497 0 0.7499999999996009
0.3499999999999497 0 0.7999999999996321
0.349999999999944 0 0.8499999999997256
0.3499999999999338 0 0.8999999999998303
0.3499999999999244 0 0.9499999999999171
0.3999999999998287 0 0.5999999999998935
0.3999999999998667 0 0.649999999999799
0.3999999999998924 0 0.699999999999729
0.3999999999999053 0 0.7499999999996989
0.3999999999999053 0 0.7999999999997158
0.3999999999998926 0 0.8499999999997723
0.3999999999998669 0 0.8999999999998465
0.3999999999998288 0 0.9499999999999229
0.4499999999997407 0 0.5999999999999102
0.4499999999998122 0 0.6499999999998316
0.4499999999998542 0 0.699999999999775
0.4499999999998736 0 0.74999999999975
0.4499999999998735 0 0.7999999999997603
0.4499999999998542 0 0.8499999999998007
0.4499999999998122 0 0.8999999999998602
0.4499999999997407 0 0.9499999999999283
0.4999999999996907 0 0.5999999999999156
0.4999999999997871 0 0.649999999999842
0.4999999999998383 0 0.6999999999997895
0.4999999999998611 0 0.7499999999997659
0.4999999999998611 0 0.7999999999997742
0.4999999999998384 0 0.8499999999998102
0.4999999999997872 0 0.8999999999998654
0.4999999999996909 0 0.9499999999999306
0.5499999999997341 0 0.5999999999999102
0.5499999999998072 0 0.6499999999998316
0.5499999999998511 0 0.699999999999775
0.5499999999998714 0 0.7499999999997501
0.5499999999998715 0 0.7999999999997603
0.5499999999998513 0 0.8499999999998008
0.5499999999998073 0 0.89999999999986
0.5499999999997343 0 0.9499999999999282
0.5999999999998077 0 0.5999999999998935
0.5999999999998566 0 0.6499999999997991
0.5999999999998873 0 0.6999999999997292
0.5999999999999018 0 0.7499999999996989
0.5999999999999019 0 0.7999999999997159
0.5999999999998874 0 0.8499999999997723
0.5999999999998566 0 0.8999999999998464
0.5999999999998077 0 0.9499999999999229
0.6499999999999003 0 0.599999999999865
0.6499999999999242 0 0.6499999999997421
0.6499999999999396 0 0.6999999999996435
0.6499999999999472 0 0.749999999999601
0.6499999999999473 0 0.7999999999996323
0.6499999999999397 0 0.8499999999997255
0.6499999999999242 0 0.8999999999998302
0.6499999999999003 0 0.9499999999999171
2 3202 0 40
945
946
947
948
949
950
951
952
953
954
955
956
957
958
959
960
961
962
963
964
965
966
967
968
969
970
971
972
973
974
975
976
977
978
979
980
981
982
983
984
0.7499999999999504 0 0.599999999999858
0.7499999999999668 0 0.6499999999997289
0.7499999999999771 0 0.6999999999996263
0.7499999999999819 0 0.7499999999995824
0.749999999999982 0 0.7999999999996149
0.7499999999999772 0 0.8499999999997113
0.7499999999999669 0 0.8999999999998205
0.7499999999999505 0 0.9499999999999122
0.7999999999999001 0 0.5999999999998789
0.7999999999999399 0 0.6499999999997714
0.7999999999999599 0 0.6999999999996924
0.7999999999999687 0 0.7499999999996589
0.799999999999969 0 0.7999999999996785
0.79999999999996 0 0.8499999999997424
0.7999999999999399 0 0.8999999999998266
0.7999999999999002 0 0.9499999999999135
0.8499999999998915 0 0.5999999999998858
0.8499999999999324 0 0.6499999999997854
0.8499999999999546 0 0.6999999999997131
0.8499999999999642 0 0.7499999999996823
0.8499999999999642 0 0.7999999999996983
0.8499999999999543 0 0.8499999999997533
0.8499999999999323 0 0.8999999999998303
0.8499999999998914 0 0.9499999999999142
0.8999999999999078 0 0.599999999999879
0.8999999999999432 0 0.6499999999997715
0.8999999999999616 0 0.6999999999996926
0.8999999999999696 0 0.7499999999996591
0.8999999999999694 0 0.7999999999996785
0.8999999999999614 0 0.8499999999997424
0.8999999999999431 0 0.8999999999998267
0.8999999999999074 0 0.9499999999999134
0.9499999999999624 0 0.5999999999998581
0.949999999999971 0 0.6499999999997291
0.949999999999979 0 0.6999999999996265
0.949999999999983 0 0.7499999999995826
0.9499999999999829 0 0.7999999999996149
0.9499999999999788 0 0.8499999999997113
0.949999999999971 0 0.8999999999998203
0.9499999999999623 0 0.9499999999999124
2 3211 0 95
985
986
987
988
989
990
991
992
993
994
995
996
997
998
999
1000
1001
1002
1003
1004
1005
1006
1007
1008
1009
1010
1011
1012
1013
1014
1015
1016
1017
1018
1019
1020
1021
1022
1023
1024
1025
1026
1027
1028
1029
1030
1031
1032
1033
1034
1035
1036
1037
1038
1039
1040
1041
1042
1043
1044
1045
1046
1047
1048
1049
1050
1051
1052
1053
1054
1055
1056
1057
1058
1059
1060
1061
1062
1063
1064
1065
1066
1067
1068
1069
1070
1071
1072
1073
1074
1075
1076
1077
1078
1079
0.04999999999989675 0.05 0
0.04999999999989675 0.1 0
0.04999999999989675 0.15 0
0.04999999999989675 0.2 0
0.04999999999989675 0.25 0
0.04999999999989675 0.3 0
0.04999999999989675 0.35 0
0.04999999999989675 0.4 0
0.04999999999989675 0.45 0
0.04999999999989675 0.5 0
0.04999999999989675 0.55 0
0.04999999999989675 0.6 0
0.04999999999989675 0.65 0
0.04999999999989675 0.7 0
0.04999999999989675 0.75 0
0.04999999999989675 0.8 0
0.04999999999989675 0.85 0
0.04999999999989675 0.9 0
0.04999999999989675 0.95 0
0.0999999999997538 0.05 0
0.0999999999997538 0.1 0
0.0999999999997538 0.15 0
0.0999999999997538 0.2 0
0.0999999999997538 0.25 0
0.0999999999997538 0.3 0
0.0999999999997538 0.35 0
0.0999999999997538 0.4 0
0.0999999999997538 0.45 0
0.0999999999997538 0.5 0
0.0999999999997538 0.55 0
0.0999999999997538 0.6 0
0.0999999999997538 0.65 0
0.0999999999997538 0.7 0
0.0999999999997538 0.75 0
0.0999999999997538 0.8 0
0.0999999999997538 0.85 0
0.0999999999997538 0.9 0
0.0999999999997538 0.95 0
0.149999999999619 0.05 0
0.149999999999619 0.1 0
0.149999999999619 0.15 0
0.149999999999619 0.2 0
0.149999999999619 0.25 0
0.149999999999619 0.3 0
0.149999999999619 0.35 0
0.149999999999619 0.4 0
0.149999999999619 0.45 0
0.149999999999619 0.5 0
0.149999999999619 0.55 0
0.149999999999619 0.6 0
0.149999999999619 0.65 0
0.149999999999619 0.7 0
0.149999999999619 0.75 0
0.149999999999619 0.8 0
0.149999999999619 0.85 0
0.149999999999619 0.9 0
0.149999999999619 0.95 0
0.1999999999997478 0.05 0
0.1999999999997478 0.1 0
0.1999999999997478 0.15 0
0.1999999999997478 0.2 0
0.1999999999997478 0.25 0
0.1999999999997478 0.3 0
0.1999999999997478 0.35 0
0.1999999999997478 0.4 0
0.1999999999997478 0.45 0
0.1999999999997478 0.5 0
0.1999999999997478 0.55 0
0.1999999999997478 0.6 0
0.1999999999997478 0.65 0
0.1999999999997478 0.7 0
0.1999999999997478 0.75 0
0.1999999999997478 0.8 0
0.1999999999997478 0.85 0
0.1999999999997478 0.9 0
0.1999999999997478 0.95 0
0.249999999999873 0.05 0
0.249999999999873 0.1 0
0.249999999999873 0.15 0
0.249999999999873 0.2 0
0.249999999999873 0.25 0
0.249999999999873 0.3 0
0.249999999999873 0.35 0
0.249999999999873 0.4 0
0.249999999999873 0.45 0
0.249999999999873 0.5 0
0.249999999999873 0.55 0
0.249999999999873 0.6 0
0.249999999999873 0.65 0
0.249999999999873 0.7 0
0.249999999999873 0.75 0
0.249999999999873 0.8 0
0.249999999999873 0.85 0
0.249999999999873 0.9 0
0.249999999999873 0.95 0
2 3215 0 152
1080
1081
1082
1083
1084
1085
1086
1087
1088
1089
1090
1091
1092
1093
1094
1095
1096
1097
1098
1099
1100
1101
1102
1103
1104
1105
1106
1107
1108
1109
1110
1111
1112
1113
1114
1115
1116
1117
1118
1119
1120
1121
1122
1123
1124
1125
1126
1127
1128
1129
1130
1131
1132
1133
1134
1135
1136
1137
1138
1139
1140
1141
1142
1143
1144
1145
1146
1147
1148
1149
1150
1151
1152
1153
1154
1155
1156
1157
1158
1159
1160
1161
1162
1163
1164
1165
1166
1167
1168
1169
1170
1171
1172
1173
1174
1175
1176
1177
1178
1179
1180
1181
1182
1183
1184
1185
1186
1187
1188
1189
1190
1191
1192
1193
1194
1195
1196
1197
1198
1199
1200
1201
1202
1203
1204
1205
1206
1207
1208
1209
1210
1211
1212
1213
1214
1215
1216
1217
1218
1219
1220
1221
1222
1223
1224
1225
1226
1227
1228
1229
1230
1231
0.3 0.05 0.04999999999991076
0.3 0.1 0.04999999999991076
0.3 0.15 0.04999999999991076
0.3 0.2 0.04999999999991076
0.3 0.25 0.04999999999991076
0.3 0.3 0.04999999999991076
0.3 0.35 0.04999999999991076
0.3 0.4 0.04999999999991076
0.3 0.45 0.04999999999991076
0.3 0.5 0.04999999999991076
0.3 0.55 0.04999999999991076
0.3 0.6 0.04999999999991076
0.3 0.65 0.04999999999991076
0.3 0.7 0.04999999999991076
0.3 0.75 0.04999999999991076
0.3 0.8 0.04999999999991076
0.3 0.85 0.04999999999991076
0.3 0.9 0.04999999999991076
0.3 0.95 0.04999999999991076
0.3 0.05 0.099999999999775
0.3 0.1 0.099999999999775
0.3 0.15 0.099999999999775
0.3 0.2 0.099999999999775
0.3 0.25 0.099999999999775
0.3 0.3 0.099999999999775
0.3 0.35 0.099999999999775
0.3 0.4 0.099999999999775
0.3 0.45 0.099999999999775
0.3 0.5 0.099999999999775
0.3 0.55 0.099999999999775
0.3 0.6 0.099999999999775
0.3 0.65 0.099999999999775
0.3 0.7 0.099999999999775
0.3 0.75 0.099999999999775
0.3 0.8 0.099999999999775
0.3 0.85 0.099999999999775
0.3 0.9 0.099999999999775
0.3 0.95 0.099999999999775
0.3 0.05 0.1499999999996296
0.3 0.1 0.1499999999996296
0.3 0.15 0.1499999999996296
0.3 0.2 0.1499999999996296
0.3 0.25 0.1499999999996296
0.3 0.3 0.1499999999996296
0.3 0.35 0.1499999999996296
0.3 0.4 0.1499999999996296
0.3 0.45 0.1499999999996296
0.3 0.5 0.1499999999996296
0.3 0.55 0.1499999999996296
0.3 0.6 0.1499999999996296
0.3 0.65 0.1499999999996296
0.3 0.7 0.1499999999996296
0.3 0.75 0.1499999999996296
0.3 0.8 0.1499999999996296
0.3 0.85 0.1499999999996296
0.3 0.9 0.1499999999996296
0.3 0.95 0.1499999999996296
0.3 0.05 0.1999999999994842
0.3 0.1 0.1999999999994842
0.3 0.15 0.1999999999994842
0.3 0.2 0.1999999999994842
0.3 0.25 0.1999999999994842
0.3 0.3 0.1999999999994842
0.3 0.35 0.1999999999994842
0.3 0.4 0.1999999999994842
0.3 0.45 0.1999999999994842
0.3 0.5 0.1999999999994842
0.3 0.55 0.1999999999994842
0.3 0.6 0.1999999999994842
0.3 0.65 0.1999999999994842
0.3 0.7 0.1999999999994842
0.3 0.75 0.1999999999994842
0.3 0.8 0.1999999999994842
0.3 0.85 0.1999999999994842
0.3 0.9 0.1999999999994842
0.3 0.95 0.1999999999994842
0.3 0.05 0.2499999999994708
0.3 0.1 0.2499999999994708
0.3 0.15 0.2499999999994708
0.3 0.2 0.2499999999994708
0.3 0.25 0.2499999999994708
0.3 0.3 0.2499999999994708
0.3 0.35 0.2499999999994708
0.3 0.4 0.2499999999994708
0.3 0.45 0.2499999999994708
0.3 0.5 0.2499999999994708
0.3 0.55 0.2499999999994708
0.3 0.6 0.2499999999994708
0.3 0.65 0.2499999999994708
0.3 0.7 0.2499999999994708
0.3 0.75 0.2499999999994708
0.3 0.8 0.2499999999994708
0.3 0.85 0.2499999999994708
0.3 0.9 0.2499999999994708
0.3 0.95 0.2499999999994708
0.3 0.05 0.2999999999996076
0.3 0.1 0.2999999999996076
0.3 0.15 0.2999999999996076
0.3 0.2 0.2999999999996076
0.3 0.25 0.2999999999996076
0.3 0.3 0.2999999999996076
0.3 0.35 0.2999999999996076
0.3 0.4 0.2999999999996076
0.3 0.45 0.2999999999996076
0.3 0.5 0.2999999999996076
0.3 0.55 0.2999999999996076
0.3 0.6 0.2999999999996076
0.3 0.65 0.2999999999996076
0.3 0.7 0.2999999999996076
0.3 0.75 0.2999999999996076
0.3 0.8 0.2999999999996076
0.3 0.85 0.2999999999996076
0.3 0.9 0.2999999999996076
0.3 0.95 0.2999999999996076
0.3 0.05 0.3499999999997384
0.3 0.1 0.3499999999997384
0.3 0.15 0.3499999999997384
0.3 0.2 0.3499999999997384
0.3 0.25 0.3499999999997384
0.3 0.3 0.3499999999997384
0.3 0.35 0.3499999999997384
0.3 0.4 0.3499999999997384
0.3 0.45 0.3499999999997384
0.3 0.5 0.3499999999997384
0.3 0.55 0.3499999999997384
0.3 0.6 0.3499999999997384
0.3 0.65 0.3499999999997384
0.3 0.7 0.3499999999997384
0.3 0.75 0.3499999999997384
0.3 0.8 0.3499999999997384
0.3 0.85 0.3499999999997384
0.3 0.9 0.3499999999997384
0.3 0.95 0.3499999999997384
0.3 0.05 0.3999999999998692
0.3 0.1 0.3999999999998692
0.3 0.15 0.3999999999998692
0.3 0.2 0.3999999999998692
0.3 0.25 0.3999999999998692
0.3 0.3 0.3999999999998692
0.3 0.35 0.3999999999998692
0.3 0.4 0.3999999999998692
0.3 0.45 0.3999999999998692
0.3 0.5 0.3999999999998692
0.3 0.55 0.3999999999998692
0.3 0.6 0.3999999999998692
0.3 0.65 0.3999999999998692
0.3 0.7 0.3999999999998692
0.3 0.75 0.3999999999998692
0.3 0.8 0.3999999999998692
0.3 0.85 0.3999999999998692
0.3 0.9 0.3999999999998692
0.3 0.95 0.3999999999998692
2 3219 0 95
1232
1233
1234
1235
1236
1237
1238
1239
1240
1241
1242
1243
1244
1245
1246
1247
1248
1249
1250
1251
1252
1253
1254
1255
1256
1257
1258
1259
1260
1261
1262
1263
1264
1265
1266
1267
1268
1269
1270
1271
1272
1273
1274
1275
1276
1277
1278
1279
1280
1281
1282
1283
1284
1285
1286
1287
1288
1289
1290
1291
1292
1293
1294
1295
1296
1297
1298
1299
1300
1301
1302
1303
1304
1305
1306
1307
1308
1309
1310
1311
1312
1313
1314
1315
1316
1317
1318
1319
1320
1321
1322
1323
1324
1325
1326
0.04999999999989675 0.05 0.45
0.04999999999989675 0.1 0.45
0.04999999999989675 0.15 0.45
0.04999999999989675 0.2 0.45
0.04999999999989675 0.25 0.45
0.04999999999989675 0.3 0.45
0.04999999999989675 0.35 0.45
0.04999999999989675 0.4 0.45
0.04999999999989675 0.45 0.45
0.04999999999989675 0.5 0.45
0.04999999999989675 0.55 0.45
0.04999999999989675 0.6 0.45
0.04999999999989675 0.65 0.45
0.04999999999989675 0.7 0.45
0.04999999999989675 0.75 0.45
0.04999999999989675 0.8 0.45
0.04999999999989675 0.85 0.45
0.04999999999989675 0.9 0.45
0.04999999999989675 0.95 0.45
0.0999999999997538 0.05 0.45
0.0999999999997538 0.1 0.45
0.0999999999997538 0.15 0.45
0.0999999999997538 0.2 0.45
0.0999999999997538 0.25 0.45
0.0999999999997538 0.3 0.45
0.0999999999997538 0.35 0.45
0.0999999999997538 0.4 0.45
0.0999999999997538 0.45 0.45
0.0999999999997538 0.5 0.45
0.0999999999997538 0.55 0.45
0.0999999999997538 0.6 0.45
0.0999999999997538 0.65 0.45
0.0999999999997538 0.7 0.45
0.0999999999997538 0.75 0.45
0.0999999999997538 0.8 0.45
0.0999999999997538 0.85 0.45
0.0999999999997538 0.9 0.45
0.0999999999997538 0.95 0.45
0.149999999999619 0.05 0.45
0.149999999999619 0.1 0.45
0.149999999999619 0.15 0.45
0.149999999999619 0.2 0.45
0.149999999999619 0.25 0.45
0.149999999999619 0.3 0.45
0.149999999999619 0.35 0.45
0.149999999999619 0.4 0.45
0.149999999999619 0.45 0.45
0.149999999999619 0.5 0.45
0.149999999999619 0.55 0.45
0.149999999999619 0.6 0.45
0.149999999999619 0.65 0.45
0.149999999999619 0.7 0.45
0.149999999999619 0.75 0.45
0.149999999999619 0.8 0.45
0.149999999999619 0.85 0.45
0.149999999999619 0.9 0.45
0.149999999999619 0.95 0.45
0.1999999999997478 0.05 0.45
0.1999999999997478 0.1 0.45
0.1999999999997478 0.15 0.45
0.1999999999997478 0.2 0.45
0.1999999999997478 0.25 0.45
0.1999999999997478 0.3 0.45
0.1999999999997478 0.35 0.45
0.1999999999997478 0.4 0.45
0.1999999999997478 0.45 0.45
0.1999999999997478 0.5 0.45
0.1999999999997478 0.55 0.45
0.1999999999997478 0.6 0.45
0.1999999999997478 0.65 0.45
0.1999999999997478 0.7 0.45
0.1999999999997478 0.75 0.45
0.1999999999997478 0.8 0.45
0.1999999999997478 0.85 0.45
0.1999999999997478 0.9 0.45
0.1999999999997478 0.95 0.45
0.249999999999873 0.05 0.45
0.249999999999873 0.1 0.45
0.249999999999873 0.15 0.45
0.249999999999873 0.2 0.45
0.249999999999873 0.25 0.45
0.249999999999873 0.3 0.45
0.249999999999873 0.35 0.45
0.249999999999873 0.4 0.45
0.249999999999873 0.45 0.45
0.249999999999873 0.5 0.45
0.249999999999873 0.55 0.45
0.249999999999873 0.6 0.45
0.249999999999873 0.65 0.45
0.249999999999873 0.7 0.45
0.249999999999873 0.75 0.45
0.249999999999873 0.8 0.45
0.249999999999873 0.85 0.45
0.249999999999873 0.9 0.45
0.249999999999873 0.95 0.45
2 3223 0 152
1327
1328
1329
1330
1331
1332
1333
1334
1335
1336
1337
1338
1339
1340
1341
1342
1343
1344
1345
1346
1347
1348
1349
1350
1351
1352
1353
1354
1355
1356
1357
1358
1359
1360
1361
1362
1363
1364
1365
1366
1367
1368
1369
1370
1371
1372
1373
1374
1375
1376
1377
1378
1379
1380
1381
1382
1383
1384
1385
1386
1387
1388
1389
1390
1391
1392
1393
1394
1395
1396
1397
1398
1399
1400
1401
1402
1403
1404
1405
1406
1407
1408
1409
1410
1411
1412
1413
1414
1415
1416
1417
1418
1419
1420
1421
1422
1423
1424
1425
1426
1427
1428
1429
1430
1431
1432
1433
1434
1435
1436
1437
1438
1439
1440
1441
1442
1443
1444
1445
1446
1447
1448
1449
1450
1451
1452
1453
1454
1455
1456
1457
1458
1459
1460
1461
1462
1463
1464
1465
1466
1467
1468
1469
1470
1471
1472
1473
1474
1475
1476
1477
1478
0 0.05 0.04999999999991076
0 0.1 0.04999999999991076
0 0.15 0.04999999999991076
0 0.2 0.04999999999991076
0 0.25 0.04999999999991076
0 0.3 0.04999999999991076
0 0.35 0.04999999999991076
0 0.4 0.04999999999991076
0 0.45 0.04999999999991076
0 0.5 0.04999999999991076
0 0.55 0.04999999999991076
0 0.6 0.04999999999991076
0 0.65 0.04999999999991076
0 0.7 0.04999999999991076
0 0.75 0.04999999999991076
0 0.8 0.04999999999991076
0 0.85 0.04999999999991076
0 0.9 0.04999999999991076
0 0.95 0.04999999999991076
0 0.05 0.099999999999775
0 0.1 0.099999999999775
0 0.15 0.099999999999775
0 0.2 0.099999999999775
0 0.25 0.099999999999775
0 0.3 0.099999999999775
0 0.35 0.099999999999775
0 0.4 0.099999999999775
0 0.45 0.099999999999775
0 0.5 0.099999999999775
0 0.55 0.099999999999775
0 0.6 0.099999999999775
0 0.65 0.099999999999775
0 0.7 0.099999999999775
0 0.75 0.099999999999775
0 0.8 0.099999999999775
0 0.85 0.099999999999775
0 0.9 0.099999999999775
0 0.95 0.099999999999775
0 0.05 0.1499999999996296
0 0.1 0.1499999999996296
0 0.15 0.1499999999996296
0 0.2 0.1499999999996296
0 0.25 0.1499999999996296
0 0.3 0.1499999999996296
0 0.35 0.1499999999996296
0 0.4 0.1499999999996296
0 0.45 0.1499999999996296
0 0.5 0.1499999999996296
0 0.55 0.1499999999996296
0 0.6 0.1499999999996296
0 0.65 0.1499999999996296
0 0.7 0.1499999999996296
0 0.75 0.1499999999996296
0 0.8 0.1499999999996296
0 0.85 0.1499999999996296
0 0.9 0.1499999999996296
0 0.95 0.1499999999996296
0 0.05 0.1999999999994842
0 0.1 0.1999999999994842
0 0.15 0.1999999999994842
0 0.2 0.1999999999994842
0 0.25 0.1999999999994842
0 0.3 0.1999999999994842
0 0.35 0.1999999999994842
0 0.4 0.1999999999994842
0 0.45 0.1999999999994842
0 0.5 0.1999999999994842
0 0.55 0.1999999999994842
0 0.6 0.1999999999994842
0 0.65 0.1999999999994842
0 0.7 0.1999999999994842
0 0.75 0.1999999999994842
0 0.8 0.1999999999994842
0 0.85 0.1999999999994842
0 0.9 0.1999999999994842
0 0.95 0.1999999999994842
0 0.05 0.2499999999994708
0 0.1 0.2499999999994708
0 0.15 0.2499999999994708
0 0.2 0.2499999999994708
0 0.25 0.2499999999994708
0 0.3 0.2499999999994708
0 0.35 0.2499999999994708
0 0.4 0.2499999999994708
0 0.45 0.2499999999994708
0 0.5 0.2499999999994708
0 0.55 0.2499999999994708
0 0.6 0.2499999999994708
0 0.65 0.2499999999994708
0 0.7 0.2499999999994708
0 0.75 0.2499999999994708
0 0.8 0.2499999999994708
0 0.85 0.2499999999994708
0 0.9 0.2499999999994708
0 0.95 0.2499999999994708
0 0.05 0.2999999999996076
0 0.1 0.2999999999996076
0 0.15 0.2999999999996076
0 0.2 0.2999999999996076
0 0.25 0.2999999999996076
0 0.3 0.2999999999996076
0 0.35 0.2999999999996076
0 0.4 0.2999999999996076
0 0.45 0.2999999999996076
0 0.5 0.2999999999996076
0 0.55 0.2999999999996076
0 0.6 0.2999999999996076
0 0.65 0.2999999999996076
0 0.7 0.2999999999996076
0 0.75 0.2999999999996076
0 0.8 0.2999999999996076
0 0.85 0.2999999999996076
0 0.9 0.2999999999996076
0 0.95 0.2999999999996076
0 0.05 0.3499999999997384
0 0.1 0.3499999999997384
0 0.15 0.3499999999997384
0 0.2 0.3499999999997384
0 0.25 0.3499999999997384
0 0.3 0.3499999999997384
0 0.35 0.3499999999997384
0 0.4 0.3499999999997384
0 0.45 0.3499999999997384
0 0.5 0.3499999999997384
0 0.55 0.3499999999997384
0 0.6 0.3499999999997384
0 0.65 0.3499999999997384
0 0.7 0.3499999999997384
0 0.75 0.3499999999997384
0 0.8 0.3499999999997384
0 0.85 0.3499999999997384
0 0.9 0.3499999999997384
0 0.95 0.3499999999997384
0 0.05 0.3999999999998692
0 0.1 0.3999999999998692
0 0.15 0.3999999999998692
0 0.2 0.3999999999998692
0 0.25 0.3999999999998692
0 0.3 0.3999999999998692
0 0.35 0.3999999999998692
0 0.4 0.3999999999998692
0 0.45 0.3999999999998692
0 0.5 0.3999999999998692
0 0.55 0.3999999999998692
0 0.6 0.3999999999998692
0 0.65 0.3999999999998692
0 0.7 0.3999999999998692
0 0.75 0.3999999999998692
0 0.8 0.3999999999998692
0 0.85 0.3999999999998692
0 0.9 0.3999999999998692
0 0.95 0.3999999999998692
2 3224 0 40
1479
1480
1481
1482
1483
1484
1485
1486
1487
1488
1489
1490
1491
1492
1493
1494
1495
1496
1497
1498
1499
1500
1501
1502
1503
1504
1505
1506
1507
1508
1509
1510
1511
1512
1513
1514
1515
1516
1517
1518
0.049999999999921 1 0.04999999999990427
0.04999999999994531 1 0.09999999999979836
0.04999999999996135 1 0.1499999999996969
0.04999999999996897 1 0.199999999999621
0.04999999999996896 1 0.2499999999996146
0.04999999999996135 1 0.2999999999996823
0.04999999999994532 1 0.349999999999778
0.04999999999992101 1 0.3999999999998866
0.09999999999984194 1 0.0499999999999079
0.09999999999989891 1 0.09999999999981732
0.09999999999993116 1 0.1499999999997388
0.09999999999994552 1 0.1999999999996882
0.09999999999994551 1 0.2499999999996843
0.09999999999993114 1 0.299999999999729
0.09999999999989891 1 0.349999999999805
0.09999999999984195 1 0.3999999999998986
0.1499999999997941 1 0.04999999999991004
0.1499999999998772 1 0.09999999999982433
0.1499999999999188 1 0.1499999999997526
0.1499999999999365 1 0.1999999999997086
0.1499999999999365 1 0.2499999999997053
0.1499999999999188 1 0.2999999999997444
0.1499999999998772 1 0.3499999999998143
0.149999999999794 1 0.3999999999999029
0.1999999999998381 1 0.0499999999999079
0.1999999999998971 1 0.09999999999981735
0.1999999999999304 1 0.1499999999997387
0.1999999999999451 1 0.1999999999996881
0.1999999999999451 1 0.2499999999996843
0.1999999999999304 1 0.299999999999729
0.1999999999998971 1 0.349999999999805
0.1999999999998381 1 0.3999999999998985
0.2499999999999134 1 0.04999999999990428
0.2499999999999427 1 0.0999999999997984
0.2499999999999604 1 0.1499999999996969
0.2499999999999685 1 0.1999999999996209
0.2499999999999685 1 0.2499999999996146
0.2499999999999604 1 0.2999999999996824
0.2499999999999427 1 0.349999999999778
0.2499999999999134 1 0.3999999999998864
2 3233 0 133
1519
1520
1521
1522
1523
1524
1525
1526
1527
1528
1529
1530
1531
1532
1533
1534
1535
1536
1537
1538
1539
1540
1541
1542
1543
1544
1545
1546
1547
1548
1549
1550
1551
1552
1553
1554
1555
1556
1557
1558
1559
1560
1561
1562
1563
1564
1565
1566
1567
1568
1569
1570
1571
1572
1573
1574
1575
1576
1577
1578
1579
1580
1581
1582
1583
1584
1585
1586
1587
1588
1589
1590
1591
1592
1593
1594
1595
1596
1597
1598
1599
1600
1601
1602
1603
1604
1605
1606
1607
1608
1609
1610
1611
1612
1613
1614
1615
1616
1617
1618
1619
1620
1621
1622
1623
1624
1625
1626
1627
1628
1629
1630
1631
1632
1633
1634
1635
1636
1637
1638
1639
1640
1641
1642
1643
1644
1645
1646
1647
1648
1649
1650
1651
0.3499999999999349 0.05 0
0.3499999999999349 0.1 0
0.3499999999999349 0.15 0
0.3499999999999349 0.2 0
0.3499999999999349 0.25 0
0.3499999999999349 0.3 0
0.3499999999999349 0.35 0
0.3499999999999349 0.4 0
0.3499999999999349 0.45 0
0.3499999999999349 0.5 0
0.3499999999999349 0.55 0
0.3499999999999349 0.6 0
0.3499999999999349 0.65 0
0.3499999999999349 0.7 0
0.3499999999999349 0.75 0
0.3499999999999349 0.8 0
0.3499999999999349 0.85 0
0.3499999999999349 0.9 0
0.3499999999999349 0.95 0
0.399999999999783 0.05 0
0.399999999999783 0.1 0
0.399999999999783 0.15 0
0.399999999999783 0.2 0
0.399999999999783 0.25 0
0.399999999999783 0.3 0
0.399999999999783 0.35 0
0.399999999999783 0.4 0
0.399999999999783 0.45 0
0.399999999999783 0.5 0
0.399999999999783 0.55 0
0.399999999999783 0.6 0
0.399999999999783 0.65 0
0.399999999999783 0.7 0
0.399999999999783 0.75 0
0.399999999999783 0.8 0
0.399999999999783 0.85 0
0.399999999999783 0.9 0
0.399999999999783 0.95 0
0.4499999999996312 0.05 0
0.4499999999996312 0.1 0
0.4499999999996312 0.15 0
0.4499999999996312 0.2 0
0.4499999999996312 0.25 0
0.4499999999996312 0.3 0
0.4499999999996312 0.35 0
0.4499999999996312 0.4 0
0.4499999999996312 0.45 0
0.4499999999996312 0.5 0
0.4499999999996312 0.55 0
0.4499999999996312 0.6 0
0.4499999999996312 0.65 0
0.4499999999996312 0.7 0
0.4499999999996312 0.75 0
0.4499999999996312 0.8 0
0.4499999999996312 0.85 0
0.4499999999996312 0.9 0
0.4499999999996312 0.95 0
0.4999999999995011 0.05 0
0.4999999999995011 0.1 0
0.4999999999995011 0.15 0
0.4999999999995011 0.2 0
0.4999999999995011 0.25 0
0.4999999999995011 0.3 0
0.4999999999995011 0.35 0
0.4999999999995011 0.4 0
0.4999999999995011 0.45 0
0.4999999999995011 0.5 0
0.4999999999995011 0.55 0
0.4999999999995011 0.6 0
0.4999999999995011 0.65 0
0.4999999999995011 0.7 0
0.4999999999995011 0.75 0
0.4999999999995011 0.8 0
0.4999999999995011 0.85 0
0.4999999999995011 0.9 0
0.4999999999995011 0.95 0
0.5499999999996312 0.05 0
0.5499999999996312 0.1 0
0.5499999999996312 0.15 0
0.5499999999996312 0.2 0
0.5499999999996312 0.25 0
0.5499999999996312 0.3 0
0.5499999999996312 0.35 0
0.5499999999996312 0.4 0
0.5499999999996312 0.45 0
0.5499999999996312 0.5 0
0.5499999999996312 0.55 0
0.5499999999996312 0.6 0
0.5499999999996312 0.65 0
0.5499999999996312 0.7 0
0.5499999999996312 0.75 0
0.5499999999996312 0.8 0
0.5499999999996312 0.85 0
0.5499999999996312 0.9 0
0.5499999999996312 0.95 0
0.5999999999997396 0.05 0
0.5999999999997396 0.1 0
0.5999999999997396 0.15 0
0.5999999999997396 0.2 0
0.5999999999997396 0.25 0
0.5999999999997396 0.3 0
0.5999999999997396 0.35 0
0.5999999999997396 0.4 0
0.5999999999997396 0.45 0
0.5999999999997396 0.5 0
0.5999999999997396 0.55 0
0.5999999999997396 0.6 0
0.5999999999997396 0.65 0
0.5999999999997396 0.7 0
0.5999999999997396 0.75 0
0.5999999999997396 0.8 0
0.5999999999997396 0.85 0
0.5999999999997396 0.9 0
0.5999999999997396 0.95 0
0.6499999999998698 0.05 0
0.6499999999998698 0.1 0
0.6499999999998698 0.15 0
0.6499999999998698 0.2 0
0.6499999999998698 0.25 0
0.6499999999998698 0.3 0
0.6499999999998698 0.35 0
0.6499999999998698 0.4 0
0.6499999999998698 0.45 0
0.6499999999998698 0.5 0
0.6499999999998698 0.55 0
0.6499999999998698 0.6 0
0.6499999999998698 0.65 0
0.6499999999998698 0.7 0
0.6499999999998698 0.75 0
0.6499999999998698 0.8 0
0.6499999999998698 0.85 0
0.6499999999998698 0.9 0
0.6499999999998698 0.95 0
2 3237 0 152
1652
1653
1654
1655
1656
1657
1658
1659
1660
1661
1662
1663
1664
1665
1666
1667
1668
1669
1670
1671
1672
1673
1674
1675
1676
1677
1678
1679
1680
1681
1682
1683
1684
1685
1686
1687
1688
1689
1690
1691
1692
1693
1694
1695
1696
1697
1698
1699
1700
1701
1702
1703
1704
1705
1706
1707
1708
1709
1710
1711
1712
1713
1714
1715
1716
1717
1718
1719
1720
1721
1722
1723
1724
1725
1726
1727
1728
1729
1730
1731
1732
1733
1734
1735
1736
1737
1738
1739
1740
1741
1742
1743
1744
1745
1746
1747
1748
1749
1750
1751
1752
1753
1754
1755
1756
1757
1758
1759
1760
1761
1762
1763
1764
1765
1766
1767
1768
1769
1770
1771
1772
1773
1774
1775
1776
1777
1778
1779
1780
1781
1782
1783
1784
1785
1786
1787
1788
1789
1790
1791
1792
1793
1794
1795
1796
1797
1798
1799
1800
1801
1802
1803
0.7 0.05 0.04999999999991076
0.7 0.1 0.04999999999991076
0.7 0.15 0.04999999999991076
0.7 0.2 0.04999999999991076
0.7 0.25 0.04999999999991076
0.7 0.3 0.04999999999991076
0.7 0.35 0.04999999999991076
0.7 0.4 0.04999999999991076
0.7 0.45 0.04999999999991076
0.7 0.5 0.04999999999991076
0.7 0.55 0.04999999999991076
0.7 0.6 0.04999999999991076
0.7 0.65 0.04999999999991076
0.7 0.7 0.04999999999991076
0.7 0.75 0.04999999999991076
0.7 0.8 0.04999999999991076
0.7 0.85 0.04999999999991076
0.7 0.9 0.04999999999991076
0.7 0.95 0.04999999999991076
0.7 0.05 0.099999999999775
0.7 0.1 0.099999999999775
0.7 0.15 0.099999999999775
0.7 0.2 0.099999999999775
0.7 0.25 0.099999999999775
0.7 0.3 0.099999999999775
0.7 0.35 0.099999999999775
0.7 0.4 0.099999999999775
0.7 0.45 0.099999999999775
0.7 0.5 0.099999999999775
0.7 0.55 0.099999999999775
0.7 0.6 0.099999999999775
0.7 0.65 0.099999999999775
0.7 0.7 0.099999999999775
0.7 0.75 0.099999999999775
0.7 0.8 0.099999999999775
0.7 0.85 0.099999999999775
0.7 0.9 0.099999999999775
0.7 0.95 0.099999999999775
0.7 0.05 0.1499999999996296
0.7 0.1 0.1499999999996296
0.7 0.15 0.1499999999996296
0.7 0.2 0.1499999999996296
0.7 0.25 0.1499999999996296
0.7 0.3 0.1499999999996296
0.7 0.35 0.1499999999996296
0.7 0.4 0.1499999999996296
0.7 0.45 0.1499999999996296
0.7 0.5 0.1499999999996296
0.7 0.55 0.1499999999996296
0.7 0.6 0.1499999999996296
0.7 0.65 0.1499999999996296
0.7 0.7 0.1499999999996296
0.7 0.75 0.1499999999996296
0.7 0.8 0.1499999999996296
0.7 0.85 0.1499999999996296
0.7 0.9 0.1499999999996296
0.7 0.95 0.1499999999996296
0.7 0.05 0.1999999999994842
0.7 0.1 0.1999999999994842
0.7 0.15 0.1999999999994842
0.7 0.2 0.1999999999994842
0.7 0.25 0.1999999999994842
0.7 0.3 0.1999999999994842
0.7 0.35 0.1999999999994842
0.7 0.4 0.1999999999994842
0.7 0.45 0.1999999999994842
0.7 0.5 0.1999999999994842
0.7 0.55 0.1999999999994842
0.7 0.6 0.1999999999994842
0.7 0.65 0.1999999999994842
0.7 0.7 0.1999999999994842
0.7 0.75 0.1999999999994842
0.7 0.8 0.1999999999994842
0.7 0.85 0.1999999999994842
0.7 0.9 0.1999999999994842
0.7 0.95 0.1999999999994842
0.7 0.05 0.2499999999994708
0.7 0.1 0.2499999999994708
0.7 0.15 0.2499999999994708
0.7 0.2 0.2499999999994708
0.7 0.25 0.2499999999994708
0.7 0.3 0.2499999999994708
0.7 0.35 0.2499999999994708
0.7 0.4 0.2499999999994708
0.7 0.45 0.2499999999994708
0.7 0.5 0.2499999999994708
0.7 0.55 0.2499999999994708
0.7 0.6 0.2499999999994708
0.7 0.65 0.2499999999994708
0.7 0.7 0.2499999999994708
0.7 0.75 0.2499999999994708
0.7 0.8 0.2499999999994708
0.7 0.85 0.2499999999994708
0.7 0.9 0.2499999999994708
0.7 0.95 0.2499999999994708
0.7 0.05 0.2999999999996076
0.7 0.1 0.2999999999996076
0.7 0.15 0.2999999999996076
0.7 0.2 0.2999999999996076
0.7 0.25 0.2999999999996076
0.7 0.3 0.2999999999996076
0.7 0.35 0.2999999999996076
0.7 0.4 0.2999999999996076
0.7 0.45 0.2999999999996076
0.7 0.5 0.2999999999996076
0.7 0.55 0.2999999999996076
0.7 0.6 0.2999999999996076
0.7 0.65 0.2999999999996076
0.7 0.7 0.2999999999996076
0.7 0.75 0.2999999999996076
0.7 0.8 0.2999999999996076
0.7 0.85 0.2999999999996076
0.7 0.9 0.2999999999996076
0.7 0.95 0.2999999999996076
0.7 0.05 0.3499999999997384
0.7 0.1 0.3499999999997384
0.7 0.15 0.3499999999997384
0.7 0.2 0.3499999999997384
0.7 0.25 0.3499999999997384
0.7 0.3 0.3499999999997384
0.7 0.35 0.3499999999997384
0.7 0.4 0.3499999999997384
0.7 0.45 0.3499999999997384
0.7 0.5 0.3499999999997384
0.7 0.55 0.3499999999997384
0.7 0.6 0.3499999999997384
0.7 0.65 0.3499999999997384
0.7 0.7 0.3499999999997384
0.7 0.75 0.3499999999997384
0.7 0.8 0.3499999999997384
0.7 0.85 0.3499999999997384
0.7 0.9 0.3499999999997384
0.7 0.95 0.3499999999997384
0.7 0.05 0.3999999999998692
0.7 0.1 0.3999999999998692
0.7 0.15 0.3999999999998692
0.7 0.2 0.3999999999998692
0.7 0.25 0.3999999999998692
0.7 0.3 0.3999999999998692
0.7 0.35 0.3999999999998692
0.7 0.4 0.3999999999998692
0.7 0.45 0.3999999999998692
0.7 0.5 0.3999999999998692
0.7 0.55 0.3999999999998692
0.7 0.6 0.3999999999998692
0.7 0.65 0.3999999999998692
0.7 0.7 0.3999999999998692
0.7 0.75 0.3999999999998692
0.7 0.8 0.3999999999998692
0.7 0.85 0.3999999999998692
0.7 0.9 0.3999999999998692
0.7 0.95 0.3999999999998692
2 3241 0 133
1804
1805
1806
1807
1808
1809
1810
1811
1812
1813
1814
1815
1816
1817
1818
1819
1820
1821
1822
1823
1824
1825
1826
1827
1828
1829
1830
1831
1832
1833
1834
1835
1836
1837
1838
1839
1840
1841
1842
1843
1844
1845
1846
1847
1848
1849
1850
1851
1852
1853
1854
1855
1856
1857
1858
1859
1860
1861
1862
1863
1864
1865
1866
1867
1868
1869
1870
1871
1872
1873
1874
1875
1876
1877
1878
1879
1880
1881
1882
1883
1884
1885
1886
1887
1888
1889
1890
1891
1892
1893
1894
1895
1896
1897
1898
1899
1900
1901
1902
1903
1904
1905
1906
1907
1908
1909
1910
1911
1912
1913
1914
1915
1916
1917
1918
1919
1920
1921
1922
1923
1924
1925
1926
1927
1928
1929
1930
1931
1932
1933
1934
1935
1936
0.3499999999999349 0.05 0.45
0.3499999999999349 0.1 0.45
0.3499999999999349 0.15 0.45
0.3499999999999349 0.2 0.45
0.3499999999999349 0.25 0.45
0.3499999999999349 0.3 0.45
0.3499999999999349 0.35 0.45
0.3499999999999349 0.4 0.45
0.3499999999999349 0.45 0.45
0.3499999999999349 0.5 0.45
0.3499999999999349 0.55 0.45
0.3499999999999349 0.6 0.45
0.3499999999999349 0.65 0.45
0.3499999999999349 0.7 0.45
0.3499999999999349 0.75 0.45
0.3499999999999349 0.8 0.45
0.3499999999999349 0.85 0.45
0.3499999999999349 0.9 0.45
0.3499999999999349 0.95 0.45
0.399999999999783 0.05 0.45
0.399999999999783 0.1 0.45
0.399999999999783 0.15 0.45
0.399999999999783 0.2 0.45
0.399999999999783 0.25 0.45
0.399999999999783 0.3 0.45
0.399999999999783 0.35 0.45
0.399999999999783 0.4 0.45
0.399999999999783 0.45 0.45
0.399999999999783 0.5 0.45
0.399999999999783 0.55 0.45
0.399999999999783 0.6 0.45
0.399999999999783 0.65 0.45
0.399999999999783 0.7 0.45
0.399999999999783 0.75 0.45
0.399999999999783 0.8 0.45
0.399999999999783 0.85 0.45
0.399999999999783 0.9 0.45
0.399999999999783 0.95 0.45
0.4499999999996312 0.05 0.45
0.4499999999996312 0.1 0.45
0.4499999999996312 0.15 0.45
0.4499999999996312 0.2 0.45
0.4499999999996312 0.25 0.45
0.4499999999996312 0.3 0.45
0.4499999999996312 0.35 0.45
0.4499999999996312 0.4 0.45
0.4499999999996312 0.45 0.45
0.4499999999996312 0.5 0.45
0.4499999999996312 0.55 0.45
0.4499999999996312 0.6 0.45
0.4499999999996312 0.65 0.45
0.4499999999996312 0.7 0.45
0.4499999999996312 0.75 0.45
0.4499999999996312 0.8 0.45
0.4499999999996312 0.85 0.45
0.4499999999996312 0.9 0.45
0.4499999999996312 0.95 0.45
0.4999999999995011 0.05 0.45
0.4999999999995011 0.1 0.45
0.4999999999995011 0.15 0.45
0.4999999999995011 0.2 0.45
0.4999999999995011 0.25 0.45
0.4999999999995011 0.3 0.45
0.4999999999995011 0.35 0.45
0.4999999999995011 0.4 0.45
0.4999999999995011 0.45 0.45
0.4999999999995011 0.5 0.45
0.4999999999995011 0.55 0.45
0.4999999999995011 0.6 0.45
0.4999999999995011 0.65 0.45
0.4999999999995011 0.7 0.45
0.4999999999995011 0.75 0.45
0.4999999999995011 0.8 0.45
0.4999999999995011 0.85 0.45
0.4999999999995011 0.9 0.45
0.4999999999995011 0.95 0.45
0.5499999999996312 0.05 0.45
0.5499999999996312 0.1 0.45
0.5499999999996312 0.15 0.45
0.5499999999996312 0.2 0.45
0.5499999999996312 0.25 0.45
0.5499999999996312 0.3 0.45
0.5499999999996312 0.35 0.45
0.5499999999996312 0.4 0.45
0.5499999999996312 0.45 0.45
0.5499999999996312 0.5 0.45
0.5499999999996312 0.55 0.45
0.5499999999996312 0.6 0.45
0.5499999999996312 0.65 0.45
0.5499999999996312 0.7 0.45
0.5499999999996312 0.75 0.45
0.5499999999996312 0.8 0.45
0.5499999999996312 0.85 0.45
0.5499999999996312 0.9 0.45
0.5499999999996312 0.95 0.45
0.5999999999997396 0.05 0.45
0.5999999999997396 0.1 0.45
0.5999999999997396 0.15 0.45
0.5999999999997396 0.2 0.45
0.5999999999997396 0.25 0.45
0.5999999999997396 0.3 0.45
0.5999999999997396 0.35 0.45
0.5999999999997396 0.4 0.45
0.5999999999997396 0.45 0.45
0.5999999999997396 0.5 0.45
0.5999999999997396 0.55 0.45
0.5999999999997396 0.6 0.45
0.5999999999997396 0.65 0.45
0.5999999999997396 0.7 0.45
0.5999999999997396 0.75 0.45
0.5999999999997396 0.8 0.45
0.5999999999997396 0.85 0.45
0.5999999999997396 0.9 0.45
0.5999999999997396 0.95 0.45
0.6499999999998698 0.05 0.45
0.6499999999998698 0.1 0.45
0.6499999999998698 0.15 0.45
0.6499999999998698 0.2 0.45
0.6499999999998698 0.25 0.45
0.6499999999998698 0.3 0.45
0.6499999999998698 0.35 0.45
0.6499999999998698 0.4 0.45
0.6499999999998698 0.45 0.45
0.6499999999998698 0.5 0.45
0.6499999999998698 0.55 0.45
0.6499999999998698 0.6 0.45
0.6499999999998698 0.65 0.45
0.6499999999998698 0.7 0.45
0.6499999999998698 0.75 0.45
0.6499999999998698 0.8 0.45
0.6499999999998698 0.85 0.45
0.6499999999998698 0.9 0.45
0.6499999999998698 0.95 0.45
2 3246 0 56
1937
1938
1939
1940
1941
1942
1943
1944
1945
1946
1947
1948
1949
1950
1951
1952
1953
1954
1955
1956
1957
1958
1959
1960
1961
1962
1963
1964
1965
1966
1967
1968
1969
1970
1971
1972
1973
1974
1975
1976
1977
1978
1979
1980
1981
1982
1983
1984
1985
1986
1987
1988
1989
1990
1991
1992
0.3499999999999243 1 0.04999999999990953
0.3499999999999338 1 0.09999999999980866
0.3499999999999441 1 0.1499999999997114
0.3499999999999497 1 0.199999999999638
0.3499999999999497 1 0.2499999999996319
0.349999999999944 1 0.2999999999996975
0.3499999999999337 1 0.349999999999789
0.3499999999999244 1 0.3999999999998923
0.3999999999998288 1 0.04999999999991872
0.3999999999998669 1 0.09999999999983875
0.3999999999998926 1 0.1499999999997693
0.3999999999999052 1 0.1999999999997245
0.3999999999999052 1 0.2499999999997213
0.3999999999998925 1 0.2999999999997611
0.3999999999998667 1 0.3499999999998282
0.3999999999998288 1 0.3999999999999106
0.4499999999997408 1 0.0499999999999266
0.4499999999998123 1 0.09999999999985822
0.4499999999998542 1 0.1499999999998027
0.4499999999998734 1 0.1999999999997696
0.4499999999998734 1 0.2499999999997675
0.4499999999998541 1 0.2999999999997974
0.4499999999998123 1 0.3499999999998519
0.4499999999997408 1 0.3999999999999222
0.4999999999996909 1 0.04999999999992952
0.4999999999997872 1 0.09999999999986485
0.4999999999998383 1 0.1499999999998135
0.4999999999998611 1 0.1999999999997837
0.4999999999998611 1 0.249999999999782
0.4999999999998384 1 0.2999999999998091
0.4999999999997872 1 0.3499999999998597
0.4999999999996909 1 0.399999999999926
0.5499999999997343 1 0.04999999999992661
0.5499999999998073 1 0.0999999999998582
0.5499999999998511 1 0.1499999999998027
0.5499999999998714 1 0.1999999999997696
0.5499999999998714 1 0.2499999999997675
0.5499999999998511 1 0.2999999999997973
0.5499999999998073 1 0.3499999999998518
0.5499999999997344 1 0.3999999999999221
0.5999999999998077 1 0.04999999999991873
0.5999999999998568 1 0.09999999999983873
0.5999999999998873 1 0.1499999999997693
0.5999999999999019 1 0.1999999999997245
0.5999999999999019 1 0.2499999999997212
0.5999999999998873 1 0.299999999999761
0.5999999999998566 1 0.3499999999998281
0.5999999999998078 1 0.3999999999999106
0.6499999999999003 1 0.04999999999990954
0.6499999999999242 1 0.09999999999980867
0.6499999999999397 1 0.1499999999997114
0.6499999999999472 1 0.199999999999638
0.6499999999999473 1 0.2499999999996319
0.6499999999999396 1 0.2999999999996973
0.6499999999999241 1 0.349999999999789
0.6499999999999004 1 0.3999999999998921
2 3255 0 95
1993
1994
1995
1996
1997
1998
1999
2000
2001
2002
2003
2004
2005
2006
2007
2008
2009
2010
2011
2012
2013
2014
2015
2016
2017
2018
2019
2020
2021
2022
2023
2024
2025
2026
2027
2028
2029
2030
2031
2032
2033
2034
2035
2036
2037
2038
2039
2040
2041
2042
2043
2044
2045
2046
2047
2048
2049
2050
2051
2052
2053
2054
2055
2056
2057
2058
2059
2060
2061
2062
2063
2064
2065
2066
2067
2068
2069
2070
2071
2072
2073
2074
2075
2076
2077
2078
2079
2080
2081
2082
2083
2084
2085
2086
2087
0.7499999999999348 0.05 0
0.7499999999999348 0.1 0
0.7499999999999348 0.15 0
0.7499999999999348 0.2 0
0.7499999999999348 0.25 0
0.7499999999999348 0.3 0
0.7499999999999348 0.35 0
0.7499999999999348 0.4 0
0.7499999999999348 0.45 0
0.7499999999999348 0.5 0
0.7499999999999348 0.55 0
0.7499999999999348 0.6 0
0.7499999999999348 0.65 0
0.7499999999999348 0.7 0
0.7499999999999348 0.75 0
0.7499999999999348 0.8 0
0.7499999999999348 0.85 0
0.7499999999999348 0.9 0
0.7499999999999348 0.95 0
0.799999999999819 0.05 0
0.799999999999819 0.1 0
0.799999999999819 0.15 0
0.799999999999819 0.2 0
0.799999999999819 0.25 0
0.799999999999819 0.3 0
0.799999999999819 0.35 0
0.799999999999819 0.4 0
0.799999999999819 0.45 0
0.799999999999819 0.5 0
0.799999999999819 0.55 0
0.799999999999819 0.6 0
0.799999999999819 0.65 0
0.799999999999819 0.7 0
0.799999999999819 0.75 0
0.799999999999819 0.8 0
0.799999999999819 0.85 0
0.799999999999819 0.9 0
0.799999999999819 0.95 0
0.849999999999826 0.05 0
0.849999999999826 0.1 0
0.849999999999826 0.15 0
0.849999999999826 0.2 0
0.849999999999826 0.25 0
0.849999999999826 0.3 0
0.849999999999826 0.35 0
0.849999999999826 0.4 0
0.849999999999826 0.45 0
0.849999999999826 0.5 0
0.849999999999826 0.55 0
0.849999999999826 0.6 0
0.849999999999826 0.65 0
0.849999999999826 0.7 0
0.849999999999826 0.75 0
0.849999999999826 0.8 0
0.849999999999826 0.85 0
0.849999999999826 0.9 0
0.849999999999826 0.95 0
0.8999999999998334 0.05 0
0.8999999999998334 0.1 0
0.8999999999998334 0.15 0
0.8999999999998334 0.2 0
0.8999999999998334 0.25 0
0.8999999999998334 0.3 0
0.8999999999998334 0.35 0
0.8999999999998334 0.4 0
0.8999999999998334 0.45 0
0.8999999999998334 0.5 0
0.8999999999998334 0.55 0
0.8999999999998334 0.6 0
0.8999999999998334 0.65 0
0.8999999999998334 0.7 0
0.8999999999998334 0.75 0
0.8999999999998334 0.8 0
0.8999999999998334 0.85 0
0.8999999999998334 0.9 0
0.8999999999998334 0.95 0
0.9499999999999709 0.05 0
0.9499999999999709 0.1 0
0.9499999999999709 0.15 0
0.9499999999999709 0.2 0
0.9499999999999709 0.25 0
0.9499999999999709 0.3 0
0.9499999999999709 0.35 0
0.9499999999999709 0.4 0
0.9499999999999709 0.45 0
0.9499999999999709 0.5 0
0.9499999999999709 0.55 0
0.9499999999999709 0.6 0
0.9499999999999709 0.65 0
0.9499999999999709 0.7 0
0.9499999999999709 0.75 0
0.9499999999999709 0.8 0
0.9499999999999709 0.85 0
0.9499999999999709 0.9 0
0.9499999999999709 0.95 0
2 3259 0 152
2088
2089
2090
2091
2092
2093
2094
2095
2096
2097
2098
2099
2100
2101
2102
2103
2104
2105
2106
2107
2108
2109
2110
2111
2112
2113
2114
2115
2116
2117
2118
2119
2120
2121
2122
2123
2124
2125
2126
2127
2128
2129
2130
2131
2132
2133
2134
2135
2136
2137
2138
2139
2140
2141
2142
2143
2144
2145
2146
2147
2148
2149
2150
2151
2152
2153
2154
2155
2156
2157
2158
2159
2160
2161
2162
2163
2164
2165
2166
2167
2168
2169
2170
2171
2172
2173
2174
2175
2176
2177
2178
2179
2180
2181
2182
2183
2184
2185
2186
2187
2188
2189
2190
2191
2192
2193
2194
2195
2196
2197
2198
2199
2200
2201
2202
2203
2204
2205
2206
2207
2208
2209
2210
2211
2212
2213
2214
2215
2216
2217
2218
2219
2220
2221
2222
2223
2224
2225
2226
2227
2228
2229
2230
2231
2232
2233
2234
2235
2236
2237
2238
2239
1 0.05 0.04944444444436234
1 0.1 0.04944444444436234
1 0.15 0.04944444444436234
1 0.2 0.04944444444436234
1 0.25 0.04944444444436234
1 0.3 0.04944444444436234
1 0.35 0.04944444444436234
1 0.4 0.04944444444436234
1 0.45 0.04944444444436234
1 0.5 0.04944444444436234
1 0.55 0.04944444444436234
1 0.6 0.04944444444436234
1 0.65 0.04944444444436234
1 0.7 0.04944444444436234
1 0.75 0.04944444444436234
1 0.8 0.04944444444436234
1 0.85 0.04944444444436234
1 0.9 0.04944444444436234
1 0.95 0.04944444444436234
1 0.05 0.09888888888867603
1 0.1 0.09888888888867603
1 0.15 0.09888888888867603
1 0.2 0.09888888888867603
1 0.25 0.09888888888867603
1 0.3 0.09888888888867603
1 0.35 0.09888888888867603
1 0.4 0.09888888888867603
1 0.45 0.09888888888867603
1 0.5 0.09888888888867603
1 0.55 0.09888888888867603
1 0.6 0.09888888888867603
1 0.65 0.09888888888867603
1 0.7 0.09888888888867603
1 0.75 0.09888888888867603
1 0.8 0.09888888888867603
1 0.85 0.09888888888867603
1 0.9 0.09888888888867603
1 0.95 0.09888888888867603
1 0.05 0.148333333332967
1 0.1 0.148333333332967
1 0.15 0.148333333332967
1 0.2 0.148333333332967
1 0.25 0.148333333332967
1 0.3 0.148333333332967
1 0.35 0.148333333332967
1 0.4 0.148333333332967
1 0.45 0.148333333332967
1 0.5 0.148333333332967
1 0.55 0.148333333332967
1 0.6 0.148333333332967
1 0.65 0.148333333332967
1 0.7 0.148333333332967
1 0.75 0.148333333332967
1 0.8 0.148333333332967
1 0.85 0.148333333332967
1 0.9 0.148333333332967
1 0.95 0.148333333332967
1 0.05 0.1977777777772784
1 0.1 0.1977777777772784
1 0.15 0.1977777777772784
1 0.2 0.1977777777772784
1 0.25 0.1977777777772784
1 0.3 0.1977777777772784
1 0.35 0.1977777777772784
1 0.4 0.1977777777772784
1 0.45 0.1977777777772784
1 0.5 0.1977777777772784
1 0.55 0.1977777777772784
1 0.6 0.1977777777772784
1 0.65 0.1977777777772784
1 0.7 0.1977777777772784
1 0.75 0.1977777777772784
1 0.8 0.1977777777772784
1 0.85 0.1977777777772784
1 0.9 0.1977777777772784
1 0.95 0.1977777777772784
1 0.05 0.2472222222217218
1 0.1 0.2472222222217218
1 0.15 0.2472222222217218
1 0.2 0.2472222222217218
1 0.25 0.2472222222217218
1 0.3 0.2472222222217218
1 0.35 0.2472222222217218
1 0.4 0.2472222222217218
1 0.45 0.2472222222217218
1 0.5 0.2472222222217218
1 0.55 0.2472222222217218
1 0.6 0.2472222222217218
1 0.65 0.2472222222217218
1 0.7 0.2472222222217218
1 0.75 0.2472222222217218
1 0.8 0.2472222222217218
1 0.85 0.2472222222217218
1 0.9 0.2472222222217218
1 0.95 0.2472222222217218
1 0.05 0.2966666666662063
1 0.1 0.2966666666662063
1 0.15 0.2966666666662063
1 0.2 0.2966666666662063
1 0.25 0.2966666666662063
1 0.3 0.2966666666662063
1 0.35 0.2966666666662063
1 0.4 0.2966666666662063
1 0.45 0.2966666666662063
1 0.5 0.2966666666662063
1 0.55 0.2966666666662063
1 0.6 0.2966666666662063
1 0.65 0.2966666666662063
1 0.7 0.2966666666662063
1 0.75 0.2966666666662063
1 0.8 0.2966666666662063
1 0.85 0.2966666666662063
1 0.9 0.2966666666662063
1 0.95 0.2966666666662063
1 0.05 0.3461111111108525
1 0.1 0.3461111111108525
1 0.15 0.3461111111108525
1 0.2 0.3461111111108525
1 0.25 0.3461111111108525
1 0.3 0.3461111111108525
1 0.35 0.3461111111108525
1 0.4 0.3461111111108525
1 0.45 0.3461111111108525
1 0.5 0.3461111111108525
1 0.55 0.3461111111108525
1 0.6 0.3461111111108525
1 0.65 0.3461111111108525
1 0.7 0.3461111111108525
1 0.75 0.3461111111108525
1 0.8 0.3461111111108525
1 0.85 0.3461111111108525
1 0.9 0.3461111111108525
1 0.95 0.3461111111108525
1 0.05 0.3955555555553997
1 0.1 0.3955555555553997
1 0.15 0.3955555555553997
1 0.2 0.3955555555553997
1 0.25 0.3955555555553997
1 0.3 0.3955555555553997
1 0.35 0.3955555555553997
1 0.4 0.3955555555553997
1 0.45 0.3955555555553997
1 0.5 0.3955555555553997
1 0.55 0.3955555555553997
1 0.6 0.3955555555553997
1 0.65 0.3955555555553997
1 0.7 0.3955555555553997
1 0.75 0.3955555555553997
1 0.8 0.3955555555553997
1 0.85 0.3955555555553997
1 0.9 0.3955555555553997
1 0.95 0.3955555555553997
2 3263 0 95
2240
2241
2242
2243
2244
2245
2246
2247
2248
2249
2250
2251
2252
2253
2254
2255
2256
2257
2258
2259
2260
2261
2262
2263
2264
2265
2266
2267
2268
2269
2270
2271
2272
2273
2274
2275
2276
2277
2278
2279
2280
2281
2282
2283
2284
2285
2286
2287
2288
2289
2290
2291
2292
2293
2294
2295
2296
2297
2298
2299
2300
2301
2302
2303
2304
2305
2306
2307
2308
2309
2310
2311
2312
2313
2314
2315
2316
2317
2318
2319
2320
2321
2322
2323
2324
2325
2326
2327
2328
2329
2330
2331
2332
2333
2334
0.7499999999999347 0.05 0.4491666666666678
0.7499999999999347 0.1 0.4491666666666678
0.7499999999999347 0.15 0.4491666666666678
0.7499999999999347 0.2 0.4491666666666678
0.7499999999999347 0.25 0.4491666666666678
0.7499999999999347 0.3 0.4491666666666678
0.7499999999999347 0.35 0.4491666666666678
0.7499999999999347 0.4 0.4491666666666678
0.7499999999999347 0.45 0.4491666666666678
0.7499999999999347 0.5 0.4491666666666678
0.7499999999999347 0.55 0.4491666666666678
0.7499999999999347 0.6 0.4491666666666678
0.7499999999999347 0.65 0.4491666666666678
0.7499999999999347 0.7 0.4491666666666678
0.7499999999999347 0.75 0.4491666666666678
0.7499999999999347 0.8 0.4491666666666678
0.7499999999999347 0.85 0.4491666666666678
0.7499999999999347 0.9 0.4491666666666678
0.7499999999999347 0.95 0.4491666666666678
0.7999999999998194 0.05 0.4483333333333364
0.7999999999998194 0.1 0.4483333333333364
0.7999999999998194 0.15 0.4483333333333364
0.7999999999998194 0.2 0.4483333333333364
0.7999999999998194 0.25 0.4483333333333364
0.7999999999998194 0.3 0.4483333333333364
0.7999999999998194 0.35 0.4483333333333364
0.7999999999998194 0.4 0.4483333333333364
0.7999999999998194 0.45 0.4483333333333364
0.7999999999998194 0.5 0.4483333333333364
0.7999999999998194 0.55 0.4483333333333364
0.7999999999998194 0.6 0.4483333333333364
0.7999999999998194 0.65 0.4483333333333364
0.7999999999998194 0.7 0.4483333333333364
0.7999999999998194 0.75 0.4483333333333364
0.7999999999998194 0.8 0.4483333333333364
0.7999999999998194 0.85 0.4483333333333364
0.7999999999998194 0.9 0.4483333333333364
0.7999999999998194 0.95 0.4483333333333364
0.8499999999998264 0.05 0.4475000000000029
0.8499999999998264 0.1 0.4475000000000029
0.8499999999998264 0.15 0.4475000000000029
0.8499999999998264 0.2 0.4475000000000029
0.8499999999998264 0.25 0.4475000000000029
0.8499999999998264 0.3 0.4475000000000029
0.8499999999998264 0.35 0.4475000000000029
0.8499999999998264 0.4 0.4475000000000029
0.8499999999998264 0.45 0.4475000000000029
0.8499999999998264 0.5 0.4475000000000029
0.8499999999998264 0.55 0.4475000000000029
0.8499999999998264 0.6 0.4475000000000029
0.8499999999998264 0.65 0.4475000000000029
0.8499999999998264 0.7 0.4475000000000029
0.8499999999998264 0.75 0.4475000000000029
0.8499999999998264 0.8 0.4475000000000029
0.8499999999998264 0.85 0.4475000000000029
0.8499999999998264 0.9 0.4475000000000029
0.8499999999998264 0.95 0.4475000000000029
0.8999999999998337 0.05 0.4466666666666694
0.8999999999998337 0.1 0.4466666666666694
0.8999999999998337 0.15 0.4466666666666694
0.8999999999998337 0.2 0.4466666666666694
0.8999999999998337 0.25 0.4466666666666694
0.8999999999998337 0.3 0.4466666666666694
0.8999999999998337 0.35 0.4466666666666694
0.8999999999998337 0.4 0.4466666666666694
0.8999999999998337 0.45 0.4466666666666694
0.8999999999998337 0.5 0.4466666666666694
0.8999999999998337 0.55 0.4466666666666694
0.8999999999998337 0.6 0.4466666666666694
0.8999999999998337 0.65 0.4466666666666694
0.8999999999998337 0.7 0.4466666666666694
0.8999999999998337 0.75 0.4466666666666694
0.8999999999998337 0.8 0.4466666666666694
0.8999999999998337 0.85 0.4466666666666694
0.8999999999998337 0.9 0.4466666666666694
0.8999999999998337 0.95 0.4466666666666694
0.9499999999999713 0.05 0.4458333333333338
0.9499999999999713 0.1 0.4458333333333338
0.9499999999999713 0.15 0.4458333333333338
0.9499999999999713 0.2 0.4458333333333338
0.9499999999999713 0.25 0.4458333333333338
0.9499999999999713 0.3 0.4458333333333338
0.9499999999999713 0.35 0.4458333333333338
0.9499999999999713 0.4 0.4458333333333338
0.9499999999999713 0.45 0.4458333333333338
0.9499999999999713 0.5 0.4458333333333338
0.9499999999999713 0.55 0.4458333333333338
0.9499999999999713 0.6 0.4458333333333338
0.9499999999999713 0.65 0.4458333333333338
0.9499999999999713 0.7 0.4458333333333338
0.9499999999999713 0.75 0.4458333333333338
0.9499999999999713 0.8 0.4458333333333338
0.9499999999999713 0.85 0.4458333333333338
0.9499999999999713 0.9 0.4458333333333338
0.9499999999999713 0.95 0.4458333333333338
2 3268 0 40
2335
2336
2337
2338
2339
2340
2341
2342
2343
2344
2345
2346
2347
2348
2349
2350
2351
2352
2353
2354
2355
2356
2357
2358
2359
2360
2361
2362
2363
2364
2365
2366
2367
2368
2369
2370
2371
2372
2373
2374
0.7499999999999504 1 0.04990662096576327
0.7499999999999666 1 0.09981326299134405
0.749999999999977 1 0.1497199527685752
0.7499999999999817 1 0.1996267298120692
0.7499999999999817 1 0.2495336573339239
0.749999999999977 1 0.2994408405567002
0.7499999999999666 1 0.3493484607956144
0.74999999999995 1 0.3992568481302834
0.7999999999998998 1 0.04981356897458129
0.7999999999999394 1 0.09962717412664104
0.7999999999999594 1 0.1494408612182011
0.7999999999999683 1 0.1992546976897345
0.7999999999999683 1 0.2490687903950953
0.7999999999999597 1 0.2988833134519048
0.7999999999999395 1 0.3486985528098958
0.7999999999998997 1 0.3985149762611358
0.8499999999998912 1 0.04972082700124199
0.8499999999999317 1 0.09944169547751179
0.8499999999999538 1 0.1491626578489908
0.8499999999999638 1 0.198883791240288
0.8499999999999639 1 0.2486052174500795
0.8499999999999543 1 0.298327133547084
0.8499999999999319 1 0.348049858140344
0.8499999999998914 1 0.3977738952526912
0.8999999999999072 1 0.04962838793161944
0.8999999999999428 1 0.09925681156946559
0.8999999999999611 1 0.1488853160801496
0.899999999999969 1 0.1985139680805442
0.899999999999969 1 0.248142873373512
0.8999999999999614 1 0.2977722051740041
0.8999999999999431 1 0.3474022501025487
0.8999999999999078 1 0.3970334818526176
0.9499999999999622 1 0.04953625585426495
0.949999999999971 1 0.09907253220809245
0.9499999999999788 1 0.1486088550329343
0.9499999999999824 1 0.1981452628099553
0.9499999999999825 1 0.2476818173305268
0.9499999999999786 1 0.2972186222949288
0.9499999999999712 1 0.3467558589317897
0.9499999999999628 1 0.3962938641347785
2 3281 0 38
2375
2376
2377
2378
2379
2380
2381
2382
2383
2384
2385
2386
2387
2388
2389
2390
2391
2392
2393
2394
2395
2396
2397
2398
2399
2400
2401
2402
2403
2404
2405
2406
2407
2408
2409
2410
2411
2412
0.3 0.05 0.4833333333333154
0.3 0.1 0.4833333333333154
0.3 0.15 0.4833333333333154
0.3 0.2 0.4833333333333154
0.3 0.25 0.4833333333333154
0.3 0.3 0.4833333333333154
0.3 0.35 0.4833333333333154
0.3 0.4 0.4833333333333154
0.3 0.45 0.4833333333333154
0.3 0.5 0.4833333333333154
0.3 0.55 0.4833333333333154
0.3 0.6 0.4833333333333154
0.3 0.65 0.4833333333333154
0.3 0.7 0.4833333333333154
0.3 0.75 0.4833333333333154
0.3 0.8 0.4833333333333154
0.3 0.85 0.4833333333333154
0.3 0.9 0.4833333333333154
0.3 0.95 0.4833333333333154
0.3 0.05 0.5166666666666957
0.3 0.1 0.5166666666666957
0.3 0.15 0.5166666666666957
0.3 0.2 0.5166666666666957
0.3 0.25 0.5166666666666957
0.3 0.3 0.5166666666666957
0.3 0.35 0.5166666666666957
0.3 0.4 0.5166666666666957
0.3 0.45 0.5166666666666957
0.3 0.5 0.5166666666666957
0.3 0.55 0.5166666666666957
0.3 0.6 0.5166666666666957
0.3 0.65 0.5166666666666957
0.3 0.7 0.5166666666666957
0.3 0.75 0.5166666666666957
0.3 0.8 0.5166666666666957
0.3 0.85 0.5166666666666957
0.3 0.9 0.5166666666666957
0.3 0.95 0.5166666666666957
2 3285 0 95
2413
2414
2415
2416
2417
2418
2419
2420
2421
2422
2423
2424
2425
2426
2427
2428
2429
2430
2431
2432
2433
2434
2435
2436
2437
2438
2439
2440
2441
2442
2443
2444
2445
2446
2447
2448
2449
2450
2451
2452
2453
2454
2455
2456
2457
2458
2459
2460
2461
2462
2463
2464
2465
2466
2467
2468
2469
2470
2471
2472
2473
2474
2475
2476
2477
2478
2479
2480
2481
2482
2483
2484
2485
2486
2487
2488
2489
2490
2491
2492
2493
2494
2495
2496
2497
2498
2499
2500
2501
2502
2503
2504
2505
2506
2507
0.04999999999989623 0.05 0.5458333333333316
0.04999999999989623 0.1 0.5458333333333316
0.04999999999989623 0.15 0.5458333333333316
0.04999999999989623 0.2 0.5458333333333316
0.04999999999989623 0.25 0.5458333333333316
0.04999999999989623 0.3 0.5458333333333316
0.04999999999989623 0.35 0.5458333333333316
0.04999999999989623 0.4 0.5458333333333316
0.04999999999989623 0.45 0.5458333333333316
0.04999999999989623 0.5 0.5458333333333316
0.04999999999989623 0.55 0.5458333333333316
0.04999999999989623 0.6 0.5458333333333316
0.04999999999989623 0.65 0.5458333333333316
0.04999999999989623 0.7 0.5458333333333316
0.04999999999989623 0.75 0.5458333333333316
0.04999999999989623 0.8 0.5458333333333316
0.04999999999989623 0.85 0.5458333333333316
0.04999999999989623 0.9 0.5458333333333316
0.04999999999989623 0.95 0.5458333333333316
0.09999999999975305 0.05 0.5466666666666626
0.09999999999975305 0.1 0.5466666666666626
0.09999999999975305 0.15 0.5466666666666626
0.09999999999975305 0.2 0.5466666666666626
0.09999999999975305 0.25 0.5466666666666626
0.09999999999975305 0.3 0.5466666666666626
0.09999999999975305 0.35 0.5466666666666626
0.09999999999975305 0.4 0.5466666666666626
0.09999999999975305 0.45 0.5466666666666626
0.09999999999975305 0.5 0.5466666666666626
0.09999999999975305 0.55 0.5466666666666626
0.09999999999975305 0.6 0.5466666666666626
0.09999999999975305 0.65 0.5466666666666626
0.09999999999975305 0.7 0.5466666666666626
0.09999999999975305 0.75 0.5466666666666626
0.09999999999975305 0.8 0.5466666666666626
0.09999999999975305 0.85 0.5466666666666626
0.09999999999975305 0.9 0.5466666666666626
0.09999999999975305 0.95 0.5466666666666626
0.1499999999996184 0.05 0.5474999999999937
0.1499999999996184 0.1 0.5474999999999937
0.1499999999996184 0.15 0.5474999999999937
0.1499999999996184 0.2 0.5474999999999937
0.1499999999996184 0.25 0.5474999999999937
0.1499999999996184 0.3 0.5474999999999937
0.1499999999996184 0.35 0.5474999999999937
0.1499999999996184 0.4 0.5474999999999937
0.1499999999996184 0.45 0.5474999999999937
0.1499999999996184 0.5 0.5474999999999937
0.1499999999996184 0.55 0.5474999999999937
0.1499999999996184 0.6 0.5474999999999937
0.1499999999996184 0.65 0.5474999999999937
0.1499999999996184 0.7 0.5474999999999937
0.1499999999996184 0.75 0.5474999999999937
0.1499999999996184 0.8 0.5474999999999937
0.1499999999996184 0.85 0.5474999999999937
0.1499999999996184 0.9 0.5474999999999937
0.1499999999996184 0.95 0.5474999999999937
0.1999999999997475 0.05 0.5483333333333291
0.1999999999997475 0.1 0.5483333333333291
0.1999999999997475 0.15 0.5483333333333291
0.1999999999997475 0.2 0.5483333333333291
0.1999999999997475 0.25 0.5483333333333291
0.1999999999997475 0.3 0.5483333333333291
0.1999999999997475 0.35 0.5483333333333291
0.1999999999997475 0.4 0.5483333333333291
0.1999999999997475 0.45 0.5483333333333291
0.1999999999997475 0.5 0.5483333333333291
0.1999999999997475 0.55 0.5483333333333291
0.1999999999997475 0.6 0.5483333333333291
0.1999999999997475 0.65 0.5483333333333291
0.1999999999997475 0.7 0.5483333333333291
0.1999999999997475 0.75 0.5483333333333291
0.1999999999997475 0.8 0.5483333333333291
0.1999999999997475 0.85 0.5483333333333291
0.1999999999997475 0.9 0.5483333333333291
0.1999999999997475 0.95 0.5483333333333291
0.2499999999998726 0.05 0.5491666666666646
0.2499999999998726 0.1 0.5491666666666646
0.2499999999998726 0.15 0.5491666666666646
0.2499999999998726 0.2 0.5491666666666646
0.2499999999998726 0.25 0.5491666666666646
0.2499999999998726 0.3 0.5491666666666646
0.2499999999998726 0.35 0.5491666666666646
0.2499999999998726 0.4 0.5491666666666646
0.2499999999998726 0.45 0.5491666666666646
0.2499999999998726 0.5 0.5491666666666646
0.2499999999998726 0.55 0.5491666666666646
0.2499999999998726 0.6 0.5491666666666646
0.2499999999998726 0.65 0.5491666666666646
0.2499999999998726 0.7 0.5491666666666646
0.2499999999998726 0.75 0.5491666666666646
0.2499999999998726 0.8 0.5491666666666646
0.2499999999998726 0.85 0.5491666666666646
0.2499999999998726 0.9 0.5491666666666646
0.2499999999998726 0.95 0.5491666666666646
2 3289 0 38
2508
2509
2510
2511
2512
2513
2514
2515
2516
2517
2518
2519
2520
2521
2522
2523
2524
2525
2526
2527
2528
2529
2530
2531
2532
2533
2534
2535
2536
2537
2538
2539
2540
2541
2542
2543
2544
2545
0 0.05 0.4816666666666088
0 0.1 0.4816666666666088
0 0.15 0.4816666666666088
0 0.2 0.4816666666666088
0 0.25 0.4816666666666088
0 0.3 0.4816666666666088
0 0.35 0.4816666666666088
0 0.4 0.4816666666666088
0 0.45 0.4816666666666088
0 0.5 0.4816666666666088
0 0.55 0.4816666666666088
0 0.6 0.4816666666666088
0 0.65 0.4816666666666088
0 0.7 0.4816666666666088
0 0.75 0.4816666666666088
0 0.8 0.4816666666666088
0 0.85 0.4816666666666088
0 0.9 0.4816666666666088
0 0.95 0.4816666666666088
0 0.05 0.5133333333332393
0 0.1 0.5133333333332393
0 0.15 0.5133333333332393
0 0.2 0.5133333333332393
0 0.25 0.5133333333332393
0 0.3 0.5133333333332393
0 0.35 0.5133333333332393
0 0.4 0.5133333333332393
0 0.45 0.5133333333332393
0 0.5 0.5133333333332393
0 0.55 0.5133333333332393
0 0.6 0.5133333333332393
0 0.65 0.5133333333332393
0 0.7 0.5133333333332393
0 0.75 0.5133333333332393
0 0.8 0.5133333333332393
0 0.85 0.5133333333332393
0 0.9 0.5133333333332393
0 0.95 0.5133333333332393
2 3290 0 10
2546
2547
2548
2549
2550
2551
2552
2553
2554
2555
0.04999999999989129 1 0.48194248576624
0.04999999999989117 1 0.5138863402527263
0.09999999999976956 1 0.4822197472951966
0.09999999999976944 1 0.5144413132129132
0.1499999999996864 1 0.4824974103142147
0.1499999999996863 1 0.5149967434486318
0.1999999999997634 1 0.4827752698012255
0.1999999999997632 1 0.5155523833138039
0.2499999999998769 1 0.4830535546805002
0.2499999999998768 1 0.5161085119370283
2 3303 0 38
2556
2557
2558
2559
2560
2561
2562
2563
2564
2565
2566
2567
2568
2569
2570
2571
2572
2573
2574
2575
2576
2577
2578
2579
2580
2581
2582
2583
2584
2585
2586
2587
2588
2589
2590
2591
2592
2593
0.7 0.05 0.4833333333333154
0.7 0.1 0.4833333333333154
0.7 0.15 0.4833333333333154
0.7 0.2 0.4833333333333154
0.7 0.25 0.4833333333333154
0.7 0.3 0.4833333333333154
0.7 0.35 0.4833333333333154
0.7 0.4 0.4833333333333154
0.7 0.45 0.4833333333333154
0.7 0.5 0.4833333333333154
0.7 0.55 0.4833333333333154
0.7 0.6 0.4833333333333154
0.7 0.65 0.4833333333333154
0.7 0.7 0.4833333333333154
0.7 0.75 0.4833333333333154
0.7 0.8 0.4833333333333154
0.7 0.85 0.4833333333333154
0.7 0.9 0.4833333333333154
0.7 0.95 0.4833333333333154
0.7 0.05 0.5166666666666957
0.7 0.1 0.5166666666666957
0.7 0.15 0.5166666666666957
0.7 0.2 0.5166666666666957
0.7 0.25 0.5166666666666957
0.7 0.3 0.5166666666666957
0.7 0.35 0.5166666666666957
0.7 0.4 0.5166666666666957
0.7 0.45 0.5166666666666957
0.7 0.5 0.5166666666666957
0.7 0.55 0.5166666666666957
0.7 0.6 0.5166666666666957
0.7 0.65 0.5166666666666957
0.7 0.7 0.5166666666666957
0.7 0.75 0.5166666666666957
0.7 0.8 0.5166666666666957
0.7 0.85 0.5166666666666957
0.7 0.9 0.5166666666666957
0.7 0.95 0.5166666666666957
2 3307 0 133
2594
2595
2596
2597
2598
2599
2600
2601
2602
2603
2604
2605
2606
2607
2608
2609
2610
2611
2612
2613
2614
2615
2616
2617
2618
2619
2620
2621
2622
2623
2624
2625
2626
2627
2628
2629
2630
2631
2632
2633
2634
2635
2636
2637
2638
2639
2640
2641
2642
2643
2644
2645
2646
2647
2648
2649
2650
2651
2652
2653
2654
2655
2656
2657
2658
2659
2660
2661
2662
2663
2664
2665
2666
2667
2668
2669
2670
2671
2672
2673
2674
2675
2676
2677
2678
2679
2680
2681
2682
2683
2684
2685
2686
2687
2688
2689
2690
2691
2692
2693
2694
2695
2696
2697
2698
2699
2700
2701
2702
2703
2704
2705
2706
2707
2708
2709
2710
2711
2712
2713
2714
2715
2716
2717
2718
2719
2720
2721
2722
2723
2724
2725
2726
0.3499999999999349 0.05 0.55
0.3499999999999349 0.1 0.55
0.3499999999999349 0.15 0.55
0.3499999999999349 0.2 0.55
0.3499999999999349 0.25 0.55
0.3499999999999349 0.3 0.55
0.3499999999999349 0.35 0.55
0.3499999999999349 0.4 0.55
0.3499999999999349 0.45 0.55
0.3499999999999349 0.5 0.55
0.3499999999999349 0.55 0.55
0.3499999999999349 0.6 0.55
0.3499999999999349 0.65 0.55
0.3499999999999349 0.7 0.55
0.3499999999999349 0.75 0.55
0.3499999999999349 0.8 0.55
0.3499999999999349 0.85 0.55
0.3499999999999349 0.9 0.55
0.3499999999999349 0.95 0.55
0.399999999999783 0.05 0.55
0.399999999999783 0.1 0.55
0.399999999999783 0.15 0.55
0.399999999999783 0.2 0.55
0.399999999999783 0.25 0.55
0.399999999999783 0.3 0.55
0.399999999999783 0.35 0.55
0.399999999999783 0.4 0.55
0.399999999999783 0.45 0.55
0.399999999999783 0.5 0.55
0.399999999999783 0.55 0.55
0.399999999999783 0.6 0.55
0.399999999999783 0.65 0.55
0.399999999999783 0.7 0.55
0.399999999999783 0.75 0.55
0.399999999999783 0.8 0.55
0.399999999999783 0.85 0.55
0.399999999999783 0.9 0.55
0.399999999999783 0.95 0.55
0.4499999999996312 0.05 0.55
0.4499999999996312 0.1 0.55
0.4499999999996312 0.15 0.55
0.4499999999996312 0.2 0.55
0.4499999999996312 0.25 0.55
0.4499999999996312 0.3 0.55
0.4499999999996312 0.35 0.55
0.4499999999996312 0.4 0.55
0.4499999999996312 0.45 0.55
0.4499999999996312 0.5 0.55
0.4499999999996312 0.55 0.55
0.4499999999996312 0.6 0.55
0.4499999999996312 0.65 0.55
0.4499999999996312 0.7 0.55
0.4499999999996312 0.75 0.55
0.4499999999996312 0.8 0.55
0.4499999999996312 0.85 0.55
0.4499999999996312 0.9 0.55
0.4499999999996312 0.95 0.55
0.4999999999995011 0.05 0.55
0.4999999999995011 0.1 0.55
0.4999999999995011 0.15 0.55
0.4999999999995011 0.2 0.55
0.4999999999995011 0.25 0.55
0.4999999999995011 0.3 0.55
0.4999999999995011 0.35 0.55
0.4999999999995011 0.4 0.55
0.4999999999995011 0.45 0.55
0.4999999999995011 0.5 0.55
0.4999999999995011 0.55 0.55
0.4999999999995011 0.6 0.55
0.4999999999995011 0.65 0.55
0.4999999999995011 0.7 0.55
0.4999999999995011 0.75 0.55
0.4999999999995011 0.8 0.55
0.4999999999995011 0.85 0.55
0.4999999999995011 0.9 0.55
0.4999999999995011 0.95 0.55
0.5499999999996312 0.05 0.55
0.5499999999996312 0.1 0.55
0.5499999999996312 0.15 0.55
0.5499999999996312 0.2 0.55
0.5499999999996312 0.25 0.55
0.5499999999996312 0.3 0.55
0.5499999999996312 0.35 0.55
0.5499999999996312 0.4 0.55
0.5499999999996312 0.45 0.55
0.5499999999996312 0.5 0.55
0.5499999999996312 0.55 0.55
0.5499999999996312 0.6 0.55
0.5499999999996312 0.65 0.55
0.5499999999996312 0.7 0.55
0.5499999999996312 0.75 0.55
0.5499999999996312 0.8 0.55
0.5499999999996312 0.85 0.55
0.5499999999996312 0.9 0.55
0.5499999999996312 0.95 0.55
0.5999999999997396 0.05 0.55
0.5999999999997396 0.1 0.55
0.5999999999997396 0.15 0.55
0.5999999999997396 0.2 0.55
0.5999999999997396 0.25 0.55
0.5999999999997396 0.3 0.55
0.5999999999997396 0.35 0.55
0.5999999999997396 0.4 0.55
0.5999999999997396 0.45 0.55
0.5999999999997396 0.5 0.55
0.5999999999997396 0.55 0.55
0.5999999999997396 0.6 0.55
0.5999999999997396 0.65 0.55
0.5999999999997396 0.7 0.55
0.5999999999997396 0.75 0.55
0.5999999999997396 0.8 0.55
0.5999999999997396 0.85 0.55
0.5999999999997396 0.9 0.55
0.5999999999997396 0.95 0.55
0.6499999999998698 0.05 0.55
0.6499999999998698 0.1 0.55
0.6499999999998698 0.15 0.55
0.6499999999998698 0.2 0.55
0.6499999999998698 0.25 0.55
0.6499999999998698 0.3 0.55
0.6499999999998698 0.35 0.55
0.6499999999998698 0.4 0.55
0.6499999999998698 0.45 0.55
0.6499999999998698 0.5 0.55
0.6499999999998698 0.55 0.55
0.6499999999998698 0.6 0.55
0.6499999999998698 0.65 0.55
0.6499999999998698 0.7 0.55
0.6499999999998698 0.75 0.55
0.6499999999998698 0.8 0.55
0.6499999999998698 0.85 0.55
0.6499999999998698 0.9 0.55
0.6499999999998698 0.95 0.55
2 3312 0 14
2727
2728
2729
2730
2731
2732
2733
2734
2735
2736
2737
2738
2739
2740
0.3499999999999145 1 0.4833333333333319
0.3499999999999145 1 0.5166666666666707
0.3999999999997833 1 0.4833333333333333
0.3999999999997833 1 0.5166666666666674
0.4499999999996527 1 0.4833333333333334
0.4499999999996527 1 0.5166666666666668
0.4999999999995705 1 0.4833333333333334
0.4999999999995705 1 0.5166666666666667
0.5499999999996447 1 0.4833333333333333
0.5499999999996446 1 0.5166666666666668
0.5999999999997485 1 0.4833333333333334
0.5999999999997485 1 0.5166666666666674
0.649999999999872 1 0.4833333333333321
0.6499999999998719 1 0.5166666666666708
2 3321 0 95
2741
2742
2743
2744
2745
2746
2747
2748
2749
2750
2751
2752
2753
2754
2755
2756
2757
2758
2759
2760
2761
2762
2763
2764
2765
2766
2767
2768
2769
2770
2771
2772
2773
2774
2775
2776
2777
2778
2779
2780
2781
2782
2783
2784
2785
2786
2787
2788
2789
2790
2791
2792
2793
2794
2795
2796
2797
2798
2799
2800
2801
2802
2803
2804
2805
2806
2807
2808
2809
2810
2811
2812
2813
2814
2815
2816
2817
2818
2819
2820
2821
2822
2823
2824
2825
2826
2827
2828
2829
2830
2831
2832
2833
2834
2835
0.7499999999999347 0.05 0.4508333333333323
0.7499999999999347 0.1 0.4508333333333323
0.7499999999999347 0.15 0.4508333333333323
0.7499999999999347 0.2 0.4508333333333323
0.7499999999999347 0.25 0.4508333333333323
0.7499999999999347 0.3 0.4508333333333323
0.7499999999999347 0.35 0.4508333333333323
0.7499999999999347 0.4 0.4508333333333323
0.7499999999999347 0.45 0.4508333333333323
0.7499999999999347 0.5 0.4508333333333323
0.7499999999999347 0.55 0.4508333333333323
0.7499999999999347 0.6 0.4508333333333323
0.7499999999999347 0.65 0.4508333333333323
0.7499999999999347 0.7 0.4508333333333323
0.7499999999999347 0.75 0.4508333333333323
0.7499999999999347 0.8 0.4508333333333323
0.7499999999999347 0.85 0.4508333333333323
0.7499999999999347 0.9 0.4508333333333323
0.7499999999999347 0.95 0.4508333333333323
0.7999999999998194 0.05 0.4516666666666637
0.7999999999998194 0.1 0.4516666666666637
0.7999999999998194 0.15 0.4516666666666637
0.7999999999998194 0.2 0.4516666666666637
0.7999999999998194 0.25 0.4516666666666637
0.7999999999998194 0.3 0.4516666666666637
0.7999999999998194 0.35 0.4516666666666637
0.7999999999998194 0.4 0.4516666666666637
0.7999999999998194 0.45 0.4516666666666637
0.7999999999998194 0.5 0.4516666666666637
0.7999999999998194 0.55 0.4516666666666637
0.7999999999998194 0.6 0.4516666666666637
0.7999999999998194 0.65 0.4516666666666637
0.7999999999998194 0.7 0.4516666666666637
0.7999999999998194 0.75 0.4516666666666637
0.7999999999998194 0.8 0.4516666666666637
0.7999999999998194 0.85 0.4516666666666637
0.7999999999998194 0.9 0.4516666666666637
0.7999999999998194 0.95 0.4516666666666637
0.8499999999998264 0.05 0.4524999999999971
0.8499999999998264 0.1 0.4524999999999971
0.8499999999998264 0.15 0.4524999999999971
0.8499999999998264 0.2 0.4524999999999971
0.8499999999998264 0.25 0.4524999999999971
0.8499999999998264 0.3 0.4524999999999971
0.8499999999998264 0.35 0.4524999999999971
0.8499999999998264 0.4 0.4524999999999971
0.8499999999998264 0.45 0.4524999999999971
0.8499999999998264 0.5 0.4524999999999971
0.8499999999998264 0.55 0.4524999999999971
0.8499999999998264 0.6 0.4524999999999971
0.8499999999998264 0.65 0.4524999999999971
0.8499999999998264 0.7 0.4524999999999971
0.8499999999998264 0.75 0.4524999999999971
0.8499999999998264 0.8 0.4524999999999971
0.8499999999998264 0.85 0.4524999999999971
0.8499999999998264 0.9 0.4524999999999971
0.8499999999998264 0.95 0.4524999999999971
0.8999999999998337 0.05 0.4533333333333306
0.8999999999998337 0.1 0.4533333333333306
0.8999999999998337 0.15 0.4533333333333306
0.8999999999998337 0.2 0.4533333333333306
0.8999999999998337 0.25 0.4533333333333306
0.8999999999998337 0.3 0.4533333333333306
0.8999999999998337 0.35 0.4533333333333306
0.8999999999998337 0.4 0.4533333333333306
0.8999999999998337 0.45 0.4533333333333306
0.8999999999998337 0.5 0.4533333333333306
0.8999999999998337 0.55 0.4533333333333306
0.8999999999998337 0.6 0.4533333333333306
0.8999999999998337 0.65 0.4533333333333306
0.8999999999998337 0.7 0.4533333333333306
0.8999999999998337 0.75 0.4533333333333306
0.8999999999998337 0.8 0.4533333333333306
0.8999999999998337 0.85 0.4533333333333306
0.8999999999998337 0.9 0.4533333333333306
0.8999999999998337 0.95 0.4533333333333306
0.9499999999999713 0.05 0.4541666666666662
0.9499999999999713 0.1 0.4541666666666662
0.9499999999999713 0.15 0.4541666666666662
0.9499999999999713 0.2 0.4541666666666662
0.9499999999999713 0.25 0.4541666666666662
0.9499999999999713 0.3 0.4541666666666662
0.9499999999999713 0.35 0.4541666666666662
0.9499999999999713 0.4 0.4541666666666662
0.9499999999999713 0.45 0.4541666666666662
0.9499999999999713 0.5 0.4541666666666662
0.9499999999999713 0.55 0.4541666666666662
0.9499999999999713 0.6 0.4541666666666662
0.9499999999999713 0.65 0.4541666666666662
0.9499999999999713 0.7 0.4541666666666662
0.9499999999999713 0.75 0.4541666666666662
0.9499999999999713 0.8 0.4541666666666662
0.9499999999999713 0.85 0.4541666666666662
0.9499999999999713 0.9 0.4541666666666662
0.9499999999999713 0.95 0.4541666666666662
2 3325 0 38
2836
2837
2838
2839
2840
2841
2842
2843
2844
2845
2846
2847
2848
2849
2850
2851
2852
2853
2854
2855
2856
2857
2858
2859
2860
2861
2862
2863
2864
2865
2866
2867
2868
2869
2870
2871
2872
2873
1 0.05 0.4866666666666015
1 0.1 0.4866666666666015
1 0.15 0.4866666666666015
1 0.2 0.4866666666666015
1 0.25 0.4866666666666015
1 0.3 0.4866666666666015
1 0.35 0.4866666666666015
1 0.4 0.4866666666666015
1 0.45 0.4866666666666015
1 0.5 0.4866666666666015
1 0.55 0.4866666666666015
1 0.6 0.4866666666666015
1 0.65 0.4866666666666015
1 0.7 0.4866666666666015
1 0.75 0.4866666666666015
1 0.8 0.4866666666666015
1 0.85 0.4866666666666015
1 0.9 0.4866666666666015
1 0.95 0.4866666666666015
1 0.05 0.5183333333332537
1 0.1 0.5183333333332537
1 0.15 0.5183333333332537
1 0.2 0.5183333333332537
1 0.25 0.5183333333332537
1 0.3 0.5183333333332537
1 0.35 0.5183333333332537
1 0.4 0.5183333333332537
1 0.45 0.5183333333332537
1 0.5 0.5183333333332537
1 0.55 0.5183333333332537
1 0.6 0.5183333333332537
1 0.65 0.5183333333332537
1 0.7 0.5183333333332537
1 0.75 0.5183333333332537
1 0.8 0.5183333333332537
1 0.85 0.5183333333332537
1 0.9 0.5183333333332537
1 0.95 0.5183333333332537
2 3329 0 95
2874
2875
2876
2877
2878
2879
2880
2881
2882
2883
2884
2885
2886
2887
2888
2889
2890
2891
2892
2893
2894
2895
2896
2897
2898
2899
2900
2901
2902
2903
2904
2905
2906
2907
2908
2909
2910
2911
2912
2913
2914
2915
2916
2917
2918
2919
2920
2921
2922
2923
2924
2925
2926
2927
2928
2929
2930
2931
2932
2933
2934
2935
2936
2937
2938
2939
2940
2941
2942
2943
2944
2945
2946
2947
2948
2949
2950
2951
2952
2953
2954
2955
2956
2957
2958
2959
2960
2961
2962
2963
2964
2965
2966
2967
2968
0.7499999999999348 0.05 0.55
0.7499999999999348 0.1 0.55
0.7499999999999348 0.15 0.55
0.7499999999999348 0.2 0.55
0.7499999999999348 0.25 0.55
0.7499999999999348 0.3 0.55
0.7499999999999348 0.35 0.55
0.7499999999999348 0.4 0.55
0.7499999999999348 0.45 0.55
0.7499999999999348 0.5 0.55
0.7499999999999348 0.55 0.55
0.7499999999999348 0.6 0.55
0.7499999999999348 0.65 0.55
0.7499999999999348 0.7 0.55
0.7499999999999348 0.75 0.55
0.7499999999999348 0.8 0.55
0.7499999999999348 0.85 0.55
0.7499999999999348 0.9 0.55
0.7499999999999348 0.95 0.55
0.799999999999819 0.05 0.55
0.799999999999819 0.1 0.55
0.799999999999819 0.15 0.55
0.799999999999819 0.2 0.55
0.799999999999819 0.25 0.55
0.799999999999819 0.3 0.55
0.799999999999819 0.35 0.55
0.799999999999819 0.4 0.55
0.799999999999819 0.45 0.55
0.799999999999819 0.5 0.55
0.799999999999819 0.55 0.55
0.799999999999819 0.6 0.55
0.799999999999819 0.65 0.55
0.799999999999819 0.7 0.55
0.799999999999819 0.75 0.55
0.799999999999819 0.8 0.55
0.799999999999819 0.85 0.55
0.799999999999819 0.9 0.55
0.799999999999819 0.95 0.55
0.849999999999826 0.05 0.55
0.849999999999826 0.1 0.55
0.849999999999826 0.15 0.55
0.849999999999826 0.2 0.55
0.849999999999826 0.25 0.55
0.849999999999826 0.3 0.55
0.849999999999826 0.35 0.55
0.849999999999826 0.4 0.55
0.849999999999826 0.45 0.55
0.849999999999826 0.5 0.55
0.849999999999826 0.55 0.55
0.849999999999826 0.6 0.55
0.849999999999826 0.65 0.55
0.849999999999826 0.7 0.55
0.849999999999826 0.75 0.55
0.849999999999826 0.8 0.55
0.849999999999826 0.85 0.55
0.849999999999826 0.9 0.55
0.849999999999826 0.95 0.55
0.8999999999998334 0.05 0.55
0.8999999999998334 0.1 0.55
0.8999999999998334 0.15 0.55
0.8999999999998334 0.2 0.55
0.8999999999998334 0.25 0.55
0.8999999999998334 0.3 0.55
0.8999999999998334 0.35 0.55
0.8999999999998334 0.4 0.55
0.8999999999998334 0.45 0.55
0.8999999999998334 0.5 0.55
0.8999999999998334 0.55 0.55
0.8999999999998334 0.6 0.55
0.8999999999998334 0.65 0.55
0.8999999999998334 0.7 0.55
0.8999999999998334 0.75 0.55
0.8999999999998334 0.8 0.55
0.8999999999998334 0.85 0.55
0.8999999999998334 0.9 0.55
0.8999999999998334 0.95 0.55
0.9499999999999709 0.05 0.55
0.9499999999999709 0.1 0.55
0.9499999999999709 0.15 0.55
0.9499999999999709 0.2 0.55
0.9499999999999709 0.25 0.55
0.9499999999999709 0.3 0.55
0.9499999999999709 0.35 0.55
0.9499999999999709 0.4 0.55
0.9499999999999709 0.45 0.55
0.9499999999999709 0.5 0.55
0.9499999999999709 0.55 0.55
0.9499999999999709 0.6 0.55
0.9499999999999709 0.65 0.55
0.9499999999999709 0.7 0.55
0.9499999999999709 0.75 0.55
0.9499999999999709 0.8 0.55
0.9499999999999709 0.85 0.55
0.9499999999999709 0.9 0.55
0.9499999999999709 0.95 0.55
2 3334 0 10
2969
2970
2971
2972
2973
2974
2975
2976
2977
2978
0.7499999999999302 1 0.4838914880629722
0.7499999999999301 1 0.5169464453195014
0.7999999999998496 1 0.484447616686192
0.7999999999998495 1 0.5172247301987725
0.84999999999984 1 0.4850032565513612
0.8499999999998397 1 0.5175025896857809
0.8999999999998622 1 0.4855586867870741
0.899999999999862 1 0.5177802527047931
0.949999999999953 1 0.4861136597472353
0.949999999999953 1 0.5180575142337247
2 3343 0 95
2979
2980
2981
2982
2983
2984
2985
2986
2987
2988
2989
2990
2991
2992
2993
2994
2995
2996
2997
2998
2999
3000
3001
3002
3003
3004
3005
3006
3007
3008
3009
3010
3011
3012
3013
3014
3015
3016
3017
3018
3019
3020
3021
3022
3023
3024
3025
3026
3027
3028
3029
3030
3031
3032
3033
3034
3035
3036
3037
3038
3039
3040
3041
3042
3043
3044
3045
3046
3047
3048
3049
3050
3051
3052
3053
3054
3055
3056
3057
3058
3059
3060
3061
3062
3063
3064
3065
3066
3067
3068
3069
3070
3071
3072
3073
0.04999999999989623 0.05 0.5541666666666685
0.04999999999989623 0.1 0.5541666666666685
0.04999999999989623 0.15 0.5541666666666685
0.04999999999989623 0.2 0.5541666666666685
0.04999999999989623 0.25 0.5541666666666685
0.04999999999989623 0.3 0.5541666666666685
0.04999999999989623 0.35 0.5541666666666685
0.04999999999989623 0.4 0.5541666666666685
0.04999999999989623 0.45 0.5541666666666685
0.04999999999989623 0.5 0.5541666666666685
0.04999999999989623 0.55 0.5541666666666685
0.04999999999989623 0.6 0.5541666666666685
0.04999999999989623 0.65 0.5541666666666685
0.04999999999989623 0.7 0.5541666666666685
0.04999999999989623 0.75 0.5541666666666685
0.04999999999989623 0.8 0.5541666666666685
0.04999999999989623 0.85 0.5541666666666685
0.04999999999989623 0.9 0.5541666666666685
0.04999999999989623 0.95 0.5541666666666685
0.09999999999975305 0.05 0.5533333333333375
0.09999999999975305 0.1 0.5533333333333375
0.09999999999975305 0.15 0.5533333333333375
0.09999999999975305 0.2 0.5533333333333375
0.09999999999975305 0.25 0.5533333333333375
0.09999999999975305 0.3 0.5533333333333375
0.09999999999975305 0.35 0.5533333333333375
0.09999999999975305 0.4 0.5533333333333375
0.09999999999975305 0.45 0.5533333333333375
0.09999999999975305 0.5 0.5533333333333375
0.09999999999975305 0.55 0.5533333333333375
0.09999999999975305 0.6 0.5533333333333375
0.09999999999975305 0.65 0.5533333333333375
0.09999999999975305 0.7 0.5533333333333375
0.09999999999975305 0.75 0.5533333333333375
0.09999999999975305 0.8 0.5533333333333375
0.09999999999975305 0.85 0.5533333333333375
0.09999999999975305 0.9 0.5533333333333375
0.09999999999975305 0.95 0.5533333333333375
0.1499999999996184 0.05 0.5525000000000064
0.1499999999996184 0.1 0.5525000000000064
0.1499999999996184 0.15 0.5525000000000064
0.1499999999996184 0.2 0.5525000000000064
0.1499999999996184 0.25 0.5525000000000064
0.1499999999996184 0.3 0.5525000000000064
0.1499999999996184 0.35 0.5525000000000064
0.1499999999996184 0.4 0.5525000000000064
0.1499999999996184 0.45 0.5525000000000064
0.1499999999996184 0.5 0.5525000000000064
0.1499999999996184 0.55 0.5525000000000064
0.1499999999996184 0.6 0.5525000000000064
0.1499999999996184 0.65 0.5525000000000064
0.1499999999996184 0.7 0.5525000000000064
0.1499999999996184 0.75 0.5525000000000064
0.1499999999996184 0.8 0.5525000000000064
0.1499999999996184 0.85 0.5525000000000064
0.1499999999996184 0.9 0.5525000000000064
0.1499999999996184 0.95 0.5525000000000064
0.1999999999997475 0.05 0.551666666666671
0.1999999999997475 0.1 0.551666666666671
0.1999999999997475 0.15 0.551666666666671
0.1999999999997475 0.2 0.551666666666671
0.1999999999997475 0.25 0.551666666666671
0.1999999999997475 0.3 0.551666666666671
0.1999999999997475 0.35 0.551666666666671
0.1999999999997475 0.4 0.551666666666671
0.1999999999997475 0.45 0.551666666666671
0.1999999999997475 0.5 0.551666666666671
0.1999999999997475 0.55 0.551666666666671
0.1999999999997475 0.6 0.551666666666671
0.1999999999997475 0.65 0.551666666666671
0.1999999999997475 0.7 0.551666666666671
0.1999999999997475 0.75 0.551666666666671
0.1999999999997475 0.8 0.551666666666671
0.1999999999997475 0.85 0.551666666666671
0.1999999999997475 0.9 0.551666666666671
0.1999999999997475 0.95 0.551666666666671
0.2499999999998726 0.05 0.5508333333333355
0.2499999999998726 0.1 0.5508333333333355
0.2499999999998726 0.15 0.5508333333333355
0.2499999999998726 0.2 0.5508333333333355
0.2499999999998726 0.25 0.5508333333333355
0.2499999999998726 0.3 0.5508333333333355
0.2499999999998726 0.35 0.5508333333333355
0.2499999999998726 0.4 0.5508333333333355
0.2499999999998726 0.45 0.5508333333333355
0.2499999999998726 0.5 0.5508333333333355
0.2499999999998726 0.55 0.5508333333333355
0.2499999999998726 0.6 0.5508333333333355
0.2499999999998726 0.65 0.5508333333333355
0.2499999999998726 0.7 0.5508333333333355
0.2499999999998726 0.75 0.5508333333333355
0.2499999999998726 0.8 0.5508333333333355
0.2499999999998726 0.85 0.5508333333333355
0.2499999999998726 0.9 0.5508333333333355
0.2499999999998726 0.95 0.5508333333333355
2 3347 0 152
3074
3075
3076
3077
3078
3079
3080
3081
3082
3083
3084
3085
3086
3087
3088
3089
3090
3091
3092
3093
3094
3095
3096
3097
3098
3099
3100
3101
3102
3103
3104
3105
3106
3107
3108
3109
3110
3111
3112
3113
3114
3115
3116
3117
3118
3119
3120
3121
3122
3123
3124
3125
3126
3127
3128
3129
3130
3131
3132
3133
3134
3135
3136
3137
3138
3139
3140
3141
3142
3143
3144
3145
3146
3147
3148
3149
3150
3151
3152
3153
3154
3155
3156
3157
3158
3159
3160
3161
3162
3163
3164
3165
3166
3167
3168
3169
3170
3171
3172
3173
3174
3175
3176
3177
3178
3179
3180
3181
3182
3183
3184
3185
3186
3187
3188
3189
3190
3191
3192
3193
3194
3195
3196
3197
3198
3199
3200
3201
3202
3203
3204
3205
3206
3207
3208
3209
3210
3211
3212
3213
3214
3215
3216
3217
3218
3219
3220
3221
3222
3223
3224
3225
0.3 0.05 0.5999999999998242
0.3 0.1 0.5999999999998242
0.3 0.15 0.5999999999998242
0.3 0.2 0.5999999999998242
0.3 0.25 0.5999999999998242
0.3 0.3 0.5999999999998242
0.3 0.35 0.5999999999998242
0.3 0.4 0.5999999999998242
0.3 0.45 0.5999999999998242
0.3 0.5 0.5999999999998242
0.3 0.55 0.5999999999998242
0.3 0.6 0.5999999999998242
0.3 0.65 0.5999999999998242
0.3 0.7 0.5999999999998242
0.3 0.75 0.5999999999998242
0.3 0.8 0.5999999999998242
0.3 0.85 0.5999999999998242
0.3 0.9 0.5999999999998242
0.3 0.95 0.5999999999998242
0.3 0.05 0.6499999999996605
0.3 0.1 0.6499999999996605
0.3 0.15 0.6499999999996605
0.3 0.2 0.6499999999996605
0.3 0.25 0.6499999999996605
0.3 0.3 0.6499999999996605
0.3 0.35 0.6499999999996605
0.3 0.4 0.6499999999996605
0.3 0.45 0.6499999999996605
0.3 0.5 0.6499999999996605
0.3 0.55 0.6499999999996605
0.3 0.6 0.6499999999996605
0.3 0.65 0.6499999999996605
0.3 0.7 0.6499999999996605
0.3 0.75 0.6499999999996605
0.3 0.8 0.6499999999996605
0.3 0.85 0.6499999999996605
0.3 0.9 0.6499999999996605
0.3 0.95 0.6499999999996605
0.3 0.05 0.6999999999995016
0.3 0.1 0.6999999999995016
0.3 0.15 0.6999999999995016
0.3 0.2 0.6999999999995016
0.3 0.25 0.6999999999995016
0.3 0.3 0.6999999999995016
0.3 0.35 0.6999999999995016
0.3 0.4 0.6999999999995016
0.3 0.45 0.6999999999995016
0.3 0.5 0.6999999999995016
0.3 0.55 0.6999999999995016
0.3 0.6 0.6999999999995016
0.3 0.65 0.6999999999995016
0.3 0.7 0.6999999999995016
0.3 0.75 0.6999999999995016
0.3 0.8 0.6999999999995016
0.3 0.85 0.6999999999995016
0.3 0.9 0.6999999999995016
0.3 0.95 0.6999999999995016
0.3 0.05 0.7499999999994292
0.3 0.1 0.7499999999994292
0.3 0.15 0.7499999999994292
0.3 0.2 0.7499999999994292
0.3 0.25 0.7499999999994292
0.3 0.3 0.7499999999994292
0.3 0.35 0.7499999999994292
0.3 0.4 0.7499999999994292
0.3 0.45 0.7499999999994292
0.3 0.5 0.7499999999994292
0.3 0.55 0.7499999999994292
0.3 0.6 0.7499999999994292
0.3 0.65 0.7499999999994292
0.3 0.7 0.7499999999994292
0.3 0.75 0.7499999999994292
0.3 0.8 0.7499999999994292
0.3 0.85 0.7499999999994292
0.3 0.9 0.7499999999994292
0.3 0.95 0.7499999999994292
0.3 0.05 0.799999999999487
0.3 0.1 0.799999999999487
0.3 0.15 0.799999999999487
0.3 0.2 0.799999999999487
0.3 0.25 0.799999999999487
0.3 0.3 0.799999999999487
0.3 0.35 0.799999999999487
0.3 0.4 0.799999999999487
0.3 0.45 0.799999999999487
0.3 0.5 0.799999999999487
0.3 0.55 0.799999999999487
0.3 0.6 0.799999999999487
0.3 0.65 0.799999999999487
0.3 0.7 0.799999999999487
0.3 0.75 0.799999999999487
0.3 0.8 0.799999999999487
0.3 0.85 0.799999999999487
0.3 0.9 0.799999999999487
0.3 0.95 0.799999999999487
0.3 0.05 0.8499999999996677
0.3 0.1 0.8499999999996677
0.3 0.15 0.8499999999996677
0.3 0.2 0.8499999999996677
0.3 0.25 0.8499999999996677
0.3 0.3 0.8499999999996677
0.3 0.35 0.8499999999996677
0.3 0.4 0.8499999999996677
0.3 0.45 0.8499999999996677
0.3 0.5 0.8499999999996677
0.3 0.55 0.8499999999996677
0.3 0.6 0.8499999999996677
0.3 0.65 0.8499999999996677
0.3 0.7 0.8499999999996677
0.3 0.75 0.8499999999996677
0.3 0.8 0.8499999999996677
0.3 0.85 0.8499999999996677
0.3 0.9 0.8499999999996677
0.3 0.95 0.8499999999996677
0.3 0.05 0.8999999999998314
0.3 0.1 0.8999999999998314
0.3 0.15 0.8999999999998314
0.3 0.2 0.8999999999998314
0.3 0.25 0.8999999999998314
0.3 0.3 0.8999999999998314
0.3 0.35 0.8999999999998314
0.3 0.4 0.8999999999998314
0.3 0.45 0.8999999999998314
0.3 0.5 0.8999999999998314
0.3 0.55 0.8999999999998314
0.3 0.6 0.8999999999998314
0.3 0.65 0.8999999999998314
0.3 0.7 0.8999999999998314
0.3 0.75 0.8999999999998314
0.3 0.8 0.8999999999998314
0.3 0.85 0.8999999999998314
0.3 0.9 0.8999999999998314
0.3 0.95 0.8999999999998314
0.3 0.05 0.9499999999999157
0.3 0.1 0.9499999999999157
0.3 0.15 0.9499999999999157
0.3 0.2 0.9499999999999157
0.3 0.25 0.9499999999999157
0.3 0.3 0.9499999999999157
0.3 0.35 0.9499999999999157
0.3 0.4 0.9499999999999157
0.3 0.45 0.9499999999999157
0.3 0.5 0.9499999999999157
0.3 0.55 0.9499999999999157
0.3 0.6 0.9499999999999157
0.3 0.65 0.9499999999999157
0.3 0.7 0.9499999999999157
0.3 0.75 0.9499999999999157
0.3 0.8 0.9499999999999157
0.3 0.85 0.9499999999999157
0.3 0.9 0.9499999999999157
0.3 0.95 0.9499999999999157
2 3351 0 95
3226
3227
3228
3229
3230
3231
3232
3233
3234
3235
3236
3237
3238
3239
3240
3241
3242
3243
3244
3245
3246
3247
3248
3249
3250
3251
3252
3253
3254
3255
3256
3257
3258
3259
3260
3261
3262
3263
3264
3265
3266
3267
3268
3269
3270
3271
3272
3273
3274
3275
3276
3277
3278
3279
3280
3281
3282
3283
3284
3285
3286
3287
3288
3289
3290
3291
3292
3293
3294
3295
3296
3297
3298
3299
3300
3301
3302
3303
3304
3305
3306
3307
3308
3309
3310
3311
3312
3313
3314
3315
3316
3317
3318
3319
3320
0.04999999999989675 0.05 1
0.04999999999989675 0.1 1
0.04999999999989675 0.15 1
0.04999999999989675 0.2 1
0.04999999999989675 0.25 1
0.04999999999989675 0.3 1
0.04999999999989675 0.35 1
0.04999999999989675 0.4 1
0.04999999999989675 0.45 1
0.04999999999989675 0.5 1
0.04999999999989675 0.55 1
0.04999999999989675 0.6 1
0.04999999999989675 0.65 1
0.04999999999989675 0.7 1
0.04999999999989675 0.75 1
0.04999999999989675 0.8 1
0.04999999999989675 0.85 1
0.04999999999989675 0.9 1
0.04999999999989675 0.95 1
0.0999999999997538 0.05 1
0.0999999999997538 0.1 1
0.0999999999997538 0.15 1
0.0999999999997538 0.2 1
0.0999999999997538 0.25 1
0.0999999999997538 0.3 1
0.0999999999997538 0.35 1
0.0999999999997538 0.4 1
0.0999999999997538 0.45 1
0.0999999999997538 0.5 1
0.0999999999997538 0.55 1
0.0999999999997538 0.6 1
0.0999999999997538 0.65 1
0.0999999999997538 0.7 1
0.0999999999997538 0.75 1
0.0999999999997538 0.8 1
0.0999999999997538 0.85 1
0.0999999999997538 0.9 1
0.0999999999997538 0.95 1
0.149999999999619 0.05 1
0.149999999999619 0.1 1
0.149999999999619 0.15 1
0.149999999999619 0.2 1
0.149999999999619 0.25 1
0.149999999999619 0.3 1
0.149999999999619 0.35 1
0.149999999999619 0.4 1
0.149999999999619 0.45 1
0.149999999999619 0.5 1
0.149999999999619 0.55 1
0.149999999999619 0.6 1
0.149999999999619 0.65 1
0.149999999999619 0.7 1
0.149999999999619 0.75 1
0.149999999999619 0.8 1
0.149999999999619 0.85 1
0.149999999999619 0.9 1
0.149999999999619 0.95 1
0.1999999999997478 0.05 1
0.1999999999997478 0.1 1
0.1999999999997478 0.15 1
0.1999999999997478 0.2 1
0.1999999999997478 0.25 1
0.1999999999997478 0.3 1
0.1999999999997478 0.35 1
0.1999999999997478 0.4 1
0.1999999999997478 0.45 1
0.1999999999997478 0.5 1
0.1999999999997478 0.55 1
0.1999999999997478 0.6 1
0.1999999999997478 0.65 1
0.1999999999997478 0.7 1
0.1999999999997478 0.75 1
0.1999999999997478 0.8 1
0.1999999999997478 0.85 1
0.1999999999997478 0.9 1
0.1999999999997478 0.95 1
0.249999999999873 0.05 1
0.249999999999873 0.1 1
0.249999999999873 0.15 1
0.249999999999873 0.2 1
0.249999999999873 0.25 1
0.249999999999873 0.3 1
0.249999999999873 0.35 1
0.249999999999873 0.4 1
0.249999999999873 0.45 1
0.249999999999873 0.5 1
0.249999999999873 0.55 1
0.249999999999873 0.6 1
0.249999999999873 0.65 1
0.249999999999873 0.7 1
0.249999999999873 0.75 1
0.249999999999873 0.8 1
0.249999999999873 0.85 1
0.249999999999873 0.9 1
0.249999999999873 0.95 1
2 3355 0 152
3321
3322
3323
3324
3325
3326
3327
3328
3329
3330
3331
3332
3333
3334
3335
3336
3337
3338
3339
3340
3341
3342
3343
3344
3345
3346
3347
3348
3349
3350
3351
3352
3353
3354
3355
3356
3357
3358
3359
3360
3361
3362
3363
3364
3365
3366
3367
3368
3369
3370
3371
3372
3373
3374
3375
3376
3377
3378
3379
3380
3381
3382
3383
3384
3385
3386
3387
3388
3389
3390
3391
3392
3393
3394
3395
3396
3397
3398
3399
3400
3401
3402
3403
3404
3405
3406
3407
3408
3409
3410
3411
3412
3413
3414
3415
3416
3417
3418
3419
3420
3421
3422
3423
3424
3425
3426
3427
3428
3429
3430
3431
3432
3433
3434
3435
3436
3437
3438
3439
3440
3441
3442
3443
3444
3445
3446
3447
3448
3449
3450
3451
3452
3453
3454
3455
3456
3457
3458
3459
3460
3461
3462
3463
3464
3465
3466
3467
3468
3469
3470
3471
3472
0 0.05 0.6044444444443506
0 0.1 0.6044444444443506
0 0.15 0.6044444444443506
0 0.2 0.6044444444443506
0 0.25 0.6044444444443506
0 0.3 0.6044444444443506
0 0.35 0.6044444444443506
0 0.4 0.6044444444443506
0 0.45 0.6044444444443506
0 0.5 0.6044444444443506
0 0.55 0.6044444444443506
0 0.6 0.6044444444443506
0 0.65 0.6044444444443506
0 0.7 0.6044444444443506
0 0.75 0.6044444444443506
0 0.8 0.6044444444443506
0 0.85 0.6044444444443506
0 0.9 0.6044444444443506
0 0.95 0.6044444444443506
0 0.05 0.6538888888885928
0 0.1 0.6538888888885928
0 0.15 0.6538888888885928
0 0.2 0.6538888888885928
0 0.25 0.6538888888885928
0 0.3 0.6538888888885928
0 0.35 0.6538888888885928
0 0.4 0.6538888888885928
0 0.45 0.6538888888885928
0 0.5 0.6538888888885928
0 0.55 0.6538888888885928
0 0.6 0.6538888888885928
0 0.65 0.6538888888885928
0 0.7 0.6538888888885928
0 0.75 0.6538888888885928
0 0.8 0.6538888888885928
0 0.85 0.6538888888885928
0 0.9 0.6538888888885928
0 0.95 0.6538888888885928
0 0.05 0.7033333333329649
0 0.1 0.7033333333329649
0 0.15 0.7033333333329649
0 0.2 0.7033333333329649
0 0.25 0.7033333333329649
0 0.3 0.7033333333329649
0 0.35 0.7033333333329649
0 0.4 0.7033333333329649
0 0.45 0.7033333333329649
0 0.5 0.7033333333329649
0 0.55 0.7033333333329649
0 0.6 0.7033333333329649
0 0.65 0.7033333333329649
0 0.7 0.7033333333329649
0 0.75 0.7033333333329649
0 0.8 0.7033333333329649
0 0.85 0.7033333333329649
0 0.9 0.7033333333329649
0 0.95 0.7033333333329649
0 0.05 0.7527777777772311
0 0.1 0.7527777777772311
0 0.15 0.7527777777772311
0 0.2 0.7527777777772311
0 0.25 0.7527777777772311
0 0.3 0.7527777777772311
0 0.35 0.7527777777772311
0 0.4 0.7527777777772311
0 0.45 0.7527777777772311
0 0.5 0.7527777777772311
0 0.55 0.7527777777772311
0 0.6 0.7527777777772311
0 0.65 0.7527777777772311
0 0.7 0.7527777777772311
0 0.75 0.7527777777772311
0 0.8 0.7527777777772311
0 0.85 0.7527777777772311
0 0.9 0.7527777777772311
0 0.95 0.7527777777772311
0 0.05 0.8022222222216491
0 0.1 0.8022222222216491
0 0.15 0.8022222222216491
0 0.2 0.8022222222216491
0 0.25 0.8022222222216491
0 0.3 0.8022222222216491
0 0.35 0.8022222222216491
0 0.4 0.8022222222216491
0 0.45 0.8022222222216491
0 0.5 0.8022222222216491
0 0.55 0.8022222222216491
0 0.6 0.8022222222216491
0 0.65 0.8022222222216491
0 0.7 0.8022222222216491
0 0.75 0.8022222222216491
0 0.8 0.8022222222216491
0 0.85 0.8022222222216491
0 0.9 0.8022222222216491
0 0.95 0.8022222222216491
0 0.05 0.851666666666291
0 0.1 0.851666666666291
0 0.15 0.851666666666291
0 0.2 0.851666666666291
0 0.25 0.851666666666291
0 0.3 0.851666666666291
0 0.35 0.851666666666291
0 0.4 0.851666666666291
0 0.45 0.851666666666291
0 0.5 0.851666666666291
0 0.55 0.851666666666291
0 0.6 0.851666666666291
0 0.65 0.851666666666291
0 0.7 0.851666666666291
0 0.75 0.851666666666291
0 0.8 0.851666666666291
0 0.85 0.851666666666291
0 0.9 0.851666666666291
0 0.95 0.851666666666291
0 0.05 0.9011111111108872
0 0.1 0.9011111111108872
0 0.15 0.9011111111108872
0 0.2 0.9011111111108872
0 0.25 0.9011111111108872
0 0.3 0.9011111111108872
0 0.35 0.9011111111108872
0 0.4 0.9011111111108872
0 0.45 0.9011111111108872
0 0.5 0.9011111111108872
0 0.55 0.9011111111108872
0 0.6 0.9011111111108872
0 0.65 0.9011111111108872
0 0.7 0.9011111111108872
0 0.75 0.9011111111108872
0 0.8 0.9011111111108872
0 0.85 0.9011111111108872
0 0.9 0.9011111111108872
0 0.95 0.9011111111108872
0 0.05 0.9505555555554015
0 0.1 0.9505555555554015
0 0.15 0.9505555555554015
0 0.2 0.9505555555554015
0 0.25 0.9505555555554015
0 0.3 0.9505555555554015
0 0.35 0.9505555555554015
0 0.4 0.9505555555554015
0 0.45 0.9505555555554015
0 0.5 0.9505555555554015
0 0.55 0.9505555555554015
0 0.6 0.9505555555554015
0 0.65 0.9505555555554015
0 0.7 0.9505555555554015
0 0.75 0.9505555555554015
0 0.8 0.9505555555554015
0 0.85 0.9505555555554015
0 0.9 0.9505555555554015
0 0.95 0.9505555555554015
2 3356 0 40
3473
3474
3475
3476
3477
3478
3479
3480
3481
3482
3483
3484
3485
3486
3487
3488
3489
3490
3491
3492
3493
3494
3495
3496
3497
3498
3499
3500
3501
3502
3503
3504
3505
3506
3507
3508
3509
3510
3511
3512
0.04999999999992107 1 0.6037061358649919
0.04999999999994528 1 0.6532441410677479
0.04999999999996116 1 0.7027813777044128
0.04999999999996863 1 0.7523181826686919
0.04999999999996854 1 0.8018547371892697
0.04999999999996086 1 0.8513911449664533
0.04999999999994484 1 0.9009274677915022
0.04999999999992068 1 0.950463744145528
0.09999999999984169 1 0.6029665181471742
0.09999999999989849 1 0.6525977498970458
0.0999999999999306 1 0.7022277948254358
0.0999999999999449 1 0.7518571266258437
0.09999999999994484 1 0.8014860319188228
0.09999999999993037 1 0.8511146839193249
0.0999999999998981 1 0.900743188430169
0.09999999999984131 1 0.9503716120681939
0.149999999999793 1 0.6022261047471069
0.1499999999998762 1 0.6519501418592667
0.1499999999999179 1 0.7016728664523855
0.1499999999999356 1 0.7513947825493181
0.1499999999999357 1 0.8011162087591246
0.149999999999918 1 0.8508373421505173
0.1499999999998764 1 0.9005583045221428
0.1499999999997934 1 0.9502791729985819
0.1999999999998368 1 0.6014850237386477
0.1999999999998959 1 0.6513014471896875
0.1999999999999294 1 0.7011166865475249
0.1999999999999444 1 0.7509312096042566
0.1999999999999446 1 0.8007453023096404
0.1999999999999298 1 0.8505591387812864
0.1999999999998966 1 0.9003728258730073
0.1999999999998378 1 0.9501864310252427
0.2499999999999125 1 0.6007431518694639
0.2499999999999419 1 0.6506515392038962
0.2499999999999598 1 0.700559159442613
0.2499999999999681 1 0.7504663426652789
0.2499999999999682 1 0.800373270187173
0.2499999999999602 1 0.8502800472308387
0.2499999999999426 1 0.900186737008279
0.2499999999999134 1 0.950093379034056
2 3369 0 152
3513
3514
3515
3516
3517
3518
3519
3520
3521
3522
3523
3524
3525
3526
3527
3528
3529
3530
3531
3532
3533
3534
3535
3536
3537
3538
3539
3540
3541
3542
3543
3544
3545
3546
3547
3548
3549
3550
3551
3552
3553
3554
3555
3556
3557
3558
3559
3560
3561
3562
3563
3564
3565
3566
3567
3568
3569
3570
3571
3572
3573
3574
3575
3576
3577
3578
3579
3580
3581
3582
3583
3584
3585
3586
3587
3588
3589
3590
3591
3592
3593
3594
3595
3596
3597
3598
3599
3600
3601
3602
3603
3604
3605
3606
3607
3608
3609
3610
3611
3612
3613
3614
3615
3616
3617
3618
3619
3620
3621
3622
3623
3624
3625
3626
3627
3628
3629
3630
3631
3632
3633
3634
3635
3636
3637
3638
3639
3640
3641
3642
3643
3644
3645
3646
3647
3648
3649
3650
3651
3652
3653
3654
3655
3656
3657
3658
3659
3660
3661
3662
3663
3664
0.7 0.05 0.5999999999998242
0.7 0.1 0.5999999999998242
0.7 0.15 0.5999999999998242
0.7 0.2 0.5999999999998242
0.7 0.25 0.5999999999998242
0.7 0.3 0.5999999999998242
0.7 0.35 0.5999999999998242
0.7 0.4 0.5999999999998242
0.7 0.45 0.5999999999998242
0.7 0.5 0.5999999999998242
0.7 0.55 0.5999999999998242
0.7 0.6 0.5999999999998242
0.7 0.65 0.5999999999998242
0.7 0.7 0.5999999999998242
0.7 0.75 0.5999999999998242
0.7 0.8 0.5999999999998242
0.7 0.85 0.5999999999998242
0.7 0.9 0.5999999999998242
0.7 0.95 0.5999999999998242
0.7 0.05 0.6499999999996605
0.7 0.1 0.6499999999996605
0.7 0.15 0.6499999999996605
0.7 0.2 0.6499999999996605
0.7 0.25 0.6499999999996605
0.7 0.3 0.6499999999996605
0.7 0.35 0.6499999999996605
0.7 0.4 0.6499999999996605
0.7 0.45 0.6499999999996605
0.7 0.5 0.6499999999996605
0.7 0.55 0.6499999999996605
0.7 0.6 0.6499999999996605
0.7 0.65 0.6499999999996605
0.7 0.7 0.6499999999996605
0.7 0.75 0.6499999999996605
0.7 0.8 0.6499999999996605
0.7 0.85 0.6499999999996605
0.7 0.9 0.6499999999996605
0.7 0.95 0.6499999999996605
0.7 0.05 0.6999999999995016
0.7 0.1 0.6999999999995016
0.7 0.15 0.6999999999995016
0.7 0.2 0.6999999999995016
0.7 0.25 0.6999999999995016
0.7 0.3 0.6999999999995016
0.7 0.35 0.6999999999995016
0.7 0.4 0.6999999999995016
0.7 0.45 0.6999999999995016
0.7 0.5 0.6999999999995016
0.7 0.55 0.6999999999995016
0.7 0.6 0.6999999999995016
0.7 0.65 0.6999999999995016
0.7 0.7 0.6999999999995016
0.7 0.75 0.6999999999995016
0.7 0.8 0.6999999999995016
0.7 0.85 0.6999999999995016
0.7 0.9 0.6999999999995016
0.7 0.95 0.6999999999995016
0.7 0.05 0.7499999999994292
0.7 0.1 0.7499999999994292
0.7 0.15 0.7499999999994292
0.7 0.2 0.7499999999994292
0.7 0.25 0.7499999999994292
0.7 0.3 0.7499999999994292
0.7 0.35 0.7499999999994292
0.7 0.4 0.7499999999994292
0.7 0.45 0.7499999999994292
0.7 0.5 0.7499999999994292
0.7 0.55 0.7499999999994292
0.7 0.6 0.7499999999994292
0.7 0.65 0.7499999999994292
0.7 0.7 0.7499999999994292
0.7 0.75 0.7499999999994292
0.7 0.8 0.7499999999994292
0.7 0.85 0.7499999999994292
0.7 0.9 0.7499999999994292
0.7 0.95 0.7499999999994292
0.7 0.05 0.799999999999487
0.7 0.1 0.799999999999487
0.7 0.15 0.799999999999487
0.7 0.2 0.799999999999487
0.7 0.25 0.799999999999487
0.7 0.3 0.799999999999487
0.7 0.35 0.799999999999487
0.7 0.4 0.799999999999487
0.7 0.45 0.799999999999487
0.7 0.5 0.799999999999487
0.7 0.55 0.799999999999487
0.7 0.6 0.799999999999487
0.7 0.65 0.799999999999487
0.7 0.7 0.799999999999487
0.7 0.75 0.799999999999487
0.7 0.8 0.799999999999487
0.7 0.85 0.799999999999487
0.7 0.9 0.799999999999487
0.7 0.95 0.799999999999487
0.7 0.05 0.8499999999996677
0.7 0.1 0.8499999999996677
0.7 0.15 0.8499999999996677
0.7 0.2 0.8499999999996677
0.7 0.25 0.8499999999996677
0.7 0.3 0.8499999999996677
0.7 0.35 0.8499999999996677
0.7 0.4 0.8499999999996677
0.7 0.45 0.8499999999996677
0.7 0.5 0.8499999999996677
0.7 0.55 0.8499999999996677
0.7 0.6 0.8499999999996677
0.7 0.65 0.8499999999996677
0.7 0.7 0.8499999999996677
0.7 0.75 0.8499999999996677
0.7 0.8 0.8499999999996677
0.7 0.85 0.8499999999996677
0.7 0.9 0.8499999999996677
0.7 0.95 0.8499999999996677
0.7 0.05 0.8999999999998314
0.7 0.1 0.8999999999998314
0.7 0.15 0.8999999999998314
0.7 0.2 0.8999999999998314
0.7 0.25 0.8999999999998314
0.7 0.3 0.8999999999998314
0.7 0.35 0.8999999999998314
0.7 0.4 0.8999999999998314
0.7 0.45 0.8999999999998314
0.7 0.5 0.8999999999998314
0.7 0.55 0.8999999999998314
0.7 0.6 0.8999999999998314
0.7 0.65 0.8999999999998314
0.7 0.7 0.8999999999998314
0.7 0.75 0.8999999999998314
0.7 0.8 0.8999999999998314
0.7 0.85 0.8999999999998314
0.7 0.9 0.8999999999998314
0.7 0.95 0.8999999999998314
0.7 0.05 0.9499999999999157
0.7 0.1 0.9499999999999157
0.7 0.15 0.9499999999999157
0.7 0.2 0.9499999999999157
0.7 0.25 0.9499999999999157
0.7 0.3 0.9499999999999157
0.7 0.35 0.9499999999999157
0.7 0.4 0.9499999999999157
0.7 0.45 0.9499999999999157
0.7 0.5 0.9499999999999157
0.7 0.55 0.9499999999999157
0.7 0.6 0.9499999999999157
0.7 0.65 0.9499999999999157
0.7 0.7 0.9499999999999157
0.7 0.75 0.9499999999999157
0.7 0.8 0.9499999999999157
0.7 0.85 0.9499999999999157
0.7 0.9 0.9499999999999157
0.7 0.95 0.9499999999999157
2 3373 0 133
3665
3666
3667
3668
3669
3670
3671
3672
3673
3674
3675
3676
3677
3678
3679
3680
3681
3682
3683
3684
3685
3686
3687
3688
3689
3690
3691
3692
3693
3694
3695
3696
3697
3698
3699
3700
3701
3702
3703
3704
3705
3706
3707
3708
3709
3710
3711
3712
3713
3714
3715
3716
3717
3718
3719
3720
3721
3722
3723
3724
3725
3726
3727
3728
3729
3730
3731
3732
3733
3734
3735
3736
3737
3738
3739
3740
3741
3742
3743
3744
3745
3746
3747
3748
3749
3750
3751
3752
3753
3754
3755
3756
3757
3758
3759
3760
3761
3762
3763
3764
3765
3766
3767
3768
3769
3770
3771
3772
3773
3774
3775
3776
3777
3778
3779
3780
3781
3782
3783
3784
3785
3786
3787
3788
3789
3790
3791
3792
3793
3794
3795
3796
3797
0.3499999999999349 0.05 1
0.3499999999999349 0.1 1
0.3499999999999349 0.15 1
0.3499999999999349 0.2 1
0.3499999999999349 0.25 1
0.3499999999999349 0.3 1
0.3499999999999349 0.35 1
0.3499999999999349 0.4 1
0.3499999999999349 0.45 1
0.3499999999999349 0.5 1
0.3499999999999349 0.55 1
0.3499999999999349 0.6 1
0.3499999999999349 0.65 1
0.3499999999999349 0.7 1
0.3499999999999349 0.75 1
0.3499999999999349 0.8 1
0.3499999999999349 0.85 1
0.3499999999999349 0.9 1
0.3499999999999349 0.95 1
0.399999999999783 0.05 1
0.399999999999783 0.1 1
0.399999999999783 0.15 1
0.399999999999783 0.2 1
0.399999999999783 0.25 1
0.399999999999783 0.3 1
0.399999999999783 0.35 1
0.399999999999783 0.4 1
0.399999999999783 0.45 1
0.399999999999783 0.5 1
0.399999999999783 0.55 1
0.399999999999783 0.6 1
0.399999999999783 0.65 1
0.399999999999783 0.7 1
0.399999999999783 0.75 1
0.399999999999783 0.8 1
0.399999999999783 0.85 1
0.399999999999783 0.9 1
0.399999999999783 0.95 1
0.4499999999996312 0.05 1
0.4499999999996312 0.1 1
0.4499999999996312 0.15 1
0.4499999999996312 0.2 1
0.4499999999996312 0.25 1
0.4499999999996312 0.3 1
0.4499999999996312 0.35 1
0.4499999999996312 0.4 1
0.4499999999996312 0.45 1
0.4499999999996312 0.5 1
0.4499999999996312 0.55 1
0.4499999999996312 0.6 1
0.4499999999996312 0.65 1
0.4499999999996312 0.7 1
0.4499999999996312 0.75 1
0.4499999999996312 0.8 1
0.4499999999996312 0.85 1
0.4499999999996312 0.9 1
0.4499999999996312 0.95 1
0.4999999999995011 0.05 1
0.4999999999995011 0.1 1
0.4999999999995011 0.15 1
0.4999999999995011 0.2 1
0.4999999999995011 0.25 1
0.4999999999995011 0.3 1
0.4999999999995011 0.35 1
0.4999999999995011 0.4 1
0.4999999999995011 0.45 1
0.4999999999995011 0.5 1
0.4999999999995011 0.55 1
0.4999999999995011 0.6 1
0.4999999999995011 0.65 1
0.4999999999995011 0.7 1
0.4999999999995011 0.75 1
0.4999999999995011 0.8 1
0.4999999999995011 0.85 1
0.4999999999995011 0.9 1
0.4999999999995011 0.95 1
0.5499999999996312 0.05 1
0.5499999999996312 0.1 1
0.5499999999996312 0.15 1
0.5499999999996312 0.2 1
0.5499999999996312 0.25 1
0.5499999999996312 0.3 1
0.5499999999996312 0.35 1
0.5499999999996312 0.4 1
0.5499999999996312 0.45 1
0.5499999999996312 0.5 1
0.5499999999996312 0.55 1
0.5499999999996312 0.6 1
0.5499999999996312 0.65 1
0.5499999999996312 0.7 1
0.5499999999996312 0.75 1
0.5499999999996312 0.8 1
0.5499999999996312 0.85 1
0.5499999999996312 0.9 1
0.5499999999996312 0.95 1
0.5999999999997396 0.05 1
0.5999999999997396 0.1 1
0.5999999999997396 0.15 1
0.5999999999997396 0.2 1
0.5999999999997396 0.25 1
0.5999999999997396 0.3 1
0.5999999999997396 0.35 1
0.5999999999997396 0.4 1
0.5999999999997396 0.45 1
0.5999999999997396 0.5 1
0.5999999999997396 0.55 1
0.5999999999997396 0.6 1
0.5999999999997396 0.65 1
0.5999999999997396 0.7 1
0.5999999999997396 0.75 1
0.5999999999997396 0.8 1
0.5999999999997396 0.85 1
0.5999999999997396 0.9 1
0.5999999999997396 0.95 1
0.6499999999998698 0.05 1
0.6499999999998698 0.1 1
0.6499999999998698 0.15 1
0.6499999999998698 0.2 1
0.6499999999998698 0.25 1
0.6499999999998698 0.3 1
0.6499999999998698 0.35 1
0.6499999999998698 0.4 1
0.6499999999998698 0.45 1
0.6499999999998698 0.5 1
0.6499999999998698 0.55 1
0.6499999999998698 0.6 1
0.6499999999998698 0.65 1
0.6499999999998698 0.7 1
0.6499999999998698 0.75 1
0.6499999999998698 0.8 1
0.6499999999998698 0.85 1
0.6499999999998698 0.9 1
0.6499999999998698 0.95 1
2 3378 0 56
3798
3799
3800
3801
3802
3803
3804
3805
3806
3807
3808
3809
3810
3811
3812
3813
3814
3815
3816
3817
3818
3819
3820
3821
3822
3823
3824
3825
3826
3827
3828
3829
3830
3831
3832
3833
3834
3835
3836
3837
3838
3839
3840
3841
3842
3843
3844
3845
3846
3847
3848
3849
3850
3851
3852
3853
0.3499999999999244 1 0.5999999999998649
0.3499999999999338 1 0.6499999999997419
0.349999999999944 1 0.6999999999996432
0.3499999999999497 1 0.7499999999996009
0.3499999999999497 1 0.7999999999996321
0.349999999999944 1 0.8499999999997256
0.3499999999999338 1 0.8999999999998303
0.3499999999999244 1 0.9499999999999171
0.3999999999998287 1 0.5999999999998935
0.3999999999998667 1 0.649999999999799
0.3999999999998924 1 0.699999999999729
0.3999999999999053 1 0.7499999999996989
0.3999999999999053 1 0.7999999999997158
0.3999999999998926 1 0.8499999999997723
0.3999999999998669 1 0.8999999999998465
0.3999999999998288 1 0.9499999999999229
0.4499999999997407 1 0.5999999999999102
0.4499999999998122 1 0.6499999999998316
0.4499999999998542 1 0.699999999999775
0.4499999999998736 1 0.74999999999975
0.4499999999998735 1 0.7999999999997603
0.4499999999998542 1 0.8499999999998007
0.4499999999998122 1 0.8999999999998602
0.4499999999997407 1 0.9499999999999283
0.4999999999996907 1 0.5999999999999156
0.4999999999997871 1 0.649999999999842
0.4999999999998383 1 0.6999999999997895
0.4999999999998611 1 0.7499999999997659
0.4999999999998611 1 0.7999999999997742
0.4999999999998384 1 0.8499999999998102
0.4999999999997872 1 0.8999999999998654
0.4999999999996909 1 0.9499999999999306
0.5499999999997341 1 0.5999999999999102
0.5499999999998072 1 0.6499999999998316
0.5499999999998511 1 0.699999999999775
0.5499999999998714 1 0.7499999999997501
0.5499999999998715 1 0.7999999999997603
0.5499999999998513 1 0.8499999999998008
0.5499999999998073 1 0.89999999999986
0.5499999999997343 1 0.9499999999999282
0.5999999999998077 1 0.5999999999998935
0.5999999999998566 1 0.6499999999997991
0.5999999999998873 1 0.6999999999997292
0.5999999999999018 1 0.7499999999996989
0.5999999999999019 1 0.7999999999997159
0.5999999999998874 1 0.8499999999997723
0.5999999999998566 1 0.8999999999998464
0.5999999999998077 1 0.9499999999999229
0.6499999999999003 1 0.599999999999865
0.6499999999999242 1 0.6499999999997421
0.6499999999999396 1 0.6999999999996435
0.6499999999999472 1 0.749999999999601
0.6499999999999473 1 0.7999999999996323
0.6499999999999397 1 0.8499999999997255
0.6499999999999242 1 0.8999999999998302
0.6499999999999003 1 0.9499999999999171
2 3391 0 152
3854
3855
3856
3857
3858
3859
3860
3861
3862
3863
3864
3865
3866
3867
3868
3869
3870
3871
3872
3873
3874
3875
3876
3877
3878
3879
3880
3881
3882
3883
3884
3885
3886
3887
3888
3889
3890
3891
3892
3893
3894
3895
3896
3897
3898
3899
3900
3901
3902
3903
3904
3905
3906
3907
3908
3909
3910
3911
3912
3913
3914
3915
3916
3917
3918
3919
3920
3921
3922
3923
3924
3925
3926
3927
3928
3929
3930
3931
3932
3933
3934
3935
3936
3937
3938
3939
3940
3941
3942
3943
3944
3945
3946
3947
3948
3949
3950
3951
3952
3953
3954
3955
3956
3957
3958
3959
3960
3961
3962
3963
3964
3965
3966
3967
3968
3969
3970
3971
3972
3973
3974
3975
3976
3977
3978
3979
3980
3981
3982
3983
3984
3985
3986
3987
3988
3989
3990
3991
3992
3993
3994
3995
3996
3997
3998
3999
4000
4001
4002
4003
4004
4005
1 0.05 0.5999999999998242
1 0.1 0.5999999999998242
1 0.15 0.5999999999998242
1 0.2 0.5999999999998242
1 0.25 0.5999999999998242
1 0.3 0.5999999999998242
1 0.35 0.5999999999998242
1 0.4 0.5999999999998242
1 0.45 0.5999999999998242
1 0.5 0.5999999999998242
1 0.55 0.5999999999998242
1 0.6 0.5999999999998242
1 0.65 0.5999999999998242
1 0.7 0.5999999999998242
1 0.75 0.5999999999998242
1 0.8 0.5999999999998242
1 0.85 0.5999999999998242
1 0.9 0.5999999999998242
1 0.95 0.5999999999998242
1 0.05 0.6499999999996605
1 0.1 0.6499999999996605
1 0.15 0.6499999999996605
1 0.2 0.6499999999996605
1 0.25 0.6499999999996605
1 0.3 0.6499999999996605
1 0.35 0.6499999999996605
1 0.4 0.6499999999996605
1 0.45 0.6499999999996605
1 0.5 0.6499999999996605
1 0.55 0.6499999999996605
1 0.6 0.6499999999996605
1 0.65 0.6499999999996605
1 0.7 0.6499999999996605
1 0.75 0.6499999999996605
1 0.8 0.6499999999996605
1 0.85 0.6499999999996605
1 0.9 0.6499999999996605
1 0.95 0.6499999999996605
1 0.05 0.6999999999995016
1 0.1 0.6999999999995016
1 0.15 0.6999999999995016
1 0.2 0.6999999999995016
1 0.25 0.6999999999995016
1 0.3 0.6999999999995016
1 0.35 0.6999999999995016
1 0.4 0.6999999999995016
1 0.45 0.6999999999995016
1 0.5 0.6999999999995016
1 0.55 0.6999999999995016
1 0.6 0.6999999999995016
1 0.65 0.6999999999995016
1 0.7 0.6999999999995016
1 0.75 0.6999999999995016
1 0.8 0.6999999999995016
1 0.85 0.6999999999995016
1 0.9 0.6999999999995016
1 0.95 0.6999999999995016
1 0.05 0.7499999999994292
1 0.1 0.7499999999994292
1 0.15 0.7499999999994292
1 0.2 0.7499999999994292
1 0.25 0.7499999999994292
1 0.3 0.7499999999994292
1 0.35 0.7499999999994292
1 0.4 0.7499999999994292
1 0.45 0.7499999999994292
1 0.5 0.7499999999994292
1 0.55 0.7499999999994292
1 0.6 0.7499999999994292
1 0.65 0.7499999999994292
1 0.7 0.7499999999994292
1 0.75 0.7499999999994292
1 0.8 0.7499999999994292
1 0.85 0.7499999999994292
1 0.9 0.7499999999994292
1 0.95 0.7499999999994292
1 0.05 0.799999999999487
1 0.1 0.799999999999487
1 0.15 0.799999999999487
1 0.2 0.799999999999487
1 0.25 0.799999999999487
1 0.3 0.799999999999487
1 0.35 0.799999999999487
1 0.4 0.799999999999487
1 0.45 0.799999999999487
1 0.5 0.799999999999487
1 0.55 0.799999999999487
1 0.6 0.799999999999487
1 0.65 0.799999999999487
1 0.7 0.799999999999487
1 0.75 0.799999999999487
1 0.8 0.799999999999487
1 0.85 0.799999999999487
1 0.9 0.799999999999487
1 0.95 0.799999999999487
1 0.05 0.8499999999996677
1 0.1 0.8499999999996677
1 0.15 0.8499999999996677
1 0.2 0.8499999999996677
1 0.25 0.8499999999996677
1 0.3 0.8499999999996677
1 0.35 0.8499999999996677
1 0.4 0.8499999999996677
1 0.45 0.8499999999996677
1 0.5 0.8499999999996677
1 0.55 0.8499999999996677
1 0.6 0.8499999999996677
1 0.65 0.8499999999996677
1 0.7 0.8499999999996677
1 0.75 0.8499999999996677
1 0.8 0.8499999999996677
1 0.85 0.8499999999996677
1 0.9 0.8499999999996677
1 0.95 0.8499999999996677
1 0.05 0.8999999999998314
1 0.1 0.8999999999998314
1 0.15 0.8999999999998314
1 0.2 0.8999999999998314
1 0.25 0.8999999999998314
1 0.3 0.8999999999998314
1 0.35 0.8999999999998314
1 0.4 0.8999999999998314
1 0.45 0.8999999999998314
1 0.5 0.8999999999998314
1 0.55 0.8999999999998314
1 0.6 0.8999999999998314
1 0.65 0.8999999999998314
1 0.7 0.8999999999998314
1 0.75 0.8999999999998314
1 0.8 0.8999999999998314
1 0.85 0.8999999999998314
1 0.9 0.8999999999998314
1 0.95 0.8999999999998314
1 0.05 0.9499999999999157
1 0.1 0.9499999999999157
1 0.15 0.9499999999999157
1 0.2 0.9499999999999157
1 0.25 0.9499999999999157
1 0.3 0.9499999999999157
1 0.35 0.9499999999999157
1 0.4 0.9499999999999157
1 0.45 0.9499999999999157
1 0.5 0.9499999999999157
1 0.55 0.9499999999999157
1 0.6 0.9499999999999157
1 0.65 0.9499999999999157
1 0.7 0.9499999999999157
1 0.75 0.9499999999999157
1 0.8 0.9499999999999157
1 0.85 0.9499999999999157
1 0.9 0.9499999999999157
1 0.95 0.9499999999999157
2 3395 0 95
4006
4007
4008
4009
4010
4011
4012
4013
4014
4015
4016
4017
4018
4019
4020
4021
4022
4023
4024
4025
4026
4027
4028
4029
4030
4031
4032
4033
4034
4035
4036
4037
4038
4039
4040
4041
4042
4043
4044
4045
4046
4047
4048
4049
4050
4051
4052
4053
4054
4055
4056
4057
4058
4059
4060
4061
4062
4063
4064
4065
4066
4067
4068
4069
4070
4071
4072
4073
4074
4075
4076
4077
4078
4079
4080
4081
4082
4083
4084
4085
4086
4087
4088
4089
4090
4091
4092
4093
4094
4095
4096
4097
4098
4099
4100
0.7499999999999348 0.05 1
0.7499999999999348 0.1 1
0.7499999999999348 0.15 1
0.7499999999999348 0.2 1
0.7499999999999348 0.25 1
0.7499999999999348 0.3 1
0.7499999999999348 0.35 1
0.7499999999999348 0.4 1
0.7499999999999348 0.45 1
0.7499999999999348 0.5 1
0.7499999999999348 0.55 1
0.7499999999999348 0.6 1
0.7499999999999348 0.65 1
0.7499999999999348 0.7 1
0.7499999999999348 0.75 1
0.7499999999999348 0.8 1
0.7499999999999348 0.85 1
0.7499999999999348 0.9 1
0.7499999999999348 0.95 1
0.799999999999819 0.05 1
0.799999999999819 0.1 1
0.799999999999819 0.15 1
0.799999999999819 0.2 1
0.799999999999819 0.25 1
0.799999999999819 0.3 1
0.799999999999819 0.35 1
0.799999999999819 0.4 1
0.799999999999819 0.45 1
0.799999999999819 0.5 1
0.799999999999819 0.55 1
0.799999999999819 0.6 1
0.799999999999819 0.65 1
0.799999999999819 0.7 1
0.799999999999819 0.75 1
0.799999999999819 0.8 1
0.799999999999819 0.85 1
0.799999999999819 0.9 1
0.799999999999819 0.95 1
0.849999999999826 0.05 1
0.849999999999826 0.1 1
0.849999999999826 0.15 1
0.849999999999826 0.2 1
0.849999999999826 0.25 1
0.849999999999826 0.3 1
0.849999999999826 0.35 1
0.849999999999826 0.4 1
0.849999999999826 0.45 1
0.849999999999826 0.5 1
0.849999999999826 0.55 1
0.849999999999826 0.6 1
0.849999999999826 0.65 1
0.849999999999826 0.7 1
0.849999999999826 0.75 1
0.849999999999826 0.8 1
0.849999999999826 0.85 1
0.849999999999826 0.9 1
0.849999999999826 0.95 1
0.8999999999998334 0.05 1
0.8999999999998334 0.1 1
0.8999999999998334 0.15 1
0.8999999999998334 0.2 1
0.8999999999998334 0.25 1
0.8999999999998334 0.3 1
0.8999999999998334 0.35 1
0.8999999999998334 0.4 1
0.8999999999998334 0.45 1
0.8999999999998334 0.5 1
0.8999999999998334 0.55 1
0.8999999999998334 0.6 1
0.8999999999998334 0.65 1
0.8999999999998334 0.7 1
0.8999999999998334 0.75 1
0.8999999999998334 0.8 1
0.8999999999998334 0.85 1
0.8999999999998334 0.9 1
0.8999999999998334 0.95 1
0.9499999999999709 0.05 1
0.9499999999999709 0.1 1
0.9499999999999709 0.15 1
0.9499999999999709 0.2 1
0.9499999999999709 0.25 1
0.9499999999999709 0.3 1
0.9499999999999709 0.35 1
0.9499999999999709 0.4 1
0.9499999999999709 0.45 1
0.9499999999999709 0.5 1
0.9499999999999709 0.55 1
0.9499999999999709 0.6 1
0.9499999999999709 0.65 1
0.9499999999999709 0.7 1
0.9499999999999709 0.75 1
0.9499999999999709 0.8 1
0.9499999999999709 0.85 1
0.9499999999999709 0.9 1
0.9499999999999709 0.95 1
2 3400 0 40
4101
4102
4103
4104
4105
4106
4107
4108
4109
4110
4111
4112
4113
4114
4115
4116
4117
4118
4119
4120
4121
4122
4123
4124
4125
4126
4127
4128
4129
4130
4131
4132
4133
4134
4135
4136
4137
4138
4139
4140
0.7499999999999504 1 0.599999999999858
0.7499999999999668 1 0.6499999999997289
0.7499999999999771 1 0.6999999999996263
0.7499999999999819 1 0.7499999999995824
0.749999999999982 1 0.7999999999996149
0.7499999999999772 1 0.8499999999997113
0.7499999999999669 1 0.8999999999998205
0.7499999999999505 1 0.9499999999999122
0.7999999999999001 1 0.5999999999998789
0.7999999999999399 1 0.6499999999997714
0.7999999999999599 1 0.6999999999996924
0.7999999999999687 1 0.7499999999996589
0.799999999999969 1 0.7999999999996785
0.79999999999996 1 0.8499999999997424
0.7999999999999399 1 0.8999999999998266
0.7999999999999002 1 0.9499999999999135
0.8499999999998915 1 0.5999999999998858
0.8499999999999324 1 0.6499999999997854
0.8499999999999546 1 0.6999999999997131
0.8499999999999642 1 0.7499999999996823
0.8499999999999642 1 0.7999999999996983
0.8499999999999543 1 0.8499999999997533
0.8499999999999323 1 0.8999999999998303
0.8499999999998914 1 0.9499999999999142
0.8999999999999078 1 0.599999999999879
0.8999999999999432 1 0.6499999999997715
0.8999999999999616 1 0.6999999999996926
0.8999999999999696 1 0.7499999999996591
0.8999999999999694 1 0.7999999999996785
0.8999999999999614 1 0.8499999999997424
0.8999999999999431 1 0.8999999999998267
0.8999999999999074 1 0.9499999999999134
0.9499999999999624 1 0.5999999999998581
0.949999999999971 1 0.6499999999997291
0.949999999999979 1 0.6999999999996265
0.949999999999983 1 0.7499999999995826
0.9499999999999829 1 0.7999999999996149
0.9499999999999788 1 0.8499999999997113
0.949999999999971 1 0.8999999999998203
0.9499999999999623 1 0.9499999999999124
3 1 0 760
4141
4142
4143
4144
4145
4146
4147
4148
4149
4150
4151
4152
4153
4154
4155
4156
4157
4158
4159
4160
4161
4162
4163
4164
4165
4166
4167
4168
4169
4170
4171
4172
4173
4174
4175
4176
4177
4178
4179
4180
4181
4182
4183
4184
4185
4186
4187
4188
4189
4190
4191
4192
4193
4194
4195
4196
4197
4198
4199
4200
4201
4202
4203
4204
4205
4206
4207
4208
4209
4210
4211
4212
4213
4214
4215
4216
4217
4218
4219
4220
4221
4222
4223
4224
4225
4226
4227
4228
4229
4230
4231
4232
4233
4234
4235
4236
4237
4238
4239
4240
4241
4242
4243
4244
4245
4246
4247
4248
4249
4250
4251
4252
4253
4254
4255
4256
4257
4258
4259
4260
4261
4262
4263
4264
4265
4266
4267
4268
4269
4270
4271
4272
4273
4274
4275
4276
4277
4278
4279
4280
4281
4282
4283
4284
4285
4286
4287
4288
4289
4290
4291
4292
4293
4294
4295
4296
4297
4298
4299
4300
4301
4302
4303
4304
4305
4306
4307
4308
4309
4310
4311
4312
4313
4314
4315
4316
4317
4318
4319
4320
4321
4322
4323
4324
4325
4326
4327
4328
4329
4330
4331
4332
4333
4334
4335
4336
4337
4338
4339
4340
4341
4342
4343
4344
4345
4346
4347
4348
4349
4350
4351
4352
4353
4354
4355
4356
4357
4358
4359
4360
4361
4362
4363
4364
4365
4366
4367
4368
4369
4370
4371
4372
4373
4374
4375
4376
4377
4378
4379
4380
4381
4382
4383
4384
4385
4386
4387
4388
4389
4390
4391
4392
4393
4394
4395
4396
4397
4398
4399
4400
4401
4402
4403
4404
4405
4406
4407
4408
4409
4410
4411
4412
4413
4414
4415
4416
4417
4418
4419
4420
4421
4422
4423
4424
4425
4426
4427
4428
4429
4430
4431
4432
4433
4434
4435
4436
4437
4438
4439
4440
4441
4442
4443
4444
4445
4446
4447
4448
4449
4450
4451
4452
4453
4454
4455
4456
4457
4458
4459
4460
4461
4462
4463
4464
4465
4466
4467
4468
4469
4470
4471
4472
4473
4474
4475
4476
4477
4478
4479
4480
4481
4482
4483
4484
4485
4486
4487
4488
4489
4490
4491
4492
4493
4494
4495
4496
4497
4498
4499
4500
4501
4502
4503
4504
4505
4506
4507
4508
4509
4510
4511
4512
4513
4514
4515
4516
4517
4518
4519
4520
4521
4522
4523
4524
4525
4526
4527
4528
4529
4530
4531
4532
4533
4534
4535
4536
4537
4538
4539
4540
4541
4542
4543
4544
4545
4546
4547
4548
4549
4550
4551
4552
4553
4554
4555
4556
4557
4558
4559
4560
4561
4562
4563
4564
4565
4566
4567
4568
4569
4570
4571
4572
4573
4574
4575
4576
4577
4578
4579
4580
4581
4582
4583
4584
4585
4586
4587
4588
4589
4590
4591
4592
4593
4594
4595
4596
4597
4598
4599
4600
4601
4602
4603
4604
4605
4606
4607
4608
4609
4610
4611
4612
4613
4614
4615
4616
4617
4618
4619
4620
4621
4622
4623
4624
4625
4626
4627
4628
4629
4630
4631
4632
4633
4634
4635
4636
4637
4638
4639
4640
4641
4642
4643
4644
4645
4646
4647
4648
4649
4650
4651
4652
4653
4654
4655
4656
4657
4658
4659
4660
4661
4662
4663
4664
4665
4666
4667
4668
4669
4670
4671
4672
4673
4674
4675
4676
4677
4678
4679
4680
4681
4682
4683
4684
4685
4686
4687
4688
4689
4690
4691
4692
4693
4694
4695
4696
4697
4698
4699
4700
4701
4702
4703
4704
4705
4706
4707
4708
4709
4710
4711
4712
4713
4714
4715
4716
4717
4718
4719
4720
4721
4722
4723
4724
4725
4726
4727
4728
4729
4730
4731
4732
4733
4734
4735
4736
4737
4738
4739
4740
4741
4742
4743
4744
4745
4746
4747
4748
4749
4750
4751
4752
4753
4754
4755
4756
4757
4758
4759
4760
4761
4762
4763
4764
4765
4766
4767
4768
4769
4770
4771
4772
4773
4774
4775
4776
4777
4778
4779
4780
4781
4782
4783
4784
4785
4786
4787
4788
4789
4790
4791
4792
4793
4794
4795
4796
4797
4798
4799
4800
4801
4802
4803
4804
4805
4806
4807
4808
4809
4810
4811
4812
4813
4814
4815
4816
4817
4818
4819
4820
4821
4822
4823
4824
4825
4826
4827
4828
4829
4830
4831
4832
4833
4834
4835
4836
4837
4838
4839
4840
4841
4842
4843
4844
4845
4846
4847
4848
4849
4850
4851
4852
4853
4854
4855
4856
4857
4858
4859
4860
4861
4862
4863
4864
4865
4866
4867
4868
4869
4870
4871
4872
4873
4874
4875
4876
4877
4878
4879
4880
4881
4882
4883
4884
4885
4886
4887
4888
4889
4890
4891
4892
4893
4894
4895
4896
4897
4898
4899
4900
0.049999999999921 0.05 0.04999999999990427
0.049999999999921 0.1 0.04999999999990427
0.049999999999921 0.15 0.04999999999990427
0.049999999999921 0.2 0.04999999999990427
0.049999999999921 0.25 0.04999999999990427
0.049999999999921 0.3 0.04999999999990427
0.049999999999921 0.35 0.04999999999990427
0.049999999999921 0.4 0.04999999999990427
0.049999999999921 0.45 0.04999999999990427
0.049999999999921 0.5 0.04999999999990427
0.049999999999921 0.55 0.04999999999990427
0.049999999999921 0.6 0.04999999999990427
0.049999999999921 0.65 0.04999999999990427
0.049999999999921 0.7 0.04999999999990427
0.049999999999921 0.75 0.04999999999990427
0.049999999999921 0.8 0.04999999999990427
0.049999999999921 0.85 0.04999999999990427
0.049999999999921 0.9 0.04999999999990427
0.049999999999921 0.95 0.04999999999990427
0.04999999999994531 0.05 0.09999999999979836
0.04999999999994531 0.1 0.09999999999979836
0.04999999999994531 0.15 0.09999999999979836
0.04999999999994531 0.2 0.09999999999979836
0.04999999999994531 0.25 0.09999999999979836
0.04999999999994531 0.3 0.09999999999979836
0.04999999999994531 0.35 0.09999999999979836
0.04999999999994531 0.4 0.09999999999979836
0.04999999999994531 0.45 0.09999999999979836
0.04999999999994531 0.5 0.09999999999979836
0.04999999999994531 0.55 0.09999999999979836
0.04999999999994531 0.6 0.09999999999979836
0.04999999999994531 0.65 0.09999999999979836
0.04999999999994531 0.7 0.09999999999979836
0.04999999999994531 0.75 0.09999999999979836
0.04999999999994531 0.8 0.09999999999979836
0.04999999999994531 0.85 0.09999999999979836
0.04999999999994531 0.9 0.09999999999979836
0.04999999999994531 0.95 0.09999999999979836
0.04999999999996135 0.05 0.1499999999996969
0.04999999999996135 0.1 0.1499999999996969
0.04999999999996135 0.15 0.1499999999996969
0.04999999999996135 0.2 0.1499999999996969
0.04999999999996135 0.25 0.1499999999996969
0.04999999999996135 0.3 0.1499999999996969
0.04999999999996135 0.35 0.1499999999996969
0.04999999999996135 0.4 0.1499999999996969
0.04999999999996135 0.45 0.1499999999996969
0.04999999999996135 0.5 0.1499999999996969
0.04999999999996135 0.55 0.1499999999996969
0.04999999999996135 0.6 0.1499999999996969
0.04999999999996135 0.65 0.1499999999996969
0.04999999999996135 0.7 0.1499999999996969
0.04999999999996135 0.75 0.1499999999996969
0.04999999999996135 0.8 0.1499999999996969
0.04999999999996135 0.85 0.1499999999996969
0.04999999999996135 0.9 0.1499999999996969
0.04999999999996135 0.95 0.1499999999996969
0.04999999999996897 0.05 0.199999999999621
0.04999999999996897 0.1 0.199999999999621
0.04999999999996897 0.15 0.199999999999621
0.04999999999996897 0.2 0.199999999999621
0.04999999999996897 0.25 0.199999999999621
0.04999999999996897 0.3 0.199999999999621
0.04999999999996897 0.35 0.199999999999621
0.04999999999996897 0.4 0.199999999999621
0.04999999999996897 0.45 0.199999999999621
0.04999999999996897 0.5 0.199999999999621
0.04999999999996897 0.55 0.199999999999621
0.04999999999996897 0.6 0.199999999999621
0.04999999999996897 0.65 0.199999999999621
0.04999999999996897 0.7 0.199999999999621
0.04999999999996897 0.75 0.199999999999621
0.04999999999996897 0.8 0.199999999999621
0.04999999999996897 0.85 0.199999999999621
0.04999999999996897 0.9 0.199999999999621
0.04999999999996897 0.95 0.199999999999621
0.04999999999996896 0.05 0.2499999999996146
0.04999999999996896 0.1 0.2499999999996146
0.04999999999996896 0.15 0.2499999999996146
0.04999999999996896 0.2 0.2499999999996146
0.04999999999996896 0.25 0.2499999999996146
0.04999999999996896 0.3 0.2499999999996146
0.04999999999996896 0.35 0.2499999999996146
0.04999999999996896 0.4 0.2499999999996146
0.04999999999996896 0.45 0.2499999999996146
0.04999999999996896 0.5 0.2499999999996146
0.04999999999996896 0.55 0.2499999999996146
0.04999999999996896 0.6 0.2499999999996146
0.04999999999996896 0.65 0.2499999999996146
0.04999999999996896 0.7 0.2499999999996146
0.04999999999996896 0.75 0.2499999999996146
0.04999999999996896 0.8 0.2499999999996146
0.04999999999996896 0.85 0.2499999999996146
0.04999999999996896 0.9 0.2499999999996146
0.04999999999996896 0.95 0.2499999999996146
0.04999999999996135 0.05 0.2999999999996823
0.04999999999996135 0.1 0.2999999999996823
0.04999999999996135 0.15 0.2999999999996823
0.04999999999996135 0.2 0.2999999999996823
0.04999999999996135 0.25 0.2999999999996823
0.04999999999996135 0.3 0.2999999999996823
0.04999999999996135 0.35 0.2999999999996823
0.04999999999996135 0.4 0.2999999999996823
0.04999999999996135 0.45 0.2999999999996823
0.04999999999996135 0.5 0.2999999999996823
0.04999999999996135 0.55 0.2999999999996823
0.04999999999996135 0.6 0.2999999999996823
0.04999999999996135 0.65 0.2999999999996823
0.04999999999996135 0.7 0.2999999999996823
0.04999999999996135 0.75 0.2999999999996823
0.04999999999996135 0.8 0.2999999999996823
0.04999999999996135 0.85 0.2999999999996823
0.04999999999996135 0.9 0.2999999999996823
0.04999999999996135 0.95 0.2999999999996823
0.04999999999994532 0.05 0.349999999999778
0.04999999999994532 0.1 0.349999999999778
0.04999999999994532 0.15 0.349999999999778
0.04999999999994532 0.2 0.349999999999778
0.04999999999994532 0.25 0.349999999999778
0.04999999999994532 0.3 0.349999999999778
0.04999999999994532 0.35 0.349999999999778
0.04999999999994532 0.4 0.349999999999778
0.04999999999994532 0.45 0.349999999999778
0.04999999999994532 0.5 0.349999999999778
0.04999999999994532 0.55 0.349999999999778
0.04999999999994532 0.6 0.349999999999778
0.04999999999994532 0.65 0.349999999999778
0.04999999999994532 0.7 0.349999999999778
0.04999999999994532 0.75 0.349999999999778
0.04999999999994532 0.8 0.349999999999778
0.04999999999994532 0.85 0.349999999999778
0.04999999999994532 0.9 0.349999999999778
0.04999999999994532 0.95 0.349999999999778
0.04999999999992101 0.05 0.3999999999998866
0.04999999999992101 0.1 0.3999999999998866
0.04999999999992101 0.15 0.3999999999998866
0.04999999999992101 0.2 0.3999999999998866
0.04999999999992101 0.25 0.3999999999998866
0.04999999999992101 0.3 0.3999999999998866
0.04999999999992101 0.35 0.3999999999998866
0.04999999999992101 0.4 0.3999999999998866
0.04999999999992101 0.45 0.3999999999998866
0.04999999999992101 0.5 0.3999999999998866
0.04999999999992101 0.55 0.3999999999998866
0.04999999999992101 0.6 0.3999999999998866
0.04999999999992101 0.65 0.3999999999998866
0.04999999999992101 0.7 0.3999999999998866
0.04999999999992101 0.75 0.3999999999998866
0.04999999999992101 0.8 0.3999999999998866
0.04999999999992101 0.85 0.3999999999998866
0.04999999999992101 0.9 0.3999999999998866
0.04999999999992101 0.95 0.3999999999998866
0.09999999999984194 0.05 0.0499999999999079
0.09999999999984194 0.1 0.0499999999999079
0.09999999999984194 0.15 0.0499999999999079
0.09999999999984194 0.2 0.0499999999999079
0.09999999999984194 0.25 0.0499999999999079
0.09999999999984194 0.3 0.0499999999999079
0.09999999999984194 0.35 0.0499999999999079
0.09999999999984194 0.4 0.0499999999999079
0.09999999999984194 0.45 0.0499999999999079
0.09999999999984194 0.5 0.0499999999999079
0.09999999999984194 0.55 0.0499999999999079
0.09999999999984194 0.6 0.0499999999999079
0.09999999999984194 0.65 0.0499999999999079
0.09999999999984194 0.7 0.0499999999999079
0.09999999999984194 0.75 0.0499999999999079
0.09999999999984194 0.8 0.0499999999999079
0.09999999999984194 0.85 0.0499999999999079
0.09999999999984194 0.9 0.0499999999999079
0.09999999999984194 0.95 0.0499999999999079
0.09999999999989891 0.05 0.09999999999981732
0.09999999999989891 0.1 0.09999999999981732
0.09999999999989891 0.15 0.09999999999981732
0.09999999999989891 0.2 0.09999999999981732
0.09999999999989891 0.25 0.09999999999981732
0.09999999999989891 0.3 0.09999999999981732
0.09999999999989891 0.35 0.09999999999981732
0.09999999999989891 0.4 0.09999999999981732
0.09999999999989891 0.45 0.09999999999981732
0.09999999999989891 0.5 0.09999999999981732
0.09999999999989891 0.55 0.09999999999981732
0.09999999999989891 0.6 0.09999999999981732
0.09999999999989891 0.65 0.09999999999981732
0.09999999999989891 0.7 0.09999999999981732
0.09999999999989891 0.75 0.09999999999981732
0.09999999999989891 0.8 0.09999999999981732
0.09999999999989891 0.85 0.09999999999981732
0.09999999999989891 0.9 0.09999999999981732
0.09999999999989891 0.95 0.09999999999981732
0.09999999999993116 0.05 0.1499999999997388
0.09999999999993116 0.1 0.1499999999997388
0.09999999999993116 0.15 0.1499999999997388
0.09999999999993116 0.2 0.1499999999997388
0.09999999999993116 0.25 0.1499999999997388
0.09999999999993116 0.3 0.1499999999997388
0.09999999999993116 0.35 0.1499999999997388
0.09999999999993116 0.4 0.1499999999997388
0.09999999999993116 0.45 0.1499999999997388
0.09999999999993116 0.5 0.1499999999997388
0.09999999999993116 0.55 0.1499999999997388
0.09999999999993116 0.6 0.1499999999997388
0.09999999999993116 0.65 0.1499999999997388
0.09999999999993116 0.7 0.1499999999997388
0.09999999999993116 0.75 0.1499999999997388
0.09999999999993116 0.8 0.1499999999997388
0.09999999999993116 0.85 0.1499999999997388
0.09999999999993116 0.9 0.1499999999997388
0.09999999999993116 0.95 0.1499999999997388
0.09999999999994552 0.05 0.1999999999996882
0.09999999999994552 0.1 0.1999999999996882
0.09999999999994552 0.15 0.1999999999996882
0.09999999999994552 0.2 0.1999999999996882
0.09999999999994552 0.25 0.1999999999996882
0.09999999999994552 0.3 0.1999999999996882
0.09999999999994552 0.35 0.1999999999996882
0.09999999999994552 0.4 0.1999999999996882
0.09999999999994552 0.45 0.1999999999996882
0.09999999999994552 0.5 0.1999999999996882
0.09999999999994552 0.55 0.1999999999996882
0.09999999999994552 0.6 0.1999999999996882
0.09999999999994552 0.65 0.1999999999996882
0.09999999999994552 0.7 0.1999999999996882
0.09999999999994552 0.75 0.1999999999996882
0.09999999999994552 0.8 0.1999999999996882
0.09999999999994552 0.85 0.1999999999996882
0.09999999999994552 0.9 0.1999999999996882
0.09999999999994552 0.95 0.1999999999996882
0.09999999999994551 0.05 0.2499999999996843
0.09999999999994551 0.1 0.2499999999996843
0.09999999999994551 0.15 0.2499999999996843
0.09999999999994551 0.2 0.2499999999996843
0.09999999999994551 0.25 0.2499999999996843
0.09999999999994551 0.3 0.2499999999996843
0.09999999999994551 0.35 0.2499999999996843
0.09999999999994551 0.4 0.2499999999996843
0.09999999999994551 0.45 0.2499999999996843
0.09999999999994551 0.5 0.2499999999996843
0.09999999999994551 0.55 0.2499999999996843
0.09999999999994551 0.6 0.2499999999996843
0.09999999999994551 0.65 0.2499999999996843
0.09999999999994551 0.7 0.2499999999996843
0.09999999999994551 0.75 0.2499999999996843
0.09999999999994551 0.8 0.2499999999996843
0.09999999999994551 0.85 0.2499999999996843
0.09999999999994551 0.9 0.2499999999996843
0.09999999999994551 0.95 0.2499999999996843
0.09999999999993114 0.05 0.299999999999729
0.09999999999993114 0.1 0.299999999999729
0.09999999999993114 0.15 0.299999999999729
0.09999999999993114 0.2 0.299999999999729
0.09999999999993114 0.25 0.299999999999729
0.09999999999993114 0.3 0.299999999999729
0.09999999999993114 0.35 0.299999999999729
0.09999999999993114 0.4 0.299999999999729
0.09999999999993114 0.45 0.299999999999729
0.09999999999993114 0.5 0.299999999999729
0.09999999999993114 0.55 0.299999999999729
0.09999999999993114 0.6 0.299999999999729
0.09999999999993114 0.65 0.299999999999729
0.09999999999993114 0.7 0.299999999999729
0.09999999999993114 0.75 0.299999999999729
0.09999999999993114 0.8 0.299999999999729
0.09999999999993114 0.85 0.299999999999729
0.09999999999993114 0.9 0.299999999999729
0.09999999999993114 0.95 0.299999999999729
0.09999999999989891 0.05 0.349999999999805
0.09999999999989891 0.1 0.349999999999805
0.09999999999989891 0.15 0.349999999999805
0.09999999999989891 0.2 0.349999999999805
0.09999999999989891 0.25 0.349999999999805
0.09999999999989891 0.3 0.349999999999805
0.09999999999989891 0.35 0.349999999999805
0.09999999999989891 0.4 0.349999999999805
0.09999999999989891 0.45 0.349999999999805
0.09999999999989891 0.5 0.349999999999805
0.09999999999989891 0.55 0.349999999999805
0.09999999999989891 0.6 0.349999999999805
0.09999999999989891 0.65 0.349999999999805
0.09999999999989891 0.7 0.349999999999805
0.09999999999989891 0.75 0.349999999999805
0.09999999999989891 0.8 0.349999999999805
0.09999999999989891 0.85 0.349999999999805
0.09999999999989891 0.9 0.349999999999805
0.09999999999989891 0.95 0.349999999999805
0.09999999999984195 0.05 0.3999999999998986
0.09999999999984195 0.1 0.3999999999998986
0.09999999999984195 0.15 0.3999999999998986
0.09999999999984195 0.2 0.3999999999998986
0.09999999999984195 0.25 0.3999999999998986
0.09999999999984195 0.3 0.3999999999998986
0.09999999999984195 0.35 0.3999999999998986
0.09999999999984195 0.4 0.3999999999998986
0.09999999999984195 0.45 0.3999999999998986
0.09999999999984195 0.5 0.3999999999998986
0.09999999999984195 0.55 0.3999999999998986
0.09999999999984195 0.6 0.3999999999998986
0.09999999999984195 0.65 0.3999999999998986
0.09999999999984195 0.7 0.3999999999998986
0.09999999999984195 0.75 0.3999999999998986
0.09999999999984195 0.8 0.3999999999998986
0.09999999999984195 0.85 0.3999999999998986
0.09999999999984195 0.9 0.3999999999998986
0.09999999999984195 0.95 0.3999999999998986
0.1499999999997941 0.05 0.04999999999991004
0.1499999999997941 0.1 0.04999999999991004
0.1499999999997941 0.15 0.04999999999991004
0.1499999999997941 0.2 0.04999999999991004
0.1499999999997941 0.25 0.04999999999991004
0.1499999999997941 0.3 0.04999999999991004
0.1499999999997941 0.35 0.04999999999991004
0.1499999999997941 0.4 0.04999999999991004
0.1499999999997941 0.45 0.04999999999991004
0.1499999999997941 0.5 0.04999999999991004
0.1499999999997941 0.55 0.04999999999991004
0.1499999999997941 0.6 0.04999999999991004
0.1499999999997941 0.65 0.04999999999991004
0.1499999999997941 0.7 0.04999999999991004
0.1499999999997941 0.75 0.04999999999991004
0.1499999999997941 0.8 0.04999999999991004
0.1499999999997941 0.85 0.04999999999991004
0.1499999999997941 0.9 0.04999999999991004
0.1499999999997941 0.95 0.04999999999991004
0.1499999999998772 0.05 0.09999999999982433
0.1499999999998772 0.1 0.09999999999982433
0.1499999999998772 0.15 0.09999999999982433
0.1499999999998772 0.2 0.09999999999982433
0.1499999999998772 0.25 0.09999999999982433
0.1499999999998772 0.3 0.09999999999982433
0.1499999999998772 0.35 0.09999999999982433
0.1499999999998772 0.4 0.09999999999982433
0.1499999999998772 0.45 0.09999999999982433
0.1499999999998772 0.5 0.09999999999982433
0.1499999999998772 0.55 0.09999999999982433
0.1499999999998772 0.6 0.09999999999982433
0.1499999999998772 0.65 0.09999999999982433
0.1499999999998772 0.7 0.09999999999982433
0.1499999999998772 0.75 0.09999999999982433
0.1499999999998772 0.8 0.09999999999982433
0.1499999999998772 0.85 0.09999999999982433
0.1499999999998772 0.9 0.09999999999982433
0.1499999999998772 0.95 0.09999999999982433
0.1499999999999188 0.05 0.1499999999997526
0.1499999999999188 0.1 0.1499999999997526
0.1499999999999188 0.15 0.1499999999997526
0.1499999999999188 0.2 0.1499999999997526
0.1499999999999188 0.25 0.1499999999997526
0.1499999999999188 0.3 0.1499999999997526
0.1499999999999188 0.35 0.1499999999997526
0.1499999999999188 0.4 0.1499999999997526
0.1499999999999188 0.45 0.1499999999997526
0.1499999999999188 0.5 0.1499999999997526
0.1499999999999188 0.55 0.1499999999997526
0.1499999999999188 0.6 0.1499999999997526
0.1499999999999188 0.65 0.1499999999997526
0.1499999999999188 0.7 0.1499999999997526
0.1499999999999188 0.75 0.1499999999997526
0.1499999999999188 0.8 0.1499999999997526
0.1499999999999188 0.85 0.1499999999997526
0.1499999999999188 0.9 0.1499999999997526
0.1499999999999188 0.95 0.1499999999997526
0.1499999999999365 0.05 0.1999999999997086
0.1499999999999365 0.1 0.1999999999997086
0.1499999999999365 0.15 0.1999999999997086
0.1499999999999365 0.2 0.1999999999997086
0.1499999999999365 0.25 0.1999999999997086
0.1499999999999365 0.3 0.1999999999997086
0.1499999999999365 0.35 0.1999999999997086
0.1499999999999365 0.4 0.1999999999997086
0.1499999999999365 0.45 0.1999999999997086
0.1499999999999365 0.5 0.1999999999997086
0.1499999999999365 0.55 0.1999999999997086
0.1499999999999365 0.6 0.1999999999997086
0.1499999999999365 0.65 0.1999999999997086
0.1499999999999365 0.7 0.1999999999997086
0.1499999999999365 0.75 0.1999999999997086
0.1499999999999365 0.8 0.1999999999997086
0.1499999999999365 0.85 0.1999999999997086
0.1499999999999365 0.9 0.1999999999997086
0.1499999999999365 0.95 0.1999999999997086
0.1499999999999365 0.05 0.2499999999997053
0.1499999999999365 0.1 0.2499999999997053
0.1499999999999365 0.15 0.2499999999997053
0.1499999999999365 0.2 0.2499999999997053
0.1499999999999365 0.25 0.2499999999997053
0.1499999999999365 0.3 0.2499999999997053
0.1499999999999365 0.35 0.2499999999997053
0.1499999999999365 0.4 0.2499999999997053
0.1499999999999365 0.45 0.2499999999997053
0.1499999999999365 0.5 0.2499999999997053
0.1499999999999365 0.55 0.2499999999997053
0.1499999999999365 0.6 0.2499999999997053
0.1499999999999365 0.65 0.2499999999997053
0.1499999999999365 0.7 0.2499999999997053
0.1499999999999365 0.75 0.2499999999997053
0.1499999999999365 0.8 0.2499999999997053
0.1499999999999365 0.85 0.2499999999997053
0.1499999999999365 0.9 0.2499999999997053
0.1499999999999365 0.95 0.2499999999997053
0.1499999999999188 0.05 0.2999999999997444
0.1499999999999188 0.1 0.2999999999997444
0.1499999999999188 0.15 0.2999999999997444
0.1499999999999188 0.2 0.2999999999997444
0.1499999999999188 0.25 0.2999999999997444
0.1499999999999188 0.3 0.2999999999997444
0.1499999999999188 0.35 0.2999999999997444
0.1499999999999188 0.4 0.2999999999997444
0.1499999999999188 0.45 0.2999999999997444
0.1499999999999188 0.5 0.2999999999997444
0.1499999999999188 0.55 0.2999999999997444
0.1499999999999188 0.6 0.2999999999997444
0.1499999999999188 0.65 0.2999999999997444
0.1499999999999188 0.7 0.2999999999997444
0.1499999999999188 0.75 0.2999999999997444
0.1499999999999188 0.8 0.2999999999997444
0.1499999999999188 0.85 0.2999999999997444
0.1499999999999188 0.9 0.2999999999997444
0.1499999999999188 0.95 0.2999999999997444
0.1499999999998772 0.05 0.3499999999998143
0.1499999999998772 0.1 0.3499999999998143
0.1499999999998772 0.15 0.3499999999998143
0.1499999999998772 0.2 0.3499999999998143
0.1499999999998772 0.25 0.3499999999998143
0.1499999999998772 0.3 0.3499999999998143
0.1499999999998772 0.35 0.3499999999998143
0.1499999999998772 0.4 0.3499999999998143
0.1499999999998772 0.45 0.3499999999998143
0.1499999999998772 0.5 0.3499999999998143
0.1499999999998772 0.55 0.3499999999998143
0.1499999999998772 0.6 0.3499999999998143
0.1499999999998772 0.65 0.3499999999998143
0.1499999999998772 0.7 0.3499999999998143
0.1499999999998772 0.75 0.3499999999998143
0.1499999999998772 0.8 0.3499999999998143
0.1499999999998772 0.85 0.3499999999998143
0.1499999999998772 0.9 0.3499999999998143
0.1499999999998772 0.95 0.3499999999998143
0.149999999999794 0.05 0.3999999999999029
0.149999999999794 0.1 0.3999999999999029
0.149999999999794 0.15 0.3999999999999029
0.149999999999794 0.2 0.3999999999999029
0.149999999999794 0.25 0.3999999999999029
0.149999999999794 0.3 0.3999999999999029
0.149999999999794 0.35 0.3999999999999029
0.149999999999794 0.4 0.3999999999999029
0.149999999999794 0.45 0.3999999999999029
0.149999999999794 0.5 0.3999999999999029
0.149999999999794 0.55 0.3999999999999029
0.149999999999794 0.6 0.3999999999999029
0.149999999999794 0.65 0.3999999999999029
0.149999999999794 0.7 0.3999999999999029
0.149999999999794 0.75 0.3999999999999029
0.149999999999794 0.8 0.3999999999999029
0.149999999999794 0.85 0.3999999999999029
0.149999999999794 0.9 0.3999999999999029
0.149999999999794 0.95 0.3999999999999029
0.1999999999998381 0.05 0.0499999999999079
0.1999999999998381 0.1 0.0499999999999079
0.1999999999998381 0.15 0.0499999999999079
0.1999999999998381 0.2 0.0499999999999079
0.1999999999998381 0.25 0.0499999999999079
0.1999999999998381 0.3 0.0499999999999079
0.1999999999998381 0.35 0.0499999999999079
0.1999999999998381 0.4 0.0499999999999079
0.1999999999998381 0.45 0.0499999999999079
0.1999999999998381 0.5 0.0499999999999079
0.1999999999998381 0.55 0.0499999999999079
0.1999999999998381 0.6 0.0499999999999079
0.1999999999998381 0.65 0.0499999999999079
0.1999999999998381 0.7 0.0499999999999079
0.1999999999998381 0.75 0.0499999999999079
0.1999999999998381 0.8 0.0499999999999079
0.1999999999998381 0.85 0.0499999999999079
0.1999999999998381 0.9 0.0499999999999079
0.1999999999998381 0.95 0.0499999999999079
0.1999999999998971 0.05 0.09999999999981735
0.1999999999998971 0.1 0.09999999999981735
0.1999999999998971 0.15 0.09999999999981735
0.1999999999998971 0.2 0.09999999999981735
0.1999999999998971 0.25 0.09999999999981735
0.1999999999998971 0.3 0.09999999999981735
0.1999999999998971 0.35 0.09999999999981735
0.1999999999998971 0.4 0.09999999999981735
0.1999999999998971 0.45 0.09999999999981735
0.1999999999998971 0.5 0.09999999999981735
0.1999999999998971 0.55 0.09999999999981735
0.1999999999998971 0.6 0.09999999999981735
0.1999999999998971 0.65 0.09999999999981735
0.1999999999998971 0.7 0.09999999999981735
0.1999999999998971 0.75 0.09999999999981735
0.1999999999998971 0.8 0.09999999999981735
0.1999999999998971 0.85 0.09999999999981735
0.1999999999998971 0.9 0.09999999999981735
0.1999999999998971 0.95 0.09999999999981735
0.1999999999999304 0.05 0.1499999999997387
0.1999999999999304 0.1 0.1499999999997387
0.1999999999999304 0.15 0.1499999999997387
0.1999999999999304 0.2 0.1499999999997387
0.1999999999999304 0.25 0.1499999999997387
0.1999999999999304 0.3 0.1499999999997387
0.1999999999999304 0.35 0.1499999999997387
0.1999999999999304 0.4 0.1499999999997387
0.1999999999999304 0.45 0.1499999999997387
0.1999999999999304 0.5 0.1499999999997387
0.1999999999999304 0.55 0.1499999999997387
0.1999999999999304 0.6 0.1499999999997387
0.1999999999999304 0.65 0.1499999999997387
0.1999999999999304 0.7 0.1499999999997387
0.1999999999999304 0.75 0.1499999999997387
0.1999999999999304 0.8 0.1499999999997387
0.1999999999999304 0.85 0.1499999999997387
0.1999999999999304 0.9 0.1499999999997387
0.1999999999999304 0.95 0.1499999999997387
0.1999999999999451 0.05 0.1999999999996881
0.1999999999999451 0.1 0.1999999999996881
0.1999999999999451 0.15 0.1999999999996881
0.1999999999999451 0.2 0.1999999999996881
0.1999999999999451 0.25 0.1999999999996881
0.1999999999999451 0.3 0.1999999999996881
0.1999999999999451 0.35 0.1999999999996881
0.1999999999999451 0.4 0.1999999999996881
0.1999999999999451 0.45 0.1999999999996881
0.1999999999999451 0.5 0.1999999999996881
0.1999999999999451 0.55 0.1999999999996881
0.1999999999999451 0.6 0.1999999999996881
0.1999999999999451 0.65 0.1999999999996881
0.1999999999999451 0.7 0.1999999999996881
0.1999999999999451 0.75 0.1999999999996881
0.1999999999999451 0.8 0.1999999999996881
0.1999999999999451 0.85 0.1999999999996881
0.1999999999999451 0.9 0.1999999999996881
0.1999999999999451 0.95 0.1999999999996881
0.1999999999999451 0.05 0.2499999999996843
0.1999999999999451 0.1 0.2499999999996843
0.1999999999999451 0.15 0.2499999999996843
0.1999999999999451 0.2 0.2499999999996843
0.1999999999999451 0.25 0.2499999999996843
0.1999999999999451 0.3 0.2499999999996843
0.1999999999999451 0.35 0.2499999999996843
0.1999999999999451 0.4 0.2499999999996843
0.1999999999999451 0.45 0.2499999999996843
0.1999999999999451 0.5 0.2499999999996843
0.1999999999999451 0.55 0.2499999999996843
0.1999999999999451 0.6 0.2499999999996843
0.1999999999999451 0.65 0.2499999999996843
0.1999999999999451 0.7 0.2499999999996843
0.1999999999999451 0.75 0.2499999999996843
0.1999999999999451 0.8 0.2499999999996843
0.1999999999999451 0.85 0.2499999999996843
0.1999999999999451 0.9 0.2499999999996843
0.1999999999999451 0.95 0.2499999999996843
0.1999999999999304 0.05 0.299999999999729
0.1999999999999304 0.1 0.299999999999729
0.1999999999999304 0.15 0.299999999999729
0.1999999999999304 0.2 0.299999999999729
0.1999999999999304 0.25 0.299999999999729
0.1999999999999304 0.3 0.299999999999729
0.1999999999999304 0.35 0.299999999999729
0.1999999999999304 0.4 0.299999999999729
0.1999999999999304 0.45 0.299999999999729
0.1999999999999304 0.5 0.299999999999729
0.1999999999999304 0.55 0.299999999999729
0.1999999999999304 0.6 0.299999999999729
0.1999999999999304 0.65 0.299999999999729
0.1999999999999304 0.7 0.299999999999729
0.1999999999999304 0.75 0.299999999999729
0.1999999999999304 0.8 0.299999999999729
0.1999999999999304 0.85 0.299999999999729
0.1999999999999304 0.9 0.299999999999729
0.1999999999999304 0.95 0.299999999999729
0.1999999999998971 0.05 0.349999999999805
0.1999999999998971 0.1 0.349999999999805
0.1999999999998971 0.15 0.349999999999805
0.1999999999998971 0.2 0.349999999999805
0.1999999999998971 0.25 0.349999999999805
0.1999999999998971 0.3 0.349999999999805
0.1999999999998971 0.35 0.349999999999805
0.1999999999998971 0.4 0.349999999999805
0.1999999999998971 0.45 0.349999999999805
0.1999999999998971 0.5 0.349999999999805
0.1999999999998971 0.55 0.349999999999805
0.1999999999998971 0.6 0.349999999999805
0.1999999999998971 0.65 0.349999999999805
0.1999999999998971 0.7 0.349999999999805
0.1999999999998971 0.75 0.349999999999805
0.1999999999998971 0.8 0.349999999999805
0.1999999999998971 0.85 0.349999999999805
0.1999999999998971 0.9 0.349999999999805
0.1999999999998971 0.95 0.349999999999805
0.1999999999998381 0.05 0.3999999999998985
0.1999999999998381 0.1 0.3999999999998985
0.1999999999998381 0.15 0.3999999999998985
0.1999999999998381 0.2 0.3999999999998985
0.1999999999998381 0.25 0.3999999999998985
0.1999999999998381 0.3 0.3999999999998985
0.1999999999998381 0.35 0.3999999999998985
0.1999999999998381 0.4 0.3999999999998985
0.1999999999998381 0.45 0.3999999999998985
0.1999999999998381 0.5 0.3999999999998985
0.1999999999998381 0.55 0.3999999999998985
0.1999999999998381 0.6 0.3999999999998985
0.1999999999998381 0.65 0.3999999999998985
0.1999999999998381 0.7 0.3999999999998985
0.1999999999998381 0.75 0.3999999999998985
0.1999999999998381 0.8 0.3999999999998985
0.1999999999998381 0.85 0.3999999999998985
0.1999999999998381 0.9 0.3999999999998985
0.1999999999998381 0.95 0.3999999999998985
0.2499999999999134 0.05 0.04999999999990428
0.2499999999999134 0.1 0.04999999999990428
0.2499999999999134 0.15 0.04999999999990428
0.2499999999999134 0.2 0.04999999999990428
0.2499999999999134 0.25 0.04999999999990428
0.2499999999999134 0.3 0.04999999999990428
0.2499999999999134 0.35 0.04999999999990428
0.2499999999999134 0.4 0.04999999999990428
0.2499999999999134 0.45 0.04999999999990428
0.2499999999999134 0.5 0.04999999999990428
0.2499999999999134 0.55 0.04999999999990428
0.2499999999999134 0.6 0.04999999999990428
0.2499999999999134 0.65 0.04999999999990428
0.2499999999999134 0.7 0.04999999999990428
0.2499999999999134 0.75 0.04999999999990428
0.2499999999999134 0.8 0.04999999999990428
0.2499999999999134 0.85 0.04999999999990428
0.2499999999999134 0.9 0.04999999999990428
0.2499999999999134 0.95 0.04999999999990428
0.2499999999999427 0.05 0.0999999999997984
0.2499999999999427 0.1 0.0999999999997984
0.2499999999999427 0.15 0.0999999999997984
0.2499999999999427 0.2 0.0999999999997984
0.2499999999999427 0.25 0.0999999999997984
0.2499999999999427 0.3 0.0999999999997984
0.2499999999999427 0.35 0.0999999999997984
0.2499999999999427 0.4 0.0999999999997984
0.2499999999999427 0.45 0.0999999999997984
0.2499999999999427 0.5 0.0999999999997984
0.2499999999999427 0.55 0.0999999999997984
0.2499999999999427 0.6 0.0999999999997984
0.2499999999999427 0.65 0.0999999999997984
0.2499999999999427 0.7 0.0999999999997984
0.2499999999999427 0.75 0.0999999999997984
0.2499999999999427 0.8 0.0999999999997984
0.2499999999999427 0.85 0.0999999999997984
0.2499999999999427 0.9 0.0999999999997984
0.2499999999999427 0.95 0.0999999999997984
0.2499999999999604 0.05 0.1499999999996969
0.2499999999999604 0.1 0.1499999999996969
0.2499999999999604 0.15 0.1499999999996969
0.2499999999999604 0.2 0.1499999999996969
0.2499999999999604 0.25 0.1499999999996969
0.2499999999999604 0.3 0.1499999999996969
0.2499999999999604 0.35 0.1499999999996969
0.2499999999999604 0.4 0.1499999999996969
0.2499999999999604 0.45 0.1499999999996969
0.2499999999999604 0.5 0.1499999999996969
0.2499999999999604 0.55 0.1499999999996969
0.2499999999999604 0.6 0.1499999999996969
0.2499999999999604 0.65 0.1499999999996969
0.2499999999999604 0.7 0.1499999999996969
0.2499999999999604 0.75 0.1499999999996969
0.2499999999999604 0.8 0.1499999999996969
0.2499999999999604 0.85 0.1499999999996969
0.2499999999999604 0.9 0.1499999999996969
0.2499999999999604 0.95 0.1499999999996969
0.2499999999999685 0.05 0.1999999999996209
0.2499999999999685 0.1 0.1999999999996209
0.2499999999999685 0.15 0.1999999999996209
0.2499999999999685 0.2 0.1999999999996209
0.2499999999999685 0.25 0.1999999999996209
0.2499999999999685 0.3 0.1999999999996209
0.2499999999999685 0.35 0.1999999999996209
0.2499999999999685 0.4 0.1999999999996209
0.2499999999999685 0.45 0.1999999999996209
0.2499999999999685 0.5 0.1999999999996209
0.2499999999999685 0.55 0.1999999999996209
0.2499999999999685 0.6 0.1999999999996209
0.2499999999999685 0.65 0.1999999999996209
0.2499999999999685 0.7 0.1999999999996209
0.2499999999999685 0.75 0.1999999999996209
0.2499999999999685 0.8 0.1999999999996209
0.2499999999999685 0.85 0.1999999999996209
0.2499999999999685 0.9 0.1999999999996209
0.2499999999999685 0.95 0.1999999999996209
0.2499999999999685 0.05 0.2499999999996146
0.2499999999999685 0.1 0.2499999999996146
0.2499999999999685 0.15 0.2499999999996146
0.2499999999999685 0.2 0.2499999999996146
0.2499999999999685 0.25 0.2499999999996146
0.2499999999999685 0.3 0.2499999999996146
0.2499999999999685 0.35 0.2499999999996146
0.2499999999999685 0.4 0.2499999999996146
0.2499999999999685 0.45 0.2499999999996146
0.2499999999999685 0.5 0.2499999999996146
0.2499999999999685 0.55 0.2499999999996146
0.2499999999999685 0.6 0.2499999999996146
0.2499999999999685 0.65 0.2499999999996146
0.2499999999999685 0.7 0.2499999999996146
0.2499999999999685 0.75 0.2499999999996146
0.2499999999999685 0.8 0.2499999999996146
0.2499999999999685 0.85 0.2499999999996146
0.2499999999999685 0.9 0.2499999999996146
0.2499999999999685 0.95 0.2499999999996146
0.2499999999999604 0.05 0.2999999999996824
0.2499999999999604 0.1 0.2999999999996824
0.2499999999999604 0.15 0.2999999999996824
0.2499999999999604 0.2 0.2999999999996824
0.2499999999999604 0.25 0.2999999999996824
0.2499999999999604 0.3 0.2999999999996824
0.2499999999999604 0.35 0.2999999999996824
0.2499999999999604 0.4 0.2999999999996824
0.2499999999999604 0.45 0.2999999999996824
0.2499999999999604 0.5 0.2999999999996824
0.2499999999999604 0.55 0.2999999999996824
0.2499999999999604 0.6 0.2999999999996824
0.2499999999999604 0.65 0.2999999999996824
0.2499999999999604 0.7 0.2999999999996824
0.2499999999999604 0.75 0.2999999999996824
0.2499999999999604 0.8 0.2999999999996824
0.2499999999999604 0.85 0.2999999999996824
0.2499999999999604 0.9 0.2999999999996824
0.2499999999999604 0.95 0.2999999999996824
0.2499999999999427 0.05 0.349999999999778
0.2499999999999427 0.1 0.349999999999778
0.2499999999999427 0.15 0.349999999999778
0.2499999999999427 0.2 0.349999999999778
0.2499999999999427 0.25 0.349999999999778
0.2499999999999427 0.3 0.349999999999778
0.2499999999999427 0.35 0.349999999999778
0.2499999999999427 0.4 0.349999999999778
0.2499999999999427 0.45 0.349999999999778
0.2499999999999427 0.5 0.349999999999778
0.2499999999999427 0.55 0.349999999999778
0.2499999999999427 0.6 0.349999999999778
0.2499999999999427 0.65 0.349999999999778
0.2499999999999427 0.7 0.349999999999778
0.2499999999999427 0.75 0.349999999999778
0.2499999999999427 0.8 0.349999999999778
0.2499999999999427 0.85 0.349999999999778
0.2499999999999427 0.9 0.349999999999778
0.2499999999999427 0.95 0.349999999999778
0.2499999999999134 0.05 0.3999999999998864
0.2499999999999134 0.1 0.3999999999998864
0.2499999999999134 0.15 0.3999999999998864
0.2499999999999134 0.2 0.3999999999998864
0.2499999999999134 0.25 0.3999999999998864
0.2499999999999134 0.3 0.3999999999998864
0.2499999999999134 0.35 0.3999999999998864
0.2499999999999134 0.4 0.3999999999998864
0.2499999999999134 0.45 0.3999999999998864
0.2499999999999134 0.5 0.3999999999998864
0.2499999999999134 0.55 0.3999999999998864
0.2499999999999134 0.6 0.3999999999998864
0.2499999999999134 0.65 0.3999999999998864
0.2499999999999134 0.7 0.3999999999998864
0.2499999999999134 0.75 0.3999999999998864
0.2499999999999134 0.8 0.3999999999998864
0.2499999999999134 0.85 0.3999999999998864
0.2499999999999134 0.9 0.3999999999998864
0.2499999999999134 0.95 0.3999999999998864
3 2 0 1064
4901
4902
4903
4904
4905
4906
4907
4908
4909
4910
4911
4912
4913
4914
4915
4916
4917
4918
4919
4920
4921
4922
4923
4924
4925
4926
4927
4928
4929
4930
4931
4932
4933
4934
4935
4936
4937
4938
4939
4940
4941
4942
4943
4944
4945
4946
4947
4948
4949
4950
4951
4952
4953
4954
4955
4956
4957
4958
4959
4960
4961
4962
4963
4964
4965
4966
4967
4968
4969
4970
4971
4972
4973
4974
4975
4976
4977
4978
4979
4980
4981
4982
4983
4984
4985
4986
4987
4988
4989
4990
4991
4992
4993
4994
4995
4996
4997
4998
4999
5000
5001
5002
5003
5004
5005
5006
5007
5008
5009
5010
5011
5012
5013
5014
5015
5016
5017
5018
5019
5020
5021
5022
5023
5024
5025
5026
5027
5028
5029
5030
5031
5032
5033
5034
5035
5036
5037
5038
5039
5040
5041
5042
5043
5044
5045
5046
5047
5048
5049
5050
5051
5052
5053
5054
5055
5056
5057
5058
5059
5060
5061
5062
5063
5064
5065
5066
5067
5068
5069
5070
5071
5072
5073
5074
5075
5076
5077
5078
5079
5080
5081
5082
5083
5084
5085
5086
5087
5088
5089
5090
5091
5092
5093
5094
5095
5096
5097
5098
5099
5100
5101
5102
5103
5104
5105
5106
5107
5108
5109
5110
5111
5112
5113
5114
5115
5116
5117
5118
5119
5120
5121
5122
5123
5124
5125
5126
5127
5128
5129
5130
5131
5132
5133
5134
5135
5136
5137
5138
5139
5140
5141
5142
5143
5144
5145
5146
5147
5148
5149
5150
5151
5152
5153
5154
5155
5156
5157
5158
5159
5160
5161
5162
5163
5164
5165
5166
5167
5168
5169
5170
5171
5172
5173
5174
5175
5176
5177
5178
5179
5180
5181
5182
5183
5184
5185
5186
5187
5188
5189
5190
5191
5192
5193
5194
5195
5196
5197
5198
5199
5200
5201
5202
5203
5204
5205
5206
5207
5208
5209
5210
5211
5212
5213
5214
5215
5216
5217
5218
5219
5220
5221
5222
5223
5224
5225
5226
5227
5228
5229
5230
5231
5232
5233
5234
5235
5236
5237
5238
5239
5240
5241
5242
5243
5244
5245
5246
5247
5248
5249
5250
5251
5252
5253
5254
5255
5256
5257
5258
5259
5260
5261
5262
5263
5264
5265
5266
5267
5268
5269
5270
5271
5272
5273
5274
5275
5276
5277
5278
5279
5280
5281
5282
5283
5284
5285
5286
5287
5288
5289
5290
5291
5292
5293
5294
5295
5296
5297
5298
5299
5300
5301
5302
5303
5304
5305
5306
5307
5308
5309
5310
5311
5312
5313
5314
5315
5316
5317
5318
5319
5320
5321
5322
5323
5324
5325
5326
5327
5328
5329
5330
5331
5332
5333
5334
5335
5336
5337
5338
5339
5340
5341
5342
5343
5344
5345
5346
5347
5348
5349
5350
5351
5352
5353
5354
5355
5356
5357
5358
5359
5360
5361
5362
5363
5364
5365
5366
5367
5368
5369
5370
5371
5372
5373
5374
5375
5376
5377
5378
5379
5380
5381
5382
5383
5384
5385
5386
5387
5388
5389
5390
5391
5392
5393
5394
5395
5396
5397
5398
5399
5400
5401
5402
5403
5404
5405
5406
5407
5408
5409
5410
5411
5412
5413
5414
5415
5416
5417
5418
5419
5420
5421
5422
5423
5424
5425
5426
5427
5428
5429
5430
5431
5432
5433
5434
5435
5436
5437
5438
5439
5440
5441
5442
5443
5444
5445
5446
5447
5448
5449
5450
5451
5452
5453
5454
5455
5456
5457
5458
5459
5460
5461
5462
5463
5464
5465
5466
5467
5468
5469
5470
5471
5472
5473
5474
5475
5476
5477
5478
5479
5480
5481
5482
5483
5484
5485
5486
5487
5488
5489
5490
5491
5492
5493
5494
5495
5496
5497
5498
5499
5500
5501
5502
5503
5504
5505
5506
5507
5508
5509
5510
5511
5512
5513
5514
5515
5516
5517
5518
5519
5520
5521
5522
5523
5524
5525
5526
5527
5528
5529
5530
5531
5532
5533
5534
5535
5536
5537
5538
5539
5540
5541
5542
5543
5544
5545
5546
5547
5548
5549
5550
5551
5552
5553
5554
5555
5556
5557
5558
5559
5560
5561
5562
5563
5564
5565
5566
5567
5568
5569
5570
5571
5572
5573
5574
5575
5576
5577
5578
5579
5580
5581
5582
5583
5584
5585
5586
5587
5588
5589
5590
5591
5592
5593
5594
5595
5596
5597
5598
5599
5600
5601
5602
5603
5604
5605
5606
5607
5608
5609
5610
5611
5612
5613
5614
5615
5616
5617
5618
5619
5620
5621
5622
5623
5624
5625
5626
5627
5628
5629
5630
5631
5632
5633
5634
5635
5636
5637
5638
5639
5640
5641
5642
5643
5644
5645
5646
5647
5648
5649
5650
5651
5652
5653
5654
5655
5656
5657
5658
5659
5660
5661
5662
5663
5664
5665
5666
5667
5668
5669
5670
5671
5672
5673
5674
5675
5676
5677
5678
5679
5680
5681
5682
5683
5684
5685
5686
5687
5688
5689
5690
5691
5692
5693
5694
5695
5696
5697
5698
5699
5700
5701
5702
5703
5704
5705
5706
5707
5708
5709
5710
5711
5712
5713
5714
5715
5716
5717
5718
5719
5720
5721
5722
5723
5724
5725
5726
5727
5728
5729
5730
5731
5732
5733
5734
5735
5736
5737
5738
5739
5740
5741
5742
5743
5744
5745
5746
5747
5748
5749
5750
5751
5752
5753
5754
5755
5756
5757
5758
5759
5760
5761
5762
5763
5764
5765
5766
5767
5768
5769
5770
5771
5772
5773
5774
5775
5776
5777
5778
5779
5780
5781
5782
5783
5784
5785
5786
5787
5788
5789
5790
5791
5792
5793
5794
5795
5796
5797
5798
5799
5800
5801
5802
5803
5804
5805
5806
5807
5808
5809
5810
5811
5812
5813
5814
5815
5816
5817
5818
5819
5820
5821
5822
5823
5824
5825
5826
5827
5828
5829
5830
5831
5832
5833
5834
5835
5836
5837
5838
5839
5840
5841
5842
5843
5844
5845
5846
5847
5848
5849
5850
5851
5852
5853
5854
5855
5856
5857
5858
5859
5860
5861
5862
5863
5864
5865
5866
5867
5868
5869
5870
5871
5872
5873
5874
5875
5876
5877
5878
5879
5880
5881
5882
5883
5884
5885
5886
5887
5888
5889
5890
5891
5892
5893
5894
5895
5896
5897
5898
5899
5900
5901
5902
5903
5904
5905
5906
5907
5908
5909
5910
5911
5912
5913
5914
5915
5916
5917
5918
5919
5920
5921
5922
5923
5924
5925
5926
5927
5928
5929
5930
5931
5932
5933
5934
5935
5936
5937
5938
5939
5940
5941
5942
5943
5944
5945
5946
5947
5948
5949
5950
5951
5952
5953
5954
5955
5956
5957
5958
5959
5960
5961
5962
5963
5964
0.3499999999999243 0.05 0.04999999999990953
0.3499999999999243 0.1 0.04999999999990953
0.3499999999999243 0.15 0.04999999999990953
0.3499999999999243 0.2 0.04999999999990953
0.3499999999999243 0.25 0.04999999999990953
0.3499999999999243 0.3 0.04999999999990953
0.3499999999999243 0.35 0.04999999999990953
0.3499999999999243 0.4 0.04999999999990953
0.3499999999999243 0.45 0.04999999999990953
0.3499999999999243 0.5 0.04999999999990953
0.3499999999999243 0.55 0.04999999999990953
0.3499999999999243 0.6 0.04999999999990953
0.3499999999999243 0.65 0.04999999999990953
0.3499999999999243 0.7 0.04999999999990953
0.3499999999999243 0.75 0.04999999999990953
0.3499999999999243 0.8 0.04999999999990953
0.3499999999999243 0.85 0.04999999999990953
0.3499999999999243 0.9 0.04999999999990953
0.3499999999999243 0.95 0.04999999999990953
0.3499999999999338 0.05 0.09999999999980866
0.3499999999999338 0.1 0.09999999999980866
0.3499999999999338 0.15 0.09999999999980866
0.3499999999999338 0.2 0.09999999999980866
0.3499999999999338 0.25 0.09999999999980866
0.3499999999999338 0.3 0.09999999999980866
0.3499999999999338 0.35 0.09999999999980866
0.3499999999999338 0.4 0.09999999999980866
0.3499999999999338 0.45 0.09999999999980866
0.3499999999999338 0.5 0.09999999999980866
0.3499999999999338 0.55 0.09999999999980866
0.3499999999999338 0.6 0.09999999999980866
0.3499999999999338 0.65 0.09999999999980866
0.3499999999999338 0.7 0.09999999999980866
0.3499999999999338 0.75 0.09999999999980866
0.3499999999999338 0.8 0.09999999999980866
0.3499999999999338 0.85 0.09999999999980866
0.3499999999999338 0.9 0.09999999999980866
0.3499999999999338 0.95 0.09999999999980866
0.3499999999999441 0.05 0.1499999999997114
0.3499999999999441 0.1 0.1499999999997114
0.3499999999999441 0.15 0.1499999999997114
0.3499999999999441 0.2 0.1499999999997114
0.3499999999999441 0.25 0.1499999999997114
0.3499999999999441 0.3 0.1499999999997114
0.3499999999999441 0.35 0.1499999999997114
0.3499999999999441 0.4 0.1499999999997114
0.3499999999999441 0.45 0.1499999999997114
0.3499999999999441 0.5 0.1499999999997114
0.3499999999999441 0.55 0.1499999999997114
0.3499999999999441 0.6 0.1499999999997114
0.3499999999999441 0.65 0.1499999999997114
0.3499999999999441 0.7 0.1499999999997114
0.3499999999999441 0.75 0.1499999999997114
0.3499999999999441 0.8 0.1499999999997114
0.3499999999999441 0.85 0.1499999999997114
0.3499999999999441 0.9 0.1499999999997114
0.3499999999999441 0.95 0.1499999999997114
0.3499999999999497 0.05 0.199999999999638
0.3499999999999497 0.1 0.199999999999638
0.3499999999999497 0.15 0.199999999999638
0.3499999999999497 0.2 0.199999999999638
0.3499999999999497 0.25 0.199999999999638
0.3499999999999497 0.3 0.199999999999638
0.3499999999999497 0.35 0.199999999999638
0.3499999999999497 0.4 0.199999999999638
0.3499999999999497 0.45 0.199999999999638
0.3499999999999497 0.5 0.199999999999638
0.3499999999999497 0.55 0.199999999999638
0.3499999999999497 0.6 0.199999999999638
0.3499999999999497 0.65 0.199999999999638
0.3499999999999497 0.7 0.199999999999638
0.3499999999999497 0.75 0.199999999999638
0.3499999999999497 0.8 0.199999999999638
0.3499999999999497 0.85 0.199999999999638
0.3499999999999497 0.9 0.199999999999638
0.3499999999999497 0.95 0.199999999999638
0.3499999999999497 0.05 0.2499999999996319
0.3499999999999497 0.1 0.2499999999996319
0.3499999999999497 0.15 0.2499999999996319
0.3499999999999497 0.2 0.2499999999996319
0.3499999999999497 0.25 0.2499999999996319
0.3499999999999497 0.3 0.2499999999996319
0.3499999999999497 0.35 0.2499999999996319
0.3499999999999497 0.4 0.2499999999996319
0.3499999999999497 0.45 0.2499999999996319
0.3499999999999497 0.5 0.2499999999996319
0.3499999999999497 0.55 0.2499999999996319
0.3499999999999497 0.6 0.2499999999996319
0.3499999999999497 0.65 0.2499999999996319
0.3499999999999497 0.7 0.2499999999996319
0.3499999999999497 0.75 0.2499999999996319
0.3499999999999497 0.8 0.2499999999996319
0.3499999999999497 0.85 0.2499999999996319
0.3499999999999497 0.9 0.2499999999996319
0.3499999999999497 0.95 0.2499999999996319
0.349999999999944 0.05 0.2999999999996975
0.349999999999944 0.1 0.2999999999996975
0.349999999999944 0.15 0.2999999999996975
0.349999999999944 0.2 0.2999999999996975
0.349999999999944 0.25 0.2999999999996975
0.349999999999944 0.3 0.2999999999996975
0.349999999999944 0.35 0.2999999999996975
0.349999999999944 0.4 0.2999999999996975
0.349999999999944 0.45 0.2999999999996975
0.349999999999944 0.5 0.2999999999996975
0.349999999999944 0.55 0.2999999999996975
0.349999999999944 0.6 0.2999999999996975
0.349999999999944 0.65 0.2999999999996975
0.349999999999944 0.7 0.2999999999996975
0.349999999999944 0.75 0.2999999999996975
0.349999999999944 0.8 0.2999999999996975
0.349999999999944 0.85 0.2999999999996975
0.349999999999944 0.9 0.2999999999996975
0.349999999999944 0.95 0.2999999999996975
0.3499999999999337 0.05 0.349999999999789
0.3499999999999337 0.1 0.349999999999789
0.3499999999999337 0.15 0.349999999999789
0.3499999999999337 0.2 0.349999999999789
0.3499999999999337 0.25 0.349999999999789
0.3499999999999337 0.3 0.349999999999789
0.3499999999999337 0.35 0.349999999999789
0.3499999999999337 0.4 0.349999999999789
0.3499999999999337 0.45 0.349999999999789
0.3499999999999337 0.5 0.349999999999789
0.3499999999999337 0.55 0.349999999999789
0.3499999999999337 0.6 0.349999999999789
0.3499999999999337 0.65 0.349999999999789
0.3499999999999337 0.7 0.349999999999789
0.3499999999999337 0.75 0.349999999999789
0.3499999999999337 0.8 0.349999999999789
0.3499999999999337 0.85 0.349999999999789
0.3499999999999337 0.9 0.349999999999789
0.3499999999999337 0.95 0.349999999999789
0.3499999999999244 0.05 0.3999999999998923
0.3499999999999244 0.1 0.3999999999998923
0.3499999999999244 0.15 0.3999999999998923
0.3499999999999244 0.2 0.3999999999998923
0.3499999999999244 0.25 0.3999999999998923
0.3499999999999244 0.3 0.3999999999998923
0.3499999999999244 0.35 0.3999999999998923
0.3499999999999244 0.4 0.3999999999998923
0.3499999999999244 0.45 0.3999999999998923
0.3499999999999244 0.5 0.3999999999998923
0.3499999999999244 0.55 0.3999999999998923
0.3499999999999244 0.6 0.3999999999998923
0.3499999999999244 0.65 0.3999999999998923
0.3499999999999244 0.7 0.3999999999998923
0.3499999999999244 0.75 0.3999999999998923
0.3499999999999244 0.8 0.3999999999998923
0.3499999999999244 0.85 0.3999999999998923
0.3499999999999244 0.9 0.3999999999998923
0.3499999999999244 0.95 0.3999999999998923
0.3999999999998288 0.05 0.04999999999991872
0.3999999999998288 0.1 0.04999999999991872
0.3999999999998288 0.15 0.04999999999991872
0.3999999999998288 0.2 0.04999999999991872
0.3999999999998288 0.25 0.04999999999991872
0.3999999999998288 0.3 0.04999999999991872
0.3999999999998288 0.35 0.04999999999991872
0.3999999999998288 0.4 0.04999999999991872
0.3999999999998288 0.45 0.04999999999991872
0.3999999999998288 0.5 0.04999999999991872
0.3999999999998288 0.55 0.04999999999991872
0.3999999999998288 0.6 0.04999999999991872
0.3999999999998288 0.65 0.04999999999991872
0.3999999999998288 0.7 0.04999999999991872
0.3999999999998288 0.75 0.04999999999991872
0.3999999999998288 0.8 0.04999999999991872
0.3999999999998288 0.85 0.04999999999991872
0.3999999999998288 0.9 0.04999999999991872
0.3999999999998288 0.95 0.04999999999991872
0.3999999999998669 0.05 0.09999999999983875
0.3999999999998669 0.1 0.09999999999983875
0.3999999999998669 0.15 0.09999999999983875
0.3999999999998669 0.2 0.09999999999983875
0.3999999999998669 0.25 0.09999999999983875
0.3999999999998669 0.3 0.09999999999983875
0.3999999999998669 0.35 0.09999999999983875
0.3999999999998669 0.4 0.09999999999983875
0.3999999999998669 0.45 0.09999999999983875
0.3999999999998669 0.5 0.09999999999983875
0.3999999999998669 0.55 0.09999999999983875
0.3999999999998669 0.6 0.09999999999983875
0.3999999999998669 0.65 0.09999999999983875
0.3999999999998669 0.7 0.09999999999983875
0.3999999999998669 0.75 0.09999999999983875
0.3999999999998669 0.8 0.09999999999983875
0.3999999999998669 0.85 0.09999999999983875
0.3999999999998669 0.9 0.09999999999983875
0.3999999999998669 0.95 0.09999999999983875
0.3999999999998926 0.05 0.1499999999997693
0.3999999999998926 0.1 0.1499999999997693
0.3999999999998926 0.15 0.1499999999997693
0.3999999999998926 0.2 0.1499999999997693
0.3999999999998926 0.25 0.1499999999997693
0.3999999999998926 0.3 0.1499999999997693
0.3999999999998926 0.35 0.1499999999997693
0.3999999999998926 0.4 0.1499999999997693
0.3999999999998926 0.45 0.1499999999997693
0.3999999999998926 0.5 0.1499999999997693
0.3999999999998926 0.55 0.1499999999997693
0.3999999999998926 0.6 0.1499999999997693
0.3999999999998926 0.65 0.1499999999997693
0.3999999999998926 0.7 0.1499999999997693
0.3999999999998926 0.75 0.1499999999997693
0.3999999999998926 0.8 0.1499999999997693
0.3999999999998926 0.85 0.1499999999997693
0.3999999999998926 0.9 0.1499999999997693
0.3999999999998926 0.95 0.1499999999997693
0.3999999999999052 0.05 0.1999999999997245
0.3999999999999052 0.1 0.1999999999997245
0.3999999999999052 0.15 0.1999999999997245
0.3999999999999052 0.2 0.1999999999997245
0.3999999999999052 0.25 0.1999999999997245
0.3999999999999052 0.3 0.1999999999997245
0.3999999999999052 0.35 0.1999999999997245
0.3999999999999052 0.4 0.1999999999997245
0.3999999999999052 0.45 0.1999999999997245
0.3999999999999052 0.5 0.1999999999997245
0.3999999999999052 0.55 0.1999999999997245
0.3999999999999052 0.6 0.1999999999997245
0.3999999999999052 0.65 0.1999999999997245
0.3999999999999052 0.7 0.1999999999997245
0.3999999999999052 0.75 0.1999999999997245
0.3999999999999052 0.8 0.1999999999997245
0.3999999999999052 0.85 0.1999999999997245
0.3999999999999052 0.9 0.1999999999997245
0.3999999999999052 0.95 0.1999999999997245
0.3999999999999052 0.05 0.2499999999997213
0.3999999999999052 0.1 0.2499999999997213
0.3999999999999052 0.15 0.2499999999997213
0.3999999999999052 0.2 0.2499999999997213
0.3999999999999052 0.25 0.2499999999997213
0.3999999999999052 0.3 0.2499999999997213
0.3999999999999052 0.35 0.2499999999997213
0.3999999999999052 0.4 0.2499999999997213
0.3999999999999052 0.45 0.2499999999997213
0.3999999999999052 0.5 0.2499999999997213
0.3999999999999052 0.55 0.2499999999997213
0.3999999999999052 0.6 0.2499999999997213
0.3999999999999052 0.65 0.2499999999997213
0.3999999999999052 0.7 0.2499999999997213
0.3999999999999052 0.75 0.2499999999997213
0.3999999999999052 0.8 0.2499999999997213
0.3999999999999052 0.85 0.2499999999997213
0.3999999999999052 0.9 0.2499999999997213
0.3999999999999052 0.95 0.2499999999997213
0.3999999999998925 0.05 0.2999999999997611
0.3999999999998925 0.1 0.2999999999997611
0.3999999999998925 0.15 0.2999999999997611
0.3999999999998925 0.2 0.2999999999997611
0.3999999999998925 0.25 0.2999999999997611
0.3999999999998925 0.3 0.2999999999997611
0.3999999999998925 0.35 0.2999999999997611
0.3999999999998925 0.4 0.2999999999997611
0.3999999999998925 0.45 0.2999999999997611
0.3999999999998925 0.5 0.2999999999997611
0.3999999999998925 0.55 0.2999999999997611
0.3999999999998925 0.6 0.2999999999997611
0.3999999999998925 0.65 0.2999999999997611
0.3999999999998925 0.7 0.2999999999997611
0.3999999999998925 0.75 0.2999999999997611
0.3999999999998925 0.8 0.2999999999997611
0.3999999999998925 0.85 0.2999999999997611
0.3999999999998925 0.9 0.2999999999997611
0.3999999999998925 0.95 0.2999999999997611
0.3999999999998667 0.05 0.3499999999998282
0.3999999999998667 0.1 0.3499999999998282
0.3999999999998667 0.15 0.3499999999998282
0.3999999999998667 0.2 0.3499999999998282
0.3999999999998667 0.25 0.3499999999998282
0.3999999999998667 0.3 0.3499999999998282
0.3999999999998667 0.35 0.3499999999998282
0.3999999999998667 0.4 0.3499999999998282
0.3999999999998667 0.45 0.3499999999998282
0.3999999999998667 0.5 0.3499999999998282
0.3999999999998667 0.55 0.3499999999998282
0.3999999999998667 0.6 0.3499999999998282
0.3999999999998667 0.65 0.3499999999998282
0.3999999999998667 0.7 0.3499999999998282
0.3999999999998667 0.75 0.3499999999998282
0.3999999999998667 0.8 0.3499999999998282
0.3999999999998667 0.85 0.3499999999998282
0.3999999999998667 0.9 0.3499999999998282
0.3999999999998667 0.95 0.3499999999998282
0.3999999999998288 0.05 0.3999999999999106
0.3999999999998288 0.1 0.3999999999999106
0.3999999999998288 0.15 0.3999999999999106
0.3999999999998288 0.2 0.3999999999999106
0.3999999999998288 0.25 0.3999999999999106
0.3999999999998288 0.3 0.3999999999999106
0.3999999999998288 0.35 0.3999999999999106
0.3999999999998288 0.4 0.3999999999999106
0.3999999999998288 0.45 0.3999999999999106
0.3999999999998288 0.5 0.3999999999999106
0.3999999999998288 0.55 0.3999999999999106
0.3999999999998288 0.6 0.3999999999999106
0.3999999999998288 0.65 0.3999999999999106
0.3999999999998288 0.7 0.3999999999999106
0.3999999999998288 0.75 0.3999999999999106
0.3999999999998288 0.8 0.3999999999999106
0.3999999999998288 0.85 0.3999999999999106
0.3999999999998288 0.9 0.3999999999999106
0.3999999999998288 0.95 0.3999999999999106
0.4499999999997408 0.05 0.0499999999999266
0.4499999999997408 0.1 0.0499999999999266
0.4499999999997408 0.15 0.0499999999999266
0.4499999999997408 0.2 0.0499999999999266
0.4499999999997408 0.25 0.0499999999999266
0.4499999999997408 0.3 0.0499999999999266
0.4499999999997408 0.35 0.0499999999999266
0.4499999999997408 0.4 0.0499999999999266
0.4499999999997408 0.45 0.0499999999999266
0.4499999999997408 0.5 0.0499999999999266
0.4499999999997408 0.55 0.0499999999999266
0.4499999999997408 0.6 0.0499999999999266
0.4499999999997408 0.65 0.0499999999999266
0.4499999999997408 0.7 0.0499999999999266
0.4499999999997408 0.75 0.0499999999999266
0.4499999999997408 0.8 0.0499999999999266
0.4499999999997408 0.85 0.0499999999999266
0.4499999999997408 0.9 0.0499999999999266
0.4499999999997408 0.95 0.0499999999999266
0.4499999999998123 0.05 0.09999999999985822
0.4499999999998123 0.1 0.09999999999985822
0.4499999999998123 0.15 0.09999999999985822
0.4499999999998123 0.2 0.09999999999985822
0.4499999999998123 0.25 0.09999999999985822
0.4499999999998123 0.3 0.09999999999985822
0.4499999999998123 0.35 0.09999999999985822
0.4499999999998123 0.4 0.09999999999985822
0.4499999999998123 0.45 0.09999999999985822
0.4499999999998123 0.5 0.09999999999985822
0.4499999999998123 0.55 0.09999999999985822
0.4499999999998123 0.6 0.09999999999985822
0.4499999999998123 0.65 0.09999999999985822
0.4499999999998123 0.7 0.09999999999985822
0.4499999999998123 0.75 0.09999999999985822
0.4499999999998123 0.8 0.09999999999985822
0.4499999999998123 0.85 0.09999999999985822
0.4499999999998123 0.9 0.09999999999985822
0.4499999999998123 0.95 0.09999999999985822
0.4499999999998542 0.05 0.1499999999998027
0.4499999999998542 0.1 0.1499999999998027
0.4499999999998542 0.15 0.1499999999998027
0.4499999999998542 0.2 0.1499999999998027
0.4499999999998542 0.25 0.1499999999998027
0.4499999999998542 0.3 0.1499999999998027
0.4499999999998542 0.35 0.1499999999998027
0.4499999999998542 0.4 0.1499999999998027
0.4499999999998542 0.45 0.1499999999998027
0.4499999999998542 0.5 0.1499999999998027
0.4499999999998542 0.55 0.1499999999998027
0.4499999999998542 0.6 0.1499999999998027
0.4499999999998542 0.65 0.1499999999998027
0.4499999999998542 0.7 0.1499999999998027
0.4499999999998542 0.75 0.1499999999998027
0.4499999999998542 0.8 0.1499999999998027
0.4499999999998542 0.85 0.1499999999998027
0.4499999999998542 0.9 0.1499999999998027
0.4499999999998542 0.95 0.1499999999998027
0.4499999999998734 0.05 0.1999999999997696
0.4499999999998734 0.1 0.1999999999997696
0.4499999999998734 0.15 0.1999999999997696
0.4499999999998734 0.2 0.1999999999997696
0.4499999999998734 0.25 0.1999999999997696
0.4499999999998734 0.3 0.1999999999997696
0.4499999999998734 0.35 0.1999999999997696
0.4499999999998734 0.4 0.1999999999997696
0.4499999999998734 0.45 0.1999999999997696
0.4499999999998734 0.5 0.1999999999997696
0.4499999999998734 0.55 0.1999999999997696
0.4499999999998734 0.6 0.1999999999997696
0.4499999999998734 0.65 0.1999999999997696
0.4499999999998734 0.7 0.1999999999997696
0.4499999999998734 0.75 0.1999999999997696
0.4499999999998734 0.8 0.1999999999997696
0.4499999999998734 0.85 0.1999999999997696
0.4499999999998734 0.9 0.1999999999997696
0.4499999999998734 0.95 0.1999999999997696
0.4499999999998734 0.05 0.2499999999997675
0.4499999999998734 0.1 0.2499999999997675
0.4499999999998734 0.15 0.2499999999997675
0.4499999999998734 0.2 0.2499999999997675
0.4499999999998734 0.25 0.2499999999997675
0.4499999999998734 0.3 0.2499999999997675
0.4499999999998734 0.35 0.2499999999997675
0.4499999999998734 0.4 0.2499999999997675
0.4499999999998734 0.45 0.2499999999997675
0.4499999999998734 0.5 0.2499999999997675
0.4499999999998734 0.55 0.2499999999997675
0.4499999999998734 0.6 0.2499999999997675
0.4499999999998734 0.65 0.2499999999997675
0.4499999999998734 0.7 0.2499999999997675
0.4499999999998734 0.75 0.2499999999997675
0.4499999999998734 0.8 0.2499999999997675
0.4499999999998734 0.85 0.2499999999997675
0.4499999999998734 0.9 0.2499999999997675
0.4499999999998734 0.95 0.2499999999997675
0.4499999999998541 0.05 0.2999999999997974
0.4499999999998541 0.1 0.2999999999997974
0.4499999999998541 0.15 0.2999999999997974
0.4499999999998541 0.2 0.2999999999997974
0.4499999999998541 0.25 0.2999999999997974
0.4499999999998541 0.3 0.2999999999997974
0.4499999999998541 0.35 0.2999999999997974
0.4499999999998541 0.4 0.2999999999997974
0.4499999999998541 0.45 0.2999999999997974
0.4499999999998541 0.5 0.2999999999997974
0.4499999999998541 0.55 0.2999999999997974
0.4499999999998541 0.6 0.2999999999997974
0.4499999999998541 0.65 0.2999999999997974
0.4499999999998541 0.7 0.2999999999997974
0.4499999999998541 0.75 0.2999999999997974
0.4499999999998541 0.8 0.2999999999997974
0.4499999999998541 0.85 0.2999999999997974
0.4499999999998541 0.9 0.2999999999997974
0.4499999999998541 0.95 0.2999999999997974
0.4499999999998123 0.05 0.3499999999998519
0.4499999999998123 0.1 0.3499999999998519
0.4499999999998123 0.15 0.3499999999998519
0.4499999999998123 0.2 0.3499999999998519
0.4499999999998123 0.25 0.3499999999998519
0.4499999999998123 0.3 0.3499999999998519
0.4499999999998123 0.35 0.3499999999998519
0.4499999999998123 0.4 0.3499999999998519
0.4499999999998123 0.45 0.3499999999998519
0.4499999999998123 0.5 0.3499999999998519
0.4499999999998123 0.55 0.3499999999998519
0.4499999999998123 0.6 0.3499999999998519
0.4499999999998123 0.65 0.3499999999998519
0.4499999999998123 0.7 0.3499999999998519
0.4499999999998123 0.75 0.3499999999998519
0.4499999999998123 0.8 0.3499999999998519
0.4499999999998123 0.85 0.3499999999998519
0.4499999999998123 0.9 0.3499999999998519
0.4499999999998123 0.95 0.3499999999998519
0.4499999999997408 0.05 0.3999999999999222
0.4499999999997408 0.1 0.3999999999999222
0.4499999999997408 0.15 0.3999999999999222
0.4499999999997408 0.2 0.3999999999999222
0.4499999999997408 0.25 0.3999999999999222
0.4499999999997408 0.3 0.3999999999999222
0.4499999999997408 0.35 0.3999999999999222
0.4499999999997408 0.4 0.3999999999999222
0.4499999999997408 0.45 0.3999999999999222
0.4499999999997408 0.5 0.3999999999999222
0.4499999999997408 0.55 0.3999999999999222
0.4499999999997408 0.6 0.3999999999999222
0.4499999999997408 0.65 0.3999999999999222
0.4499999999997408 0.7 0.3999999999999222
0.4499999999997408 0.75 0.3999999999999222
0.4499999999997408 0.8 0.3999999999999222
0.4499999999997408 0.85 0.3999999999999222
0.4499999999997408 0.9 0.3999999999999222
0.4499999999997408 0.95 0.3999999999999222
0.4999999999996909 0.05 0.04999999999992952
0.4999999999996909 0.1 0.04999999999992952
0.4999999999996909 0.15 0.04999999999992952
0.4999999999996909 0.2 0.04999999999992952
0.4999999999996909 0.25 0.04999999999992952
0.4999999999996909 0.3 0.04999999999992952
0.4999999999996909 0.35 0.04999999999992952
0.4999999999996909 0.4 0.04999999999992952
0.4999999999996909 0.45 0.04999999999992952
0.4999999999996909 0.5 0.04999999999992952
0.4999999999996909 0.55 0.04999999999992952
0.4999999999996909 0.6 0.04999999999992952
0.4999999999996909 0.65 0.04999999999992952
0.4999999999996909 0.7 0.04999999999992952
0.4999999999996909 0.75 0.04999999999992952
0.4999999999996909 0.8 0.04999999999992952
0.4999999999996909 0.85 0.04999999999992952
0.4999999999996909 0.9 0.04999999999992952
0.4999999999996909 0.95 0.04999999999992952
0.4999999999997872 0.05 0.09999999999986485
0.4999999999997872 0.1 0.09999999999986485
0.4999999999997872 0.15 0.09999999999986485
0.4999999999997872 0.2 0.09999999999986485
0.4999999999997872 0.25 0.09999999999986485
0.4999999999997872 0.3 0.09999999999986485
0.4999999999997872 0.35 0.09999999999986485
0.4999999999997872 0.4 0.09999999999986485
0.4999999999997872 0.45 0.09999999999986485
0.4999999999997872 0.5 0.09999999999986485
0.4999999999997872 0.55 0.09999999999986485
0.4999999999997872 0.6 0.09999999999986485
0.4999999999997872 0.65 0.09999999999986485
0.4999999999997872 0.7 0.09999999999986485
0.4999999999997872 0.75 0.09999999999986485
0.4999999999997872 0.8 0.09999999999986485
0.4999999999997872 0.85 0.09999999999986485
0.4999999999997872 0.9 0.09999999999986485
0.4999999999997872 0.95 0.09999999999986485
0.4999999999998383 0.05 0.1499999999998135
0.4999999999998383 0.1 0.1499999999998135
0.4999999999998383 0.15 0.1499999999998135
0.4999999999998383 0.2 0.1499999999998135
0.4999999999998383 0.25 0.1499999999998135
0.4999999999998383 0.3 0.1499999999998135
0.4999999999998383 0.35 0.1499999999998135
0.4999999999998383 0.4 0.1499999999998135
0.4999999999998383 0.45 0.1499999999998135
0.4999999999998383 0.5 0.1499999999998135
0.4999999999998383 0.55 0.1499999999998135
0.4999999999998383 0.6 0.1499999999998135
0.4999999999998383 0.65 0.1499999999998135
0.4999999999998383 0.7 0.1499999999998135
0.4999999999998383 0.75 0.1499999999998135
0.4999999999998383 0.8 0.1499999999998135
0.4999999999998383 0.85 0.1499999999998135
0.4999999999998383 0.9 0.1499999999998135
0.4999999999998383 0.95 0.1499999999998135
0.4999999999998611 0.05 0.1999999999997837
0.4999999999998611 0.1 0.1999999999997837
0.4999999999998611 0.15 0.1999999999997837
0.4999999999998611 0.2 0.1999999999997837
0.4999999999998611 0.25 0.1999999999997837
0.4999999999998611 0.3 0.1999999999997837
0.4999999999998611 0.35 0.1999999999997837
0.4999999999998611 0.4 0.1999999999997837
0.4999999999998611 0.45 0.1999999999997837
0.4999999999998611 0.5 0.1999999999997837
0.4999999999998611 0.55 0.1999999999997837
0.4999999999998611 0.6 0.1999999999997837
0.4999999999998611 0.65 0.1999999999997837
0.4999999999998611 0.7 0.1999999999997837
0.4999999999998611 0.75 0.1999999999997837
0.4999999999998611 0.8 0.1999999999997837
0.4999999999998611 0.85 0.1999999999997837
0.4999999999998611 0.9 0.1999999999997837
0.4999999999998611 0.95 0.1999999999997837
0.4999999999998611 0.05 0.249999999999782
0.4999999999998611 0.1 0.249999999999782
0.4999999999998611 0.15 0.249999999999782
0.4999999999998611 0.2 0.249999999999782
0.4999999999998611 0.25 0.249999999999782
0.4999999999998611 0.3 0.249999999999782
0.4999999999998611 0.35 0.249999999999782
0.4999999999998611 0.4 0.249999999999782
0.4999999999998611 0.45 0.249999999999782
0.4999999999998611 0.5 0.249999999999782
0.4999999999998611 0.55 0.249999999999782
0.4999999999998611 0.6 0.249999999999782
0.4999999999998611 0.65 0.249999999999782
0.4999999999998611 0.7 0.249999999999782
0.4999999999998611 0.75 0.249999999999782
0.4999999999998611 0.8 0.249999999999782
0.4999999999998611 0.85 0.249999999999782
0.4999999999998611 0.9 0.249999999999782
0.4999999999998611 0.95 0.249999999999782
0.4999999999998384 0.05 0.2999999999998091
0.4999999999998384 0.1 0.2999999999998091
0.4999999999998384 0.15 0.2999999999998091
0.4999999999998384 0.2 0.2999999999998091
0.4999999999998384 0.25 0.2999999999998091
0.4999999999998384 0.3 0.2999999999998091
0.4999999999998384 0.35 0.2999999999998091
0.4999999999998384 0.4 0.2999999999998091
0.4999999999998384 0.45 0.2999999999998091
0.4999999999998384 0.5 0.2999999999998091
0.4999999999998384 0.55 0.2999999999998091
0.4999999999998384 0.6 0.2999999999998091
0.4999999999998384 0.65 0.2999999999998091
0.4999999999998384 0.7 0.2999999999998091
0.4999999999998384 0.75 0.2999999999998091
0.4999999999998384 0.8 0.2999999999998091
0.4999999999998384 0.85 0.2999999999998091
0.4999999999998384 0.9 0.2999999999998091
0.4999999999998384 0.95 0.2999999999998091
0.4999999999997872 0.05 0.3499999999998597
0.4999999999997872 0.1 0.3499999999998597
0.4999999999997872 0.15 0.3499999999998597
0.4999999999997872 0.2 0.3499999999998597
0.4999999999997872 0.25 0.3499999999998597
0.4999999999997872 0.3 0.3499999999998597
0.4999999999997872 0.35 0.3499999999998597
0.4999999999997872 0.4 0.3499999999998597
0.4999999999997872 0.45 0.3499999999998597
0.4999999999997872 0.5 0.3499999999998597
0.4999999999997872 0.55 0.3499999999998597
0.4999999999997872 0.6 0.3499999999998597
0.4999999999997872 0.65 0.3499999999998597
0.4999999999997872 0.7 0.3499999999998597
0.4999999999997872 0.75 0.3499999999998597
0.4999999999997872 0.8 0.3499999999998597
0.4999999999997872 0.85 0.3499999999998597
0.4999999999997872 0.9 0.3499999999998597
0.4999999999997872 0.95 0.3499999999998597
0.4999999999996909 0.05 0.399999999999926
0.4999999999996909 0.1 0.399999999999926
0.4999999999996909 0.15 0.399999999999926
0.4999999999996909 0.2 0.399999999999926
0.4999999999996909 0.25 0.399999999999926
0.4999999999996909 0.3 0.399999999999926
0.4999999999996909 0.35 0.399999999999926
0.4999999999996909 0.4 0.399999999999926
0.4999999999996909 0.45 0.399999999999926
0.4999999999996909 0.5 0.399999999999926
0.4999999999996909 0.55 0.399999999999926
0.4999999999996909 0.6 0.399999999999926
0.4999999999996909 0.65 0.399999999999926
0.4999999999996909 0.7 0.399999999999926
0.4999999999996909 0.75 0.399999999999926
0.4999999999996909 0.8 0.399999999999926
0.4999999999996909 0.85 0.399999999999926
0.4999999999996909 0.9 0.399999999999926
0.4999999999996909 0.95 0.399999999999926
0.5499999999997343 0.05 0.04999999999992661
0.5499999999997343 0.1 0.04999999999992661
0.5499999999997343 0.15 0.04999999999992661
0.5499999999997343 0.2 0.04999999999992661
0.5499999999997343 0.25 0.04999999999992661
0.5499999999997343 0.3 0.04999999999992661
0.5499999999997343 0.35 0.04999999999992661
0.5499999999997343 0.4 0.04999999999992661
0.5499999999997343 0.45 0.04999999999992661
0.5499999999997343 0.5 0.04999999999992661
0.5499999999997343 0.55 0.04999999999992661
0.5499999999997343 0.6 0.04999999999992661
0.5499999999997343 0.65 0.04999999999992661
0.5499999999997343 0.7 0.04999999999992661
0.5499999999997343 0.75 0.04999999999992661
0.5499999999997343 0.8 0.04999999999992661
0.5499999999997343 0.85 0.04999999999992661
0.5499999999997343 0.9 0.04999999999992661
0.5499999999997343 0.95 0.04999999999992661
0.5499999999998073 0.05 0.0999999999998582
0.5499999999998073 0.1 0.0999999999998582
0.5499999999998073 0.15 0.0999999999998582
0.5499999999998073 0.2 0.0999999999998582
0.5499999999998073 0.25 0.0999999999998582
0.5499999999998073 0.3 0.0999999999998582
0.5499999999998073 0.35 0.0999999999998582
0.5499999999998073 0.4 0.0999999999998582
0.5499999999998073 0.45 0.0999999999998582
0.5499999999998073 0.5 0.0999999999998582
0.5499999999998073 0.55 0.0999999999998582
0.5499999999998073 0.6 0.0999999999998582
0.5499999999998073 0.65 0.0999999999998582
0.5499999999998073 0.7 0.0999999999998582
0.5499999999998073 0.75 0.0999999999998582
0.5499999999998073 0.8 0.0999999999998582
0.5499999999998073 0.85 0.0999999999998582
0.5499999999998073 0.9 0.0999999999998582
0.5499999999998073 0.95 0.0999999999998582
0.5499999999998511 0.05 0.1499999999998027
0.5499999999998511 0.1 0.1499999999998027
0.5499999999998511 0.15 0.1499999999998027
0.5499999999998511 0.2 0.1499999999998027
0.5499999999998511 0.25 0.1499999999998027
0.5499999999998511 0.3 0.1499999999998027
0.5499999999998511 0.35 0.1499999999998027
0.5499999999998511 0.4 0.1499999999998027
0.5499999999998511 0.45 0.1499999999998027
0.5499999999998511 0.5 0.1499999999998027
0.5499999999998511 0.55 0.1499999999998027
0.5499999999998511 0.6 0.1499999999998027
0.5499999999998511 0.65 0.1499999999998027
0.5499999999998511 0.7 0.1499999999998027
0.5499999999998511 0.75 0.1499999999998027
0.5499999999998511 0.8 0.1499999999998027
0.5499999999998511 0.85 0.1499999999998027
0.5499999999998511 0.9 0.1499999999998027
0.5499999999998511 0.95 0.1499999999998027
0.5499999999998714 0.05 0.1999999999997696
0.5499999999998714 0.1 0.1999999999997696
0.5499999999998714 0.15 0.1999999999997696
0.5499999999998714 0.2 0.1999999999997696
0.5499999999998714 0.25 0.1999999999997696
0.5499999999998714 0.3 0.1999999999997696
0.5499999999998714 0.35 0.1999999999997696
0.5499999999998714 0.4 0.1999999999997696
0.5499999999998714 0.45 0.1999999999997696
0.5499999999998714 0.5 0.1999999999997696
0.5499999999998714 0.55 0.1999999999997696
0.5499999999998714 0.6 0.1999999999997696
0.5499999999998714 0.65 0.1999999999997696
0.5499999999998714 0.7 0.1999999999997696
0.5499999999998714 0.75 0.1999999999997696
0.5499999999998714 0.8 0.1999999999997696
0.5499999999998714 0.85 0.1999999999997696
0.5499999999998714 0.9 0.1999999999997696
0.5499999999998714 0.95 0.1999999999997696
0.5499999999998714 0.05 0.2499999999997675
0.5499999999998714 0.1 0.2499999999997675
0.5499999999998714 0.15 0.2499999999997675
0.5499999999998714 0.2 0.2499999999997675
0.5499999999998714 0.25 0.2499999999997675
0.5499999999998714 0.3 0.2499999999997675
0.5499999999998714 0.35 0.2499999999997675
0.5499999999998714 0.4 0.2499999999997675
0.5499999999998714 0.45 0.2499999999997675
0.5499999999998714 0.5 0.2499999999997675
0.5499999999998714 0.55 0.2499999999997675
0.5499999999998714 0.6 0.2499999999997675
0.5499999999998714 0.65 0.2499999999997675
0.5499999999998714 0.7 0.2499999999997675
0.5499999999998714 0.75 0.2499999999997675
0.5499999999998714 0.8 0.2499999999997675
0.5499999999998714 0.85 0.2499999999997675
0.5499999999998714 0.9 0.2499999999997675
0.5499999999998714 0.95 0.2499999999997675
0.5499999999998511 0.05 0.2999999999997973
0.5499999999998511 0.1 0.2999999999997973
0.5499999999998511 0.15 0.2999999999997973
0.5499999999998511 0.2 0.2999999999997973
0.5499999999998511 0.25 0.2999999999997973
0.5499999999998511 0.3 0.2999999999997973
0.5499999999998511 0.35 0.2999999999997973
0.5499999999998511 0.4 0.2999999999997973
0.5499999999998511 0.45 0.2999999999997973
0.5499999999998511 0.5 0.2999999999997973
0.5499999999998511 0.55 0.2999999999997973
0.5499999999998511 0.6 0.2999999999997973
0.5499999999998511 0.65 0.2999999999997973
0.5499999999998511 0.7 0.2999999999997973
0.5499999999998511 0.75 0.2999999999997973
0.5499999999998511 0.8 0.2999999999997973
0.5499999999998511 0.85 0.2999999999997973
0.5499999999998511 0.9 0.2999999999997973
0.5499999999998511 0.95 0.2999999999997973
0.5499999999998073 0.05 0.3499999999998518
0.5499999999998073 0.1 0.3499999999998518
0.5499999999998073 0.15 0.3499999999998518
0.5499999999998073 0.2 0.3499999999998518
0.5499999999998073 0.25 0.3499999999998518
0.5499999999998073 0.3 0.3499999999998518
0.5499999999998073 0.35 0.3499999999998518
0.5499999999998073 0.4 0.3499999999998518
0.5499999999998073 0.45 0.3499999999998518
0.5499999999998073 0.5 0.3499999999998518
0.5499999999998073 0.55 0.3499999999998518
0.5499999999998073 0.6 0.3499999999998518
0.5499999999998073 0.65 0.3499999999998518
0.5499999999998073 0.7 0.3499999999998518
0.5499999999998073 0.75 0.3499999999998518
0.5499999999998073 0.8 0.3499999999998518
0.5499999999998073 0.85 0.3499999999998518
0.5499999999998073 0.9 0.3499999999998518
0.5499999999998073 0.95 0.3499999999998518
0.5499999999997344 0.05 0.3999999999999221
0.5499999999997344 0.1 0.3999999999999221
0.5499999999997344 0.15 0.3999999999999221
0.5499999999997344 0.2 0.3999999999999221
0.5499999999997344 0.25 0.3999999999999221
0.5499999999997344 0.3 0.3999999999999221
0.5499999999997344 0.35 0.3999999999999221
0.5499999999997344 0.4 0.3999999999999221
0.5499999999997344 0.45 0.3999999999999221
0.5499999999997344 0.5 0.3999999999999221
0.5499999999997344 0.55 0.3999999999999221
0.5499999999997344 0.6 0.3999999999999221
0.5499999999997344 0.65 0.3999999999999221
0.5499999999997344 0.7 0.3999999999999221
0.5499999999997344 0.75 0.3999999999999221
0.5499999999997344 0.8 0.3999999999999221
0.5499999999997344 0.85 0.3999999999999221
0.5499999999997344 0.9 0.3999999999999221
0.5499999999997344 0.95 0.3999999999999221
0.5999999999998077 0.05 0.04999999999991873
0.5999999999998077 0.1 0.04999999999991873
0.5999999999998077 0.15 0.04999999999991873
0.5999999999998077 0.2 0.04999999999991873
0.5999999999998077 0.25 0.04999999999991873
0.5999999999998077 0.3 0.04999999999991873
0.5999999999998077 0.35 0.04999999999991873
0.5999999999998077 0.4 0.04999999999991873
0.5999999999998077 0.45 0.04999999999991873
0.5999999999998077 0.5 0.04999999999991873
0.5999999999998077 0.55 0.04999999999991873
0.5999999999998077 0.6 0.04999999999991873
0.5999999999998077 0.65 0.04999999999991873
0.5999999999998077 0.7 0.04999999999991873
0.5999999999998077 0.75 0.04999999999991873
0.5999999999998077 0.8 0.04999999999991873
0.5999999999998077 0.85 0.04999999999991873
0.5999999999998077 0.9 0.04999999999991873
0.5999999999998077 0.95 0.04999999999991873
0.5999999999998568 0.05 0.09999999999983873
0.5999999999998568 0.1 0.09999999999983873
0.5999999999998568 0.15 0.09999999999983873
0.5999999999998568 0.2 0.09999999999983873
0.5999999999998568 0.25 0.09999999999983873
0.5999999999998568 0.3 0.09999999999983873
0.5999999999998568 0.35 0.09999999999983873
0.5999999999998568 0.4 0.09999999999983873
0.5999999999998568 0.45 0.09999999999983873
0.5999999999998568 0.5 0.09999999999983873
0.5999999999998568 0.55 0.09999999999983873
0.5999999999998568 0.6 0.09999999999983873
0.5999999999998568 0.65 0.09999999999983873
0.5999999999998568 0.7 0.09999999999983873
0.5999999999998568 0.75 0.09999999999983873
0.5999999999998568 0.8 0.09999999999983873
0.5999999999998568 0.85 0.09999999999983873
0.5999999999998568 0.9 0.09999999999983873
0.5999999999998568 0.95 0.09999999999983873
0.5999999999998873 0.05 0.1499999999997693
0.5999999999998873 0.1 0.1499999999997693
0.5999999999998873 0.15 0.1499999999997693
0.5999999999998873 0.2 0.1499999999997693
0.5999999999998873 0.25 0.1499999999997693
0.5999999999998873 0.3 0.1499999999997693
0.5999999999998873 0.35 0.1499999999997693
0.5999999999998873 0.4 0.1499999999997693
0.5999999999998873 0.45 0.1499999999997693
0.5999999999998873 0.5 0.1499999999997693
0.5999999999998873 0.55 0.1499999999997693
0.5999999999998873 0.6 0.1499999999997693
0.5999999999998873 0.65 0.1499999999997693
0.5999999999998873 0.7 0.1499999999997693
0.5999999999998873 0.75 0.1499999999997693
0.5999999999998873 0.8 0.1499999999997693
0.5999999999998873 0.85 0.1499999999997693
0.5999999999998873 0.9 0.1499999999997693
0.5999999999998873 0.95 0.1499999999997693
0.5999999999999019 0.05 0.1999999999997245
0.5999999999999019 0.1 0.1999999999997245
0.5999999999999019 0.15 0.1999999999997245
0.5999999999999019 0.2 0.1999999999997245
0.5999999999999019 0.25 0.1999999999997245
0.5999999999999019 0.3 0.1999999999997245
0.5999999999999019 0.35 0.1999999999997245
0.5999999999999019 0.4 0.1999999999997245
0.5999999999999019 0.45 0.1999999999997245
0.5999999999999019 0.5 0.1999999999997245
0.5999999999999019 0.55 0.1999999999997245
0.5999999999999019 0.6 0.1999999999997245
0.5999999999999019 0.65 0.1999999999997245
0.5999999999999019 0.7 0.1999999999997245
0.5999999999999019 0.75 0.1999999999997245
0.5999999999999019 0.8 0.1999999999997245
0.5999999999999019 0.85 0.1999999999997245
0.5999999999999019 0.9 0.1999999999997245
0.5999999999999019 0.95 0.1999999999997245
0.5999999999999019 0.05 0.2499999999997212
0.5999999999999019 0.1 0.2499999999997212
0.5999999999999019 0.15 0.2499999999997212
0.5999999999999019 0.2 0.2499999999997212
0.5999999999999019 0.25 0.2499999999997212
0.5999999999999019 0.3 0.2499999999997212
0.5999999999999019 0.35 0.2499999999997212
0.5999999999999019 0.4 0.2499999999997212
0.5999999999999019 0.45 0.2499999999997212
0.5999999999999019 0.5 0.2499999999997212
0.5999999999999019 0.55 0.2499999999997212
0.5999999999999019 0.6 0.2499999999997212
0.5999999999999019 0.65 0.2499999999997212
0.5999999999999019 0.7 0.2499999999997212
0.5999999999999019 0.75 0.2499999999997212
0.5999999999999019 0.8 0.2499999999997212
0.5999999999999019 0.85 0.2499999999997212
0.5999999999999019 0.9 0.2499999999997212
0.5999999999999019 0.95 0.2499999999997212
0.5999999999998873 0.05 0.299999999999761
0.5999999999998873 0.1 0.299999999999761
0.5999999999998873 0.15 0.299999999999761
0.5999999999998873 0.2 0.299999999999761
0.5999999999998873 0.25 0.299999999999761
0.5999999999998873 0.3 0.299999999999761
0.5999999999998873 0.35 0.299999999999761
0.5999999999998873 0.4 0.299999999999761
0.5999999999998873 0.45 0.299999999999761
0.5999999999998873 0.5 0.299999999999761
0.5999999999998873 0.55 0.299999999999761
0.5999999999998873 0.6 0.299999999999761
0.5999999999998873 0.65 0.299999999999761
0.5999999999998873 0.7 0.299999999999761
0.5999999999998873 0.75 0.299999999999761
0.5999999999998873 0.8 0.299999999999761
0.5999999999998873 0.85 0.299999999999761
0.5999999999998873 0.9 0.299999999999761
0.5999999999998873 0.95 0.299999999999761
0.5999999999998566 0.05 0.3499999999998281
0.5999999999998566 0.1 0.3499999999998281
0.5999999999998566 0.15 0.3499999999998281
0.5999999999998566 0.2 0.3499999999998281
0.5999999999998566 0.25 0.3499999999998281
0.5999999999998566 0.3 0.3499999999998281
0.5999999999998566 0.35 0.3499999999998281
0.5999999999998566 0.4 0.3499999999998281
0.5999999999998566 0.45 0.3499999999998281
0.5999999999998566 0.5 0.3499999999998281
0.5999999999998566 0.55 0.3499999999998281
0.5999999999998566 0.6 0.3499999999998281
0.5999999999998566 0.65 0.3499999999998281
0.5999999999998566 0.7 0.3499999999998281
0.5999999999998566 0.75 0.3499999999998281
0.5999999999998566 0.8 0.3499999999998281
0.5999999999998566 0.85 0.3499999999998281
0.5999999999998566 0.9 0.3499999999998281
0.5999999999998566 0.95 0.3499999999998281
0.5999999999998078 0.05 0.3999999999999106
0.5999999999998078 0.1 0.3999999999999106
0.5999999999998078 0.15 0.3999999999999106
0.5999999999998078 0.2 0.3999999999999106
0.5999999999998078 0.25 0.3999999999999106
0.5999999999998078 0.3 0.3999999999999106
0.5999999999998078 0.35 0.3999999999999106
0.5999999999998078 0.4 0.3999999999999106
0.5999999999998078 0.45 0.3999999999999106
0.5999999999998078 0.5 0.3999999999999106
0.5999999999998078 0.55 0.3999999999999106
0.5999999999998078 0.6 0.3999999999999106
0.5999999999998078 0.65 0.3999999999999106
0.5999999999998078 0.7 0.3999999999999106
0.5999999999998078 0.75 0.3999999999999106
0.5999999999998078 0.8 0.3999999999999106
0.5999999999998078 0.85 0.3999999999999106
0.5999999999998078 0.9 0.3999999999999106
0.5999999999998078 0.95 0.3999999999999106
0.6499999999999003 0.05 0.04999999999990954
0.6499999999999003 0.1 0.04999999999990954
0.6499999999999003 0.15 0.04999999999990954
0.6499999999999003 0.2 0.04999999999990954
0.6499999999999003 0.25 0.04999999999990954
0.6499999999999003 0.3 0.04999999999990954
0.6499999999999003 0.35 0.04999999999990954
0.6499999999999003 0.4 0.04999999999990954
0.6499999999999003 0.45 0.04999999999990954
0.6499999999999003 0.5 0.04999999999990954
0.6499999999999003 0.55 0.04999999999990954
0.6499999999999003 0.6 0.04999999999990954
0.6499999999999003 0.65 0.04999999999990954
0.6499999999999003 0.7 0.04999999999990954
0.6499999999999003 0.75 0.04999999999990954
0.6499999999999003 0.8 0.04999999999990954
0.6499999999999003 0.85 0.04999999999990954
0.6499999999999003 0.9 0.04999999999990954
0.6499999999999003 0.95 0.04999999999990954
0.6499999999999242 0.05 0.09999999999980867
0.6499999999999242 0.1 0.09999999999980867
0.6499999999999242 0.15 0.09999999999980867
0.6499999999999242 0.2 0.09999999999980867
0.6499999999999242 0.25 0.09999999999980867
0.6499999999999242 0.3 0.09999999999980867
0.6499999999999242 0.35 0.09999999999980867
0.6499999999999242 0.4 0.09999999999980867
0.6499999999999242 0.45 0.09999999999980867
0.6499999999999242 0.5 0.09999999999980867
0.6499999999999242 0.55 0.09999999999980867
0.6499999999999242 0.6 0.09999999999980867
0.6499999999999242 0.65 0.09999999999980867
0.6499999999999242 0.7 0.09999999999980867
0.6499999999999242 0.75 0.09999999999980867
0.6499999999999242 0.8 0.09999999999980867
0.6499999999999242 0.85 0.09999999999980867
0.6499999999999242 0.9 0.09999999999980867
0.6499999999999242 0.95 0.09999999999980867
0.6499999999999397 0.05 0.1499999999997114
0.6499999999999397 0.1 0.1499999999997114
0.6499999999999397 0.15 0.1499999999997114
0.6499999999999397 0.2 0.1499999999997114
0.6499999999999397 0.25 0.1499999999997114
0.6499999999999397 0.3 0.1499999999997114
0.6499999999999397 0.35 0.1499999999997114
0.6499999999999397 0.4 0.1499999999997114
0.6499999999999397 0.45 0.1499999999997114
0.6499999999999397 0.5 0.1499999999997114
0.6499999999999397 0.55 0.1499999999997114
0.6499999999999397 0.6 0.1499999999997114
0.6499999999999397 0.65 0.1499999999997114
0.6499999999999397 0.7 0.1499999999997114
0.6499999999999397 0.75 0.1499999999997114
0.6499999999999397 0.8 0.1499999999997114
0.6499999999999397 0.85 0.1499999999997114
0.6499999999999397 0.9 0.1499999999997114
0.6499999999999397 0.95 0.1499999999997114
0.6499999999999472 0.05 0.199999999999638
0.6499999999999472 0.1 0.199999999999638
0.6499999999999472 0.15 0.199999999999638
0.6499999999999472 0.2 0.199999999999638
0.6499999999999472 0.25 0.199999999999638
0.6499999999999472 0.3 0.199999999999638
0.6499999999999472 0.35 0.199999999999638
0.6499999999999472 0.4 0.199999999999638
0.6499999999999472 0.45 0.199999999999638
0.6499999999999472 0.5 0.199999999999638
0.6499999999999472 0.55 0.199999999999638
0.6499999999999472 0.6 0.199999999999638
0.6499999999999472 0.65 0.199999999999638
0.6499999999999472 0.7 0.199999999999638
0.6499999999999472 0.75 0.199999999999638
0.6499999999999472 0.8 0.199999999999638
0.6499999999999472 0.85 0.199999999999638
0.6499999999999472 0.9 0.199999999999638
0.6499999999999472 0.95 0.199999999999638
0.6499999999999473 0.05 0.2499999999996319
0.6499999999999473 0.1 0.2499999999996319
0.6499999999999473 0.15 0.2499999999996319
0.6499999999999473 0.2 0.2499999999996319
0.6499999999999473 0.25 0.2499999999996319
0.6499999999999473 0.3 0.2499999999996319
0.6499999999999473 0.35 0.2499999999996319
0.6499999999999473 0.4 0.2499999999996319
0.6499999999999473 0.45 0.2499999999996319
0.6499999999999473 0.5 0.2499999999996319
0.6499999999999473 0.55 0.2499999999996319
0.6499999999999473 0.6 0.2499999999996319
0.6499999999999473 0.65 0.2499999999996319
0.6499999999999473 0.7 0.2499999999996319
0.6499999999999473 0.75 0.2499999999996319
0.6499999999999473 0.8 0.2499999999996319
0.6499999999999473 0.85 0.2499999999996319
0.6499999999999473 0.9 0.2499999999996319
0.6499999999999473 0.95 0.2499999999996319
0.6499999999999396 0.05 0.2999999999996973
0.6499999999999396 0.1 0.2999999999996973
0.6499999999999396 0.15 0.2999999999996973
0.6499999999999396 0.2 0.2999999999996973
0.6499999999999396 0.25 0.2999999999996973
0.6499999999999396 0.3 0.2999999999996973
0.6499999999999396 0.35 0.2999999999996973
0.6499999999999396 0.4 0.2999999999996973
0.6499999999999396 0.45 0.2999999999996973
0.6499999999999396 0.5 0.2999999999996973
0.6499999999999396 0.55 0.2999999999996973
0.6499999999999396 0.6 0.2999999999996973
0.6499999999999396 0.65 0.2999999999996973
0.6499999999999396 0.7 0.2999999999996973
0.6499999999999396 0.75 0.2999999999996973
0.6499999999999396 0.8 0.2999999999996973
0.6499999999999396 0.85 0.2999999999996973
0.6499999999999396 0.9 0.2999999999996973
0.6499999999999396 0.95 0.2999999999996973
0.6499999999999241 0.05 0.349999999999789
0.6499999999999241 0.1 0.349999999999789
0.6499999999999241 0.15 0.349999999999789
0.6499999999999241 0.2 0.349999999999789
0.6499999999999241 0.25 0.349999999999789
0.6499999999999241 0.3 0.349999999999789
0.6499999999999241 0.35 0.349999999999789
0.6499999999999241 0.4 0.349999999999789
0.6499999999999241 0.45 0.349999999999789
0.6499999999999241 0.5 0.349999999999789
0.6499999999999241 0.55 0.349999999999789
0.6499999999999241 0.6 0.349999999999789
0.6499999999999241 0.65 0.349999999999789
0.6499999999999241 0.7 0.349999999999789
0.6499999999999241 0.75 0.349999999999789
0.6499999999999241 0.8 0.349999999999789
0.6499999999999241 0.85 0.349999999999789
0.6499999999999241 0.9 0.349999999999789
0.6499999999999241 0.95 0.349999999999789
0.6499999999999004 0.05 0.3999999999998921
0.6499999999999004 0.1 0.3999999999998921
0.6499999999999004 0.15 0.3999999999998921
0.6499999999999004 0.2 0.3999999999998921
0.6499999999999004 0.25 0.3999999999998921
0.6499999999999004 0.3 0.3999999999998921
0.6499999999999004 0.35 0.3999999999998921
0.6499999999999004 0.4 0.3999999999998921
0.6499999999999004 0.45 0.3999999999998921
0.6499999999999004 0.5 0.3999999999998921
0.6499999999999004 0.55 0.3999999999998921
0.6499999999999004 0.6 0.3999999999998921
0.6499999999999004 0.65 0.3999999999998921
0.6499999999999004 0.7 0.3999999999998921
0.6499999999999004 0.75 0.3999999999998921
0.6499999999999004 0.8 0.3999999999998921
0.6499999999999004 0.85 0.3999999999998921
0.6499999999999004 0.9 0.3999999999998921
0.6499999999999004 0.95 0.3999999999998921
3 3 0 760
5965
5966
5967
5968
5969
5970
5971
5972
5973
5974
5975
5976
5977
5978
5979
5980
5981
5982
5983
5984
5985
5986
5987
5988
5989
5990
5991
5992
5993
5994
5995
5996
5997
5998
5999
6000
6001
6002
6003
6004
6005
6006
6007
6008
6009
6010
6011
6012
6013
6014
6015
6016
6017
6018
6019
6020
6021
6022
6023
6024
6025
6026
6027
6028
6029
6030
6031
6032
6033
6034
6035
6036
6037
6038
6039
6040
6041
6042
6043
6044
6045
6046
6047
6048
6049
6050
6051
6052
6053
6054
6055
6056
6057
6058
6059
6060
6061
6062
6063
6064
6065
6066
6067
6068
6069
6070
6071
6072
6073
6074
6075
6076
6077
6078
6079
6080
6081
6082
6083
6084
6085
6086
6087
6088
6089
6090
6091
6092
6093
6094
6095
6096
6097
6098
6099
6100
6101
6102
6103
6104
6105
6106
6107
6108
6109
6110
6111
6112
6113
6114
6115
6116
6117
6118
6119
6120
6121
6122
6123
6124
6125
6126
6127
6128
6129
6130
6131
6132
6133
6134
6135
6136
6137
6138
6139
6140
6141
6142
6143
6144
6145
6146
6147
6148
6149
6150
6151
6152
6153
6154
6155
6156
6157
6158
6159
6160
6161
6162
6163
6164
6165
6166
6167
6168
6169
6170
6171
6172
6173
6174
6175
6176
6177
6178
6179
6180
6181
6182
6183
6184
6185
6186
6187
6188
6189
6190
6191
6192
6193
6194
6195
6196
6197
6198
6199
6200
6201
6202
6203
6204
6205
6206
6207
6208
6209
6210
6211
6212
6213
6214
6215
6216
6217
6218
6219
6220
6221
6222
6223
6224
6225
6226
6227
6228
6229
6230
6231
6232
6233
6234
6235
6236
6237
6238
6239
6240
6241
6242
6243
6244
6245
6246
6247
6248
6249
6250
6251
6252
6253
6254
6255
6256
6257
6258
6259
6260
6261
6262
6263
6264
6265
6266
6267
6268
6269
6270
6271
6272
6273
6274
6275
6276
6277
6278
6279
6280
6281
6282
6283
6284
6285
6286
6287
6288
6289
6290
6291
6292
6293
6294
6295
6296
6297
6298
6299
6300
6301
6302
6303
6304
6305
6306
6307
6308
6309
6310
6311
6312
6313
6314
6315
6316
6317
6318
6319
6320
6321
6322
6323
6324
6325
6326
6327
6328
6329
6330
6331
6332
6333
6334
6335
6336
6337
6338
6339
6340
6341
6342
6343
6344
6345
6346
6347
6348
6349
6350
6351
6352
6353
6354
6355
6356
6357
6358
6359
6360
6361
6362
6363
6364
6365
6366
6367
6368
6369
6370
6371
6372
6373
6374
6375
6376
6377
6378
6379
6380
6381
6382
6383
6384
6385
6386
6387
6388
6389
6390
6391
6392
6393
6394
6395
6396
6397
6398
6399
6400
6401
6402
6403
6404
6405
6406
6407
6408
6409
6410
6411
6412
6413
6414
6415
6416
6417
6418
6419
6420
6421
6422
6423
6424
6425
6426
6427
6428
6429
6430
6431
6432
6433
6434
6435
6436
6437
6438
6439
6440
6441
6442
6443
6444
6445
6446
6447
6448
6449
6450
6451
6452
6453
6454
6455
6456
6457
6458
6459
6460
6461
6462
6463
6464
6465
6466
6467
6468
6469
6470
6471
6472
6473
6474
6475
6476
6477
6478
6479
6480
6481
6482
6483
6484
6485
6486
6487
6488
6489
6490
6491
6492
6493
6494
6495
6496
6497
6498
6499
6500
6501
6502
6503
6504
6505
6506
6507
6508
6509
6510
6511
6512
6513
6514
6515
6516
6517
6518
6519
6520
6521
6522
6523
6524
6525
6526
6527
6528
6529
6530
6531
6532
6533
6534
6535
6536
6537
6538
6539
6540
6541
6542
6543
6544
6545
6546
6547
6548
6549
6550
6551
6552
6553
6554
6555
6556
6557
6558
6559
6560
6561
6562
6563
6564
6565
6566
6567
6568
6569
6570
6571
6572
6573
6574
6575
6576
6577
6578
6579
6580
6581
6582
6583
6584
6585
6586
6587
6588
6589
6590
6591
6592
6593
6594
6595
6596
6597
6598
6599
6600
6601
6602
6603
6604
6605
6606
6607
6608
6609
6610
6611
6612
6613
6614
6615
6616
6617
6618
6619
6620
6621
6622
6623
6624
6625
6626
6627
6628
6629
6630
6631
6632
6633
6634
6635
6636
6637
6638
6639
6640
6641
6642
6643
6644
6645
6646
6647
6648
6649
6650
6651
6652
6653
6654
6655
6656
6657
6658
6659
6660
6661
6662
6663
6664
6665
6666
6667
6668
6669
6670
6671
6672
6673
6674
6675
6676
6677
6678
6679
6680
6681
6682
6683
6684
6685
6686
6687
6688
6689
6690
6691
6692
6693
6694
6695
6696
6697
6698
6699
6700
6701
6702
6703
6704
6705
6706
6707
6708
6709
6710
6711
6712
6713
6714
6715
6716
6717
6718
6719
6720
6721
6722
6723
6724
0.7499999999999504 0.05 0.04990662096576327
0.7499999999999504 0.1 0.04990662096576327
0.7499999999999504 0.15 0.04990662096576327
0.7499999999999504 0.2 0.04990662096576327
0.7499999999999504 0.25 0.04990662096576327
0.7499999999999504 0.3 0.04990662096576327
0.7499999999999504 0.35 0.04990662096576327
0.7499999999999504 0.4 0.04990662096576327
0.7499999999999504 0.45 0.04990662096576327
0.7499999999999504 0.5 0.04990662096576327
0.7499999999999504 0.55 0.04990662096576327
0.7499999999999504 0.6 0.04990662096576327
0.7499999999999504 0.65 0.04990662096576327
0.7499999999999504 0.7 0.04990662096576327
0.7499999999999504 0.75 0.04990662096576327
0.7499999999999504 0.8 0.04990662096576327
0.7499999999999504 0.85 0.04990662096576327
0.7499999999999504 0.9 0.04990662096576327
0.7499999999999504 0.95 0.04990662096576327
0.7499999999999666 0.05 0.09981326299134405
0.7499999999999666 0.1 0.09981326299134405
0.7499999999999666 0.15 0.09981326299134405
0.7499999999999666 0.2 0.09981326299134405
0.7499999999999666 0.25 0.09981326299134405
0.7499999999999666 0.3 0.09981326299134405
0.7499999999999666 0.35 0.09981326299134405
0.7499999999999666 0.4 0.09981326299134405
0.7499999999999666 0.45 0.09981326299134405
0.7499999999999666 0.5 0.09981326299134405
0.7499999999999666 0.55 0.09981326299134405
0.7499999999999666 0.6 0.09981326299134405
0.7499999999999666 0.65 0.09981326299134405
0.7499999999999666 0.7 0.09981326299134405
0.7499999999999666 0.75 0.09981326299134405
0.7499999999999666 0.8 0.09981326299134405
0.7499999999999666 0.85 0.09981326299134405
0.7499999999999666 0.9 0.09981326299134405
0.7499999999999666 0.95 0.09981326299134405
0.749999999999977 0.05 0.1497199527685752
0.749999999999977 0.1 0.1497199527685752
0.749999999999977 0.15 0.1497199527685752
0.749999999999977 0.2 0.1497199527685752
0.749999999999977 0.25 0.1497199527685752
0.749999999999977 0.3 0.1497199527685752
0.749999999999977 0.35 0.1497199527685752
0.749999999999977 0.4 0.1497199527685752
0.749999999999977 0.45 0.1497199527685752
0.749999999999977 0.5 0.1497199527685752
0.749999999999977 0.55 0.1497199527685752
0.749999999999977 0.6 0.1497199527685752
0.749999999999977 0.65 0.1497199527685752
0.749999999999977 0.7 0.1497199527685752
0.749999999999977 0.75 0.1497199527685752
0.749999999999977 0.8 0.1497199527685752
0.749999999999977 0.85 0.1497199527685752
0.749999999999977 0.9 0.1497199527685752
0.749999999999977 0.95 0.1497199527685752
0.7499999999999817 0.05 0.1996267298120692
0.7499999999999817 0.1 0.1996267298120692
0.7499999999999817 0.15 0.1996267298120692
0.7499999999999817 0.2 0.1996267298120692
0.7499999999999817 0.25 0.1996267298120692
0.7499999999999817 0.3 0.1996267298120692
0.7499999999999817 0.35 0.1996267298120692
0.7499999999999817 0.4 0.1996267298120692
0.7499999999999817 0.45 0.1996267298120692
0.7499999999999817 0.5 0.1996267298120692
0.7499999999999817 0.55 0.1996267298120692
0.7499999999999817 0.6 0.1996267298120692
0.7499999999999817 0.65 0.1996267298120692
0.7499999999999817 0.7 0.1996267298120692
0.7499999999999817 0.75 0.1996267298120692
0.7499999999999817 0.8 0.1996267298120692
0.7499999999999817 0.85 0.1996267298120692
0.7499999999999817 0.9 0.1996267298120692
0.7499999999999817 0.95 0.1996267298120692
0.7499999999999817 0.05 0.2495336573339239
0.7499999999999817 0.1 0.2495336573339239
0.7499999999999817 0.15 0.2495336573339239
0.7499999999999817 0.2 0.2495336573339239
0.7499999999999817 0.25 0.2495336573339239
0.7499999999999817 0.3 0.2495336573339239
0.7499999999999817 0.35 0.2495336573339239
0.7499999999999817 0.4 0.2495336573339239
0.7499999999999817 0.45 0.2495336573339239
0.7499999999999817 0.5 0.2495336573339239
0.7499999999999817 0.55 0.2495336573339239
0.7499999999999817 0.6 0.2495336573339239
0.7499999999999817 0.65 0.2495336573339239
0.7499999999999817 0.7 0.2495336573339239
0.7499999999999817 0.75 0.2495336573339239
0.7499999999999817 0.8 0.2495336573339239
0.7499999999999817 0.85 0.2495336573339239
0.7499999999999817 0.9 0.2495336573339239
0.7499999999999817 0.95 0.2495336573339239
0.749999999999977 0.05 0.2994408405567002
0.749999999999977 0.1 0.2994408405567002
0.749999999999977 0.15 0.2994408405567002
0.749999999999977 0.2 0.2994408405567002
0.749999999999977 0.25 0.2994408405567002
0.749999999999977 0.3 0.2994408405567002
0.749999999999977 0.35 0.2994408405567002
0.749999999999977 0.4 0.2994408405567002
0.749999999999977 0.45 0.2994408405567002
0.749999999999977 0.5 0.2994408405567002
0.749999999999977 0.55 0.2994408405567002
0.749999999999977 0.6 0.2994408405567002
0.749999999999977 0.65 0.2994408405567002
0.749999999999977 0.7 0.2994408405567002
0.749999999999977 0.75 0.2994408405567002
0.749999999999977 0.8 0.2994408405567002
0.749999999999977 0.85 0.2994408405567002
0.749999999999977 0.9 0.2994408405567002
0.749999999999977 0.95 0.2994408405567002
0.7499999999999666 0.05 0.3493484607956144
0.7499999999999666 0.1 0.3493484607956144
0.7499999999999666 0.15 0.3493484607956144
0.7499999999999666 0.2 0.3493484607956144
0.7499999999999666 0.25 0.3493484607956144
0.7499999999999666 0.3 0.3493484607956144
0.7499999999999666 0.35 0.3493484607956144
0.7499999999999666 0.4 0.3493484607956144
0.7499999999999666 0.45 0.3493484607956144
0.7499999999999666 0.5 0.3493484607956144
0.7499999999999666 0.55 0.3493484607956144
0.7499999999999666 0.6 0.3493484607956144
0.7499999999999666 0.65 0.3493484607956144
0.7499999999999666 0.7 0.3493484607956144
0.7499999999999666 0.75 0.3493484607956144
0.7499999999999666 0.8 0.3493484607956144
0.7499999999999666 0.85 0.3493484607956144
0.7499999999999666 0.9 0.3493484607956144
0.7499999999999666 0.95 0.3493484607956144
0.74999999999995 0.05 0.3992568481302834
0.74999999999995 0.1 0.3992568481302834
0.74999999999995 0.15 0.3992568481302834
0.74999999999995 0.2 0.3992568481302834
0.74999999999995 0.25 0.3992568481302834
0.74999999999995 0.3 0.3992568481302834
0.74999999999995 0.35 0.3992568481302834
0.74999999999995 0.4 0.3992568481302834
0.74999999999995 0.45 0.3992568481302834
0.74999999999995 0.5 0.3992568481302834
0.74999999999995 0.55 0.3992568481302834
0.74999999999995 0.6 0.3992568481302834
0.74999999999995 0.65 0.3992568481302834
0.74999999999995 0.7 0.3992568481302834
0.74999999999995 0.75 0.3992568481302834
0.74999999999995 0.8 0.3992568481302834
0.74999999999995 0.85 0.3992568481302834
0.74999999999995 0.9 0.3992568481302834
0.74999999999995 0.95 0.3992568481302834
0.7999999999998998 0.05 0.04981356897458129
0.7999999999998998 0.1 0.04981356897458129
0.7999999999998998 0.15 0.04981356897458129
0.7999999999998998 0.2 0.04981356897458129
0.7999999999998998 0.25 0.04981356897458129
0.7999999999998998 0.3 0.04981356897458129
0.7999999999998998 0.35 0.04981356897458129
0.7999999999998998 0.4 0.04981356897458129
0.7999999999998998 0.45 0.04981356897458129
0.7999999999998998 0.5 0.04981356897458129
0.7999999999998998 0.55 0.04981356897458129
0.7999999999998998 0.6 0.04981356897458129
0.7999999999998998 0.65 0.04981356897458129
0.7999999999998998 0.7 0.04981356897458129
0.7999999999998998 0.75 0.04981356897458129
0.7999999999998998 0.8 0.04981356897458129
0.7999999999998998 0.85 0.04981356897458129
0.7999999999998998 0.9 0.04981356897458129
0.7999999999998998 0.95 0.04981356897458129
0.7999999999999394 0.05 0.09962717412664104
0.7999999999999394 0.1 0.09962717412664104
0.7999999999999394 0.15 0.09962717412664104
0.7999999999999394 0.2 0.09962717412664104
0.7999999999999394 0.25 0.09962717412664104
0.7999999999999394 0.3 0.09962717412664104
0.7999999999999394 0.35 0.09962717412664104
0.7999999999999394 0.4 0.09962717412664104
0.7999999999999394 0.45 0.09962717412664104
0.7999999999999394 0.5 0.09962717412664104
0.7999999999999394 0.55 0.09962717412664104
0.7999999999999394 0.6 0.09962717412664104
0.7999999999999394 0.65 0.09962717412664104
0.7999999999999394 0.7 0.09962717412664104
0.7999999999999394 0.75 0.09962717412664104
0.7999999999999394 0.8 0.09962717412664104
0.7999999999999394 0.85 0.09962717412664104
0.7999999999999394 0.9 0.09962717412664104
0.7999999999999394 0.95 0.09962717412664104
0.7999999999999594 0.05 0.1494408612182011
0.7999999999999594 0.1 0.1494408612182011
0.7999999999999594 0.15 0.1494408612182011
0.7999999999999594 0.2 0.1494408612182011
0.7999999999999594 0.25 0.1494408612182011
0.7999999999999594 0.3 0.1494408612182011
0.7999999999999594 0.35 0.1494408612182011
0.7999999999999594 0.4 0.1494408612182011
0.7999999999999594 0.45 0.1494408612182011
0.7999999999999594 0.5 0.1494408612182011
0.7999999999999594 0.55 0.1494408612182011
0.7999999999999594 0.6 0.1494408612182011
0.7999999999999594 0.65 0.1494408612182011
0.7999999999999594 0.7 0.1494408612182011
0.7999999999999594 0.75 0.1494408612182011
0.7999999999999594 0.8 0.1494408612182011
0.7999999999999594 0.85 0.1494408612182011
0.7999999999999594 0.9 0.1494408612182011
0.7999999999999594 0.95 0.1494408612182011
0.7999999999999683 0.05 0.1992546976897345
0.7999999999999683 0.1 0.1992546976897345
0.7999999999999683 0.15 0.1992546976897345
0.7999999999999683 0.2 0.1992546976897345
0.7999999999999683 0.25 0.1992546976897345
0.7999999999999683 0.3 0.1992546976897345
0.7999999999999683 0.35 0.1992546976897345
0.7999999999999683 0.4 0.1992546976897345
0.7999999999999683 0.45 0.1992546976897345
0.7999999999999683 0.5 0.1992546976897345
0.7999999999999683 0.55 0.1992546976897345
0.7999999999999683 0.6 0.1992546976897345
0.7999999999999683 0.65 0.1992546976897345
0.7999999999999683 0.7 0.1992546976897345
0.7999999999999683 0.75 0.1992546976897345
0.7999999999999683 0.8 0.1992546976897345
0.7999999999999683 0.85 0.1992546976897345
0.7999999999999683 0.9 0.1992546976897345
0.7999999999999683 0.95 0.1992546976897345
0.7999999999999683 0.05 0.2490687903950953
0.7999999999999683 0.1 0.2490687903950953
0.7999999999999683 0.15 0.2490687903950953
0.7999999999999683 0.2 0.2490687903950953
0.7999999999999683 0.25 0.2490687903950953
0.7999999999999683 0.3 0.2490687903950953
0.7999999999999683 0.35 0.2490687903950953
0.7999999999999683 0.4 0.2490687903950953
0.7999999999999683 0.45 0.2490687903950953
0.7999999999999683 0.5 0.2490687903950953
0.7999999999999683 0.55 0.2490687903950953
0.7999999999999683 0.6 0.2490687903950953
0.7999999999999683 0.65 0.2490687903950953
0.7999999999999683 0.7 0.2490687903950953
0.7999999999999683 0.75 0.2490687903950953
0.7999999999999683 0.8 0.2490687903950953
0.7999999999999683 0.85 0.2490687903950953
0.7999999999999683 0.9 0.2490687903950953
0.7999999999999683 0.95 0.2490687903950953
0.7999999999999597 0.05 0.2988833134519048
0.7999999999999597 0.1 0.2988833134519048
0.7999999999999597 0.15 0.2988833134519048
0.7999999999999597 0.2 0.2988833134519048
0.7999999999999597 0.25 0.2988833134519048
0.7999999999999597 0.3 0.2988833134519048
0.7999999999999597 0.35 0.2988833134519048
0.7999999999999597 0.4 0.2988833134519048
0.7999999999999597 0.45 0.2988833134519048
0.7999999999999597 0.5 0.2988833134519048
0.7999999999999597 0.55 0.2988833134519048
0.7999999999999597 0.6 0.2988833134519048
0.7999999999999597 0.65 0.2988833134519048
0.7999999999999597 0.7 0.2988833134519048
0.7999999999999597 0.75 0.2988833134519048
0.7999999999999597 0.8 0.2988833134519048
0.7999999999999597 0.85 0.2988833134519048
0.7999999999999597 0.9 0.2988833134519048
0.7999999999999597 0.95 0.2988833134519048
0.7999999999999395 0.05 0.3486985528098958
0.7999999999999395 0.1 0.3486985528098958
0.7999999999999395 0.15 0.3486985528098958
0.7999999999999395 0.2 0.3486985528098958
0.7999999999999395 0.25 0.3486985528098958
0.7999999999999395 0.3 0.3486985528098958
0.7999999999999395 0.35 0.3486985528098958
0.7999999999999395 0.4 0.3486985528098958
0.7999999999999395 0.45 0.3486985528098958
0.7999999999999395 0.5 0.3486985528098958
0.7999999999999395 0.55 0.3486985528098958
0.7999999999999395 0.6 0.3486985528098958
0.7999999999999395 0.65 0.3486985528098958
0.7999999999999395 0.7 0.3486985528098958
0.7999999999999395 0.75 0.3486985528098958
0.7999999999999395 0.8 0.3486985528098958
0.7999999999999395 0.85 0.3486985528098958
0.7999999999999395 0.9 0.3486985528098958
0.7999999999999395 0.95 0.3486985528098958
0.7999999999998997 0.05 0.3985149762611358
0.7999999999998997 0.1 0.3985149762611358
0.7999999999998997 0.15 0.3985149762611358
0.7999999999998997 0.2 0.3985149762611358
0.7999999999998997 0.25 0.3985149762611358
0.7999999999998997 0.3 0.3985149762611358
0.7999999999998997 0.35 0.3985149762611358
0.7999999999998997 0.4 0.3985149762611358
0.7999999999998997 0.45 0.3985149762611358
0.7999999999998997 0.5 0.3985149762611358
0.7999999999998997 0.55 0.3985149762611358
0.7999999999998997 0.6 0.3985149762611358
0.7999999999998997 0.65 0.3985149762611358
0.7999999999998997 0.7 0.3985149762611358
0.7999999999998997 0.75 0.3985149762611358
0.7999999999998997 0.8 0.3985149762611358
0.7999999999998997 0.85 0.3985149762611358
0.7999999999998997 0.9 0.3985149762611358
0.7999999999998997 0.95 0.3985149762611358
0.8499999999998912 0.05 0.04972082700124199
0.8499999999998912 0.1 0.04972082700124199
0.8499999999998912 0.15 0.04972082700124199
0.8499999999998912 0.2 0.04972082700124199
0.8499999999998912 0.25 0.04972082700124199
0.8499999999998912 0.3 0.04972082700124199
0.8499999999998912 0.35 0.04972082700124199
0.8499999999998912 0.4 0.04972082700124199
0.8499999999998912 0.45 0.04972082700124199
0.8499999999998912 0.5 0.04972082700124199
0.8499999999998912 0.55 0.04972082700124199
0.8499999999998912 0.6 0.04972082700124199
0.8499999999998912 0.65 0.04972082700124199
0.8499999999998912 0.7 0.04972082700124199
0.8499999999998912 0.75 0.04972082700124199
0.8499999999998912 0.8 0.04972082700124199
0.8499999999998912 0.85 0.04972082700124199
0.8499999999998912 0.9 0.04972082700124199
0.8499999999998912 0.95 0.04972082700124199
0.8499999999999317 0.05 0.09944169547751179
0.8499999999999317 0.1 0.09944169547751179
0.8499999999999317 0.15 0.09944169547751179
0.8499999999999317 0.2 0.09944169547751179
0.8499999999999317 0.25 0.09944169547751179
0.8499999999999317 0.3 0.09944169547751179
0.8499999999999317 0.35 0.09944169547751179
0.8499999999999317 0.4 0.09944169547751179
0.8499999999999317 0.45 0.09944169547751179
0.8499999999999317 0.5 0.09944169547751179
0.8499999999999317 0.55 0.09944169547751179
0.8499999999999317 0.6 0.09944169547751179
0.8499999999999317 0.65 0.09944169547751179
0.8499999999999317 0.7 0.09944169547751179
0.8499999999999317 0.75 0.09944169547751179
0.8499999999999317 0.8 0.09944169547751179
0.8499999999999317 0.85 0.09944169547751179
0.8499999999999317 0.9 0.09944169547751179
0.8499999999999317 0.95 0.09944169547751179
0.8499999999999538 0.05 0.1491626578489908
0.8499999999999538 0.1 0.1491626578489908
0.8499999999999538 0.15 0.1491626578489908
0.8499999999999538 0.2 0.1491626578489908
0.8499999999999538 0.25 0.1491626578489908
0.8499999999999538 0.3 0.1491626578489908
0.8499999999999538 0.35 0.1491626578489908
0.8499999999999538 0.4 0.1491626578489908
0.8499999999999538 0.45 0.1491626578489908
0.8499999999999538 0.5 0.1491626578489908
0.8499999999999538 0.55 0.1491626578489908
0.8499999999999538 0.6 0.1491626578489908
0.8499999999999538 0.65 0.1491626578489908
0.8499999999999538 0.7 0.1491626578489908
0.8499999999999538 0.75 0.1491626578489908
0.8499999999999538 0.8 0.1491626578489908
0.8499999999999538 0.85 0.1491626578489908
0.8499999999999538 0.9 0.1491626578489908
0.8499999999999538 0.95 0.1491626578489908
0.8499999999999638 0.05 0.198883791240288
0.8499999999999638 0.1 0.198883791240288
0.8499999999999638 0.15 0.198883791240288
0.8499999999999638 0.2 0.198883791240288
0.8499999999999638 0.25 0.198883791240288
0.8499999999999638 0.3 0.198883791240288
0.8499999999999638 0.35 0.198883791240288
0.8499999999999638 0.4 0.198883791240288
0.8499999999999638 0.45 0.198883791240288
0.8499999999999638 0.5 0.198883791240288
0.8499999999999638 0.55 0.198883791240288
0.8499999999999638 0.6 0.198883791240288
0.8499999999999638 0.65 0.198883791240288
0.8499999999999638 0.7 0.198883791240288
0.8499999999999638 0.75 0.198883791240288
0.8499999999999638 0.8 0.198883791240288
0.8499999999999638 0.85 0.198883791240288
0.8499999999999638 0.9 0.198883791240288
0.8499999999999638 0.95 0.198883791240288
0.8499999999999639 0.05 0.2486052174500795
0.8499999999999639 0.1 0.2486052174500795
0.8499999999999639 0.15 0.2486052174500795
0.8499999999999639 0.2 0.2486052174500795
0.8499999999999639 0.25 0.2486052174500795
0.8499999999999639 0.3 0.2486052174500795
0.8499999999999639 0.35 0.2486052174500795
0.8499999999999639 0.4 0.2486052174500795
0.8499999999999639 0.45 0.2486052174500795
0.8499999999999639 0.5 0.2486052174500795
0.8499999999999639 0.55 0.2486052174500795
0.8499999999999639 0.6 0.2486052174500795
0.8499999999999639 0.65 0.2486052174500795
0.8499999999999639 0.7 0.2486052174500795
0.8499999999999639 0.75 0.2486052174500795
0.8499999999999639 0.8 0.2486052174500795
0.8499999999999639 0.85 0.2486052174500795
0.8499999999999639 0.9 0.2486052174500795
0.8499999999999639 0.95 0.2486052174500795
0.8499999999999543 0.05 0.298327133547084
0.8499999999999543 0.1 0.298327133547084
0.8499999999999543 0.15 0.298327133547084
0.8499999999999543 0.2 0.298327133547084
0.8499999999999543 0.25 0.298327133547084
0.8499999999999543 0.3 0.298327133547084
0.8499999999999543 0.35 0.298327133547084
0.8499999999999543 0.4 0.298327133547084
0.8499999999999543 0.45 0.298327133547084
0.8499999999999543 0.5 0.298327133547084
0.8499999999999543 0.55 0.298327133547084
0.8499999999999543 0.6 0.298327133547084
0.8499999999999543 0.65 0.298327133547084
0.8499999999999543 0.7 0.298327133547084
0.8499999999999543 0.75 0.298327133547084
0.8499999999999543 0.8 0.298327133547084
0.8499999999999543 0.85 0.298327133547084
0.8499999999999543 0.9 0.298327133547084
0.8499999999999543 0.95 0.298327133547084
0.8499999999999319 0.05 0.348049858140344
0.8499999999999319 0.1 0.348049858140344
0.8499999999999319 0.15 0.348049858140344
0.8499999999999319 0.2 0.348049858140344
0.8499999999999319 0.25 0.348049858140344
0.8499999999999319 0.3 0.348049858140344
0.8499999999999319 0.35 0.348049858140344
0.8499999999999319 0.4 0.348049858140344
0.8499999999999319 0.45 0.348049858140344
0.8499999999999319 0.5 0.348049858140344
0.8499999999999319 0.55 0.348049858140344
0.8499999999999319 0.6 0.348049858140344
0.8499999999999319 0.65 0.348049858140344
0.8499999999999319 0.7 0.348049858140344
0.8499999999999319 0.75 0.348049858140344
0.8499999999999319 0.8 0.348049858140344
0.8499999999999319 0.85 0.348049858140344
0.8499999999999319 0.9 0.348049858140344
0.8499999999999319 0.95 0.348049858140344
0.8499999999998914 0.05 0.3977738952526912
0.8499999999998914 0.1 0.3977738952526912
0.8499999999998914 0.15 0.3977738952526912
0.8499999999998914 0.2 0.3977738952526912
0.8499999999998914 0.25 0.3977738952526912
0.8499999999998914 0.3 0.3977738952526912
0.8499999999998914 0.35 0.3977738952526912
0.8499999999998914 0.4 0.3977738952526912
0.8499999999998914 0.45 0.3977738952526912
0.8499999999998914 0.5 0.3977738952526912
0.8499999999998914 0.55 0.3977738952526912
0.8499999999998914 0.6 0.3977738952526912
0.8499999999998914 0.65 0.3977738952526912
0.8499999999998914 0.7 0.3977738952526912
0.8499999999998914 0.75 0.3977738952526912
0.8499999999998914 0.8 0.3977738952526912
0.8499999999998914 0.85 0.3977738952526912
0.8499999999998914 0.9 0.3977738952526912
0.8499999999998914 0.95 0.3977738952526912
0.8999999999999072 0.05 0.04962838793161944
0.8999999999999072 0.1 0.04962838793161944
0.8999999999999072 0.15 0.04962838793161944
0.8999999999999072 0.2 0.04962838793161944
0.8999999999999072 0.25 0.04962838793161944
0.8999999999999072 0.3 0.04962838793161944
0.8999999999999072 0.35 0.04962838793161944
0.8999999999999072 0.4 0.04962838793161944
0.8999999999999072 0.45 0.04962838793161944
0.8999999999999072 0.5 0.04962838793161944
0.8999999999999072 0.55 0.04962838793161944
0.8999999999999072 0.6 0.04962838793161944
0.8999999999999072 0.65 0.04962838793161944
0.8999999999999072 0.7 0.04962838793161944
0.8999999999999072 0.75 0.04962838793161944
0.8999999999999072 0.8 0.04962838793161944
0.8999999999999072 0.85 0.04962838793161944
0.8999999999999072 0.9 0.04962838793161944
0.8999999999999072 0.95 0.04962838793161944
0.8999999999999428 0.05 0.09925681156946559
0.8999999999999428 0.1 0.09925681156946559
0.8999999999999428 0.15 0.09925681156946559
0.8999999999999428 0.2 0.09925681156946559
0.8999999999999428 0.25 0.09925681156946559
0.8999999999999428 0.3 0.09925681156946559
0.8999999999999428 0.35 0.09925681156946559
0.8999999999999428 0.4 0.09925681156946559
0.8999999999999428 0.45 0.09925681156946559
0.8999999999999428 0.5 0.09925681156946559
0.8999999999999428 0.55 0.09925681156946559
0.8999999999999428 0.6 0.09925681156946559
0.8999999999999428 0.65 0.09925681156946559
0.8999999999999428 0.7 0.09925681156946559
0.8999999999999428 0.75 0.09925681156946559
0.8999999999999428 0.8 0.09925681156946559
0.8999999999999428 0.85 0.09925681156946559
0.8999999999999428 0.9 0.09925681156946559
0.8999999999999428 0.95 0.09925681156946559
0.8999999999999611 0.05 0.1488853160801496
0.8999999999999611 0.1 0.1488853160801496
0.8999999999999611 0.15 0.1488853160801496
0.8999999999999611 0.2 0.1488853160801496
0.8999999999999611 0.25 0.1488853160801496
0.8999999999999611 0.3 0.1488853160801496
0.8999999999999611 0.35 0.1488853160801496
0.8999999999999611 0.4 0.1488853160801496
0.8999999999999611 0.45 0.1488853160801496
0.8999999999999611 0.5 0.1488853160801496
0.8999999999999611 0.55 0.1488853160801496
0.8999999999999611 0.6 0.1488853160801496
0.8999999999999611 0.65 0.1488853160801496
0.8999999999999611 0.7 0.1488853160801496
0.8999999999999611 0.75 0.1488853160801496
0.8999999999999611 0.8 0.1488853160801496
0.8999999999999611 0.85 0.1488853160801496
0.8999999999999611 0.9 0.1488853160801496
0.8999999999999611 0.95 0.1488853160801496
0.899999999999969 0.05 0.1985139680805442
0.899999999999969 0.1 0.1985139680805442
0.899999999999969 0.15 0.1985139680805442
0.899999999999969 0.2 0.1985139680805442
0.899999999999969 0.25 0.1985139680805442
0.899999999999969 0.3 0.1985139680805442
0.899999999999969 0.35 0.1985139680805442
0.899999999999969 0.4 0.1985139680805442
0.899999999999969 0.45 0.1985139680805442
0.899999999999969 0.5 0.1985139680805442
0.899999999999969 0.55 0.1985139680805442
0.899999999999969 0.6 0.1985139680805442
0.899999999999969 0.65 0.1985139680805442
0.899999999999969 0.7 0.1985139680805442
0.899999999999969 0.75 0.1985139680805442
0.899999999999969 0.8 0.1985139680805442
0.899999999999969 0.85 0.1985139680805442
0.899999999999969 0.9 0.1985139680805442
0.899999999999969 0.95 0.1985139680805442
0.899999999999969 0.05 0.248142873373512
0.899999999999969 0.1 0.248142873373512
0.899999999999969 0.15 0.248142873373512
0.899999999999969 0.2 0.248142873373512
0.899999999999969 0.25 0.248142873373512
0.899999999999969 0.3 0.248142873373512
0.899999999999969 0.35 0.248142873373512
0.899999999999969 0.4 0.248142873373512
0.899999999999969 0.45 0.248142873373512
0.899999999999969 0.5 0.248142873373512
0.899999999999969 0.55 0.248142873373512
0.899999999999969 0.6 0.248142873373512
0.899999999999969 0.65 0.248142873373512
0.899999999999969 0.7 0.248142873373512
0.899999999999969 0.75 0.248142873373512
0.899999999999969 0.8 0.248142873373512
0.899999999999969 0.85 0.248142873373512
0.899999999999969 0.9 0.248142873373512
0.899999999999969 0.95 0.248142873373512
0.8999999999999614 0.05 0.2977722051740041
0.8999999999999614 0.1 0.2977722051740041
0.8999999999999614 0.15 0.2977722051740041
0.8999999999999614 0.2 0.2977722051740041
0.8999999999999614 0.25 0.2977722051740041
0.8999999999999614 0.3 0.2977722051740041
0.8999999999999614 0.35 0.2977722051740041
0.8999999999999614 0.4 0.2977722051740041
0.8999999999999614 0.45 0.2977722051740041
0.8999999999999614 0.5 0.2977722051740041
0.8999999999999614 0.55 0.2977722051740041
0.8999999999999614 0.6 0.2977722051740041
0.8999999999999614 0.65 0.2977722051740041
0.8999999999999614 0.7 0.2977722051740041
0.8999999999999614 0.75 0.2977722051740041
0.8999999999999614 0.8 0.2977722051740041
0.8999999999999614 0.85 0.2977722051740041
0.8999999999999614 0.9 0.2977722051740041
0.8999999999999614 0.95 0.2977722051740041
0.8999999999999431 0.05 0.3474022501025487
0.8999999999999431 0.1 0.3474022501025487
0.8999999999999431 0.15 0.3474022501025487
0.8999999999999431 0.2 0.3474022501025487
0.8999999999999431 0.25 0.3474022501025487
0.8999999999999431 0.3 0.3474022501025487
0.8999999999999431 0.35 0.3474022501025487
0.8999999999999431 0.4 0.3474022501025487
0.8999999999999431 0.45 0.3474022501025487
0.8999999999999431 0.5 0.3474022501025487
0.8999999999999431 0.55 0.3474022501025487
0.8999999999999431 0.6 0.3474022501025487
0.8999999999999431 0.65 0.3474022501025487
0.8999999999999431 0.7 0.3474022501025487
0.8999999999999431 0.75 0.3474022501025487
0.8999999999999431 0.8 0.3474022501025487
0.8999999999999431 0.85 0.3474022501025487
0.8999999999999431 0.9 0.3474022501025487
0.8999999999999431 0.95 0.3474022501025487
0.8999999999999078 0.05 0.3970334818526176
0.8999999999999078 0.1 0.3970334818526176
0.8999999999999078 0.15 0.3970334818526176
0.8999999999999078 0.2 0.3970334818526176
0.8999999999999078 0.25 0.3970334818526176
0.8999999999999078 0.3 0.3970334818526176
0.8999999999999078 0.35 0.3970334818526176
0.8999999999999078 0.4 0.3970334818526176
0.8999999999999078 0.45 0.3970334818526176
0.8999999999999078 0.5 0.3970334818526176
0.8999999999999078 0.55 0.3970334818526176
0.8999999999999078 0.6 0.3970334818526176
0.8999999999999078 0.65 0.3970334818526176
0.8999999999999078 0.7 0.3970334818526176
0.8999999999999078 0.75 0.3970334818526176
0.8999999999999078 0.8 0.3970334818526176
0.8999999999999078 0.85 0.3970334818526176
0.8999999999999078 0.9 0.3970334818526176
0.8999999999999078 0.95 0.3970334818526176
0.9499999999999622 0.05 0.04953625585426495
0.9499999999999622 0.1 0.04953625585426495
0.9499999999999622 0.15 0.04953625585426495
0.9499999999999622 0.2 0.04953625585426495
0.9499999999999622 0.25 0.04953625585426495
0.9499999999999622 0.3 0.04953625585426495
0.9499999999999622 0.35 0.04953625585426495
0.9499999999999622 0.4 0.04953625585426495
0.9499999999999622 0.45 0.04953625585426495
0.9499999999999622 0.5 0.04953625585426495
0.9499999999999622 0.55 0.04953625585426495
0.9499999999999622 0.6 0.04953625585426495
0.9499999999999622 0.65 0.04953625585426495
0.9499999999999622 0.7 0.04953625585426495
0.9499999999999622 0.75 0.04953625585426495
0.9499999999999622 0.8 0.04953625585426495
0.9499999999999622 0.85 0.04953625585426495
0.9499999999999622 0.9 0.04953625585426495
0.9499999999999622 0.95 0.04953625585426495
0.949999999999971 0.05 0.09907253220809245
0.949999999999971 0.1 0.09907253220809245
0.949999999999971 0.15 0.09907253220809245
0.949999999999971 0.2 0.09907253220809245
0.949999999999971 0.25 0.09907253220809245
0.949999999999971 0.3 0.09907253220809245
0.949999999999971 0.35 0.09907253220809245
0.949999999999971 0.4 0.09907253220809245
0.949999999999971 0.45 0.09907253220809245
0.949999999999971 0.5 0.09907253220809245
0.949999999999971 0.55 0.09907253220809245
0.949999999999971 0.6 0.09907253220809245
0.949999999999971 0.65 0.09907253220809245
0.949999999999971 0.7 0.09907253220809245
0.949999999999971 0.75 0.09907253220809245
0.949999999999971 0.8 0.09907253220809245
0.949999999999971 0.85 0.09907253220809245
0.949999999999971 0.9 0.09907253220809245
0.949999999999971 0.95 0.09907253220809245
0.9499999999999788 0.05 0.1486088550329343
0.9499999999999788 0.1 0.1486088550329343
0.9499999999999788 0.15 0.1486088550329343
0.9499999999999788 0.2 0.1486088550329343
0.9499999999999788 0.25 0.1486088550329343
0.9499999999999788 0.3 0.1486088550329343
0.9499999999999788 0.35 0.1486088550329343
0.9499999999999788 0.4 0.1486088550329343
0.9499999999999788 0.45 0.1486088550329343
0.9499999999999788 0.5 0.1486088550329343
0.9499999999999788 0.55 0.1486088550329343
0.9499999999999788 0.6 0.1486088550329343
0.9499999999999788 0.65 0.1486088550329343
0.9499999999999788 0.7 0.1486088550329343
0.9499999999999788 0.75 0.1486088550329343
0.9499999999999788 0.8 0.1486088550329343
0.9499999999999788 0.85 0.1486088550329343
0.9499999999999788 0.9 0.1486088550329343
0.9499999999999788 0.95 0.1486088550329343
0.9499999999999824 0.05 0.1981452628099553
0.9499999999999824 0.1 0.1981452628099553
0.9499999999999824 0.15 0.1981452628099553
0.9499999999999824 0.2 0.1981452628099553
0.9499999999999824 0.25 0.1981452628099553
0.9499999999999824 0.3 0.1981452628099553
0.9499999999999824 0.35 0.1981452628099553
0.9499999999999824 0.4 0.1981452628099553
0.9499999999999824 0.45 0.1981452628099553
0.9499999999999824 0.5 0.1981452628099553
0.9499999999999824 0.55 0.1981452628099553
0.9499999999999824 0.6 0.1981452628099553
0.9499999999999824 0.65 0.1981452628099553
0.9499999999999824 0.7 0.1981452628099553
0.9499999999999824 0.75 0.1981452628099553
0.9499999999999824 0.8 0.1981452628099553
0.9499999999999824 0.85 0.1981452628099553
0.9499999999999824 0.9 0.1981452628099553
0.9499999999999824 0.95 0.1981452628099553
0.9499999999999825 0.05 0.2476818173305268
0.9499999999999825 0.1 0.2476818173305268
0.9499999999999825 0.15 0.2476818173305268
0.9499999999999825 0.2 0.2476818173305268
0.9499999999999825 0.25 0.2476818173305268
0.9499999999999825 0.3 0.2476818173305268
0.9499999999999825 0.35 0.2476818173305268
0.9499999999999825 0.4 0.2476818173305268
0.9499999999999825 0.45 0.2476818173305268
0.9499999999999825 0.5 0.2476818173305268
0.9499999999999825 0.55 0.2476818173305268
0.9499999999999825 0.6 0.2476818173305268
0.9499999999999825 0.65 0.2476818173305268
0.9499999999999825 0.7 0.2476818173305268
0.9499999999999825 0.75 0.2476818173305268
0.9499999999999825 0.8 0.2476818173305268
0.9499999999999825 0.85 0.2476818173305268
0.9499999999999825 0.9 0.2476818173305268
0.9499999999999825 0.95 0.2476818173305268
0.9499999999999786 0.05 0.2972186222949288
0.9499999999999786 0.1 0.2972186222949288
0.9499999999999786 0.15 0.2972186222949288
0.9499999999999786 0.2 0.2972186222949288
0.9499999999999786 0.25 0.2972186222949288
0.9499999999999786 0.3 0.2972186222949288
0.9499999999999786 0.35 0.2972186222949288
0.9499999999999786 0.4 0.2972186222949288
0.9499999999999786 0.45 0.2972186222949288
0.9499999999999786 0.5 0.2972186222949288
0.9499999999999786 0.55 0.2972186222949288
0.9499999999999786 0.6 0.2972186222949288
0.9499999999999786 0.65 0.2972186222949288
0.9499999999999786 0.7 0.2972186222949288
0.9499999999999786 0.75 0.2972186222949288
0.9499999999999786 0.8 0.2972186222949288
0.9499999999999786 0.85 0.2972186222949288
0.9499999999999786 0.9 0.2972186222949288
0.9499999999999786 0.95 0.2972186222949288
0.9499999999999712 0.05 0.3467558589317897
0.9499999999999712 0.1 0.3467558589317897
0.9499999999999712 0.15 0.3467558589317897
0.9499999999999712 0.2 0.3467558589317897
0.9499999999999712 0.25 0.3467558589317897
0.9499999999999712 0.3 0.3467558589317897
0.9499999999999712 0.35 0.3467558589317897
0.9499999999999712 0.4 0.3467558589317897
0.9499999999999712 0.45 0.3467558589317897
0.9499999999999712 0.5 0.3467558589317897
0.9499999999999712 0.55 0.3467558589317897
0.9499999999999712 0.6 0.3467558589317897
0.9499999999999712 0.65 0.3467558589317897
0.9499999999999712 0.7 0.3467558589317897
0.9499999999999712 0.75 0.3467558589317897
0.9499999999999712 0.8 0.3467558589317897
0.9499999999999712 0.85 0.3467558589317897
0.9499999999999712 0.9 0.3467558589317897
0.9499999999999712 0.95 0.3467558589317897
0.9499999999999628 0.05 0.3962938641347785
0.9499999999999628 0.1 0.3962938641347785
0.9499999999999628 0.15 0.3962938641347785
0.9499999999999628 0.2 0.3962938641347785
0.9499999999999628 0.25 0.3962938641347785
0.9499999999999628 0.3 0.3962938641347785
0.9499999999999628 0.35 0.3962938641347785
0.9499999999999628 0.4 0.3962938641347785
0.9499999999999628 0.45 0.3962938641347785
0.9499999999999628 0.5 0.3962938641347785
0.9499999999999628 0.55 0.3962938641347785
0.9499999999999628 0.6 0.3962938641347785
0.9499999999999628 0.65 0.3962938641347785
0.9499999999999628 0.7 0.3962938641347785
0.9499999999999628 0.75 0.3962938641347785
0.9499999999999628 0.8 0.3962938641347785
0.9499999999999628 0.85 0.3962938641347785
0.9499999999999628 0.9 0.3962938641347785
0.9499999999999628 0.95 0.3962938641347785
3 4 0 190
6725
6726
6727
6728
6729
6730
6731
6732
6733
6734
6735
6736
6737
6738
6739
6740
6741
6742
6743
6744
6745
6746
6747
6748
6749
6750
6751
6752
6753
6754
6755
6756
6757
6758
6759
6760
6761
6762
6763
6764
6765
6766
6767
6768
6769
6770
6771
6772
6773
6774
6775
6776
6777
6778
6779
6780
6781
6782
6783
6784
6785
6786
6787
6788
6789
6790
6791
6792
6793
6794
6795
6796
6797
6798
6799
6800
6801
6802
6803
6804
6805
6806
6807
6808
6809
6810
6811
6812
6813
6814
6815
6816
6817
6818
6819
6820
6821
6822
6823
6824
6825
6826
6827
6828
6829
6830
6831
6832
6833
6834
6835
6836
6837
6838
6839
6840
6841
6842
6843
6844
6845
6846
6847
6848
6849
6850
6851
6852
6853
6854
6855
6856
6857
6858
6859
6860
6861
6862
6863
6864
6865
6866
6867
6868
6869
6870
6871
6872
6873
6874
6875
6876
6877
6878
6879
6880
6881
6882
6883
6884
6885
6886
6887
6888
6889
6890
6891
6892
6893
6894
6895
6896
6897
6898
6899
6900
6901
6902
6903
6904
6905
6906
6907
6908
6909
6910
6911
6912
6913
6914
0.04999999999989129 0.05 0.48194248576624
0.04999999999989129 0.1 0.48194248576624
0.04999999999989129 0.15 0.48194248576624
0.04999999999989129 0.2 0.48194248576624
0.04999999999989129 0.25 0.48194248576624
0.04999999999989129 0.3 0.48194248576624
0.04999999999989129 0.35 0.48194248576624
0.04999999999989129 0.4 0.48194248576624
0.04999999999989129 0.45 0.48194248576624
0.04999999999989129 0.5 0.48194248576624
0.04999999999989129 0.55 0.48194248576624
0.04999999999989129 0.6 0.48194248576624
0.04999999999989129 0.65 0.48194248576624
0.04999999999989129 0.7 0.48194248576624
0.04999999999989129 0.75 0.48194248576624
0.04999999999989129 0.8 0.48194248576624
0.04999999999989129 0.85 0.48194248576624
0.04999999999989129 0.9 0.48194248576624
0.04999999999989129 0.95 0.48194248576624
0.04999999999989117 0.05 0.5138863402527263
0.04999999999989117 0.1 0.5138863402527263
0.04999999999989117 0.15 0.5138863402527263
0.04999999999989117 0.2 0.5138863402527263
0.04999999999989117 0.25 0.5138863402527263
0.04999999999989117 0.3 0.5138863402527263
0.04999999999989117 0.35 0.5138863402527263
0.04999999999989117 0.4 0.5138863402527263
0.04999999999989117 0.45 0.5138863402527263
0.04999999999989117 0.5 0.5138863402527263
0.04999999999989117 0.55 0.5138863402527263
0.04999999999989117 0.6 0.5138863402527263
0.04999999999989117 0.65 0.5138863402527263
0.04999999999989117 0.7 0.5138863402527263
0.04999999999989117 0.75 0.5138863402527263
0.04999999999989117 0.8 0.5138863402527263
0.04999999999989117 0.85 0.5138863402527263
0.04999999999989117 0.9 0.5138863402527263
0.04999999999989117 0.95 0.5138863402527263
0.09999999999976956 0.05 0.4822197472951966
0.09999999999976956 0.1 0.4822197472951966
0.09999999999976956 0.15 0.4822197472951966
0.09999999999976956 0.2 0.4822197472951966
0.09999999999976956 0.25 0.4822197472951966
0.09999999999976956 0.3 0.4822197472951966
0.09999999999976956 0.35 0.4822197472951966
0.09999999999976956 0.4 0.4822197472951966
0.09999999999976956 0.45 0.4822197472951966
0.09999999999976956 0.5 0.4822197472951966
0.09999999999976956 0.55 0.4822197472951966
0.09999999999976956 0.6 0.4822197472951966
0.09999999999976956 0.65 0.4822197472951966
0.09999999999976956 0.7 0.4822197472951966
0.09999999999976956 0.75 0.4822197472951966
0.09999999999976956 0.8 0.4822197472951966
0.09999999999976956 0.85 0.4822197472951966
0.09999999999976956 0.9 0.4822197472951966
0.09999999999976956 0.95 0.4822197472951966
0.09999999999976944 0.05 0.5144413132129132
0.09999999999976944 0.1 0.5144413132129132
0.09999999999976944 0.15 0.5144413132129132
0.09999999999976944 0.2 0.5144413132129132
0.09999999999976944 0.25 0.5144413132129132
0.09999999999976944 0.3 0.5144413132129132
0.09999999999976944 0.35 0.5144413132129132
0.09999999999976944 0.4 0.5144413132129132
0.09999999999976944 0.45 0.5144413132129132
0.09999999999976944 0.5 0.5144413132129132
0.09999999999976944 0.55 0.5144413132129132
0.09999999999976944 0.6 0.5144413132129132
0.09999999999976944 0.65 0.5144413132129132
0.09999999999976944 0.7 0.5144413132129132
0.09999999999976944 0.75 0.5144413132129132
0.09999999999976944 0.8 0.5144413132129132
0.09999999999976944 0.85 0.5144413132129132
0.09999999999976944 0.9 0.5144413132129132
0.09999999999976944 0.95 0.5144413132129132
0.1499999999996864 0.05 0.4824974103142147
0.1499999999996864 0.1 0.4824974103142147
0.1499999999996864 0.15 0.4824974103142147
0.1499999999996864 0.2 0.4824974103142147
0.1499999999996864 0.25 0.4824974103142147
0.1499999999996864 0.3 0.4824974103142147
0.1499999999996864 0.35 0.4824974103142147
0.1499999999996864 0.4 0.4824974103142147
0.1499999999996864 0.45 0.4824974103142147
0.1499999999996864 0.5 0.4824974103142147
0.1499999999996864 0.55 0.4824974103142147
0.1499999999996864 0.6 0.4824974103142147
0.1499999999996864 0.65 0.4824974103142147
0.1499999999996864 0.7 0.4824974103142147
0.1499999999996864 0.75 0.4824974103142147
0.1499999999996864 0.8 0.4824974103142147
0.1499999999996864 0.85 0.4824974103142147
0.1499999999996864 0.9 0.4824974103142147
0.1499999999996864 0.95 0.4824974103142147
0.1499999999996863 0.05 0.5149967434486318
0.1499999999996863 0.1 0.5149967434486318
0.1499999999996863 0.15 0.5149967434486318
0.1499999999996863 0.2 0.5149967434486318
0.1499999999996863 0.25 0.5149967434486318
0.1499999999996863 0.3 0.5149967434486318
0.1499999999996863 0.35 0.5149967434486318
0.1499999999996863 0.4 0.5149967434486318
0.1499999999996863 0.45 0.5149967434486318
0.1499999999996863 0.5 0.5149967434486318
0.1499999999996863 0.55 0.5149967434486318
0.1499999999996863 0.6 0.5149967434486318
0.1499999999996863 0.65 0.5149967434486318
0.1499999999996863 0.7 0.5149967434486318
0.1499999999996863 0.75 0.5149967434486318
0.1499999999996863 0.8 0.5149967434486318
0.1499999999996863 0.85 0.5149967434486318
0.1499999999996863 0.9 0.5149967434486318
0.1499999999996863 0.95 0.5149967434486318
0.1999999999997634 0.05 0.4827752698012255
0.1999999999997634 0.1 0.4827752698012255
0.1999999999997634 0.15 0.4827752698012255
0.1999999999997634 0.2 0.4827752698012255
0.1999999999997634 0.25 0.4827752698012255
0.1999999999997634 0.3 0.4827752698012255
0.1999999999997634 0.35 0.4827752698012255
0.1999999999997634 0.4 0.4827752698012255
0.1999999999997634 0.45 0.4827752698012255
0.1999999999997634 0.5 0.4827752698012255
0.1999999999997634 0.55 0.4827752698012255
0.1999999999997634 0.6 0.4827752698012255
0.1999999999997634 0.65 0.4827752698012255
0.1999999999997634 0.7 0.4827752698012255
0.1999999999997634 0.75 0.4827752698012255
0.1999999999997634 0.8 0.4827752698012255
0.1999999999997634 0.85 0.4827752698012255
0.1999999999997634 0.9 0.4827752698012255
0.1999999999997634 0.95 0.4827752698012255
0.1999999999997632 0.05 0.5155523833138039
0.1999999999997632 0.1 0.5155523833138039
0.1999999999997632 0.15 0.5155523833138039
0.1999999999997632 0.2 0.5155523833138039
0.1999999999997632 0.25 0.5155523833138039
0.1999999999997632 0.3 0.5155523833138039
0.1999999999997632 0.35 0.5155523833138039
0.1999999999997632 0.4 0.5155523833138039
0.1999999999997632 0.45 0.5155523833138039
0.1999999999997632 0.5 0.5155523833138039
0.1999999999997632 0.55 0.5155523833138039
0.1999999999997632 0.6 0.5155523833138039
0.1999999999997632 0.65 0.5155523833138039
0.1999999999997632 0.7 0.5155523833138039
0.1999999999997632 0.75 0.5155523833138039
0.1999999999997632 0.8 0.5155523833138039
0.1999999999997632 0.85 0.5155523833138039
0.1999999999997632 0.9 0.5155523833138039
0.1999999999997632 0.95 0.5155523833138039
0.2499999999998769 0.05 0.4830535546805002
0.2499999999998769 0.1 0.4830535546805002
0.2499999999998769 0.15 0.4830535546805002
0.2499999999998769 0.2 0.4830535546805002
0.2499999999998769 0.25 0.4830535546805002
0.2499999999998769 0.3 0.4830535546805002
0.2499999999998769 0.35 0.4830535546805002
0.2499999999998769 0.4 0.4830535546805002
0.2499999999998769 0.45 0.4830535546805002
0.2499999999998769 0.5 0.4830535546805002
0.2499999999998769 0.55 0.4830535546805002
0.2499999999998769 0.6 0.4830535546805002
0.2499999999998769 0.65 0.4830535546805002
0.2499999999998769 0.7 0.4830535546805002
0.2499999999998769 0.75 0.4830535546805002
0.2499999999998769 0.8 0.4830535546805002
0.2499999999998769 0.85 0.4830535546805002
0.2499999999998769 0.9 0.4830535546805002
0.2499999999998769 0.95 0.4830535546805002
0.2499999999998768 0.05 0.5161085119370283
0.2499999999998768 0.1 0.5161085119370283
0.2499999999998768 0.15 0.5161085119370283
0.2499999999998768 0.2 0.5161085119370283
0.2499999999998768 0.25 0.5161085119370283
0.2499999999998768 0.3 0.5161085119370283
0.2499999999998768 0.35 0.5161085119370283
0.2499999999998768 0.4 0.5161085119370283
0.2499999999998768 0.45 0.5161085119370283
0.2499999999998768 0.5 0.5161085119370283
0.2499999999998768 0.55 0.5161085119370283
0.2499999999998768 0.6 0.5161085119370283
0.2499999999998768 0.65 0.5161085119370283
0.2499999999998768 0.7 0.5161085119370283
0.2499999999998768 0.75 0.5161085119370283
0.2499999999998768 0.8 0.5161085119370283
0.2499999999998768 0.85 0.5161085119370283
0.2499999999998768 0.9 0.5161085119370283
0.2499999999998768 0.95 0.5161085119370283
3 5 0 266
6915
6916
6917
6918
6919
6920
6921
6922
6923
6924
6925
6926
6927
6928
6929
6930
6931
6932
6933
6934
6935
6936
6937
6938
6939
6940
6941
6942
6943
6944
6945
6946
6947
6948
6949
6950
6951
6952
6953
6954
6955
6956
6957
6958
6959
6960
6961
6962
6963
6964
6965
6966
6967
6968
6969
6970
6971
6972
6973
6974
6975
6976
6977
6978
6979
6980
6981
6982
6983
6984
6985
6986
6987
6988
6989
6990
6991
6992
6993
6994
6995
6996
6997
6998
6999
7000
7001
7002
7003
7004
7005
7006
7007
7008
7009
7010
7011
7012
7013
7014
7015
7016
7017
7018
7019
7020
7021
7022
7023
7024
7025
7026
7027
7028
7029
7030
7031
7032
7033
7034
7035
7036
7037
7038
7039
7040
7041
7042
7043
7044
7045
7046
7047
7048
7049
7050
7051
7052
7053
7054
7055
7056
7057
7058
7059
7060
7061
7062
7063
7064
7065
7066
7067
7068
7069
7070
7071
7072
7073
7074
7075
7076
7077
7078
7079
7080
7081
7082
7083
7084
7085
7086
7087
7088
7089
7090
7091
7092
7093
7094
7095
7096
7097
7098
7099
7100
7101
7102
7103
7104
7105
7106
7107
7108
7109
7110
7111
7112
7113
7114
7115
7116
7117
7118
7119
7120
7121
7122
7123
7124
7125
7126
7127
7128
7129
7130
7131
7132
7133
7134
7135
7136
7137
7138
7139
7140
7141
7142
7143
7144
7145
7146
7147
7148
7149
7150
7151
7152
7153
7154
7155
7156
7157
7158
7159
7160
7161
7162
7163
7164
7165
7166
7167
7168
7169
7170
7171
7172
7173
7174
7175
7176
7177
7178
7179
7180
0.3499999999999145 0.05 0.4833333333333319
0.3499999999999145 0.1 0.4833333333333319
0.3499999999999145 0.15 0.4833333333333319
0.3499999999999145 0.2 0.4833333333333319
0.3499999999999145 0.25 0.4833333333333319
0.3499999999999145 0.3 0.4833333333333319
0.3499999999999145 0.35 0.4833333333333319
0.3499999999999145 0.4 0.4833333333333319
0.3499999999999145 0.45 0.4833333333333319
0.3499999999999145 0.5 0.4833333333333319
0.3499999999999145 0.55 0.4833333333333319
0.3499999999999145 0.6 0.4833333333333319
0.3499999999999145 0.65 0.4833333333333319
0.3499999999999145 0.7 0.4833333333333319
0.3499999999999145 0.75 0.4833333333333319
0.3499999999999145 0.8 0.4833333333333319
0.3499999999999145 0.85 0.4833333333333319
0.3499999999999145 0.9 0.4833333333333319
0.3499999999999145 0.95 0.4833333333333319
0.3499999999999145 0.05 0.5166666666666707
0.3499999999999145 0.1 0.5166666666666707
0.3499999999999145 0.15 0.5166666666666707
0.3499999999999145 0.2 0.5166666666666707
0.3499999999999145 0.25 0.5166666666666707
0.3499999999999145 0.3 0.5166666666666707
0.3499999999999145 0.35 0.5166666666666707
0.3499999999999145 0.4 0.5166666666666707
0.3499999999999145 0.45 0.5166666666666707
0.3499999999999145 0.5 0.5166666666666707
0.3499999999999145 0.55 0.5166666666666707
0.3499999999999145 0.6 0.5166666666666707
0.3499999999999145 0.65 0.5166666666666707
0.3499999999999145 0.7 0.5166666666666707
0.3499999999999145 0.75 0.5166666666666707
0.3499999999999145 0.8 0.5166666666666707
0.3499999999999145 0.85 0.5166666666666707
0.3499999999999145 0.9 0.5166666666666707
0.3499999999999145 0.95 0.5166666666666707
0.3999999999997833 0.05 0.4833333333333333
0.3999999999997833 0.1 0.4833333333333333
0.3999999999997833 0.15 0.4833333333333333
0.3999999999997833 0.2 0.4833333333333333
0.3999999999997833 0.25 0.4833333333333333
0.3999999999997833 0.3 0.4833333333333333
0.3999999999997833 0.35 0.4833333333333333
0.3999999999997833 0.4 0.4833333333333333
0.3999999999997833 0.45 0.4833333333333333
0.3999999999997833 0.5 0.4833333333333333
0.3999999999997833 0.55 0.4833333333333333
0.3999999999997833 0.6 0.4833333333333333
0.3999999999997833 0.65 0.4833333333333333
0.3999999999997833 0.7 0.4833333333333333
0.3999999999997833 0.75 0.4833333333333333
0.3999999999997833 0.8 0.4833333333333333
0.3999999999997833 0.85 0.4833333333333333
0.3999999999997833 0.9 0.4833333333333333
0.3999999999997833 0.95 0.4833333333333333
0.3999999999997833 0.05 0.5166666666666674
0.3999999999997833 0.1 0.5166666666666674
0.3999999999997833 0.15 0.5166666666666674
0.3999999999997833 0.2 0.5166666666666674
0.3999999999997833 0.25 0.5166666666666674
0.3999999999997833 0.3 0.5166666666666674
0.3999999999997833 0.35 0.5166666666666674
0.3999999999997833 0.4 0.5166666666666674
0.3999999999997833 0.45 0.5166666666666674
0.3999999999997833 0.5 0.5166666666666674
0.3999999999997833 0.55 0.5166666666666674
0.3999999999997833 0.6 0.5166666666666674
0.3999999999997833 0.65 0.5166666666666674
0.3999999999997833 0.7 0.5166666666666674
0.3999999999997833 0.75 0.5166666666666674
0.3999999999997833 0.8 0.5166666666666674
0.3999999999997833 0.85 0.5166666666666674
0.3999999999997833 0.9 0.5166666666666674
0.3999999999997833 0.95 0.5166666666666674
0.4499999999996527 0.05 0.4833333333333334
0.4499999999996527 0.1 0.4833333333333334
0.4499999999996527 0.15 0.4833333333333334
0.4499999999996527 0.2 0.4833333333333334
0.4499999999996527 0.25 0.4833333333333334
0.4499999999996527 0.3 0.4833333333333334
0.4499999999996527 0.35 0.4833333333333334
0.4499999999996527 0.4 0.4833333333333334
0.4499999999996527 0.45 0.4833333333333334
0.4499999999996527 0.5 0.4833333333333334
0.4499999999996527 0.55 0.4833333333333334
0.4499999999996527 0.6 0.4833333333333334
0.4499999999996527 0.65 0.4833333333333334
0.4499999999996527 0.7 0.4833333333333334
0.4499999999996527 0.75 0.4833333333333334
0.4499999999996527 0.8 0.4833333333333334
0.4499999999996527 0.85 0.4833333333333334
0.4499999999996527 0.9 0.4833333333333334
0.4499999999996527 0.95 0.4833333333333334
0.4499999999996527 0.05 0.5166666666666668
0.4499999999996527 0.1 0.5166666666666668
0.4499999999996527 0.15 0.5166666666666668
0.4499999999996527 0.2 0.5166666666666668
0.4499999999996527 0.25 0.5166666666666668
0.4499999999996527 0.3 0.5166666666666668
0.4499999999996527 0.35 0.5166666666666668
0.4499999999996527 0.4 0.5166666666666668
0.4499999999996527 0.45 0.5166666666666668
0.4499999999996527 0.5 0.5166666666666668
0.4499999999996527 0.55 0.5166666666666668
0.4499999999996527 0.6 0.5166666666666668
0.4499999999996527 0.65 0.5166666666666668
0.4499999999996527 0.7 0.5166666666666668
0.4499999999996527 0.75 0.5166666666666668
0.4499999999996527 0.8 0.5166666666666668
0.4499999999996527 0.85 0.5166666666666668
0.4499999999996527 0.9 0.5166666666666668
0.4499999999996527 0.95 0.5166666666666668
0.4999999999995705 0.05 0.4833333333333334
0.4999999999995705 0.1 0.4833333333333334
0.4999999999995705 0.15 0.4833333333333334
0.4999999999995705 0.2 0.4833333333333334
0.4999999999995705 0.25 0.4833333333333334
0.4999999999995705 0.3 0.4833333333333334
0.4999999999995705 0.35 0.4833333333333334
0.4999999999995705 0.4 0.4833333333333334
0.4999999999995705 0.45 0.4833333333333334
0.4999999999995705 0.5 0.4833333333333334
0.4999999999995705 0.55 0.4833333333333334
0.4999999999995705 0.6 0.4833333333333334
0.4999999999995705 0.65 0.4833333333333334
0.4999999999995705 0.7 0.4833333333333334
0.4999999999995705 0.75 0.4833333333333334
0.4999999999995705 0.8 0.4833333333333334
0.4999999999995705 0.85 0.4833333333333334
0.4999999999995705 0.9 0.4833333333333334
0.4999999999995705 0.95 0.4833333333333334
0.4999999999995705 0.05 0.5166666666666667
0.4999999999995705 0.1 0.5166666666666667
0.4999999999995705 0.15 0.5166666666666667
0.4999999999995705 0.2 0.5166666666666667
0.4999999999995705 0.25 0.5166666666666667
0.4999999999995705 0.3 0.5166666666666667
0.4999999999995705 0.35 0.5166666666666667
0.4999999999995705 0.4 0.5166666666666667
0.4999999999995705 0.45 0.5166666666666667
0.4999999999995705 0.5 0.5166666666666667
0.4999999999995705 0.55 0.5166666666666667
0.4999999999995705 0.6 0.5166666666666667
0.4999999999995705 0.65 0.5166666666666667
0.4999999999995705 0.7 0.5166666666666667
0.4999999999995705 0.75 0.5166666666666667
0.4999999999995705 0.8 0.5166666666666667
0.4999999999995705 0.85 0.5166666666666667
0.4999999999995705 0.9 0.5166666666666667
0.4999999999995705 0.95 0.5166666666666667
0.5499999999996447 0.05 0.4833333333333333
0.5499999999996447 0.1 0.4833333333333333
0.5499999999996447 0.15 0.4833333333333333
0.5499999999996447 0.2 0.4833333333333333
0.5499999999996447 0.25 0.4833333333333333
0.5499999999996447 0.3 0.4833333333333333
0.5499999999996447 0.35 0.4833333333333333
0.5499999999996447 0.4 0.4833333333333333
0.5499999999996447 0.45 0.4833333333333333
0.5499999999996447 0.5 0.4833333333333333
0.5499999999996447 0.55 0.4833333333333333
0.5499999999996447 0.6 0.4833333333333333
0.5499999999996447 0.65 0.4833333333333333
0.5499999999996447 0.7 0.4833333333333333
0.5499999999996447 0.75 0.4833333333333333
0.5499999999996447 0.8 0.4833333333333333
0.5499999999996447 0.85 0.4833333333333333
0.5499999999996447 0.9 0.4833333333333333
0.5499999999996447 0.95 0.4833333333333333
0.5499999999996446 0.05 0.5166666666666668
0.5499999999996446 0.1 0.5166666666666668
0.5499999999996446 0.15 0.5166666666666668
0.5499999999996446 0.2 0.5166666666666668
0.5499999999996446 0.25 0.5166666666666668
0.5499999999996446 0.3 0.5166666666666668
0.5499999999996446 0.35 0.5166666666666668
0.5499999999996446 0.4 0.5166666666666668
0.5499999999996446 0.45 0.5166666666666668
0.5499999999996446 0.5 0.5166666666666668
0.5499999999996446 0.55 0.5166666666666668
0.5499999999996446 0.6 0.5166666666666668
0.5499999999996446 0.65 0.5166666666666668
0.5499999999996446 0.7 0.5166666666666668
0.5499999999996446 0.75 0.5166666666666668
0.5499999999996446 0.8 0.5166666666666668
0.5499999999996446 0.85 0.5166666666666668
0.5499999999996446 0.9 0.5166666666666668
0.5499999999996446 0.95 0.5166666666666668
0.5999999999997485 0.05 0.4833333333333334
0.5999999999997485 0.1 0.4833333333333334
0.5999999999997485 0.15 0.4833333333333334
0.5999999999997485 0.2 0.4833333333333334
0.5999999999997485 0.25 0.4833333333333334
0.5999999999997485 0.3 0.4833333333333334
0.5999999999997485 0.35 0.4833333333333334
0.5999999999997485 0.4 0.4833333333333334
0.5999999999997485 0.45 0.4833333333333334
0.5999999999997485 0.5 0.4833333333333334
0.5999999999997485 0.55 0.4833333333333334
0.5999999999997485 0.6 0.4833333333333334
0.5999999999997485 0.65 0.4833333333333334
0.5999999999997485 0.7 0.4833333333333334
0.5999999999997485 0.75 0.4833333333333334
0.5999999999997485 0.8 0.4833333333333334
0.5999999999997485 0.85 0.4833333333333334
0.5999999999997485 0.9 0.4833333333333334
0.5999999999997485 0.95 0.4833333333333334
0.5999999999997485 0.05 0.5166666666666674
0.5999999999997485 0.1 0.5166666666666674
0.5999999999997485 0.15 0.5166666666666674
0.5999999999997485 0.2 0.5166666666666674
0.5999999999997485 0.25 0.5166666666666674
0.5999999999997485 0.3 0.5166666666666674
0.5999999999997485 0.35 0.5166666666666674
0.5999999999997485 0.4 0.5166666666666674
0.5999999999997485 0.45 0.5166666666666674
0.5999999999997485 0.5 0.5166666666666674
0.5999999999997485 0.55 0.5166666666666674
0.5999999999997485 0.6 0.5166666666666674
0.5999999999997485 0.65 0.5166666666666674
0.5999999999997485 0.7 0.5166666666666674
0.5999999999997485 0.75 0.5166666666666674
0.5999999999997485 0.8 0.5166666666666674
0.5999999999997485 0.85 0.5166666666666674
0.5999999999997485 0.9 0.5166666666666674
0.5999999999997485 0.95 0.5166666666666674
0.649999999999872 0.05 0.4833333333333321
0.649999999999872 0.1 0.4833333333333321
0.649999999999872 0.15 0.4833333333333321
0.649999999999872 0.2 0.4833333333333321
0.649999999999872 0.25 0.4833333333333321
0.649999999999872 0.3 0.4833333333333321
0.649999999999872 0.35 0.4833333333333321
0.649999999999872 0.4 0.4833333333333321
0.649999999999872 0.45 0.4833333333333321
0.649999999999872 0.5 0.4833333333333321
0.649999999999872 0.55 0.4833333333333321
0.649999999999872 0.6 0.4833333333333321
0.649999999999872 0.65 0.4833333333333321
0.649999999999872 0.7 0.4833333333333321
0.649999999999872 0.75 0.4833333333333321
0.649999999999872 0.8 0.4833333333333321
0.649999999999872 0.85 0.4833333333333321
0.649999999999872 0.9 0.4833333333333321
0.649999999999872 0.95 0.4833333333333321
0.6499999999998719 0.05 0.5166666666666708
0.6499999999998719 0.1 0.5166666666666708
0.6499999999998719 0.15 0.5166666666666708
0.6499999999998719 0.2 0.5166666666666708
0.6499999999998719 0.25 0.5166666666666708
0.6499999999998719 0.3 0.5166666666666708
0.6499999999998719 0.35 0.5166666666666708
0.6499999999998719 0.4 0.5166666666666708
0.6499999999998719 0.45 0.5166666666666708
0.6499999999998719 0.5 0.5166666666666708
0.6499999999998719 0.55 0.5166666666666708
0.6499999999998719 0.6 0.5166666666666708
0.6499999999998719 0.65 0.5166666666666708
0.6499999999998719 0.7 0.5166666666666708
0.6499999999998719 0.75 0.5166666666666708
0.6499999999998719 0.8 0.5166666666666708
0.6499999999998719 0.85 0.5166666666666708
0.6499999999998719 0.9 0.5166666666666708
0.6499999999998719 0.95 0.5166666666666708
3 6 0 190
7181
7182
7183
7184
7185
7186
7187
7188
7189
7190
7191
7192
7193
7194
7195
7196
7197
7198
7199
7200
7201
7202
7203
7204
7205
7206
7207
7208
7209
7210
7211
7212
7213
7214
7215
7216
7217
7218
7219
7220
7221
7222
7223
7224
7225
7226
7227
7228
7229
7230
7231
7232
7233
7234
7235
7236
7237
7238
7239
7240
7241
7242
7243
7244
7245
7246
7247
7248
7249
7250
7251
7252
7253
7254
7255
7256
7257
7258
7259
7260
7261
7262
7263
7264
7265
7266
7267
7268
7269
7270
7271
7272
7273
7274
7275
7276
7277
7278
7279
7280
7281
7282
7283
7284
7285
7286
7287
7288
7289
7290
7291
7292
7293
7294
7295
7296
7297
7298
7299
7300
7301
7302
7303
7304
7305
7306
7307
7308
7309
7310
7311
7312
7313
7314
7315
7316
7317
7318
7319
7320
7321
7322
7323
7324
7325
7326
7327
7328
7329
7330
7331
7332
7333
7334
7335
7336
7337
7338
7339
7340
7341
7342
7343
7344
7345
7346
7347
7348
7349
7350
7351
7352
7353
7354
7355
7356
7357
7358
7359
7360
7361
7362
7363
7364
7365
7366
7367
7368
7369
7370
0.7499999999999302 0.05 0.4838914880629722
0.7499999999999302 0.1 0.4838914880629722
0.7499999999999302 0.15 0.4838914880629722
0.7499999999999302 0.2 0.4838914880629722
0.7499999999999302 0.25 0.4838914880629722
0.7499999999999302 0.3 0.4838914880629722
0.7499999999999302 0.35 0.4838914880629722
0.7499999999999302 0.4 0.4838914880629722
0.7499999999999302 0.45 0.4838914880629722
0.7499999999999302 0.5 0.4838914880629722
0.7499999999999302 0.55 0.4838914880629722
0.7499999999999302 0.6 0.4838914880629722
0.7499999999999302 0.65 0.4838914880629722
0.7499999999999302 0.7 0.4838914880629722
0.7499999999999302 0.75 0.4838914880629722
0.7499999999999302 0.8 0.4838914880629722
0.7499999999999302 0.85 0.4838914880629722
0.7499999999999302 0.9 0.4838914880629722
0.7499999999999302 0.95 0.4838914880629722
0.7499999999999301 0.05 0.5169464453195014
0.7499999999999301 0.1 0.5169464453195014
0.7499999999999301 0.15 0.5169464453195014
0.7499999999999301 0.2 0.5169464453195014
0.7499999999999301 0.25 0.5169464453195014
0.7499999999999301 0.3 0.5169464453195014
0.7499999999999301 0.35 0.5169464453195014
0.7499999999999301 0.4 0.5169464453195014
0.7499999999999301 0.45 0.5169464453195014
0.7499999999999301 0.5 0.5169464453195014
0.7499999999999301 0.55 0.5169464453195014
0.7499999999999301 0.6 0.5169464453195014
0.7499999999999301 0.65 0.5169464453195014
0.7499999999999301 0.7 0.5169464453195014
0.7499999999999301 0.75 0.5169464453195014
0.7499999999999301 0.8 0.5169464453195014
0.7499999999999301 0.85 0.5169464453195014
0.7499999999999301 0.9 0.5169464453195014
0.7499999999999301 0.95 0.5169464453195014
0.7999999999998496 0.05 0.484447616686192
0.7999999999998496 0.1 0.484447616686192
0.7999999999998496 0.15 0.484447616686192
0.7999999999998496 0.2 0.484447616686192
0.7999999999998496 0.25 0.484447616686192
0.7999999999998496 0.3 0.484447616686192
0.7999999999998496 0.35 0.484447616686192
0.7999999999998496 0.4 0.484447616686192
0.7999999999998496 0.45 0.484447616686192
0.7999999999998496 0.5 0.484447616686192
0.7999999999998496 0.55 0.484447616686192
0.7999999999998496 0.6 0.484447616686192
0.7999999999998496 0.65 0.484447616686192
0.7999999999998496 0.7 0.484447616686192
0.7999999999998496 0.75 0.484447616686192
0.7999999999998496 0.8 0.484447616686192
0.7999999999998496 0.85 0.484447616686192
0.7999999999998496 0.9 0.484447616686192
0.7999999999998496 0.95 0.484447616686192
0.7999999999998495 0.05 0.5172247301987725
0.7999999999998495 0.1 0.5172247301987725
0.7999999999998495 0.15 0.5172247301987725
0.7999999999998495 0.2 0.5172247301987725
0.7999999999998495 0.25 0.5172247301987725
0.7999999999998495 0.3 0.5172247301987725
0.7999999999998495 0.35 0.5172247301987725
0.7999999999998495 0.4 0.5172247301987725
0.7999999999998495 0.45 0.5172247301987725
0.7999999999998495 0.5 0.5172247301987725
0.7999999999998495 0.55 0.5172247301987725
0.7999999999998495 0.6 0.5172247301987725
0.7999999999998495 0.65 0.5172247301987725
0.7999999999998495 0.7 0.5172247301987725
0.7999999999998495 0.75 0.5172247301987725
0.7999999999998495 0.8 0.5172247301987725
0.7999999999998495 0.85 0.5172247301987725
0.7999999999998495 0.9 0.5172247301987725
0.7999999999998495 0.95 0.5172247301987725
0.84999999999984 0.05 0.4850032565513612
0.84999999999984 0.1 0.4850032565513612
0.84999999999984 0.15 0.4850032565513612
0.84999999999984 0.2 0.4850032565513612
0.84999999999984 0.25 0.4850032565513612
0.84999999999984 0.3 0.4850032565513612
0.84999999999984 0.35 0.4850032565513612
0.84999999999984 0.4 0.4850032565513612
0.84999999999984 0.45 0.4850032565513612
0.84999999999984 0.5 0.4850032565513612
0.84999999999984 0.55 0.4850032565513612
0.84999999999984 0.6 0.4850032565513612
0.84999999999984 0.65 0.4850032565513612
0.84999999999984 0.7 0.4850032565513612
0.84999999999984 0.75 0.4850032565513612
0.84999999999984 0.8 0.4850032565513612
0.84999999999984 0.85 0.4850032565513612
0.84999999999984 0.9 0.4850032565513612
0.84999999999984 0.95 0.4850032565513612
0.8499999999998397 0.05 0.5175025896857809
0.8499999999998397 0.1 0.5175025896857809
0.8499999999998397 0.15 0.5175025896857809
0.8499999999998397 0.2 0.5175025896857809
0.8499999999998397 0.25 0.5175025896857809
0.8499999999998397 0.3 0.5175025896857809
0.8499999999998397 0.35 0.5175025896857809
0.8499999999998397 0.4 0.5175025896857809
0.8499999999998397 0.45 0.5175025896857809
0.8499999999998397 0.5 0.5175025896857809
0.8499999999998397 0.55 0.5175025896857809
0.8499999999998397 0.6 0.5175025896857809
0.8499999999998397 0.65 0.5175025896857809
0.8499999999998397 0.7 0.5175025896857809
0.8499999999998397 0.75 0.5175025896857809
0.8499999999998397 0.8 0.5175025896857809
0.8499999999998397 0.85 0.5175025896857809
0.8499999999998397 0.9 0.5175025896857809
0.8499999999998397 0.95 0.5175025896857809
0.8999999999998622 0.05 0.4855586867870741
0.8999999999998622 0.1 0.4855586867870741
0.8999999999998622 0.15 0.4855586867870741
0.8999999999998622 0.2 0.4855586867870741
0.8999999999998622 0.25 0.4855586867870741
0.8999999999998622 0.3 0.4855586867870741
0.8999999999998622 0.35 0.4855586867870741
0.8999999999998622 0.4 0.4855586867870741
0.8999999999998622 0.45 0.4855586867870741
0.8999999999998622 0.5 0.4855586867870741
0.8999999999998622 0.55 0.4855586867870741
0.8999999999998622 0.6 0.4855586867870741
0.8999999999998622 0.65 0.4855586867870741
0.8999999999998622 0.7 0.4855586867870741
0.8999999999998622 0.75 0.4855586867870741
0.8999999999998622 0.8 0.4855586867870741
0.8999999999998622 0.85 0.4855586867870741
0.8999999999998622 0.9 0.4855586867870741
0.8999999999998622 0.95 0.4855586867870741
0.899999999999862 0.05 0.5177802527047931
0.899999999999862 0.1 0.5177802527047931
0.899999999999862 0.15 0.5177802527047931
0.899999999999862 0.2 0.5177802527047931
0.899999999999862 0.25 0.5177802527047931
0.899999999999862 0.3 0.5177802527047931
0.899999999999862 0.35 0.5177802527047931
0.899999999999862 0.4 0.5177802527047931
0.899999999999862 0.45 0.5177802527047931
0.899999999999862 0.5 0.5177802527047931
0.899999999999862 0.55 0.5177802527047931
0.899999999999862 0.6 0.5177802527047931
0.899999999999862 0.65 0.5177802527047931
0.899999999999862 0.7 0.5177802527047931
0.899999999999862 0.75 0.5177802527047931
0.899999999999862 0.8 0.5177802527047931
0.899999999999862 0.85 0.5177802527047931
0.899999999999862 0.9 0.5177802527047931
0.899999999999862 0.95 0.5177802527047931
0.949999999999953 0.05 0.4861136597472353
0.949999999999953 0.1 0.4861136597472353
0.949999999999953 0.15 0.4861136597472353
0.949999999999953 0.2 0.4861136597472353
0.949999999999953 0.25 0.4861136597472353
0.949999999999953 0.3 0.4861136597472353
0.949999999999953 0.35 0.4861136597472353
0.949999999999953 0.4 0.4861136597472353
0.949999999999953 0.45 0.4861136597472353
0.949999999999953 0.5 0.4861136597472353
0.949999999999953 0.55 0.4861136597472353
0.949999999999953 0.6 0.4861136597472353
0.949999999999953 0.65 0.4861136597472353
0.949999999999953 0.7 0.4861136597472353
0.949999999999953 0.75 0.4861136597472353
0.949999999999953 0.8 0.4861136597472353
0.949999999999953 0.85 0.4861136597472353
0.949999999999953 0.9 0.4861136597472353
0.949999999999953 0.95 0.4861136597472353
0.949999999999953 0.05 0.5180575142337247
0.949999999999953 0.1 0.5180575142337247
0.949999999999953 0.15 0.5180575142337247
0.949999999999953 0.2 0.5180575142337247
0.949999999999953 0.25 0.5180575142337247
0.949999999999953 0.3 0.5180575142337247
0.949999999999953 0.35 0.5180575142337247
0.949999999999953 0.4 0.5180575142337247
0.949999999999953 0.45 0.5180575142337247
0.949999999999953 0.5 0.5180575142337247
0.949999999999953 0.55 0.5180575142337247
0.949999999999953 0.6 0.5180575142337247
0.949999999999953 0.65 0.5180575142337247
0.949999999999953 0.7 0.5180575142337247
0.949999999999953 0.75 0.5180575142337247
0.949999999999953 0.8 0.5180575142337247
0.949999999999953 0.85 0.5180575142337247
0.949999999999953 0.9 0.5180575142337247
0.949999999999953 0.95 0.5180575142337247
3 7 0 760
7371
7372
7373
7374
7375
7376
7377
7378
7379
7380
7381
7382
7383
7384
7385
7386
7387
7388
7389
7390
7391
7392
7393
7394
7395
7396
7397
7398
7399
7400
7401
7402
7403
7404
7405
7406
7407
7408
7409
7410
7411
7412
7413
7414
7415
7416
7417
7418
7419
7420
7421
7422
7423
7424
7425
7426
7427
7428
7429
7430
7431
7432
7433
7434
7435
7436
7437
7438
7439
7440
7441
7442
7443
7444
7445
7446
7447
7448
7449
7450
7451
7452
7453
7454
7455
7456
7457
7458
7459
7460
7461
7462
7463
7464
7465
7466
7467
7468
7469
7470
7471
7472
7473
7474
7475
7476
7477
7478
7479
7480
7481
7482
7483
7484
7485
7486
7487
7488
7489
7490
7491
7492
7493
7494
7495
7496
7497
7498
7499
7500
7501
7502
7503
7504
7505
7506
7507
7508
7509
7510
7511
7512
7513
7514
7515
7516
7517
7518
7519
7520
7521
7522
7523
7524
7525
7526
7527
7528
7529
7530
7531
7532
7533
7534
7535
7536
7537
7538
7539
7540
7541
7542
7543
7544
7545
7546
7547
7548
7549
7550
7551
7552
7553
7554
7555
7556
7557
7558
7559
7560
7561
7562
7563
7564
7565
7566
7567
7568
7569
7570
7571
7572
7573
7574
7575
7576
7577
7578
7579
7580
7581
7582
7583
7584
7585
7586
7587
7588
7589
7590
7591
7592
7593
7594
7595
7596
7597
7598
7599
7600
7601
7602
7603
7604
7605
7606
7607
7608
7609
7610
7611
7612
7613
7614
7615
7616
7617
7618
7619
7620
7621
7622
7623
7624
7625
7626
7627
7628
7629
7630
7631
7632
7633
7634
7635
7636
7637
7638
7639
7640
7641
7642
7643
7644
7645
7646
7647
7648
7649
7650
7651
7652
7653
7654
7655
7656
7657
7658
7659
7660
7661
7662
7663
7664
7665
7666
7667
7668
7669
7670
7671
7672
7673
7674
7675
7676
7677
7678
7679
7680
7681
7682
7683
7684
7685
7686
7687
7688
7689
7690
7691
7692
7693
7694
7695
7696
7697
7698
7699
7700
7701
7702
7703
7704
7705
7706
7707
7708
7709
7710
7711
7712
7713
7714
7715
7716
7717
7718
7719
7720
7721
7722
7723
7724
7725
7726
7727
7728
7729
7730
7731
7732
7733
7734
7735
7736
7737
7738
7739
7740
7741
7742
7743
7744
7745
7746
7747
7748
7749
7750
7751
7752
7753
7754
7755
7756
7757
7758
7759
7760
7761
7762
7763
7764
7765
7766
7767
7768
7769
7770
7771
7772
7773
7774
7775
7776
7777
7778
7779
7780
7781
7782
7783
7784
7785
7786
7787
7788
7789
7790
7791
7792
7793
7794
7795
7796
7797
7798
7799
7800
7801
7802
7803
7804
7805
7806
7807
7808
7809
7810
7811
7812
7813
7814
7815
7816
7817
7818
7819
7820
7821
7822
7823
7824
7825
7826
7827
7828
7829
7830
7831
7832
7833
7834
7835
7836
7837
7838
7839
7840
7841
7842
7843
7844
7845
7846
7847
7848
7849
7850
7851
7852
7853
7854
7855
7856
7857
7858
7859
7860
7861
7862
7863
7864
7865
7866
7867
7868
7869
7870
7871
7872
7873
7874
7875
7876
7877
7878
7879
7880
7881
7882
7883
7884
7885
7886
7887
7888
7889
7890
7891
7892
7893
7894
7895
7896
7897
7898
7899
7900
7901
7902
7903
7904
7905
7906
7907
7908
7909
7910
7911
7912
7913
7914
7915
7916
7917
7918
7919
7920
7921
7922
7923
7924
7925
7926
7927
7928
7929
7930
7931
7932
7933
7934
7935
7936
7937
7938
7939
7940
7941
7942
7943
7944
7945
7946
7947
7948
7949
7950
7951
7952
7953
7954
7955
7956
7957
7958
7959
7960
7961
7962
7963
7964
7965
7966
7967
7968
7969
7970
7971
7972
7973
7974
7975
7976
7977
7978
7979
7980
7981
7982
7983
7984
7985
7986
7987
7988
7989
7990
7991
7992
7993
7994
7995
7996
7997
7998
7999
8000
8001
8002
8003
8004
8005
8006
8007
8008
8009
8010
8011
8012
8013
8014
8015
8016
8017
8018
8019
8020
8021
8022
8023
8024
8025
8026
8027
8028
8029
8030
8031
8032
8033
8034
8035
8036
8037
8038
8039
8040
8041
8042
8043
8044
8045
8046
8047
8048
8049
8050
8051
8052
8053
8054
8055
8056
8057
8058
8059
8060
8061
8062
8063
8064
8065
8066
8067
8068
8069
8070
8071
8072
8073
8074
8075
8076
8077
8078
8079
8080
8081
8082
8083
8084
8085
8086
8087
8088
8089
8090
8091
8092
8093
8094
8095
8096
8097
8098
8099
8100
8101
8102
8103
8104
8105
8106
8107
8108
8109
8110
8111
8112
8113
8114
8115
8116
8117
8118
8119
8120
8121
8122
8123
8124
8125
8126
8127
8128
8129
8130
0.04999999999992107 0.05 0.6037061358649919
0.04999999999992107 0.1 0.6037061358649919
0.04999999999992107 0.15 0.6037061358649919
0.04999999999992107 0.2 0.6037061358649919
0.04999999999992107 0.25 0.6037061358649919
0.04999999999992107 0.3 0.6037061358649919
0.04999999999992107 0.35 0.6037061358649919
0.04999999999992107 0.4 0.6037061358649919
0.04999999999992107 0.45 0.6037061358649919
0.04999999999992107 0.5 0.6037061358649919
0.04999999999992107 0.55 0.6037061358649919
0.04999999999992107 0.6 0.6037061358649919
0.04999999999992107 0.65 0.6037061358649919
0.04999999999992107 0.7 0.6037061358649919
0.04999999999992107 0.75 0.6037061358649919
0.04999999999992107 0.8 0.6037061358649919
0.04999999999992107 0.85 0.6037061358649919
0.04999999999992107 0.9 0.6037061358649919
0.04999999999992107 0.95 0.6037061358649919
0.04999999999994528 0.05 0.6532441410677479
0.04999999999994528 0.1 0.6532441410677479
0.04999999999994528 0.15 0.6532441410677479
0.04999999999994528 0.2 0.6532441410677479
0.04999999999994528 0.25 0.6532441410677479
0.04999999999994528 0.3 0.6532441410677479
0.04999999999994528 0.35 0.6532441410677479
0.04999999999994528 0.4 0.6532441410677479
0.04999999999994528 0.45 0.6532441410677479
0.04999999999994528 0.5 0.6532441410677479
0.04999999999994528 0.55 0.6532441410677479
0.04999999999994528 0.6 0.6532441410677479
0.04999999999994528 0.65 0.6532441410677479
0.04999999999994528 0.7 0.6532441410677479
0.04999999999994528 0.75 0.6532441410677479
0.04999999999994528 0.8 0.6532441410677479
0.04999999999994528 0.85 0.6532441410677479
0.04999999999994528 0.9 0.6532441410677479
0.04999999999994528 0.95 0.6532441410677479
0.04999999999996116 0.05 0.7027813777044128
0.04999999999996116 0.1 0.7027813777044128
0.04999999999996116 0.15 0.7027813777044128
0.04999999999996116 0.2 0.7027813777044128
0.04999999999996116 0.25 0.7027813777044128
0.04999999999996116 0.3 0.7027813777044128
0.04999999999996116 0.35 0.7027813777044128
0.04999999999996116 0.4 0.7027813777044128
0.04999999999996116 0.45 0.7027813777044128
0.04999999999996116 0.5 0.7027813777044128
0.04999999999996116 0.55 0.7027813777044128
0.04999999999996116 0.6 0.7027813777044128
0.04999999999996116 0.65 0.7027813777044128
0.04999999999996116 0.7 0.7027813777044128
0.04999999999996116 0.75 0.7027813777044128
0.04999999999996116 0.8 0.7027813777044128
0.04999999999996116 0.85 0.7027813777044128
0.04999999999996116 0.9 0.7027813777044128
0.04999999999996116 0.95 0.7027813777044128
0.04999999999996863 0.05 0.7523181826686919
0.04999999999996863 0.1 0.7523181826686919
0.04999999999996863 0.15 0.7523181826686919
0.04999999999996863 0.2 0.7523181826686919
0.04999999999996863 0.25 0.7523181826686919
0.04999999999996863 0.3 0.7523181826686919
0.04999999999996863 0.35 0.7523181826686919
0.04999999999996863 0.4 0.7523181826686919
0.04999999999996863 0.45 0.7523181826686919
0.04999999999996863 0.5 0.7523181826686919
0.04999999999996863 0.55 0.7523181826686919
0.04999999999996863 0.6 0.7523181826686919
0.04999999999996863 0.65 0.7523181826686919
0.04999999999996863 0.7 0.7523181826686919
0.04999999999996863 0.75 0.7523181826686919
0.04999999999996863 0.8 0.7523181826686919
0.04999999999996863 0.85 0.7523181826686919
0.04999999999996863 0.9 0.7523181826686919
0.04999999999996863 0.95 0.7523181826686919
0.04999999999996854 0.05 0.8018547371892697
0.04999999999996854 0.1 0.8018547371892697
0.04999999999996854 0.15 0.8018547371892697
0.04999999999996854 0.2 0.8018547371892697
0.04999999999996854 0.25 0.8018547371892697
0.04999999999996854 0.3 0.8018547371892697
0.04999999999996854 0.35 0.8018547371892697
0.04999999999996854 0.4 0.8018547371892697
0.04999999999996854 0.45 0.8018547371892697
0.04999999999996854 0.5 0.8018547371892697
0.04999999999996854 0.55 0.8018547371892697
0.04999999999996854 0.6 0.8018547371892697
0.04999999999996854 0.65 0.8018547371892697
0.04999999999996854 0.7 0.8018547371892697
0.04999999999996854 0.75 0.8018547371892697
0.04999999999996854 0.8 0.8018547371892697
0.04999999999996854 0.85 0.8018547371892697
0.04999999999996854 0.9 0.8018547371892697
0.04999999999996854 0.95 0.8018547371892697
0.04999999999996086 0.05 0.8513911449664533
0.04999999999996086 0.1 0.8513911449664533
0.04999999999996086 0.15 0.8513911449664533
0.04999999999996086 0.2 0.8513911449664533
0.04999999999996086 0.25 0.8513911449664533
0.04999999999996086 0.3 0.8513911449664533
0.04999999999996086 0.35 0.8513911449664533
0.04999999999996086 0.4 0.8513911449664533
0.04999999999996086 0.45 0.8513911449664533
0.04999999999996086 0.5 0.8513911449664533
0.04999999999996086 0.55 0.8513911449664533
0.04999999999996086 0.6 0.8513911449664533
0.04999999999996086 0.65 0.8513911449664533
0.04999999999996086 0.7 0.8513911449664533
0.04999999999996086 0.75 0.8513911449664533
0.04999999999996086 0.8 0.8513911449664533
0.04999999999996086 0.85 0.8513911449664533
0.04999999999996086 0.9 0.8513911449664533
0.04999999999996086 0.95 0.8513911449664533
0.04999999999994484 0.05 0.9009274677915022
0.04999999999994484 0.1 0.9009274677915022
0.04999999999994484 0.15 0.9009274677915022
0.04999999999994484 0.2 0.9009274677915022
0.04999999999994484 0.25 0.9009274677915022
0.04999999999994484 0.3 0.9009274677915022
0.04999999999994484 0.35 0.9009274677915022
0.04999999999994484 0.4 0.9009274677915022
0.04999999999994484 0.45 0.9009274677915022
0.04999999999994484 0.5 0.9009274677915022
0.04999999999994484 0.55 0.9009274677915022
0.04999999999994484 0.6 0.9009274677915022
0.04999999999994484 0.65 0.9009274677915022
0.04999999999994484 0.7 0.9009274677915022
0.04999999999994484 0.75 0.9009274677915022
0.04999999999994484 0.8 0.9009274677915022
0.04999999999994484 0.85 0.9009274677915022
0.04999999999994484 0.9 0.9009274677915022
0.04999999999994484 0.95 0.9009274677915022
0.04999999999992068 0.05 0.950463744145528
0.04999999999992068 0.1 0.950463744145528
0.04999999999992068 0.15 0.950463744145528
0.04999999999992068 0.2 0.950463744145528
0.04999999999992068 0.25 0.950463744145528
0.04999999999992068 0.3 0.950463744145528
0.04999999999992068 0.35 0.950463744145528
0.04999999999992068 0.4 0.950463744145528
0.04999999999992068 0.45 0.950463744145528
0.04999999999992068 0.5 0.950463744145528
0.04999999999992068 0.55 0.950463744145528
0.04999999999992068 0.6 0.950463744145528
0.04999999999992068 0.65 0.950463744145528
0.04999999999992068 0.7 0.950463744145528
0.04999999999992068 0.75 0.950463744145528
0.04999999999992068 0.8 0.950463744145528
0.04999999999992068 0.85 0.950463744145528
0.04999999999992068 0.9 0.950463744145528
0.04999999999992068 0.95 0.950463744145528
0.09999999999984169 0.05 0.6029665181471742
0.09999999999984169 0.1 0.6029665181471742
0.09999999999984169 0.15 0.6029665181471742
0.09999999999984169 0.2 0.6029665181471742
0.09999999999984169 0.25 0.6029665181471742
0.09999999999984169 0.3 0.6029665181471742
0.09999999999984169 0.35 0.6029665181471742
0.09999999999984169 0.4 0.6029665181471742
0.09999999999984169 0.45 0.6029665181471742
0.09999999999984169 0.5 0.6029665181471742
0.09999999999984169 0.55 0.6029665181471742
0.09999999999984169 0.6 0.6029665181471742
0.09999999999984169 0.65 0.6029665181471742
0.09999999999984169 0.7 0.6029665181471742
0.09999999999984169 0.75 0.6029665181471742
0.09999999999984169 0.8 0.6029665181471742
0.09999999999984169 0.85 0.6029665181471742
0.09999999999984169 0.9 0.6029665181471742
0.09999999999984169 0.95 0.6029665181471742
0.09999999999989849 0.05 0.6525977498970458
0.09999999999989849 0.1 0.6525977498970458
0.09999999999989849 0.15 0.6525977498970458
0.09999999999989849 0.2 0.6525977498970458
0.09999999999989849 0.25 0.6525977498970458
0.09999999999989849 0.3 0.6525977498970458
0.09999999999989849 0.35 0.6525977498970458
0.09999999999989849 0.4 0.6525977498970458
0.09999999999989849 0.45 0.6525977498970458
0.09999999999989849 0.5 0.6525977498970458
0.09999999999989849 0.55 0.6525977498970458
0.09999999999989849 0.6 0.6525977498970458
0.09999999999989849 0.65 0.6525977498970458
0.09999999999989849 0.7 0.6525977498970458
0.09999999999989849 0.75 0.6525977498970458
0.09999999999989849 0.8 0.6525977498970458
0.09999999999989849 0.85 0.6525977498970458
0.09999999999989849 0.9 0.6525977498970458
0.09999999999989849 0.95 0.6525977498970458
0.0999999999999306 0.05 0.7022277948254358
0.0999999999999306 0.1 0.7022277948254358
0.0999999999999306 0.15 0.7022277948254358
0.0999999999999306 0.2 0.7022277948254358
0.0999999999999306 0.25 0.7022277948254358
0.0999999999999306 0.3 0.7022277948254358
0.0999999999999306 0.35 0.7022277948254358
0.0999999999999306 0.4 0.7022277948254358
0.0999999999999306 0.45 0.7022277948254358
0.0999999999999306 0.5 0.7022277948254358
0.0999999999999306 0.55 0.7022277948254358
0.0999999999999306 0.6 0.7022277948254358
0.0999999999999306 0.65 0.7022277948254358
0.0999999999999306 0.7 0.7022277948254358
0.0999999999999306 0.75 0.7022277948254358
0.0999999999999306 0.8 0.7022277948254358
0.0999999999999306 0.85 0.7022277948254358
0.0999999999999306 0.9 0.7022277948254358
0.0999999999999306 0.95 0.7022277948254358
0.0999999999999449 0.05 0.7518571266258437
0.0999999999999449 0.1 0.7518571266258437
0.0999999999999449 0.15 0.7518571266258437
0.0999999999999449 0.2 0.7518571266258437
0.0999999999999449 0.25 0.7518571266258437
0.0999999999999449 0.3 0.7518571266258437
0.0999999999999449 0.35 0.7518571266258437
0.0999999999999449 0.4 0.7518571266258437
0.0999999999999449 0.45 0.7518571266258437
0.0999999999999449 0.5 0.7518571266258437
0.0999999999999449 0.55 0.7518571266258437
0.0999999999999449 0.6 0.7518571266258437
0.0999999999999449 0.65 0.7518571266258437
0.0999999999999449 0.7 0.7518571266258437
0.0999999999999449 0.75 0.7518571266258437
0.0999999999999449 0.8 0.7518571266258437
0.0999999999999449 0.85 0.7518571266258437
0.0999999999999449 0.9 0.7518571266258437
0.0999999999999449 0.95 0.7518571266258437
0.09999999999994484 0.05 0.8014860319188228
0.09999999999994484 0.1 0.8014860319188228
0.09999999999994484 0.15 0.8014860319188228
0.09999999999994484 0.2 0.8014860319188228
0.09999999999994484 0.25 0.8014860319188228
0.09999999999994484 0.3 0.8014860319188228
0.09999999999994484 0.35 0.8014860319188228
0.09999999999994484 0.4 0.8014860319188228
0.09999999999994484 0.45 0.8014860319188228
0.09999999999994484 0.5 0.8014860319188228
0.09999999999994484 0.55 0.8014860319188228
0.09999999999994484 0.6 0.8014860319188228
0.09999999999994484 0.65 0.8014860319188228
0.09999999999994484 0.7 0.8014860319188228
0.09999999999994484 0.75 0.8014860319188228
0.09999999999994484 0.8 0.8014860319188228
0.09999999999994484 0.85 0.8014860319188228
0.09999999999994484 0.9 0.8014860319188228
0.09999999999994484 0.95 0.8014860319188228
0.09999999999993037 0.05 0.8511146839193249
0.09999999999993037 0.1 0.8511146839193249
0.09999999999993037 0.15 0.8511146839193249
0.09999999999993037 0.2 0.8511146839193249
0.09999999999993037 0.25 0.8511146839193249
0.09999999999993037 0.3 0.8511146839193249
0.09999999999993037 0.35 0.8511146839193249
0.09999999999993037 0.4 0.8511146839193249
0.09999999999993037 0.45 0.8511146839193249
0.09999999999993037 0.5 0.8511146839193249
0.09999999999993037 0.55 0.8511146839193249
0.09999999999993037 0.6 0.8511146839193249
0.09999999999993037 0.65 0.8511146839193249
0.09999999999993037 0.7 0.8511146839193249
0.09999999999993037 0.75 0.8511146839193249
0.09999999999993037 0.8 0.8511146839193249
0.09999999999993037 0.85 0.8511146839193249
0.09999999999993037 0.9 0.8511146839193249
0.09999999999993037 0.95 0.8511146839193249
0.0999999999998981 0.05 0.900743188430169
0.0999999999998981 0.1 0.900743188430169
0.0999999999998981 0.15 0.900743188430169
0.0999999999998981 0.2 0.900743188430169
0.0999999999998981 0.25 0.900743188430169
0.0999999999998981 0.3 0.900743188430169
0.0999999999998981 0.35 0.900743188430169
0.0999999999998981 0.4 0.900743188430169
0.0999999999998981 0.45 0.900743188430169
0.0999999999998981 0.5 0.900743188430169
0.0999999999998981 0.55 0.900743188430169
0.0999999999998981 0.6 0.900743188430169
0.0999999999998981 0.65 0.900743188430169
0.0999999999998981 0.7 0.900743188430169
0.0999999999998981 0.75 0.900743188430169
0.0999999999998981 0.8 0.900743188430169
0.0999999999998981 0.85 0.900743188430169
0.0999999999998981 0.9 0.900743188430169
0.0999999999998981 0.95 0.900743188430169
0.09999999999984131 0.05 0.9503716120681939
0.09999999999984131 0.1 0.9503716120681939
0.09999999999984131 0.15 0.9503716120681939
0.09999999999984131 0.2 0.9503716120681939
0.09999999999984131 0.25 0.9503716120681939
0.09999999999984131 0.3 0.9503716120681939
0.09999999999984131 0.35 0.9503716120681939
0.09999999999984131 0.4 0.9503716120681939
0.09999999999984131 0.45 0.9503716120681939
0.09999999999984131 0.5 0.9503716120681939
0.09999999999984131 0.55 0.9503716120681939
0.09999999999984131 0.6 0.9503716120681939
0.09999999999984131 0.65 0.9503716120681939
0.09999999999984131 0.7 0.9503716120681939
0.09999999999984131 0.75 0.9503716120681939
0.09999999999984131 0.8 0.9503716120681939
0.09999999999984131 0.85 0.9503716120681939
0.09999999999984131 0.9 0.9503716120681939
0.09999999999984131 0.95 0.9503716120681939
0.149999999999793 0.05 0.6022261047471069
0.149999999999793 0.1 0.6022261047471069
0.149999999999793 0.15 0.6022261047471069
0.149999999999793 0.2 0.6022261047471069
0.149999999999793 0.25 0.6022261047471069
0.149999999999793 0.3 0.6022261047471069
0.149999999999793 0.35 0.6022261047471069
0.149999999999793 0.4 0.6022261047471069
0.149999999999793 0.45 0.6022261047471069
0.149999999999793 0.5 0.6022261047471069
0.149999999999793 0.55 0.6022261047471069
0.149999999999793 0.6 0.6022261047471069
0.149999999999793 0.65 0.6022261047471069
0.149999999999793 0.7 0.6022261047471069
0.149999999999793 0.75 0.6022261047471069
0.149999999999793 0.8 0.6022261047471069
0.149999999999793 0.85 0.6022261047471069
0.149999999999793 0.9 0.6022261047471069
0.149999999999793 0.95 0.6022261047471069
0.1499999999998762 0.05 0.6519501418592667
0.1499999999998762 0.1 0.6519501418592667
0.1499999999998762 0.15 0.6519501418592667
0.1499999999998762 0.2 0.6519501418592667
0.1499999999998762 0.25 0.6519501418592667
0.1499999999998762 0.3 0.6519501418592667
0.1499999999998762 0.35 0.6519501418592667
0.1499999999998762 0.4 0.6519501418592667
0.1499999999998762 0.45 0.6519501418592667
0.1499999999998762 0.5 0.6519501418592667
0.1499999999998762 0.55 0.6519501418592667
0.1499999999998762 0.6 0.6519501418592667
0.1499999999998762 0.65 0.6519501418592667
0.1499999999998762 0.7 0.6519501418592667
0.1499999999998762 0.75 0.6519501418592667
0.1499999999998762 0.8 0.6519501418592667
0.1499999999998762 0.85 0.6519501418592667
0.1499999999998762 0.9 0.6519501418592667
0.1499999999998762 0.95 0.6519501418592667
0.1499999999999179 0.05 0.7016728664523855
0.1499999999999179 0.1 0.7016728664523855
0.1499999999999179 0.15 0.7016728664523855
0.1499999999999179 0.2 0.7016728664523855
0.1499999999999179 0.25 0.7016728664523855
0.1499999999999179 0.3 0.7016728664523855
0.1499999999999179 0.35 0.7016728664523855
0.1499999999999179 0.4 0.7016728664523855
0.1499999999999179 0.45 0.7016728664523855
0.1499999999999179 0.5 0.7016728664523855
0.1499999999999179 0.55 0.7016728664523855
0.1499999999999179 0.6 0.7016728664523855
0.1499999999999179 0.65 0.7016728664523855
0.1499999999999179 0.7 0.7016728664523855
0.1499999999999179 0.75 0.7016728664523855
0.1499999999999179 0.8 0.7016728664523855
0.1499999999999179 0.85 0.7016728664523855
0.1499999999999179 0.9 0.7016728664523855
0.1499999999999179 0.95 0.7016728664523855
0.1499999999999356 0.05 0.7513947825493181
0.1499999999999356 0.1 0.7513947825493181
0.1499999999999356 0.15 0.7513947825493181
0.1499999999999356 0.2 0.7513947825493181
0.1499999999999356 0.25 0.7513947825493181
0.1499999999999356 0.3 0.7513947825493181
0.1499999999999356 0.35 0.7513947825493181
0.1499999999999356 0.4 0.7513947825493181
0.1499999999999356 0.45 0.7513947825493181
0.1499999999999356 0.5 0.7513947825493181
0.1499999999999356 0.55 0.7513947825493181
0.1499999999999356 0.6 0.7513947825493181
0.1499999999999356 0.65 0.7513947825493181
0.1499999999999356 0.7 0.7513947825493181
0.1499999999999356 0.75 0.7513947825493181
0.1499999999999356 0.8 0.7513947825493181
0.1499999999999356 0.85 0.7513947825493181
0.1499999999999356 0.9 0.7513947825493181
0.1499999999999356 0.95 0.7513947825493181
0.1499999999999357 0.05 0.8011162087591246
0.1499999999999357 0.1 0.8011162087591246
0.1499999999999357 0.15 0.8011162087591246
0.1499999999999357 0.2 0.8011162087591246
0.1499999999999357 0.25 0.8011162087591246
0.1499999999999357 0.3 0.8011162087591246
0.1499999999999357 0.35 0.8011162087591246
0.1499999999999357 0.4 0.8011162087591246
0.1499999999999357 0.45 0.8011162087591246
0.1499999999999357 0.5 0.8011162087591246
0.1499999999999357 0.55 0.8011162087591246
0.1499999999999357 0.6 0.8011162087591246
0.1499999999999357 0.65 0.8011162087591246
0.1499999999999357 0.7 0.8011162087591246
0.1499999999999357 0.75 0.8011162087591246
0.1499999999999357 0.8 0.8011162087591246
0.1499999999999357 0.85 0.8011162087591246
0.1499999999999357 0.9 0.8011162087591246
0.1499999999999357 0.95 0.8011162087591246
0.149999999999918 0.05 0.8508373421505173
0.149999999999918 0.1 0.8508373421505173
0.149999999999918 0.15 0.8508373421505173
0.149999999999918 0.2 0.8508373421505173
0.149999999999918 0.25 0.8508373421505173
0.149999999999918 0.3 0.8508373421505173
0.149999999999918 0.35 0.8508373421505173
0.149999999999918 0.4 0.8508373421505173
0.149999999999918 0.45 0.8508373421505173
0.149999999999918 0.5 0.8508373421505173
0.149999999999918 0.55 0.8508373421505173
0.149999999999918 0.6 0.8508373421505173
0.149999999999918 0.65 0.8508373421505173
0.149999999999918 0.7 0.8508373421505173
0.149999999999918 0.75 0.8508373421505173
0.149999999999918 0.8 0.8508373421505173
0.149999999999918 0.85 0.8508373421505173
0.149999999999918 0.9 0.8508373421505173
0.149999999999918 0.95 0.8508373421505173
0.1499999999998764 0.05 0.9005583045221428
0.1499999999998764 0.1 0.9005583045221428
0.1499999999998764 0.15 0.9005583045221428
0.1499999999998764 0.2 0.9005583045221428
0.1499999999998764 0.25 0.9005583045221428
0.1499999999998764 0.3 0.9005583045221428
0.1499999999998764 0.35 0.9005583045221428
0.1499999999998764 0.4 0.9005583045221428
0.1499999999998764 0.45 0.9005583045221428
0.1499999999998764 0.5 0.9005583045221428
0.1499999999998764 0.55 0.9005583045221428
0.1499999999998764 0.6 0.9005583045221428
0.1499999999998764 0.65 0.9005583045221428
0.1499999999998764 0.7 0.9005583045221428
0.1499999999998764 0.75 0.9005583045221428
0.1499999999998764 0.8 0.9005583045221428
0.1499999999998764 0.85 0.9005583045221428
0.1499999999998764 0.9 0.9005583045221428
0.1499999999998764 0.95 0.9005583045221428
0.1499999999997934 0.05 0.9502791729985819
0.1499999999997934 0.1 0.9502791729985819
0.1499999999997934 0.15 0.9502791729985819
0.1499999999997934 0.2 0.9502791729985819
0.1499999999997934 0.25 0.9502791729985819
0.1499999999997934 0.3 0.9502791729985819
0.1499999999997934 0.35 0.9502791729985819
0.1499999999997934 0.4 0.9502791729985819
0.1499999999997934 0.45 0.9502791729985819
0.1499999999997934 0.5 0.9502791729985819
0.1499999999997934 0.55 0.9502791729985819
0.1499999999997934 0.6 0.9502791729985819
0.1499999999997934 0.65 0.9502791729985819
0.1499999999997934 0.7 0.9502791729985819
0.1499999999997934 0.75 0.9502791729985819
0.1499999999997934 0.8 0.9502791729985819
0.1499999999997934 0.85 0.9502791729985819
0.1499999999997934 0.9 0.9502791729985819
0.1499999999997934 0.95 0.9502791729985819
0.1999999999998368 0.05 0.6014850237386477
0.1999999999998368 0.1 0.6014850237386477
0.1999999999998368 0.15 0.6014850237386477
0.1999999999998368 0.2 0.6014850237386477
0.1999999999998368 0.25 0.6014850237386477
0.1999999999998368 0.3 0.6014850237386477
0.1999999999998368 0.35 0.6014850237386477
0.1999999999998368 0.4 0.6014850237386477
0.1999999999998368 0.45 0.6014850237386477
0.1999999999998368 0.5 0.6014850237386477
0.1999999999998368 0.55 0.6014850237386477
0.1999999999998368 0.6 0.6014850237386477
0.1999999999998368 0.65 0.6014850237386477
0.1999999999998368 0.7 0.6014850237386477
0.1999999999998368 0.75 0.6014850237386477
0.1999999999998368 0.8 0.6014850237386477
0.1999999999998368 0.85 0.6014850237386477
0.1999999999998368 0.9 0.6014850237386477
0.1999999999998368 0.95 0.6014850237386477
0.1999999999998959 0.05 0.6513014471896875
0.1999999999998959 0.1 0.6513014471896875
0.1999999999998959 0.15 0.6513014471896875
0.1999999999998959 0.2 0.6513014471896875
0.1999999999998959 0.25 0.6513014471896875
0.1999999999998959 0.3 0.6513014471896875
0.1999999999998959 0.35 0.6513014471896875
0.1999999999998959 0.4 0.6513014471896875
0.1999999999998959 0.45 0.6513014471896875
0.1999999999998959 0.5 0.6513014471896875
0.1999999999998959 0.55 0.6513014471896875
0.1999999999998959 0.6 0.6513014471896875
0.1999999999998959 0.65 0.6513014471896875
0.1999999999998959 0.7 0.6513014471896875
0.1999999999998959 0.75 0.6513014471896875
0.1999999999998959 0.8 0.6513014471896875
0.1999999999998959 0.85 0.6513014471896875
0.1999999999998959 0.9 0.6513014471896875
0.1999999999998959 0.95 0.6513014471896875
0.1999999999999294 0.05 0.7011166865475249
0.1999999999999294 0.1 0.7011166865475249
0.1999999999999294 0.15 0.7011166865475249
0.1999999999999294 0.2 0.7011166865475249
0.1999999999999294 0.25 0.7011166865475249
0.1999999999999294 0.3 0.7011166865475249
0.1999999999999294 0.35 0.7011166865475249
0.1999999999999294 0.4 0.7011166865475249
0.1999999999999294 0.45 0.7011166865475249
0.1999999999999294 0.5 0.7011166865475249
0.1999999999999294 0.55 0.7011166865475249
0.1999999999999294 0.6 0.7011166865475249
0.1999999999999294 0.65 0.7011166865475249
0.1999999999999294 0.7 0.7011166865475249
0.1999999999999294 0.75 0.7011166865475249
0.1999999999999294 0.8 0.7011166865475249
0.1999999999999294 0.85 0.7011166865475249
0.1999999999999294 0.9 0.7011166865475249
0.1999999999999294 0.95 0.7011166865475249
0.1999999999999444 0.05 0.7509312096042566
0.1999999999999444 0.1 0.7509312096042566
0.1999999999999444 0.15 0.7509312096042566
0.1999999999999444 0.2 0.7509312096042566
0.1999999999999444 0.25 0.7509312096042566
0.1999999999999444 0.3 0.7509312096042566
0.1999999999999444 0.35 0.7509312096042566
0.1999999999999444 0.4 0.7509312096042566
0.1999999999999444 0.45 0.7509312096042566
0.1999999999999444 0.5 0.7509312096042566
0.1999999999999444 0.55 0.7509312096042566
0.1999999999999444 0.6 0.7509312096042566
0.1999999999999444 0.65 0.7509312096042566
0.1999999999999444 0.7 0.7509312096042566
0.1999999999999444 0.75 0.7509312096042566
0.1999999999999444 0.8 0.7509312096042566
0.1999999999999444 0.85 0.7509312096042566
0.1999999999999444 0.9 0.7509312096042566
0.1999999999999444 0.95 0.7509312096042566
0.1999999999999446 0.05 0.8007453023096404
0.1999999999999446 0.1 0.8007453023096404
0.1999999999999446 0.15 0.8007453023096404
0.1999999999999446 0.2 0.8007453023096404
0.1999999999999446 0.25 0.8007453023096404
0.1999999999999446 0.3 0.8007453023096404
0.1999999999999446 0.35 0.8007453023096404
0.1999999999999446 0.4 0.8007453023096404
0.1999999999999446 0.45 0.8007453023096404
0.1999999999999446 0.5 0.8007453023096404
0.1999999999999446 0.55 0.8007453023096404
0.1999999999999446 0.6 0.8007453023096404
0.1999999999999446 0.65 0.8007453023096404
0.1999999999999446 0.7 0.8007453023096404
0.1999999999999446 0.75 0.8007453023096404
0.1999999999999446 0.8 0.8007453023096404
0.1999999999999446 0.85 0.8007453023096404
0.1999999999999446 0.9 0.8007453023096404
0.1999999999999446 0.95 0.8007453023096404
0.1999999999999298 0.05 0.8505591387812864
0.1999999999999298 0.1 0.8505591387812864
0.1999999999999298 0.15 0.8505591387812864
0.1999999999999298 0.2 0.8505591387812864
0.1999999999999298 0.25 0.8505591387812864
0.1999999999999298 0.3 0.8505591387812864
0.1999999999999298 0.35 0.8505591387812864
0.1999999999999298 0.4 0.8505591387812864
0.1999999999999298 0.45 0.8505591387812864
0.1999999999999298 0.5 0.8505591387812864
0.1999999999999298 0.55 0.8505591387812864
0.1999999999999298 0.6 0.8505591387812864
0.1999999999999298 0.65 0.8505591387812864
0.1999999999999298 0.7 0.8505591387812864
0.1999999999999298 0.75 0.8505591387812864
0.1999999999999298 0.8 0.8505591387812864
0.1999999999999298 0.85 0.8505591387812864
0.1999999999999298 0.9 0.8505591387812864
0.1999999999999298 0.95 0.8505591387812864
0.1999999999998966 0.05 0.9003728258730073
0.1999999999998966 0.1 0.9003728258730073
0.1999999999998966 0.15 0.9003728258730073
0.1999999999998966 0.2 0.9003728258730073
0.1999999999998966 0.25 0.9003728258730073
0.1999999999998966 0.3 0.9003728258730073
0.1999999999998966 0.35 0.9003728258730073
0.1999999999998966 0.4 0.9003728258730073
0.1999999999998966 0.45 0.9003728258730073
0.1999999999998966 0.5 0.9003728258730073
0.1999999999998966 0.55 0.9003728258730073
0.1999999999998966 0.6 0.9003728258730073
0.1999999999998966 0.65 0.9003728258730073
0.1999999999998966 0.7 0.9003728258730073
0.1999999999998966 0.75 0.9003728258730073
0.1999999999998966 0.8 0.9003728258730073
0.1999999999998966 0.85 0.9003728258730073
0.1999999999998966 0.9 0.9003728258730073
0.1999999999998966 0.95 0.9003728258730073
0.1999999999998378 0.05 0.9501864310252427
0.1999999999998378 0.1 0.9501864310252427
0.1999999999998378 0.15 0.9501864310252427
0.1999999999998378 0.2 0.9501864310252427
0.1999999999998378 0.25 0.9501864310252427
0.1999999999998378 0.3 0.9501864310252427
0.1999999999998378 0.35 0.9501864310252427
0.1999999999998378 0.4 0.9501864310252427
0.1999999999998378 0.45 0.9501864310252427
0.1999999999998378 0.5 0.9501864310252427
0.1999999999998378 0.55 0.9501864310252427
0.1999999999998378 0.6 0.9501864310252427
0.1999999999998378 0.65 0.9501864310252427
0.1999999999998378 0.7 0.9501864310252427
0.1999999999998378 0.75 0.9501864310252427
0.1999999999998378 0.8 0.9501864310252427
0.1999999999998378 0.85 0.9501864310252427
0.1999999999998378 0.9 0.9501864310252427
0.1999999999998378 0.95 0.9501864310252427
0.2499999999999125 0.05 0.6007431518694639
0.2499999999999125 0.1 0.6007431518694639
0.2499999999999125 0.15 0.6007431518694639
0.2499999999999125 0.2 0.6007431518694639
0.2499999999999125 0.25 0.6007431518694639
0.2499999999999125 0.3 0.6007431518694639
0.2499999999999125 0.35 0.6007431518694639
0.2499999999999125 0.4 0.6007431518694639
0.2499999999999125 0.45 0.6007431518694639
0.2499999999999125 0.5 0.6007431518694639
0.2499999999999125 0.55 0.6007431518694639
0.2499999999999125 0.6 0.6007431518694639
0.2499999999999125 0.65 0.6007431518694639
0.2499999999999125 0.7 0.6007431518694639
0.2499999999999125 0.75 0.6007431518694639
0.2499999999999125 0.8 0.6007431518694639
0.2499999999999125 0.85 0.6007431518694639
0.2499999999999125 0.9 0.6007431518694639
0.2499999999999125 0.95 0.6007431518694639
0.2499999999999419 0.05 0.6506515392038962
0.2499999999999419 0.1 0.6506515392038962
0.2499999999999419 0.15 0.6506515392038962
0.2499999999999419 0.2 0.6506515392038962
0.2499999999999419 0.25 0.6506515392038962
0.2499999999999419 0.3 0.6506515392038962
0.2499999999999419 0.35 0.6506515392038962
0.2499999999999419 0.4 0.6506515392038962
0.2499999999999419 0.45 0.6506515392038962
0.2499999999999419 0.5 0.6506515392038962
0.2499999999999419 0.55 0.6506515392038962
0.2499999999999419 0.6 0.6506515392038962
0.2499999999999419 0.65 0.6506515392038962
0.2499999999999419 0.7 0.6506515392038962
0.2499999999999419 0.75 0.6506515392038962
0.2499999999999419 0.8 0.6506515392038962
0.2499999999999419 0.85 0.6506515392038962
0.2499999999999419 0.9 0.6506515392038962
0.2499999999999419 0.95 0.6506515392038962
0.2499999999999598 0.05 0.700559159442613
0.2499999999999598 0.1 0.700559159442613
0.2499999999999598 0.15 0.700559159442613
0.2499999999999598 0.2 0.700559159442613
0.2499999999999598 0.25 0.700559159442613
0.2499999999999598 0.3 0.700559159442613
0.2499999999999598 0.35 0.700559159442613
0.2499999999999598 0.4 0.700559159442613
0.2499999999999598 0.45 0.700559159442613
0.2499999999999598 0.5 0.700559159442613
0.2499999999999598 0.55 0.700559159442613
0.2499999999999598 0.6 0.700559159442613
0.2499999999999598 0.65 0.700559159442613
0.2499999999999598 0.7 0.700559159442613
0.2499999999999598 0.75 0.700559159442613
0.2499999999999598 0.8 0.700559159442613
0.2499999999999598 0.85 0.700559159442613
0.2499999999999598 0.9 0.700559159442613
0.2499999999999598 0.95 0.700559159442613
0.2499999999999681 0.05 0.7504663426652789
0.2499999999999681 0.1 0.7504663426652789
0.2499999999999681 0.15 0.7504663426652789
0.2499999999999681 0.2 0.7504663426652789
0.2499999999999681 0.25 0.7504663426652789
0.2499999999999681 0.3 0.7504663426652789
0.2499999999999681 0.35 0.7504663426652789
0.2499999999999681 0.4 0.7504663426652789
0.2499999999999681 0.45 0.7504663426652789
0.2499999999999681 0.5 0.7504663426652789
0.2499999999999681 0.55 0.7504663426652789
0.2499999999999681 0.6 0.7504663426652789
0.2499999999999681 0.65 0.7504663426652789
0.2499999999999681 0.7 0.7504663426652789
0.2499999999999681 0.75 0.7504663426652789
0.2499999999999681 0.8 0.7504663426652789
0.2499999999999681 0.85 0.7504663426652789
0.2499999999999681 0.9 0.7504663426652789
0.2499999999999681 0.95 0.7504663426652789
0.2499999999999682 0.05 0.800373270187173
0.2499999999999682 0.1 0.800373270187173
0.2499999999999682 0.15 0.800373270187173
0.2499999999999682 0.2 0.800373270187173
0.2499999999999682 0.25 0.800373270187173
0.2499999999999682 0.3 0.800373270187173
0.2499999999999682 0.35 0.800373270187173
0.2499999999999682 0.4 0.800373270187173
0.2499999999999682 0.45 0.800373270187173
0.2499999999999682 0.5 0.800373270187173
0.2499999999999682 0.55 0.800373270187173
0.2499999999999682 0.6 0.800373270187173
0.2499999999999682 0.65 0.800373270187173
0.2499999999999682 0.7 0.800373270187173
0.2499999999999682 0.75 0.800373270187173
0.2499999999999682 0.8 0.800373270187173
0.2499999999999682 0.85 0.800373270187173
0.2499999999999682 0.9 0.800373270187173
0.2499999999999682 0.95 0.800373270187173
0.2499999999999602 0.05 0.8502800472308387
0.2499999999999602 0.1 0.8502800472308387
0.2499999999999602 0.15 0.8502800472308387
0.2499999999999602 0.2 0.8502800472308387
0.2499999999999602 0.25 0.8502800472308387
0.2499999999999602 0.3 0.8502800472308387
0.2499999999999602 0.35 0.8502800472308387
0.2499999999999602 0.4 0.8502800472308387
0.2499999999999602 0.45 0.8502800472308387
0.2499999999999602 0.5 0.8502800472308387
0.2499999999999602 0.55 0.8502800472308387
0.2499999999999602 0.6 0.8502800472308387
0.2499999999999602 0.65 0.8502800472308387
0.2499999999999602 0.7 0.8502800472308387
0.2499999999999602 0.75 0.8502800472308387
0.2499999999999602 0.8 0.8502800472308387
0.2499999999999602 0.85 0.8502800472308387
0.2499999999999602 0.9 0.8502800472308387
0.2499999999999602 0.95 0.8502800472308387
0.2499999999999426 0.05 0.900186737008279
0.2499999999999426 0.1 0.900186737008279
0.2499999999999426 0.15 0.900186737008279
0.2499999999999426 0.2 0.900186737008279
0.2499999999999426 0.25 0.900186737008279
0.2499999999999426 0.3 0.900186737008279
0.2499999999999426 0.35 0.900186737008279
0.2499999999999426 0.4 0.900186737008279
0.2499999999999426 0.45 0.900186737008279
0.2499999999999426 0.5 0.900186737008279
0.2499999999999426 0.55 0.900186737008279
0.2499999999999426 0.6 0.900186737008279
0.2499999999999426 0.65 0.900186737008279
0.2499999999999426 0.7 0.900186737008279
0.2499999999999426 0.75 0.900186737008279
0.2499999999999426 0.8 0.900186737008279
0.2499999999999426 0.85 0.900186737008279
0.2499999999999426 0.9 0.900186737008279
0.2499999999999426 0.95 0.900186737008279
0.2499999999999134 0.05 0.950093379034056
0.2499999999999134 0.1 0.950093379034056
0.2499999999999134 0.15 0.950093379034056
0.2499999999999134 0.2 0.950093379034056
0.2499999999999134 0.25 0.950093379034056
0.2499999999999134 0.3 0.950093379034056
0.2499999999999134 0.35 0.950093379034056
0.2499999999999134 0.4 0.950093379034056
0.2499999999999134 0.45 0.950093379034056
0.2499999999999134 0.5 0.950093379034056
0.2499999999999134 0.55 0.950093379034056
0.2499999999999134 0.6 0.950093379034056
0.2499999999999134 0.65 0.950093379034056
0.2499999999999134 0.7 0.950093379034056
0.2499999999999134 0.75 0.950093379034056
0.2499999999999134 0.8 0.950093379034056
0.2499999999999134 0.85 0.950093379034056
0.2499999999999134 0.9 0.950093379034056
0.2499999999999134 0.95 0.950093379034056
3 8 0 1064
8131
8132
8133
8134
8135
8136
8137
8138
8139
8140
8141
8142
8143
8144
8145
8146
8147
8148
8149
8150
8151
8152
8153
8154
8155
8156
8157
8158
8159
8160
8161
8162
8163
8164
8165
8166
8167
8168
8169
8170
8171
8172
8173
8174
8175
8176
8177
8178
8179
8180
8181
8182
8183
8184
8185
8186
8187
8188
8189
8190
8191
8192
8193
8194
8195
8196
8197
8198
8199
8200
8201
8202
8203
8204
8205
8206
8207
8208
8209
8210
8211
8212
8213
8214
8215
8216
8217
8218
8219
8220
8221
8222
8223
8224
8225
8226
8227
8228
8229
8230
8231
8232
8233
8234
8235
8236
8237
8238
8239
8240
8241
8242
8243
8244
8245
8246
8247
8248
8249
8250
8251
8252
8253
8254
8255
8256
8257
8258
8259
8260
8261
8262
8263
8264
8265
8266
8267
8268
8269
8270
8271
8272
8273
8274
8275
8276
8277
8278
8279
8280
8281
8282
8283
8284
8285
8286
8287
8288
8289
8290
8291
8292
8293
8294
8295
8296
8297
8298
8299
8300
8301
8302
8303
8304
8305
8306
8307
8308
8309
8310
8311
8312
8313
8314
8315
8316
8317
8318
8319
8320
8321
8322
8323
8324
8325
8326
8327
8328
8329
8330
8331
8332
8333
8334
8335
8336
8337
8338
8339
8340
8341
8342
8343
8344
8345
8346
8347
8348
8349
8350
8351
8352
8353
8354
8355
8356
8357
8358
8359
8360
8361
8362
8363
8364
8365
8366
8367
8368
8369
8370
8371
8372
8373
8374
8375
8376
8377
8378
8379
8380
8381
8382
8383
8384
8385
8386
8387
8388
8389
8390
8391
8392
8393
8394
8395
8396
8397
8398
8399
8400
8401
8402
8403
8404
8405
8406
8407
8408
8409
8410
8411
8412
8413
8414
8415
8416
8417
8418
8419
8420
8421
8422
8423
8424
8425
8426
8427
8428
8429
8430
8431
8432
8433
8434
8435
8436
8437
8438
8439
8440
8441
8442
8443
8444
8445
8446
8447
8448
8449
8450
8451
8452
8453
8454
8455
8456
8457
8458
8459
8460
8461
8462
8463
8464
8465
8466
8467
8468
8469
8470
8471
8472
8473
8474
8475
8476
8477
8478
8479
8480
8481
8482
8483
8484
8485
8486
8487
8488
8489
8490
8491
8492
8493
8494
8495
8496
8497
8498
8499
8500
8501
8502
8503
8504
8505
8506
8507
8508
8509
8510
8511
8512
8513
8514
8515
8516
8517
8518
8519
8520
8521
8522
8523
8524
8525
8526
8527
8528
8529
8530
8531
8532
8533
8534
8535
8536
8537
8538
8539
8540
8541
8542
8543
8544
8545
8546
8547
8548
8549
8550
8551
8552
8553
8554
8555
8556
8557
8558
8559
8560
8561
8562
8563
8564
8565
8566
8567
8568
8569
8570
8571
8572
8573
8574
8575
8576
8577
8578
8579
8580
8581
8582
8583
8584
8585
8586
8587
8588
8589
8590
8591
8592
8593
8594
8595
8596
8597
8598
8599
8600
8601
8602
8603
8604
8605
8606
8607
8608
8609
8610
8611
8612
8613
8614
8615
8616
8617
8618
8619
8620
8621
8622
8623
8624
8625
8626
8627
8628
8629
8630
8631
8632
8633
8634
8635
8636
8637
8638
8639
8640
8641
8642
8643
8644
8645
8646
8647
8648
8649
8650
8651
8652
8653
8654
8655
8656
8657
8658
8659
8660
8661
8662
8663
8664
8665
8666
8667
8668
8669
8670
8671
8672
8673
8674
8675
8676
8677
8678
8679
8680
8681
8682
8683
8684
8685
8686
8687
8688
8689
8690
8691
8692
8693
8694
8695
8696
8697
8698
8699
8700
8701
8702
8703
8704
8705
8706
8707
8708
8709
8710
8711
8712
8713
8714
8715
8716
8717
8718
8719
8720
8721
8722
8723
8724
8725
8726
8727
8728
8729
8730
8731
8732
8733
8734
8735
8736
8737
8738
8739
8740
8741
8742
8743
8744
8745
8746
8747
8748
8749
8750
8751
8752
8753
8754
8755
8756
8757
8758
8759
8760
8761
8762
8763
8764
8765
8766
8767
8768
8769
8770
8771
8772
8773
8774
8775
8776
8777
8778
8779
8780
8781
8782
8783
8784
8785
8786
8787
8788
8789
8790
8791
8792
8793
8794
8795
8796
8797
8798
8799
8800
8801
8802
8803
8804
8805
8806
8807
8808
8809
8810
8811
8812
8813
8814
8815
8816
8817
8818
8819
8820
8821
8822
8823
8824
8825
8826
8827
8828
8829
8830
8831
8832
8833
8834
8835
8836
8837
8838
8839
8840
8841
8842
8843
8844
8845
8846
8847
8848
8849
8850
8851
8852
8853
8854
8855
8856
8857
8858
8859
8860
8861
8862
8863
8864
8865
8866
8867
8868
8869
8870
8871
8872
8873
8874
8875
8876
8877
8878
8879
8880
8881
8882
8883
8884
8885
8886
8887
8888
8889
8890
8891
8892
8893
8894
8895
8896
8897
8898
8899
8900
8901
8902
8903
8904
8905
8906
8907
8908
8909
8910
8911
8912
8913
8914
8915
8916
8917
8918
8919
8920
8921
8922
8923
8924
8925
8926
8927
8928
8929
8930
8931
8932
8933
8934
8935
8936
8937
8938
8939
8940
8941
8942
8943
8944
8945
8946
8947
8948
8949
8950
8951
8952
8953
8954
8955
8956
8957
8958
8959
8960
8961
8962
8963
8964
8965
8966
8967
8968
8969
8970
8971
8972
8973
8974
8975
8976
8977
8978
8979
8980
8981
8982
8983
8984
8985
8986
8987
8988
8989
8990
8991
8992
8993
8994
8995
8996
8997
8998
8999
9000
9001
9002
9003
9004
9005
9006
9007
9008
9009
9010
9011
9012
9013
9014
9015
9016
9017
9018
9019
9020
9021
9022
9023
9024
9025
9026
9027
9028
9029
9030
9031
9032
9033
9034
9035
9036
9037
9038
9039
9040
9041
9042
9043
9044
9045
9046
9047
9048
9049
9050
9051
9052
9053
9054
9055
9056
9057
9058
9059
9060
9061
9062
9063
9064
9065
9066
9067
9068
9069
9070
9071
9072
9073
9074
9075
9076
9077
9078
9079
9080
9081
9082
9083
9084
9085
9086
9087
9088
9089
9090
9091
9092
9093
9094
9095
9096
9097
9098
9099
9100
9101
9102
9103
9104
9105
9106
9107
9108
9109
9110
9111
9112
9113
9114
9115
9116
9117
9118
9119
9120
9121
9122
9123
9124
9125
9126
9127
9128
9129
9130
9131
9132
9133
9134
9135
9136
9137
9138
9139
9140
9141
9142
9143
9144
9145
9146
9147
9148
9149
9150
9151
9152
9153
9154
9155
9156
9157
9158
9159
9160
9161
9162
9163
9164
9165
9166
9167
9168
9169
9170
9171
9172
9173
9174
9175
9176
9177
9178
9179
9180
9181
9182
9183
9184
9185
9186
9187
9188
9189
9190
9191
9192
9193
9194
0.3499999999999244 0.05 0.5999999999998649
0.3499999999999244 0.1 0.5999999999998649
0.3499999999999244 0.15 0.5999999999998649
0.3499999999999244 0.2 0.5999999999998649
0.3499999999999244 0.25 0.5999999999998649
0.3499999999999244 0.3 0.5999999999998649
0.3499999999999244 0.35 0.5999999999998649
0.3499999999999244 0.4 0.5999999999998649
0.3499999999999244 0.45 0.5999999999998649
0.3499999999999244 0.5 0.5999999999998649
0.3499999999999244 0.55 0.5999999999998649
0.3499999999999244 0.6 0.5999999999998649
0.3499999999999244 0.65 0.5999999999998649
0.3499999999999244 0.7 0.5999999999998649
0.3499999999999244 0.75 0.5999999999998649
0.3499999999999244 0.8 0.5999999999998649
0.3499999999999244 0.85 0.5999999999998649
0.3499999999999244 0.9 0.5999999999998649
0.3499999999999244 0.95 0.5999999999998649
0.3499999999999338 0.05 0.6499999999997419
0.3499999999999338 0.1 0.6499999999997419
0.3499999999999338 0.15 0.6499999999997419
0.3499999999999338 0.2 0.6499999999997419
0.3499999999999338 0.25 0.6499999999997419
0.3499999999999338 0.3 0.6499999999997419
0.3499999999999338 0.35 0.6499999999997419
0.3499999999999338 0.4 0.6499999999997419
0.3499999999999338 0.45 0.6499999999997419
0.3499999999999338 0.5 0.6499999999997419
0.3499999999999338 0.55 0.6499999999997419
0.3499999999999338 0.6 0.6499999999997419
0.3499999999999338 0.65 0.6499999999997419
0.3499999999999338 0.7 0.6499999999997419
0.3499999999999338 0.75 0.6499999999997419
0.3499999999999338 0.8 0.6499999999997419
0.3499999999999338 0.85 0.6499999999997419
0.3499999999999338 0.9 0.6499999999997419
0.3499999999999338 0.95 0.6499999999997419
0.349999999999944 0.05 0.6999999999996432
0.349999999999944 0.1 0.6999999999996432
0.349999999999944 0.15 0.6999999999996432
0.349999999999944 0.2 0.6999999999996432
0.349999999999944 0.25 0.6999999999996432
0.349999999999944 0.3 0.6999999999996432
0.349999999999944 0.35 0.6999999999996432
0.349999999999944 0.4 0.6999999999996432
0.349999999999944 0.45 0.6999999999996432
0.349999999999944 0.5 0.6999999999996432
0.349999999999944 0.55 0.6999999999996432
0.349999999999944 0.6 0.6999999999996432
0.349999999999944 0.65 0.6999999999996432
0.349999999999944 0.7 0.6999999999996432
0.349999999999944 0.75 0.6999999999996432
0.349999999999944 0.8 0.6999999999996432
0.349999999999944 0.85 0.6999999999996432
0.349999999999944 0.9 0.6999999999996432
0.349999999999944 0.95 0.6999999999996432
0.3499999999999497 0.05 0.7499999999996009
0.3499999999999497 0.1 0.7499999999996009
0.3499999999999497 0.15 0.7499999999996009
0.3499999999999497 0.2 0.7499999999996009
0.3499999999999497 0.25 0.7499999999996009
0.3499999999999497 0.3 0.7499999999996009
0.3499999999999497 0.35 0.7499999999996009
0.3499999999999497 0.4 0.7499999999996009
0.3499999999999497 0.45 0.7499999999996009
0.3499999999999497 0.5 0.7499999999996009
0.3499999999999497 0.55 0.7499999999996009
0.3499999999999497 0.6 0.7499999999996009
0.3499999999999497 0.65 0.7499999999996009
0.3499999999999497 0.7 0.7499999999996009
0.3499999999999497 0.75 0.7499999999996009
0.3499999999999497 0.8 0.7499999999996009
0.3499999999999497 0.85 0.7499999999996009
0.3499999999999497 0.9 0.7499999999996009
0.3499999999999497 0.95 0.7499999999996009
0.3499999999999497 0.05 0.7999999999996321
0.3499999999999497 0.1 0.7999999999996321
0.3499999999999497 0.15 0.7999999999996321
0.3499999999999497 0.2 0.7999999999996321
0.3499999999999497 0.25 0.7999999999996321
0.3499999999999497 0.3 0.7999999999996321
0.3499999999999497 0.35 0.7999999999996321
0.3499999999999497 0.4 0.7999999999996321
0.3499999999999497 0.45 0.7999999999996321
0.3499999999999497 0.5 0.7999999999996321
0.3499999999999497 0.55 0.7999999999996321
0.3499999999999497 0.6 0.7999999999996321
0.3499999999999497 0.65 0.7999999999996321
0.3499999999999497 0.7 0.7999999999996321
0.3499999999999497 0.75 0.7999999999996321
0.3499999999999497 0.8 0.7999999999996321
0.3499999999999497 0.85 0.7999999999996321
0.3499999999999497 0.9 0.7999999999996321
0.3499999999999497 0.95 0.7999999999996321
0.349999999999944 0.05 0.8499999999997256
0.349999999999944 0.1 0.8499999999997256
0.349999999999944 0.15 0.8499999999997256
0.349999999999944 0.2 0.8499999999997256
0.349999999999944 0.25 0.8499999999997256
0.349999999999944 0.3 0.8499999999997256
0.349999999999944 0.35 0.8499999999997256
0.349999999999944 0.4 0.8499999999997256
0.349999999999944 0.45 0.8499999999997256
0.349999999999944 0.5 0.8499999999997256
0.349999999999944 0.55 0.8499999999997256
0.349999999999944 0.6 0.8499999999997256
0.349999999999944 0.65 0.8499999999997256
0.349999999999944 0.7 0.8499999999997256
0.349999999999944 0.75 0.8499999999997256
0.349999999999944 0.8 0.8499999999997256
0.349999999999944 0.85 0.8499999999997256
0.349999999999944 0.9 0.8499999999997256
0.349999999999944 0.95 0.8499999999997256
0.3499999999999338 0.05 0.8999999999998303
0.3499999999999338 0.1 0.8999999999998303
0.3499999999999338 0.15 0.8999999999998303
0.3499999999999338 0.2 0.8999999999998303
0.3499999999999338 0.25 0.8999999999998303
0.3499999999999338 0.3 0.8999999999998303
0.3499999999999338 0.35 0.8999999999998303
0.3499999999999338 0.4 0.8999999999998303
0.3499999999999338 0.45 0.8999999999998303
0.3499999999999338 0.5 0.8999999999998303
0.3499999999999338 0.55 0.8999999999998303
0.3499999999999338 0.6 0.8999999999998303
0.3499999999999338 0.65 0.8999999999998303
0.3499999999999338 0.7 0.8999999999998303
0.3499999999999338 0.75 0.8999999999998303
0.3499999999999338 0.8 0.8999999999998303
0.3499999999999338 0.85 0.8999999999998303
0.3499999999999338 0.9 0.8999999999998303
0.3499999999999338 0.95 0.8999999999998303
0.3499999999999244 0.05 0.9499999999999171
0.3499999999999244 0.1 0.9499999999999171
0.3499999999999244 0.15 0.9499999999999171
0.3499999999999244 0.2 0.9499999999999171
0.3499999999999244 0.25 0.9499999999999171
0.3499999999999244 0.3 0.9499999999999171
0.3499999999999244 0.35 0.9499999999999171
0.3499999999999244 0.4 0.9499999999999171
0.3499999999999244 0.45 0.9499999999999171
0.3499999999999244 0.5 0.9499999999999171
0.3499999999999244 0.55 0.9499999999999171
0.3499999999999244 0.6 0.9499999999999171
0.3499999999999244 0.65 0.9499999999999171
0.3499999999999244 0.7 0.9499999999999171
0.3499999999999244 0.75 0.9499999999999171
0.3499999999999244 0.8 0.9499999999999171
0.3499999999999244 0.85 0.9499999999999171
0.3499999999999244 0.9 0.9499999999999171
0.3499999999999244 0.95 0.9499999999999171
0.3999999999998287 0.05 0.5999999999998935
0.3999999999998287 0.1 0.5999999999998935
0.3999999999998287 0.15 0.5999999999998935
0.3999999999998287 0.2 0.5999999999998935
0.3999999999998287 0.25 0.5999999999998935
0.3999999999998287 0.3 0.5999999999998935
0.3999999999998287 0.35 0.5999999999998935
0.3999999999998287 0.4 0.5999999999998935
0.3999999999998287 0.45 0.5999999999998935
0.3999999999998287 0.5 0.5999999999998935
0.3999999999998287 0.55 0.5999999999998935
0.3999999999998287 0.6 0.5999999999998935
0.3999999999998287 0.65 0.5999999999998935
0.3999999999998287 0.7 0.5999999999998935
0.3999999999998287 0.75 0.5999999999998935
0.3999999999998287 0.8 0.5999999999998935
0.3999999999998287 0.85 0.5999999999998935
0.3999999999998287 0.9 0.5999999999998935
0.3999999999998287 0.95 0.5999999999998935
0.3999999999998667 0.05 0.649999999999799
0.3999999999998667 0.1 0.649999999999799
0.3999999999998667 0.15 0.649999999999799
0.3999999999998667 0.2 0.649999999999799
0.3999999999998667 0.25 0.649999999999799
0.3999999999998667 0.3 0.649999999999799
0.3999999999998667 0.35 0.649999999999799
0.3999999999998667 0.4 0.649999999999799
0.3999999999998667 0.45 0.649999999999799
0.3999999999998667 0.5 0.649999999999799
0.3999999999998667 0.55 0.649999999999799
0.3999999999998667 0.6 0.649999999999799
0.3999999999998667 0.65 0.649999999999799
0.3999999999998667 0.7 0.649999999999799
0.3999999999998667 0.75 0.649999999999799
0.3999999999998667 0.8 0.649999999999799
0.3999999999998667 0.85 0.649999999999799
0.3999999999998667 0.9 0.649999999999799
0.3999999999998667 0.95 0.649999999999799
0.3999999999998924 0.05 0.699999999999729
0.3999999999998924 0.1 0.699999999999729
0.3999999999998924 0.15 0.699999999999729
0.3999999999998924 0.2 0.699999999999729
0.3999999999998924 0.25 0.699999999999729
0.3999999999998924 0.3 0.699999999999729
0.3999999999998924 0.35 0.699999999999729
0.3999999999998924 0.4 0.699999999999729
0.3999999999998924 0.45 0.699999999999729
0.3999999999998924 0.5 0.699999999999729
0.3999999999998924 0.55 0.699999999999729
0.3999999999998924 0.6 0.699999999999729
0.3999999999998924 0.65 0.699999999999729
0.3999999999998924 0.7 0.699999999999729
0.3999999999998924 0.75 0.699999999999729
0.3999999999998924 0.8 0.699999999999729
0.3999999999998924 0.85 0.699999999999729
0.3999999999998924 0.9 0.699999999999729
0.3999999999998924 0.95 0.699999999999729
0.3999999999999053 0.05 0.7499999999996989
0.3999999999999053 0.1 0.7499999999996989
0.3999999999999053 0.15 0.7499999999996989
0.3999999999999053 0.2 0.7499999999996989
0.3999999999999053 0.25 0.7499999999996989
0.3999999999999053 0.3 0.7499999999996989
0.3999999999999053 0.35 0.7499999999996989
0.3999999999999053 0.4 0.7499999999996989
0.3999999999999053 0.45 0.7499999999996989
0.3999999999999053 0.5 0.7499999999996989
0.3999999999999053 0.55 0.7499999999996989
0.3999999999999053 0.6 0.7499999999996989
0.3999999999999053 0.65 0.7499999999996989
0.3999999999999053 0.7 0.7499999999996989
0.3999999999999053 0.75 0.7499999999996989
0.3999999999999053 0.8 0.7499999999996989
0.3999999999999053 0.85 0.7499999999996989
0.3999999999999053 0.9 0.7499999999996989
0.3999999999999053 0.95 0.7499999999996989
0.3999999999999053 0.05 0.7999999999997158
0.3999999999999053 0.1 0.7999999999997158
0.3999999999999053 0.15 0.7999999999997158
0.3999999999999053 0.2 0.7999999999997158
0.3999999999999053 0.25 0.7999999999997158
0.3999999999999053 0.3 0.7999999999997158
0.3999999999999053 0.35 0.7999999999997158
0.3999999999999053 0.4 0.7999999999997158
0.3999999999999053 0.45 0.7999999999997158
0.3999999999999053 0.5 0.7999999999997158
0.3999999999999053 0.55 0.7999999999997158
0.3999999999999053 0.6 0.7999999999997158
0.3999999999999053 0.65 0.7999999999997158
0.3999999999999053 0.7 0.7999999999997158
0.3999999999999053 0.75 0.7999999999997158
0.3999999999999053 0.8 0.7999999999997158
0.3999999999999053 0.85 0.7999999999997158
0.3999999999999053 0.9 0.7999999999997158
0.3999999999999053 0.95 0.7999999999997158
0.3999999999998926 0.05 0.8499999999997723
0.3999999999998926 0.1 0.8499999999997723
0.3999999999998926 0.15 0.8499999999997723
0.3999999999998926 0.2 0.8499999999997723
0.3999999999998926 0.25 0.8499999999997723
0.3999999999998926 0.3 0.8499999999997723
0.3999999999998926 0.35 0.8499999999997723
0.3999999999998926 0.4 0.8499999999997723
0.3999999999998926 0.45 0.8499999999997723
0.3999999999998926 0.5 0.8499999999997723
0.3999999999998926 0.55 0.8499999999997723
0.3999999999998926 0.6 0.8499999999997723
0.3999999999998926 0.65 0.8499999999997723
0.3999999999998926 0.7 0.8499999999997723
0.3999999999998926 0.75 0.8499999999997723
0.3999999999998926 0.8 0.8499999999997723
0.3999999999998926 0.85 0.8499999999997723
0.3999999999998926 0.9 0.8499999999997723
0.3999999999998926 0.95 0.8499999999997723
0.3999999999998669 0.05 0.8999999999998465
0.3999999999998669 0.1 0.8999999999998465
0.3999999999998669 0.15 0.8999999999998465
0.3999999999998669 0.2 0.8999999999998465
0.3999999999998669 0.25 0.8999999999998465
0.3999999999998669 0.3 0.8999999999998465
0.3999999999998669 0.35 0.8999999999998465
0.3999999999998669 0.4 0.8999999999998465
0.3999999999998669 0.45 0.8999999999998465
0.3999999999998669 0.5 0.8999999999998465
0.3999999999998669 0.55 0.8999999999998465
0.3999999999998669 0.6 0.8999999999998465
0.3999999999998669 0.65 0.8999999999998465
0.3999999999998669 0.7 0.8999999999998465
0.3999999999998669 0.75 0.8999999999998465
0.3999999999998669 0.8 0.8999999999998465
0.3999999999998669 0.85 0.8999999999998465
0.3999999999998669 0.9 0.8999999999998465
0.3999999999998669 0.95 0.8999999999998465
0.3999999999998288 0.05 0.9499999999999229
0.3999999999998288 0.1 0.9499999999999229
0.3999999999998288 0.15 0.9499999999999229
0.3999999999998288 0.2 0.9499999999999229
0.3999999999998288 0.25 0.9499999999999229
0.3999999999998288 0.3 0.9499999999999229
0.3999999999998288 0.35 0.9499999999999229
0.3999999999998288 0.4 0.9499999999999229
0.3999999999998288 0.45 0.9499999999999229
0.3999999999998288 0.5 0.9499999999999229
0.3999999999998288 0.55 0.9499999999999229
0.3999999999998288 0.6 0.9499999999999229
0.3999999999998288 0.65 0.9499999999999229
0.3999999999998288 0.7 0.9499999999999229
0.3999999999998288 0.75 0.9499999999999229
0.3999999999998288 0.8 0.9499999999999229
0.3999999999998288 0.85 0.9499999999999229
0.3999999999998288 0.9 0.9499999999999229
0.3999999999998288 0.95 0.9499999999999229
0.4499999999997407 0.05 0.5999999999999102
0.4499999999997407 0.1 0.5999999999999102
0.4499999999997407 0.15 0.5999999999999102
0.4499999999997407 0.2 0.5999999999999102
0.4499999999997407 0.25 0.5999999999999102
0.4499999999997407 0.3 0.5999999999999102
0.4499999999997407 0.35 0.5999999999999102
0.4499999999997407 0.4 0.5999999999999102
0.4499999999997407 0.45 0.5999999999999102
0.4499999999997407 0.5 0.5999999999999102
0.4499999999997407 0.55 0.5999999999999102
0.4499999999997407 0.6 0.5999999999999102
0.4499999999997407 0.65 0.5999999999999102
0.4499999999997407 0.7 0.5999999999999102
0.4499999999997407 0.75 0.5999999999999102
0.4499999999997407 0.8 0.5999999999999102
0.4499999999997407 0.85 0.5999999999999102
0.4499999999997407 0.9 0.5999999999999102
0.4499999999997407 0.95 0.5999999999999102
0.4499999999998122 0.05 0.6499999999998316
0.4499999999998122 0.1 0.6499999999998316
0.4499999999998122 0.15 0.6499999999998316
0.4499999999998122 0.2 0.6499999999998316
0.4499999999998122 0.25 0.6499999999998316
0.4499999999998122 0.3 0.6499999999998316
0.4499999999998122 0.35 0.6499999999998316
0.4499999999998122 0.4 0.6499999999998316
0.4499999999998122 0.45 0.6499999999998316
0.4499999999998122 0.5 0.6499999999998316
0.4499999999998122 0.55 0.6499999999998316
0.4499999999998122 0.6 0.6499999999998316
0.4499999999998122 0.65 0.6499999999998316
0.4499999999998122 0.7 0.6499999999998316
0.4499999999998122 0.75 0.6499999999998316
0.4499999999998122 0.8 0.6499999999998316
0.4499999999998122 0.85 0.6499999999998316
0.4499999999998122 0.9 0.6499999999998316
0.4499999999998122 0.95 0.6499999999998316
0.4499999999998542 0.05 0.699999999999775
0.4499999999998542 0.1 0.699999999999775
0.4499999999998542 0.15 0.699999999999775
0.4499999999998542 0.2 0.699999999999775
0.4499999999998542 0.25 0.699999999999775
0.4499999999998542 0.3 0.699999999999775
0.4499999999998542 0.35 0.699999999999775
0.4499999999998542 0.4 0.699999999999775
0.4499999999998542 0.45 0.699999999999775
0.4499999999998542 0.5 0.699999999999775
0.4499999999998542 0.55 0.699999999999775
0.4499999999998542 0.6 0.699999999999775
0.4499999999998542 0.65 0.699999999999775
0.4499999999998542 0.7 0.699999999999775
0.4499999999998542 0.75 0.699999999999775
0.4499999999998542 0.8 0.699999999999775
0.4499999999998542 0.85 0.699999999999775
0.4499999999998542 0.9 0.699999999999775
0.4499999999998542 0.95 0.699999999999775
0.4499999999998736 0.05 0.74999999999975
0.4499999999998736 0.1 0.74999999999975
0.4499999999998736 0.15 0.74999999999975
0.4499999999998736 0.2 0.74999999999975
0.4499999999998736 0.25 0.74999999999975
0.4499999999998736 0.3 0.74999999999975
0.4499999999998736 0.35 0.74999999999975
0.4499999999998736 0.4 0.74999999999975
0.4499999999998736 0.45 0.74999999999975
0.4499999999998736 0.5 0.74999999999975
0.4499999999998736 0.55 0.74999999999975
0.4499999999998736 0.6 0.74999999999975
0.4499999999998736 0.65 0.74999999999975
0.4499999999998736 0.7 0.74999999999975
0.4499999999998736 0.75 0.74999999999975
0.4499999999998736 0.8 0.74999999999975
0.4499999999998736 0.85 0.74999999999975
0.4499999999998736 0.9 0.74999999999975
0.4499999999998736 0.95 0.74999999999975
0.4499999999998735 0.05 0.7999999999997603
0.4499999999998735 0.1 0.7999999999997603
0.4499999999998735 0.15 0.7999999999997603
0.4499999999998735 0.2 0.7999999999997603
0.4499999999998735 0.25 0.7999999999997603
0.4499999999998735 0.3 0.7999999999997603
0.4499999999998735 0.35 0.7999999999997603
0.4499999999998735 0.4 0.7999999999997603
0.4499999999998735 0.45 0.7999999999997603
0.4499999999998735 0.5 0.7999999999997603
0.4499999999998735 0.55 0.7999999999997603
0.4499999999998735 0.6 0.7999999999997603
0.4499999999998735 0.65 0.7999999999997603
0.4499999999998735 0.7 0.7999999999997603
0.4499999999998735 0.75 0.7999999999997603
0.4499999999998735 0.8 0.7999999999997603
0.4499999999998735 0.85 0.7999999999997603
0.4499999999998735 0.9 0.7999999999997603
0.4499999999998735 0.95 0.7999999999997603
0.4499999999998542 0.05 0.8499999999998007
0.4499999999998542 0.1 0.8499999999998007
0.4499999999998542 0.15 0.8499999999998007
0.4499999999998542 0.2 0.8499999999998007
0.4499999999998542 0.25 0.8499999999998007
0.4499999999998542 0.3 0.8499999999998007
0.4499999999998542 0.35 0.8499999999998007
0.4499999999998542 0.4 0.8499999999998007
0.4499999999998542 0.45 0.8499999999998007
0.4499999999998542 0.5 0.8499999999998007
0.4499999999998542 0.55 0.8499999999998007
0.4499999999998542 0.6 0.8499999999998007
0.4499999999998542 0.65 0.8499999999998007
0.4499999999998542 0.7 0.8499999999998007
0.4499999999998542 0.75 0.8499999999998007
0.4499999999998542 0.8 0.8499999999998007
0.4499999999998542 0.85 0.8499999999998007
0.4499999999998542 0.9 0.8499999999998007
0.4499999999998542 0.95 0.8499999999998007
0.4499999999998122 0.05 0.8999999999998602
0.4499999999998122 0.1 0.8999999999998602
0.4499999999998122 0.15 0.8999999999998602
0.4499999999998122 0.2 0.8999999999998602
0.4499999999998122 0.25 0.8999999999998602
0.4499999999998122 0.3 0.8999999999998602
0.4499999999998122 0.35 0.8999999999998602
0.4499999999998122 0.4 0.8999999999998602
0.4499999999998122 0.45 0.8999999999998602
0.4499999999998122 0.5 0.8999999999998602
0.4499999999998122 0.55 0.8999999999998602
0.4499999999998122 0.6 0.8999999999998602
0.4499999999998122 0.65 0.8999999999998602
0.4499999999998122 0.7 0.8999999999998602
0.4499999999998122 0.75 0.8999999999998602
0.4499999999998122 0.8 0.8999999999998602
0.4499999999998122 0.85 0.8999999999998602
0.4499999999998122 0.9 0.8999999999998602
0.4499999999998122 0.95 0.8999999999998602
0.4499999999997407 0.05 0.9499999999999283
0.4499999999997407 0.1 0.9499999999999283
0.4499999999997407 0.15 0.9499999999999283
0.4499999999997407 0.2 0.9499999999999283
0.4499999999997407 0.25 0.9499999999999283
0.4499999999997407 0.3 0.9499999999999283
0.4499999999997407 0.35 0.9499999999999283
0.4499999999997407 0.4 0.9499999999999283
0.4499999999997407 0.45 0.9499999999999283
0.4499999999997407 0.5 0.9499999999999283
0.4499999999997407 0.55 0.9499999999999283
0.4499999999997407 0.6 0.9499999999999283
0.4499999999997407 0.65 0.9499999999999283
0.4499999999997407 0.7 0.9499999999999283
0.4499999999997407 0.75 0.9499999999999283
0.4499999999997407 0.8 0.9499999999999283
0.4499999999997407 0.85 0.9499999999999283
0.4499999999997407 0.9 0.9499999999999283
0.4499999999997407 0.95 0.9499999999999283
0.4999999999996907 0.05 0.5999999999999156
0.4999999999996907 0.1 0.5999999999999156
0.4999999999996907 0.15 0.5999999999999156
0.4999999999996907 0.2 0.5999999999999156
0.4999999999996907 0.25 0.5999999999999156
0.4999999999996907 0.3 0.5999999999999156
0.4999999999996907 0.35 0.5999999999999156
0.4999999999996907 0.4 0.5999999999999156
0.4999999999996907 0.45 0.5999999999999156
0.4999999999996907 0.5 0.5999999999999156
0.4999999999996907 0.55 0.5999999999999156
0.4999999999996907 0.6 0.5999999999999156
0.4999999999996907 0.65 0.5999999999999156
0.4999999999996907 0.7 0.5999999999999156
0.4999999999996907 0.75 0.5999999999999156
0.4999999999996907 0.8 0.5999999999999156
0.4999999999996907 0.85 0.5999999999999156
0.4999999999996907 0.9 0.5999999999999156
0.4999999999996907 0.95 0.5999999999999156
0.4999999999997871 0.05 0.649999999999842
0.4999999999997871 0.1 0.649999999999842
0.4999999999997871 0.15 0.649999999999842
0.4999999999997871 0.2 0.649999999999842
0.4999999999997871 0.25 0.649999999999842
0.4999999999997871 0.3 0.649999999999842
0.4999999999997871 0.35 0.649999999999842
0.4999999999997871 0.4 0.649999999999842
0.4999999999997871 0.45 0.649999999999842
0.4999999999997871 0.5 0.649999999999842
0.4999999999997871 0.55 0.649999999999842
0.4999999999997871 0.6 0.649999999999842
0.4999999999997871 0.65 0.649999999999842
0.4999999999997871 0.7 0.649999999999842
0.4999999999997871 0.75 0.649999999999842
0.4999999999997871 0.8 0.649999999999842
0.4999999999997871 0.85 0.649999999999842
0.4999999999997871 0.9 0.649999999999842
0.4999999999997871 0.95 0.649999999999842
0.4999999999998383 0.05 0.6999999999997895
0.4999999999998383 0.1 0.6999999999997895
0.4999999999998383 0.15 0.6999999999997895
0.4999999999998383 0.2 0.6999999999997895
0.4999999999998383 0.25 0.6999999999997895
0.4999999999998383 0.3 0.6999999999997895
0.4999999999998383 0.35 0.6999999999997895
0.4999999999998383 0.4 0.6999999999997895
0.4999999999998383 0.45 0.6999999999997895
0.4999999999998383 0.5 0.6999999999997895
0.4999999999998383 0.55 0.6999999999997895
0.4999999999998383 0.6 0.6999999999997895
0.4999999999998383 0.65 0.6999999999997895
0.4999999999998383 0.7 0.6999999999997895
0.4999999999998383 0.75 0.6999999999997895
0.4999999999998383 0.8 0.6999999999997895
0.4999999999998383 0.85 0.6999999999997895
0.4999999999998383 0.9 0.6999999999997895
0.4999999999998383 0.95 0.6999999999997895
0.4999999999998611 0.05 0.7499999999997659
0.4999999999998611 0.1 0.7499999999997659
0.4999999999998611 0.15 0.7499999999997659
0.4999999999998611 0.2 0.7499999999997659
0.4999999999998611 0.25 0.7499999999997659
0.4999999999998611 0.3 0.7499999999997659
0.4999999999998611 0.35 0.7499999999997659
0.4999999999998611 0.4 0.7499999999997659
0.4999999999998611 0.45 0.7499999999997659
0.4999999999998611 0.5 0.7499999999997659
0.4999999999998611 0.55 0.7499999999997659
0.4999999999998611 0.6 0.7499999999997659
0.4999999999998611 0.65 0.7499999999997659
0.4999999999998611 0.7 0.7499999999997659
0.4999999999998611 0.75 0.7499999999997659
0.4999999999998611 0.8 0.7499999999997659
0.4999999999998611 0.85 0.7499999999997659
0.4999999999998611 0.9 0.7499999999997659
0.4999999999998611 0.95 0.7499999999997659
0.4999999999998611 0.05 0.7999999999997742
0.4999999999998611 0.1 0.7999999999997742
0.4999999999998611 0.15 0.7999999999997742
0.4999999999998611 0.2 0.7999999999997742
0.4999999999998611 0.25 0.7999999999997742
0.4999999999998611 0.3 0.7999999999997742
0.4999999999998611 0.35 0.7999999999997742
0.4999999999998611 0.4 0.7999999999997742
0.4999999999998611 0.45 0.7999999999997742
0.4999999999998611 0.5 0.7999999999997742
0.4999999999998611 0.55 0.7999999999997742
0.4999999999998611 0.6 0.7999999999997742
0.4999999999998611 0.65 0.7999999999997742
0.4999999999998611 0.7 0.7999999999997742
0.4999999999998611 0.75 0.7999999999997742
0.4999999999998611 0.8 0.7999999999997742
0.4999999999998611 0.85 0.7999999999997742
0.4999999999998611 0.9 0.7999999999997742
0.4999999999998611 0.95 0.7999999999997742
0.4999999999998384 0.05 0.8499999999998102
0.4999999999998384 0.1 0.8499999999998102
0.4999999999998384 0.15 0.8499999999998102
0.4999999999998384 0.2 0.8499999999998102
0.4999999999998384 0.25 0.8499999999998102
0.4999999999998384 0.3 0.8499999999998102
0.4999999999998384 0.35 0.8499999999998102
0.4999999999998384 0.4 0.8499999999998102
0.4999999999998384 0.45 0.8499999999998102
0.4999999999998384 0.5 0.8499999999998102
0.4999999999998384 0.55 0.8499999999998102
0.4999999999998384 0.6 0.8499999999998102
0.4999999999998384 0.65 0.8499999999998102
0.4999999999998384 0.7 0.8499999999998102
0.4999999999998384 0.75 0.8499999999998102
0.4999999999998384 0.8 0.8499999999998102
0.4999999999998384 0.85 0.8499999999998102
0.4999999999998384 0.9 0.8499999999998102
0.4999999999998384 0.95 0.8499999999998102
0.4999999999997872 0.05 0.8999999999998654
0.4999999999997872 0.1 0.8999999999998654
0.4999999999997872 0.15 0.8999999999998654
0.4999999999997872 0.2 0.8999999999998654
0.4999999999997872 0.25 0.8999999999998654
0.4999999999997872 0.3 0.8999999999998654
0.4999999999997872 0.35 0.8999999999998654
0.4999999999997872 0.4 0.8999999999998654
0.4999999999997872 0.45 0.8999999999998654
0.4999999999997872 0.5 0.8999999999998654
0.4999999999997872 0.55 0.8999999999998654
0.4999999999997872 0.6 0.8999999999998654
0.4999999999997872 0.65 0.8999999999998654
0.4999999999997872 0.7 0.8999999999998654
0.4999999999997872 0.75 0.8999999999998654
0.4999999999997872 0.8 0.8999999999998654
0.4999999999997872 0.85 0.8999999999998654
0.4999999999997872 0.9 0.8999999999998654
0.4999999999997872 0.95 0.8999999999998654
0.4999999999996909 0.05 0.9499999999999306
0.4999999999996909 0.1 0.9499999999999306
0.4999999999996909 0.15 0.9499999999999306
0.4999999999996909 0.2 0.9499999999999306
0.4999999999996909 0.25 0.9499999999999306
0.4999999999996909 0.3 0.9499999999999306
0.4999999999996909 0.35 0.9499999999999306
0.4999999999996909 0.4 0.9499999999999306
0.4999999999996909 0.45 0.9499999999999306
0.4999999999996909 0.5 0.9499999999999306
0.4999999999996909 0.55 0.9499999999999306
0.4999999999996909 0.6 0.9499999999999306
0.4999999999996909 0.65 0.9499999999999306
0.4999999999996909 0.7 0.9499999999999306
0.4999999999996909 0.75 0.9499999999999306
0.4999999999996909 0.8 0.9499999999999306
0.4999999999996909 0.85 0.9499999999999306
0.4999999999996909 0.9 0.9499999999999306
0.4999999999996909 0.95 0.9499999999999306
0.5499999999997341 0.05 0.5999999999999102
0.5499999999997341 0.1 0.5999999999999102
0.5499999999997341 0.15 0.5999999999999102
0.5499999999997341 0.2 0.5999999999999102
0.5499999999997341 0.25 0.5999999999999102
0.5499999999997341 0.3 0.5999999999999102
0.5499999999997341 0.35 0.5999999999999102
0.5499999999997341 0.4 0.5999999999999102
0.5499999999997341 0.45 0.5999999999999102
0.5499999999997341 0.5 0.5999999999999102
0.5499999999997341 0.55 0.5999999999999102
0.5499999999997341 0.6 0.5999999999999102
0.5499999999997341 0.65 0.5999999999999102
0.5499999999997341 0.7 0.5999999999999102
0.5499999999997341 0.75 0.5999999999999102
0.5499999999997341 0.8 0.5999999999999102
0.5499999999997341 0.85 0.5999999999999102
0.5499999999997341 0.9 0.5999999999999102
0.5499999999997341 0.95 0.5999999999999102
0.5499999999998072 0.05 0.6499999999998316
0.5499999999998072 0.1 0.6499999999998316
0.5499999999998072 0.15 0.6499999999998316
0.5499999999998072 0.2 0.6499999999998316
0.5499999999998072 0.25 0.6499999999998316
0.5499999999998072 0.3 0.6499999999998316
0.5499999999998072 0.35 0.6499999999998316
0.5499999999998072 0.4 0.6499999999998316
0.5499999999998072 0.45 0.6499999999998316
0.5499999999998072 0.5 0.6499999999998316
0.5499999999998072 0.55 0.6499999999998316
0.5499999999998072 0.6 0.6499999999998316
0.5499999999998072 0.65 0.6499999999998316
0.5499999999998072 0.7 0.6499999999998316
0.5499999999998072 0.75 0.6499999999998316
0.5499999999998072 0.8 0.6499999999998316
0.5499999999998072 0.85 0.6499999999998316
0.5499999999998072 0.9 0.6499999999998316
0.5499999999998072 0.95 0.6499999999998316
0.5499999999998511 0.05 0.699999999999775
0.5499999999998511 0.1 0.699999999999775
0.5499999999998511 0.15 0.699999999999775
0.5499999999998511 0.2 0.699999999999775
0.5499999999998511 0.25 0.699999999999775
0.5499999999998511 0.3 0.699999999999775
0.5499999999998511 0.35 0.699999999999775
0.5499999999998511 0.4 0.699999999999775
0.5499999999998511 0.45 0.699999999999775
0.5499999999998511 0.5 0.699999999999775
0.5499999999998511 0.55 0.699999999999775
0.5499999999998511 0.6 0.699999999999775
0.5499999999998511 0.65 0.699999999999775
0.5499999999998511 0.7 0.699999999999775
0.5499999999998511 0.75 0.699999999999775
0.5499999999998511 0.8 0.699999999999775
0.5499999999998511 0.85 0.699999999999775
0.5499999999998511 0.9 0.699999999999775
0.5499999999998511 0.95 0.699999999999775
0.5499999999998714 0.05 0.7499999999997501
0.5499999999998714 0.1 0.7499999999997501
0.5499999999998714 0.15 0.7499999999997501
0.5499999999998714 0.2 0.7499999999997501
0.5499999999998714 0.25 0.7499999999997501
0.5499999999998714 0.3 0.7499999999997501
0.5499999999998714 0.35 0.7499999999997501
0.5499999999998714 0.4 0.7499999999997501
0.5499999999998714 0.45 0.7499999999997501
0.5499999999998714 0.5 0.7499999999997501
0.5499999999998714 0.55 0.7499999999997501
0.5499999999998714 0.6 0.7499999999997501
0.5499999999998714 0.65 0.7499999999997501
0.5499999999998714 0.7 0.7499999999997501
0.5499999999998714 0.75 0.7499999999997501
0.5499999999998714 0.8 0.7499999999997501
0.5499999999998714 0.85 0.7499999999997501
0.5499999999998714 0.9 0.7499999999997501
0.5499999999998714 0.95 0.7499999999997501
0.5499999999998715 0.05 0.7999999999997603
0.5499999999998715 0.1 0.7999999999997603
0.5499999999998715 0.15 0.7999999999997603
0.5499999999998715 0.2 0.7999999999997603
0.5499999999998715 0.25 0.7999999999997603
0.5499999999998715 0.3 0.7999999999997603
0.5499999999998715 0.35 0.7999999999997603
0.5499999999998715 0.4 0.7999999999997603
0.5499999999998715 0.45 0.7999999999997603
0.5499999999998715 0.5 0.7999999999997603
0.5499999999998715 0.55 0.7999999999997603
0.5499999999998715 0.6 0.7999999999997603
0.5499999999998715 0.65 0.7999999999997603
0.5499999999998715 0.7 0.7999999999997603
0.5499999999998715 0.75 0.7999999999997603
0.5499999999998715 0.8 0.7999999999997603
0.5499999999998715 0.85 0.7999999999997603
0.5499999999998715 0.9 0.7999999999997603
0.5499999999998715 0.95 0.7999999999997603
0.5499999999998513 0.05 0.8499999999998008
0.5499999999998513 0.1 0.8499999999998008
0.5499999999998513 0.15 0.8499999999998008
0.5499999999998513 0.2 0.8499999999998008
0.5499999999998513 0.25 0.8499999999998008
0.5499999999998513 0.3 0.8499999999998008
0.5499999999998513 0.35 0.8499999999998008
0.5499999999998513 0.4 0.8499999999998008
0.5499999999998513 0.45 0.8499999999998008
0.5499999999998513 0.5 0.8499999999998008
0.5499999999998513 0.55 0.8499999999998008
0.5499999999998513 0.6 0.8499999999998008
0.5499999999998513 0.65 0.8499999999998008
0.5499999999998513 0.7 0.8499999999998008
0.5499999999998513 0.75 0.8499999999998008
0.5499999999998513 0.8 0.8499999999998008
0.5499999999998513 0.85 0.8499999999998008
0.5499999999998513 0.9 0.8499999999998008
0.5499999999998513 0.95 0.8499999999998008
0.5499999999998073 0.05 0.89999999999986
0.5499999999998073 0.1 0.89999999999986
0.5499999999998073 0.15 0.89999999999986
0.5499999999998073 0.2 0.89999999999986
0.5499999999998073 0.25 0.89999999999986
0.5499999999998073 0.3 0.89999999999986
0.5499999999998073 0.35 0.89999999999986
0.5499999999998073 0.4 0.89999999999986
0.5499999999998073 0.45 0.89999999999986
0.5499999999998073 0.5 0.89999999999986
0.5499999999998073 0.55 0.89999999999986
0.5499999999998073 0.6 0.89999999999986
0.5499999999998073 0.65 0.89999999999986
0.5499999999998073 0.7 0.89999999999986
0.5499999999998073 0.75 0.89999999999986
0.5499999999998073 0.8 0.89999999999986
0.5499999999998073 0.85 0.89999999999986
0.5499999999998073 0.9 0.89999999999986
0.5499999999998073 0.95 0.89999999999986
0.5499999999997343 0.05 0.9499999999999282
0.5499999999997343 0.1 0.9499999999999282
0.5499999999997343 0.15 0.9499999999999282
0.5499999999997343 0.2 0.9499999999999282
0.5499999999997343 0.25 0.9499999999999282
0.5499999999997343 0.3 0.9499999999999282
0.5499999999997343 0.35 0.9499999999999282
0.5499999999997343 0.4 0.9499999999999282
0.5499999999997343 0.45 0.9499999999999282
0.5499999999997343 0.5 0.9499999999999282
0.5499999999997343 0.55 0.9499999999999282
0.5499999999997343 0.6 0.9499999999999282
0.5499999999997343 0.65 0.9499999999999282
0.5499999999997343 0.7 0.9499999999999282
0.5499999999997343 0.75 0.9499999999999282
0.5499999999997343 0.8 0.9499999999999282
0.5499999999997343 0.85 0.9499999999999282
0.5499999999997343 0.9 0.9499999999999282
0.5499999999997343 0.95 0.9499999999999282
0.5999999999998077 0.05 0.5999999999998935
0.5999999999998077 0.1 0.5999999999998935
0.5999999999998077 0.15 0.5999999999998935
0.5999999999998077 0.2 0.5999999999998935
0.5999999999998077 0.25 0.5999999999998935
0.5999999999998077 0.3 0.5999999999998935
0.5999999999998077 0.35 0.5999999999998935
0.5999999999998077 0.4 0.5999999999998935
0.5999999999998077 0.45 0.5999999999998935
0.5999999999998077 0.5 0.5999999999998935
0.5999999999998077 0.55 0.5999999999998935
0.5999999999998077 0.6 0.5999999999998935
0.5999999999998077 0.65 0.5999999999998935
0.5999999999998077 0.7 0.5999999999998935
0.5999999999998077 0.75 0.5999999999998935
0.5999999999998077 0.8 0.5999999999998935
0.5999999999998077 0.85 0.5999999999998935
0.5999999999998077 0.9 0.5999999999998935
0.5999999999998077 0.95 0.5999999999998935
0.5999999999998566 0.05 0.6499999999997991
0.5999999999998566 0.1 0.6499999999997991
0.5999999999998566 0.15 0.6499999999997991
0.5999999999998566 0.2 0.6499999999997991
0.5999999999998566 0.25 0.6499999999997991
0.5999999999998566 0.3 0.6499999999997991
0.5999999999998566 0.35 0.6499999999997991
0.5999999999998566 0.4 0.6499999999997991
0.5999999999998566 0.45 0.6499999999997991
0.5999999999998566 0.5 0.6499999999997991
0.5999999999998566 0.55 0.6499999999997991
0.5999999999998566 0.6 0.6499999999997991
0.5999999999998566 0.65 0.6499999999997991
0.5999999999998566 0.7 0.6499999999997991
0.5999999999998566 0.75 0.6499999999997991
0.5999999999998566 0.8 0.6499999999997991
0.5999999999998566 0.85 0.6499999999997991
0.5999999999998566 0.9 0.6499999999997991
0.5999999999998566 0.95 0.6499999999997991
0.5999999999998873 0.05 0.6999999999997292
0.5999999999998873 0.1 0.6999999999997292
0.5999999999998873 0.15 0.6999999999997292
0.5999999999998873 0.2 0.6999999999997292
0.5999999999998873 0.25 0.6999999999997292
0.5999999999998873 0.3 0.6999999999997292
0.5999999999998873 0.35 0.6999999999997292
0.5999999999998873 0.4 0.6999999999997292
0.5999999999998873 0.45 0.6999999999997292
0.5999999999998873 0.5 0.6999999999997292
0.5999999999998873 0.55 0.6999999999997292
0.5999999999998873 0.6 0.6999999999997292
0.5999999999998873 0.65 0.6999999999997292
0.5999999999998873 0.7 0.6999999999997292
0.5999999999998873 0.75 0.6999999999997292
0.5999999999998873 0.8 0.6999999999997292
0.5999999999998873 0.85 0.6999999999997292
0.5999999999998873 0.9 0.6999999999997292
0.5999999999998873 0.95 0.6999999999997292
0.5999999999999018 0.05 0.7499999999996989
0.5999999999999018 0.1 0.7499999999996989
0.5999999999999018 0.15 0.7499999999996989
0.5999999999999018 0.2 0.7499999999996989
0.5999999999999018 0.25 0.7499999999996989
0.5999999999999018 0.3 0.7499999999996989
0.5999999999999018 0.35 0.7499999999996989
0.5999999999999018 0.4 0.7499999999996989
0.5999999999999018 0.45 0.7499999999996989
0.5999999999999018 0.5 0.7499999999996989
0.5999999999999018 0.55 0.7499999999996989
0.5999999999999018 0.6 0.7499999999996989
0.5999999999999018 0.65 0.7499999999996989
0.5999999999999018 0.7 0.7499999999996989
0.5999999999999018 0.75 0.7499999999996989
0.5999999999999018 0.8 0.7499999999996989
0.5999999999999018 0.85 0.7499999999996989
0.5999999999999018 0.9 0.7499999999996989
0.5999999999999018 0.95 0.7499999999996989
0.5999999999999019 0.05 0.7999999999997159
0.5999999999999019 0.1 0.7999999999997159
0.5999999999999019 0.15 0.7999999999997159
0.5999999999999019 0.2 0.7999999999997159
0.5999999999999019 0.25 0.7999999999997159
0.5999999999999019 0.3 0.7999999999997159
0.5999999999999019 0.35 0.7999999999997159
0.5999999999999019 0.4 0.7999999999997159
0.5999999999999019 0.45 0.7999999999997159
0.5999999999999019 0.5 0.7999999999997159
0.5999999999999019 0.55 0.7999999999997159
0.5999999999999019 0.6 0.7999999999997159
0.5999999999999019 0.65 0.7999999999997159
0.5999999999999019 0.7 0.7999999999997159
0.5999999999999019 0.75 0.7999999999997159
0.5999999999999019 0.8 0.7999999999997159
0.5999999999999019 0.85 0.7999999999997159
0.5999999999999019 0.9 0.7999999999997159
0.5999999999999019 0.95 0.7999999999997159
0.5999999999998874 0.05 0.8499999999997723
0.5999999999998874 0.1 0.8499999999997723
0.5999999999998874 0.15 0.8499999999997723
0.5999999999998874 0.2 0.8499999999997723
0.5999999999998874 0.25 0.8499999999997723
0.5999999999998874 0.3 0.8499999999997723
0.5999999999998874 0.35 0.8499999999997723
0.5999999999998874 0.4 0.8499999999997723
0.5999999999998874 0.45 0.8499999999997723
0.5999999999998874 0.5 0.8499999999997723
0.5999999999998874 0.55 0.8499999999997723
0.5999999999998874 0.6 0.8499999999997723
0.5999999999998874 0.65 0.8499999999997723
0.5999999999998874 0.7 0.8499999999997723
0.5999999999998874 0.75 0.8499999999997723
0.5999999999998874 0.8 0.8499999999997723
0.5999999999998874 0.85 0.8499999999997723
0.5999999999998874 0.9 0.8499999999997723
0.5999999999998874 0.95 0.8499999999997723
0.5999999999998566 0.05 0.8999999999998464
0.5999999999998566 0.1 0.8999999999998464
0.5999999999998566 0.15 0.8999999999998464
0.5999999999998566 0.2 0.8999999999998464
0.5999999999998566 0.25 0.8999999999998464
0.5999999999998566 0.3 0.8999999999998464
0.5999999999998566 0.35 0.8999999999998464
0.5999999999998566 0.4 0.8999999999998464
0.5999999999998566 0.45 0.8999999999998464
0.5999999999998566 0.5 0.8999999999998464
0.5999999999998566 0.55 0.8999999999998464
0.5999999999998566 0.6 0.8999999999998464
0.5999999999998566 0.65 0.8999999999998464
0.5999999999998566 0.7 0.8999999999998464
0.5999999999998566 0.75 0.8999999999998464
0.5999999999998566 0.8 0.8999999999998464
0.5999999999998566 0.85 0.8999999999998464
0.5999999999998566 0.9 0.8999999999998464
0.5999999999998566 0.95 0.8999999999998464
0.5999999999998077 0.05 0.9499999999999229
0.5999999999998077 0.1 0.9499999999999229
0.5999999999998077 0.15 0.9499999999999229
0.5999999999998077 0.2 0.9499999999999229
0.5999999999998077 0.25 0.9499999999999229
0.5999999999998077 0.3 0.9499999999999229
0.5999999999998077 0.35 0.9499999999999229
0.5999999999998077 0.4 0.9499999999999229
0.5999999999998077 0.45 0.9499999999999229
0.5999999999998077 0.5 0.9499999999999229
0.5999999999998077 0.55 0.9499999999999229
0.5999999999998077 0.6 0.9499999999999229
0.5999999999998077 0.65 0.9499999999999229
0.5999999999998077 0.7 0.9499999999999229
0.5999999999998077 0.75 0.9499999999999229
0.5999999999998077 0.8 0.9499999999999229
0.5999999999998077 0.85 0.9499999999999229
0.5999999999998077 0.9 0.9499999999999229
0.5999999999998077 0.95 0.9499999999999229
0.6499999999999003 0.05 0.599999999999865
0.6499999999999003 0.1 0.599999999999865
0.6499999999999003 0.15 0.599999999999865
0.6499999999999003 0.2 0.599999999999865
0.6499999999999003 0.25 0.599999999999865
0.6499999999999003 0.3 0.599999999999865
0.6499999999999003 0.35 0.599999999999865
0.6499999999999003 0.4 0.599999999999865
0.6499999999999003 0.45 0.599999999999865
0.6499999999999003 0.5 0.599999999999865
0.6499999999999003 0.55 0.599999999999865
0.6499999999999003 0.6 0.599999999999865
0.6499999999999003 0.65 0.599999999999865
0.6499999999999003 0.7 0.599999999999865
0.6499999999999003 0.75 0.599999999999865
0.6499999999999003 0.8 0.599999999999865
0.6499999999999003 0.85 0.599999999999865
0.6499999999999003 0.9 0.599999999999865
0.6499999999999003 0.95 0.599999999999865
0.6499999999999242 0.05 0.6499999999997421
0.6499999999999242 0.1 0.6499999999997421
0.6499999999999242 0.15 0.6499999999997421
0.6499999999999242 0.2 0.6499999999997421
0.6499999999999242 0.25 0.6499999999997421
0.6499999999999242 0.3 0.6499999999997421
0.6499999999999242 0.35 0.6499999999997421
0.6499999999999242 0.4 0.6499999999997421
0.6499999999999242 0.45 0.6499999999997421
0.6499999999999242 0.5 0.6499999999997421
0.6499999999999242 0.55 0.6499999999997421
0.6499999999999242 0.6 0.6499999999997421
0.6499999999999242 0.65 0.6499999999997421
0.6499999999999242 0.7 0.6499999999997421
0.6499999999999242 0.75 0.6499999999997421
0.6499999999999242 0.8 0.6499999999997421
0.6499999999999242 0.85 0.6499999999997421
0.6499999999999242 0.9 0.6499999999997421
0.6499999999999242 0.95 0.6499999999997421
0.6499999999999396 0.05 0.6999999999996435
0.6499999999999396 0.1 0.6999999999996435
0.6499999999999396 0.15 0.6999999999996435
0.6499999999999396 0.2 0.6999999999996435
0.6499999999999396 0.25 0.6999999999996435
0.6499999999999396 0.3 0.6999999999996435
0.6499999999999396 0.35 0.6999999999996435
0.6499999999999396 0.4 0.6999999999996435
0.6499999999999396 0.45 0.6999999999996435
0.6499999999999396 0.5 0.6999999999996435
0.6499999999999396 0.55 0.6999999999996435
0.6499999999999396 0.6 0.6999999999996435
0.6499999999999396 0.65 0.6999999999996435
0.6499999999999396 0.7 0.6999999999996435
0.6499999999999396 0.75 0.6999999999996435
0.6499999999999396 0.8 0.6999999999996435
0.6499999999999396 0.85 0.6999999999996435
0.6499999999999396 0.9 0.6999999999996435
0.6499999999999396 0.95 0.6999999999996435
0.6499999999999472 0.05 0.749999999999601
0.6499999999999472 0.1 0.749999999999601
0.6499999999999472 0.15 0.749999999999601
0.6499999999999472 0.2 0.749999999999601
0.6499999999999472 0.25 0.749999999999601
0.6499999999999472 0.3 0.749999999999601
0.6499999999999472 0.35 0.749999999999601
0.6499999999999472 0.4 0.749999999999601
0.6499999999999472 0.45 0.749999999999601
0.6499999999999472 0.5 0.749999999999601
0.6499999999999472 0.55 0.749999999999601
0.6499999999999472 0.6 0.749999999999601
0.6499999999999472 0.65 0.749999999999601
0.6499999999999472 0.7 0.749999999999601
0.6499999999999472 0.75 0.749999999999601
0.6499999999999472 0.8 0.749999999999601
0.6499999999999472 0.85 0.749999999999601
0.6499999999999472 0.9 0.749999999999601
0.6499999999999472 0.95 0.749999999999601
0.6499999999999473 0.05 0.7999999999996323
0.6499999999999473 0.1 0.7999999999996323
0.6499999999999473 0.15 0.7999999999996323
0.6499999999999473 0.2 0.7999999999996323
0.6499999999999473 0.25 0.7999999999996323
0.6499999999999473 0.3 0.7999999999996323
0.6499999999999473 0.35 0.7999999999996323
0.6499999999999473 0.4 0.7999999999996323
0.6499999999999473 0.45 0.7999999999996323
0.6499999999999473 0.5 0.7999999999996323
0.6499999999999473 0.55 0.7999999999996323
0.6499999999999473 0.6 0.7999999999996323
0.6499999999999473 0.65 0.7999999999996323
0.6499999999999473 0.7 0.7999999999996323
0.6499999999999473 0.75 0.7999999999996323
0.6499999999999473 0.8 0.7999999999996323
0.6499999999999473 0.85 0.7999999999996323
0.6499999999999473 0.9 0.7999999999996323
0.6499999999999473 0.95 0.7999999999996323
0.6499999999999397 0.05 0.8499999999997255
0.6499999999999397 0.1 0.8499999999997255
0.6499999999999397 0.15 0.8499999999997255
0.6499999999999397 0.2 0.8499999999997255
0.6499999999999397 0.25 0.8499999999997255
0.6499999999999397 0.3 0.8499999999997255
0.6499999999999397 0.35 0.8499999999997255
0.6499999999999397 0.4 0.8499999999997255
0.6499999999999397 0.45 0.8499999999997255
0.6499999999999397 0.5 0.8499999999997255
0.6499999999999397 0.55 0.8499999999997255
0.6499999999999397 0.6 0.8499999999997255
0.6499999999999397 0.65 0.8499999999997255
0.6499999999999397 0.7 0.8499999999997255
0.6499999999999397 0.75 0.8499999999997255
0.6499999999999397 0.8 0.8499999999997255
0.6499999999999397 0.85 0.8499999999997255
0.6499999999999397 0.9 0.8499999999997255
0.6499999999999397 0.95 0.8499999999997255
0.6499999999999242 0.05 0.8999999999998302
0.6499999999999242 0.1 0.8999999999998302
0.6499999999999242 0.15 0.8999999999998302
0.6499999999999242 0.2 0.8999999999998302
0.6499999999999242 0.25 0.8999999999998302
0.6499999999999242 0.3 0.8999999999998302
0.6499999999999242 0.35 0.8999999999998302
0.6499999999999242 0.4 0.8999999999998302
0.6499999999999242 0.45 0.8999999999998302
0.6499999999999242 0.5 0.8999999999998302
0.6499999999999242 0.55 0.8999999999998302
0.6499999999999242 0.6 0.8999999999998302
0.6499999999999242 0.65 0.8999999999998302
0.6499999999999242 0.7 0.8999999999998302
0.6499999999999242 0.75 0.8999999999998302
0.6499999999999242 0.8 0.8999999999998302
0.6499999999999242 0.85 0.8999999999998302
0.6499999999999242 0.9 0.8999999999998302
0.6499999999999242 0.95 0.8999999999998302
0.6499999999999003 0.05 0.9499999999999171
0.6499999999999003 0.1 0.9499999999999171
0.6499999999999003 0.15 0.9499999999999171
0.6499999999999003 0.2 0.9499999999999171
0.6499999999999003 0.25 0.9499999999999171
0.6499999999999003 0.3 0.9499999999999171
0.6499999999999003 0.35 0.9499999999999171
0.6499999999999003 0.4 0.9499999999999171
0.6499999999999003 0.45 0.9499999999999171
0.6499999999999003 0.5 0.9499999999999171
0.6499999999999003 0.55 0.9499999999999171
0.6499999999999003 0.6 0.9499999999999171
0.6499999999999003 0.65 0.9499999999999171
0.6499999999999003 0.7 0.9499999999999171
0.6499999999999003 0.75 0.9499999999999171
0.6499999999999003 0.8 0.9499999999999171
0.6499999999999003 0.85 0.9499999999999171
0.6499999999999003 0.9 0.9499999999999171
0.6499999999999003 0.95 0.9499999999999171
3 9 0 760
9195
9196
9197
9198
9199
9200
9201
9202
9203
9204
9205
9206
9207
9208
9209
9210
9211
9212
9213
9214
9215
9216
9217
9218
9219
9220
9221
9222
9223
9224
9225
9226
9227
9228
9229
9230
9231
9232
9233
9234
9235
9236
9237
9238
9239
9240
9241
9242
9243
9244
9245
9246
9247
9248
9249
9250
9251
9252
9253
9254
9255
9256
9257
9258
9259
9260
9261
9262
9263
9264
9265
9266
9267
9268
9269
9270
9271
9272
9273
9274
9275
9276
9277
9278
9279
9280
9281
9282
9283
9284
9285
9286
9287
9288
9289
9290
9291
9292
9293
9294
9295
9296
9297
9298
9299
9300
9301
9302
9303
9304
9305
9306
9307
9308
9309
9310
9311
9312
9313
9314
9315
9316
9317
9318
9319
9320
9321
9322
9323
9324
9325
9326
9327
9328
9329
9330
9331
9332
9333
9334
9335
9336
9337
9338
9339
9340
9341
9342
9343
9344
9345
9346
9347
9348
9349
9350
9351
9352
9353
9354
9355
9356
9357
9358
9359
9360
9361
9362
9363
9364
9365
9366
9367
9368
9369
9370
9371
9372
9373
9374
9375
9376
9377
9378
9379
9380
9381
9382
9383
9384
9385
9386
9387
9388
9389
9390
9391
9392
9393
9394
9395
9396
9397
9398
9399
9400
9401
9402
9403
9404
9405
9406
9407
9408
9409
9410
9411
9412
9413
9414
9415
9416
9417
9418
9419
9420
9421
9422
9423
9424
9425
9426
9427
9428
9429
9430
9431
9432
9433
9434
9435
9436
9437
9438
9439
9440
9441
9442
9443
9444
9445
9446
9447
9448
9449
9450
9451
9452
9453
9454
9455
9456
9457
9458
9459
9460
9461
9462
9463
9464
9465
9466
9467
9468
9469
9470
9471
9472
9473
9474
9475
9476
9477
9478
9479
9480
9481
9482
9483
9484
9485
9486
9487
9488
9489
9490
9491
9492
9493
9494
9495
9496
9497
9498
9499
9500
9501
9502
9503
9504
9505
9506
9507
9508
9509
9510
9511
9512
9513
9514
9515
9516
9517
9518
9519
9520
9521
9522
9523
9524
9525
9526
9527
9528
9529
9530
9531
9532
9533
9534
9535
9536
9537
9538
9539
9540
9541
9542
9543
9544
9545
9546
9547
9548
9549
9550
9551
9552
9553
9554
9555
9556
9557
9558
9559
9560
9561
9562
9563
9564
9565
9566
9567
9568
9569
9570
9571
9572
9573
9574
9575
9576
9577
9578
9579
9580
9581
9582
9583
9584
9585
9586
9587
9588
9589
9590
9591
9592
9593
9594
9595
9596
9597
9598
9599
9600
9601
9602
9603
9604
9605
9606
9607
9608
9609
9610
9611
9612
9613
9614
9615
9616
9617
9618
9619
9620
9621
9622
9623
9624
9625
9626
9627
9628
9629
9630
9631
9632
9633
9634
9635
9636
9637
9638
9639
9640
9641
9642
9643
9644
9645
9646
9647
9648
9649
9650
9651
9652
9653
9654
9655
9656
9657
9658
9659
9660
9661
9662
9663
9664
9665
9666
9667
9668
9669
9670
9671
9672
9673
9674
9675
9676
9677
9678
9679
9680
9681
9682
9683
9684
9685
9686
9687
9688
9689
9690
9691
9692
9693
9694
9695
9696
9697
9698
9699
9700
9701
9702
9703
9704
9705
9706
9707
9708
9709
9710
9711
9712
9713
9714
9715
9716
9717
9718
9719
9720
9721
9722
9723
9724
9725
9726
9727
9728
9729
9730
9731
9732
9733
9734
9735
9736
9737
9738
9739
9740
9741
9742
9743
9744
9745
9746
9747
9748
9749
9750
9751
9752
9753
9754
9755
9756
9757
9758
9759
9760
9761
9762
9763
9764
9765
9766
9767
9768
9769
9770
9771
9772
9773
9774
9775
9776
9777
9778
9779
9780
9781
9782
9783
9784
9785
9786
9787
9788
9789
9790
9791
9792
9793
9794
9795
9796
9797
9798
9799
9800
9801
9802
9803
9804
9805
9806
9807
9808
9809
9810
9811
9812
9813
9814
9815
9816
9817
9818
9819
9820
9821
9822
9823
9824
9825
9826
9827
9828
9829
9830
9831
9832
9833
9834
9835
9836
9837
9838
9839
9840
9841
9842
9843
9844
9845
9846
9847
9848
9849
9850
9851
9852
9853
9854
9855
9856
9857
9858
9859
9860
9861
9862
9863
9864
9865
9866
9867
9868
9869
9870
9871
9872
9873
9874
9875
9876
9877
9878
9879
9880
9881
9882
9883
9884
9885
9886
9887
9888
9889
9890
9891
9892
9893
9894
9895
9896
9897
9898
9899
9900
9901
9902
9903
9904
9905
9906
9907
9908
9909
9910
9911
9912
9913
9914
9915
9916
9917
9918
9919
9920
9921
9922
9923
9924
9925
9926
9927
9928
9929
9930
9931
9932
9933
9934
9935
9936
9937
9938
9939
9940
9941
9942
9943
9944
9945
9946
9947
9948
9949
9950
9951
9952
9953
9954
0.7499999999999504 0.05 0.599999999999858
0.7499999999999504 0.1 0.599999999999858
0.7499999999999504 0.15 0.599999999999858
0.7499999999999504 0.2 0.599999999999858
0.7499999999999504 0.25 0.599999999999858
0.7499999999999504 0.3 0.599999999999858
0.7499999999999504 0.35 0.599999999999858
0.7499999999999504 0.4 0.599999999999858
0.7499999999999504 0.45 0.599999999999858
0.7499999999999504 0.5 0.599999999999858
0.7499999999999504 0.55 0.599999999999858
0.7499999999999504 0.6 0.599999999999858
0.7499999999999504 0.65 0.599999999999858
0.7499999999999504 0.7 0.599999999999858
0.7499999999999504 0.75 0.599999999999858
0.7499999999999504 0.8 0.599999999999858
0.7499999999999504 0.85 0.599999999999858
0.7499999999999504 0.9 0.599999999999858
0.7499999999999504 0.95 0.599999999999858
0.7499999999999668 0.05 0.6499999999997289
0.7499999999999668 0.1 0.6499999999997289
0.7499999999999668 0.15 0.6499999999997289
0.7499999999999668 0.2 0.6499999999997289
0.7499999999999668 0.25 0.6499999999997289
0.7499999999999668 0.3 0.6499999999997289
0.7499999999999668 0.35 0.6499999999997289
0.7499999999999668 0.4 0.6499999999997289
0.7499999999999668 0.45 0.6499999999997289
0.7499999999999668 0.5 0.6499999999997289
0.7499999999999668 0.55 0.6499999999997289
0.7499999999999668 0.6 0.6499999999997289
0.7499999999999668 0.65 0.6499999999997289
0.7499999999999668 0.7 0.6499999999997289
0.7499999999999668 0.75 0.6499999999997289
0.7499999999999668 0.8 0.6499999999997289
0.7499999999999668 0.85 0.6499999999997289
0.7499999999999668 0.9 0.6499999999997289
0.7499999999999668 0.95 0.6499999999997289
0.7499999999999771 0.05 0.6999999999996263
0.7499999999999771 0.1 0.6999999999996263
0.7499999999999771 0.15 0.6999999999996263
0.7499999999999771 0.2 0.6999999999996263
0.7499999999999771 0.25 0.6999999999996263
0.7499999999999771 0.3 0.6999999999996263
0.7499999999999771 0.35 0.6999999999996263
0.7499999999999771 0.4 0.6999999999996263
0.7499999999999771 0.45 0.6999999999996263
0.7499999999999771 0.5 0.6999999999996263
0.7499999999999771 0.55 0.6999999999996263
0.7499999999999771 0.6 0.6999999999996263
0.7499999999999771 0.65 0.6999999999996263
0.7499999999999771 0.7 0.6999999999996263
0.7499999999999771 0.75 0.6999999999996263
0.7499999999999771 0.8 0.6999999999996263
0.7499999999999771 0.85 0.6999999999996263
0.7499999999999771 0.9 0.6999999999996263
0.7499999999999771 0.95 0.6999999999996263
0.7499999999999819 0.05 0.7499999999995824
0.7499999999999819 0.1 0.7499999999995824
0.7499999999999819 0.15 0.7499999999995824
0.7499999999999819 0.2 0.7499999999995824
0.7499999999999819 0.25 0.7499999999995824
0.7499999999999819 0.3 0.7499999999995824
0.7499999999999819 0.35 0.7499999999995824
0.7499999999999819 0.4 0.7499999999995824
0.7499999999999819 0.45 0.7499999999995824
0.7499999999999819 0.5 0.7499999999995824
0.7499999999999819 0.55 0.7499999999995824
0.7499999999999819 0.6 0.7499999999995824
0.7499999999999819 0.65 0.7499999999995824
0.7499999999999819 0.7 0.7499999999995824
0.7499999999999819 0.75 0.7499999999995824
0.7499999999999819 0.8 0.7499999999995824
0.7499999999999819 0.85 0.7499999999995824
0.7499999999999819 0.9 0.7499999999995824
0.7499999999999819 0.95 0.7499999999995824
0.749999999999982 0.05 0.7999999999996149
0.749999999999982 0.1 0.7999999999996149
0.749999999999982 0.15 0.7999999999996149
0.749999999999982 0.2 0.7999999999996149
0.749999999999982 0.25 0.7999999999996149
0.749999999999982 0.3 0.7999999999996149
0.749999999999982 0.35 0.7999999999996149
0.749999999999982 0.4 0.7999999999996149
0.749999999999982 0.45 0.7999999999996149
0.749999999999982 0.5 0.7999999999996149
0.749999999999982 0.55 0.7999999999996149
0.749999999999982 0.6 0.7999999999996149
0.749999999999982 0.65 0.7999999999996149
0.749999999999982 0.7 0.7999999999996149
0.749999999999982 0.75 0.7999999999996149
0.749999999999982 0.8 0.7999999999996149
0.749999999999982 0.85 0.7999999999996149
0.749999999999982 0.9 0.7999999999996149
0.749999999999982 0.95 0.7999999999996149
0.7499999999999772 0.05 0.8499999999997113
0.7499999999999772 0.1 0.8499999999997113
0.7499999999999772 0.15 0.8499999999997113
0.7499999999999772 0.2 0.8499999999997113
0.7499999999999772 0.25 0.8499999999997113
0.7499999999999772 0.3 0.8499999999997113
0.7499999999999772 0.35 0.8499999999997113
0.7499999999999772 0.4 0.8499999999997113
0.7499999999999772 0.45 0.8499999999997113
0.7499999999999772 0.5 0.8499999999997113
0.7499999999999772 0.55 0.8499999999997113
0.7499999999999772 0.6 0.8499999999997113
0.7499999999999772 0.65 0.8499999999997113
0.7499999999999772 0.7 0.8499999999997113
0.7499999999999772 0.75 0.8499999999997113
0.7499999999999772 0.8 0.8499999999997113
0.7499999999999772 0.85 0.8499999999997113
0.7499999999999772 0.9 0.8499999999997113
0.7499999999999772 0.95 0.8499999999997113
0.7499999999999669 0.05 0.8999999999998205
0.7499999999999669 0.1 0.8999999999998205
0.7499999999999669 0.15 0.8999999999998205
0.7499999999999669 0.2 0.8999999999998205
0.7499999999999669 0.25 0.8999999999998205
0.7499999999999669 0.3 0.8999999999998205
0.7499999999999669 0.35 0.8999999999998205
0.7499999999999669 0.4 0.8999999999998205
0.7499999999999669 0.45 0.8999999999998205
0.7499999999999669 0.5 0.8999999999998205
0.7499999999999669 0.55 0.8999999999998205
0.7499999999999669 0.6 0.8999999999998205
0.7499999999999669 0.65 0.8999999999998205
0.7499999999999669 0.7 0.8999999999998205
0.7499999999999669 0.75 0.8999999999998205
0.7499999999999669 0.8 0.8999999999998205
0.7499999999999669 0.85 0.8999999999998205
0.7499999999999669 0.9 0.8999999999998205
0.7499999999999669 0.95 0.8999999999998205
0.7499999999999505 0.05 0.9499999999999122
0.7499999999999505 0.1 0.9499999999999122
0.7499999999999505 0.15 0.9499999999999122
0.7499999999999505 0.2 0.9499999999999122
0.7499999999999505 0.25 0.9499999999999122
0.7499999999999505 0.3 0.9499999999999122
0.7499999999999505 0.35 0.9499999999999122
0.7499999999999505 0.4 0.9499999999999122
0.7499999999999505 0.45 0.9499999999999122
0.7499999999999505 0.5 0.9499999999999122
0.7499999999999505 0.55 0.9499999999999122
0.7499999999999505 0.6 0.9499999999999122
0.7499999999999505 0.65 0.9499999999999122
0.7499999999999505 0.7 0.9499999999999122
0.7499999999999505 0.75 0.9499999999999122
0.7499999999999505 0.8 0.9499999999999122
0.7499999999999505 0.85 0.9499999999999122
0.7499999999999505 0.9 0.9499999999999122
0.7499999999999505 0.95 0.9499999999999122
0.7999999999999001 0.05 0.5999999999998789
0.7999999999999001 0.1 0.5999999999998789
0.7999999999999001 0.15 0.5999999999998789
0.7999999999999001 0.2 0.5999999999998789
0.7999999999999001 0.25 0.5999999999998789
0.7999999999999001 0.3 0.5999999999998789
0.7999999999999001 0.35 0.5999999999998789
0.7999999999999001 0.4 0.5999999999998789
0.7999999999999001 0.45 0.5999999999998789
0.7999999999999001 0.5 0.5999999999998789
0.7999999999999001 0.55 0.5999999999998789
0.7999999999999001 0.6 0.5999999999998789
0.7999999999999001 0.65 0.5999999999998789
0.7999999999999001 0.7 0.5999999999998789
0.7999999999999001 0.75 0.5999999999998789
0.7999999999999001 0.8 0.5999999999998789
0.7999999999999001 0.85 0.5999999999998789
0.7999999999999001 0.9 0.5999999999998789
0.7999999999999001 0.95 0.5999999999998789
0.7999999999999399 0.05 0.6499999999997714
0.7999999999999399 0.1 0.6499999999997714
0.7999999999999399 0.15 0.6499999999997714
0.7999999999999399 0.2 0.6499999999997714
0.7999999999999399 0.25 0.6499999999997714
0.7999999999999399 0.3 0.6499999999997714
0.7999999999999399 0.35 0.6499999999997714
0.7999999999999399 0.4 0.6499999999997714
0.7999999999999399 0.45 0.6499999999997714
0.7999999999999399 0.5 0.6499999999997714
0.7999999999999399 0.55 0.6499999999997714
0.7999999999999399 0.6 0.6499999999997714
0.7999999999999399 0.65 0.6499999999997714
0.7999999999999399 0.7 0.6499999999997714
0.7999999999999399 0.75 0.6499999999997714
0.7999999999999399 0.8 0.6499999999997714
0.7999999999999399 0.85 0.6499999999997714
0.7999999999999399 0.9 0.6499999999997714
0.7999999999999399 0.95 0.6499999999997714
0.7999999999999599 0.05 0.6999999999996924
0.7999999999999599 0.1 0.6999999999996924
0.7999999999999599 0.15 0.6999999999996924
0.7999999999999599 0.2 0.6999999999996924
0.7999999999999599 0.25 0.6999999999996924
0.7999999999999599 0.3 0.6999999999996924
0.7999999999999599 0.35 0.6999999999996924
0.7999999999999599 0.4 0.6999999999996924
0.7999999999999599 0.45 0.6999999999996924
0.7999999999999599 0.5 0.6999999999996924
0.7999999999999599 0.55 0.6999999999996924
0.7999999999999599 0.6 0.6999999999996924
0.7999999999999599 0.65 0.6999999999996924
0.7999999999999599 0.7 0.6999999999996924
0.7999999999999599 0.75 0.6999999999996924
0.7999999999999599 0.8 0.6999999999996924
0.7999999999999599 0.85 0.6999999999996924
0.7999999999999599 0.9 0.6999999999996924
0.7999999999999599 0.95 0.6999999999996924
0.7999999999999687 0.05 0.7499999999996589
0.7999999999999687 0.1 0.7499999999996589
0.7999999999999687 0.15 0.7499999999996589
0.7999999999999687 0.2 0.7499999999996589
0.7999999999999687 0.25 0.7499999999996589
0.7999999999999687 0.3 0.7499999999996589
0.7999999999999687 0.35 0.7499999999996589
0.7999999999999687 0.4 0.7499999999996589
0.7999999999999687 0.45 0.7499999999996589
0.7999999999999687 0.5 0.7499999999996589
0.7999999999999687 0.55 0.7499999999996589
0.7999999999999687 0.6 0.7499999999996589
0.7999999999999687 0.65 0.7499999999996589
0.7999999999999687 0.7 0.7499999999996589
0.7999999999999687 0.75 0.7499999999996589
0.7999999999999687 0.8 0.7499999999996589
0.7999999999999687 0.85 0.7499999999996589
0.7999999999999687 0.9 0.7499999999996589
0.7999999999999687 0.95 0.7499999999996589
0.799999999999969 0.05 0.7999999999996785
0.799999999999969 0.1 0.7999999999996785
0.799999999999969 0.15 0.7999999999996785
0.799999999999969 0.2 0.7999999999996785
0.799999999999969 0.25 0.7999999999996785
0.799999999999969 0.3 0.7999999999996785
0.799999999999969 0.35 0.7999999999996785
0.799999999999969 0.4 0.7999999999996785
0.799999999999969 0.45 0.7999999999996785
0.799999999999969 0.5 0.7999999999996785
0.799999999999969 0.55 0.7999999999996785
0.799999999999969 0.6 0.7999999999996785
0.799999999999969 0.65 0.7999999999996785
0.799999999999969 0.7 0.7999999999996785
0.799999999999969 0.75 0.7999999999996785
0.799999999999969 0.8 0.7999999999996785
0.799999999999969 0.85 0.7999999999996785
0.799999999999969 0.9 0.7999999999996785
0.799999999999969 0.95 0.7999999999996785
0.79999999999996 0.05 0.8499999999997424
0.79999999999996 0.1 0.8499999999997424
0.79999999999996 0.15 0.8499999999997424
0.79999999999996 0.2 0.8499999999997424
0.79999999999996 0.25 0.8499999999997424
0.79999999999996 0.3 0.8499999999997424
0.79999999999996 0.35 0.8499999999997424
0.79999999999996 0.4 0.8499999999997424
0.79999999999996 0.45 0.8499999999997424
0.79999999999996 0.5 0.8499999999997424
0.79999999999996 0.55 0.8499999999997424
0.79999999999996 0.6 0.8499999999997424
0.79999999999996 0.65 0.8499999999997424
0.79999999999996 0.7 0.8499999999997424
0.79999999999996 0.75 0.8499999999997424
0.79999999999996 0.8 0.8499999999997424
0.79999999999996 0.85 0.8499999999997424
0.79999999999996 0.9 0.8499999999997424
0.79999999999996 0.95 0.8499999999997424
0.7999999999999399 0.05 0.8999999999998266
0.7999999999999399 0.1 0.8999999999998266
0.7999999999999399 0.15 0.8999999999998266
0.7999999999999399 0.2 0.8999999999998266
0.7999999999999399 0.25 0.8999999999998266
0.7999999999999399 0.3 0.8999999999998266
0.7999999999999399 0.35 0.8999999999998266
0.7999999999999399 0.4 0.8999999999998266
0.7999999999999399 0.45 0.8999999999998266
0.7999999999999399 0.5 0.8999999999998266
0.7999999999999399 0.55 0.8999999999998266
0.7999999999999399 0.6 0.8999999999998266
0.7999999999999399 0.65 0.8999999999998266
0.7999999999999399 0.7 0.8999999999998266
0.7999999999999399 0.75 0.8999999999998266
0.7999999999999399 0.8 0.8999999999998266
0.7999999999999399 0.85 0.8999999999998266
0.7999999999999399 0.9 0.8999999999998266
0.7999999999999399 0.95 0.8999999999998266
0.7999999999999002 0.05 0.9499999999999135
0.7999999999999002 0.1 0.9499999999999135
0.7999999999999002 0.15 0.9499999999999135
0.7999999999999002 0.2 0.9499999999999135
0.7999999999999002 0.25 0.9499999999999135
0.7999999999999002 0.3 0.9499999999999135
0.7999999999999002 0.35 0.9499999999999135
0.7999999999999002 0.4 0.9499999999999135
0.7999999999999002 0.45 0.9499999999999135
0.7999999999999002 0.5 0.9499999999999135
0.7999999999999002 0.55 0.9499999999999135
0.7999999999999002 0.6 0.9499999999999135
0.7999999999999002 0.65 0.9499999999999135
0.7999999999999002 0.7 0.9499999999999135
0.7999999999999002 0.75 0.9499999999999135
0.7999999999999002 0.8 0.9499999999999135
0.7999999999999002 0.85 0.9499999999999135
0.7999999999999002 0.9 0.9499999999999135
0.7999999999999002 0.95 0.9499999999999135
0.8499999999998915 0.05 0.5999999999998858
0.8499999999998915 0.1 0.5999999999998858
0.8499999999998915 0.15 0.5999999999998858
0.8499999999998915 0.2 0.5999999999998858
0.8499999999998915 0.25 0.5999999999998858
0.8499999999998915 0.3 0.5999999999998858
0.8499999999998915 0.35 0.5999999999998858
0.8499999999998915 0.4 0.5999999999998858
0.8499999999998915 0.45 0.5999999999998858
0.8499999999998915 0.5 0.5999999999998858
0.8499999999998915 0.55 0.5999999999998858
0.8499999999998915 0.6 0.5999999999998858
0.8499999999998915 0.65 0.5999999999998858
0.8499999999998915 0.7 0.5999999999998858
0.8499999999998915 0.75 0.5999999999998858
0.8499999999998915 0.8 0.5999999999998858
0.8499999999998915 0.85 0.5999999999998858
0.8499999999998915 0.9 0.5999999999998858
0.8499999999998915 0.95 0.5999999999998858
0.8499999999999324 0.05 0.6499999999997854
0.8499999999999324 0.1 0.6499999999997854
0.8499999999999324 0.15 0.6499999999997854
0.8499999999999324 0.2 0.6499999999997854
0.8499999999999324 0.25 0.6499999999997854
0.8499999999999324 0.3 0.6499999999997854
0.8499999999999324 0.35 0.6499999999997854
0.8499999999999324 0.4 0.6499999999997854
0.8499999999999324 0.45 0.6499999999997854
0.8499999999999324 0.5 0.6499999999997854
0.8499999999999324 0.55 0.6499999999997854
0.8499999999999324 0.6 0.6499999999997854
0.8499999999999324 0.65 0.6499999999997854
0.8499999999999324 0.7 0.6499999999997854
0.8499999999999324 0.75 0.6499999999997854
0.8499999999999324 0.8 0.6499999999997854
0.8499999999999324 0.85 0.6499999999997854
0.8499999999999324 0.9 0.6499999999997854
0.8499999999999324 0.95 0.6499999999997854
0.8499999999999546 0.05 0.6999999999997131
0.8499999999999546 0.1 0.6999999999997131
0.8499999999999546 0.15 0.6999999999997131
0.8499999999999546 0.2 0.6999999999997131
0.8499999999999546 0.25 0.6999999999997131
0.8499999999999546 0.3 0.6999999999997131
0.8499999999999546 0.35 0.6999999999997131
0.8499999999999546 0.4 0.6999999999997131
0.8499999999999546 0.45 0.6999999999997131
0.8499999999999546 0.5 0.6999999999997131
0.8499999999999546 0.55 0.6999999999997131
0.8499999999999546 0.6 0.6999999999997131
0.8499999999999546 0.65 0.6999999999997131
0.8499999999999546 0.7 0.6999999999997131
0.8499999999999546 0.75 0.6999999999997131
0.8499999999999546 0.8 0.6999999999997131
0.8499999999999546 0.85 0.6999999999997131
0.8499999999999546 0.9 0.6999999999997131
0.8499999999999546 0.95 0.6999999999997131
0.8499999999999642 0.05 0.7499999999996823
0.8499999999999642 0.1 0.7499999999996823
0.8499999999999642 0.15 0.7499999999996823
0.8499999999999642 0.2 0.7499999999996823
0.8499999999999642 0.25 0.7499999999996823
0.8499999999999642 0.3 0.7499999999996823
0.8499999999999642 0.35 0.7499999999996823
0.8499999999999642 0.4 0.7499999999996823
0.8499999999999642 0.45 0.7499999999996823
0.8499999999999642 0.5 0.7499999999996823
0.8499999999999642 0.55 0.7499999999996823
0.8499999999999642 0.6 0.7499999999996823
0.8499999999999642 0.65 0.7499999999996823
0.8499999999999642 0.7 0.7499999999996823
0.8499999999999642 0.75 0.7499999999996823
0.8499999999999642 0.8 0.7499999999996823
0.8499999999999642 0.85 0.7499999999996823
0.8499999999999642 0.9 0.7499999999996823
0.8499999999999642 0.95 0.7499999999996823
0.8499999999999642 0.05 0.7999999999996983
0.8499999999999642 0.1 0.7999999999996983
0.8499999999999642 0.15 0.7999999999996983
0.8499999999999642 0.2 0.7999999999996983
0.8499999999999642 0.25 0.7999999999996983
0.8499999999999642 0.3 0.7999999999996983
0.8499999999999642 0.35 0.7999999999996983
0.8499999999999642 0.4 0.7999999999996983
0.8499999999999642 0.45 0.7999999999996983
0.8499999999999642 0.5 0.7999999999996983
0.8499999999999642 0.55 0.7999999999996983
0.8499999999999642 0.6 0.7999999999996983
0.8499999999999642 0.65 0.7999999999996983
0.8499999999999642 0.7 0.7999999999996983
0.8499999999999642 0.75 0.7999999999996983
0.8499999999999642 0.8 0.7999999999996983
0.8499999999999642 0.85 0.7999999999996983
0.8499999999999642 0.9 0.7999999999996983
0.8499999999999642 0.95 0.7999999999996983
0.8499999999999543 0.05 0.8499999999997533
0.8499999999999543 0.1 0.8499999999997533
0.8499999999999543 0.15 0.8499999999997533
0.8499999999999543 0.2 0.8499999999997533
0.8499999999999543 0.25 0.8499999999997533
0.8499999999999543 0.3 0.8499999999997533
0.8499999999999543 0.35 0.8499999999997533
0.8499999999999543 0.4 0.8499999999997533
0.8499999999999543 0.45 0.8499999999997533
0.8499999999999543 0.5 0.8499999999997533
0.8499999999999543 0.55 0.8499999999997533
0.8499999999999543 0.6 0.8499999999997533
0.8499999999999543 0.65 0.8499999999997533
0.8499999999999543 0.7 0.8499999999997533
0.8499999999999543 0.75 0.8499999999997533
0.8499999999999543 0.8 0.8499999999997533
0.8499999999999543 0.85 0.8499999999997533
0.8499999999999543 0.9 0.8499999999997533
0.8499999999999543 0.95 0.8499999999997533
0.8499999999999323 0.05 0.8999999999998303
0.8499999999999323 0.1 0.8999999999998303
0.8499999999999323 0.15 0.8999999999998303
0.8499999999999323 0.2 0.8999999999998303
0.8499999999999323 0.25 0.8999999999998303
0.8499999999999323 0.3 0.8999999999998303
0.8499999999999323 0.35 0.8999999999998303
0.8499999999999323 0.4 0.8999999999998303
0.8499999999999323 0.45 0.8999999999998303
0.8499999999999323 0.5 0.8999999999998303
0.8499999999999323 0.55 0.8999999999998303
0.8499999999999323 0.6 0.8999999999998303
0.8499999999999323 0.65 0.8999999999998303
0.8499999999999323 0.7 0.8999999999998303
0.8499999999999323 0.75 0.8999999999998303
0.8499999999999323 0.8 0.8999999999998303
0.8499999999999323 0.85 0.8999999999998303
0.8499999999999323 0.9 0.8999999999998303
0.8499999999999323 0.95 0.8999999999998303
0.8499999999998914 0.05 0.9499999999999142
0.8499999999998914 0.1 0.9499999999999142
0.8499999999998914 0.15 0.9499999999999142
0.8499999999998914 0.2 0.9499999999999142
0.8499999999998914 0.25 0.9499999999999142
0.8499999999998914 0.3 0.9499999999999142
0.8499999999998914 0.35 0.9499999999999142
0.8499999999998914 0.4 0.9499999999999142
0.8499999999998914 0.45 0.9499999999999142
0.8499999999998914 0.5 0.9499999999999142
0.8499999999998914 0.55 0.9499999999999142
0.8499999999998914 0.6 0.9499999999999142
0.8499999999998914 0.65 0.9499999999999142
0.8499999999998914 0.7 0.9499999999999142
0.8499999999998914 0.75 0.9499999999999142
0.8499999999998914 0.8 0.9499999999999142
0.8499999999998914 0.85 0.9499999999999142
0.8499999999998914 0.9 0.9499999999999142
0.8499999999998914 0.95 0.9499999999999142
0.8999999999999078 0.05 0.599999999999879
0.8999999999999078 0.1 0.599999999999879
0.8999999999999078 0.15 0.599999999999879
0.8999999999999078 0.2 0.599999999999879
0.8999999999999078 0.25 0.599999999999879
0.8999999999999078 0.3 0.599999999999879
0.8999999999999078 0.35 0.599999999999879
0.8999999999999078 0.4 0.599999999999879
0.8999999999999078 0.45 0.599999999999879
0.8999999999999078 0.5 0.599999999999879
0.8999999999999078 0.55 0.599999999999879
0.8999999999999078 0.6 0.599999999999879
0.8999999999999078 0.65 0.599999999999879
0.8999999999999078 0.7 0.599999999999879
0.8999999999999078 0.75 0.599999999999879
0.8999999999999078 0.8 0.599999999999879
0.8999999999999078 0.85 0.599999999999879
0.8999999999999078 0.9 0.599999999999879
0.8999999999999078 0.95 0.599999999999879
0.8999999999999432 0.05 0.6499999999997715
0.8999999999999432 0.1 0.6499999999997715
0.8999999999999432 0.15 0.6499999999997715
0.8999999999999432 0.2 0.6499999999997715
0.8999999999999432 0.25 0.6499999999997715
0.8999999999999432 0.3 0.6499999999997715
0.8999999999999432 0.35 0.6499999999997715
0.8999999999999432 0.4 0.6499999999997715
0.8999999999999432 0.45 0.6499999999997715
0.8999999999999432 0.5 0.6499999999997715
0.8999999999999432 0.55 0.6499999999997715
0.8999999999999432 0.6 0.6499999999997715
0.8999999999999432 0.65 0.6499999999997715
0.8999999999999432 0.7 0.6499999999997715
0.8999999999999432 0.75 0.6499999999997715
0.8999999999999432 0.8 0.6499999999997715
0.8999999999999432 0.85 0.6499999999997715
0.8999999999999432 0.9 0.6499999999997715
0.8999999999999432 0.95 0.6499999999997715
0.8999999999999616 0.05 0.6999999999996926
0.8999999999999616 0.1 0.6999999999996926
0.8999999999999616 0.15 0.6999999999996926
0.8999999999999616 0.2 0.6999999999996926
0.8999999999999616 0.25 0.6999999999996926
0.8999999999999616 0.3 0.6999999999996926
0.8999999999999616 0.35 0.6999999999996926
0.8999999999999616 0.4 0.6999999999996926
0.8999999999999616 0.45 0.6999999999996926
0.8999999999999616 0.5 0.6999999999996926
0.8999999999999616 0.55 0.6999999999996926
0.8999999999999616 0.6 0.6999999999996926
0.8999999999999616 0.65 0.6999999999996926
0.8999999999999616 0.7 0.6999999999996926
0.8999999999999616 0.75 0.6999999999996926
0.8999999999999616 0.8 0.6999999999996926
0.8999999999999616 0.85 0.6999999999996926
0.8999999999999616 0.9 0.6999999999996926
0.8999999999999616 0.95 0.6999999999996926
0.8999999999999696 0.05 0.7499999999996591
0.8999999999999696 0.1 0.7499999999996591
0.8999999999999696 0.15 0.7499999999996591
0.8999999999999696 0.2 0.7499999999996591
0.8999999999999696 0.25 0.7499999999996591
0.8999999999999696 0.3 0.7499999999996591
0.8999999999999696 0.35 0.7499999999996591
0.8999999999999696 0.4 0.7499999999996591
0.8999999999999696 0.45 0.7499999999996591
0.8999999999999696 0.5 0.7499999999996591
0.8999999999999696 0.55 0.7499999999996591
0.8999999999999696 0.6 0.7499999999996591
0.8999999999999696 0.65 0.7499999999996591
0.8999999999999696 0.7 0.7499999999996591
0.8999999999999696 0.75 0.7499999999996591
0.8999999999999696 0.8 0.7499999999996591
0.8999999999999696 0.85 0.7499999999996591
0.8999999999999696 0.9 0.7499999999996591
0.8999999999999696 0.95 0.7499999999996591
0.8999999999999694 0.05 0.7999999999996785
0.8999999999999694 0.1 0.7999999999996785
0.8999999999999694 0.15 0.7999999999996785
0.8999999999999694 0.2 0.7999999999996785
0.8999999999999694 0.25 0.7999999999996785
0.8999999999999694 0.3 0.7999999999996785
0.8999999999999694 0.35 0.7999999999996785
0.8999999999999694 0.4 0.7999999999996785
0.8999999999999694 0.45 0.7999999999996785
0.8999999999999694 0.5 0.7999999999996785
0.8999999999999694 0.55 0.7999999999996785
0.8999999999999694 0.6 0.7999999999996785
0.8999999999999694 0.65 0.7999999999996785
0.8999999999999694 0.7 0.7999999999996785
0.8999999999999694 0.75 0.7999999999996785
0.8999999999999694 0.8 0.7999999999996785
0.8999999999999694 0.85 0.7999999999996785
0.8999999999999694 0.9 0.7999999999996785
0.8999999999999694 0.95 0.7999999999996785
0.8999999999999614 0.05 0.8499999999997424
0.8999999999999614 0.1 0.8499999999997424
0.8999999999999614 0.15 0.8499999999997424
0.8999999999999614 0.2 0.8499999999997424
0.8999999999999614 0.25 0.8499999999997424
0.8999999999999614 0.3 0.8499999999997424
0.8999999999999614 0.35 0.8499999999997424
0.8999999999999614 0.4 0.8499999999997424
0.8999999999999614 0.45 0.8499999999997424
0.8999999999999614 0.5 0.8499999999997424
0.8999999999999614 0.55 0.8499999999997424
0.8999999999999614 0.6 0.8499999999997424
0.8999999999999614 0.65 0.8499999999997424
0.8999999999999614 0.7 0.8499999999997424
0.8999999999999614 0.75 0.8499999999997424
0.8999999999999614 0.8 0.8499999999997424
0.8999999999999614 0.85 0.8499999999997424
0.8999999999999614 0.9 0.8499999999997424
0.8999999999999614 0.95 0.8499999999997424
0.8999999999999431 0.05 0.8999999999998267
0.8999999999999431 0.1 0.8999999999998267
0.8999999999999431 0.15 0.8999999999998267
0.8999999999999431 0.2 0.8999999999998267
0.8999999999999431 0.25 0.8999999999998267
0.8999999999999431 0.3 0.8999999999998267
0.8999999999999431 0.35 0.8999999999998267
0.8999999999999431 0.4 0.8999999999998267
0.8999999999999431 0.45 0.8999999999998267
0.8999999999999431 0.5 0.8999999999998267
0.8999999999999431 0.55 0.8999999999998267
0.8999999999999431 0.6 0.8999999999998267
0.8999999999999431 0.65 0.8999999999998267
0.8999999999999431 0.7 0.8999999999998267
0.8999999999999431 0.75 0.8999999999998267
0.8999999999999431 0.8 0.8999999999998267
0.8999999999999431 0.85 0.8999999999998267
0.8999999999999431 0.9 0.8999999999998267
0.8999999999999431 0.95 0.8999999999998267
0.8999999999999074 0.05 0.9499999999999134
0.8999999999999074 0.1 0.9499999999999134
0.8999999999999074 0.15 0.9499999999999134
0.8999999999999074 0.2 0.9499999999999134
0.8999999999999074 0.25 0.9499999999999134
0.8999999999999074 0.3 0.9499999999999134
0.8999999999999074 0.35 0.9499999999999134
0.8999999999999074 0.4 0.9499999999999134
0.8999999999999074 0.45 0.9499999999999134
0.8999999999999074 0.5 0.9499999999999134
0.8999999999999074 0.55 0.9499999999999134
0.8999999999999074 0.6 0.9499999999999134
0.8999999999999074 0.65 0.9499999999999134
0.8999999999999074 0.7 0.9499999999999134
0.8999999999999074 0.75 0.9499999999999134
0.8999999999999074 0.8 0.9499999999999134
0.8999999999999074 0.85 0.9499999999999134
0.8999999999999074 0.9 0.9499999999999134
0.8999999999999074 0.95 0.9499999999999134
0.9499999999999624 0.05 0.5999999999998581
0.9499999999999624 0.1 0.5999999999998581
0.9499999999999624 0.15 0.5999999999998581
0.9499999999999624 0.2 0.5999999999998581
0.9499999999999624 0.25 0.5999999999998581
0.9499999999999624 0.3 0.5999999999998581
0.9499999999999624 0.35 0.5999999999998581
0.9499999999999624 0.4 0.5999999999998581
0.9499999999999624 0.45 0.5999999999998581
0.9499999999999624 0.5 0.5999999999998581
0.9499999999999624 0.55 0.5999999999998581
0.9499999999999624 0.6 0.5999999999998581
0.9499999999999624 0.65 0.5999999999998581
0.9499999999999624 0.7 0.5999999999998581
0.9499999999999624 0.75 0.5999999999998581
0.9499999999999624 0.8 0.5999999999998581
0.9499999999999624 0.85 0.5999999999998581
0.9499999999999624 0.9 0.5999999999998581
0.9499999999999624 0.95 0.5999999999998581
0.949999999999971 0.05 0.6499999999997291
0.949999999999971 0.1 0.6499999999997291
0.949999999999971 0.15 0.6499999999997291
0.949999999999971 0.2 0.6499999999997291
0.949999999999971 0.25 0.6499999999997291
0.949999999999971 0.3 0.6499999999997291
0.949999999999971 0.35 0.6499999999997291
0.949999999999971 0.4 0.6499999999997291
0.949999999999971 0.45 0.6499999999997291
0.949999999999971 0.5 0.6499999999997291
0.949999999999971 0.55 0.6499999999997291
0.949999999999971 0.6 0.6499999999997291
0.949999999999971 0.65 0.6499999999997291
0.949999999999971 0.7 0.6499999999997291
0.949999999999971 0.75 0.6499999999997291
0.949999999999971 0.8 0.6499999999997291
0.949999999999971 0.85 0.6499999999997291
0.949999999999971 0.9 0.6499999999997291
0.949999999999971 0.95 0.6499999999997291
0.949999999999979 0.05 0.6999999999996265
0.949999999999979 0.1 0.6999999999996265
0.949999999999979 0.15 0.6999999999996265
0.949999999999979 0.2 0.6999999999996265
0.949999999999979 0.25 0.6999999999996265
0.949999999999979 0.3 0.6999999999996265
0.949999999999979 0.35 0.6999999999996265
0.949999999999979 0.4 0.6999999999996265
0.949999999999979 0.45 0.6999999999996265
0.949999999999979 0.5 0.6999999999996265
0.949999999999979 0.55 0.6999999999996265
0.949999999999979 0.6 0.6999999999996265
0.949999999999979 0.65 0.6999999999996265
0.949999999999979 0.7 0.6999999999996265
0.949999999999979 0.75 0.6999999999996265
0.949999999999979 0.8 0.6999999999996265
0.949999999999979 0.85 0.6999999999996265
0.949999999999979 0.9 0.6999999999996265
0.949999999999979 0.95 0.6999999999996265
0.949999999999983 0.05 0.7499999999995826
0.949999999999983 0.1 0.7499999999995826
0.949999999999983 0.15 0.7499999999995826
0.949999999999983 0.2 0.7499999999995826
0.949999999999983 0.25 0.7499999999995826
0.949999999999983 0.3 0.7499999999995826
0.949999999999983 0.35 0.7499999999995826
0.949999999999983 0.4 0.7499999999995826
0.949999999999983 0.45 0.7499999999995826
0.949999999999983 0.5 0.7499999999995826
0.949999999999983 0.55 0.7499999999995826
0.949999999999983 0.6 0.7499999999995826
0.949999999999983 0.65 0.7499999999995826
0.949999999999983 0.7 0.7499999999995826
0.949999999999983 0.75 0.7499999999995826
0.949999999999983 0.8 0.7499999999995826
0.949999999999983 0.85 0.7499999999995826
0.949999999999983 0.9 0.7499999999995826
0.949999999999983 0.95 0.7499999999995826
0.9499999999999829 0.05 0.7999999999996149
0.9499999999999829 0.1 0.7999999999996149
0.9499999999999829 0.15 0.7999999999996149
0.9499999999999829 0.2 0.7999999999996149
0.9499999999999829 0.25 0.7999999999996149
0.9499999999999829 0.3 0.7999999999996149
0.9499999999999829 0.35 0.7999999999996149
0.9499999999999829 0.4 0.7999999999996149
0.9499999999999829 0.45 0.7999999999996149
0.9499999999999829 0.5 0.7999999999996149
0.9499999999999829 0.55 0.7999999999996149
0.9499999999999829 0.6 0.7999999999996149
0.9499999999999829 0.65 0.7999999999996149
0.9499999999999829 0.7 0.7999999999996149
0.9499999999999829 0.75 0.7999999999996149
0.9499999999999829 0.8 0.7999999999996149
0.9499999999999829 0.85 0.7999999999996149
0.9499999999999829 0.9 0.7999999999996149
0.9499999999999829 0.95 0.7999999999996149
0.9499999999999788 0.05 0.8499999999997113
0.9499999999999788 0.1 0.8499999999997113
0.9499999999999788 0.15 0.8499999999997113
0.9499999999999788 0.2 0.8499999999997113
0.9499999999999788 0.25 0.8499999999997113
0.9499999999999788 0.3 0.8499999999997113
0.9499999999999788 0.35 0.8499999999997113
0.9499999999999788 0.4 0.8499999999997113
0.9499999999999788 0.45 0.8499999999997113
0.9499999999999788 0.5 0.8499999999997113
0.9499999999999788 0.55 0.8499999999997113
0.9499999999999788 0.6 0.8499999999997113
0.9499999999999788 0.65 0.8499999999997113
0.9499999999999788 0.7 0.8499999999997113
0.9499999999999788 0.75 0.8499999999997113
0.9499999999999788 0.8 0.8499999999997113
0.9499999999999788 0.85 0.8499999999997113
0.9499999999999788 0.9 0.8499999999997113
0.9499999999999788 0.95 0.8499999999997113
0.949999999999971 0.05 0.8999999999998203
0.949999999999971 0.1 0.8999999999998203
0.949999999999971 0.15 0.8999999999998203
0.949999999999971 0.2 0.8999999999998203
0.949999999999971 0.25 0.8999999999998203
0.949999999999971 0.3 0.8999999999998203
0.949999999999971 0.35 0.8999999999998203
0.949999999999971 0.4 0.8999999999998203
0.949999999999971 0.45 0.8999999999998203
0.949999999999971 0.5 0.8999999999998203
0.949999999999971 0.55 0.8999999999998203
0.949999999999971 0.6 0.8999999999998203
0.949999999999971 0.65 0.8999999999998203
0.949999999999971 0.7 0.8999999999998203
0.949999999999971 0.75 0.8999999999998203
0.949999999999971 0.8 0.8999999999998203
0.949999999999971 0.85 0.8999999999998203
0.949999999999971 0.9 0.8999999999998203
0.949999999999971 0.95 0.8999999999998203
0.9499999999999623 0.05 0.9499999999999124
0.9499999999999623 0.1 0.9499999999999124
0.9499999999999623 0.15 0.9499999999999124
0.9499999999999623 0.2 0.9499999999999124
0.9499999999999623 0.25 0.9499999999999124
0.9499999999999623 0.3 0.9499999999999124
0.9499999999999623 0.35 0.9499999999999124
0.9499999999999623 0.4 0.9499999999999124
0.9499999999999623 0.45 0.9499999999999124
0.9499999999999623 0.5 0.9499999999999124
0.9499999999999623 0.55 0.9499999999999124
0.9499999999999623 0.6 0.9499999999999124
0.9499999999999623 0.65 0.9499999999999124
0.9499999999999623 0.7 0.9499999999999124
0.9499999999999623 0.75 0.9499999999999124
0.9499999999999623 0.8 0.9499999999999124
0.9499999999999623 0.85 0.9499999999999124
0.9499999999999623 0.9 0.9499999999999124
0.9499999999999623 0.95 0.9499999999999124
$EndNodes
$Elements
9 8400 1 8400
3 1 5 1080
1 679 37 1 115 4141 985 213 1327 
2 4141 985 213 1327 4142 986 214 1328 
3 4142 986 214 1328 4143 987 215 1329 
4 4143 987 215 1329 4144 988 216 1330 
5 4144 988 216 1330 4145 989 217 1331 
6 4145 989 217 1331 4146 990 218 1332 
7 4146 990 218 1332 4147 991 219 1333 
8 4147 991 219 1333 4148 992 220 1334 
9 4148 992 220 1334 4149 993 221 1335 
10 4149 993 221 1335 4150 994 222 1336 
11 4150 994 222 1336 4151 995 223 1337 
12 4151 995 223 1337 4152 996 224 1338 
13 4152 996 224 1338 4153 997 225 1339 
14 4153 997 225 1339 4154 998 226 1340 
15 4154 998 226 1340 4155 999 227 1341 
16 4155 999 227 1341 4156 1000 228 1342 
17 4156 1000 228 1342 4157 1001 229 1343 
18 4157 1001 229 1343 4158 1002 230 1344 
19 4158 1002 230 1344 4159 1003 231 1345 
20 4159 1003 231 1345 1479 187 19 212 
21 680 679 115 116 4160 4141 1327 1346 
22 4160 4141 1327 1346 4161 4142 1328 1347 
23 4161 4142 1328 1347 4162 4143 1329 1348 
24 4162 4143 1329 1348 4163 4144 1330 1349 
25 4163 4144 1330 1349 4164 4145 1331 1350 
26 4164 4145 1331 1350 4165 4146 1332 1351 
27 4165 4146 1332 1351 4166 4147 1333 1352 
28 4166 4147 1333 1352 4167 4148 1334 1353 
29 4167 4148 1334 1353 4168 4149 1335 1354 
30 4168 4149 1335 1354 4169 4150 1336 1355 
31 4169 4150 1336 1355 4170 4151 1337 1356 
32 4170 4151 1337 1356 4171 4152 1338 1357 
33 4171 4152 1338 1357 4172 4153 1339 1358 
34 4172 4153 1339 1358 4173 4154 1340 1359 
35 4173 4154 1340 1359 4174 4155 1341 1360 
36 4174 4155 1341 1360 4175 4156 1342 1361 
37 4175 4156 1342 1361 4176 4157 1343 1362 
38 4176 4157 1343 1362 4177 4158 1344 1363 
39 4177 4158 1344 1363 4178 4159 1345 1364 
40 4178 4159 1345 1364 1480 1479 212 211 
41 681 680 116 117 4179 4160 1346 1365 
42 4179 4160 1346 1365 4180 4161 1347 1366 
43 4180 4161 1347 1366 4181 4162 1348 1367 
44 4181 4162 1348 1367 4182 4163 1349 1368 
45 4182 4163 1349 1368 4183 4164 1350 1369 
46 4183 4164 1350 1369 4184 4165 1351 1370 
47 4184 4165 1351 1370 4185 4166 1352 1371 
48 4185 4166 1352 1371 4186 4167 1353 1372 
49 4186 4167 1353 1372 4187 4168 1354 1373 
50 4187 4168 1354 1373 4188 4169 1355 1374 
51 4188 4169 1355 1374 4189 4170 1356 1375 
52 4189 4170 1356 1375 4190 4171 1357 1376 
53 4190 4171 1357 1376 4191 4172 1358 1377 
54 4191 4172 1358 1377 4192 4173 1359 1378 
55 4192 4173 1359 1378 4193 4174 1360 1379 
56 4193 4174 1360 1379 4194 4175 1361 1380 
57 4194 4175 1361 1380 4195 4176 1362 1381 
58 4195 4176 1362 1381 4196 4177 1363 1382 
59 4196 4177 1363 1382 4197 4178 1364 1383 
60 4197 4178 1364 1383 1481 1480 211 210 
61 682 681 117 118 4198 4179 1365 1384 
62 4198 4179 1365 1384 4199 4180 1366 1385 
63 4199 4180 1366 1385 4200 4181 1367 1386 
64 4200 4181 1367 1386 4201 4182 1368 1387 
65 4201 4182 1368 1387 4202 4183 1369 1388 
66 4202 4183 1369 1388 4203 4184 1370 1389 
67 4203 4184 1370 1389 4204 4185 1371 1390 
68 4204 4185 1371 1390 4205 4186 1372 1391 
69 4205 4186 1372 1391 4206 4187 1373 1392 
70 4206 4187 1373 1392 4207 4188 1374 1393 
71 4207 4188 1374 1393 4208 4189 1375 1394 
72 4208 4189 1375 1394 4209 4190 1376 1395 
73 4209 4190 1376 1395 4210 4191 1377 1396 
74 4210 4191 1377 1396 4211 4192 1378 1397 
75 4211 4192 1378 1397 4212 4193 1379 1398 
76 4212 4193 1379 1398 4213 4194 1380 1399 
77 4213 4194 1380 1399 4214 4195 1381 1400 
78 4214 4195 1381 1400 4215 4196 1382 1401 
79 4215 4196 1382 1401 4216 4197 1383 1402 
80 4216 4197 1383 1402 1482 1481 210 209 
81 683 682 118 119 4217 4198 1384 1403 
82 4217 4198 1384 1403 4218 4199 1385 1404 
83 4218 4199 1385 1404 4219 4200 1386 1405 
84 4219 4200 1386 1405 4220 4201 1387 1406 
85 4220 4201 1387 1406 4221 4202 1388 1407 
86 4221 4202 1388 1407 4222 4203 1389 1408 
87 4222 4203 1389 1408 4223 4204 1390 1409 
88 4223 4204 1390 1409 4224 4205 1391 1410 
89 4224 4205 1391 1410 4225 4206 1392 1411 
90 4225 4206 1392 1411 4226 4207 1393 1412 
91 4226 4207 1393 1412 4227 4208 1394 1413 
92 4227 4208 1394 1413 4228 4209 1395 1414 
93 4228 4209 1395 1414 4229 4210 1396 1415 
94 4229 4210 1396 1415 4230 4211 1397 1416 
95 4230 4211 1397 1416 4231 4212 1398 1417 
96 4231 4212 1398 1417 4232 4213 1399 1418 
97 4232 4213 1399 1418 4233 4214 1400 1419 
98 4233 4214 1400 1419 4234 4215 1401 1420 
99 4234 4215 1401 1420 4235 4216 1402 1421 
100 4235 4216 1402 1421 1483 1482 209 208 
101 684 683 119 120 4236 4217 1403 1422 
102 4236 4217 1403 1422 4237 4218 1404 1423 
103 4237 4218 1404 1423 4238 4219 1405 1424 
104 4238 4219 1405 1424 4239 4220 1406 1425 
105 4239 4220 1406 1425 4240 4221 1407 1426 
106 4240 4221 1407 1426 4241 4222 1408 1427 
107 4241 4222 1408 1427 4242 4223 1409 1428 
108 4242 4223 1409 1428 4243 4224 1410 1429 
109 4243 4224 1410 1429 4244 4225 1411 1430 
110 4244 4225 1411 1430 4245 4226 1412 1431 
111 4245 4226 1412 1431 4246 4227 1413 1432 
112 4246 4227 1413 1432 4247 4228 1414 1433 
113 4247 4228 1414 1433 4248 4229 1415 1434 
114 4248 4229 1415 1434 4249 4230 1416 1435 
115 4249 4230 1416 1435 4250 4231 1417 1436 
116 4250 4231 1417 1436 4251 4232 1418 1437 
117 4251 4232 1418 1437 4252 4233 1419 1438 
118 4252 4233 1419 1438 4253 4234 1420 1439 
119 4253 4234 1420 1439 4254 4235 1421 1440 
120 4254 4235 1421 1440 1484 1483 208 207 
121 685 684 120 121 4255 4236 1422 1441 
122 4255 4236 1422 1441 4256 4237 1423 1442 
123 4256 4237 1423 1442 4257 4238 1424 1443 
124 4257 4238 1424 1443 4258 4239 1425 1444 
125 4258 4239 1425 1444 4259 4240 1426 1445 
126 4259 4240 1426 1445 4260 4241 1427 1446 
127 4260 4241 1427 1446 4261 4242 1428 1447 
128 4261 4242 1428 1447 4262 4243 1429 1448 
129 4262 4243 1429 1448 4263 4244 1430 1449 
130 4263 4244 1430 1449 4264 4245 1431 1450 
131 4264 4245 1431 1450 4265 4246 1432 1451 
132 4265 4246 1432 1451 4266 4247 1433 1452 
133 4266 4247 1433 1452 4267 4248 1434 1453 
134 4267 4248 1434 1453 4268 4249 1435 1454 
135 4268 4249 1435 1454 4269 4250 1436 1455 
136 4269 4250 1436 1455 4270 4251 1437 1456 
137 4270 4251 1437 1456 4271 4252 1438 1457 
138 4271 4252 1438 1457 4272 4253 1439 1458 
139 4272 4253 1439 1458 4273 4254 1440 1459 
140 4273 4254 1440 1459 1485 1484 207 206 
141 686 685 121 122 4274 4255 1441 1460 
142 4274 4255 1441 1460 4275 4256 1442 1461 
143 4275 4256 1442 1461 4276 4257 1443 1462 
144 4276 4257 1443 1462 4277 4258 1444 1463 
145 4277 4258 1444 1463 4278 4259 1445 1464 
146 4278 4259 1445 1464 4279 4260 1446 1465 
147 4279 4260 1446 1465 4280 4261 1447 1466 
148 4280 4261 1447 1466 4281 4262 1448 1467 
149 4281 4262 1448 1467 4282 4263 1449 1468 
150 4282 4263 1449 1468 4283 4264 1450 1469 
151 4283 4264 1450 1469 4284 4265 1451 1470 
152 4284 4265 1451 1470 4285 4266 1452 1471 
153 4285 4266 1452 1471 4286 4267 1453 1472 
154 4286 4267 1453 1472 4287 4268 1454 1473 
155 4287 4268 1454 1473 4288 4269 1455 1474 
156 4288 4269 1455 1474 4289 4270 1456 1475 
157 4289 4270 1456 1475 4290 4271 1457 1476 
158 4290 4271 1457 1476 4291 4272 1458 1477 
159 4291 4272 1458 1477 4292 4273 1459 1478 
160 4292 4273 1459 1478 1486 1485 206 205 
161 54 686 122 5 1232 4274 1460 270 
162 1232 4274 1460 270 1233 4275 1461 271 
163 1233 4275 1461 271 1234 4276 1462 272 
164 1234 4276 1462 272 1235 4277 1463 273 
165 1235 4277 1463 273 1236 4278 1464 274 
166 1236 4278 1464 274 1237 4279 1465 275 
167 1237 4279 1465 275 1238 4280 1466 276 
168 1238 4280 1466 276 1239 4281 1467 277 
169 1239 4281 1467 277 1240 4282 1468 278 
170 1240 4282 1468 278 1241 4283 1469 279 
171 1241 4283 1469 279 1242 4284 1470 280 
172 1242 4284 1470 280 1243 4285 1471 281 
173 1243 4285 1471 281 1244 4286 1472 282 
174 1244 4286 1472 282 1245 4287 1473 283 
175 1245 4287 1473 283 1246 4288 1474 284 
176 1246 4288 1474 284 1247 4289 1475 285 
177 1247 4289 1475 285 1248 4290 1476 286 
178 1248 4290 1476 286 1249 4291 1477 287 
179 1249 4291 1477 287 1250 4292 1478 288 
180 1250 4292 1478 288 204 1486 205 22 
181 687 38 37 679 4293 1004 985 4141 
182 4293 1004 985 4141 4294 1005 986 4142 
183 4294 1005 986 4142 4295 1006 987 4143 
184 4295 1006 987 4143 4296 1007 988 4144 
185 4296 1007 988 4144 4297 1008 989 4145 
186 4297 1008 989 4145 4298 1009 990 4146 
187 4298 1009 990 4146 4299 1010 991 4147 
188 4299 1010 991 4147 4300 1011 992 4148 
189 4300 1011 992 4148 4301 1012 993 4149 
190 4301 1012 993 4149 4302 1013 994 4150 
191 4302 1013 994 4150 4303 1014 995 4151 
192 4303 1014 995 4151 4304 1015 996 4152 
193 4304 1015 996 4152 4305 1016 997 4153 
194 4305 1016 997 4153 4306 1017 998 4154 
195 4306 1017 998 4154 4307 1018 999 4155 
196 4307 1018 999 4155 4308 1019 1000 4156 
197 4308 1019 1000 4156 4309 1020 1001 4157 
198 4309 1020 1001 4157 4310 1021 1002 4158 
199 4310 1021 1002 4158 4311 1022 1003 4159 
200 4311 1022 1003 4159 1487 188 187 1479 
201 688 687 679 680 4312 4293 4141 4160 
202 4312 4293 4141 4160 4313 4294 4142 4161 
203 4313 4294 4142 4161 4314 4295 4143 4162 
204 4314 4295 4143 4162 4315 4296 4144 4163 
205 4315 4296 4144 4163 4316 4297 4145 4164 
206 4316 4297 4145 4164 4317 4298 4146 4165 
207 4317 4298 4146 4165 4318 4299 4147 4166 
208 4318 4299 4147 4166 4319 4300 4148 4167 
209 4319 4300 4148 4167 4320 4301 4149 4168 
210 4320 4301 4149 4168 4321 4302 4150 4169 
211 4321 4302 4150 4169 4322 4303 4151 4170 
212 4322 4303 4151 4170 4323 4304 4152 4171 
213 4323 4304 4152 4171 4324 4305 4153 4172 
214 4324 4305 4153 4172 4325 4306 4154 4173 
215 4325 4306 4154 4173 4326 4307 4155 4174 
216 4326 4307 4155 4174 4327 4308 4156 4175 
217 4327 4308 4156 4175 4328 4309 4157 4176 
218 4328 4309 4157 4176 4329 4310 4158 4177 
219 4329 4310 4158 4177 4330 4311 4159 4178 
220 4330 4311 4159 4178 1488 1487 1479 1480 
221 689 688 680 681 4331 4312 4160 4179 
222 4331 4312 4160 4179 4332 4313 4161 4180 
223 4332 4313 4161 4180 4333 4314 4162 4181 
224 4333 4314 4162 4181 4334 4315 4163 4182 
225 4334 4315 4163 4182 4335 4316 4164 4183 
226 4335 4316 4164 4183 4336 4317 4165 4184 
227 4336 4317 4165 4184 4337 4318 4166 4185 
228 4337 4318 4166 4185 4338 4319 4167 4186 
229 4338 4319 4167 4186 4339 4320 4168 4187 
230 4339 4320 4168 4187 4340 4321 4169 4188 
231 4340 4321 4169 4188 4341 4322 4170 4189 
232 4341 4322 4170 4189 4342 4323 4171 4190 
233 4342 4323 4171 4190 4343 4324 4172 4191 
234 4343 4324 4172 4191 4344 4325 4173 4192 
235 4344 4325 4173 4192 4345 4326 4174 4193 
236 4345 4326 4174 4193 4346 4327 4175 4194 
237 4346 4327 4175 4194 4347 4328 4176 4195 
238 4347 4328 4176 4195 4348 4329 4177 4196 
239 4348 4329 4177 4196 4349 4330 4178 4197 
240 4349 4330 4178 4197 1489 1488 1480 1481 
241 690 689 681 682 4350 4331 4179 4198 
242 4350 4331 4179 4198 4351 4332 4180 4199 
243 4351 4332 4180 4199 4352 4333 4181 4200 
244 4352 4333 4181 4200 4353 4334 4182 4201 
245 4353 4334 4182 4201 4354 4335 4183 4202 
246 4354 4335 4183 4202 4355 4336 4184 4203 
247 4355 4336 4184 4203 4356 4337 4185 4204 
248 4356 4337 4185 4204 4357 4338 4186 4205 
249 4357 4338 4186 4205 4358 4339 4187 4206 
250 4358 4339 4187 4206 4359 4340 4188 4207 
251 4359 4340 4188 4207 4360 4341 4189 4208 
252 4360 4341 4189 4208 4361 4342 4190 4209 
253 4361 4342 4190 4209 4362 4343 4191 4210 
254 4362 4343 4191 4210 4363 4344 4192 4211 
255 4363 4344 4192 4211 4364 4345 4193 4212 
256 4364 4345 4193 4212 4365 4346 4194 4213 
257 4365 4346 4194 4213 4366 4347 4195 4214 
258 4366 4347 4195 4214 4367 4348 4196 4215 
259 4367 4348 4196 4215 4368 4349 4197 4216 
260 4368 4349 4197 4216 1490 1489 1481 1482 
261 691 690 682 683 4369 4350 4198 4217 
262 4369 4350 4198 4217 4370 4351 4199 4218 
263 4370 4351 4199 4218 4371 4352 4200 4219 
264 4371 4352 4200 4219 4372 4353 4201 4220 
265 4372 4353 4201 4220 4373 4354 4202 4221 
266 4373 4354 4202 4221 4374 4355 4203 4222 
267 4374 4355 4203 4222 4375 4356 4204 4223 
268 4375 4356 4204 4223 4376 4357 4205 4224 
269 4376 4357 4205 4224 4377 4358 4206 4225 
270 4377 4358 4206 4225 4378 4359 4207 4226 
271 4378 4359 4207 4226 4379 4360 4208 4227 
272 4379 4360 4208 4227 4380 4361 4209 4228 
273 4380 4361 4209 4228 4381 4362 4210 4229 
274 4381 4362 4210 4229 4382 4363 4211 4230 
275 4382 4363 4211 4230 4383 4364 4212 4231 
276 4383 4364 4212 4231 4384 4365 4213 4232 
277 4384 4365 4213 4232 4385 4366 4214 4233 
278 4385 4366 4214 4233 4386 4367 4215 4234 
279 4386 4367 4215 4234 4387 4368 4216 4235 
280 4387 4368 4216 4235 1491 1490 1482 1483 
281 692 691 683 684 4388 4369 4217 4236 
282 4388 4369 4217 4236 4389 4370 4218 4237 
283 4389 4370 4218 4237 4390 4371 4219 4238 
284 4390 4371 4219 4238 4391 4372 4220 4239 
285 4391 4372 4220 4239 4392 4373 4221 4240 
286 4392 4373 4221 4240 4393 4374 4222 4241 
287 4393 4374 4222 4241 4394 4375 4223 4242 
288 4394 4375 4223 4242 4395 4376 4224 4243 
289 4395 4376 4224 4243 4396 4377 4225 4244 
290 4396 4377 4225 4244 4397 4378 4226 4245 
291 4397 4378 4226 4245 4398 4379 4227 4246 
292 4398 4379 4227 4246 4399 4380 4228 4247 
293 4399 4380 4228 4247 4400 4381 4229 4248 
294 4400 4381 4229 4248 4401 4382 4230 4249 
295 4401 4382 4230 4249 4402 4383 4231 4250 
296 4402 4383 4231 4250 4403 4384 4232 4251 
297 4403 4384 4232 4251 4404 4385 4233 4252 
298 4404 4385 4233 4252 4405 4386 4234 4253 
299 4405 4386 4234 4253 4406 4387 4235 4254 
300 4406 4387 4235 4254 1492 1491 1483 1484 
301 693 692 684 685 4407 4388 4236 4255 
302 4407 4388 4236 4255 4408 4389 4237 4256 
303 4408 4389 4237 4256 4409 4390 4238 4257 
304 4409 4390 4238 4257 4410 4391 4239 4258 
305 4410 4391 4239 4258 4411 4392 4240 4259 
306 4411 4392 4240 4259 4412 4393 4241 4260 
307 4412 4393 4241 4260 4413 4394 4242 4261 
308 4413 4394 4242 4261 4414 4395 4243 4262 
309 4414 4395 4243 4262 4415 4396 4244 4263 
310 4415 4396 4244 4263 4416 4397 4245 4264 
311 4416 4397 4245 4264 4417 4398 4246 4265 
312 4417 4398 4246 4265 4418 4399 4247 4266 
313 4418 4399 4247 4266 4419 4400 4248 4267 
314 4419 4400 4248 4267 4420 4401 4249 4268 
315 4420 4401 4249 4268 4421 4402 4250 4269 
316 4421 4402 4250 4269 4422 4403 4251 4270 
317 4422 4403 4251 4270 4423 4404 4252 4271 
318 4423 4404 4252 4271 4424 4405 4253 4272 
319 4424 4405 4253 4272 4425 4406 4254 4273 
320 4425 4406 4254 4273 1493 1492 1484 1485 
321 694 693 685 686 4426 4407 4255 4274 
322 4426 4407 4255 4274 4427 4408 4256 4275 
323 4427 4408 4256 4275 4428 4409 4257 4276 
324 4428 4409 4257 4276 4429 4410 4258 4277 
325 4429 4410 4258 4277 4430 4411 4259 4278 
326 4430 4411 4259 4278 4431 4412 4260 4279 
327 4431 4412 4260 4279 4432 4413 4261 4280 
328 4432 4413 4261 4280 4433 4414 4262 4281 
329 4433 4414 4262 4281 4434 4415 4263 4282 
330 4434 4415 4263 4282 4435 4416 4264 4283 
331 4435 4416 4264 4283 4436 4417 4265 4284 
332 4436 4417 4265 4284 4437 4418 4266 4285 
333 4437 4418 4266 4285 4438 4419 4267 4286 
334 4438 4419 4267 4286 4439 4420 4268 4287 
335 4439 4420 4268 4287 4440 4421 4269 4288 
336 4440 4421 4269 4288 4441 4422 4270 4289 
337 4441 4422 4270 4289 4442 4423 4271 4290 
338 4442 4423 4271 4290 4443 4424 4272 4291 
339 4443 4424 4272 4291 4444 4425 4273 4292 
340 4444 4425 4273 4292 1494 1493 1485 1486 
341 55 694 686 54 1251 4426 4274 1232 
342 1251 4426 4274 1232 1252 4427 4275 1233 
343 1252 4427 4275 1233 1253 4428 4276 1234 
344 1253 4428 4276 1234 1254 4429 4277 1235 
345 1254 4429 4277 1235 1255 4430 4278 1236 
346 1255 4430 4278 1236 1256 4431 4279 1237 
347 1256 4431 4279 1237 1257 4432 4280 1238 
348 1257 4432 4280 1238 1258 4433 4281 1239 
349 1258 4433 4281 1239 1259 4434 4282 1240 
350 1259 4434 4282 1240 1260 4435 4283 1241 
351 1260 4435 4283 1241 1261 4436 4284 1242 
352 1261 4436 4284 1242 1262 4437 4285 1243 
353 1262 4437 4285 1243 1263 4438 4286 1244 
354 1263 4438 4286 1244 1264 4439 4287 1245 
355 1264 4439 4287 1245 1265 4440 4288 1246 
356 1265 4440 4288 1246 1266 4441 4289 1247 
357 1266 4441 4289 1247 1267 4442 4290 1248 
358 1267 4442 4290 1248 1268 4443 4291 1249 
359 1268 4443 4291 1249 1269 4444 4292 1250 
360 1269 4444 4292 1250 203 1494 1486 204 
361 695 39 38 687 4445 1023 1004 4293 
362 4445 1023 1004 4293 4446 1024 1005 4294 
363 4446 1024 1005 4294 4447 1025 1006 4295 
364 4447 1025 1006 4295 4448 1026 1007 4296 
365 4448 1026 1007 4296 4449 1027 1008 4297 
366 4449 1027 1008 4297 4450 1028 1009 4298 
367 4450 1028 1009 4298 4451 1029 1010 4299 
368 4451 1029 1010 4299 4452 1030 1011 4300 
369 4452 1030 1011 4300 4453 1031 1012 4301 
370 4453 1031 1012 4301 4454 1032 1013 4302 
371 4454 1032 1013 4302 4455 1033 1014 4303 
372 4455 1033 1014 4303 4456 1034 1015 4304 
373 4456 1034 1015 4304 4457 1035 1016 4305 
374 4457 1035 1016 4305 4458 1036 1017 4306 
375 4458 1036 1017 4306 4459 1037 1018 4307 
376 4459 1037 1018 4307 4460 1038 1019 4308 
377 4460 1038 1019 4308 4461 1039 1020 4309 
378 4461 1039 1020 4309 4462 1040 1021 4310 
379 4462 1040 1021 4310 4463 1041 1022 4311 
380 4463 1041 1022 4311 1495 189 188 1487 
381 696 695 687 688 4464 4445 4293 4312 
382 4464 4445 4293 4312 4465 4446 4294 4313 
383 4465 4446 4294 4313 4466 4447 4295 4314 
384 4466 4447 4295 4314 4467 4448 4296 4315 
385 4467 4448 4296 4315 4468 4449 4297 4316 
386 4468 4449 4297 4316 4469 4450 4298 4317 
387 4469 4450 4298 4317 4470 4451 4299 4318 
388 4470 4451 4299 4318 4471 4452 4300 4319 
389 4471 4452 4300 4319 4472 4453 4301 4320 
390 4472 4453 4301 4320 4473 4454 4302 4321 
391 4473 4454 4302 4321 4474 4455 4303 4322 
392 4474 4455 4303 4322 4475 4456 4304 4323 
393 4475 4456 4304 4323 4476 4457 4305 4324 
394 4476 4457 4305 4324 4477 4458 4306 4325 
395 4477 4458 4306 4325 4478 4459 4307 4326 
396 4478 4459 4307 4326 4479 4460 4308 4327 
397 4479 4460 4308 4327 4480 4461 4309 4328 
398 4480 4461 4309 4328 4481 4462 4310 4329 
399 4481 4462 4310 4329 4482 4463 4311 4330 
400 4482 4463 4311 4330 1496 1495 1487 1488 
401 697 696 688 689 4483 4464 4312 4331 
402 4483 4464 4312 4331 4484 4465 4313 4332 
403 4484 4465 4313 4332 4485 4466 4314 4333 
404 4485 4466 4314 4333 4486 4467 4315 4334 
405 4486 4467 4315 4334 4487 4468 4316 4335 
406 4487 4468 4316 4335 4488 4469 4317 4336 
407 4488 4469 4317 4336 4489 4470 4318 4337 
408 4489 4470 4318 4337 4490 4471 4319 4338 
409 4490 4471 4319 4338 4491 4472 4320 4339 
410 4491 4472 4320 4339 4492 4473 4321 4340 
411 4492 4473 4321 4340 4493 4474 4322 4341 
412 4493 4474 4322 4341 4494 4475 4323 4342 
413 4494 4475 4323 4342 4495 4476 4324 4343 
414 4495 4476 4324 4343 4496 4477 4325 4344 
415 4496 4477 4325 4344 4497 4478 4326 4345 
416 4497 4478 4326 4345 4498 4479 4327 4346 
417 4498 4479 4327 4346 4499 4480 4328 4347 
418 4499 4480 4328 4347 4500 4481 4329 4348 
419 4500 4481 4329 4348 4501 4482 4330 4349 
420 4501 4482 4330 4349 1497 1496 1488 1489 
421 698 697 689 690 4502 4483 4331 4350 
422 4502 4483 4331 4350 4503 4484 4332 4351 
423 4503 4484 4332 4351 4504 4485 4333 4352 
424 4504 4485 4333 4352 4505 4486 4334 4353 
425 4505 4486 4334 4353 4506 4487 4335 4354 
426 4506 4487 4335 4354 4507 4488 4336 4355 
427 4507 4488 4336 4355 4508 4489 4337 4356 
428 4508 4489 4337 4356 4509 4490 4338 4357 
429 4509 4490 4338 4357 4510 4491 4339 4358 
430 4510 4491 4339 4358 4511 4492 4340 4359 
431 4511 4492 4340 4359 4512 4493 4341 4360 
432 4512 4493 4341 4360 4513 4494 4342 4361 
433 4513 4494 4342 4361 4514 4495 4343 4362 
434 4514 4495 4343 4362 4515 4496 4344 4363 
435 4515 4496 4344 4363 4516 4497 4345 4364 
436 4516 4497 4345 4364 4517 4498 4346 4365 
437 4517 4498 4346 4365 4518 4499 4347 4366 
438 4518 4499 4347 4366 4519 4500 4348 4367 
439 4519 4500 4348 4367 4520 4501 4349 4368 
440 4520 4501 4349 4368 1498 1497 1489 1490 
441 699 698 690 691 4521 4502 4350 4369 
442 4521 4502 4350 4369 4522 4503 4351 4370 
443 4522 4503 4351 4370 4523 4504 4352 4371 
444 4523 4504 4352 4371 4524 4505 4353 4372 
445 4524 4505 4353 4372 4525 4506 4354 4373 
446 4525 4506 4354 4373 4526 4507 4355 4374 
447 4526 4507 4355 4374 4527 4508 4356 4375 
448 4527 4508 4356 4375 4528 4509 4357 4376 
449 4528 4509 4357 4376 4529 4510 4358 4377 
450 4529 4510 4358 4377 4530 4511 4359 4378 
451 4530 4511 4359 4378 4531 4512 4360 4379 
452 4531 4512 4360 4379 4532 4513 4361 4380 
453 4532 4513 4361 4380 4533 4514 4362 4381 
454 4533 4514 4362 4381 4534 4515 4363 4382 
455 4534 4515 4363 4382 4535 4516 4364 4383 
456 4535 4516 4364 4383 4536 4517 4365 4384 
457 4536 4517 4365 4384 4537 4518 4366 4385 
458 4537 4518 4366 4385 4538 4519 4367 4386 
459 4538 4519 4367 4386 4539 4520 4368 4387 
460 4539 4520 4368 4387 1499 1498 1490 1491 
461 700 699 691 692 4540 4521 4369 4388 
462 4540 4521 4369 4388 4541 4522 4370 4389 
463 4541 4522 4370 4389 4542 4523 4371 4390 
464 4542 4523 4371 4390 4543 4524 4372 4391 
465 4543 4524 4372 4391 4544 4525 4373 4392 
466 4544 4525 4373 4392 4545 4526 4374 4393 
467 4545 4526 4374 4393 4546 4527 4375 4394 
468 4546 4527 4375 4394 4547 4528 4376 4395 
469 4547 4528 4376 4395 4548 4529 4377 4396 
470 4548 4529 4377 4396 4549 4530 4378 4397 
471 4549 4530 4378 4397 4550 4531 4379 4398 
472 4550 4531 4379 4398 4551 4532 4380 4399 
473 4551 4532 4380 4399 4552 4533 4381 4400 
474 4552 4533 4381 4400 4553 4534 4382 4401 
475 4553 4534 4382 4401 4554 4535 4383 4402 
476 4554 4535 4383 4402 4555 4536 4384 4403 
477 4555 4536 4384 4403 4556 4537 4385 4404 
478 4556 4537 4385 4404 4557 4538 4386 4405 
479 4557 4538 4386 4405 4558 4539 4387 4406 
480 4558 4539 4387 4406 1500 1499 1491 1492 
481 701 700 692 693 4559 4540 4388 4407 
482 4559 4540 4388 4407 4560 4541 4389 4408 
483 4560 4541 4389 4408 4561 4542 4390 4409 
484 4561 4542 4390 4409 4562 4543 4391 4410 
485 4562 4543 4391 4410 4563 4544 4392 4411 
486 4563 4544 4392 4411 4564 4545 4393 4412 
487 4564 4545 4393 4412 4565 4546 4394 4413 
488 4565 4546 4394 4413 4566 4547 4395 4414 
489 4566 4547 4395 4414 4567 4548 4396 4415 
490 4567 4548 4396 4415 4568 4549 4397 4416 
491 4568 4549 4397 4416 4569 4550 4398 4417 
492 4569 4550 4398 4417 4570 4551 4399 4418 
493 4570 4551 4399 4418 4571 4552 4400 4419 
494 4571 4552 4400 4419 4572 4553 4401 4420 
495 4572 4553 4401 4420 4573 4554 4402 4421 
496 4573 4554 4402 4421 4574 4555 4403 4422 
497 4574 4555 4403 4422 4575 4556 4404 4423 
498 4575 4556 4404 4423 4576 4557 4405 4424 
499 4576 4557 4405 4424 4577 4558 4406 4425 
500 4577 4558 4406 4425 1501 1500 1492 1493 
501 702 701 693 694 4578 4559 4407 4426 
502 4578 4559 4407 4426 4579 4560 4408 4427 
503 4579 4560 4408 4427 4580 4561 4409 4428 
504 4580 4561 4409 4428 4581 4562 4410 4429 
505 4581 4562 4410 4429 4582 4563 4411 4430 
506 4582 4563 4411 4430 4583 4564 4412 4431 
507 4583 4564 4412 4431 4584 4565 4413 4432 
508 4584 4565 4413 4432 4585 4566 4414 4433 
509 4585 4566 4414 4433 4586 4567 4415 4434 
510 4586 4567 4415 4434 4587 4568 4416 4435 
511 4587 4568 4416 4435 4588 4569 4417 4436 
512 4588 4569 4417 4436 4589 4570 4418 4437 
513 4589 4570 4418 4437 4590 4571 4419 4438 
514 4590 4571 4419 4438 4591 4572 4420 4439 
515 4591 4572 4420 4439 4592 4573 4421 4440 
516 4592 4573 4421 4440 4593 4574 4422 4441 
517 4593 4574 4422 4441 4594 4575 4423 4442 
518 4594 4575 4423 4442 4595 4576 4424 4443 
519 4595 4576 4424 4443 4596 4577 4425 4444 
520 4596 4577 4425 4444 1502 1501 1493 1494 
521 56 702 694 55 1270 4578 4426 1251 
522 1270 4578 4426 1251 1271 4579 4427 1252 
523 1271 4579 4427 1252 1272 4580 4428 1253 
524 1272 4580 4428 1253 1273 4581 4429 1254 
525 1273 4581 4429 1254 1274 4582 4430 1255 
526 1274 4582 4430 1255 1275 4583 4431 1256 
527 1275 4583 4431 1256 1276 4584 4432 1257 
528 1276 4584 4432 1257 1277 4585 4433 1258 
529 1277 4585 4433 1258 1278 4586 4434 1259 
530 1278 4586 4434 1259 1279 4587 4435 1260 
531 1279 4587 4435 1260 1280 4588 4436 1261 
532 1280 4588 4436 1261 1281 4589 4437 1262 
533 1281 4589 4437 1262 1282 4590 4438 1263 
534 1282 4590 4438 1263 1283 4591 4439 1264 
535 1283 4591 4439 1264 1284 4592 4440 1265 
536 1284 4592 4440 1265 1285 4593 4441 1266 
537 1285 4593 4441 1266 1286 4594 4442 1267 
538 1286 4594 4442 1267 1287 4595 4443 1268 
539 1287 4595 4443 1268 1288 4596 4444 1269 
540 1288 4596 4444 1269 202 1502 1494 203 
541 703 40 39 695 4597 1042 1023 4445 
542 4597 1042 1023 4445 4598 1043 1024 4446 
543 4598 1043 1024 4446 4599 1044 1025 4447 
544 4599 1044 1025 4447 4600 1045 1026 4448 
545 4600 1045 1026 4448 4601 1046 1027 4449 
546 4601 1046 1027 4449 4602 1047 1028 4450 
547 4602 1047 1028 4450 4603 1048 1029 4451 
548 4603 1048 1029 4451 4604 1049 1030 4452 
549 4604 1049 1030 4452 4605 1050 1031 4453 
550 4605 1050 1031 4453 4606 1051 1032 4454 
551 4606 1051 1032 4454 4607 1052 1033 4455 
552 4607 1052 1033 4455 4608 1053 1034 4456 
553 4608 1053 1034 4456 4609 1054 1035 4457 
554 4609 1054 1035 4457 4610 1055 1036 4458 
555 4610 1055 1036 4458 4611 1056 1037 4459 
556 4611 1056 1037 4459 4612 1057 1038 4460 
557 4612 1057 1038 4460 4613 1058 1039 4461 
558 4613 1058 1039 4461 4614 1059 1040 4462 
559 4614 1059 1040 4462 4615 1060 1041 4463 
560 4615 1060 1041 4463 1503 190 189 1495 
561 704 703 695 696 4616 4597 4445 4464 
562 4616 4597 4445 4464 4617 4598 4446 4465 
563 4617 4598 4446 4465 4618 4599 4447 4466 
564 4618 4599 4447 4466 4619 4600 4448 4467 
565 4619 4600 4448 4467 4620 4601 4449 4468 
566 4620 4601 4449 4468 4621 4602 4450 4469 
567 4621 4602 4450 4469 4622 4603 4451 4470 
568 4622 4603 4451 4470 4623 4604 4452 4471 
569 4623 4604 4452 4471 4624 4605 4453 4472 
570 4624 4605 4453 4472 4625 4606 4454 4473 
571 4625 4606 4454 4473 4626 4607 4455 4474 
572 4626 4607 4455 4474 4627 4608 4456 4475 
573 4627 4608 4456 4475 4628 4609 4457 4476 
574 4628 4609 4457 4476 4629 4610 4458 4477 
575 4629 4610 4458 4477 4630 4611 4459 4478 
576 4630 4611 4459 4478 4631 4612 4460 4479 
577 4631 4612 4460 4479 4632 4613 4461 4480 
578 4632 4613 4461 4480 4633 4614 4462 4481 
579 4633 4614 4462 4481 4634 4615 4463 4482 
580 4634 4615 4463 4482 1504 1503 1495 1496 
581 705 704 696 697 4635 4616 4464 4483 
582 4635 4616 4464 4483 4636 4617 4465 4484 
583 4636 4617 4465 4484 4637 4618 4466 4485 
584 4637 4618 4466 4485 4638 4619 4467 4486 
585 4638 4619 4467 4486 4639 4620 4468 4487 
586 4639 4620 4468 4487 4640 4621 4469 4488 
587 4640 4621 4469 4488 4641 4622 4470 4489 
588 4641 4622 4470 4489 4642 4623 4471 4490 
589 4642 4623 4471 4490 4643 4624 4472 4491 
590 4643 4624 4472 4491 4644 4625 4473 4492 
591 4644 4625 4473 4492 4645 4626 4474 4493 
592 4645 4626 4474 4493 4646 4627 4475 4494 
593 4646 4627 4475 4494 4647 4628 4476 4495 
594 4647 4628 4476 4495 4648 4629 4477 4496 
595 4648 4629 4477 4496 4649 4630 4478 4497 
596 4649 4630 4478 4497 4650 4631 4479 4498 
597 4650 4631 4479 4498 4651 4632 4480 4499 
598 4651 4632 4480 4499 4652 4633 4481 4500 
599 4652 4633 4481 4500 4653 4634 4482 4501 
600 4653 4634 4482 4501 1505 1504 1496 1497 
601 706 705 697 698 4654 4635 4483 4502 
602 4654 4635 4483 4502 4655 4636 4484 4503 
603 4655 4636 4484 4503 4656 4637 4485 4504 
604 4656 4637 4485 4504 4657 4638 4486 4505 
605 4657 4638 4486 4505 4658 4639 4487 4506 
606 4658 4639 4487 4506 4659 4640 4488 4507 
607 4659 4640 4488 4507 4660 4641 4489 4508 
608 4660 4641 4489 4508 4661 4642 4490 4509 
609 4661 4642 4490 4509 4662 4643 4491 4510 
610 4662 4643 4491 4510 4663 4644 4492 4511 
611 4663 4644 4492 4511 4664 4645 4493 4512 
612 4664 4645 4493 4512 4665 4646 4494 4513 
613 4665 4646 4494 4513 4666 4647 4495 4514 
614 4666 4647 4495 4514 4667 4648 4496 4515 
615 4667 4648 4496 4515 4668 4649 4497 4516 
616 4668 4649 4497 4516 4669 4650 4498 4517 
617 4669 4650 4498 4517 4670 4651 4499 4518 
618 4670 4651 4499 4518 4671 4652 4500 4519 
619 4671 4652 4500 4519 4672 4653 4501 4520 
620 4672 4653 4501 4520 1506 1505 1497 1498 
621 707 706 698 699 4673 4654 4502 4521 
622 4673 4654 4502 4521 4674 4655 4503 4522 
623 4674 4655 4503 4522 4675 4656 4504 4523 
624 4675 4656 4504 4523 4676 4657 4505 4524 
625 4676 4657 4505 4524 4677 4658 4506 4525 
626 4677 4658 4506 4525 4678 4659 4507 4526 
627 4678 4659 4507 4526 4679 4660 4508 4527 
628 4679 4660 4508 4527 4680 4661 4509 4528 
629 4680 4661 4509 4528 4681 4662 4510 4529 
630 4681 4662 4510 4529 4682 4663 4511 4530 
631 4682 4663 4511 4530 4683 4664 4512 4531 
632 4683 4664 4512 4531 4684 4665 4513 4532 
633 4684 4665 4513 4532 4685 4666 4514 4533 
634 4685 4666 4514 4533 4686 4667 4515 4534 
635 4686 4667 4515 4534 4687 4668 4516 4535 
636 4687 4668 4516 4535 4688 4669 4517 4536 
637 4688 4669 4517 4536 4689 4670 4518 4537 
638 4689 4670 4518 4537 4690 4671 4519 4538 
639 4690 4671 4519 4538 4691 4672 4520 4539 
640 4691 4672 4520 4539 1507 1506 1498 1499 
641 708 707 699 700 4692 4673 4521 4540 
642 4692 4673 4521 4540 4693 4674 4522 4541 
643 4693 4674 4522 4541 4694 4675 4523 4542 
644 4694 4675 4523 4542 4695 4676 4524 4543 
645 4695 4676 4524 4543 4696 4677 4525 4544 
646 4696 4677 4525 4544 4697 4678 4526 4545 
647 4697 4678 4526 4545 4698 4679 4527 4546 
648 4698 4679 4527 4546 4699 4680 4528 4547 
649 4699 4680 4528 4547 4700 4681 4529 4548 
650 4700 4681 4529 4548 4701 4682 4530 4549 
651 4701 4682 4530 4549 4702 4683 4531 4550 
652 4702 4683 4531 4550 4703 4684 4532 4551 
653 4703 4684 4532 4551 4704 4685 4533 4552 
654 4704 4685 4533 4552 4705 4686 4534 4553 
655 4705 4686 4534 4553 4706 4687 4535 4554 
656 4706 4687 4535 4554 4707 4688 4536 4555 
657 4707 4688 4536 4555 4708 4689 4537 4556 
658 4708 4689 4537 4556 4709 4690 4538 4557 
659 4709 4690 4538 4557 4710 4691 4539 4558 
660 4710 4691 4539 4558 1508 1507 1499 1500 
661 709 708 700 701 4711 4692 4540 4559 
662 4711 4692 4540 4559 4712 4693 4541 4560 
663 4712 4693 4541 4560 4713 4694 4542 4561 
664 4713 4694 4542 4561 4714 4695 4543 4562 
665 4714 4695 4543 4562 4715 4696 4544 4563 
666 4715 4696 4544 4563 4716 4697 4545 4564 
667 4716 4697 4545 4564 4717 4698 4546 4565 
668 4717 4698 4546 4565 4718 4699 4547 4566 
669 4718 4699 4547 4566 4719 4700 4548 4567 
670 4719 4700 4548 4567 4720 4701 4549 4568 
671 4720 4701 4549 4568 4721 4702 4550 4569 
672 4721 4702 4550 4569 4722 4703 4551 4570 
673 4722 4703 4551 4570 4723 4704 4552 4571 
674 4723 4704 4552 4571 4724 4705 4553 4572 
675 4724 4705 4553 4572 4725 4706 4554 4573 
676 4725 4706 4554 4573 4726 4707 4555 4574 
677 4726 4707 4555 4574 4727 4708 4556 4575 
678 4727 4708 4556 4575 4728 4709 4557 4576 
679 4728 4709 4557 4576 4729 4710 4558 4577 
680 4729 4710 4558 4577 1509 1508 1500 1501 
681 710 709 701 702 4730 4711 4559 4578 
682 4730 4711 4559 4578 4731 4712 4560 4579 
683 4731 4712 4560 4579 4732 4713 4561 4580 
684 4732 4713 4561 4580 4733 4714 4562 4581 
685 4733 4714 4562 4581 4734 4715 4563 4582 
686 4734 4715 4563 4582 4735 4716 4564 4583 
687 4735 4716 4564 4583 4736 4717 4565 4584 
688 4736 4717 4565 4584 4737 4718 4566 4585 
689 4737 4718 4566 4585 4738 4719 4567 4586 
690 4738 4719 4567 4586 4739 4720 4568 4587 
691 4739 4720 4568 4587 4740 4721 4569 4588 
692 4740 4721 4569 4588 4741 4722 4570 4589 
693 4741 4722 4570 4589 4742 4723 4571 4590 
694 4742 4723 4571 4590 4743 4724 4572 4591 
695 4743 4724 4572 4591 4744 4725 4573 4592 
696 4744 4725 4573 4592 4745 4726 4574 4593 
697 4745 4726 4574 4593 4746 4727 4575 4594 
698 4746 4727 4575 4594 4747 4728 4576 4595 
699 4747 4728 4576 4595 4748 4729 4577 4596 
700 4748 4729 4577 4596 1510 1509 1501 1502 
701 57 710 702 56 1289 4730 4578 1270 
702 1289 4730 4578 1270 1290 4731 4579 1271 
703 1290 4731 4579 1271 1291 4732 4580 1272 
704 1291 4732 4580 1272 1292 4733 4581 1273 
705 1292 4733 4581 1273 1293 4734 4582 1274 
706 1293 4734 4582 1274 1294 4735 4583 1275 
707 1294 4735 4583 1275 1295 4736 4584 1276 
708 1295 4736 4584 1276 1296 4737 4585 1277 
709 1296 4737 4585 1277 1297 4738 4586 1278 
710 1297 4738 4586 1278 1298 4739 4587 1279 
711 1298 4739 4587 1279 1299 4740 4588 1280 
712 1299 4740 4588 1280 1300 4741 4589 1281 
713 1300 4741 4589 1281 1301 4742 4590 1282 
714 1301 4742 4590 1282 1302 4743 4591 1283 
715 1302 4743 4591 1283 1303 4744 4592 1284 
716 1303 4744 4592 1284 1304 4745 4593 1285 
717 1304 4745 4593 1285 1305 4746 4594 1286 
718 1305 4746 4594 1286 1306 4747 4595 1287 
719 1306 4747 4595 1287 1307 4748 4596 1288 
720 1307 4748 4596 1288 201 1510 1502 202 
721 711 41 40 703 4749 1061 1042 4597 
722 4749 1061 1042 4597 4750 1062 1043 4598 
723 4750 1062 1043 4598 4751 1063 1044 4599 
724 4751 1063 1044 4599 4752 1064 1045 4600 
725 4752 1064 1045 4600 4753 1065 1046 4601 
726 4753 1065 1046 4601 4754 1066 1047 4602 
727 4754 1066 1047 4602 4755 1067 1048 4603 
728 4755 1067 1048 4603 4756 1068 1049 4604 
729 4756 1068 1049 4604 4757 1069 1050 4605 
730 4757 1069 1050 4605 4758 1070 1051 4606 
731 4758 1070 1051 4606 4759 1071 1052 4607 
732 4759 1071 1052 4607 4760 1072 1053 4608 
733 4760 1072 1053 4608 4761 1073 1054 4609 
734 4761 1073 1054 4609 4762 1074 1055 4610 
735 4762 1074 1055 4610 4763 1075 1056 4611 
736 4763 1075 1056 4611 4764 1076 1057 4612 
737 4764 1076 1057 4612 4765 1077 1058 4613 
738 4765 1077 1058 4613 4766 1078 1059 4614 
739 4766 1078 1059 4614 4767 1079 1060 4615 
740 4767 1079 1060 4615 1511 191 190 1503 
741 712 711 703 704 4768 4749 4597 4616 
742 4768 4749 4597 4616 4769 4750 4598 4617 
743 4769 4750 4598 4617 4770 4751 4599 4618 
744 4770 4751 4599 4618 4771 4752 4600 4619 
745 4771 4752 4600 4619 4772 4753 4601 4620 
746 4772 4753 4601 4620 4773 4754 4602 4621 
747 4773 4754 4602 4621 4774 4755 4603 4622 
748 4774 4755 4603 4622 4775 4756 4604 4623 
749 4775 4756 4604 4623 4776 4757 4605 4624 
750 4776 4757 4605 4624 4777 4758 4606 4625 
751 4777 4758 4606 4625 4778 4759 4607 4626 
752 4778 4759 4607 4626 4779 4760 4608 4627 
753 4779 4760 4608 4627 4780 4761 4609 4628 
754 4780 4761 4609 4628 4781 4762 4610 4629 
755 4781 4762 4610 4629 4782 4763 4611 4630 
756 4782 4763 4611 4630 4783 4764 4612 4631 
757 4783 4764 4612 4631 4784 4765 4613 4632 
758 4784 4765 4613 4632 4785 4766 4614 4633 
759 4785 4766 4614 4633 4786 4767 4615 4634 
760 4786 4767 4615 4634 1512 1511 1503 1504 
761 713 712 704 705 4787 4768 4616 4635 
762 4787 4768 4616 4635 4788 4769 4617 4636 
763 4788 4769 4617 4636 4789 4770 4618 4637 
764 4789 4770 4618 4637 4790 4771 4619 4638 
765 4790 4771 4619 4638 4791 4772 4620 4639 
766 4791 4772 4620 4639 4792 4773 4621 4640 
767 4792 4773 4621 4640 4793 4774 4622 4641 
768 4793 4774 4622 4641 4794 4775 4623 4642 
769 4794 4775 4623 4642 4795 4776 4624 4643 
770 4795 4776 4624 4643 4796 4777 4625 4644 
771 4796 4777 4625 4644 4797 4778 4626 4645 
772 4797 4778 4626 4645 4798 4779 4627 4646 
773 4798 4779 4627 4646 4799 4780 4628 4647 
774 4799 4780 4628 4647 4800 4781 4629 4648 
775 4800 4781 4629 4648 4801 4782 4630 4649 
776 4801 4782 4630 4649 4802 4783 4631 4650 
777 4802 4783 4631 4650 4803 4784 4632 4651 
778 4803 4784 4632 4651 4804 4785 4633 4652 
779 4804 4785 4633 4652 4805 4786 4634 4653 
780 4805 4786 4634 4653 1513 1512 1504 1505 
781 714 713 705 706 4806 4787 4635 4654 
782 4806 4787 4635 4654 4807 4788 4636 4655 
783 4807 4788 4636 4655 4808 4789 4637 4656 
784 4808 4789 4637 4656 4809 4790 4638 4657 
785 4809 4790 4638 4657 4810 4791 4639 4658 
786 4810 4791 4639 4658 4811 4792 4640 4659 
787 4811 4792 4640 4659 4812 4793 4641 4660 
788 4812 4793 4641 4660 4813 4794 4642 4661 
789 4813 4794 4642 4661 4814 4795 4643 4662 
790 4814 4795 4643 4662 4815 4796 4644 4663 
791 4815 4796 4644 4663 4816 4797 4645 4664 
792 4816 4797 4645 4664 4817 4798 4646 4665 
793 4817 4798 4646 4665 4818 4799 4647 4666 
794 4818 4799 4647 4666 4819 4800 4648 4667 
795 4819 4800 4648 4667 4820 4801 4649 4668 
796 4820 4801 4649 4668 4821 4802 4650 4669 
797 4821 4802 4650 4669 4822 4803 4651 4670 
798 4822 4803 4651 4670 4823 4804 4652 4671 
799 4823 4804 4652 4671 4824 4805 4653 4672 
800 4824 4805 4653 4672 1514 1513 1505 1506 
801 715 714 706 707 4825 4806 4654 4673 
802 4825 4806 4654 4673 4826 4807 4655 4674 
803 4826 4807 4655 4674 4827 4808 4656 4675 
804 4827 4808 4656 4675 4828 4809 4657 4676 
805 4828 4809 4657 4676 4829 4810 4658 4677 
806 4829 4810 4658 4677 4830 4811 4659 4678 
807 4830 4811 4659 4678 4831 4812 4660 4679 
808 4831 4812 4660 4679 4832 4813 4661 4680 
809 4832 4813 4661 4680 4833 4814 4662 4681 
810 4833 4814 4662 4681 4834 4815 4663 4682 
811 4834 4815 4663 4682 4835 4816 4664 4683 
812 4835 4816 4664 4683 4836 4817 4665 4684 
813 4836 4817 4665 4684 4837 4818 4666 4685 
814 4837 4818 4666 4685 4838 4819 4667 4686 
815 4838 4819 4667 4686 4839 4820 4668 4687 
816 4839 4820 4668 4687 4840 4821 4669 4688 
817 4840 4821 4669 4688 4841 4822 4670 4689 
818 4841 4822 4670 4689 4842 4823 4671 4690 
819 4842 4823 4671 4690 4843 4824 4672 4691 
820 4843 4824 4672 4691 1515 1514 1506 1507 
821 716 715 707 708 4844 4825 4673 4692 
822 4844 4825 4673 4692 4845 4826 4674 4693 
823 4845 4826 4674 4693 4846 4827 4675 4694 
824 4846 4827 4675 4694 4847 4828 4676 4695 
825 4847 4828 4676 4695 4848 4829 4677 4696 
826 4848 4829 4677 4696 4849 4830 4678 4697 
827 4849 4830 4678 4697 4850 4831 4679 4698 
828 4850 4831 4679 4698 4851 4832 4680 4699 
829 4851 4832 4680 4699 4852 4833 4681 4700 
830 4852 4833 4681 4700 4853 4834 4682 4701 
831 4853 4834 4682 4701 4854 4835 4683 4702 
832 4854 4835 4683 4702 4855 4836 4684 4703 
833 4855 4836 4684 4703 4856 4837 4685 4704 
834 4856 4837 4685 4704 4857 4838 4686 4705 
835 4857 4838 4686 4705 4858 4839 4687 4706 
836 4858 4839 4687 4706 4859 4840 4688 4707 
837 4859 4840 4688 4707 4860 4841 4689 4708 
838 4860 4841 4689 4708 4861 4842 4690 4709 
839 4861 4842 4690 4709 4862 4843 4691 4710 
840 4862 4843 4691 4710 1516 1515 1507 1508 
841 717 716 708 709 4863 4844 4692 4711 
842 4863 4844 4692 4711 4864 4845 4693 4712 
843 4864 4845 4693 4712 4865 4846 4694 4713 
844 4865 4846 4694 4713 4866 4847 4695 4714 
845 4866 4847 4695 4714 4867 4848 4696 4715 
846 4867 4848 4696 4715 4868 4849 4697 4716 
847 4868 4849 4697 4716 4869 4850 4698 4717 
848 4869 4850 4698 4717 4870 4851 4699 4718 
849 4870 4851 4699 4718 4871 4852 4700 4719 
850 4871 4852 4700 4719 4872 4853 4701 4720 
851 4872 4853 4701 4720 4873 4854 4702 4721 
852 4873 4854 4702 4721 4874 4855 4703 4722 
853 4874 4855 4703 4722 4875 4856 4704 4723 
854 4875 4856 4704 4723 4876 4857 4705 4724 
855 4876 4857 4705 4724 4877 4858 4706 4725 
856 4877 4858 4706 4725 4878 4859 4707 4726 
857 4878 4859 4707 4726 4879 4860 4708 4727 
858 4879 4860 4708 4727 4880 4861 4709 4728 
859 4880 4861 4709 4728 4881 4862 4710 4729 
860 4881 4862 4710 4729 1517 1516 1508 1509 
861 718 717 709 710 4882 4863 4711 4730 
862 4882 4863 4711 4730 4883 4864 4712 4731 
863 4883 4864 4712 4731 4884 4865 4713 4732 
864 4884 4865 4713 4732 4885 4866 4714 4733 
865 4885 4866 4714 4733 4886 4867 4715 4734 
866 4886 4867 4715 4734 4887 4868 4716 4735 
867 4887 4868 4716 4735 4888 4869 4717 4736 
868 4888 4869 4717 4736 4889 4870 4718 4737 
869 4889 4870 4718 4737 4890 4871 4719 4738 
870 4890 4871 4719 4738 4891 4872 4720 4739 
871 4891 4872 4720 4739 4892 4873 4721 4740 
872 4892 4873 4721 4740 4893 4874 4722 4741 
873 4893 4874 4722 4741 4894 4875 4723 4742 
874 4894 4875 4723 4742 4895 4876 4724 4743 
875 4895 4876 4724 4743 4896 4877 4725 4744 
876 4896 4877 4725 4744 4897 4878 4726 4745 
877 4897 4878 4726 4745 4898 4879 4727 4746 
878 4898 4879 4727 4746 4899 4880 4728 4747 
879 4899 4880 4728 4747 4900 4881 4729 4748 
880 4900 4881 4729 4748 1518 1517 1509 1510 
881 58 718 710 57 1308 4882 4730 1289 
882 1308 4882 4730 1289 1309 4883 4731 1290 
883 1309 4883 4731 1290 1310 4884 4732 1291 
884 1310 4884 4732 1291 1311 4885 4733 1292 
885 1311 4885 4733 1292 1312 4886 4734 1293 
886 1312 4886 4734 1293 1313 4887 4735 1294 
887 1313 4887 4735 1294 1314 4888 4736 1295 
888 1314 4888 4736 1295 1315 4889 4737 1296 
889 1315 4889 4737 1296 1316 4890 4738 1297 
890 1316 4890 4738 1297 1317 4891 4739 1298 
891 1317 4891 4739 1298 1318 4892 4740 1299 
892 1318 4892 4740 1299 1319 4893 4741 1300 
893 1319 4893 4741 1300 1320 4894 4742 1301 
894 1320 4894 4742 1301 1321 4895 4743 1302 
895 1321 4895 4743 1302 1322 4896 4744 1303 
896 1322 4896 4744 1303 1323 4897 4745 1304 
897 1323 4897 4745 1304 1324 4898 4746 1305 
898 1324 4898 4746 1305 1325 4899 4747 1306 
899 1325 4899 4747 1306 1326 4900 4748 1307 
900 1326 4900 4748 1307 200 1518 1510 201 
901 123 2 41 711 1080 232 1061 4749 
902 1080 232 1061 4749 1081 233 1062 4750 
903 1081 233 1062 4750 1082 234 1063 4751 
904 1082 234 1063 4751 1083 235 1064 4752 
905 1083 235 1064 4752 1084 236 1065 4753 
906 1084 236 1065 4753 1085 237 1066 4754 
907 1085 237 1066 4754 1086 238 1067 4755 
908 1086 238 1067 4755 1087 239 1068 4756 
909 1087 239 1068 4756 1088 240 1069 4757 
910 1088 240 1069 4757 1089 241 1070 4758 
911 1089 241 1070 4758 1090 242 1071 4759 
912 1090 242 1071 4759 1091 243 1072 4760 
913 1091 243 1072 4760 1092 244 1073 4761 
914 1092 244 1073 4761 1093 245 1074 4762 
915 1093 245 1074 4762 1094 246 1075 4763 
916 1094 246 1075 4763 1095 247 1076 4764 
917 1095 247 1076 4764 1096 248 1077 4765 
918 1096 248 1077 4765 1097 249 1078 4766 
919 1097 249 1078 4766 1098 250 1079 4767 
920 1098 250 1079 4767 192 20 191 1511 
921 124 123 711 712 1099 1080 4749 4768 
922 1099 1080 4749 4768 1100 1081 4750 4769 
923 1100 1081 4750 4769 1101 1082 4751 4770 
924 1101 1082 4751 4770 1102 1083 4752 4771 
925 1102 1083 4752 4771 1103 1084 4753 4772 
926 1103 1084 4753 4772 1104 1085 4754 4773 
927 1104 1085 4754 4773 1105 1086 4755 4774 
928 1105 1086 4755 4774 1106 1087 4756 4775 
929 1106 1087 4756 4775 1107 1088 4757 4776 
930 1107 1088 4757 4776 1108 1089 4758 4777 
931 1108 1089 4758 4777 1109 1090 4759 4778 
932 1109 1090 4759 4778 1110 1091 4760 4779 
933 1110 1091 4760 4779 1111 1092 4761 4780 
934 1111 1092 4761 4780 1112 1093 4762 4781 
935 1112 1093 4762 4781 1113 1094 4763 4782 
936 1113 1094 4763 4782 1114 1095 4764 4783 
937 1114 1095 4764 4783 1115 1096 4765 4784 
938 1115 1096 4765 4784 1116 1097 4766 4785 
939 1116 1097 4766 4785 1117 1098 4767 4786 
940 1117 1098 4767 4786 193 192 1511 1512 
941 125 124 712 713 1118 1099 4768 4787 
942 1118 1099 4768 4787 1119 1100 4769 4788 
943 1119 1100 4769 4788 1120 1101 4770 4789 
944 1120 1101 4770 4789 1121 1102 4771 4790 
945 1121 1102 4771 4790 1122 1103 4772 4791 
946 1122 1103 4772 4791 1123 1104 4773 4792 
947 1123 1104 4773 4792 1124 1105 4774 4793 
948 1124 1105 4774 4793 1125 1106 4775 4794 
949 1125 1106 4775 4794 1126 1107 4776 4795 
950 1126 1107 4776 4795 1127 1108 4777 4796 
951 1127 1108 4777 4796 1128 1109 4778 4797 
952 1128 1109 4778 4797 1129 1110 4779 4798 
953 1129 1110 4779 4798 1130 1111 4780 4799 
954 1130 1111 4780 4799 1131 1112 4781 4800 
955 1131 1112 4781 4800 1132 1113 4782 4801 
956 1132 1113 4782 4801 1133 1114 4783 4802 
957 1133 1114 4783 4802 1134 1115 4784 4803 
958 1134 1115 4784 4803 1135 1116 4785 4804 
959 1135 1116 4785 4804 1136 1117 4786 4805 
960 1136 1117 4786 4805 194 193 1512 1513 
961 126 125 713 714 1137 1118 4787 4806 
962 1137 1118 4787 4806 1138 1119 4788 4807 
963 1138 1119 4788 4807 1139 1120 4789 4808 
964 1139 1120 4789 4808 1140 1121 4790 4809 
965 1140 1121 4790 4809 1141 1122 4791 4810 
966 1141 1122 4791 4810 1142 1123 4792 4811 
967 1142 1123 4792 4811 1143 1124 4793 4812 
968 1143 1124 4793 4812 1144 1125 4794 4813 
969 1144 1125 4794 4813 1145 1126 4795 4814 
970 1145 1126 4795 4814 1146 1127 4796 4815 
971 1146 1127 4796 4815 1147 1128 4797 4816 
972 1147 1128 4797 4816 1148 1129 4798 4817 
973 1148 1129 4798 4817 1149 1130 4799 4818 
974 1149 1130 4799 4818 1150 1131 4800 4819 
975 1150 1131 4800 4819 1151 1132 4801 4820 
976 1151 1132 4801 4820 1152 1133 4802 4821 
977 1152 1133 4802 4821 1153 1134 4803 4822 
978 1153 1134 4803 4822 1154 1135 4804 4823 
979 1154 1135 4804 4823 1155 1136 4805 4824 
980 1155 1136 4805 4824 195 194 1513 1514 
981 127 126 714 715 1156 1137 4806 4825 
982 1156 1137 4806 4825 1157 1138 4807 4826 
983 1157 1138 4807 4826 1158 1139 4808 4827 
984 1158 1139 4808 4827 1159 1140 4809 4828 
985 1159 1140 4809 4828 1160 1141 4810 4829 
986 1160 1141 4810 4829 1161 1142 4811 4830 
987 1161 1142 4811 4830 1162 1143 4812 4831 
988 1162 1143 4812 4831 1163 1144 4813 4832 
989 1163 1144 4813 4832 1164 1145 4814 4833 
990 1164 1145 4814 4833 1165 1146 4815 4834 
991 1165 1146 4815 4834 1166 1147 4816 4835 
992 1166 1147 4816 4835 1167 1148 4817 4836 
993 1167 1148 4817 4836 1168 1149 4818 4837 
994 1168 1149 4818 4837 1169 1150 4819 4838 
995 1169 1150 4819 4838 1170 1151 4820 4839 
996 1170 1151 4820 4839 1171 1152 4821 4840 
997 1171 1152 4821 4840 1172 1153 4822 4841 
998 1172 1153 4822 4841 1173 1154 4823 4842 
999 1173 1154 4823 4842 1174 1155 4824 4843 
1000 1174 1155 4824 4843 196 195 1514 1515 
1001 128 127 715 716 1175 1156 4825 4844 
1002 1175 1156 4825 4844 1176 1157 4826 4845 
1003 1176 1157 4826 4845 1177 1158 4827 4846 
1004 1177 1158 4827 4846 1178 1159 4828 4847 
1005 1178 1159 4828 4847 1179 1160 4829 4848 
1006 1179 1160 4829 4848 1180 1161 4830 4849 
1007 1180 1161 4830 4849 1181 1162 4831 4850 
1008 1181 1162 4831 4850 1182 1163 4832 4851 
1009 1182 1163 4832 4851 1183 1164 4833 4852 
1010 1183 1164 4833 4852 1184 1165 4834 4853 
1011 1184 1165 4834 4853 1185 1166 4835 4854 
1012 1185 1166 4835 4854 1186 1167 4836 4855 
1013 1186 1167 4836 4855 1187 1168 4837 4856 
1014 1187 1168 4837 4856 1188 1169 4838 4857 
1015 1188 1169 4838 4857 1189 1170 4839 4858 
1016 1189 1170 4839 4858 1190 1171 4840 4859 
1017 1190 1171 4840 4859 1191 1172 4841 4860 
1018 1191 1172 4841 4860 1192 1173 4842 4861 
1019 1192 1173 4842 4861 1193 1174 4843 4862 
1020 1193 1174 4843 4862 197 196 1515 1516 
1021 129 128 716 717 1194 1175 4844 4863 
1022 1194 1175 4844 4863 1195 1176 4845 4864 
1023 1195 1176 4845 4864 1196 1177 4846 4865 
1024 1196 1177 4846 4865 1197 1178 4847 4866 
1025 1197 1178 4847 4866 1198 1179 4848 4867 
1026 1198 1179 4848 4867 1199 1180 4849 4868 
1027 1199 1180 4849 4868 1200 1181 4850 4869 
1028 1200 1181 4850 4869 1201 1182 4851 4870 
1029 1201 1182 4851 4870 1202 1183 4852 4871 
1030 1202 1183 4852 4871 1203 1184 4853 4872 
1031 1203 1184 4853 4872 1204 1185 4854 4873 
1032 1204 1185 4854 4873 1205 1186 4855 4874 
1033 1205 1186 4855 4874 1206 1187 4856 4875 
1034 1206 1187 4856 4875 1207 1188 4857 4876 
1035 1207 1188 4857 4876 1208 1189 4858 4877 
1036 1208 1189 4858 4877 1209 1190 4859 4878 
1037 1209 1190 4859 4878 1210 1191 4860 4879 
1038 1210 1191 4860 4879 1211 1192 4861 4880 
1039 1211 1192 4861 4880 1212 1193 4862 4881 
1040 1212 1193 4862 4881 198 197 1516 1517 
1041 130 129 717 718 1213 1194 4863 4882 
1042 1213 1194 4863 4882 1214 1195 4864 4883 
1043 1214 1195 4864 4883 1215 1196 4865 4884 
1044 1215 1196 4865 4884 1216 1197 4866 4885 
1045 1216 1197 4866 4885 1217 1198 4867 4886 
1046 1217 1198 4867 4886 1218 1199 4868 4887 
1047 1218 1199 4868 4887 1219 1200 4869 4888 
1048 1219 1200 4869 4888 1220 1201 4870 4889 
1049 1220 1201 4870 4889 1221 1202 4871 4890 
1050 1221 1202 4871 4890 1222 1203 4872 4891 
1051 1222 1203 4872 4891 1223 1204 4873 4892 
1052 1223 1204 4873 4892 1224 1205 4874 4893 
1053 1224 1205 4874 4893 1225 1206 4875 4894 
1054 1225 1206 4875 4894 1226 1207 4876 4895 
1055 1226 1207 4876 4895 1227 1208 4877 4896 
1056 1227 1208 4877 4896 1228 1209 4878 4897 
1057 1228 1209 4878 4897 1229 1210 4879 4898 
1058 1229 1210 4879 4898 1230 1211 4880 4899 
1059 1230 1211 4880 4899 1231 1212 4881 4900 
1060 1231 1212 4881 4900 199 198 1517 1518 
1061 6 130 718 58 251 1213 4882 1308 
1062 251 1213 4882 1308 252 1214 4883 1309 
1063 252 1214 4883 1309 253 1215 4884 1310 
1064 253 1215 4884 1310 254 1216 4885 1311 
1065 254 1216 4885 1311 255 1217 4886 1312 
1066 255 1217 4886 1312 256 1218 4887 1313 
1067 256 1218 4887 1313 257 1219 4888 1314 
1068 257 1219 4888 1314 258 1220 4889 1315 
1069 258 1220 4889 1315 259 1221 4890 1316 
1070 259 1221 4890 1316 260 1222 4891 1317 
1071 260 1222 4891 1317 261 1223 4892 1318 
1072 261 1223 4892 1318 262 1224 4893 1319 
1073 262 1224 4893 1319 263 1225 4894 1320 
1074 263 1225 4894 1320 264 1226 4895 1321 
1075 264 1226 4895 1321 265 1227 4896 1322 
1076 265 1227 4896 1322 266 1228 4897 1323 
1077 266 1228 4897 1323 267 1229 4898 1324 
1078 267 1229 4898 1324 268 1230 4899 1325 
1079 268 1230 4899 1325 269 1231 4900 1326 
1080 269 1231 4900 1326 21 199 1518 200 
3 2 5 1440
1081 719 42 2 123 4901 1519 232 1080 
1082 4901 1519 232 1080 4902 1520 233 1081 
1083 4902 1520 233 1081 4903 1521 234 1082 
1084 4903 1521 234 1082 4904 1522 235 1083 
1085 4904 1522 235 1083 4905 1523 236 1084 
1086 4905 1523 236 1084 4906 1524 237 1085 
1087 4906 1524 237 1085 4907 1525 238 1086 
1088 4907 1525 238 1086 4908 1526 239 1087 
1089 4908 1526 239 1087 4909 1527 240 1088 
1090 4909 1527 240 1088 4910 1528 241 1089 
1091 4910 1528 241 1089 4911 1529 242 1090 
1092 4911 1529 242 1090 4912 1530 243 1091 
1093 4912 1530 243 1091 4913 1531 244 1092 
1094 4913 1531 244 1092 4914 1532 245 1093 
1095 4914 1532 245 1093 4915 1533 246 1094 
1096 4915 1533 246 1094 4916 1534 247 1095 
1097 4916 1534 247 1095 4917 1535 248 1096 
1098 4917 1535 248 1096 4918 1536 249 1097 
1099 4918 1536 249 1097 4919 1537 250 1098 
1100 4919 1537 250 1098 1937 289 20 192 
1101 720 719 123 124 4920 4901 1080 1099 
1102 4920 4901 1080 1099 4921 4902 1081 1100 
1103 4921 4902 1081 1100 4922 4903 1082 1101 
1104 4922 4903 1082 1101 4923 4904 1083 1102 
1105 4923 4904 1083 1102 4924 4905 1084 1103 
1106 4924 4905 1084 1103 4925 4906 1085 1104 
1107 4925 4906 1085 1104 4926 4907 1086 1105 
1108 4926 4907 1086 1105 4927 4908 1087 1106 
1109 4927 4908 1087 1106 4928 4909 1088 1107 
1110 4928 4909 1088 1107 4929 4910 1089 1108 
1111 4929 4910 1089 1108 4930 4911 1090 1109 
1112 4930 4911 1090 1109 4931 4912 1091 1110 
1113 4931 4912 1091 1110 4932 4913 1092 1111 
1114 4932 4913 1092 1111 4933 4914 1093 1112 
1115 4933 4914 1093 1112 4934 4915 1094 1113 
1116 4934 4915 1094 1113 4935 4916 1095 1114 
1117 4935 4916 1095 1114 4936 4917 1096 1115 
1118 4936 4917 1096 1115 4937 4918 1097 1116 
1119 4937 4918 1097 1116 4938 4919 1098 1117 
1120 4938 4919 1098 1117 1938 1937 192 193 
1121 721 720 124 125 4939 4920 1099 1118 
1122 4939 4920 1099 1118 4940 4921 1100 1119 
1123 4940 4921 1100 1119 4941 4922 1101 1120 
1124 4941 4922 1101 1120 4942 4923 1102 1121 
1125 4942 4923 1102 1121 4943 4924 1103 1122 
1126 4943 4924 1103 1122 4944 4925 1104 1123 
1127 4944 4925 1104 1123 4945 4926 1105 1124 
1128 4945 4926 1105 1124 4946 4927 1106 1125 
1129 4946 4927 1106 1125 4947 4928 1107 1126 
1130 4947 4928 1107 1126 4948 4929 1108 1127 
1131 4948 4929 1108 1127 4949 4930 1109 1128 
1132 4949 4930 1109 1128 4950 4931 1110 1129 
1133 4950 4931 1110 1129 4951 4932 1111 1130 
1134 4951 4932 1111 1130 4952 4933 1112 1131 
1135 4952 4933 1112 1131 4953 4934 1113 1132 
1136 4953 4934 1113 1132 4954 4935 1114 1133 
1137 4954 4935 1114 1133 4955 4936 1115 1134 
1138 4955 4936 1115 1134 4956 4937 1116 1135 
1139 4956 4937 1116 1135 4957 4938 1117 1136 
1140 4957 4938 1117 1136 1939 1938 193 194 
1141 722 721 125 126 4958 4939 1118 1137 
1142 4958 4939 1118 1137 4959 4940 1119 1138 
1143 4959 4940 1119 1138 4960 4941 1120 1139 
1144 4960 4941 1120 1139 4961 4942 1121 1140 
1145 4961 4942 1121 1140 4962 4943 1122 1141 
1146 4962 4943 1122 1141 4963 4944 1123 1142 
1147 4963 4944 1123 1142 4964 4945 1124 1143 
1148 4964 4945 1124 1143 4965 4946 1125 1144 
1149 4965 4946 1125 1144 4966 4947 1126 1145 
1150 4966 4947 1126 1145 4967 4948 1127 1146 
1151 4967 4948 1127 1146 4968 4949 1128 1147 
1152 4968 4949 1128 1147 4969 4950 1129 1148 
1153 4969 4950 1129 1148 4970 4951 1130 1149 
1154 4970 4951 1130 1149 4971 4952 1131 1150 
1155 4971 4952 1131 1150 4972 4953 1132 1151 
1156 4972 4953 1132 1151 4973 4954 1133 1152 
1157 4973 4954 1133 1152 4974 4955 1134 1153 
1158 4974 4955 1134 1153 4975 4956 1135 1154 
1159 4975 4956 1135 1154 4976 4957 1136 1155 
1160 4976 4957 1136 1155 1940 1939 194 195 
1161 723 722 126 127 4977 4958 1137 1156 
1162 4977 4958 1137 1156 4978 4959 1138 1157 
1163 4978 4959 1138 1157 4979 4960 1139 1158 
1164 4979 4960 1139 1158 4980 4961 1140 1159 
1165 4980 4961 1140 1159 4981 4962 1141 1160 
1166 4981 4962 1141 1160 4982 4963 1142 1161 
1167 4982 4963 1142 1161 4983 4964 1143 1162 
1168 4983 4964 1143 1162 4984 4965 1144 1163 
1169 4984 4965 1144 1163 4985 4966 1145 1164 
1170 4985 4966 1145 1164 4986 4967 1146 1165 
1171 4986 4967 1146 1165 4987 4968 1147 1166 
1172 4987 4968 1147 1166 4988 4969 1148 1167 
1173 4988 4969 1148 1167 4989 4970 1149 1168 
1174 4989 4970 1149 1168 4990 4971 1150 1169 
1175 4990 4971 1150 1169 4991 4972 1151 1170 
1176 4991 4972 1151 1170 4992 4973 1152 1171 
1177 4992 4973 1152 1171 4993 4974 1153 1172 
1178 4993 4974 1153 1172 4994 4975 1154 1173 
1179 4994 4975 1154 1173 4995 4976 1155 1174 
1180 4995 4976 1155 1174 1941 1940 195 196 
1181 724 723 127 128 4996 4977 1156 1175 
1182 4996 4977 1156 1175 4997 4978 1157 1176 
1183 4997 4978 1157 1176 4998 4979 1158 1177 
1184 4998 4979 1158 1177 4999 4980 1159 1178 
1185 4999 4980 1159 1178 5000 4981 1160 1179 
1186 5000 4981 1160 1179 5001 4982 1161 1180 
1187 5001 4982 1161 1180 5002 4983 1162 1181 
1188 5002 4983 1162 1181 5003 4984 1163 1182 
1189 5003 4984 1163 1182 5004 4985 1164 1183 
1190 5004 4985 1164 1183 5005 4986 1165 1184 
1191 5005 4986 1165 1184 5006 4987 1166 1185 
1192 5006 4987 1166 1185 5007 4988 1167 1186 
1193 5007 4988 1167 1186 5008 4989 1168 1187 
1194 5008 4989 1168 1187 5009 4990 1169 1188 
1195 5009 4990 1169 1188 5010 4991 1170 1189 
1196 5010 4991 1170 1189 5011 4992 1171 1190 
1197 5011 4992 1171 1190 5012 4993 1172 1191 
1198 5012 4993 1172 1191 5013 4994 1173 1192 
1199 5013 4994 1173 1192 5014 4995 1174 1193 
1200 5014 4995 1174 1193 1942 1941 196 197 
1201 725 724 128 129 5015 4996 1175 1194 
1202 5015 4996 1175 1194 5016 4997 1176 1195 
1203 5016 4997 1176 1195 5017 4998 1177 1196 
1204 5017 4998 1177 1196 5018 4999 1178 1197 
1205 5018 4999 1178 1197 5019 5000 1179 1198 
1206 5019 5000 1179 1198 5020 5001 1180 1199 
1207 5020 5001 1180 1199 5021 5002 1181 1200 
1208 5021 5002 1181 1200 5022 5003 1182 1201 
1209 5022 5003 1182 1201 5023 5004 1183 1202 
1210 5023 5004 1183 1202 5024 5005 1184 1203 
1211 5024 5005 1184 1203 5025 5006 1185 1204 
1212 5025 5006 1185 1204 5026 5007 1186 1205 
1213 5026 5007 1186 1205 5027 5008 1187 1206 
1214 5027 5008 1187 1206 5028 5009 1188 1207 
1215 5028 5009 1188 1207 5029 5010 1189 1208 
1216 5029 5010 1189 1208 5030 5011 1190 1209 
1217 5030 5011 1190 1209 5031 5012 1191 1210 
1218 5031 5012 1191 1210 5032 5013 1192 1211 
1219 5032 5013 1192 1211 5033 5014 1193 1212 
1220 5033 5014 1193 1212 1943 1942 197 198 
1221 726 725 129 130 5034 5015 1194 1213 
1222 5034 5015 1194 1213 5035 5016 1195 1214 
1223 5035 5016 1195 1214 5036 5017 1196 1215 
1224 5036 5017 1196 1215 5037 5018 1197 1216 
1225 5037 5018 1197 1216 5038 5019 1198 1217 
1226 5038 5019 1198 1217 5039 5020 1199 1218 
1227 5039 5020 1199 1218 5040 5021 1200 1219 
1228 5040 5021 1200 1219 5041 5022 1201 1220 
1229 5041 5022 1201 1220 5042 5023 1202 1221 
1230 5042 5023 1202 1221 5043 5024 1203 1222 
1231 5043 5024 1203 1222 5044 5025 1204 1223 
1232 5044 5025 1204 1223 5045 5026 1205 1224 
1233 5045 5026 1205 1224 5046 5027 1206 1225 
1234 5046 5027 1206 1225 5047 5028 1207 1226 
1235 5047 5028 1207 1226 5048 5029 1208 1227 
1236 5048 5029 1208 1227 5049 5030 1209 1228 
1237 5049 5030 1209 1228 5050 5031 1210 1229 
1238 5050 5031 1210 1229 5051 5032 1211 1230 
1239 5051 5032 1211 1230 5052 5033 1212 1231 
1240 5052 5033 1212 1231 1944 1943 198 199 
1241 59 726 130 6 1804 5034 1213 251 
1242 1804 5034 1213 251 1805 5035 1214 252 
1243 1805 5035 1214 252 1806 5036 1215 253 
1244 1806 5036 1215 253 1807 5037 1216 254 
1245 1807 5037 1216 254 1808 5038 1217 255 
1246 1808 5038 1217 255 1809 5039 1218 256 
1247 1809 5039 1218 256 1810 5040 1219 257 
1248 1810 5040 1219 257 1811 5041 1220 258 
1249 1811 5041 1220 258 1812 5042 1221 259 
1250 1812 5042 1221 259 1813 5043 1222 260 
1251 1813 5043 1222 260 1814 5044 1223 261 
1252 1814 5044 1223 261 1815 5045 1224 262 
1253 1815 5045 1224 262 1816 5046 1225 263 
1254 1816 5046 1225 263 1817 5047 1226 264 
1255 1817 5047 1226 264 1818 5048 1227 265 
1256 1818 5048 1227 265 1819 5049 1228 266 
1257 1819 5049 1228 266 1820 5050 1229 267 
1258 1820 5050 1229 267 1821 5051 1230 268 
1259 1821 5051 1230 268 1822 5052 1231 269 
1260 1822 5052 1231 269 310 1944 199 21 
1261 727 43 42 719 5053 1538 1519 4901 
1262 5053 1538 1519 4901 5054 1539 1520 4902 
1263 5054 1539 1520 4902 5055 1540 1521 4903 
1264 5055 1540 1521 4903 5056 1541 1522 4904 
1265 5056 1541 1522 4904 5057 1542 1523 4905 
1266 5057 1542 1523 4905 5058 1543 1524 4906 
1267 5058 1543 1524 4906 5059 1544 1525 4907 
1268 5059 1544 1525 4907 5060 1545 1526 4908 
1269 5060 1545 1526 4908 5061 1546 1527 4909 
1270 5061 1546 1527 4909 5062 1547 1528 4910 
1271 5062 1547 1528 4910 5063 1548 1529 4911 
1272 5063 1548 1529 4911 5064 1549 1530 4912 
1273 5064 1549 1530 4912 5065 1550 1531 4913 
1274 5065 1550 1531 4913 5066 1551 1532 4914 
1275 5066 1551 1532 4914 5067 1552 1533 4915 
1276 5067 1552 1533 4915 5068 1553 1534 4916 
1277 5068 1553 1534 4916 5069 1554 1535 4917 
1278 5069 1554 1535 4917 5070 1555 1536 4918 
1279 5070 1555 1536 4918 5071 1556 1537 4919 
1280 5071 1556 1537 4919 1945 290 289 1937 
1281 728 727 719 720 5072 5053 4901 4920 
1282 5072 5053 4901 4920 5073 5054 4902 4921 
1283 5073 5054 4902 4921 5074 5055 4903 4922 
1284 5074 5055 4903 4922 5075 5056 4904 4923 
1285 5075 5056 4904 4923 5076 5057 4905 4924 
1286 5076 5057 4905 4924 5077 5058 4906 4925 
1287 5077 5058 4906 4925 5078 5059 4907 4926 
1288 5078 5059 4907 4926 5079 5060 4908 4927 
1289 5079 5060 4908 4927 5080 5061 4909 4928 
1290 5080 5061 4909 4928 5081 5062 4910 4929 
1291 5081 5062 4910 4929 5082 5063 4911 4930 
1292 5082 5063 4911 4930 5083 5064 4912 4931 
1293 5083 5064 4912 4931 5084 5065 4913 4932 
1294 5084 5065 4913 4932 5085 5066 4914 4933 
1295 5085 5066 4914 4933 5086 5067 4915 4934 
1296 5086 5067 4915 4934 5087 5068 4916 4935 
1297 5087 5068 4916 4935 5088 5069 4917 4936 
1298 5088 5069 4917 4936 5089 5070 4918 4937 
1299 5089 5070 4918 4937 5090 5071 4919 4938 
1300 5090 5071 4919 4938 1946 1945 1937 1938 
1301 729 728 720 721 5091 5072 4920 4939 
1302 5091 5072 4920 4939 5092 5073 4921 4940 
1303 5092 5073 4921 4940 5093 5074 4922 4941 
1304 5093 5074 4922 4941 5094 5075 4923 4942 
1305 5094 5075 4923 4942 5095 5076 4924 4943 
1306 5095 5076 4924 4943 5096 5077 4925 4944 
1307 5096 5077 4925 4944 5097 5078 4926 4945 
1308 5097 5078 4926 4945 5098 5079 4927 4946 
1309 5098 5079 4927 4946 5099 5080 4928 4947 
1310 5099 5080 4928 4947 5100 5081 4929 4948 
1311 5100 5081 4929 4948 5101 5082 4930 4949 
1312 5101 5082 4930 4949 5102 5083 4931 4950 
1313 5102 5083 4931 4950 5103 5084 4932 4951 
1314 5103 5084 4932 4951 5104 5085 4933 4952 
1315 5104 5085 4933 4952 5105 5086 4934 4953 
1316 5105 5086 4934 4953 5106 5087 4935 4954 
1317 5106 5087 4935 4954 5107 5088 4936 4955 
1318 5107 5088 4936 4955 5108 5089 4937 4956 
1319 5108 5089 4937 4956 5109 5090 4938 4957 
1320 5109 5090 4938 4957 1947 1946 1938 1939 
1321 730 729 721 722 5110 5091 4939 4958 
1322 5110 5091 4939 4958 5111 5092 4940 4959 
1323 5111 5092 4940 4959 5112 5093 4941 4960 
1324 5112 5093 4941 4960 5113 5094 4942 4961 
1325 5113 5094 4942 4961 5114 5095 4943 4962 
1326 5114 5095 4943 4962 5115 5096 4944 4963 
1327 5115 5096 4944 4963 5116 5097 4945 4964 
1328 5116 5097 4945 4964 5117 5098 4946 4965 
1329 5117 5098 4946 4965 5118 5099 4947 4966 
1330 5118 5099 4947 4966 5119 5100 4948 4967 
1331 5119 5100 4948 4967 5120 5101 4949 4968 
1332 5120 5101 4949 4968 5121 5102 4950 4969 
1333 5121 5102 4950 4969 5122 5103 4951 4970 
1334 5122 5103 4951 4970 5123 5104 4952 4971 
1335 5123 5104 4952 4971 5124 5105 4953 4972 
1336 5124 5105 4953 4972 5125 5106 4954 4973 
1337 5125 5106 4954 4973 5126 5107 4955 4974 
1338 5126 5107 4955 4974 5127 5108 4956 4975 
1339 5127 5108 4956 4975 5128 5109 4957 4976 
1340 5128 5109 4957 4976 1948 1947 1939 1940 
1341 731 730 722 723 5129 5110 4958 4977 
1342 5129 5110 4958 4977 5130 5111 4959 4978 
1343 5130 5111 4959 4978 5131 5112 4960 4979 
1344 5131 5112 4960 4979 5132 5113 4961 4980 
1345 5132 5113 4961 4980 5133 5114 4962 4981 
1346 5133 5114 4962 4981 5134 5115 4963 4982 
1347 5134 5115 4963 4982 5135 5116 4964 4983 
1348 5135 5116 4964 4983 5136 5117 4965 4984 
1349 5136 5117 4965 4984 5137 5118 4966 4985 
1350 5137 5118 4966 4985 5138 5119 4967 4986 
1351 5138 5119 4967 4986 5139 5120 4968 4987 
1352 5139 5120 4968 4987 5140 5121 4969 4988 
1353 5140 5121 4969 4988 5141 5122 4970 4989 
1354 5141 5122 4970 4989 5142 5123 4971 4990 
1355 5142 5123 4971 4990 5143 5124 4972 4991 
1356 5143 5124 4972 4991 5144 5125 4973 4992 
1357 5144 5125 4973 4992 5145 5126 4974 4993 
1358 5145 5126 4974 4993 5146 5127 4975 4994 
1359 5146 5127 4975 4994 5147 5128 4976 4995 
1360 5147 5128 4976 4995 1949 1948 1940 1941 
1361 732 731 723 724 5148 5129 4977 4996 
1362 5148 5129 4977 4996 5149 5130 4978 4997 
1363 5149 5130 4978 4997 5150 5131 4979 4998 
1364 5150 5131 4979 4998 5151 5132 4980 4999 
1365 5151 5132 4980 4999 5152 5133 4981 5000 
1366 5152 5133 4981 5000 5153 5134 4982 5001 
1367 5153 5134 4982 5001 5154 5135 4983 5002 
1368 5154 5135 4983 5002 5155 5136 4984 5003 
1369 5155 5136 4984 5003 5156 5137 4985 5004 
1370 5156 5137 4985 5004 5157 5138 4986 5005 
1371 5157 5138 4986 5005 5158 5139 4987 5006 
1372 5158 5139 4987 5006 5159 5140 4988 5007 
1373 5159 5140 4988 5007 5160 5141 4989 5008 
1374 5160 5141 4989 5008 5161 5142 4990 5009 
1375 5161 5142 4990 5009 5162 5143 4991 5010 
1376 5162 5143 4991 5010 5163 5144 4992 5011 
1377 5163 5144 4992 5011 5164 5145 4993 5012 
1378 5164 5145 4993 5012 5165 5146 4994 5013 
1379 5165 5146 4994 5013 5166 5147 4995 5014 
1380 5166 5147 4995 5014 1950 1949 1941 1942 
1381 733 732 724 725 5167 5148 4996 5015 
1382 5167 5148 4996 5015 5168 5149 4997 5016 
1383 5168 5149 4997 5016 5169 5150 4998 5017 
1384 5169 5150 4998 5017 5170 5151 4999 5018 
1385 5170 5151 4999 5018 5171 5152 5000 5019 
1386 5171 5152 5000 5019 5172 5153 5001 5020 
1387 5172 5153 5001 5020 5173 5154 5002 5021 
1388 5173 5154 5002 5021 5174 5155 5003 5022 
1389 5174 5155 5003 5022 5175 5156 5004 5023 
1390 5175 5156 5004 5023 5176 5157 5005 5024 
1391 5176 5157 5005 5024 5177 5158 5006 5025 
1392 5177 5158 5006 5025 5178 5159 5007 5026 
1393 5178 5159 5007 5026 5179 5160 5008 5027 
1394 5179 5160 5008 5027 5180 5161 5009 5028 
1395 5180 5161 5009 5028 5181 5162 5010 5029 
1396 5181 5162 5010 5029 5182 5163 5011 5030 
1397 5182 5163 5011 5030 5183 5164 5012 5031 
1398 5183 5164 5012 5031 5184 5165 5013 5032 
1399 5184 5165 5013 5032 5185 5166 5014 5033 
1400 5185 5166 5014 5033 1951 1950 1942 1943 
1401 734 733 725 726 5186 5167 5015 5034 
1402 5186 5167 5015 5034 5187 5168 5016 5035 
1403 5187 5168 5016 5035 5188 5169 5017 5036 
1404 5188 5169 5017 5036 5189 5170 5018 5037 
1405 5189 5170 5018 5037 5190 5171 5019 5038 
1406 5190 5171 5019 5038 5191 5172 5020 5039 
1407 5191 5172 5020 5039 5192 5173 5021 5040 
1408 5192 5173 5021 5040 5193 5174 5022 5041 
1409 5193 5174 5022 5041 5194 5175 5023 5042 
1410 5194 5175 5023 5042 5195 5176 5024 5043 
1411 5195 5176 5024 5043 5196 5177 5025 5044 
1412 5196 5177 5025 5044 5197 5178 5026 5045 
1413 5197 5178 5026 5045 5198 5179 5027 5046 
1414 5198 5179 5027 5046 5199 5180 5028 5047 
1415 5199 5180 5028 5047 5200 5181 5029 5048 
1416 5200 5181 5029 5048 5201 5182 5030 5049 
1417 5201 5182 5030 5049 5202 5183 5031 5050 
1418 5202 5183 5031 5050 5203 5184 5032 5051 
1419 5203 5184 5032 5051 5204 5185 5033 5052 
1420 5204 5185 5033 5052 1952 1951 1943 1944 
1421 60 734 726 59 1823 5186 5034 1804 
1422 1823 5186 5034 1804 1824 5187 5035 1805 
1423 1824 5187 5035 1805 1825 5188 5036 1806 
1424 1825 5188 5036 1806 1826 5189 5037 1807 
1425 1826 5189 5037 1807 1827 5190 5038 1808 
1426 1827 5190 5038 1808 1828 5191 5039 1809 
1427 1828 5191 5039 1809 1829 5192 5040 1810 
1428 1829 5192 5040 1810 1830 5193 5041 1811 
1429 1830 5193 5041 1811 1831 5194 5042 1812 
1430 1831 5194 5042 1812 1832 5195 5043 1813 
1431 1832 5195 5043 1813 1833 5196 5044 1814 
1432 1833 5196 5044 1814 1834 5197 5045 1815 
1433 1834 5197 5045 1815 1835 5198 5046 1816 
1434 1835 5198 5046 1816 1836 5199 5047 1817 
1435 1836 5199 5047 1817 1837 5200 5048 1818 
1436 1837 5200 5048 1818 1838 5201 5049 1819 
1437 1838 5201 5049 1819 1839 5202 5050 1820 
1438 1839 5202 5050 1820 1840 5203 5051 1821 
1439 1840 5203 5051 1821 1841 5204 5052 1822 
1440 1841 5204 5052 1822 309 1952 1944 310 
1441 735 44 43 727 5205 1557 1538 5053 
1442 5205 1557 1538 5053 5206 1558 1539 5054 
1443 5206 1558 1539 5054 5207 1559 1540 5055 
1444 5207 1559 1540 5055 5208 1560 1541 5056 
1445 5208 1560 1541 5056 5209 1561 1542 5057 
1446 5209 1561 1542 5057 5210 1562 1543 5058 
1447 5210 1562 1543 5058 5211 1563 1544 5059 
1448 5211 1563 1544 5059 5212 1564 1545 5060 
1449 5212 1564 1545 5060 5213 1565 1546 5061 
1450 5213 1565 1546 5061 5214 1566 1547 5062 
1451 5214 1566 1547 5062 5215 1567 1548 5063 
1452 5215 1567 1548 5063 5216 1568 1549 5064 
1453 5216 1568 1549 5064 5217 1569 1550 5065 
1454 5217 1569 1550 5065 5218 1570 1551 5066 
1455 5218 1570 1551 5066 5219 1571 1552 5067 
1456 5219 1571 1552 5067 5220 1572 1553 5068 
1457 5220 1572 1553 5068 5221 1573 1554 5069 
1458 5221 1573 1554 5069 5222 1574 1555 5070 
1459 5222 1574 1555 5070 5223 1575 1556 5071 
1460 5223 1575 1556 5071 1953 291 290 1945 
1461 736 735 727 728 5224 5205 5053 5072 
1462 5224 5205 5053 5072 5225 5206 5054 5073 
1463 5225 5206 5054 5073 5226 5207 5055 5074 
1464 5226 5207 5055 5074 5227 5208 5056 5075 
1465 5227 5208 5056 5075 5228 5209 5057 5076 
1466 5228 5209 5057 5076 5229 5210 5058 5077 
1467 5229 5210 5058 5077 5230 5211 5059 5078 
1468 5230 5211 5059 5078 5231 5212 5060 5079 
1469 5231 5212 5060 5079 5232 5213 5061 5080 
1470 5232 5213 5061 5080 5233 5214 5062 5081 
1471 5233 5214 5062 5081 5234 5215 5063 5082 
1472 5234 5215 5063 5082 5235 5216 5064 5083 
1473 5235 5216 5064 5083 5236 5217 5065 5084 
1474 5236 5217 5065 5084 5237 5218 5066 5085 
1475 5237 5218 5066 5085 5238 5219 5067 5086 
1476 5238 5219 5067 5086 5239 5220 5068 5087 
1477 5239 5220 5068 5087 5240 5221 5069 5088 
1478 5240 5221 5069 5088 5241 5222 5070 5089 
1479 5241 5222 5070 5089 5242 5223 5071 5090 
1480 5242 5223 5071 5090 1954 1953 1945 1946 
1481 737 736 728 729 5243 5224 5072 5091 
1482 5243 5224 5072 5091 5244 5225 5073 5092 
1483 5244 5225 5073 5092 5245 5226 5074 5093 
1484 5245 5226 5074 5093 5246 5227 5075 5094 
1485 5246 5227 5075 5094 5247 5228 5076 5095 
1486 5247 5228 5076 5095 5248 5229 5077 5096 
1487 5248 5229 5077 5096 5249 5230 5078 5097 
1488 5249 5230 5078 5097 5250 5231 5079 5098 
1489 5250 5231 5079 5098 5251 5232 5080 5099 
1490 5251 5232 5080 5099 5252 5233 5081 5100 
1491 5252 5233 5081 5100 5253 5234 5082 5101 
1492 5253 5234 5082 5101 5254 5235 5083 5102 
1493 5254 5235 5083 5102 5255 5236 5084 5103 
1494 5255 5236 5084 5103 5256 5237 5085 5104 
1495 5256 5237 5085 5104 5257 5238 5086 5105 
1496 5257 5238 5086 5105 5258 5239 5087 5106 
1497 5258 5239 5087 5106 5259 5240 5088 5107 
1498 5259 5240 5088 5107 5260 5241 5089 5108 
1499 5260 5241 5089 5108 5261 5242 5090 5109 
1500 5261 5242 5090 5109 1955 1954 1946 1947 
1501 738 737 729 730 5262 5243 5091 5110 
1502 5262 5243 5091 5110 5263 5244 5092 5111 
1503 5263 5244 5092 5111 5264 5245 5093 5112 
1504 5264 5245 5093 5112 5265 5246 5094 5113 
1505 5265 5246 5094 5113 5266 5247 5095 5114 
1506 5266 5247 5095 5114 5267 5248 5096 5115 
1507 5267 5248 5096 5115 5268 5249 5097 5116 
1508 5268 5249 5097 5116 5269 5250 5098 5117 
1509 5269 5250 5098 5117 5270 5251 5099 5118 
1510 5270 5251 5099 5118 5271 5252 5100 5119 
1511 5271 5252 5100 5119 5272 5253 5101 5120 
1512 5272 5253 5101 5120 5273 5254 5102 5121 
1513 5273 5254 5102 5121 5274 5255 5103 5122 
1514 5274 5255 5103 5122 5275 5256 5104 5123 
1515 5275 5256 5104 5123 5276 5257 5105 5124 
1516 5276 5257 5105 5124 5277 5258 5106 5125 
1517 5277 5258 5106 5125 5278 5259 5107 5126 
1518 5278 5259 5107 5126 5279 5260 5108 5127 
1519 5279 5260 5108 5127 5280 5261 5109 5128 
1520 5280 5261 5109 5128 1956 1955 1947 1948 
1521 739 738 730 731 5281 5262 5110 5129 
1522 5281 5262 5110 5129 5282 5263 5111 5130 
1523 5282 5263 5111 5130 5283 5264 5112 5131 
1524 5283 5264 5112 5131 5284 5265 5113 5132 
1525 5284 5265 5113 5132 5285 5266 5114 5133 
1526 5285 5266 5114 5133 5286 5267 5115 5134 
1527 5286 5267 5115 5134 5287 5268 5116 5135 
1528 5287 5268 5116 5135 5288 5269 5117 5136 
1529 5288 5269 5117 5136 5289 5270 5118 5137 
1530 5289 5270 5118 5137 5290 5271 5119 5138 
1531 5290 5271 5119 5138 5291 5272 5120 5139 
1532 5291 5272 5120 5139 5292 5273 5121 5140 
1533 5292 5273 5121 5140 5293 5274 5122 5141 
1534 5293 5274 5122 5141 5294 5275 5123 5142 
1535 5294 5275 5123 5142 5295 5276 5124 5143 
1536 5295 5276 5124 5143 5296 5277 5125 5144 
1537 5296 5277 5125 5144 5297 5278 5126 5145 
1538 5297 5278 5126 5145 5298 5279 5127 5146 
1539 5298 5279 5127 5146 5299 5280 5128 5147 
1540 5299 5280 5128 5147 1957 1956 1948 1949 
1541 740 739 731 732 5300 5281 5129 5148 
1542 5300 5281 5129 5148 5301 5282 5130 5149 
1543 5301 5282 5130 5149 5302 5283 5131 5150 
1544 5302 5283 5131 5150 5303 5284 5132 5151 
1545 5303 5284 5132 5151 5304 5285 5133 5152 
1546 5304 5285 5133 5152 5305 5286 5134 5153 
1547 5305 5286 5134 5153 5306 5287 5135 5154 
1548 5306 5287 5135 5154 5307 5288 5136 5155 
1549 5307 5288 5136 5155 5308 5289 5137 5156 
1550 5308 5289 5137 5156 5309 5290 5138 5157 
1551 5309 5290 5138 5157 5310 5291 5139 5158 
1552 5310 5291 5139 5158 5311 5292 5140 5159 
1553 5311 5292 5140 5159 5312 5293 5141 5160 
1554 5312 5293 5141 5160 5313 5294 5142 5161 
1555 5313 5294 5142 5161 5314 5295 5143 5162 
1556 5314 5295 5143 5162 5315 5296 5144 5163 
1557 5315 5296 5144 5163 5316 5297 5145 5164 
1558 5316 5297 5145 5164 5317 5298 5146 5165 
1559 5317 5298 5146 5165 5318 5299 5147 5166 
1560 5318 5299 5147 5166 1958 1957 1949 1950 
1561 741 740 732 733 5319 5300 5148 5167 
1562 5319 5300 5148 5167 5320 5301 5149 5168 
1563 5320 5301 5149 5168 5321 5302 5150 5169 
1564 5321 5302 5150 5169 5322 5303 5151 5170 
1565 5322 5303 5151 5170 5323 5304 5152 5171 
1566 5323 5304 5152 5171 5324 5305 5153 5172 
1567 5324 5305 5153 5172 5325 5306 5154 5173 
1568 5325 5306 5154 5173 5326 5307 5155 5174 
1569 5326 5307 5155 5174 5327 5308 5156 5175 
1570 5327 5308 5156 5175 5328 5309 5157 5176 
1571 5328 5309 5157 5176 5329 5310 5158 5177 
1572 5329 5310 5158 5177 5330 5311 5159 5178 
1573 5330 5311 5159 5178 5331 5312 5160 5179 
1574 5331 5312 5160 5179 5332 5313 5161 5180 
1575 5332 5313 5161 5180 5333 5314 5162 5181 
1576 5333 5314 5162 5181 5334 5315 5163 5182 
1577 5334 5315 5163 5182 5335 5316 5164 5183 
1578 5335 5316 5164 5183 5336 5317 5165 5184 
1579 5336 5317 5165 5184 5337 5318 5166 5185 
1580 5337 5318 5166 5185 1959 1958 1950 1951 
1581 742 741 733 734 5338 5319 5167 5186 
1582 5338 5319 5167 5186 5339 5320 5168 5187 
1583 5339 5320 5168 5187 5340 5321 5169 5188 
1584 5340 5321 5169 5188 5341 5322 5170 5189 
1585 5341 5322 5170 5189 5342 5323 5171 5190 
1586 5342 5323 5171 5190 5343 5324 5172 5191 
1587 5343 5324 5172 5191 5344 5325 5173 5192 
1588 5344 5325 5173 5192 5345 5326 5174 5193 
1589 5345 5326 5174 5193 5346 5327 5175 5194 
1590 5346 5327 5175 5194 5347 5328 5176 5195 
1591 5347 5328 5176 5195 5348 5329 5177 5196 
1592 5348 5329 5177 5196 5349 5330 5178 5197 
1593 5349 5330 5178 5197 5350 5331 5179 5198 
1594 5350 5331 5179 5198 5351 5332 5180 5199 
1595 5351 5332 5180 5199 5352 5333 5181 5200 
1596 5352 5333 5181 5200 5353 5334 5182 5201 
1597 5353 5334 5182 5201 5354 5335 5183 5202 
1598 5354 5335 5183 5202 5355 5336 5184 5203 
1599 5355 5336 5184 5203 5356 5337 5185 5204 
1600 5356 5337 5185 5204 1960 1959 1951 1952 
1601 61 742 734 60 1842 5338 5186 1823 
1602 1842 5338 5186 1823 1843 5339 5187 1824 
1603 1843 5339 5187 1824 1844 5340 5188 1825 
1604 1844 5340 5188 1825 1845 5341 5189 1826 
1605 1845 5341 5189 1826 1846 5342 5190 1827 
1606 1846 5342 5190 1827 1847 5343 5191 1828 
1607 1847 5343 5191 1828 1848 5344 5192 1829 
1608 1848 5344 5192 1829 1849 5345 5193 1830 
1609 1849 5345 5193 1830 1850 5346 5194 1831 
1610 1850 5346 5194 1831 1851 5347 5195 1832 
1611 1851 5347 5195 1832 1852 5348 5196 1833 
1612 1852 5348 5196 1833 1853 5349 5197 1834 
1613 1853 5349 5197 1834 1854 5350 5198 1835 
1614 1854 5350 5198 1835 1855 5351 5199 1836 
1615 1855 5351 5199 1836 1856 5352 5200 1837 
1616 1856 5352 5200 1837 1857 5353 5201 1838 
1617 1857 5353 5201 1838 1858 5354 5202 1839 
1618 1858 5354 5202 1839 1859 5355 5203 1840 
1619 1859 5355 5203 1840 1860 5356 5204 1841 
1620 1860 5356 5204 1841 308 1960 1952 309 
1621 743 45 44 735 5357 1576 1557 5205 
1622 5357 1576 1557 5205 5358 1577 1558 5206 
1623 5358 1577 1558 5206 5359 1578 1559 5207 
1624 5359 1578 1559 5207 5360 1579 1560 5208 
1625 5360 1579 1560 5208 5361 1580 1561 5209 
1626 5361 1580 1561 5209 5362 1581 1562 5210 
1627 5362 1581 1562 5210 5363 1582 1563 5211 
1628 5363 1582 1563 5211 5364 1583 1564 5212 
1629 5364 1583 1564 5212 5365 1584 1565 5213 
1630 5365 1584 1565 5213 5366 1585 1566 5214 
1631 5366 1585 1566 5214 5367 1586 1567 5215 
1632 5367 1586 1567 5215 5368 1587 1568 5216 
1633 5368 1587 1568 5216 5369 1588 1569 5217 
1634 5369 1588 1569 5217 5370 1589 1570 5218 
1635 5370 1589 1570 5218 5371 1590 1571 5219 
1636 5371 1590 1571 5219 5372 1591 1572 5220 
1637 5372 1591 1572 5220 5373 1592 1573 5221 
1638 5373 1592 1573 5221 5374 1593 1574 5222 
1639 5374 1593 1574 5222 5375 1594 1575 5223 
1640 5375 1594 1575 5223 1961 292 291 1953 
1641 744 743 735 736 5376 5357 5205 5224 
1642 5376 5357 5205 5224 5377 5358 5206 5225 
1643 5377 5358 5206 5225 5378 5359 5207 5226 
1644 5378 5359 5207 5226 5379 5360 5208 5227 
1645 5379 5360 5208 5227 5380 5361 5209 5228 
1646 5380 5361 5209 5228 5381 5362 5210 5229 
1647 5381 5362 5210 5229 5382 5363 5211 5230 
1648 5382 5363 5211 5230 5383 5364 5212 5231 
1649 5383 5364 5212 5231 5384 5365 5213 5232 
1650 5384 5365 5213 5232 5385 5366 5214 5233 
1651 5385 5366 5214 5233 5386 5367 5215 5234 
1652 5386 5367 5215 5234 5387 5368 5216 5235 
1653 5387 5368 5216 5235 5388 5369 5217 5236 
1654 5388 5369 5217 5236 5389 5370 5218 5237 
1655 5389 5370 5218 5237 5390 5371 5219 5238 
1656 5390 5371 5219 5238 5391 5372 5220 5239 
1657 5391 5372 5220 5239 5392 5373 5221 5240 
1658 5392 5373 5221 5240 5393 5374 5222 5241 
1659 5393 5374 5222 5241 5394 5375 5223 5242 
1660 5394 5375 5223 5242 1962 1961 1953 1954 
1661 745 744 736 737 5395 5376 5224 5243 
1662 5395 5376 5224 5243 5396 5377 5225 5244 
1663 5396 5377 5225 5244 5397 5378 5226 5245 
1664 5397 5378 5226 5245 5398 5379 5227 5246 
1665 5398 5379 5227 5246 5399 5380 5228 5247 
1666 5399 5380 5228 5247 5400 5381 5229 5248 
1667 5400 5381 5229 5248 5401 5382 5230 5249 
1668 5401 5382 5230 5249 5402 5383 5231 5250 
1669 5402 5383 5231 5250 5403 5384 5232 5251 
1670 5403 5384 5232 5251 5404 5385 5233 5252 
1671 5404 5385 5233 5252 5405 5386 5234 5253 
1672 5405 5386 5234 5253 5406 5387 5235 5254 
1673 5406 5387 5235 5254 5407 5388 5236 5255 
1674 5407 5388 5236 5255 5408 5389 5237 5256 
1675 5408 5389 5237 5256 5409 5390 5238 5257 
1676 5409 5390 5238 5257 5410 5391 5239 5258 
1677 5410 5391 5239 5258 5411 5392 5240 5259 
1678 5411 5392 5240 5259 5412 5393 5241 5260 
1679 5412 5393 5241 5260 5413 5394 5242 5261 
1680 5413 5394 5242 5261 1963 1962 1954 1955 
1681 746 745 737 738 5414 5395 5243 5262 
1682 5414 5395 5243 5262 5415 5396 5244 5263 
1683 5415 5396 5244 5263 5416 5397 5245 5264 
1684 5416 5397 5245 5264 5417 5398 5246 5265 
1685 5417 5398 5246 5265 5418 5399 5247 5266 
1686 5418 5399 5247 5266 5419 5400 5248 5267 
1687 5419 5400 5248 5267 5420 5401 5249 5268 
1688 5420 5401 5249 5268 5421 5402 5250 5269 
1689 5421 5402 5250 5269 5422 5403 5251 5270 
1690 5422 5403 5251 5270 5423 5404 5252 5271 
1691 5423 5404 5252 5271 5424 5405 5253 5272 
1692 5424 5405 5253 5272 5425 5406 5254 5273 
1693 5425 5406 5254 5273 5426 5407 5255 5274 
1694 5426 5407 5255 5274 5427 5408 5256 5275 
1695 5427 5408 5256 5275 5428 5409 5257 5276 
1696 5428 5409 5257 5276 5429 5410 5258 5277 
1697 5429 5410 5258 5277 5430 5411 5259 5278 
1698 5430 5411 5259 5278 5431 5412 5260 5279 
1699 5431 5412 5260 5279 5432 5413 5261 5280 
1700 5432 5413 5261 5280 1964 1963 1955 1956 
1701 747 746 738 739 5433 5414 5262 5281 
1702 5433 5414 5262 5281 5434 5415 5263 5282 
1703 5434 5415 5263 5282 5435 5416 5264 5283 
1704 5435 5416 5264 5283 5436 5417 5265 5284 
1705 5436 5417 5265 5284 5437 5418 5266 5285 
1706 5437 5418 5266 5285 5438 5419 5267 5286 
1707 5438 5419 5267 5286 5439 5420 5268 5287 
1708 5439 5420 5268 5287 5440 5421 5269 5288 
1709 5440 5421 5269 5288 5441 5422 5270 5289 
1710 5441 5422 5270 5289 5442 5423 5271 5290 
1711 5442 5423 5271 5290 5443 5424 5272 5291 
1712 5443 5424 5272 5291 5444 5425 5273 5292 
1713 5444 5425 5273 5292 5445 5426 5274 5293 
1714 5445 5426 5274 5293 5446 5427 5275 5294 
1715 5446 5427 5275 5294 5447 5428 5276 5295 
1716 5447 5428 5276 5295 5448 5429 5277 5296 
1717 5448 5429 5277 5296 5449 5430 5278 5297 
1718 5449 5430 5278 5297 5450 5431 5279 5298 
1719 5450 5431 5279 5298 5451 5432 5280 5299 
1720 5451 5432 5280 5299 1965 1964 1956 1957 
1721 748 747 739 740 5452 5433 5281 5300 
1722 5452 5433 5281 5300 5453 5434 5282 5301 
1723 5453 5434 5282 5301 5454 5435 5283 5302 
1724 5454 5435 5283 5302 5455 5436 5284 5303 
1725 5455 5436 5284 5303 5456 5437 5285 5304 
1726 5456 5437 5285 5304 5457 5438 5286 5305 
1727 5457 5438 5286 5305 5458 5439 5287 5306 
1728 5458 5439 5287 5306 5459 5440 5288 5307 
1729 5459 5440 5288 5307 5460 5441 5289 5308 
1730 5460 5441 5289 5308 5461 5442 5290 5309 
1731 5461 5442 5290 5309 5462 5443 5291 5310 
1732 5462 5443 5291 5310 5463 5444 5292 5311 
1733 5463 5444 5292 5311 5464 5445 5293 5312 
1734 5464 5445 5293 5312 5465 5446 5294 5313 
1735 5465 5446 5294 5313 5466 5447 5295 5314 
1736 5466 5447 5295 5314 5467 5448 5296 5315 
1737 5467 5448 5296 5315 5468 5449 5297 5316 
1738 5468 5449 5297 5316 5469 5450 5298 5317 
1739 5469 5450 5298 5317 5470 5451 5299 5318 
1740 5470 5451 5299 5318 1966 1965 1957 1958 
1741 749 748 740 741 5471 5452 5300 5319 
1742 5471 5452 5300 5319 5472 5453 5301 5320 
1743 5472 5453 5301 5320 5473 5454 5302 5321 
1744 5473 5454 5302 5321 5474 5455 5303 5322 
1745 5474 5455 5303 5322 5475 5456 5304 5323 
1746 5475 5456 5304 5323 5476 5457 5305 5324 
1747 5476 5457 5305 5324 5477 5458 5306 5325 
1748 5477 5458 5306 5325 5478 5459 5307 5326 
1749 5478 5459 5307 5326 5479 5460 5308 5327 
1750 5479 5460 5308 5327 5480 5461 5309 5328 
1751 5480 5461 5309 5328 5481 5462 5310 5329 
1752 5481 5462 5310 5329 5482 5463 5311 5330 
1753 5482 5463 5311 5330 5483 5464 5312 5331 
1754 5483 5464 5312 5331 5484 5465 5313 5332 
1755 5484 5465 5313 5332 5485 5466 5314 5333 
1756 5485 5466 5314 5333 5486 5467 5315 5334 
1757 5486 5467 5315 5334 5487 5468 5316 5335 
1758 5487 5468 5316 5335 5488 5469 5317 5336 
1759 5488 5469 5317 5336 5489 5470 5318 5337 
1760 5489 5470 5318 5337 1967 1966 1958 1959 
1761 750 749 741 742 5490 5471 5319 5338 
1762 5490 5471 5319 5338 5491 5472 5320 5339 
1763 5491 5472 5320 5339 5492 5473 5321 5340 
1764 5492 5473 5321 5340 5493 5474 5322 5341 
1765 5493 5474 5322 5341 5494 5475 5323 5342 
1766 5494 5475 5323 5342 5495 5476 5324 5343 
1767 5495 5476 5324 5343 5496 5477 5325 5344 
1768 5496 5477 5325 5344 5497 5478 5326 5345 
1769 5497 5478 5326 5345 5498 5479 5327 5346 
1770 5498 5479 5327 5346 5499 5480 5328 5347 
1771 5499 5480 5328 5347 5500 5481 5329 5348 
1772 5500 5481 5329 5348 5501 5482 5330 5349 
1773 5501 5482 5330 5349 5502 5483 5331 5350 
1774 5502 5483 5331 5350 5503 5484 5332 5351 
1775 5503 5484 5332 5351 5504 5485 5333 5352 
1776 5504 5485 5333 5352 5505 5486 5334 5353 
1777 5505 5486 5334 5353 5506 5487 5335 5354 
1778 5506 5487 5335 5354 5507 5488 5336 5355 
1779 5507 5488 5336 5355 5508 5489 5337 5356 
1780 5508 5489 5337 5356 1968 1967 1959 1960 
1781 62 750 742 61 1861 5490 5338 1842 
1782 1861 5490 5338 1842 1862 5491 5339 1843 
1783 1862 5491 5339 1843 1863 5492 5340 1844 
1784 1863 5492 5340 1844 1864 5493 5341 1845 
1785 1864 5493 5341 1845 1865 5494 5342 1846 
1786 1865 5494 5342 1846 1866 5495 5343 1847 
1787 1866 5495 5343 1847 1867 5496 5344 1848 
1788 1867 5496 5344 1848 1868 5497 5345 1849 
1789 1868 5497 5345 1849 1869 5498 5346 1850 
1790 1869 5498 5346 1850 1870 5499 5347 1851 
1791 1870 5499 5347 1851 1871 5500 5348 1852 
1792 1871 5500 5348 1852 1872 5501 5349 1853 
1793 1872 5501 5349 1853 1873 5502 5350 1854 
1794 1873 5502 5350 1854 1874 5503 5351 1855 
1795 1874 5503 5351 1855 1875 5504 5352 1856 
1796 1875 5504 5352 1856 1876 5505 5353 1857 
1797 1876 5505 5353 1857 1877 5506 5354 1858 
1798 1877 5506 5354 1858 1878 5507 5355 1859 
1799 1878 5507 5355 1859 1879 5508 5356 1860 
1800 1879 5508 5356 1860 307 1968 1960 308 
1801 751 46 45 743 5509 1595 1576 5357 
1802 5509 1595 1576 5357 5510 1596 1577 5358 
1803 5510 1596 1577 5358 5511 1597 1578 5359 
1804 5511 1597 1578 5359 5512 1598 1579 5360 
1805 5512 1598 1579 5360 5513 1599 1580 5361 
1806 5513 1599 1580 5361 5514 1600 1581 5362 
1807 5514 1600 1581 5362 5515 1601 1582 5363 
1808 5515 1601 1582 5363 5516 1602 1583 5364 
1809 5516 1602 1583 5364 5517 1603 1584 5365 
1810 5517 1603 1584 5365 5518 1604 1585 5366 
1811 5518 1604 1585 5366 5519 1605 1586 5367 
1812 5519 1605 1586 5367 5520 1606 1587 5368 
1813 5520 1606 1587 5368 5521 1607 1588 5369 
1814 5521 1607 1588 5369 5522 1608 1589 5370 
1815 5522 1608 1589 5370 5523 1609 1590 5371 
1816 5523 1609 1590 5371 5524 1610 1591 5372 
1817 5524 1610 1591 5372 5525 1611 1592 5373 
1818 5525 1611 1592 5373 5526 1612 1593 5374 
1819 5526 1612 1593 5374 5527 1613 1594 5375 
1820 5527 1613 1594 5375 1969 293 292 1961 
1821 752 751 743 744 5528 5509 5357 5376 
1822 5528 5509 5357 5376 5529 5510 5358 5377 
1823 5529 5510 5358 5377 5530 5511 5359 5378 
1824 5530 5511 5359 5378 5531 5512 5360 5379 
1825 5531 5512 5360 5379 5532 5513 5361 5380 
1826 5532 5513 5361 5380 5533 5514 5362 5381 
1827 5533 5514 5362 5381 5534 5515 5363 5382 
1828 5534 5515 5363 5382 5535 5516 5364 5383 
1829 5535 5516 5364 5383 5536 5517 5365 5384 
1830 5536 5517 5365 5384 5537 5518 5366 5385 
1831 5537 5518 5366 5385 5538 5519 5367 5386 
1832 5538 5519 5367 5386 5539 5520 5368 5387 
1833 5539 5520 5368 5387 5540 5521 5369 5388 
1834 5540 5521 5369 5388 5541 5522 5370 5389 
1835 5541 5522 5370 5389 5542 5523 5371 5390 
1836 5542 5523 5371 5390 5543 5524 5372 5391 
1837 5543 5524 5372 5391 5544 5525 5373 5392 
1838 5544 5525 5373 5392 5545 5526 5374 5393 
1839 5545 5526 5374 5393 5546 5527 5375 5394 
1840 5546 5527 5375 5394 1970 1969 1961 1962 
1841 753 752 744 745 5547 5528 5376 5395 
1842 5547 5528 5376 5395 5548 5529 5377 5396 
1843 5548 5529 5377 5396 5549 5530 5378 5397 
1844 5549 5530 5378 5397 5550 5531 5379 5398 
1845 5550 5531 5379 5398 5551 5532 5380 5399 
1846 5551 5532 5380 5399 5552 5533 5381 5400 
1847 5552 5533 5381 5400 5553 5534 5382 5401 
1848 5553 5534 5382 5401 5554 5535 5383 5402 
1849 5554 5535 5383 5402 5555 5536 5384 5403 
1850 5555 5536 5384 5403 5556 5537 5385 5404 
1851 5556 5537 5385 5404 5557 5538 5386 5405 
1852 5557 5538 5386 5405 5558 5539 5387 5406 
1853 5558 5539 5387 5406 5559 5540 5388 5407 
1854 5559 5540 5388 5407 5560 5541 5389 5408 
1855 5560 5541 5389 5408 5561 5542 5390 5409 
1856 5561 5542 5390 5409 5562 5543 5391 5410 
1857 5562 5543 5391 5410 5563 5544 5392 5411 
1858 5563 5544 5392 5411 5564 5545 5393 5412 
1859 5564 5545 5393 5412 5565 5546 5394 5413 
1860 5565 5546 5394 5413 1971 1970 1962 1963 
1861 754 753 745 746 5566 5547 5395 5414 
1862 5566 5547 5395 5414 5567 5548 5396 5415 
1863 5567 5548 5396 5415 5568 5549 5397 5416 
1864 5568 5549 5397 5416 5569 5550 5398 5417 
1865 5569 5550 5398 5417 5570 5551 5399 5418 
1866 5570 5551 5399 5418 5571 5552 5400 5419 
1867 5571 5552 5400 5419 5572 5553 5401 5420 
1868 5572 5553 5401 5420 5573 5554 5402 5421 
1869 5573 5554 5402 5421 5574 5555 5403 5422 
1870 5574 5555 5403 5422 5575 5556 5404 5423 
1871 5575 5556 5404 5423 5576 5557 5405 5424 
1872 5576 5557 5405 5424 5577 5558 5406 5425 
1873 5577 5558 5406 5425 5578 5559 5407 5426 
1874 5578 5559 5407 5426 5579 5560 5408 5427 
1875 5579 5560 5408 5427 5580 5561 5409 5428 
1876 5580 5561 5409 5428 5581 5562 5410 5429 
1877 5581 5562 5410 5429 5582 5563 5411 5430 
1878 5582 5563 5411 5430 5583 5564 5412 5431 
1879 5583 5564 5412 5431 5584 5565 5413 5432 
1880 5584 5565 5413 5432 1972 1971 1963 1964 
1881 755 754 746 747 5585 5566 5414 5433 
1882 5585 5566 5414 5433 5586 5567 5415 5434 
1883 5586 5567 5415 5434 5587 5568 5416 5435 
1884 5587 5568 5416 5435 5588 5569 5417 5436 
1885 5588 5569 5417 5436 5589 5570 5418 5437 
1886 5589 5570 5418 5437 5590 5571 5419 5438 
1887 5590 5571 5419 5438 5591 5572 5420 5439 
1888 5591 5572 5420 5439 5592 5573 5421 5440 
1889 5592 5573 5421 5440 5593 5574 5422 5441 
1890 5593 5574 5422 5441 5594 5575 5423 5442 
1891 5594 5575 5423 5442 5595 5576 5424 5443 
1892 5595 5576 5424 5443 5596 5577 5425 5444 
1893 5596 5577 5425 5444 5597 5578 5426 5445 
1894 5597 5578 5426 5445 5598 5579 5427 5446 
1895 5598 5579 5427 5446 5599 5580 5428 5447 
1896 5599 5580 5428 5447 5600 5581 5429 5448 
1897 5600 5581 5429 5448 5601 5582 5430 5449 
1898 5601 5582 5430 5449 5602 5583 5431 5450 
1899 5602 5583 5431 5450 5603 5584 5432 5451 
1900 5603 5584 5432 5451 1973 1972 1964 1965 
1901 756 755 747 748 5604 5585 5433 5452 
1902 5604 5585 5433 5452 5605 5586 5434 5453 
1903 5605 5586 5434 5453 5606 5587 5435 5454 
1904 5606 5587 5435 5454 5607 5588 5436 5455 
1905 5607 5588 5436 5455 5608 5589 5437 5456 
1906 5608 5589 5437 5456 5609 5590 5438 5457 
1907 5609 5590 5438 5457 5610 5591 5439 5458 
1908 5610 5591 5439 5458 5611 5592 5440 5459 
1909 5611 5592 5440 5459 5612 5593 5441 5460 
1910 5612 5593 5441 5460 5613 5594 5442 5461 
1911 5613 5594 5442 5461 5614 5595 5443 5462 
1912 5614 5595 5443 5462 5615 5596 5444 5463 
1913 5615 5596 5444 5463 5616 5597 5445 5464 
1914 5616 5597 5445 5464 5617 5598 5446 5465 
1915 5617 5598 5446 5465 5618 5599 5447 5466 
1916 5618 5599 5447 5466 5619 5600 5448 5467 
1917 5619 5600 5448 5467 5620 5601 5449 5468 
1918 5620 5601 5449 5468 5621 5602 5450 5469 
1919 5621 5602 5450 5469 5622 5603 5451 5470 
1920 5622 5603 5451 5470 1974 1973 1965 1966 
1921 757 756 748 749 5623 5604 5452 5471 
1922 5623 5604 5452 5471 5624 5605 5453 5472 
1923 5624 5605 5453 5472 5625 5606 5454 5473 
1924 5625 5606 5454 5473 5626 5607 5455 5474 
1925 5626 5607 5455 5474 5627 5608 5456 5475 
1926 5627 5608 5456 5475 5628 5609 5457 5476 
1927 5628 5609 5457 5476 5629 5610 5458 5477 
1928 5629 5610 5458 5477 5630 5611 5459 5478 
1929 5630 5611 5459 5478 5631 5612 5460 5479 
1930 5631 5612 5460 5479 5632 5613 5461 5480 
1931 5632 5613 5461 5480 5633 5614 5462 5481 
1932 5633 5614 5462 5481 5634 5615 5463 5482 
1933 5634 5615 5463 5482 5635 5616 5464 5483 
1934 5635 5616 5464 5483 5636 5617 5465 5484 
1935 5636 5617 5465 5484 5637 5618 5466 5485 
1936 5637 5618 5466 5485 5638 5619 5467 5486 
1937 5638 5619 5467 5486 5639 5620 5468 5487 
1938 5639 5620 5468 5487 5640 5621 5469 5488 
1939 5640 5621 5469 5488 5641 5622 5470 5489 
1940 5641 5622 5470 5489 1975 1974 1966 1967 
1941 758 757 749 750 5642 5623 5471 5490 
1942 5642 5623 5471 5490 5643 5624 5472 5491 
1943 5643 5624 5472 5491 5644 5625 5473 5492 
1944 5644 5625 5473 5492 5645 5626 5474 5493 
1945 5645 5626 5474 5493 5646 5627 5475 5494 
1946 5646 5627 5475 5494 5647 5628 5476 5495 
1947 5647 5628 5476 5495 5648 5629 5477 5496 
1948 5648 5629 5477 5496 5649 5630 5478 5497 
1949 5649 5630 5478 5497 5650 5631 5479 5498 
1950 5650 5631 5479 5498 5651 5632 5480 5499 
1951 5651 5632 5480 5499 5652 5633 5481 5500 
1952 5652 5633 5481 5500 5653 5634 5482 5501 
1953 5653 5634 5482 5501 5654 5635 5483 5502 
1954 5654 5635 5483 5502 5655 5636 5484 5503 
1955 5655 5636 5484 5503 5656 5637 5485 5504 
1956 5656 5637 5485 5504 5657 5638 5486 5505 
1957 5657 5638 5486 5505 5658 5639 5487 5506 
1958 5658 5639 5487 5506 5659 5640 5488 5507 
1959 5659 5640 5488 5507 5660 5641 5489 5508 
1960 5660 5641 5489 5508 1976 1975 1967 1968 
1961 63 758 750 62 1880 5642 5490 1861 
1962 1880 5642 5490 1861 1881 5643 5491 1862 
1963 1881 5643 5491 1862 1882 5644 5492 1863 
1964 1882 5644 5492 1863 1883 5645 5493 1864 
1965 1883 5645 5493 1864 1884 5646 5494 1865 
1966 1884 5646 5494 1865 1885 5647 5495 1866 
1967 1885 5647 5495 1866 1886 5648 5496 1867 
1968 1886 5648 5496 1867 1887 5649 5497 1868 
1969 1887 5649 5497 1868 1888 5650 5498 1869 
1970 1888 5650 5498 1869 1889 5651 5499 1870 
1971 1889 5651 5499 1870 1890 5652 5500 1871 
1972 1890 5652 5500 1871 1891 5653 5501 1872 
1973 1891 5653 5501 1872 1892 5654 5502 1873 
1974 1892 5654 5502 1873 1893 5655 5503 1874 
1975 1893 5655 5503 1874 1894 5656 5504 1875 
1976 1894 5656 5504 1875 1895 5657 5505 1876 
1977 1895 5657 5505 1876 1896 5658 5506 1877 
1978 1896 5658 5506 1877 1897 5659 5507 1878 
1979 1897 5659 5507 1878 1898 5660 5508 1879 
1980 1898 5660 5508 1879 306 1976 1968 307 
1981 759 47 46 751 5661 1614 1595 5509 
1982 5661 1614 1595 5509 5662 1615 1596 5510 
1983 5662 1615 1596 5510 5663 1616 1597 5511 
1984 5663 1616 1597 5511 5664 1617 1598 5512 
1985 5664 1617 1598 5512 5665 1618 1599 5513 
1986 5665 1618 1599 5513 5666 1619 1600 5514 
1987 5666 1619 1600 5514 5667 1620 1601 5515 
1988 5667 1620 1601 5515 5668 1621 1602 5516 
1989 5668 1621 1602 5516 5669 1622 1603 5517 
1990 5669 1622 1603 5517 5670 1623 1604 5518 
1991 5670 1623 1604 5518 5671 1624 1605 5519 
1992 5671 1624 1605 5519 5672 1625 1606 5520 
1993 5672 1625 1606 5520 5673 1626 1607 5521 
1994 5673 1626 1607 5521 5674 1627 1608 5522 
1995 5674 1627 1608 5522 5675 1628 1609 5523 
1996 5675 1628 1609 5523 5676 1629 1610 5524 
1997 5676 1629 1610 5524 5677 1630 1611 5525 
1998 5677 1630 1611 5525 5678 1631 1612 5526 
1999 5678 1631 1612 5526 5679 1632 1613 5527 
2000 5679 1632 1613 5527 1977 294 293 1969 
2001 760 759 751 752 5680 5661 5509 5528 
2002 5680 5661 5509 5528 5681 5662 5510 5529 
2003 5681 5662 5510 5529 5682 5663 5511 5530 
2004 5682 5663 5511 5530 5683 5664 5512 5531 
2005 5683 5664 5512 5531 5684 5665 5513 5532 
2006 5684 5665 5513 5532 5685 5666 5514 5533 
2007 5685 5666 5514 5533 5686 5667 5515 5534 
2008 5686 5667 5515 5534 5687 5668 5516 5535 
2009 5687 5668 5516 5535 5688 5669 5517 5536 
2010 5688 5669 5517 5536 5689 5670 5518 5537 
2011 5689 5670 5518 5537 5690 5671 5519 5538 
2012 5690 5671 5519 5538 5691 5672 5520 5539 
2013 5691 5672 5520 5539 5692 5673 5521 5540 
2014 5692 5673 5521 5540 5693 5674 5522 5541 
2015 5693 5674 5522 5541 5694 5675 5523 5542 
2016 5694 5675 5523 5542 5695 5676 5524 5543 
2017 5695 5676 5524 5543 5696 5677 5525 5544 
2018 5696 5677 5525 5544 5697 5678 5526 5545 
2019 5697 5678 5526 5545 5698 5679 5527 5546 
2020 5698 5679 5527 5546 1978 1977 1969 1970 
2021 761 760 752 753 5699 5680 5528 5547 
2022 5699 5680 5528 5547 5700 5681 5529 5548 
2023 5700 5681 5529 5548 5701 5682 5530 5549 
2024 5701 5682 5530 5549 5702 5683 5531 5550 
2025 5702 5683 5531 5550 5703 5684 5532 5551 
2026 5703 5684 5532 5551 5704 5685 5533 5552 
2027 5704 5685 5533 5552 5705 5686 5534 5553 
2028 5705 5686 5534 5553 5706 5687 5535 5554 
2029 5706 5687 5535 5554 5707 5688 5536 5555 
2030 5707 5688 5536 5555 5708 5689 5537 5556 
2031 5708 5689 5537 5556 5709 5690 5538 5557 
2032 5709 5690 5538 5557 5710 5691 5539 5558 
2033 5710 5691 5539 5558 5711 5692 5540 5559 
2034 5711 5692 5540 5559 5712 5693 5541 5560 
2035 5712 5693 5541 5560 5713 5694 5542 5561 
2036 5713 5694 5542 5561 5714 5695 5543 5562 
2037 5714 5695 5543 5562 5715 5696 5544 5563 
2038 5715 5696 5544 5563 5716 5697 5545 5564 
2039 5716 5697 5545 5564 5717 5698 5546 5565 
2040 5717 5698 5546 5565 1979 1978 1970 1971 
2041 762 761 753 754 5718 5699 5547 5566 
2042 5718 5699 5547 5566 5719 5700 5548 5567 
2043 5719 5700 5548 5567 5720 5701 5549 5568 
2044 5720 5701 5549 5568 5721 5702 5550 5569 
2045 5721 5702 5550 5569 5722 5703 5551 5570 
2046 5722 5703 5551 5570 5723 5704 5552 5571 
2047 5723 5704 5552 5571 5724 5705 5553 5572 
2048 5724 5705 5553 5572 5725 5706 5554 5573 
2049 5725 5706 5554 5573 5726 5707 5555 5574 
2050 5726 5707 5555 5574 5727 5708 5556 5575 
2051 5727 5708 5556 5575 5728 5709 5557 5576 
2052 5728 5709 5557 5576 5729 5710 5558 5577 
2053 5729 5710 5558 5577 5730 5711 5559 5578 
2054 5730 5711 5559 5578 5731 5712 5560 5579 
2055 5731 5712 5560 5579 5732 5713 5561 5580 
2056 5732 5713 5561 5580 5733 5714 5562 5581 
2057 5733 5714 5562 5581 5734 5715 5563 5582 
2058 5734 5715 5563 5582 5735 5716 5564 5583 
2059 5735 5716 5564 5583 5736 5717 5565 5584 
2060 5736 5717 5565 5584 1980 1979 1971 1972 
2061 763 762 754 755 5737 5718 5566 5585 
2062 5737 5718 5566 5585 5738 5719 5567 5586 
2063 5738 5719 5567 5586 5739 5720 5568 5587 
2064 5739 5720 5568 5587 5740 5721 5569 5588 
2065 5740 5721 5569 5588 5741 5722 5570 5589 
2066 5741 5722 5570 5589 5742 5723 5571 5590 
2067 5742 5723 5571 5590 5743 5724 5572 5591 
2068 5743 5724 5572 5591 5744 5725 5573 5592 
2069 5744 5725 5573 5592 5745 5726 5574 5593 
2070 5745 5726 5574 5593 5746 5727 5575 5594 
2071 5746 5727 5575 5594 5747 5728 5576 5595 
2072 5747 5728 5576 5595 5748 5729 5577 5596 
2073 5748 5729 5577 5596 5749 5730 5578 5597 
2074 5749 5730 5578 5597 5750 5731 5579 5598 
2075 5750 5731 5579 5598 5751 5732 5580 5599 
2076 5751 5732 5580 5599 5752 5733 5581 5600 
2077 5752 5733 5581 5600 5753 5734 5582 5601 
2078 5753 5734 5582 5601 5754 5735 5583 5602 
2079 5754 5735 5583 5602 5755 5736 5584 5603 
2080 5755 5736 5584 5603 1981 1980 1972 1973 
2081 764 763 755 756 5756 5737 5585 5604 
2082 5756 5737 5585 5604 5757 5738 5586 5605 
2083 5757 5738 5586 5605 5758 5739 5587 5606 
2084 5758 5739 5587 5606 5759 5740 5588 5607 
2085 5759 5740 5588 5607 5760 5741 5589 5608 
2086 5760 5741 5589 5608 5761 5742 5590 5609 
2087 5761 5742 5590 5609 5762 5743 5591 5610 
2088 5762 5743 5591 5610 5763 5744 5592 5611 
2089 5763 5744 5592 5611 5764 5745 5593 5612 
2090 5764 5745 5593 5612 5765 5746 5594 5613 
2091 5765 5746 5594 5613 5766 5747 5595 5614 
2092 5766 5747 5595 5614 5767 5748 5596 5615 
2093 5767 5748 5596 5615 5768 5749 5597 5616 
2094 5768 5749 5597 5616 5769 5750 5598 5617 
2095 5769 5750 5598 5617 5770 5751 5599 5618 
2096 5770 5751 5599 5618 5771 5752 5600 5619 
2097 5771 5752 5600 5619 5772 5753 5601 5620 
2098 5772 5753 5601 5620 5773 5754 5602 5621 
2099 5773 5754 5602 5621 5774 5755 5603 5622 
2100 5774 5755 5603 5622 1982 1981 1973 1974 
2101 765 764 756 757 5775 5756 5604 5623 
2102 5775 5756 5604 5623 5776 5757 5605 5624 
2103 5776 5757 5605 5624 5777 5758 5606 5625 
2104 5777 5758 5606 5625 5778 5759 5607 5626 
2105 5778 5759 5607 5626 5779 5760 5608 5627 
2106 5779 5760 5608 5627 5780 5761 5609 5628 
2107 5780 5761 5609 5628 5781 5762 5610 5629 
2108 5781 5762 5610 5629 5782 5763 5611 5630 
2109 5782 5763 5611 5630 5783 5764 5612 5631 
2110 5783 5764 5612 5631 5784 5765 5613 5632 
2111 5784 5765 5613 5632 5785 5766 5614 5633 
2112 5785 5766 5614 5633 5786 5767 5615 5634 
2113 5786 5767 5615 5634 5787 5768 5616 5635 
2114 5787 5768 5616 5635 5788 5769 5617 5636 
2115 5788 5769 5617 5636 5789 5770 5618 5637 
2116 5789 5770 5618 5637 5790 5771 5619 5638 
2117 5790 5771 5619 5638 5791 5772 5620 5639 
2118 5791 5772 5620 5639 5792 5773 5621 5640 
2119 5792 5773 5621 5640 5793 5774 5622 5641 
2120 5793 5774 5622 5641 1983 1982 1974 1975 
2121 766 765 757 758 5794 5775 5623 5642 
2122 5794 5775 5623 5642 5795 5776 5624 5643 
2123 5795 5776 5624 5643 5796 5777 5625 5644 
2124 5796 5777 5625 5644 5797 5778 5626 5645 
2125 5797 5778 5626 5645 5798 5779 5627 5646 
2126 5798 5779 5627 5646 5799 5780 5628 5647 
2127 5799 5780 5628 5647 5800 5781 5629 5648 
2128 5800 5781 5629 5648 5801 5782 5630 5649 
2129 5801 5782 5630 5649 5802 5783 5631 5650 
2130 5802 5783 5631 5650 5803 5784 5632 5651 
2131 5803 5784 5632 5651 5804 5785 5633 5652 
2132 5804 5785 5633 5652 5805 5786 5634 5653 
2133 5805 5786 5634 5653 5806 5787 5635 5654 
2134 5806 5787 5635 5654 5807 5788 5636 5655 
2135 5807 5788 5636 5655 5808 5789 5637 5656 
2136 5808 5789 5637 5656 5809 5790 5638 5657 
2137 5809 5790 5638 5657 5810 5791 5639 5658 
2138 5810 5791 5639 5658 5811 5792 5640 5659 
2139 5811 5792 5640 5659 5812 5793 5641 5660 
2140 5812 5793 5641 5660 1984 1983 1975 1976 
2141 64 766 758 63 1899 5794 5642 1880 
2142 1899 5794 5642 1880 1900 5795 5643 1881 
2143 1900 5795 5643 1881 1901 5796 5644 1882 
2144 1901 5796 5644 1882 1902 5797 5645 1883 
2145 1902 5797 5645 1883 1903 5798 5646 1884 
2146 1903 5798 5646 1884 1904 5799 5647 1885 
2147 1904 5799 5647 1885 1905 5800 5648 1886 
2148 1905 5800 5648 1886 1906 5801 5649 1887 
2149 1906 5801 5649 1887 1907 5802 5650 1888 
2150 1907 5802 5650 1888 1908 5803 5651 1889 
2151 1908 5803 5651 1889 1909 5804 5652 1890 
2152 1909 5804 5652 1890 1910 5805 5653 1891 
2153 1910 5805 5653 1891 1911 5806 5654 1892 
2154 1911 5806 5654 1892 1912 5807 5655 1893 
2155 1912 5807 5655 1893 1913 5808 5656 1894 
2156 1913 5808 5656 1894 1914 5809 5657 1895 
2157 1914 5809 5657 1895 1915 5810 5658 1896 
2158 1915 5810 5658 1896 1916 5811 5659 1897 
2159 1916 5811 5659 1897 1917 5812 5660 1898 
2160 1917 5812 5660 1898 305 1984 1976 306 
2161 767 48 47 759 5813 1633 1614 5661 
2162 5813 1633 1614 5661 5814 1634 1615 5662 
2163 5814 1634 1615 5662 5815 1635 1616 5663 
2164 5815 1635 1616 5663 5816 1636 1617 5664 
2165 5816 1636 1617 5664 5817 1637 1618 5665 
2166 5817 1637 1618 5665 5818 1638 1619 5666 
2167 5818 1638 1619 5666 5819 1639 1620 5667 
2168 5819 1639 1620 5667 5820 1640 1621 5668 
2169 5820 1640 1621 5668 5821 1641 1622 5669 
2170 5821 1641 1622 5669 5822 1642 1623 5670 
2171 5822 1642 1623 5670 5823 1643 1624 5671 
2172 5823 1643 1624 5671 5824 1644 1625 5672 
2173 5824 1644 1625 5672 5825 1645 1626 5673 
2174 5825 1645 1626 5673 5826 1646 1627 5674 
2175 5826 1646 1627 5674 5827 1647 1628 5675 
2176 5827 1647 1628 5675 5828 1648 1629 5676 
2177 5828 1648 1629 5676 5829 1649 1630 5677 
2178 5829 1649 1630 5677 5830 1650 1631 5678 
2179 5830 1650 1631 5678 5831 1651 1632 5679 
2180 5831 1651 1632 5679 1985 295 294 1977 
2181 768 767 759 760 5832 5813 5661 5680 
2182 5832 5813 5661 5680 5833 5814 5662 5681 
2183 5833 5814 5662 5681 5834 5815 5663 5682 
2184 5834 5815 5663 5682 5835 5816 5664 5683 
2185 5835 5816 5664 5683 5836 5817 5665 5684 
2186 5836 5817 5665 5684 5837 5818 5666 5685 
2187 5837 5818 5666 5685 5838 5819 5667 5686 
2188 5838 5819 5667 5686 5839 5820 5668 5687 
2189 5839 5820 5668 5687 5840 5821 5669 5688 
2190 5840 5821 5669 5688 5841 5822 5670 5689 
2191 5841 5822 5670 5689 5842 5823 5671 5690 
2192 5842 5823 5671 5690 5843 5824 5672 5691 
2193 5843 5824 5672 5691 5844 5825 5673 5692 
2194 5844 5825 5673 5692 5845 5826 5674 5693 
2195 5845 5826 5674 5693 5846 5827 5675 5694 
2196 5846 5827 5675 5694 5847 5828 5676 5695 
2197 5847 5828 5676 5695 5848 5829 5677 5696 
2198 5848 5829 5677 5696 5849 5830 5678 5697 
2199 5849 5830 5678 5697 5850 5831 5679 5698 
2200 5850 5831 5679 5698 1986 1985 1977 1978 
2201 769 768 760 761 5851 5832 5680 5699 
2202 5851 5832 5680 5699 5852 5833 5681 5700 
2203 5852 5833 5681 5700 5853 5834 5682 5701 
2204 5853 5834 5682 5701 5854 5835 5683 5702 
2205 5854 5835 5683 5702 5855 5836 5684 5703 
2206 5855 5836 5684 5703 5856 5837 5685 5704 
2207 5856 5837 5685 5704 5857 5838 5686 5705 
2208 5857 5838 5686 5705 5858 5839 5687 5706 
2209 5858 5839 5687 5706 5859 5840 5688 5707 
2210 5859 5840 5688 5707 5860 5841 5689 5708 
2211 5860 5841 5689 5708 5861 5842 5690 5709 
2212 5861 5842 5690 5709 5862 5843 5691 5710 
2213 5862 5843 5691 5710 5863 5844 5692 5711 
2214 5863 5844 5692 5711 5864 5845 5693 5712 
2215 5864 5845 5693 5712 5865 5846 5694 5713 
2216 5865 5846 5694 5713 5866 5847 5695 5714 
2217 5866 5847 5695 5714 5867 5848 5696 5715 
2218 5867 5848 5696 5715 5868 5849 5697 5716 
2219 5868 5849 5697 5716 5869 5850 5698 5717 
2220 5869 5850 5698 5717 1987 1986 1978 1979 
2221 770 769 761 762 5870 5851 5699 5718 
2222 5870 5851 5699 5718 5871 5852 5700 5719 
2223 5871 5852 5700 5719 5872 5853 5701 5720 
2224 5872 5853 5701 5720 5873 5854 5702 5721 
2225 5873 5854 5702 5721 5874 5855 5703 5722 
2226 5874 5855 5703 5722 5875 5856 5704 5723 
2227 5875 5856 5704 5723 5876 5857 5705 5724 
2228 5876 5857 5705 5724 5877 5858 5706 5725 
2229 5877 5858 5706 5725 5878 5859 5707 5726 
2230 5878 5859 5707 5726 5879 5860 5708 5727 
2231 5879 5860 5708 5727 5880 5861 5709 5728 
2232 5880 5861 5709 5728 5881 5862 5710 5729 
2233 5881 5862 5710 5729 5882 5863 5711 5730 
2234 5882 5863 5711 5730 5883 5864 5712 5731 
2235 5883 5864 5712 5731 5884 5865 5713 5732 
2236 5884 5865 5713 5732 5885 5866 5714 5733 
2237 5885 5866 5714 5733 5886 5867 5715 5734 
2238 5886 5867 5715 5734 5887 5868 5716 5735 
2239 5887 5868 5716 5735 5888 5869 5717 5736 
2240 5888 5869 5717 5736 1988 1987 1979 1980 
2241 771 770 762 763 5889 5870 5718 5737 
2242 5889 5870 5718 5737 5890 5871 5719 5738 
2243 5890 5871 5719 5738 5891 5872 5720 5739 
2244 5891 5872 5720 5739 5892 5873 5721 5740 
2245 5892 5873 5721 5740 5893 5874 5722 5741 
2246 5893 5874 5722 5741 5894 5875 5723 5742 
2247 5894 5875 5723 5742 5895 5876 5724 5743 
2248 5895 5876 5724 5743 5896 5877 5725 5744 
2249 5896 5877 5725 5744 5897 5878 5726 5745 
2250 5897 5878 5726 5745 5898 5879 5727 5746 
2251 5898 5879 5727 5746 5899 5880 5728 5747 
2252 5899 5880 5728 5747 5900 5881 5729 5748 
2253 5900 5881 5729 5748 5901 5882 5730 5749 
2254 5901 5882 5730 5749 5902 5883 5731 5750 
2255 5902 5883 5731 5750 5903 5884 5732 5751 
2256 5903 5884 5732 5751 5904 5885 5733 5752 
2257 5904 5885 5733 5752 5905 5886 5734 5753 
2258 5905 5886 5734 5753 5906 5887 5735 5754 
2259 5906 5887 5735 5754 5907 5888 5736 5755 
2260 5907 5888 5736 5755 1989 1988 1980 1981 
2261 772 771 763 764 5908 5889 5737 5756 
2262 5908 5889 5737 5756 5909 5890 5738 5757 
2263 5909 5890 5738 5757 5910 5891 5739 5758 
2264 5910 5891 5739 5758 5911 5892 5740 5759 
2265 5911 5892 5740 5759 5912 5893 5741 5760 
2266 5912 5893 5741 5760 5913 5894 5742 5761 
2267 5913 5894 5742 5761 5914 5895 5743 5762 
2268 5914 5895 5743 5762 5915 5896 5744 5763 
2269 5915 5896 5744 5763 5916 5897 5745 5764 
2270 5916 5897 5745 5764 5917 5898 5746 5765 
2271 5917 5898 5746 5765 5918 5899 5747 5766 
2272 5918 5899 5747 5766 5919 5900 5748 5767 
2273 5919 5900 5748 5767 5920 5901 5749 5768 
2274 5920 5901 5749 5768 5921 5902 5750 5769 
2275 5921 5902 5750 5769 5922 5903 5751 5770 
2276 5922 5903 5751 5770 5923 5904 5752 5771 
2277 5923 5904 5752 5771 5924 5905 5753 5772 
2278 5924 5905 5753 5772 5925 5906 5754 5773 
2279 5925 5906 5754 5773 5926 5907 5755 5774 
2280 5926 5907 5755 5774 1990 1989 1981 1982 
2281 773 772 764 765 5927 5908 5756 5775 
2282 5927 5908 5756 5775 5928 5909 5757 5776 
2283 5928 5909 5757 5776 5929 5910 5758 5777 
2284 5929 5910 5758 5777 5930 5911 5759 5778 
2285 5930 5911 5759 5778 5931 5912 5760 5779 
2286 5931 5912 5760 5779 5932 5913 5761 5780 
2287 5932 5913 5761 5780 5933 5914 5762 5781 
2288 5933 5914 5762 5781 5934 5915 5763 5782 
2289 5934 5915 5763 5782 5935 5916 5764 5783 
2290 5935 5916 5764 5783 5936 5917 5765 5784 
2291 5936 5917 5765 5784 5937 5918 5766 5785 
2292 5937 5918 5766 5785 5938 5919 5767 5786 
2293 5938 5919 5767 5786 5939 5920 5768 5787 
2294 5939 5920 5768 5787 5940 5921 5769 5788 
2295 5940 5921 5769 5788 5941 5922 5770 5789 
2296 5941 5922 5770 5789 5942 5923 5771 5790 
2297 5942 5923 5771 5790 5943 5924 5772 5791 
2298 5943 5924 5772 5791 5944 5925 5773 5792 
2299 5944 5925 5773 5792 5945 5926 5774 5793 
2300 5945 5926 5774 5793 1991 1990 1982 1983 
2301 774 773 765 766 5946 5927 5775 5794 
2302 5946 5927 5775 5794 5947 5928 5776 5795 
2303 5947 5928 5776 5795 5948 5929 5777 5796 
2304 5948 5929 5777 5796 5949 5930 5778 5797 
2305 5949 5930 5778 5797 5950 5931 5779 5798 
2306 5950 5931 5779 5798 5951 5932 5780 5799 
2307 5951 5932 5780 5799 5952 5933 5781 5800 
2308 5952 5933 5781 5800 5953 5934 5782 5801 
2309 5953 5934 5782 5801 5954 5935 5783 5802 
2310 5954 5935 5783 5802 5955 5936 5784 5803 
2311 5955 5936 5784 5803 5956 5937 5785 5804 
2312 5956 5937 5785 5804 5957 5938 5786 5805 
2313 5957 5938 5786 5805 5958 5939 5787 5806 
2314 5958 5939 5787 5806 5959 5940 5788 5807 
2315 5959 5940 5788 5807 5960 5941 5789 5808 
2316 5960 5941 5789 5808 5961 5942 5790 5809 
2317 5961 5942 5790 5809 5962 5943 5791 5810 
2318 5962 5943 5791 5810 5963 5944 5792 5811 
2319 5963 5944 5792 5811 5964 5945 5793 5812 
2320 5964 5945 5793 5812 1992 1991 1983 1984 
2321 65 774 766 64 1918 5946 5794 1899 
2322 1918 5946 5794 1899 1919 5947 5795 1900 
2323 1919 5947 5795 1900 1920 5948 5796 1901 
2324 1920 5948 5796 1901 1921 5949 5797 1902 
2325 1921 5949 5797 1902 1922 5950 5798 1903 
2326 1922 5950 5798 1903 1923 5951 5799 1904 
2327 1923 5951 5799 1904 1924 5952 5800 1905 
2328 1924 5952 5800 1905 1925 5953 5801 1906 
2329 1925 5953 5801 1906 1926 5954 5802 1907 
2330 1926 5954 5802 1907 1927 5955 5803 1908 
2331 1927 5955 5803 1908 1928 5956 5804 1909 
2332 1928 5956 5804 1909 1929 5957 5805 1910 
2333 1929 5957 5805 1910 1930 5958 5806 1911 
2334 1930 5958 5806 1911 1931 5959 5807 1912 
2335 1931 5959 5807 1912 1932 5960 5808 1913 
2336 1932 5960 5808 1913 1933 5961 5809 1914 
2337 1933 5961 5809 1914 1934 5962 5810 1915 
2338 1934 5962 5810 1915 1935 5963 5811 1916 
2339 1935 5963 5811 1916 1936 5964 5812 1917 
2340 1936 5964 5812 1917 304 1992 1984 305 
2341 131 3 48 767 1652 311 1633 5813 
2342 1652 311 1633 5813 1653 312 1634 5814 
2343 1653 312 1634 5814 1654 313 1635 5815 
2344 1654 313 1635 5815 1655 314 1636 5816 
2345 1655 314 1636 5816 1656 315 1637 5817 
2346 1656 315 1637 5817 1657 316 1638 5818 
2347 1657 316 1638 5818 1658 317 1639 5819 
2348 1658 317 1639 5819 1659 318 1640 5820 
2349 1659 318 1640 5820 1660 319 1641 5821 
2350 1660 319 1641 5821 1661 320 1642 5822 
2351 1661 320 1642 5822 1662 321 1643 5823 
2352 1662 321 1643 5823 1663 322 1644 5824 
2353 1663 322 1644 5824 1664 323 1645 5825 
2354 1664 323 1645 5825 1665 324 1646 5826 
2355 1665 324 1646 5826 1666 325 1647 5827 
2356 1666 325 1647 5827 1667 326 1648 5828 
2357 1667 326 1648 5828 1668 327 1649 5829 
2358 1668 327 1649 5829 1669 328 1650 5830 
2359 1669 328 1650 5830 1670 329 1651 5831 
2360 1670 329 1651 5831 296 23 295 1985 
2361 132 131 767 768 1671 1652 5813 5832 
2362 1671 1652 5813 5832 1672 1653 5814 5833 
2363 1672 1653 5814 5833 1673 1654 5815 5834 
2364 1673 1654 5815 5834 1674 1655 5816 5835 
2365 1674 1655 5816 5835 1675 1656 5817 5836 
2366 1675 1656 5817 5836 1676 1657 5818 5837 
2367 1676 1657 5818 5837 1677 1658 5819 5838 
2368 1677 1658 5819 5838 1678 1659 5820 5839 
2369 1678 1659 5820 5839 1679 1660 5821 5840 
2370 1679 1660 5821 5840 1680 1661 5822 5841 
2371 1680 1661 5822 5841 1681 1662 5823 5842 
2372 1681 1662 5823 5842 1682 1663 5824 5843 
2373 1682 1663 5824 5843 1683 1664 5825 5844 
2374 1683 1664 5825 5844 1684 1665 5826 5845 
2375 1684 1665 5826 5845 1685 1666 5827 5846 
2376 1685 1666 5827 5846 1686 1667 5828 5847 
2377 1686 1667 5828 5847 1687 1668 5829 5848 
2378 1687 1668 5829 5848 1688 1669 5830 5849 
2379 1688 1669 5830 5849 1689 1670 5831 5850 
2380 1689 1670 5831 5850 297 296 1985 1986 
2381 133 132 768 769 1690 1671 5832 5851 
2382 1690 1671 5832 5851 1691 1672 5833 5852 
2383 1691 1672 5833 5852 1692 1673 5834 5853 
2384 1692 1673 5834 5853 1693 1674 5835 5854 
2385 1693 1674 5835 5854 1694 1675 5836 5855 
2386 1694 1675 5836 5855 1695 1676 5837 5856 
2387 1695 1676 5837 5856 1696 1677 5838 5857 
2388 1696 1677 5838 5857 1697 1678 5839 5858 
2389 1697 1678 5839 5858 1698 1679 5840 5859 
2390 1698 1679 5840 5859 1699 1680 5841 5860 
2391 1699 1680 5841 5860 1700 1681 5842 5861 
2392 1700 1681 5842 5861 1701 1682 5843 5862 
2393 1701 1682 5843 5862 1702 1683 5844 5863 
2394 1702 1683 5844 5863 1703 1684 5845 5864 
2395 1703 1684 5845 5864 1704 1685 5846 5865 
2396 1704 1685 5846 5865 1705 1686 5847 5866 
2397 1705 1686 5847 5866 1706 1687 5848 5867 
2398 1706 1687 5848 5867 1707 1688 5849 5868 
2399 1707 1688 5849 5868 1708 1689 5850 5869 
2400 1708 1689 5850 5869 298 297 1986 1987 
2401 134 133 769 770 1709 1690 5851 5870 
2402 1709 1690 5851 5870 1710 1691 5852 5871 
2403 1710 1691 5852 5871 1711 1692 5853 5872 
2404 1711 1692 5853 5872 1712 1693 5854 5873 
2405 1712 1693 5854 5873 1713 1694 5855 5874 
2406 1713 1694 5855 5874 1714 1695 5856 5875 
2407 1714 1695 5856 5875 1715 1696 5857 5876 
2408 1715 1696 5857 5876 1716 1697 5858 5877 
2409 1716 1697 5858 5877 1717 1698 5859 5878 
2410 1717 1698 5859 5878 1718 1699 5860 5879 
2411 1718 1699 5860 5879 1719 1700 5861 5880 
2412 1719 1700 5861 5880 1720 1701 5862 5881 
2413 1720 1701 5862 5881 1721 1702 5863 5882 
2414 1721 1702 5863 5882 1722 1703 5864 5883 
2415 1722 1703 5864 5883 1723 1704 5865 5884 
2416 1723 1704 5865 5884 1724 1705 5866 5885 
2417 1724 1705 5866 5885 1725 1706 5867 5886 
2418 1725 1706 5867 5886 1726 1707 5868 5887 
2419 1726 1707 5868 5887 1727 1708 5869 5888 
2420 1727 1708 5869 5888 299 298 1987 1988 
2421 135 134 770 771 1728 1709 5870 5889 
2422 1728 1709 5870 5889 1729 1710 5871 5890 
2423 1729 1710 5871 5890 1730 1711 5872 5891 
2424 1730 1711 5872 5891 1731 1712 5873 5892 
2425 1731 1712 5873 5892 1732 1713 5874 5893 
2426 1732 1713 5874 5893 1733 1714 5875 5894 
2427 1733 1714 5875 5894 1734 1715 5876 5895 
2428 1734 1715 5876 5895 1735 1716 5877 5896 
2429 1735 1716 5877 5896 1736 1717 5878 5897 
2430 1736 1717 5878 5897 1737 1718 5879 5898 
2431 1737 1718 5879 5898 1738 1719 5880 5899 
2432 1738 1719 5880 5899 1739 1720 5881 5900 
2433 1739 1720 5881 5900 1740 1721 5882 5901 
2434 1740 1721 5882 5901 1741 1722 5883 5902 
2435 1741 1722 5883 5902 1742 1723 5884 5903 
2436 1742 1723 5884 5903 1743 1724 5885 5904 
2437 1743 1724 5885 5904 1744 1725 5886 5905 
2438 1744 1725 5886 5905 1745 1726 5887 5906 
2439 1745 1726 5887 5906 1746 1727 5888 5907 
2440 1746 1727 5888 5907 300 299 1988 1989 
2441 136 135 771 772 1747 1728 5889 5908 
2442 1747 1728 5889 5908 1748 1729 5890 5909 
2443 1748 1729 5890 5909 1749 1730 5891 5910 
2444 1749 1730 5891 5910 1750 1731 5892 5911 
2445 1750 1731 5892 5911 1751 1732 5893 5912 
2446 1751 1732 5893 5912 1752 1733 5894 5913 
2447 1752 1733 5894 5913 1753 1734 5895 5914 
2448 1753 1734 5895 5914 1754 1735 5896 5915 
2449 1754 1735 5896 5915 1755 1736 5897 5916 
2450 1755 1736 5897 5916 1756 1737 5898 5917 
2451 1756 1737 5898 5917 1757 1738 5899 5918 
2452 1757 1738 5899 5918 1758 1739 5900 5919 
2453 1758 1739 5900 5919 1759 1740 5901 5920 
2454 1759 1740 5901 5920 1760 1741 5902 5921 
2455 1760 1741 5902 5921 1761 1742 5903 5922 
2456 1761 1742 5903 5922 1762 1743 5904 5923 
2457 1762 1743 5904 5923 1763 1744 5905 5924 
2458 1763 1744 5905 5924 1764 1745 5906 5925 
2459 1764 1745 5906 5925 1765 1746 5907 5926 
2460 1765 1746 5907 5926 301 300 1989 1990 
2461 137 136 772 773 1766 1747 5908 5927 
2462 1766 1747 5908 5927 1767 1748 5909 5928 
2463 1767 1748 5909 5928 1768 1749 5910 5929 
2464 1768 1749 5910 5929 1769 1750 5911 5930 
2465 1769 1750 5911 5930 1770 1751 5912 5931 
2466 1770 1751 5912 5931 1771 1752 5913 5932 
2467 1771 1752 5913 5932 1772 1753 5914 5933 
2468 1772 1753 5914 5933 1773 1754 5915 5934 
2469 1773 1754 5915 5934 1774 1755 5916 5935 
2470 1774 1755 5916 5935 1775 1756 5917 5936 
2471 1775 1756 5917 5936 1776 1757 5918 5937 
2472 1776 1757 5918 5937 1777 1758 5919 5938 
2473 1777 1758 5919 5938 1778 1759 5920 5939 
2474 1778 1759 5920 5939 1779 1760 5921 5940 
2475 1779 1760 5921 5940 1780 1761 5922 5941 
2476 1780 1761 5922 5941 1781 1762 5923 5942 
2477 1781 1762 5923 5942 1782 1763 5924 5943 
2478 1782 1763 5924 5943 1783 1764 5925 5944 
2479 1783 1764 5925 5944 1784 1765 5926 5945 
2480 1784 1765 5926 5945 302 301 1990 1991 
2481 138 137 773 774 1785 1766 5927 5946 
2482 1785 1766 5927 5946 1786 1767 5928 5947 
2483 1786 1767 5928 5947 1787 1768 5929 5948 
2484 1787 1768 5929 5948 1788 1769 5930 5949 
2485 1788 1769 5930 5949 1789 1770 5931 5950 
2486 1789 1770 5931 5950 1790 1771 5932 5951 
2487 1790 1771 5932 5951 1791 1772 5933 5952 
2488 1791 1772 5933 5952 1792 1773 5934 5953 
2489 1792 1773 5934 5953 1793 1774 5935 5954 
2490 1793 1774 5935 5954 1794 1775 5936 5955 
2491 1794 1775 5936 5955 1795 1776 5937 5956 
2492 1795 1776 5937 5956 1796 1777 5938 5957 
2493 1796 1777 5938 5957 1797 1778 5939 5958 
2494 1797 1778 5939 5958 1798 1779 5940 5959 
2495 1798 1779 5940 5959 1799 1780 5941 5960 
2496 1799 1780 5941 5960 1800 1781 5942 5961 
2497 1800 1781 5942 5961 1801 1782 5943 5962 
2498 1801 1782 5943 5962 1802 1783 5944 5963 
2499 1802 1783 5944 5963 1803 1784 5945 5964 
2500 1803 1784 5945 5964 303 302 1991 1992 
2501 7 138 774 65 330 1785 5946 1918 
2502 330 1785 5946 1918 331 1786 5947 1919 
2503 331 1786 5947 1919 332 1787 5948 1920 
2504 332 1787 5948 1920 333 1788 5949 1921 
2505 333 1788 5949 1921 334 1789 5950 1922 
2506 334 1789 5950 1922 335 1790 5951 1923 
2507 335 1790 5951 1923 336 1791 5952 1924 
2508 336 1791 5952 1924 337 1792 5953 1925 
2509 337 1792 5953 1925 338 1793 5954 1926 
2510 338 1793 5954 1926 339 1794 5955 1927 
2511 339 1794 5955 1927 340 1795 5956 1928 
2512 340 1795 5956 1928 341 1796 5957 1929 
2513 341 1796 5957 1929 342 1797 5958 1930 
2514 342 1797 5958 1930 343 1798 5959 1931 
2515 343 1798 5959 1931 344 1799 5960 1932 
2516 344 1799 5960 1932 345 1800 5961 1933 
2517 345 1800 5961 1933 346 1801 5962 1934 
2518 346 1801 5962 1934 347 1802 5963 1935 
2519 347 1802 5963 1935 348 1803 5964 1936 
2520 348 1803 5964 1936 24 303 1992 304 
3 3 5 1080
2521 775 49 3 131 5965 1993 311 1652 
2522 5965 1993 311 1652 5966 1994 312 1653 
2523 5966 1994 312 1653 5967 1995 313 1654 
2524 5967 1995 313 1654 5968 1996 314 1655 
2525 5968 1996 314 1655 5969 1997 315 1656 
2526 5969 1997 315 1656 5970 1998 316 1657 
2527 5970 1998 316 1657 5971 1999 317 1658 
2528 5971 1999 317 1658 5972 2000 318 1659 
2529 5972 2000 318 1659 5973 2001 319 1660 
2530 5973 2001 319 1660 5974 2002 320 1661 
2531 5974 2002 320 1661 5975 2003 321 1662 
2532 5975 2003 321 1662 5976 2004 322 1663 
2533 5976 2004 322 1663 5977 2005 323 1664 
2534 5977 2005 323 1664 5978 2006 324 1665 
2535 5978 2006 324 1665 5979 2007 325 1666 
2536 5979 2007 325 1666 5980 2008 326 1667 
2537 5980 2008 326 1667 5981 2009 327 1668 
2538 5981 2009 327 1668 5982 2010 328 1669 
2539 5982 2010 328 1669 5983 2011 329 1670 
2540 5983 2011 329 1670 2335 349 23 296 
2541 776 775 131 132 5984 5965 1652 1671 
2542 5984 5965 1652 1671 5985 5966 1653 1672 
2543 5985 5966 1653 1672 5986 5967 1654 1673 
2544 5986 5967 1654 1673 5987 5968 1655 1674 
2545 5987 5968 1655 1674 5988 5969 1656 1675 
2546 5988 5969 1656 1675 5989 5970 1657 1676 
2547 5989 5970 1657 1676 5990 5971 1658 1677 
2548 5990 5971 1658 1677 5991 5972 1659 1678 
2549 5991 5972 1659 1678 5992 5973 1660 1679 
2550 5992 5973 1660 1679 5993 5974 1661 1680 
2551 5993 5974 1661 1680 5994 5975 1662 1681 
2552 5994 5975 1662 1681 5995 5976 1663 1682 
2553 5995 5976 1663 1682 5996 5977 1664 1683 
2554 5996 5977 1664 1683 5997 5978 1665 1684 
2555 5997 5978 1665 1684 5998 5979 1666 1685 
2556 5998 5979 1666 1685 5999 5980 1667 1686 
2557 5999 5980 1667 1686 6000 5981 1668 1687 
2558 6000 5981 1668 1687 6001 5982 1669 1688 
2559 6001 5982 1669 1688 6002 5983 1670 1689 
2560 6002 5983 1670 1689 2336 2335 296 297 
2561 777 776 132 133 6003 5984 1671 1690 
2562 6003 5984 1671 1690 6004 5985 1672 1691 
2563 6004 5985 1672 1691 6005 5986 1673 1692 
2564 6005 5986 1673 1692 6006 5987 1674 1693 
2565 6006 5987 1674 1693 6007 5988 1675 1694 
2566 6007 5988 1675 1694 6008 5989 1676 1695 
2567 6008 5989 1676 1695 6009 5990 1677 1696 
2568 6009 5990 1677 1696 6010 5991 1678 1697 
2569 6010 5991 1678 1697 6011 5992 1679 1698 
2570 6011 5992 1679 1698 6012 5993 1680 1699 
2571 6012 5993 1680 1699 6013 5994 1681 1700 
2572 6013 5994 1681 1700 6014 5995 1682 1701 
2573 6014 5995 1682 1701 6015 5996 1683 1702 
2574 6015 5996 1683 1702 6016 5997 1684 1703 
2575 6016 5997 1684 1703 6017 5998 1685 1704 
2576 6017 5998 1685 1704 6018 5999 1686 1705 
2577 6018 5999 1686 1705 6019 6000 1687 1706 
2578 6019 6000 1687 1706 6020 6001 1688 1707 
2579 6020 6001 1688 1707 6021 6002 1689 1708 
2580 6021 6002 1689 1708 2337 2336 297 298 
2581 778 777 133 134 6022 6003 1690 1709 
2582 6022 6003 1690 1709 6023 6004 1691 1710 
2583 6023 6004 1691 1710 6024 6005 1692 1711 
2584 6024 6005 1692 1711 6025 6006 1693 1712 
2585 6025 6006 1693 1712 6026 6007 1694 1713 
2586 6026 6007 1694 1713 6027 6008 1695 1714 
2587 6027 6008 1695 1714 6028 6009 1696 1715 
2588 6028 6009 1696 1715 6029 6010 1697 1716 
2589 6029 6010 1697 1716 6030 6011 1698 1717 
2590 6030 6011 1698 1717 6031 6012 1699 1718 
2591 6031 6012 1699 1718 6032 6013 1700 1719 
2592 6032 6013 1700 1719 6033 6014 1701 1720 
2593 6033 6014 1701 1720 6034 6015 1702 1721 
2594 6034 6015 1702 1721 6035 6016 1703 1722 
2595 6035 6016 1703 1722 6036 6017 1704 1723 
2596 6036 6017 1704 1723 6037 6018 1705 1724 
2597 6037 6018 1705 1724 6038 6019 1706 1725 
2598 6038 6019 1706 1725 6039 6020 1707 1726 
2599 6039 6020 1707 1726 6040 6021 1708 1727 
2600 6040 6021 1708 1727 2338 2337 298 299 
2601 779 778 134 135 6041 6022 1709 1728 
2602 6041 6022 1709 1728 6042 6023 1710 1729 
2603 6042 6023 1710 1729 6043 6024 1711 1730 
2604 6043 6024 1711 1730 6044 6025 1712 1731 
2605 6044 6025 1712 1731 6045 6026 1713 1732 
2606 6045 6026 1713 1732 6046 6027 1714 1733 
2607 6046 6027 1714 1733 6047 6028 1715 1734 
2608 6047 6028 1715 1734 6048 6029 1716 1735 
2609 6048 6029 1716 1735 6049 6030 1717 1736 
2610 6049 6030 1717 1736 6050 6031 1718 1737 
2611 6050 6031 1718 1737 6051 6032 1719 1738 
2612 6051 6032 1719 1738 6052 6033 1720 1739 
2613 6052 6033 1720 1739 6053 6034 1721 1740 
2614 6053 6034 1721 1740 6054 6035 1722 1741 
2615 6054 6035 1722 1741 6055 6036 1723 1742 
2616 6055 6036 1723 1742 6056 6037 1724 1743 
2617 6056 6037 1724 1743 6057 6038 1725 1744 
2618 6057 6038 1725 1744 6058 6039 1726 1745 
2619 6058 6039 1726 1745 6059 6040 1727 1746 
2620 6059 6040 1727 1746 2339 2338 299 300 
2621 780 779 135 136 6060 6041 1728 1747 
2622 6060 6041 1728 1747 6061 6042 1729 1748 
2623 6061 6042 1729 1748 6062 6043 1730 1749 
2624 6062 6043 1730 1749 6063 6044 1731 1750 
2625 6063 6044 1731 1750 6064 6045 1732 1751 
2626 6064 6045 1732 1751 6065 6046 1733 1752 
2627 6065 6046 1733 1752 6066 6047 1734 1753 
2628 6066 6047 1734 1753 6067 6048 1735 1754 
2629 6067 6048 1735 1754 6068 6049 1736 1755 
2630 6068 6049 1736 1755 6069 6050 1737 1756 
2631 6069 6050 1737 1756 6070 6051 1738 1757 
2632 6070 6051 1738 1757 6071 6052 1739 1758 
2633 6071 6052 1739 1758 6072 6053 1740 1759 
2634 6072 6053 1740 1759 6073 6054 1741 1760 
2635 6073 6054 1741 1760 6074 6055 1742 1761 
2636 6074 6055 1742 1761 6075 6056 1743 1762 
2637 6075 6056 1743 1762 6076 6057 1744 1763 
2638 6076 6057 1744 1763 6077 6058 1745 1764 
2639 6077 6058 1745 1764 6078 6059 1746 1765 
2640 6078 6059 1746 1765 2340 2339 300 301 
2641 781 780 136 137 6079 6060 1747 1766 
2642 6079 6060 1747 1766 6080 6061 1748 1767 
2643 6080 6061 1748 1767 6081 6062 1749 1768 
2644 6081 6062 1749 1768 6082 6063 1750 1769 
2645 6082 6063 1750 1769 6083 6064 1751 1770 
2646 6083 6064 1751 1770 6084 6065 1752 1771 
2647 6084 6065 1752 1771 6085 6066 1753 1772 
2648 6085 6066 1753 1772 6086 6067 1754 1773 
2649 6086 6067 1754 1773 6087 6068 1755 1774 
2650 6087 6068 1755 1774 6088 6069 1756 1775 
2651 6088 6069 1756 1775 6089 6070 1757 1776 
2652 6089 6070 1757 1776 6090 6071 1758 1777 
2653 6090 6071 1758 1777 6091 6072 1759 1778 
2654 6091 6072 1759 1778 6092 6073 1760 1779 
2655 6092 6073 1760 1779 6093 6074 1761 1780 
2656 6093 6074 1761 1780 6094 6075 1762 1781 
2657 6094 6075 1762 1781 6095 6076 1763 1782 
2658 6095 6076 1763 1782 6096 6077 1764 1783 
2659 6096 6077 1764 1783 6097 6078 1765 1784 
2660 6097 6078 1765 1784 2341 2340 301 302 
2661 782 781 137 138 6098 6079 1766 1785 
2662 6098 6079 1766 1785 6099 6080 1767 1786 
2663 6099 6080 1767 1786 6100 6081 1768 1787 
2664 6100 6081 1768 1787 6101 6082 1769 1788 
2665 6101 6082 1769 1788 6102 6083 1770 1789 
2666 6102 6083 1770 1789 6103 6084 1771 1790 
2667 6103 6084 1771 1790 6104 6085 1772 1791 
2668 6104 6085 1772 1791 6105 6086 1773 1792 
2669 6105 6086 1773 1792 6106 6087 1774 1793 
2670 6106 6087 1774 1793 6107 6088 1775 1794 
2671 6107 6088 1775 1794 6108 6089 1776 1795 
2672 6108 6089 1776 1795 6109 6090 1777 1796 
2673 6109 6090 1777 1796 6110 6091 1778 1797 
2674 6110 6091 1778 1797 6111 6092 1779 1798 
2675 6111 6092 1779 1798 6112 6093 1780 1799 
2676 6112 6093 1780 1799 6113 6094 1781 1800 
2677 6113 6094 1781 1800 6114 6095 1782 1801 
2678 6114 6095 1782 1801 6115 6096 1783 1802 
2679 6115 6096 1783 1802 6116 6097 1784 1803 
2680 6116 6097 1784 1803 2342 2341 302 303 
2681 95 782 138 7 2240 6098 1785 330 
2682 2240 6098 1785 330 2241 6099 1786 331 
2683 2241 6099 1786 331 2242 6100 1787 332 
2684 2242 6100 1787 332 2243 6101 1788 333 
2685 2243 6101 1788 333 2244 6102 1789 334 
2686 2244 6102 1789 334 2245 6103 1790 335 
2687 2245 6103 1790 335 2246 6104 1791 336 
2688 2246 6104 1791 336 2247 6105 1792 337 
2689 2247 6105 1792 337 2248 6106 1793 338 
2690 2248 6106 1793 338 2249 6107 1794 339 
2691 2249 6107 1794 339 2250 6108 1795 340 
2692 2250 6108 1795 340 2251 6109 1796 341 
2693 2251 6109 1796 341 2252 6110 1797 342 
2694 2252 6110 1797 342 2253 6111 1798 343 
2695 2253 6111 1798 343 2254 6112 1799 344 
2696 2254 6112 1799 344 2255 6113 1800 345 
2697 2255 6113 1800 345 2256 6114 1801 346 
2698 2256 6114 1801 346 2257 6115 1802 347 
2699 2257 6115 1802 347 2258 6116 1803 348 
2700 2258 6116 1803 348 366 2342 303 24 
2701 783 50 49 775 6117 2012 1993 5965 
2702 6117 2012 1993 5965 6118 2013 1994 5966 
2703 6118 2013 1994 5966 6119 2014 1995 5967 
2704 6119 2014 1995 5967 6120 2015 1996 5968 
2705 6120 2015 1996 5968 6121 2016 1997 5969 
2706 6121 2016 1997 5969 6122 2017 1998 5970 
2707 6122 2017 1998 5970 6123 2018 1999 5971 
2708 6123 2018 1999 5971 6124 2019 2000 5972 
2709 6124 2019 2000 5972 6125 2020 2001 5973 
2710 6125 2020 2001 5973 6126 2021 2002 5974 
2711 6126 2021 2002 5974 6127 2022 2003 5975 
2712 6127 2022 2003 5975 6128 2023 2004 5976 
2713 6128 2023 2004 5976 6129 2024 2005 5977 
2714 6129 2024 2005 5977 6130 2025 2006 5978 
2715 6130 2025 2006 5978 6131 2026 2007 5979 
2716 6131 2026 2007 5979 6132 2027 2008 5980 
2717 6132 2027 2008 5980 6133 2028 2009 5981 
2718 6133 2028 2009 5981 6134 2029 2010 5982 
2719 6134 2029 2010 5982 6135 2030 2011 5983 
2720 6135 2030 2011 5983 2343 350 349 2335 
2721 784 783 775 776 6136 6117 5965 5984 
2722 6136 6117 5965 5984 6137 6118 5966 5985 
2723 6137 6118 5966 5985 6138 6119 5967 5986 
2724 6138 6119 5967 5986 6139 6120 5968 5987 
2725 6139 6120 5968 5987 6140 6121 5969 5988 
2726 6140 6121 5969 5988 6141 6122 5970 5989 
2727 6141 6122 5970 5989 6142 6123 5971 5990 
2728 6142 6123 5971 5990 6143 6124 5972 5991 
2729 6143 6124 5972 5991 6144 6125 5973 5992 
2730 6144 6125 5973 5992 6145 6126 5974 5993 
2731 6145 6126 5974 5993 6146 6127 5975 5994 
2732 6146 6127 5975 5994 6147 6128 5976 5995 
2733 6147 6128 5976 5995 6148 6129 5977 5996 
2734 6148 6129 5977 5996 6149 6130 5978 5997 
2735 6149 6130 5978 5997 6150 6131 5979 5998 
2736 6150 6131 5979 5998 6151 6132 5980 5999 
2737 6151 6132 5980 5999 6152 6133 5981 6000 
2738 6152 6133 5981 6000 6153 6134 5982 6001 
2739 6153 6134 5982 6001 6154 6135 5983 6002 
2740 6154 6135 5983 6002 2344 2343 2335 2336 
2741 785 784 776 777 6155 6136 5984 6003 
2742 6155 6136 5984 6003 6156 6137 5985 6004 
2743 6156 6137 5985 6004 6157 6138 5986 6005 
2744 6157 6138 5986 6005 6158 6139 5987 6006 
2745 6158 6139 5987 6006 6159 6140 5988 6007 
2746 6159 6140 5988 6007 6160 6141 5989 6008 
2747 6160 6141 5989 6008 6161 6142 5990 6009 
2748 6161 6142 5990 6009 6162 6143 5991 6010 
2749 6162 6143 5991 6010 6163 6144 5992 6011 
2750 6163 6144 5992 6011 6164 6145 5993 6012 
2751 6164 6145 5993 6012 6165 6146 5994 6013 
2752 6165 6146 5994 6013 6166 6147 5995 6014 
2753 6166 6147 5995 6014 6167 6148 5996 6015 
2754 6167 6148 5996 6015 6168 6149 5997 6016 
2755 6168 6149 5997 6016 6169 6150 5998 6017 
2756 6169 6150 5998 6017 6170 6151 5999 6018 
2757 6170 6151 5999 6018 6171 6152 6000 6019 
2758 6171 6152 6000 6019 6172 6153 6001 6020 
2759 6172 6153 6001 6020 6173 6154 6002 6021 
2760 6173 6154 6002 6021 2345 2344 2336 2337 
2761 786 785 777 778 6174 6155 6003 6022 
2762 6174 6155 6003 6022 6175 6156 6004 6023 
2763 6175 6156 6004 6023 6176 6157 6005 6024 
2764 6176 6157 6005 6024 6177 6158 6006 6025 
2765 6177 6158 6006 6025 6178 6159 6007 6026 
2766 6178 6159 6007 6026 6179 6160 6008 6027 
2767 6179 6160 6008 6027 6180 6161 6009 6028 
2768 6180 6161 6009 6028 6181 6162 6010 6029 
2769 6181 6162 6010 6029 6182 6163 6011 6030 
2770 6182 6163 6011 6030 6183 6164 6012 6031 
2771 6183 6164 6012 6031 6184 6165 6013 6032 
2772 6184 6165 6013 6032 6185 6166 6014 6033 
2773 6185 6166 6014 6033 6186 6167 6015 6034 
2774 6186 6167 6015 6034 6187 6168 6016 6035 
2775 6187 6168 6016 6035 6188 6169 6017 6036 
2776 6188 6169 6017 6036 6189 6170 6018 6037 
2777 6189 6170 6018 6037 6190 6171 6019 6038 
2778 6190 6171 6019 6038 6191 6172 6020 6039 
2779 6191 6172 6020 6039 6192 6173 6021 6040 
2780 6192 6173 6021 6040 2346 2345 2337 2338 
2781 787 786 778 779 6193 6174 6022 6041 
2782 6193 6174 6022 6041 6194 6175 6023 6042 
2783 6194 6175 6023 6042 6195 6176 6024 6043 
2784 6195 6176 6024 6043 6196 6177 6025 6044 
2785 6196 6177 6025 6044 6197 6178 6026 6045 
2786 6197 6178 6026 6045 6198 6179 6027 6046 
2787 6198 6179 6027 6046 6199 6180 6028 6047 
2788 6199 6180 6028 6047 6200 6181 6029 6048 
2789 6200 6181 6029 6048 6201 6182 6030 6049 
2790 6201 6182 6030 6049 6202 6183 6031 6050 
2791 6202 6183 6031 6050 6203 6184 6032 6051 
2792 6203 6184 6032 6051 6204 6185 6033 6052 
2793 6204 6185 6033 6052 6205 6186 6034 6053 
2794 6205 6186 6034 6053 6206 6187 6035 6054 
2795 6206 6187 6035 6054 6207 6188 6036 6055 
2796 6207 6188 6036 6055 6208 6189 6037 6056 
2797 6208 6189 6037 6056 6209 6190 6038 6057 
2798 6209 6190 6038 6057 6210 6191 6039 6058 
2799 6210 6191 6039 6058 6211 6192 6040 6059 
2800 6211 6192 6040 6059 2347 2346 2338 2339 
2801 788 787 779 780 6212 6193 6041 6060 
2802 6212 6193 6041 6060 6213 6194 6042 6061 
2803 6213 6194 6042 6061 6214 6195 6043 6062 
2804 6214 6195 6043 6062 6215 6196 6044 6063 
2805 6215 6196 6044 6063 6216 6197 6045 6064 
2806 6216 6197 6045 6064 6217 6198 6046 6065 
2807 6217 6198 6046 6065 6218 6199 6047 6066 
2808 6218 6199 6047 6066 6219 6200 6048 6067 
2809 6219 6200 6048 6067 6220 6201 6049 6068 
2810 6220 6201 6049 6068 6221 6202 6050 6069 
2811 6221 6202 6050 6069 6222 6203 6051 6070 
2812 6222 6203 6051 6070 6223 6204 6052 6071 
2813 6223 6204 6052 6071 6224 6205 6053 6072 
2814 6224 6205 6053 6072 6225 6206 6054 6073 
2815 6225 6206 6054 6073 6226 6207 6055 6074 
2816 6226 6207 6055 6074 6227 6208 6056 6075 
2817 6227 6208 6056 6075 6228 6209 6057 6076 
2818 6228 6209 6057 6076 6229 6210 6058 6077 
2819 6229 6210 6058 6077 6230 6211 6059 6078 
2820 6230 6211 6059 6078 2348 2347 2339 2340 
2821 789 788 780 781 6231 6212 6060 6079 
2822 6231 6212 6060 6079 6232 6213 6061 6080 
2823 6232 6213 6061 6080 6233 6214 6062 6081 
2824 6233 6214 6062 6081 6234 6215 6063 6082 
2825 6234 6215 6063 6082 6235 6216 6064 6083 
2826 6235 6216 6064 6083 6236 6217 6065 6084 
2827 6236 6217 6065 6084 6237 6218 6066 6085 
2828 6237 6218 6066 6085 6238 6219 6067 6086 
2829 6238 6219 6067 6086 6239 6220 6068 6087 
2830 6239 6220 6068 6087 6240 6221 6069 6088 
2831 6240 6221 6069 6088 6241 6222 6070 6089 
2832 6241 6222 6070 6089 6242 6223 6071 6090 
2833 6242 6223 6071 6090 6243 6224 6072 6091 
2834 6243 6224 6072 6091 6244 6225 6073 6092 
2835 6244 6225 6073 6092 6245 6226 6074 6093 
2836 6245 6226 6074 6093 6246 6227 6075 6094 
2837 6246 6227 6075 6094 6247 6228 6076 6095 
2838 6247 6228 6076 6095 6248 6229 6077 6096 
2839 6248 6229 6077 6096 6249 6230 6078 6097 
2840 6249 6230 6078 6097 2349 2348 2340 2341 
2841 790 789 781 782 6250 6231 6079 6098 
2842 6250 6231 6079 6098 6251 6232 6080 6099 
2843 6251 6232 6080 6099 6252 6233 6081 6100 
2844 6252 6233 6081 6100 6253 6234 6082 6101 
2845 6253 6234 6082 6101 6254 6235 6083 6102 
2846 6254 6235 6083 6102 6255 6236 6084 6103 
2847 6255 6236 6084 6103 6256 6237 6085 6104 
2848 6256 6237 6085 6104 6257 6238 6086 6105 
2849 6257 6238 6086 6105 6258 6239 6087 6106 
2850 6258 6239 6087 6106 6259 6240 6088 6107 
2851 6259 6240 6088 6107 6260 6241 6089 6108 
2852 6260 6241 6089 6108 6261 6242 6090 6109 
2853 6261 6242 6090 6109 6262 6243 6091 6110 
2854 6262 6243 6091 6110 6263 6244 6092 6111 
2855 6263 6244 6092 6111 6264 6245 6093 6112 
2856 6264 6245 6093 6112 6265 6246 6094 6113 
2857 6265 6246 6094 6113 6266 6247 6095 6114 
2858 6266 6247 6095 6114 6267 6248 6096 6115 
2859 6267 6248 6096 6115 6268 6249 6097 6116 
2860 6268 6249 6097 6116 2350 2349 2341 2342 
2861 96 790 782 95 2259 6250 6098 2240 
2862 2259 6250 6098 2240 2260 6251 6099 2241 
2863 2260 6251 6099 2241 2261 6252 6100 2242 
2864 2261 6252 6100 2242 2262 6253 6101 2243 
2865 2262 6253 6101 2243 2263 6254 6102 2244 
2866 2263 6254 6102 2244 2264 6255 6103 2245 
2867 2264 6255 6103 2245 2265 6256 6104 2246 
2868 2265 6256 6104 2246 2266 6257 6105 2247 
2869 2266 6257 6105 2247 2267 6258 6106 2248 
2870 2267 6258 6106 2248 2268 6259 6107 2249 
2871 2268 6259 6107 2249 2269 6260 6108 2250 
2872 2269 6260 6108 2250 2270 6261 6109 2251 
2873 2270 6261 6109 2251 2271 6262 6110 2252 
2874 2271 6262 6110 2252 2272 6263 6111 2253 
2875 2272 6263 6111 2253 2273 6264 6112 2254 
2876 2273 6264 6112 2254 2274 6265 6113 2255 
2877 2274 6265 6113 2255 2275 6266 6114 2256 
2878 2275 6266 6114 2256 2276 6267 6115 2257 
2879 2276 6267 6115 2257 2277 6268 6116 2258 
2880 2277 6268 6116 2258 365 2350 2342 366 
2881 791 51 50 783 6269 2031 2012 6117 
2882 6269 2031 2012 6117 6270 2032 2013 6118 
2883 6270 2032 2013 6118 6271 2033 2014 6119 
2884 6271 2033 2014 6119 6272 2034 2015 6120 
2885 6272 2034 2015 6120 6273 2035 2016 6121 
2886 6273 2035 2016 6121 6274 2036 2017 6122 
2887 6274 2036 2017 6122 6275 2037 2018 6123 
2888 6275 2037 2018 6123 6276 2038 2019 6124 
2889 6276 2038 2019 6124 6277 2039 2020 6125 
2890 6277 2039 2020 6125 6278 2040 2021 6126 
2891 6278 2040 2021 6126 6279 2041 2022 6127 
2892 6279 2041 2022 6127 6280 2042 2023 6128 
2893 6280 2042 2023 6128 6281 2043 2024 6129 
2894 6281 2043 2024 6129 6282 2044 2025 6130 
2895 6282 2044 2025 6130 6283 2045 2026 6131 
2896 6283 2045 2026 6131 6284 2046 2027 6132 
2897 6284 2046 2027 6132 6285 2047 2028 6133 
2898 6285 2047 2028 6133 6286 2048 2029 6134 
2899 6286 2048 2029 6134 6287 2049 2030 6135 
2900 6287 2049 2030 6135 2351 351 350 2343 
2901 792 791 783 784 6288 6269 6117 6136 
2902 6288 6269 6117 6136 6289 6270 6118 6137 
2903 6289 6270 6118 6137 6290 6271 6119 6138 
2904 6290 6271 6119 6138 6291 6272 6120 6139 
2905 6291 6272 6120 6139 6292 6273 6121 6140 
2906 6292 6273 6121 6140 6293 6274 6122 6141 
2907 6293 6274 6122 6141 6294 6275 6123 6142 
2908 6294 6275 6123 6142 6295 6276 6124 6143 
2909 6295 6276 6124 6143 6296 6277 6125 6144 
2910 6296 6277 6125 6144 6297 6278 6126 6145 
2911 6297 6278 6126 6145 6298 6279 6127 6146 
2912 6298 6279 6127 6146 6299 6280 6128 6147 
2913 6299 6280 6128 6147 6300 6281 6129 6148 
2914 6300 6281 6129 6148 6301 6282 6130 6149 
2915 6301 6282 6130 6149 6302 6283 6131 6150 
2916 6302 6283 6131 6150 6303 6284 6132 6151 
2917 6303 6284 6132 6151 6304 6285 6133 6152 
2918 6304 6285 6133 6152 6305 6286 6134 6153 
2919 6305 6286 6134 6153 6306 6287 6135 6154 
2920 6306 6287 6135 6154 2352 2351 2343 2344 
2921 793 792 784 785 6307 6288 6136 6155 
2922 6307 6288 6136 6155 6308 6289 6137 6156 
2923 6308 6289 6137 6156 6309 6290 6138 6157 
2924 6309 6290 6138 6157 6310 6291 6139 6158 
2925 6310 6291 6139 6158 6311 6292 6140 6159 
2926 6311 6292 6140 6159 6312 6293 6141 6160 
2927 6312 6293 6141 6160 6313 6294 6142 6161 
2928 6313 6294 6142 6161 6314 6295 6143 6162 
2929 6314 6295 6143 6162 6315 6296 6144 6163 
2930 6315 6296 6144 6163 6316 6297 6145 6164 
2931 6316 6297 6145 6164 6317 6298 6146 6165 
2932 6317 6298 6146 6165 6318 6299 6147 6166 
2933 6318 6299 6147 6166 6319 6300 6148 6167 
2934 6319 6300 6148 6167 6320 6301 6149 6168 
2935 6320 6301 6149 6168 6321 6302 6150 6169 
2936 6321 6302 6150 6169 6322 6303 6151 6170 
2937 6322 6303 6151 6170 6323 6304 6152 6171 
2938 6323 6304 6152 6171 6324 6305 6153 6172 
2939 6324 6305 6153 6172 6325 6306 6154 6173 
2940 6325 6306 6154 6173 2353 2352 2344 2345 
2941 794 793 785 786 6326 6307 6155 6174 
2942 6326 6307 6155 6174 6327 6308 6156 6175 
2943 6327 6308 6156 6175 6328 6309 6157 6176 
2944 6328 6309 6157 6176 6329 6310 6158 6177 
2945 6329 6310 6158 6177 6330 6311 6159 6178 
2946 6330 6311 6159 6178 6331 6312 6160 6179 
2947 6331 6312 6160 6179 6332 6313 6161 6180 
2948 6332 6313 6161 6180 6333 6314 6162 6181 
2949 6333 6314 6162 6181 6334 6315 6163 6182 
2950 6334 6315 6163 6182 6335 6316 6164 6183 
2951 6335 6316 6164 6183 6336 6317 6165 6184 
2952 6336 6317 6165 6184 6337 6318 6166 6185 
2953 6337 6318 6166 6185 6338 6319 6167 6186 
2954 6338 6319 6167 6186 6339 6320 6168 6187 
2955 6339 6320 6168 6187 6340 6321 6169 6188 
2956 6340 6321 6169 6188 6341 6322 6170 6189 
2957 6341 6322 6170 6189 6342 6323 6171 6190 
2958 6342 6323 6171 6190 6343 6324 6172 6191 
2959 6343 6324 6172 6191 6344 6325 6173 6192 
2960 6344 6325 6173 6192 2354 2353 2345 2346 
2961 795 794 786 787 6345 6326 6174 6193 
2962 6345 6326 6174 6193 6346 6327 6175 6194 
2963 6346 6327 6175 6194 6347 6328 6176 6195 
2964 6347 6328 6176 6195 6348 6329 6177 6196 
2965 6348 6329 6177 6196 6349 6330 6178 6197 
2966 6349 6330 6178 6197 6350 6331 6179 6198 
2967 6350 6331 6179 6198 6351 6332 6180 6199 
2968 6351 6332 6180 6199 6352 6333 6181 6200 
2969 6352 6333 6181 6200 6353 6334 6182 6201 
2970 6353 6334 6182 6201 6354 6335 6183 6202 
2971 6354 6335 6183 6202 6355 6336 6184 6203 
2972 6355 6336 6184 6203 6356 6337 6185 6204 
2973 6356 6337 6185 6204 6357 6338 6186 6205 
2974 6357 6338 6186 6205 6358 6339 6187 6206 
2975 6358 6339 6187 6206 6359 6340 6188 6207 
2976 6359 6340 6188 6207 6360 6341 6189 6208 
2977 6360 6341 6189 6208 6361 6342 6190 6209 
2978 6361 6342 6190 6209 6362 6343 6191 6210 
2979 6362 6343 6191 6210 6363 6344 6192 6211 
2980 6363 6344 6192 6211 2355 2354 2346 2347 
2981 796 795 787 788 6364 6345 6193 6212 
2982 6364 6345 6193 6212 6365 6346 6194 6213 
2983 6365 6346 6194 6213 6366 6347 6195 6214 
2984 6366 6347 6195 6214 6367 6348 6196 6215 
2985 6367 6348 6196 6215 6368 6349 6197 6216 
2986 6368 6349 6197 6216 6369 6350 6198 6217 
2987 6369 6350 6198 6217 6370 6351 6199 6218 
2988 6370 6351 6199 6218 6371 6352 6200 6219 
2989 6371 6352 6200 6219 6372 6353 6201 6220 
2990 6372 6353 6201 6220 6373 6354 6202 6221 
2991 6373 6354 6202 6221 6374 6355 6203 6222 
2992 6374 6355 6203 6222 6375 6356 6204 6223 
2993 6375 6356 6204 6223 6376 6357 6205 6224 
2994 6376 6357 6205 6224 6377 6358 6206 6225 
2995 6377 6358 6206 6225 6378 6359 6207 6226 
2996 6378 6359 6207 6226 6379 6360 6208 6227 
2997 6379 6360 6208 6227 6380 6361 6209 6228 
2998 6380 6361 6209 6228 6381 6362 6210 6229 
2999 6381 6362 6210 6229 6382 6363 6211 6230 
3000 6382 6363 6211 6230 2356 2355 2347 2348 
3001 797 796 788 789 6383 6364 6212 6231 
3002 6383 6364 6212 6231 6384 6365 6213 6232 
3003 6384 6365 6213 6232 6385 6366 6214 6233 
3004 6385 6366 6214 6233 6386 6367 6215 6234 
3005 6386 6367 6215 6234 6387 6368 6216 6235 
3006 6387 6368 6216 6235 6388 6369 6217 6236 
3007 6388 6369 6217 6236 6389 6370 6218 6237 
3008 6389 6370 6218 6237 6390 6371 6219 6238 
3009 6390 6371 6219 6238 6391 6372 6220 6239 
3010 6391 6372 6220 6239 6392 6373 6221 6240 
3011 6392 6373 6221 6240 6393 6374 6222 6241 
3012 6393 6374 6222 6241 6394 6375 6223 6242 
3013 6394 6375 6223 6242 6395 6376 6224 6243 
3014 6395 6376 6224 6243 6396 6377 6225 6244 
3015 6396 6377 6225 6244 6397 6378 6226 6245 
3016 6397 6378 6226 6245 6398 6379 6227 6246 
3017 6398 6379 6227 6246 6399 6380 6228 6247 
3018 6399 6380 6228 6247 6400 6381 6229 6248 
3019 6400 6381 6229 6248 6401 6382 6230 6249 
3020 6401 6382 6230 6249 2357 2356 2348 2349 
3021 798 797 789 790 6402 6383 6231 6250 
3022 6402 6383 6231 6250 6403 6384 6232 6251 
3023 6403 6384 6232 6251 6404 6385 6233 6252 
3024 6404 6385 6233 6252 6405 6386 6234 6253 
3025 6405 6386 6234 6253 6406 6387 6235 6254 
3026 6406 6387 6235 6254 6407 6388 6236 6255 
3027 6407 6388 6236 6255 6408 6389 6237 6256 
3028 6408 6389 6237 6256 6409 6390 6238 6257 
3029 6409 6390 6238 6257 6410 6391 6239 6258 
3030 6410 6391 6239 6258 6411 6392 6240 6259 
3031 6411 6392 6240 6259 6412 6393 6241 6260 
3032 6412 6393 6241 6260 6413 6394 6242 6261 
3033 6413 6394 6242 6261 6414 6395 6243 6262 
3034 6414 6395 6243 6262 6415 6396 6244 6263 
3035 6415 6396 6244 6263 6416 6397 6245 6264 
3036 6416 6397 6245 6264 6417 6398 6246 6265 
3037 6417 6398 6246 6265 6418 6399 6247 6266 
3038 6418 6399 6247 6266 6419 6400 6248 6267 
3039 6419 6400 6248 6267 6420 6401 6249 6268 
3040 6420 6401 6249 6268 2358 2357 2349 2350 
3041 97 798 790 96 2278 6402 6250 2259 
3042 2278 6402 6250 2259 2279 6403 6251 2260 
3043 2279 6403 6251 2260 2280 6404 6252 2261 
3044 2280 6404 6252 2261 2281 6405 6253 2262 
3045 2281 6405 6253 2262 2282 6406 6254 2263 
3046 2282 6406 6254 2263 2283 6407 6255 2264 
3047 2283 6407 6255 2264 2284 6408 6256 2265 
3048 2284 6408 6256 2265 2285 6409 6257 2266 
3049 2285 6409 6257 2266 2286 6410 6258 2267 
3050 2286 6410 6258 2267 2287 6411 6259 2268 
3051 2287 6411 6259 2268 2288 6412 6260 2269 
3052 2288 6412 6260 2269 2289 6413 6261 2270 
3053 2289 6413 6261 2270 2290 6414 6262 2271 
3054 2290 6414 6262 2271 2291 6415 6263 2272 
3055 2291 6415 6263 2272 2292 6416 6264 2273 
3056 2292 6416 6264 2273 2293 6417 6265 2274 
3057 2293 6417 6265 2274 2294 6418 6266 2275 
3058 2294 6418 6266 2275 2295 6419 6267 2276 
3059 2295 6419 6267 2276 2296 6420 6268 2277 
3060 2296 6420 6268 2277 364 2358 2350 365 
3061 799 52 51 791 6421 2050 2031 6269 
3062 6421 2050 2031 6269 6422 2051 2032 6270 
3063 6422 2051 2032 6270 6423 2052 2033 6271 
3064 6423 2052 2033 6271 6424 2053 2034 6272 
3065 6424 2053 2034 6272 6425 2054 2035 6273 
3066 6425 2054 2035 6273 6426 2055 2036 6274 
3067 6426 2055 2036 6274 6427 2056 2037 6275 
3068 6427 2056 2037 6275 6428 2057 2038 6276 
3069 6428 2057 2038 6276 6429 2058 2039 6277 
3070 6429 2058 2039 6277 6430 2059 2040 6278 
3071 6430 2059 2040 6278 6431 2060 2041 6279 
3072 6431 2060 2041 6279 6432 2061 2042 6280 
3073 6432 2061 2042 6280 6433 2062 2043 6281 
3074 6433 2062 2043 6281 6434 2063 2044 6282 
3075 6434 2063 2044 6282 6435 2064 2045 6283 
3076 6435 2064 2045 6283 6436 2065 2046 6284 
3077 6436 2065 2046 6284 6437 2066 2047 6285 
3078 6437 2066 2047 6285 6438 2067 2048 6286 
3079 6438 2067 2048 6286 6439 2068 2049 6287 
3080 6439 2068 2049 6287 2359 352 351 2351 
3081 800 799 791 792 6440 6421 6269 6288 
3082 6440 6421 6269 6288 6441 6422 6270 6289 
3083 6441 6422 6270 6289 6442 6423 6271 6290 
3084 6442 6423 6271 6290 6443 6424 6272 6291 
3085 6443 6424 6272 6291 6444 6425 6273 6292 
3086 6444 6425 6273 6292 6445 6426 6274 6293 
3087 6445 6426 6274 6293 6446 6427 6275 6294 
3088 6446 6427 6275 6294 6447 6428 6276 6295 
3089 6447 6428 6276 6295 6448 6429 6277 6296 
3090 6448 6429 6277 6296 6449 6430 6278 6297 
3091 6449 6430 6278 6297 6450 6431 6279 6298 
3092 6450 6431 6279 6298 6451 6432 6280 6299 
3093 6451 6432 6280 6299 6452 6433 6281 6300 
3094 6452 6433 6281 6300 6453 6434 6282 6301 
3095 6453 6434 6282 6301 6454 6435 6283 6302 
3096 6454 6435 6283 6302 6455 6436 6284 6303 
3097 6455 6436 6284 6303 6456 6437 6285 6304 
3098 6456 6437 6285 6304 6457 6438 6286 6305 
3099 6457 6438 6286 6305 6458 6439 6287 6306 
3100 6458 6439 6287 6306 2360 2359 2351 2352 
3101 801 800 792 793 6459 6440 6288 6307 
3102 6459 6440 6288 6307 6460 6441 6289 6308 
3103 6460 6441 6289 6308 6461 6442 6290 6309 
3104 6461 6442 6290 6309 6462 6443 6291 6310 
3105 6462 6443 6291 6310 6463 6444 6292 6311 
3106 6463 6444 6292 6311 6464 6445 6293 6312 
3107 6464 6445 6293 6312 6465 6446 6294 6313 
3108 6465 6446 6294 6313 6466 6447 6295 6314 
3109 6466 6447 6295 6314 6467 6448 6296 6315 
3110 6467 6448 6296 6315 6468 6449 6297 6316 
3111 6468 6449 6297 6316 6469 6450 6298 6317 
3112 6469 6450 6298 6317 6470 6451 6299 6318 
3113 6470 6451 6299 6318 6471 6452 6300 6319 
3114 6471 6452 6300 6319 6472 6453 6301 6320 
3115 6472 6453 6301 6320 6473 6454 6302 6321 
3116 6473 6454 6302 6321 6474 6455 6303 6322 
3117 6474 6455 6303 6322 6475 6456 6304 6323 
3118 6475 6456 6304 6323 6476 6457 6305 6324 
3119 6476 6457 6305 6324 6477 6458 6306 6325 
3120 6477 6458 6306 6325 2361 2360 2352 2353 
3121 802 801 793 794 6478 6459 6307 6326 
3122 6478 6459 6307 6326 6479 6460 6308 6327 
3123 6479 6460 6308 6327 6480 6461 6309 6328 
3124 6480 6461 6309 6328 6481 6462 6310 6329 
3125 6481 6462 6310 6329 6482 6463 6311 6330 
3126 6482 6463 6311 6330 6483 6464 6312 6331 
3127 6483 6464 6312 6331 6484 6465 6313 6332 
3128 6484 6465 6313 6332 6485 6466 6314 6333 
3129 6485 6466 6314 6333 6486 6467 6315 6334 
3130 6486 6467 6315 6334 6487 6468 6316 6335 
3131 6487 6468 6316 6335 6488 6469 6317 6336 
3132 6488 6469 6317 6336 6489 6470 6318 6337 
3133 6489 6470 6318 6337 6490 6471 6319 6338 
3134 6490 6471 6319 6338 6491 6472 6320 6339 
3135 6491 6472 6320 6339 6492 6473 6321 6340 
3136 6492 6473 6321 6340 6493 6474 6322 6341 
3137 6493 6474 6322 6341 6494 6475 6323 6342 
3138 6494 6475 6323 6342 6495 6476 6324 6343 
3139 6495 6476 6324 6343 6496 6477 6325 6344 
3140 6496 6477 6325 6344 2362 2361 2353 2354 
3141 803 802 794 795 6497 6478 6326 6345 
3142 6497 6478 6326 6345 6498 6479 6327 6346 
3143 6498 6479 6327 6346 6499 6480 6328 6347 
3144 6499 6480 6328 6347 6500 6481 6329 6348 
3145 6500 6481 6329 6348 6501 6482 6330 6349 
3146 6501 6482 6330 6349 6502 6483 6331 6350 
3147 6502 6483 6331 6350 6503 6484 6332 6351 
3148 6503 6484 6332 6351 6504 6485 6333 6352 
3149 6504 6485 6333 6352 6505 6486 6334 6353 
3150 6505 6486 6334 6353 6506 6487 6335 6354 
3151 6506 6487 6335 6354 6507 6488 6336 6355 
3152 6507 6488 6336 6355 6508 6489 6337 6356 
3153 6508 6489 6337 6356 6509 6490 6338 6357 
3154 6509 6490 6338 6357 6510 6491 6339 6358 
3155 6510 6491 6339 6358 6511 6492 6340 6359 
3156 6511 6492 6340 6359 6512 6493 6341 6360 
3157 6512 6493 6341 6360 6513 6494 6342 6361 
3158 6513 6494 6342 6361 6514 6495 6343 6362 
3159 6514 6495 6343 6362 6515 6496 6344 6363 
3160 6515 6496 6344 6363 2363 2362 2354 2355 
3161 804 803 795 796 6516 6497 6345 6364 
3162 6516 6497 6345 6364 6517 6498 6346 6365 
3163 6517 6498 6346 6365 6518 6499 6347 6366 
3164 6518 6499 6347 6366 6519 6500 6348 6367 
3165 6519 6500 6348 6367 6520 6501 6349 6368 
3166 6520 6501 6349 6368 6521 6502 6350 6369 
3167 6521 6502 6350 6369 6522 6503 6351 6370 
3168 6522 6503 6351 6370 6523 6504 6352 6371 
3169 6523 6504 6352 6371 6524 6505 6353 6372 
3170 6524 6505 6353 6372 6525 6506 6354 6373 
3171 6525 6506 6354 6373 6526 6507 6355 6374 
3172 6526 6507 6355 6374 6527 6508 6356 6375 
3173 6527 6508 6356 6375 6528 6509 6357 6376 
3174 6528 6509 6357 6376 6529 6510 6358 6377 
3175 6529 6510 6358 6377 6530 6511 6359 6378 
3176 6530 6511 6359 6378 6531 6512 6360 6379 
3177 6531 6512 6360 6379 6532 6513 6361 6380 
3178 6532 6513 6361 6380 6533 6514 6362 6381 
3179 6533 6514 6362 6381 6534 6515 6363 6382 
3180 6534 6515 6363 6382 2364 2363 2355 2356 
3181 805 804 796 797 6535 6516 6364 6383 
3182 6535 6516 6364 6383 6536 6517 6365 6384 
3183 6536 6517 6365 6384 6537 6518 6366 6385 
3184 6537 6518 6366 6385 6538 6519 6367 6386 
3185 6538 6519 6367 6386 6539 6520 6368 6387 
3186 6539 6520 6368 6387 6540 6521 6369 6388 
3187 6540 6521 6369 6388 6541 6522 6370 6389 
3188 6541 6522 6370 6389 6542 6523 6371 6390 
3189 6542 6523 6371 6390 6543 6524 6372 6391 
3190 6543 6524 6372 6391 6544 6525 6373 6392 
3191 6544 6525 6373 6392 6545 6526 6374 6393 
3192 6545 6526 6374 6393 6546 6527 6375 6394 
3193 6546 6527 6375 6394 6547 6528 6376 6395 
3194 6547 6528 6376 6395 6548 6529 6377 6396 
3195 6548 6529 6377 6396 6549 6530 6378 6397 
3196 6549 6530 6378 6397 6550 6531 6379 6398 
3197 6550 6531 6379 6398 6551 6532 6380 6399 
3198 6551 6532 6380 6399 6552 6533 6381 6400 
3199 6552 6533 6381 6400 6553 6534 6382 6401 
3200 6553 6534 6382 6401 2365 2364 2356 2357 
3201 806 805 797 798 6554 6535 6383 6402 
3202 6554 6535 6383 6402 6555 6536 6384 6403 
3203 6555 6536 6384 6403 6556 6537 6385 6404 
3204 6556 6537 6385 6404 6557 6538 6386 6405 
3205 6557 6538 6386 6405 6558 6539 6387 6406 
3206 6558 6539 6387 6406 6559 6540 6388 6407 
3207 6559 6540 6388 6407 6560 6541 6389 6408 
3208 6560 6541 6389 6408 6561 6542 6390 6409 
3209 6561 6542 6390 6409 6562 6543 6391 6410 
3210 6562 6543 6391 6410 6563 6544 6392 6411 
3211 6563 6544 6392 6411 6564 6545 6393 6412 
3212 6564 6545 6393 6412 6565 6546 6394 6413 
3213 6565 6546 6394 6413 6566 6547 6395 6414 
3214 6566 6547 6395 6414 6567 6548 6396 6415 
3215 6567 6548 6396 6415 6568 6549 6397 6416 
3216 6568 6549 6397 6416 6569 6550 6398 6417 
3217 6569 6550 6398 6417 6570 6551 6399 6418 
3218 6570 6551 6399 6418 6571 6552 6400 6419 
3219 6571 6552 6400 6419 6572 6553 6401 6420 
3220 6572 6553 6401 6420 2366 2365 2357 2358 
3221 98 806 798 97 2297 6554 6402 2278 
3222 2297 6554 6402 2278 2298 6555 6403 2279 
3223 2298 6555 6403 2279 2299 6556 6404 2280 
3224 2299 6556 6404 2280 2300 6557 6405 2281 
3225 2300 6557 6405 2281 2301 6558 6406 2282 
3226 2301 6558 6406 2282 2302 6559 6407 2283 
3227 2302 6559 6407 2283 2303 6560 6408 2284 
3228 2303 6560 6408 2284 2304 6561 6409 2285 
3229 2304 6561 6409 2285 2305 6562 6410 2286 
3230 2305 6562 6410 2286 2306 6563 6411 2287 
3231 2306 6563 6411 2287 2307 6564 6412 2288 
3232 2307 6564 6412 2288 2308 6565 6413 2289 
3233 2308 6565 6413 2289 2309 6566 6414 2290 
3234 2309 6566 6414 2290 2310 6567 6415 2291 
3235 2310 6567 6415 2291 2311 6568 6416 2292 
3236 2311 6568 6416 2292 2312 6569 6417 2293 
3237 2312 6569 6417 2293 2313 6570 6418 2294 
3238 2313 6570 6418 2294 2314 6571 6419 2295 
3239 2314 6571 6419 2295 2315 6572 6420 2296 
3240 2315 6572 6420 2296 363 2366 2358 364 
3241 807 53 52 799 6573 2069 2050 6421 
3242 6573 2069 2050 6421 6574 2070 2051 6422 
3243 6574 2070 2051 6422 6575 2071 2052 6423 
3244 6575 2071 2052 6423 6576 2072 2053 6424 
3245 6576 2072 2053 6424 6577 2073 2054 6425 
3246 6577 2073 2054 6425 6578 2074 2055 6426 
3247 6578 2074 2055 6426 6579 2075 2056 6427 
3248 6579 2075 2056 6427 6580 2076 2057 6428 
3249 6580 2076 2057 6428 6581 2077 2058 6429 
3250 6581 2077 2058 6429 6582 2078 2059 6430 
3251 6582 2078 2059 6430 6583 2079 2060 6431 
3252 6583 2079 2060 6431 6584 2080 2061 6432 
3253 6584 2080 2061 6432 6585 2081 2062 6433 
3254 6585 2081 2062 6433 6586 2082 2063 6434 
3255 6586 2082 2063 6434 6587 2083 2064 6435 
3256 6587 2083 2064 6435 6588 2084 2065 6436 
3257 6588 2084 2065 6436 6589 2085 2066 6437 
3258 6589 2085 2066 6437 6590 2086 2067 6438 
3259 6590 2086 2067 6438 6591 2087 2068 6439 
3260 6591 2087 2068 6439 2367 353 352 2359 
3261 808 807 799 800 6592 6573 6421 6440 
3262 6592 6573 6421 6440 6593 6574 6422 6441 
3263 6593 6574 6422 6441 6594 6575 6423 6442 
3264 6594 6575 6423 6442 6595 6576 6424 6443 
3265 6595 6576 6424 6443 6596 6577 6425 6444 
3266 6596 6577 6425 6444 6597 6578 6426 6445 
3267 6597 6578 6426 6445 6598 6579 6427 6446 
3268 6598 6579 6427 6446 6599 6580 6428 6447 
3269 6599 6580 6428 6447 6600 6581 6429 6448 
3270 6600 6581 6429 6448 6601 6582 6430 6449 
3271 6601 6582 6430 6449 6602 6583 6431 6450 
3272 6602 6583 6431 6450 6603 6584 6432 6451 
3273 6603 6584 6432 6451 6604 6585 6433 6452 
3274 6604 6585 6433 6452 6605 6586 6434 6453 
3275 6605 6586 6434 6453 6606 6587 6435 6454 
3276 6606 6587 6435 6454 6607 6588 6436 6455 
3277 6607 6588 6436 6455 6608 6589 6437 6456 
3278 6608 6589 6437 6456 6609 6590 6438 6457 
3279 6609 6590 6438 6457 6610 6591 6439 6458 
3280 6610 6591 6439 6458 2368 2367 2359 2360 
3281 809 808 800 801 6611 6592 6440 6459 
3282 6611 6592 6440 6459 6612 6593 6441 6460 
3283 6612 6593 6441 6460 6613 6594 6442 6461 
3284 6613 6594 6442 6461 6614 6595 6443 6462 
3285 6614 6595 6443 6462 6615 6596 6444 6463 
3286 6615 6596 6444 6463 6616 6597 6445 6464 
3287 6616 6597 6445 6464 6617 6598 6446 6465 
3288 6617 6598 6446 6465 6618 6599 6447 6466 
3289 6618 6599 6447 6466 6619 6600 6448 6467 
3290 6619 6600 6448 6467 6620 6601 6449 6468 
3291 6620 6601 6449 6468 6621 6602 6450 6469 
3292 6621 6602 6450 6469 6622 6603 6451 6470 
3293 6622 6603 6451 6470 6623 6604 6452 6471 
3294 6623 6604 6452 6471 6624 6605 6453 6472 
3295 6624 6605 6453 6472 6625 6606 6454 6473 
3296 6625 6606 6454 6473 6626 6607 6455 6474 
3297 6626 6607 6455 6474 6627 6608 6456 6475 
3298 6627 6608 6456 6475 6628 6609 6457 6476 
3299 6628 6609 6457 6476 6629 6610 6458 6477 
3300 6629 6610 6458 6477 2369 2368 2360 2361 
3301 810 809 801 802 6630 6611 6459 6478 
3302 6630 6611 6459 6478 6631 6612 6460 6479 
3303 6631 6612 6460 6479 6632 6613 6461 6480 
3304 6632 6613 6461 6480 6633 6614 6462 6481 
3305 6633 6614 6462 6481 6634 6615 6463 6482 
3306 6634 6615 6463 6482 6635 6616 6464 6483 
3307 6635 6616 6464 6483 6636 6617 6465 6484 
3308 6636 6617 6465 6484 6637 6618 6466 6485 
3309 6637 6618 6466 6485 6638 6619 6467 6486 
3310 6638 6619 6467 6486 6639 6620 6468 6487 
3311 6639 6620 6468 6487 6640 6621 6469 6488 
3312 6640 6621 6469 6488 6641 6622 6470 6489 
3313 6641 6622 6470 6489 6642 6623 6471 6490 
3314 6642 6623 6471 6490 6643 6624 6472 6491 
3315 6643 6624 6472 6491 6644 6625 6473 6492 
3316 6644 6625 6473 6492 6645 6626 6474 6493 
3317 6645 6626 6474 6493 6646 6627 6475 6494 
3318 6646 6627 6475 6494 6647 6628 6476 6495 
3319 6647 6628 6476 6495 6648 6629 6477 6496 
3320 6648 6629 6477 6496 2370 2369 2361 2362 
3321 811 810 802 803 6649 6630 6478 6497 
3322 6649 6630 6478 6497 6650 6631 6479 6498 
3323 6650 6631 6479 6498 6651 6632 6480 6499 
3324 6651 6632 6480 6499 6652 6633 6481 6500 
3325 6652 6633 6481 6500 6653 6634 6482 6501 
3326 6653 6634 6482 6501 6654 6635 6483 6502 
3327 6654 6635 6483 6502 6655 6636 6484 6503 
3328 6655 6636 6484 6503 6656 6637 6485 6504 
3329 6656 6637 6485 6504 6657 6638 6486 6505 
3330 6657 6638 6486 6505 6658 6639 6487 6506 
3331 6658 6639 6487 6506 6659 6640 6488 6507 
3332 6659 6640 6488 6507 6660 6641 6489 6508 
3333 6660 6641 6489 6508 6661 6642 6490 6509 
3334 6661 6642 6490 6509 6662 6643 6491 6510 
3335 6662 6643 6491 6510 6663 6644 6492 6511 
3336 6663 6644 6492 6511 6664 6645 6493 6512 
3337 6664 6645 6493 6512 6665 6646 6494 6513 
3338 6665 6646 6494 6513 6666 6647 6495 6514 
3339 6666 6647 6495 6514 6667 6648 6496 6515 
3340 6667 6648 6496 6515 2371 2370 2362 2363 
3341 812 811 803 804 6668 6649 6497 6516 
3342 6668 6649 6497 6516 6669 6650 6498 6517 
3343 6669 6650 6498 6517 6670 6651 6499 6518 
3344 6670 6651 6499 6518 6671 6652 6500 6519 
3345 6671 6652 6500 6519 6672 6653 6501 6520 
3346 6672 6653 6501 6520 6673 6654 6502 6521 
3347 6673 6654 6502 6521 6674 6655 6503 6522 
3348 6674 6655 6503 6522 6675 6656 6504 6523 
3349 6675 6656 6504 6523 6676 6657 6505 6524 
3350 6676 6657 6505 6524 6677 6658 6506 6525 
3351 6677 6658 6506 6525 6678 6659 6507 6526 
3352 6678 6659 6507 6526 6679 6660 6508 6527 
3353 6679 6660 6508 6527 6680 6661 6509 6528 
3354 6680 6661 6509 6528 6681 6662 6510 6529 
3355 6681 6662 6510 6529 6682 6663 6511 6530 
3356 6682 6663 6511 6530 6683 6664 6512 6531 
3357 6683 6664 6512 6531 6684 6665 6513 6532 
3358 6684 6665 6513 6532 6685 6666 6514 6533 
3359 6685 6666 6514 6533 6686 6667 6515 6534 
3360 6686 6667 6515 6534 2372 2371 2363 2364 
3361 813 812 804 805 6687 6668 6516 6535 
3362 6687 6668 6516 6535 6688 6669 6517 6536 
3363 6688 6669 6517 6536 6689 6670 6518 6537 
3364 6689 6670 6518 6537 6690 6671 6519 6538 
3365 6690 6671 6519 6538 6691 6672 6520 6539 
3366 6691 6672 6520 6539 6692 6673 6521 6540 
3367 6692 6673 6521 6540 6693 6674 6522 6541 
3368 6693 6674 6522 6541 6694 6675 6523 6542 
3369 6694 6675 6523 6542 6695 6676 6524 6543 
3370 6695 6676 6524 6543 6696 6677 6525 6544 
3371 6696 6677 6525 6544 6697 6678 6526 6545 
3372 6697 6678 6526 6545 6698 6679 6527 6546 
3373 6698 6679 6527 6546 6699 6680 6528 6547 
3374 6699 6680 6528 6547 6700 6681 6529 6548 
3375 6700 6681 6529 6548 6701 6682 6530 6549 
3376 6701 6682 6530 6549 6702 6683 6531 6550 
3377 6702 6683 6531 6550 6703 6684 6532 6551 
3378 6703 6684 6532 6551 6704 6685 6533 6552 
3379 6704 6685 6533 6552 6705 6686 6534 6553 
3380 6705 6686 6534 6553 2373 2372 2364 2365 
3381 814 813 805 806 6706 6687 6535 6554 
3382 6706 6687 6535 6554 6707 6688 6536 6555 
3383 6707 6688 6536 6555 6708 6689 6537 6556 
3384 6708 6689 6537 6556 6709 6690 6538 6557 
3385 6709 6690 6538 6557 6710 6691 6539 6558 
3386 6710 6691 6539 6558 6711 6692 6540 6559 
3387 6711 6692 6540 6559 6712 6693 6541 6560 
3388 6712 6693 6541 6560 6713 6694 6542 6561 
3389 6713 6694 6542 6561 6714 6695 6543 6562 
3390 6714 6695 6543 6562 6715 6696 6544 6563 
3391 6715 6696 6544 6563 6716 6697 6545 6564 
3392 6716 6697 6545 6564 6717 6698 6546 6565 
3393 6717 6698 6546 6565 6718 6699 6547 6566 
3394 6718 6699 6547 6566 6719 6700 6548 6567 
3395 6719 6700 6548 6567 6720 6701 6549 6568 
3396 6720 6701 6549 6568 6721 6702 6550 6569 
3397 6721 6702 6550 6569 6722 6703 6551 6570 
3398 6722 6703 6551 6570 6723 6704 6552 6571 
3399 6723 6704 6552 6571 6724 6705 6553 6572 
3400 6724 6705 6553 6572 2374 2373 2365 2366 
3401 99 814 806 98 2316 6706 6554 2297 
3402 2316 6706 6554 2297 2317 6707 6555 2298 
3403 2317 6707 6555 2298 2318 6708 6556 2299 
3404 2318 6708 6556 2299 2319 6709 6557 2300 
3405 2319 6709 6557 2300 2320 6710 6558 2301 
3406 2320 6710 6558 2301 2321 6711 6559 2302 
3407 2321 6711 6559 2302 2322 6712 6560 2303 
3408 2322 6712 6560 2303 2323 6713 6561 2304 
3409 2323 6713 6561 2304 2324 6714 6562 2305 
3410 2324 6714 6562 2305 2325 6715 6563 2306 
3411 2325 6715 6563 2306 2326 6716 6564 2307 
3412 2326 6716 6564 2307 2327 6717 6565 2308 
3413 2327 6717 6565 2308 2328 6718 6566 2309 
3414 2328 6718 6566 2309 2329 6719 6567 2310 
3415 2329 6719 6567 2310 2330 6720 6568 2311 
3416 2330 6720 6568 2311 2331 6721 6569 2312 
3417 2331 6721 6569 2312 2332 6722 6570 2313 
3418 2332 6722 6570 2313 2333 6723 6571 2314 
3419 2333 6723 6571 2314 2334 6724 6572 2315 
3420 2334 6724 6572 2315 362 2374 2366 363 
3421 139 4 53 807 2088 367 2069 6573 
3422 2088 367 2069 6573 2089 368 2070 6574 
3423 2089 368 2070 6574 2090 369 2071 6575 
3424 2090 369 2071 6575 2091 370 2072 6576 
3425 2091 370 2072 6576 2092 371 2073 6577 
3426 2092 371 2073 6577 2093 372 2074 6578 
3427 2093 372 2074 6578 2094 373 2075 6579 
3428 2094 373 2075 6579 2095 374 2076 6580 
3429 2095 374 2076 6580 2096 375 2077 6581 
3430 2096 375 2077 6581 2097 376 2078 6582 
3431 2097 376 2078 6582 2098 377 2079 6583 
3432 2098 377 2079 6583 2099 378 2080 6584 
3433 2099 378 2080 6584 2100 379 2081 6585 
3434 2100 379 2081 6585 2101 380 2082 6586 
3435 2101 380 2082 6586 2102 381 2083 6587 
3436 2102 381 2083 6587 2103 382 2084 6588 
3437 2103 382 2084 6588 2104 383 2085 6589 
3438 2104 383 2085 6589 2105 384 2086 6590 
3439 2105 384 2086 6590 2106 385 2087 6591 
3440 2106 385 2087 6591 354 25 353 2367 
3441 140 139 807 808 2107 2088 6573 6592 
3442 2107 2088 6573 6592 2108 2089 6574 6593 
3443 2108 2089 6574 6593 2109 2090 6575 6594 
3444 2109 2090 6575 6594 2110 2091 6576 6595 
3445 2110 2091 6576 6595 2111 2092 6577 6596 
3446 2111 2092 6577 6596 2112 2093 6578 6597 
3447 2112 2093 6578 6597 2113 2094 6579 6598 
3448 2113 2094 6579 6598 2114 2095 6580 6599 
3449 2114 2095 6580 6599 2115 2096 6581 6600 
3450 2115 2096 6581 6600 2116 2097 6582 6601 
3451 2116 2097 6582 6601 2117 2098 6583 6602 
3452 2117 2098 6583 6602 2118 2099 6584 6603 
3453 2118 2099 6584 6603 2119 2100 6585 6604 
3454 2119 2100 6585 6604 2120 2101 6586 6605 
3455 2120 2101 6586 6605 2121 2102 6587 6606 
3456 2121 2102 6587 6606 2122 2103 6588 6607 
3457 2122 2103 6588 6607 2123 2104 6589 6608 
3458 2123 2104 6589 6608 2124 2105 6590 6609 
3459 2124 2105 6590 6609 2125 2106 6591 6610 
3460 2125 2106 6591 6610 355 354 2367 2368 
3461 141 140 808 809 2126 2107 6592 6611 
3462 2126 2107 6592 6611 2127 2108 6593 6612 
3463 2127 2108 6593 6612 2128 2109 6594 6613 
3464 2128 2109 6594 6613 2129 2110 6595 6614 
3465 2129 2110 6595 6614 2130 2111 6596 6615 
3466 2130 2111 6596 6615 2131 2112 6597 6616 
3467 2131 2112 6597 6616 2132 2113 6598 6617 
3468 2132 2113 6598 6617 2133 2114 6599 6618 
3469 2133 2114 6599 6618 2134 2115 6600 6619 
3470 2134 2115 6600 6619 2135 2116 6601 6620 
3471 2135 2116 6601 6620 2136 2117 6602 6621 
3472 2136 2117 6602 6621 2137 2118 6603 6622 
3473 2137 2118 6603 6622 2138 2119 6604 6623 
3474 2138 2119 6604 6623 2139 2120 6605 6624 
3475 2139 2120 6605 6624 2140 2121 6606 6625 
3476 2140 2121 6606 6625 2141 2122 6607 6626 
3477 2141 2122 6607 6626 2142 2123 6608 6627 
3478 2142 2123 6608 6627 2143 2124 6609 6628 
3479 2143 2124 6609 6628 2144 2125 6610 6629 
3480 2144 2125 6610 6629 356 355 2368 2369 
3481 142 141 809 810 2145 2126 6611 6630 
3482 2145 2126 6611 6630 2146 2127 6612 6631 
3483 2146 2127 6612 6631 2147 2128 6613 6632 
3484 2147 2128 6613 6632 2148 2129 6614 6633 
3485 2148 2129 6614 6633 2149 2130 6615 6634 
3486 2149 2130 6615 6634 2150 2131 6616 6635 
3487 2150 2131 6616 6635 2151 2132 6617 6636 
3488 2151 2132 6617 6636 2152 2133 6618 6637 
3489 2152 2133 6618 6637 2153 2134 6619 6638 
3490 2153 2134 6619 6638 2154 2135 6620 6639 
3491 2154 2135 6620 6639 2155 2136 6621 6640 
3492 2155 2136 6621 6640 2156 2137 6622 6641 
3493 2156 2137 6622 6641 2157 2138 6623 6642 
3494 2157 2138 6623 6642 2158 2139 6624 6643 
3495 2158 2139 6624 6643 2159 2140 6625 6644 
3496 2159 2140 6625 6644 2160 2141 6626 6645 
3497 2160 2141 6626 6645 2161 2142 6627 6646 
3498 2161 2142 6627 6646 2162 2143 6628 6647 
3499 2162 2143 6628 6647 2163 2144 6629 6648 
3500 2163 2144 6629 6648 357 356 2369 2370 
3501 143 142 810 811 2164 2145 6630 6649 
3502 2164 2145 6630 6649 2165 2146 6631 6650 
3503 2165 2146 6631 6650 2166 2147 6632 6651 
3504 2166 2147 6632 6651 2167 2148 6633 6652 
3505 2167 2148 6633 6652 2168 2149 6634 6653 
3506 2168 2149 6634 6653 2169 2150 6635 6654 
3507 2169 2150 6635 6654 2170 2151 6636 6655 
3508 2170 2151 6636 6655 2171 2152 6637 6656 
3509 2171 2152 6637 6656 2172 2153 6638 6657 
3510 2172 2153 6638 6657 2173 2154 6639 6658 
3511 2173 2154 6639 6658 2174 2155 6640 6659 
3512 2174 2155 6640 6659 2175 2156 6641 6660 
3513 2175 2156 6641 6660 2176 2157 6642 6661 
3514 2176 2157 6642 6661 2177 2158 6643 6662 
3515 2177 2158 6643 6662 2178 2159 6644 6663 
3516 2178 2159 6644 6663 2179 2160 6645 6664 
3517 2179 2160 6645 6664 2180 2161 6646 6665 
3518 2180 2161 6646 6665 2181 2162 6647 6666 
3519 2181 2162 6647 6666 2182 2163 6648 6667 
3520 2182 2163 6648 6667 358 357 2370 2371 
3521 144 143 811 812 2183 2164 6649 6668 
3522 2183 2164 6649 6668 2184 2165 6650 6669 
3523 2184 2165 6650 6669 2185 2166 6651 6670 
3524 2185 2166 6651 6670 2186 2167 6652 6671 
3525 2186 2167 6652 6671 2187 2168 6653 6672 
3526 2187 2168 6653 6672 2188 2169 6654 6673 
3527 2188 2169 6654 6673 2189 2170 6655 6674 
3528 2189 2170 6655 6674 2190 2171 6656 6675 
3529 2190 2171 6656 6675 2191 2172 6657 6676 
3530 2191 2172 6657 6676 2192 2173 6658 6677 
3531 2192 2173 6658 6677 2193 2174 6659 6678 
3532 2193 2174 6659 6678 2194 2175 6660 6679 
3533 2194 2175 6660 6679 2195 2176 6661 6680 
3534 2195 2176 6661 6680 2196 2177 6662 6681 
3535 2196 2177 6662 6681 2197 2178 6663 6682 
3536 2197 2178 6663 6682 2198 2179 6664 6683 
3537 2198 2179 6664 6683 2199 2180 6665 6684 
3538 2199 2180 6665 6684 2200 2181 6666 6685 
3539 2200 2181 6666 6685 2201 2182 6667 6686 
3540 2201 2182 6667 6686 359 358 2371 2372 
3541 145 144 812 813 2202 2183 6668 6687 
3542 2202 2183 6668 6687 2203 2184 6669 6688 
3543 2203 2184 6669 6688 2204 2185 6670 6689 
3544 2204 2185 6670 6689 2205 2186 6671 6690 
3545 2205 2186 6671 6690 2206 2187 6672 6691 
3546 2206 2187 6672 6691 2207 2188 6673 6692 
3547 2207 2188 6673 6692 2208 2189 6674 6693 
3548 2208 2189 6674 6693 2209 2190 6675 6694 
3549 2209 2190 6675 6694 2210 2191 6676 6695 
3550 2210 2191 6676 6695 2211 2192 6677 6696 
3551 2211 2192 6677 6696 2212 2193 6678 6697 
3552 2212 2193 6678 6697 2213 2194 6679 6698 
3553 2213 2194 6679 6698 2214 2195 6680 6699 
3554 2214 2195 6680 6699 2215 2196 6681 6700 
3555 2215 2196 6681 6700 2216 2197 6682 6701 
3556 2216 2197 6682 6701 2217 2198 6683 6702 
3557 2217 2198 6683 6702 2218 2199 6684 6703 
3558 2218 2199 6684 6703 2219 2200 6685 6704 
3559 2219 2200 6685 6704 2220 2201 6686 6705 
3560 2220 2201 6686 6705 360 359 2372 2373 
3561 146 145 813 814 2221 2202 6687 6706 
3562 2221 2202 6687 6706 2222 2203 6688 6707 
3563 2222 2203 6688 6707 2223 2204 6689 6708 
3564 2223 2204 6689 6708 2224 2205 6690 6709 
3565 2224 2205 6690 6709 2225 2206 6691 6710 
3566 2225 2206 6691 6710 2226 2207 6692 6711 
3567 2226 2207 6692 6711 2227 2208 6693 6712 
3568 2227 2208 6693 6712 2228 2209 6694 6713 
3569 2228 2209 6694 6713 2229 2210 6695 6714 
3570 2229 2210 6695 6714 2230 2211 6696 6715 
3571 2230 2211 6696 6715 2231 2212 6697 6716 
3572 2231 2212 6697 6716 2232 2213 6698 6717 
3573 2232 2213 6698 6717 2233 2214 6699 6718 
3574 2233 2214 6699 6718 2234 2215 6700 6719 
3575 2234 2215 6700 6719 2235 2216 6701 6720 
3576 2235 2216 6701 6720 2236 2217 6702 6721 
3577 2236 2217 6702 6721 2237 2218 6703 6722 
3578 2237 2218 6703 6722 2238 2219 6704 6723 
3579 2238 2219 6704 6723 2239 2220 6705 6724 
3580 2239 2220 6705 6724 361 360 2373 2374 
3581 15 146 814 99 386 2221 6706 2316 
3582 386 2221 6706 2316 387 2222 6707 2317 
3583 387 2222 6707 2317 388 2223 6708 2318 
3584 388 2223 6708 2318 389 2224 6709 2319 
3585 389 2224 6709 2319 390 2225 6710 2320 
3586 390 2225 6710 2320 391 2226 6711 2321 
3587 391 2226 6711 2321 392 2227 6712 2322 
3588 392 2227 6712 2322 393 2228 6713 2323 
3589 393 2228 6713 2323 394 2229 6714 2324 
3590 394 2229 6714 2324 395 2230 6715 2325 
3591 395 2230 6715 2325 396 2231 6716 2326 
3592 396 2231 6716 2326 397 2232 6717 2327 
3593 397 2232 6717 2327 398 2233 6718 2328 
3594 398 2233 6718 2328 399 2234 6719 2329 
3595 399 2234 6719 2329 400 2235 6720 2330 
3596 400 2235 6720 2330 401 2236 6721 2331 
3597 401 2236 6721 2331 402 2237 6722 2332 
3598 402 2237 6722 2332 403 2238 6723 2333 
3599 403 2238 6723 2333 404 2239 6724 2334 
3600 404 2239 6724 2334 26 361 2374 362 
3 4 5 360
3601 815 54 5 147 6725 1232 270 2508 
3602 6725 1232 270 2508 6726 1233 271 2509 
3603 6726 1233 271 2509 6727 1234 272 2510 
3604 6727 1234 272 2510 6728 1235 273 2511 
3605 6728 1235 273 2511 6729 1236 274 2512 
3606 6729 1236 274 2512 6730 1237 275 2513 
3607 6730 1237 275 2513 6731 1238 276 2514 
3608 6731 1238 276 2514 6732 1239 277 2515 
3609 6732 1239 277 2515 6733 1240 278 2516 
3610 6733 1240 278 2516 6734 1241 279 2517 
3611 6734 1241 279 2517 6735 1242 280 2518 
3612 6735 1242 280 2518 6736 1243 281 2519 
3613 6736 1243 281 2519 6737 1244 282 2520 
3614 6737 1244 282 2520 6738 1245 283 2521 
3615 6738 1245 283 2521 6739 1246 284 2522 
3616 6739 1246 284 2522 6740 1247 285 2523 
3617 6740 1247 285 2523 6741 1248 286 2524 
3618 6741 1248 286 2524 6742 1249 287 2525 
3619 6742 1249 287 2525 6743 1250 288 2526 
3620 6743 1250 288 2526 2546 204 22 413 
3621 816 815 147 148 6744 6725 2508 2527 
3622 6744 6725 2508 2527 6745 6726 2509 2528 
3623 6745 6726 2509 2528 6746 6727 2510 2529 
3624 6746 6727 2510 2529 6747 6728 2511 2530 
3625 6747 6728 2511 2530 6748 6729 2512 2531 
3626 6748 6729 2512 2531 6749 6730 2513 2532 
3627 6749 6730 2513 2532 6750 6731 2514 2533 
3628 6750 6731 2514 2533 6751 6732 2515 2534 
3629 6751 6732 2515 2534 6752 6733 2516 2535 
3630 6752 6733 2516 2535 6753 6734 2517 2536 
3631 6753 6734 2517 2536 6754 6735 2518 2537 
3632 6754 6735 2518 2537 6755 6736 2519 2538 
3633 6755 6736 2519 2538 6756 6737 2520 2539 
3634 6756 6737 2520 2539 6757 6738 2521 2540 
3635 6757 6738 2521 2540 6758 6739 2522 2541 
3636 6758 6739 2522 2541 6759 6740 2523 2542 
3637 6759 6740 2523 2542 6760 6741 2524 2543 
3638 6760 6741 2524 2543 6761 6742 2525 2544 
3639 6761 6742 2525 2544 6762 6743 2526 2545 
3640 6762 6743 2526 2545 2547 2546 413 412 
3641 105 816 148 17 2413 6744 2527 433 
3642 2413 6744 2527 433 2414 6745 2528 434 
3643 2414 6745 2528 434 2415 6746 2529 435 
3644 2415 6746 2529 435 2416 6747 2530 436 
3645 2416 6747 2530 436 2417 6748 2531 437 
3646 2417 6748 2531 437 2418 6749 2532 438 
3647 2418 6749 2532 438 2419 6750 2533 439 
3648 2419 6750 2533 439 2420 6751 2534 440 
3649 2420 6751 2534 440 2421 6752 2535 441 
3650 2421 6752 2535 441 2422 6753 2536 442 
3651 2422 6753 2536 442 2423 6754 2537 443 
3652 2423 6754 2537 443 2424 6755 2538 444 
3653 2424 6755 2538 444 2425 6756 2539 445 
3654 2425 6756 2539 445 2426 6757 2540 446 
3655 2426 6757 2540 446 2427 6758 2541 447 
3656 2427 6758 2541 447 2428 6759 2542 448 
3657 2428 6759 2542 448 2429 6760 2543 449 
3658 2429 6760 2543 449 2430 6761 2544 450 
3659 2430 6761 2544 450 2431 6762 2545 451 
3660 2431 6762 2545 451 411 2547 412 28 
3661 817 55 54 815 6763 1251 1232 6725 
3662 6763 1251 1232 6725 6764 1252 1233 6726 
3663 6764 1252 1233 6726 6765 1253 1234 6727 
3664 6765 1253 1234 6727 6766 1254 1235 6728 
3665 6766 1254 1235 6728 6767 1255 1236 6729 
3666 6767 1255 1236 6729 6768 1256 1237 6730 
3667 6768 1256 1237 6730 6769 1257 1238 6731 
3668 6769 1257 1238 6731 6770 1258 1239 6732 
3669 6770 1258 1239 6732 6771 1259 1240 6733 
3670 6771 1259 1240 6733 6772 1260 1241 6734 
3671 6772 1260 1241 6734 6773 1261 1242 6735 
3672 6773 1261 1242 6735 6774 1262 1243 6736 
3673 6774 1262 1243 6736 6775 1263 1244 6737 
3674 6775 1263 1244 6737 6776 1264 1245 6738 
3675 6776 1264 1245 6738 6777 1265 1246 6739 
3676 6777 1265 1246 6739 6778 1266 1247 6740 
3677 6778 1266 1247 6740 6779 1267 1248 6741 
3678 6779 1267 1248 6741 6780 1268 1249 6742 
3679 6780 1268 1249 6742 6781 1269 1250 6743 
3680 6781 1269 1250 6743 2548 203 204 2546 
3681 818 817 815 816 6782 6763 6725 6744 
3682 6782 6763 6725 6744 6783 6764 6726 6745 
3683 6783 6764 6726 6745 6784 6765 6727 6746 
3684 6784 6765 6727 6746 6785 6766 6728 6747 
3685 6785 6766 6728 6747 6786 6767 6729 6748 
3686 6786 6767 6729 6748 6787 6768 6730 6749 
3687 6787 6768 6730 6749 6788 6769 6731 6750 
3688 6788 6769 6731 6750 6789 6770 6732 6751 
3689 6789 6770 6732 6751 6790 6771 6733 6752 
3690 6790 6771 6733 6752 6791 6772 6734 6753 
3691 6791 6772 6734 6753 6792 6773 6735 6754 
3692 6792 6773 6735 6754 6793 6774 6736 6755 
3693 6793 6774 6736 6755 6794 6775 6737 6756 
3694 6794 6775 6737 6756 6795 6776 6738 6757 
3695 6795 6776 6738 6757 6796 6777 6739 6758 
3696 6796 6777 6739 6758 6797 6778 6740 6759 
3697 6797 6778 6740 6759 6798 6779 6741 6760 
3698 6798 6779 6741 6760 6799 6780 6742 6761 
3699 6799 6780 6742 6761 6800 6781 6743 6762 
3700 6800 6781 6743 6762 2549 2548 2546 2547 
3701 106 818 816 105 2432 6782 6744 2413 
3702 2432 6782 6744 2413 2433 6783 6745 2414 
3703 2433 6783 6745 2414 2434 6784 6746 2415 
3704 2434 6784 6746 2415 2435 6785 6747 2416 
3705 2435 6785 6747 2416 2436 6786 6748 2417 
3706 2436 6786 6748 2417 2437 6787 6749 2418 
3707 2437 6787 6749 2418 2438 6788 6750 2419 
3708 2438 6788 6750 2419 2439 6789 6751 2420 
3709 2439 6789 6751 2420 2440 6790 6752 2421 
3710 2440 6790 6752 2421 2441 6791 6753 2422 
3711 2441 6791 6753 2422 2442 6792 6754 2423 
3712 2442 6792 6754 2423 2443 6793 6755 2424 
3713 2443 6793 6755 2424 2444 6794 6756 2425 
3714 2444 6794 6756 2425 2445 6795 6757 2426 
3715 2445 6795 6757 2426 2446 6796 6758 2427 
3716 2446 6796 6758 2427 2447 6797 6759 2428 
3717 2447 6797 6759 2428 2448 6798 6760 2429 
3718 2448 6798 6760 2429 2449 6799 6761 2430 
3719 2449 6799 6761 2430 2450 6800 6762 2431 
3720 2450 6800 6762 2431 410 2549 2547 411 
3721 819 56 55 817 6801 1270 1251 6763 
3722 6801 1270 1251 6763 6802 1271 1252 6764 
3723 6802 1271 1252 6764 6803 1272 1253 6765 
3724 6803 1272 1253 6765 6804 1273 1254 6766 
3725 6804 1273 1254 6766 6805 1274 1255 6767 
3726 6805 1274 1255 6767 6806 1275 1256 6768 
3727 6806 1275 1256 6768 6807 1276 1257 6769 
3728 6807 1276 1257 6769 6808 1277 1258 6770 
3729 6808 1277 1258 6770 6809 1278 1259 6771 
3730 6809 1278 1259 6771 6810 1279 1260 6772 
3731 6810 1279 1260 6772 6811 1280 1261 6773 
3732 6811 1280 1261 6773 6812 1281 1262 6774 
3733 6812 1281 1262 6774 6813 1282 1263 6775 
3734 6813 1282 1263 6775 6814 1283 1264 6776 
3735 6814 1283 1264 6776 6815 1284 1265 6777 
3736 6815 1284 1265 6777 6816 1285 1266 6778 
3737 6816 1285 1266 6778 6817 1286 1267 6779 
3738 6817 1286 1267 6779 6818 1287 1268 6780 
3739 6818 1287 1268 6780 6819 1288 1269 6781 
3740 6819 1288 1269 6781 2550 202 203 2548 
3741 820 819 817 818 6820 6801 6763 6782 
3742 6820 6801 6763 6782 6821 6802 6764 6783 
3743 6821 6802 6764 6783 6822 6803 6765 6784 
3744 6822 6803 6765 6784 6823 6804 6766 6785 
3745 6823 6804 6766 6785 6824 6805 6767 6786 
3746 6824 6805 6767 6786 6825 6806 6768 6787 
3747 6825 6806 6768 6787 6826 6807 6769 6788 
3748 6826 6807 6769 6788 6827 6808 6770 6789 
3749 6827 6808 6770 6789 6828 6809 6771 6790 
3750 6828 6809 6771 6790 6829 6810 6772 6791 
3751 6829 6810 6772 6791 6830 6811 6773 6792 
3752 6830 6811 6773 6792 6831 6812 6774 6793 
3753 6831 6812 6774 6793 6832 6813 6775 6794 
3754 6832 6813 6775 6794 6833 6814 6776 6795 
3755 6833 6814 6776 6795 6834 6815 6777 6796 
3756 6834 6815 6777 6796 6835 6816 6778 6797 
3757 6835 6816 6778 6797 6836 6817 6779 6798 
3758 6836 6817 6779 6798 6837 6818 6780 6799 
3759 6837 6818 6780 6799 6838 6819 6781 6800 
3760 6838 6819 6781 6800 2551 2550 2548 2549 
3761 107 820 818 106 2451 6820 6782 2432 
3762 2451 6820 6782 2432 2452 6821 6783 2433 
3763 2452 6821 6783 2433 2453 6822 6784 2434 
3764 2453 6822 6784 2434 2454 6823 6785 2435 
3765 2454 6823 6785 2435 2455 6824 6786 2436 
3766 2455 6824 6786 2436 2456 6825 6787 2437 
3767 2456 6825 6787 2437 2457 6826 6788 2438 
3768 2457 6826 6788 2438 2458 6827 6789 2439 
3769 2458 6827 6789 2439 2459 6828 6790 2440 
3770 2459 6828 6790 2440 2460 6829 6791 2441 
3771 2460 6829 6791 2441 2461 6830 6792 2442 
3772 2461 6830 6792 2442 2462 6831 6793 2443 
3773 2462 6831 6793 2443 2463 6832 6794 2444 
3774 2463 6832 6794 2444 2464 6833 6795 2445 
3775 2464 6833 6795 2445 2465 6834 6796 2446 
3776 2465 6834 6796 2446 2466 6835 6797 2447 
3777 2466 6835 6797 2447 2467 6836 6798 2448 
3778 2467 6836 6798 2448 2468 6837 6799 2449 
3779 2468 6837 6799 2449 2469 6838 6800 2450 
3780 2469 6838 6800 2450 409 2551 2549 410 
3781 821 57 56 819 6839 1289 1270 6801 
3782 6839 1289 1270 6801 6840 1290 1271 6802 
3783 6840 1290 1271 6802 6841 1291 1272 6803 
3784 6841 1291 1272 6803 6842 1292 1273 6804 
3785 6842 1292 1273 6804 6843 1293 1274 6805 
3786 6843 1293 1274 6805 6844 1294 1275 6806 
3787 6844 1294 1275 6806 6845 1295 1276 6807 
3788 6845 1295 1276 6807 6846 1296 1277 6808 
3789 6846 1296 1277 6808 6847 1297 1278 6809 
3790 6847 1297 1278 6809 6848 1298 1279 6810 
3791 6848 1298 1279 6810 6849 1299 1280 6811 
3792 6849 1299 1280 6811 6850 1300 1281 6812 
3793 6850 1300 1281 6812 6851 1301 1282 6813 
3794 6851 1301 1282 6813 6852 1302 1283 6814 
3795 6852 1302 1283 6814 6853 1303 1284 6815 
3796 6853 1303 1284 6815 6854 1304 1285 6816 
3797 6854 1304 1285 6816 6855 1305 1286 6817 
3798 6855 1305 1286 6817 6856 1306 1287 6818 
3799 6856 1306 1287 6818 6857 1307 1288 6819 
3800 6857 1307 1288 6819 2552 201 202 2550 
3801 822 821 819 820 6858 6839 6801 6820 
3802 6858 6839 6801 6820 6859 6840 6802 6821 
3803 6859 6840 6802 6821 6860 6841 6803 6822 
3804 6860 6841 6803 6822 6861 6842 6804 6823 
3805 6861 6842 6804 6823 6862 6843 6805 6824 
3806 6862 6843 6805 6824 6863 6844 6806 6825 
3807 6863 6844 6806 6825 6864 6845 6807 6826 
3808 6864 6845 6807 6826 6865 6846 6808 6827 
3809 6865 6846 6808 6827 6866 6847 6809 6828 
3810 6866 6847 6809 6828 6867 6848 6810 6829 
3811 6867 6848 6810 6829 6868 6849 6811 6830 
3812 6868 6849 6811 6830 6869 6850 6812 6831 
3813 6869 6850 6812 6831 6870 6851 6813 6832 
3814 6870 6851 6813 6832 6871 6852 6814 6833 
3815 6871 6852 6814 6833 6872 6853 6815 6834 
3816 6872 6853 6815 6834 6873 6854 6816 6835 
3817 6873 6854 6816 6835 6874 6855 6817 6836 
3818 6874 6855 6817 6836 6875 6856 6818 6837 
3819 6875 6856 6818 6837 6876 6857 6819 6838 
3820 6876 6857 6819 6838 2553 2552 2550 2551 
3821 108 822 820 107 2470 6858 6820 2451 
3822 2470 6858 6820 2451 2471 6859 6821 2452 
3823 2471 6859 6821 2452 2472 6860 6822 2453 
3824 2472 6860 6822 2453 2473 6861 6823 2454 
3825 2473 6861 6823 2454 2474 6862 6824 2455 
3826 2474 6862 6824 2455 2475 6863 6825 2456 
3827 2475 6863 6825 2456 2476 6864 6826 2457 
3828 2476 6864 6826 2457 2477 6865 6827 2458 
3829 2477 6865 6827 2458 2478 6866 6828 2459 
3830 2478 6866 6828 2459 2479 6867 6829 2460 
3831 2479 6867 6829 2460 2480 6868 6830 2461 
3832 2480 6868 6830 2461 2481 6869 6831 2462 
3833 2481 6869 6831 2462 2482 6870 6832 2463 
3834 2482 6870 6832 2463 2483 6871 6833 2464 
3835 2483 6871 6833 2464 2484 6872 6834 2465 
3836 2484 6872 6834 2465 2485 6873 6835 2466 
3837 2485 6873 6835 2466 2486 6874 6836 2467 
3838 2486 6874 6836 2467 2487 6875 6837 2468 
3839 2487 6875 6837 2468 2488 6876 6838 2469 
3840 2488 6876 6838 2469 408 2553 2551 409 
3841 823 58 57 821 6877 1308 1289 6839 
3842 6877 1308 1289 6839 6878 1309 1290 6840 
3843 6878 1309 1290 6840 6879 1310 1291 6841 
3844 6879 1310 1291 6841 6880 1311 1292 6842 
3845 6880 1311 1292 6842 6881 1312 1293 6843 
3846 6881 1312 1293 6843 6882 1313 1294 6844 
3847 6882 1313 1294 6844 6883 1314 1295 6845 
3848 6883 1314 1295 6845 6884 1315 1296 6846 
3849 6884 1315 1296 6846 6885 1316 1297 6847 
3850 6885 1316 1297 6847 6886 1317 1298 6848 
3851 6886 1317 1298 6848 6887 1318 1299 6849 
3852 6887 1318 1299 6849 6888 1319 1300 6850 
3853 6888 1319 1300 6850 6889 1320 1301 6851 
3854 6889 1320 1301 6851 6890 1321 1302 6852 
3855 6890 1321 1302 6852 6891 1322 1303 6853 
3856 6891 1322 1303 6853 6892 1323 1304 6854 
3857 6892 1323 1304 6854 6893 1324 1305 6855 
3858 6893 1324 1305 6855 6894 1325 1306 6856 
3859 6894 1325 1306 6856 6895 1326 1307 6857 
3860 6895 1326 1307 6857 2554 200 201 2552 
3861 824 823 821 822 6896 6877 6839 6858 
3862 6896 6877 6839 6858 6897 6878 6840 6859 
3863 6897 6878 6840 6859 6898 6879 6841 6860 
3864 6898 6879 6841 6860 6899 6880 6842 6861 
3865 6899 6880 6842 6861 6900 6881 6843 6862 
3866 6900 6881 6843 6862 6901 6882 6844 6863 
3867 6901 6882 6844 6863 6902 6883 6845 6864 
3868 6902 6883 6845 6864 6903 6884 6846 6865 
3869 6903 6884 6846 6865 6904 6885 6847 6866 
3870 6904 6885 6847 6866 6905 6886 6848 6867 
3871 6905 6886 6848 6867 6906 6887 6849 6868 
3872 6906 6887 6849 6868 6907 6888 6850 6869 
3873 6907 6888 6850 6869 6908 6889 6851 6870 
3874 6908 6889 6851 6870 6909 6890 6852 6871 
3875 6909 6890 6852 6871 6910 6891 6853 6872 
3876 6910 6891 6853 6872 6911 6892 6854 6873 
3877 6911 6892 6854 6873 6912 6893 6855 6874 
3878 6912 6893 6855 6874 6913 6894 6856 6875 
3879 6913 6894 6856 6875 6914 6895 6857 6876 
3880 6914 6895 6857 6876 2555 2554 2552 2553 
3881 109 824 822 108 2489 6896 6858 2470 
3882 2489 6896 6858 2470 2490 6897 6859 2471 
3883 2490 6897 6859 2471 2491 6898 6860 2472 
3884 2491 6898 6860 2472 2492 6899 6861 2473 
3885 2492 6899 6861 2473 2493 6900 6862 2474 
3886 2493 6900 6862 2474 2494 6901 6863 2475 
3887 2494 6901 6863 2475 2495 6902 6864 2476 
3888 2495 6902 6864 2476 2496 6903 6865 2477 
3889 2496 6903 6865 2477 2497 6904 6866 2478 
3890 2497 6904 6866 2478 2498 6905 6867 2479 
3891 2498 6905 6867 2479 2499 6906 6868 2480 
3892 2499 6906 6868 2480 2500 6907 6869 2481 
3893 2500 6907 6869 2481 2501 6908 6870 2482 
3894 2501 6908 6870 2482 2502 6909 6871 2483 
3895 2502 6909 6871 2483 2503 6910 6872 2484 
3896 2503 6910 6872 2484 2504 6911 6873 2485 
3897 2504 6911 6873 2485 2505 6912 6874 2486 
3898 2505 6912 6874 2486 2506 6913 6875 2487 
3899 2506 6913 6875 2487 2507 6914 6876 2488 
3900 2507 6914 6876 2488 407 2555 2553 408 
3901 149 6 58 823 2375 251 1308 6877 
3902 2375 251 1308 6877 2376 252 1309 6878 
3903 2376 252 1309 6878 2377 253 1310 6879 
3904 2377 253 1310 6879 2378 254 1311 6880 
3905 2378 254 1311 6880 2379 255 1312 6881 
3906 2379 255 1312 6881 2380 256 1313 6882 
3907 2380 256 1313 6882 2381 257 1314 6883 
3908 2381 257 1314 6883 2382 258 1315 6884 
3909 2382 258 1315 6884 2383 259 1316 6885 
3910 2383 259 1316 6885 2384 260 1317 6886 
3911 2384 260 1317 6886 2385 261 1318 6887 
3912 2385 261 1318 6887 2386 262 1319 6888 
3913 2386 262 1319 6888 2387 263 1320 6889 
3914 2387 263 1320 6889 2388 264 1321 6890 
3915 2388 264 1321 6890 2389 265 1322 6891 
3916 2389 265 1322 6891 2390 266 1323 6892 
3917 2390 266 1323 6892 2391 267 1324 6893 
3918 2391 267 1324 6893 2392 268 1325 6894 
3919 2392 268 1325 6894 2393 269 1326 6895 
3920 2393 269 1326 6895 405 21 200 2554 
3921 150 149 823 824 2394 2375 6877 6896 
3922 2394 2375 6877 6896 2395 2376 6878 6897 
3923 2395 2376 6878 6897 2396 2377 6879 6898 
3924 2396 2377 6879 6898 2397 2378 6880 6899 
3925 2397 2378 6880 6899 2398 2379 6881 6900 
3926 2398 2379 6881 6900 2399 2380 6882 6901 
3927 2399 2380 6882 6901 2400 2381 6883 6902 
3928 2400 2381 6883 6902 2401 2382 6884 6903 
3929 2401 2382 6884 6903 2402 2383 6885 6904 
3930 2402 2383 6885 6904 2403 2384 6886 6905 
3931 2403 2384 6886 6905 2404 2385 6887 6906 
3932 2404 2385 6887 6906 2405 2386 6888 6907 
3933 2405 2386 6888 6907 2406 2387 6889 6908 
3934 2406 2387 6889 6908 2407 2388 6890 6909 
3935 2407 2388 6890 6909 2408 2389 6891 6910 
3936 2408 2389 6891 6910 2409 2390 6892 6911 
3937 2409 2390 6892 6911 2410 2391 6893 6912 
3938 2410 2391 6893 6912 2411 2392 6894 6913 
3939 2411 2392 6894 6913 2412 2393 6895 6914 
3940 2412 2393 6895 6914 406 405 2554 2555 
3941 8 150 824 109 414 2394 6896 2489 
3942 414 2394 6896 2489 415 2395 6897 2490 
3943 415 2395 6897 2490 416 2396 6898 2491 
3944 416 2396 6898 2491 417 2397 6899 2492 
3945 417 2397 6899 2492 418 2398 6900 2493 
3946 418 2398 6900 2493 419 2399 6901 2494 
3947 419 2399 6901 2494 420 2400 6902 2495 
3948 420 2400 6902 2495 421 2401 6903 2496 
3949 421 2401 6903 2496 422 2402 6904 2497 
3950 422 2402 6904 2497 423 2403 6905 2498 
3951 423 2403 6905 2498 424 2404 6906 2499 
3952 424 2404 6906 2499 425 2405 6907 2500 
3953 425 2405 6907 2500 426 2406 6908 2501 
3954 426 2406 6908 2501 427 2407 6909 2502 
3955 427 2407 6909 2502 428 2408 6910 2503 
3956 428 2408 6910 2503 429 2409 6911 2504 
3957 429 2409 6911 2504 430 2410 6912 2505 
3958 430 2410 6912 2505 431 2411 6913 2506 
3959 431 2411 6913 2506 432 2412 6914 2507 
3960 432 2412 6914 2507 27 406 2555 407 
3 5 5 480
3961 825 59 6 149 6915 1804 251 2375 
3962 6915 1804 251 2375 6916 1805 252 2376 
3963 6916 1805 252 2376 6917 1806 253 2377 
3964 6917 1806 253 2377 6918 1807 254 2378 
3965 6918 1807 254 2378 6919 1808 255 2379 
3966 6919 1808 255 2379 6920 1809 256 2380 
3967 6920 1809 256 2380 6921 1810 257 2381 
3968 6921 1810 257 2381 6922 1811 258 2382 
3969 6922 1811 258 2382 6923 1812 259 2383 
3970 6923 1812 259 2383 6924 1813 260 2384 
3971 6924 1813 260 2384 6925 1814 261 2385 
3972 6925 1814 261 2385 6926 1815 262 2386 
3973 6926 1815 262 2386 6927 1816 263 2387 
3974 6927 1816 263 2387 6928 1817 264 2388 
3975 6928 1817 264 2388 6929 1818 265 2389 
3976 6929 1818 265 2389 6930 1819 266 2390 
3977 6930 1819 266 2390 6931 1820 267 2391 
3978 6931 1820 267 2391 6932 1821 268 2392 
3979 6932 1821 268 2392 6933 1822 269 2393 
3980 6933 1822 269 2393 2727 310 21 405 
3981 826 825 149 150 6934 6915 2375 2394 
3982 6934 6915 2375 2394 6935 6916 2376 2395 
3983 6935 6916 2376 2395 6936 6917 2377 2396 
3984 6936 6917 2377 2396 6937 6918 2378 2397 
3985 6937 6918 2378 2397 6938 6919 2379 2398 
3986 6938 6919 2379 2398 6939 6920 2380 2399 
3987 6939 6920 2380 2399 6940 6921 2381 2400 
3988 6940 6921 2381 2400 6941 6922 2382 2401 
3989 6941 6922 2382 2401 6942 6923 2383 2402 
3990 6942 6923 2383 2402 6943 6924 2384 2403 
3991 6943 6924 2384 2403 6944 6925 2385 2404 
3992 6944 6925 2385 2404 6945 6926 2386 2405 
3993 6945 6926 2386 2405 6946 6927 2387 2406 
3994 6946 6927 2387 2406 6947 6928 2388 2407 
3995 6947 6928 2388 2407 6948 6929 2389 2408 
3996 6948 6929 2389 2408 6949 6930 2390 2409 
3997 6949 6930 2390 2409 6950 6931 2391 2410 
3998 6950 6931 2391 2410 6951 6932 2392 2411 
3999 6951 6932 2392 2411 6952 6933 2393 2412 
4000 6952 6933 2393 2412 2728 2727 405 406 
4001 66 826 150 8 2594 6934 2394 414 
4002 2594 6934 2394 414 2595 6935 2395 415 
4003 2595 6935 2395 415 2596 6936 2396 416 
4004 2596 6936 2396 416 2597 6937 2397 417 
4005 2597 6937 2397 417 2598 6938 2398 418 
4006 2598 6938 2398 418 2599 6939 2399 419 
4007 2599 6939 2399 419 2600 6940 2400 420 
4008 2600 6940 2400 420 2601 6941 2401 421 
4009 2601 6941 2401 421 2602 6942 2402 422 
4010 2602 6942 2402 422 2603 6943 2403 423 
4011 2603 6943 2403 423 2604 6944 2404 424 
4012 2604 6944 2404 424 2605 6945 2405 425 
4013 2605 6945 2405 425 2606 6946 2406 426 
4014 2606 6946 2406 426 2607 6947 2407 427 
4015 2607 6947 2407 427 2608 6948 2408 428 
4016 2608 6948 2408 428 2609 6949 2409 429 
4017 2609 6949 2409 429 2610 6950 2410 430 
4018 2610 6950 2410 430 2611 6951 2411 431 
4019 2611 6951 2411 431 2612 6952 2412 432 
4020 2612 6952 2412 432 460 2728 406 27 
4021 827 60 59 825 6953 1823 1804 6915 
4022 6953 1823 1804 6915 6954 1824 1805 6916 
4023 6954 1824 1805 6916 6955 1825 1806 6917 
4024 6955 1825 1806 6917 6956 1826 1807 6918 
4025 6956 1826 1807 6918 6957 1827 1808 6919 
4026 6957 1827 1808 6919 6958 1828 1809 6920 
4027 6958 1828 1809 6920 6959 1829 1810 6921 
4028 6959 1829 1810 6921 6960 1830 1811 6922 
4029 6960 1830 1811 6922 6961 1831 1812 6923 
4030 6961 1831 1812 6923 6962 1832 1813 6924 
4031 6962 1832 1813 6924 6963 1833 1814 6925 
4032 6963 1833 1814 6925 6964 1834 1815 6926 
4033 6964 1834 1815 6926 6965 1835 1816 6927 
4034 6965 1835 1816 6927 6966 1836 1817 6928 
4035 6966 1836 1817 6928 6967 1837 1818 6929 
4036 6967 1837 1818 6929 6968 1838 1819 6930 
4037 6968 1838 1819 6930 6969 1839 1820 6931 
4038 6969 1839 1820 6931 6970 1840 1821 6932 
4039 6970 1840 1821 6932 6971 1841 1822 6933 
4040 6971 1841 1822 6933 2729 309 310 2727 
4041 828 827 825 826 6972 6953 6915 6934 
4042 6972 6953 6915 6934 6973 6954 6916 6935 
4043 6973 6954 6916 6935 6974 6955 6917 6936 
4044 6974 6955 6917 6936 6975 6956 6918 6937 
4045 6975 6956 6918 6937 6976 6957 6919 6938 
4046 6976 6957 6919 6938 6977 6958 6920 6939 
4047 6977 6958 6920 6939 6978 6959 6921 6940 
4048 6978 6959 6921 6940 6979 6960 6922 6941 
4049 6979 6960 6922 6941 6980 6961 6923 6942 
4050 6980 6961 6923 6942 6981 6962 6924 6943 
4051 6981 6962 6924 6943 6982 6963 6925 6944 
4052 6982 6963 6925 6944 6983 6964 6926 6945 
4053 6983 6964 6926 6945 6984 6965 6927 6946 
4054 6984 6965 6927 6946 6985 6966 6928 6947 
4055 6985 6966 6928 6947 6986 6967 6929 6948 
4056 6986 6967 6929 6948 6987 6968 6930 6949 
4057 6987 6968 6930 6949 6988 6969 6931 6950 
4058 6988 6969 6931 6950 6989 6970 6932 6951 
4059 6989 6970 6932 6951 6990 6971 6933 6952 
4060 6990 6971 6933 6952 2730 2729 2727 2728 
4061 67 828 826 66 2613 6972 6934 2594 
4062 2613 6972 6934 2594 2614 6973 6935 2595 
4063 2614 6973 6935 2595 2615 6974 6936 2596 
4064 2615 6974 6936 2596 2616 6975 6937 2597 
4065 2616 6975 6937 2597 2617 6976 6938 2598 
4066 2617 6976 6938 2598 2618 6977 6939 2599 
4067 2618 6977 6939 2599 2619 6978 6940 2600 
4068 2619 6978 6940 2600 2620 6979 6941 2601 
4069 2620 6979 6941 2601 2621 6980 6942 2602 
4070 2621 6980 6942 2602 2622 6981 6943 2603 
4071 2622 6981 6943 2603 2623 6982 6944 2604 
4072 2623 6982 6944 2604 2624 6983 6945 2605 
4073 2624 6983 6945 2605 2625 6984 6946 2606 
4074 2625 6984 6946 2606 2626 6985 6947 2607 
4075 2626 6985 6947 2607 2627 6986 6948 2608 
4076 2627 6986 6948 2608 2628 6987 6949 2609 
4077 2628 6987 6949 2609 2629 6988 6950 2610 
4078 2629 6988 6950 2610 2630 6989 6951 2611 
4079 2630 6989 6951 2611 2631 6990 6952 2612 
4080 2631 6990 6952 2612 459 2730 2728 460 
4081 829 61 60 827 6991 1842 1823 6953 
4082 6991 1842 1823 6953 6992 1843 1824 6954 
4083 6992 1843 1824 6954 6993 1844 1825 6955 
4084 6993 1844 1825 6955 6994 1845 1826 6956 
4085 6994 1845 1826 6956 6995 1846 1827 6957 
4086 6995 1846 1827 6957 6996 1847 1828 6958 
4087 6996 1847 1828 6958 6997 1848 1829 6959 
4088 6997 1848 1829 6959 6998 1849 1830 6960 
4089 6998 1849 1830 6960 6999 1850 1831 6961 
4090 6999 1850 1831 6961 7000 1851 1832 6962 
4091 7000 1851 1832 6962 7001 1852 1833 6963 
4092 7001 1852 1833 6963 7002 1853 1834 6964 
4093 7002 1853 1834 6964 7003 1854 1835 6965 
4094 7003 1854 1835 6965 7004 1855 1836 6966 
4095 7004 1855 1836 6966 7005 1856 1837 6967 
4096 7005 1856 1837 6967 7006 1857 1838 6968 
4097 7006 1857 1838 6968 7007 1858 1839 6969 
4098 7007 1858 1839 6969 7008 1859 1840 6970 
4099 7008 1859 1840 6970 7009 1860 1841 6971 
4100 7009 1860 1841 6971 2731 308 309 2729 
4101 830 829 827 828 7010 6991 6953 6972 
4102 7010 6991 6953 6972 7011 6992 6954 6973 
4103 7011 6992 6954 6973 7012 6993 6955 6974 
4104 7012 6993 6955 6974 7013 6994 6956 6975 
4105 7013 6994 6956 6975 7014 6995 6957 6976 
4106 7014 6995 6957 6976 7015 6996 6958 6977 
4107 7015 6996 6958 6977 7016 6997 6959 6978 
4108 7016 6997 6959 6978 7017 6998 6960 6979 
4109 7017 6998 6960 6979 7018 6999 6961 6980 
4110 7018 6999 6961 6980 7019 7000 6962 6981 
4111 7019 7000 6962 6981 7020 7001 6963 6982 
4112 7020 7001 6963 6982 7021 7002 6964 6983 
4113 7021 7002 6964 6983 7022 7003 6965 6984 
4114 7022 7003 6965 6984 7023 7004 6966 6985 
4115 7023 7004 6966 6985 7024 7005 6967 6986 
4116 7024 7005 6967 6986 7025 7006 6968 6987 
4117 7025 7006 6968 6987 7026 7007 6969 6988 
4118 7026 7007 6969 6988 7027 7008 6970 6989 
4119 7027 7008 6970 6989 7028 7009 6971 6990 
4120 7028 7009 6971 6990 2732 2731 2729 2730 
4121 68 830 828 67 2632 7010 6972 2613 
4122 2632 7010 6972 2613 2633 7011 6973 2614 
4123 2633 7011 6973 2614 2634 7012 6974 2615 
4124 2634 7012 6974 2615 2635 7013 6975 2616 
4125 2635 7013 6975 2616 2636 7014 6976 2617 
4126 2636 7014 6976 2617 2637 7015 6977 2618 
4127 2637 7015 6977 2618 2638 7016 6978 2619 
4128 2638 7016 6978 2619 2639 7017 6979 2620 
4129 2639 7017 6979 2620 2640 7018 6980 2621 
4130 2640 7018 6980 2621 2641 7019 6981 2622 
4131 2641 7019 6981 2622 2642 7020 6982 2623 
4132 2642 7020 6982 2623 2643 7021 6983 2624 
4133 2643 7021 6983 2624 2644 7022 6984 2625 
4134 2644 7022 6984 2625 2645 7023 6985 2626 
4135 2645 7023 6985 2626 2646 7024 6986 2627 
4136 2646 7024 6986 2627 2647 7025 6987 2628 
4137 2647 7025 6987 2628 2648 7026 6988 2629 
4138 2648 7026 6988 2629 2649 7027 6989 2630 
4139 2649 7027 6989 2630 2650 7028 6990 2631 
4140 2650 7028 6990 2631 458 2732 2730 459 
4141 831 62 61 829 7029 1861 1842 6991 
4142 7029 1861 1842 6991 7030 1862 1843 6992 
4143 7030 1862 1843 6992 7031 1863 1844 6993 
4144 7031 1863 1844 6993 7032 1864 1845 6994 
4145 7032 1864 1845 6994 7033 1865 1846 6995 
4146 7033 1865 1846 6995 7034 1866 1847 6996 
4147 7034 1866 1847 6996 7035 1867 1848 6997 
4148 7035 1867 1848 6997 7036 1868 1849 6998 
4149 7036 1868 1849 6998 7037 1869 1850 6999 
4150 7037 1869 1850 6999 7038 1870 1851 7000 
4151 7038 1870 1851 7000 7039 1871 1852 7001 
4152 7039 1871 1852 7001 7040 1872 1853 7002 
4153 7040 1872 1853 7002 7041 1873 1854 7003 
4154 7041 1873 1854 7003 7042 1874 1855 7004 
4155 7042 1874 1855 7004 7043 1875 1856 7005 
4156 7043 1875 1856 7005 7044 1876 1857 7006 
4157 7044 1876 1857 7006 7045 1877 1858 7007 
4158 7045 1877 1858 7007 7046 1878 1859 7008 
4159 7046 1878 1859 7008 7047 1879 1860 7009 
4160 7047 1879 1860 7009 2733 307 308 2731 
4161 832 831 829 830 7048 7029 6991 7010 
4162 7048 7029 6991 7010 7049 7030 6992 7011 
4163 7049 7030 6992 7011 7050 7031 6993 7012 
4164 7050 7031 6993 7012 7051 7032 6994 7013 
4165 7051 7032 6994 7013 7052 7033 6995 7014 
4166 7052 7033 6995 7014 7053 7034 6996 7015 
4167 7053 7034 6996 7015 7054 7035 6997 7016 
4168 7054 7035 6997 7016 7055 7036 6998 7017 
4169 7055 7036 6998 7017 7056 7037 6999 7018 
4170 7056 7037 6999 7018 7057 7038 7000 7019 
4171 7057 7038 7000 7019 7058 7039 7001 7020 
4172 7058 7039 7001 7020 7059 7040 7002 7021 
4173 7059 7040 7002 7021 7060 7041 7003 7022 
4174 7060 7041 7003 7022 7061 7042 7004 7023 
4175 7061 7042 7004 7023 7062 7043 7005 7024 
4176 7062 7043 7005 7024 7063 7044 7006 7025 
4177 7063 7044 7006 7025 7064 7045 7007 7026 
4178 7064 7045 7007 7026 7065 7046 7008 7027 
4179 7065 7046 7008 7027 7066 7047 7009 7028 
4180 7066 7047 7009 7028 2734 2733 2731 2732 
4181 69 832 830 68 2651 7048 7010 2632 
4182 2651 7048 7010 2632 2652 7049 7011 2633 
4183 2652 7049 7011 2633 2653 7050 7012 2634 
4184 2653 7050 7012 2634 2654 7051 7013 2635 
4185 2654 7051 7013 2635 2655 7052 7014 2636 
4186 2655 7052 7014 2636 2656 7053 7015 2637 
4187 2656 7053 7015 2637 2657 7054 7016 2638 
4188 2657 7054 7016 2638 2658 7055 7017 2639 
4189 2658 7055 7017 2639 2659 7056 7018 2640 
4190 2659 7056 7018 2640 2660 7057 7019 2641 
4191 2660 7057 7019 2641 2661 7058 7020 2642 
4192 2661 7058 7020 2642 2662 7059 7021 2643 
4193 2662 7059 7021 2643 2663 7060 7022 2644 
4194 2663 7060 7022 2644 2664 7061 7023 2645 
4195 2664 7061 7023 2645 2665 7062 7024 2646 
4196 2665 7062 7024 2646 2666 7063 7025 2647 
4197 2666 7063 7025 2647 2667 7064 7026 2648 
4198 2667 7064 7026 2648 2668 7065 7027 2649 
4199 2668 7065 7027 2649 2669 7066 7028 2650 
4200 2669 7066 7028 2650 457 2734 2732 458 
4201 833 63 62 831 7067 1880 1861 7029 
4202 7067 1880 1861 7029 7068 1881 1862 7030 
4203 7068 1881 1862 7030 7069 1882 1863 7031 
4204 7069 1882 1863 7031 7070 1883 1864 7032 
4205 7070 1883 1864 7032 7071 1884 1865 7033 
4206 7071 1884 1865 7033 7072 1885 1866 7034 
4207 7072 1885 1866 7034 7073 1886 1867 7035 
4208 7073 1886 1867 7035 7074 1887 1868 7036 
4209 7074 1887 1868 7036 7075 1888 1869 7037 
4210 7075 1888 1869 7037 7076 1889 1870 7038 
4211 7076 1889 1870 7038 7077 1890 1871 7039 
4212 7077 1890 1871 7039 7078 1891 1872 7040 
4213 7078 1891 1872 7040 7079 1892 1873 7041 
4214 7079 1892 1873 7041 7080 1893 1874 7042 
4215 7080 1893 1874 7042 7081 1894 1875 7043 
4216 7081 1894 1875 7043 7082 1895 1876 7044 
4217 7082 1895 1876 7044 7083 1896 1877 7045 
4218 7083 1896 1877 7045 7084 1897 1878 7046 
4219 7084 1897 1878 7046 7085 1898 1879 7047 
4220 7085 1898 1879 7047 2735 306 307 2733 
4221 834 833 831 832 7086 7067 7029 7048 
4222 7086 7067 7029 7048 7087 7068 7030 7049 
4223 7087 7068 7030 7049 7088 7069 7031 7050 
4224 7088 7069 7031 7050 7089 7070 7032 7051 
4225 7089 7070 7032 7051 7090 7071 7033 7052 
4226 7090 7071 7033 7052 7091 7072 7034 7053 
4227 7091 7072 7034 7053 7092 7073 7035 7054 
4228 7092 7073 7035 7054 7093 7074 7036 7055 
4229 7093 7074 7036 7055 7094 7075 7037 7056 
4230 7094 7075 7037 7056 7095 7076 7038 7057 
4231 7095 7076 7038 7057 7096 7077 7039 7058 
4232 7096 7077 7039 7058 7097 7078 7040 7059 
4233 7097 7078 7040 7059 7098 7079 7041 7060 
4234 7098 7079 7041 7060 7099 7080 7042 7061 
4235 7099 7080 7042 7061 7100 7081 7043 7062 
4236 7100 7081 7043 7062 7101 7082 7044 7063 
4237 7101 7082 7044 7063 7102 7083 7045 7064 
4238 7102 7083 7045 7064 7103 7084 7046 7065 
4239 7103 7084 7046 7065 7104 7085 7047 7066 
4240 7104 7085 7047 7066 2736 2735 2733 2734 
4241 70 834 832 69 2670 7086 7048 2651 
4242 2670 7086 7048 2651 2671 7087 7049 2652 
4243 2671 7087 7049 2652 2672 7088 7050 2653 
4244 2672 7088 7050 2653 2673 7089 7051 2654 
4245 2673 7089 7051 2654 2674 7090 7052 2655 
4246 2674 7090 7052 2655 2675 7091 7053 2656 
4247 2675 7091 7053 2656 2676 7092 7054 2657 
4248 2676 7092 7054 2657 2677 7093 7055 2658 
4249 2677 7093 7055 2658 2678 7094 7056 2659 
4250 2678 7094 7056 2659 2679 7095 7057 2660 
4251 2679 7095 7057 2660 2680 7096 7058 2661 
4252 2680 7096 7058 2661 2681 7097 7059 2662 
4253 2681 7097 7059 2662 2682 7098 7060 2663 
4254 2682 7098 7060 2663 2683 7099 7061 2664 
4255 2683 7099 7061 2664 2684 7100 7062 2665 
4256 2684 7100 7062 2665 2685 7101 7063 2666 
4257 2685 7101 7063 2666 2686 7102 7064 2667 
4258 2686 7102 7064 2667 2687 7103 7065 2668 
4259 2687 7103 7065 2668 2688 7104 7066 2669 
4260 2688 7104 7066 2669 456 2736 2734 457 
4261 835 64 63 833 7105 1899 1880 7067 
4262 7105 1899 1880 7067 7106 1900 1881 7068 
4263 7106 1900 1881 7068 7107 1901 1882 7069 
4264 7107 1901 1882 7069 7108 1902 1883 7070 
4265 7108 1902 1883 7070 7109 1903 1884 7071 
4266 7109 1903 1884 7071 7110 1904 1885 7072 
4267 7110 1904 1885 7072 7111 1905 1886 7073 
4268 7111 1905 1886 7073 7112 1906 1887 7074 
4269 7112 1906 1887 7074 7113 1907 1888 7075 
4270 7113 1907 1888 7075 7114 1908 1889 7076 
4271 7114 1908 1889 7076 7115 1909 1890 7077 
4272 7115 1909 1890 7077 7116 1910 1891 7078 
4273 7116 1910 1891 7078 7117 1911 1892 7079 
4274 7117 1911 1892 7079 7118 1912 1893 7080 
4275 7118 1912 1893 7080 7119 1913 1894 7081 
4276 7119 1913 1894 7081 7120 1914 1895 7082 
4277 7120 1914 1895 7082 7121 1915 1896 7083 
4278 7121 1915 1896 7083 7122 1916 1897 7084 
4279 7122 1916 1897 7084 7123 1917 1898 7085 
4280 7123 1917 1898 7085 2737 305 306 2735 
4281 836 835 833 834 7124 7105 7067 7086 
4282 7124 7105 7067 7086 7125 7106 7068 7087 
4283 7125 7106 7068 7087 7126 7107 7069 7088 
4284 7126 7107 7069 7088 7127 7108 7070 7089 
4285 7127 7108 7070 7089 7128 7109 7071 7090 
4286 7128 7109 7071 7090 7129 7110 7072 7091 
4287 7129 7110 7072 7091 7130 7111 7073 7092 
4288 7130 7111 7073 7092 7131 7112 7074 7093 
4289 7131 7112 7074 7093 7132 7113 7075 7094 
4290 7132 7113 7075 7094 7133 7114 7076 7095 
4291 7133 7114 7076 7095 7134 7115 7077 7096 
4292 7134 7115 7077 7096 7135 7116 7078 7097 
4293 7135 7116 7078 7097 7136 7117 7079 7098 
4294 7136 7117 7079 7098 7137 7118 7080 7099 
4295 7137 7118 7080 7099 7138 7119 7081 7100 
4296 7138 7119 7081 7100 7139 7120 7082 7101 
4297 7139 7120 7082 7101 7140 7121 7083 7102 
4298 7140 7121 7083 7102 7141 7122 7084 7103 
4299 7141 7122 7084 7103 7142 7123 7085 7104 
4300 7142 7123 7085 7104 2738 2737 2735 2736 
4301 71 836 834 70 2689 7124 7086 2670 
4302 2689 7124 7086 2670 2690 7125 7087 2671 
4303 2690 7125 7087 2671 2691 7126 7088 2672 
4304 2691 7126 7088 2672 2692 7127 7089 2673 
4305 2692 7127 7089 2673 2693 7128 7090 2674 
4306 2693 7128 7090 2674 2694 7129 7091 2675 
4307 2694 7129 7091 2675 2695 7130 7092 2676 
4308 2695 7130 7092 2676 2696 7131 7093 2677 
4309 2696 7131 7093 2677 2697 7132 7094 2678 
4310 2697 7132 7094 2678 2698 7133 7095 2679 
4311 2698 7133 7095 2679 2699 7134 7096 2680 
4312 2699 7134 7096 2680 2700 7135 7097 2681 
4313 2700 7135 7097 2681 2701 7136 7098 2682 
4314 2701 7136 7098 2682 2702 7137 7099 2683 
4315 2702 7137 7099 2683 2703 7138 7100 2684 
4316 2703 7138 7100 2684 2704 7139 7101 2685 
4317 2704 7139 7101 2685 2705 7140 7102 2686 
4318 2705 7140 7102 2686 2706 7141 7103 2687 
4319 2706 7141 7103 2687 2707 7142 7104 2688 
4320 2707 7142 7104 2688 455 2738 2736 456 
4321 837 65 64 835 7143 1918 1899 7105 
4322 7143 1918 1899 7105 7144 1919 1900 7106 
4323 7144 1919 1900 7106 7145 1920 1901 7107 
4324 7145 1920 1901 7107 7146 1921 1902 7108 
4325 7146 1921 1902 7108 7147 1922 1903 7109 
4326 7147 1922 1903 7109 7148 1923 1904 7110 
4327 7148 1923 1904 7110 7149 1924 1905 7111 
4328 7149 1924 1905 7111 7150 1925 1906 7112 
4329 7150 1925 1906 7112 7151 1926 1907 7113 
4330 7151 1926 1907 7113 7152 1927 1908 7114 
4331 7152 1927 1908 7114 7153 1928 1909 7115 
4332 7153 1928 1909 7115 7154 1929 1910 7116 
4333 7154 1929 1910 7116 7155 1930 1911 7117 
4334 7155 1930 1911 7117 7156 1931 1912 7118 
4335 7156 1931 1912 7118 7157 1932 1913 7119 
4336 7157 1932 1913 7119 7158 1933 1914 7120 
4337 7158 1933 1914 7120 7159 1934 1915 7121 
4338 7159 1934 1915 7121 7160 1935 1916 7122 
4339 7160 1935 1916 7122 7161 1936 1917 7123 
4340 7161 1936 1917 7123 2739 304 305 2737 
4341 838 837 835 836 7162 7143 7105 7124 
4342 7162 7143 7105 7124 7163 7144 7106 7125 
4343 7163 7144 7106 7125 7164 7145 7107 7126 
4344 7164 7145 7107 7126 7165 7146 7108 7127 
4345 7165 7146 7108 7127 7166 7147 7109 7128 
4346 7166 7147 7109 7128 7167 7148 7110 7129 
4347 7167 7148 7110 7129 7168 7149 7111 7130 
4348 7168 7149 7111 7130 7169 7150 7112 7131 
4349 7169 7150 7112 7131 7170 7151 7113 7132 
4350 7170 7151 7113 7132 7171 7152 7114 7133 
4351 7171 7152 7114 7133 7172 7153 7115 7134 
4352 7172 7153 7115 7134 7173 7154 7116 7135 
4353 7173 7154 7116 7135 7174 7155 7117 7136 
4354 7174 7155 7117 7136 7175 7156 7118 7137 
4355 7175 7156 7118 7137 7176 7157 7119 7138 
4356 7176 7157 7119 7138 7177 7158 7120 7139 
4357 7177 7158 7120 7139 7178 7159 7121 7140 
4358 7178 7159 7121 7140 7179 7160 7122 7141 
4359 7179 7160 7122 7141 7180 7161 7123 7142 
4360 7180 7161 7123 7142 2740 2739 2737 2738 
4361 72 838 836 71 2708 7162 7124 2689 
4362 2708 7162 7124 2689 2709 7163 7125 2690 
4363 2709 7163 7125 2690 2710 7164 7126 2691 
4364 2710 7164 7126 2691 2711 7165 7127 2692 
4365 2711 7165 7127 2692 2712 7166 7128 2693 
4366 2712 7166 7128 2693 2713 7167 7129 2694 
4367 2713 7167 7129 2694 2714 7168 7130 2695 
4368 2714 7168 7130 2695 2715 7169 7131 2696 
4369 2715 7169 7131 2696 2716 7170 7132 2697 
4370 2716 7170 7132 2697 2717 7171 7133 2698 
4371 2717 7171 7133 2698 2718 7172 7134 2699 
4372 2718 7172 7134 2699 2719 7173 7135 2700 
4373 2719 7173 7135 2700 2720 7174 7136 2701 
4374 2720 7174 7136 2701 2721 7175 7137 2702 
4375 2721 7175 7137 2702 2722 7176 7138 2703 
4376 2722 7176 7138 2703 2723 7177 7139 2704 
4377 2723 7177 7139 2704 2724 7178 7140 2705 
4378 2724 7178 7140 2705 2725 7179 7141 2706 
4379 2725 7179 7141 2706 2726 7180 7142 2707 
4380 2726 7180 7142 2707 454 2740 2738 455 
4381 151 7 65 837 2556 330 1918 7143 
4382 2556 330 1918 7143 2557 331 1919 7144 
4383 2557 331 1919 7144 2558 332 1920 7145 
4384 2558 332 1920 7145 2559 333 1921 7146 
4385 2559 333 1921 7146 2560 334 1922 7147 
4386 2560 334 1922 7147 2561 335 1923 7148 
4387 2561 335 1923 7148 2562 336 1924 7149 
4388 2562 336 1924 7149 2563 337 1925 7150 
4389 2563 337 1925 7150 2564 338 1926 7151 
4390 2564 338 1926 7151 2565 339 1927 7152 
4391 2565 339 1927 7152 2566 340 1928 7153 
4392 2566 340 1928 7153 2567 341 1929 7154 
4393 2567 341 1929 7154 2568 342 1930 7155 
4394 2568 342 1930 7155 2569 343 1931 7156 
4395 2569 343 1931 7156 2570 344 1932 7157 
4396 2570 344 1932 7157 2571 345 1933 7158 
4397 2571 345 1933 7158 2572 346 1934 7159 
4398 2572 346 1934 7159 2573 347 1935 7160 
4399 2573 347 1935 7160 2574 348 1936 7161 
4400 2574 348 1936 7161 452 24 304 2739 
4401 152 151 837 838 2575 2556 7143 7162 
4402 2575 2556 7143 7162 2576 2557 7144 7163 
4403 2576 2557 7144 7163 2577 2558 7145 7164 
4404 2577 2558 7145 7164 2578 2559 7146 7165 
4405 2578 2559 7146 7165 2579 2560 7147 7166 
4406 2579 2560 7147 7166 2580 2561 7148 7167 
4407 2580 2561 7148 7167 2581 2562 7149 7168 
4408 2581 2562 7149 7168 2582 2563 7150 7169 
4409 2582 2563 7150 7169 2583 2564 7151 7170 
4410 2583 2564 7151 7170 2584 2565 7152 7171 
4411 2584 2565 7152 7171 2585 2566 7153 7172 
4412 2585 2566 7153 7172 2586 2567 7154 7173 
4413 2586 2567 7154 7173 2587 2568 7155 7174 
4414 2587 2568 7155 7174 2588 2569 7156 7175 
4415 2588 2569 7156 7175 2589 2570 7157 7176 
4416 2589 2570 7157 7176 2590 2571 7158 7177 
4417 2590 2571 7158 7177 2591 2572 7159 7178 
4418 2591 2572 7159 7178 2592 2573 7160 7179 
4419 2592 2573 7160 7179 2593 2574 7161 7180 
4420 2593 2574 7161 7180 453 452 2739 2740 
4421 9 152 838 72 461 2575 7162 2708 
4422 461 2575 7162 2708 462 2576 7163 2709 
4423 462 2576 7163 2709 463 2577 7164 2710 
4424 463 2577 7164 2710 464 2578 7165 2711 
4425 464 2578 7165 2711 465 2579 7166 2712 
4426 465 2579 7166 2712 466 2580 7167 2713 
4427 466 2580 7167 2713 467 2581 7168 2714 
4428 467 2581 7168 2714 468 2582 7169 2715 
4429 468 2582 7169 2715 469 2583 7170 2716 
4430 469 2583 7170 2716 470 2584 7171 2717 
4431 470 2584 7171 2717 471 2585 7172 2718 
4432 471 2585 7172 2718 472 2586 7173 2719 
4433 472 2586 7173 2719 473 2587 7174 2720 
4434 473 2587 7174 2720 474 2588 7175 2721 
4435 474 2588 7175 2721 475 2589 7176 2722 
4436 475 2589 7176 2722 476 2590 7177 2723 
4437 476 2590 7177 2723 477 2591 7178 2724 
4438 477 2591 7178 2724 478 2592 7179 2725 
4439 478 2592 7179 2725 479 2593 7180 2726 
4440 479 2593 7180 2726 29 453 2740 454 
3 6 5 360
4441 839 100 7 151 7181 2741 330 2556 
4442 7181 2741 330 2556 7182 2742 331 2557 
4443 7182 2742 331 2557 7183 2743 332 2558 
4444 7183 2743 332 2558 7184 2744 333 2559 
4445 7184 2744 333 2559 7185 2745 334 2560 
4446 7185 2745 334 2560 7186 2746 335 2561 
4447 7186 2746 335 2561 7187 2747 336 2562 
4448 7187 2747 336 2562 7188 2748 337 2563 
4449 7188 2748 337 2563 7189 2749 338 2564 
4450 7189 2749 338 2564 7190 2750 339 2565 
4451 7190 2750 339 2565 7191 2751 340 2566 
4452 7191 2751 340 2566 7192 2752 341 2567 
4453 7192 2752 341 2567 7193 2753 342 2568 
4454 7193 2753 342 2568 7194 2754 343 2569 
4455 7194 2754 343 2569 7195 2755 344 2570 
4456 7195 2755 344 2570 7196 2756 345 2571 
4457 7196 2756 345 2571 7197 2757 346 2572 
4458 7197 2757 346 2572 7198 2758 347 2573 
4459 7198 2758 347 2573 7199 2759 348 2574 
4460 7199 2759 348 2574 2969 480 24 452 
4461 840 839 151 152 7200 7181 2556 2575 
4462 7200 7181 2556 2575 7201 7182 2557 2576 
4463 7201 7182 2557 2576 7202 7183 2558 2577 
4464 7202 7183 2558 2577 7203 7184 2559 2578 
4465 7203 7184 2559 2578 7204 7185 2560 2579 
4466 7204 7185 2560 2579 7205 7186 2561 2580 
4467 7205 7186 2561 2580 7206 7187 2562 2581 
4468 7206 7187 2562 2581 7207 7188 2563 2582 
4469 7207 7188 2563 2582 7208 7189 2564 2583 
4470 7208 7189 2564 2583 7209 7190 2565 2584 
4471 7209 7190 2565 2584 7210 7191 2566 2585 
4472 7210 7191 2566 2585 7211 7192 2567 2586 
4473 7211 7192 2567 2586 7212 7193 2568 2587 
4474 7212 7193 2568 2587 7213 7194 2569 2588 
4475 7213 7194 2569 2588 7214 7195 2570 2589 
4476 7214 7195 2570 2589 7215 7196 2571 2590 
4477 7215 7196 2571 2590 7216 7197 2572 2591 
4478 7216 7197 2572 2591 7217 7198 2573 2592 
4479 7217 7198 2573 2592 7218 7199 2574 2593 
4480 7218 7199 2574 2593 2970 2969 452 453 
4481 73 840 152 9 2874 7200 2575 461 
4482 2874 7200 2575 461 2875 7201 2576 462 
4483 2875 7201 2576 462 2876 7202 2577 463 
4484 2876 7202 2577 463 2877 7203 2578 464 
4485 2877 7203 2578 464 2878 7204 2579 465 
4486 2878 7204 2579 465 2879 7205 2580 466 
4487 2879 7205 2580 466 2880 7206 2581 467 
4488 2880 7206 2581 467 2881 7207 2582 468 
4489 2881 7207 2582 468 2882 7208 2583 469 
4490 2882 7208 2583 469 2883 7209 2584 470 
4491 2883 7209 2584 470 2884 7210 2585 471 
4492 2884 7210 2585 471 2885 7211 2586 472 
4493 2885 7211 2586 472 2886 7212 2587 473 
4494 2886 7212 2587 473 2887 7213 2588 474 
4495 2887 7213 2588 474 2888 7214 2589 475 
4496 2888 7214 2589 475 2889 7215 2590 476 
4497 2889 7215 2590 476 2890 7216 2591 477 
4498 2890 7216 2591 477 2891 7217 2592 478 
4499 2891 7217 2592 478 2892 7218 2593 479 
4500 2892 7218 2593 479 491 2970 453 29 
4501 841 101 100 839 7219 2760 2741 7181 
4502 7219 2760 2741 7181 7220 2761 2742 7182 
4503 7220 2761 2742 7182 7221 2762 2743 7183 
4504 7221 2762 2743 7183 7222 2763 2744 7184 
4505 7222 2763 2744 7184 7223 2764 2745 7185 
4506 7223 2764 2745 7185 7224 2765 2746 7186 
4507 7224 2765 2746 7186 7225 2766 2747 7187 
4508 7225 2766 2747 7187 7226 2767 2748 7188 
4509 7226 2767 2748 7188 7227 2768 2749 7189 
4510 7227 2768 2749 7189 7228 2769 2750 7190 
4511 7228 2769 2750 7190 7229 2770 2751 7191 
4512 7229 2770 2751 7191 7230 2771 2752 7192 
4513 7230 2771 2752 7192 7231 2772 2753 7193 
4514 7231 2772 2753 7193 7232 2773 2754 7194 
4515 7232 2773 2754 7194 7233 2774 2755 7195 
4516 7233 2774 2755 7195 7234 2775 2756 7196 
4517 7234 2775 2756 7196 7235 2776 2757 7197 
4518 7235 2776 2757 7197 7236 2777 2758 7198 
4519 7236 2777 2758 7198 7237 2778 2759 7199 
4520 7237 2778 2759 7199 2971 481 480 2969 
4521 842 841 839 840 7238 7219 7181 7200 
4522 7238 7219 7181 7200 7239 7220 7182 7201 
4523 7239 7220 7182 7201 7240 7221 7183 7202 
4524 7240 7221 7183 7202 7241 7222 7184 7203 
4525 7241 7222 7184 7203 7242 7223 7185 7204 
4526 7242 7223 7185 7204 7243 7224 7186 7205 
4527 7243 7224 7186 7205 7244 7225 7187 7206 
4528 7244 7225 7187 7206 7245 7226 7188 7207 
4529 7245 7226 7188 7207 7246 7227 7189 7208 
4530 7246 7227 7189 7208 7247 7228 7190 7209 
4531 7247 7228 7190 7209 7248 7229 7191 7210 
4532 7248 7229 7191 7210 7249 7230 7192 7211 
4533 7249 7230 7192 7211 7250 7231 7193 7212 
4534 7250 7231 7193 7212 7251 7232 7194 7213 
4535 7251 7232 7194 7213 7252 7233 7195 7214 
4536 7252 7233 7195 7214 7253 7234 7196 7215 
4537 7253 7234 7196 7215 7254 7235 7197 7216 
4538 7254 7235 7197 7216 7255 7236 7198 7217 
4539 7255 7236 7198 7217 7256 7237 7199 7218 
4540 7256 7237 7199 7218 2972 2971 2969 2970 
4541 74 842 840 73 2893 7238 7200 2874 
4542 2893 7238 7200 2874 2894 7239 7201 2875 
4543 2894 7239 7201 2875 2895 7240 7202 2876 
4544 2895 7240 7202 2876 2896 7241 7203 2877 
4545 2896 7241 7203 2877 2897 7242 7204 2878 
4546 2897 7242 7204 2878 2898 7243 7205 2879 
4547 2898 7243 7205 2879 2899 7244 7206 2880 
4548 2899 7244 7206 2880 2900 7245 7207 2881 
4549 2900 7245 7207 2881 2901 7246 7208 2882 
4550 2901 7246 7208 2882 2902 7247 7209 2883 
4551 2902 7247 7209 2883 2903 7248 7210 2884 
4552 2903 7248 7210 2884 2904 7249 7211 2885 
4553 2904 7249 7211 2885 2905 7250 7212 2886 
4554 2905 7250 7212 2886 2906 7251 7213 2887 
4555 2906 7251 7213 2887 2907 7252 7214 2888 
4556 2907 7252 7214 2888 2908 7253 7215 2889 
4557 2908 7253 7215 2889 2909 7254 7216 2890 
4558 2909 7254 7216 2890 2910 7255 7217 2891 
4559 2910 7255 7217 2891 2911 7256 7218 2892 
4560 2911 7256 7218 2892 490 2972 2970 491 
4561 843 102 101 841 7257 2779 2760 7219 
4562 7257 2779 2760 7219 7258 2780 2761 7220 
4563 7258 2780 2761 7220 7259 2781 2762 7221 
4564 7259 2781 2762 7221 7260 2782 2763 7222 
4565 7260 2782 2763 7222 7261 2783 2764 7223 
4566 7261 2783 2764 7223 7262 2784 2765 7224 
4567 7262 2784 2765 7224 7263 2785 2766 7225 
4568 7263 2785 2766 7225 7264 2786 2767 7226 
4569 7264 2786 2767 7226 7265 2787 2768 7227 
4570 7265 2787 2768 7227 7266 2788 2769 7228 
4571 7266 2788 2769 7228 7267 2789 2770 7229 
4572 7267 2789 2770 7229 7268 2790 2771 7230 
4573 7268 2790 2771 7230 7269 2791 2772 7231 
4574 7269 2791 2772 7231 7270 2792 2773 7232 
4575 7270 2792 2773 7232 7271 2793 2774 7233 
4576 7271 2793 2774 7233 7272 2794 2775 7234 
4577 7272 2794 2775 7234 7273 2795 2776 7235 
4578 7273 2795 2776 7235 7274 2796 2777 7236 
4579 7274 2796 2777 7236 7275 2797 2778 7237 
4580 7275 2797 2778 7237 2973 482 481 2971 
4581 844 843 841 842 7276 7257 7219 7238 
4582 7276 7257 7219 7238 7277 7258 7220 7239 
4583 7277 7258 7220 7239 7278 7259 7221 7240 
4584 7278 7259 7221 7240 7279 7260 7222 7241 
4585 7279 7260 7222 7241 7280 7261 7223 7242 
4586 7280 7261 7223 7242 7281 7262 7224 7243 
4587 7281 7262 7224 7243 7282 7263 7225 7244 
4588 7282 7263 7225 7244 7283 7264 7226 7245 
4589 7283 7264 7226 7245 7284 7265 7227 7246 
4590 7284 7265 7227 7246 7285 7266 7228 7247 
4591 7285 7266 7228 7247 7286 7267 7229 7248 
4592 7286 7267 7229 7248 7287 7268 7230 7249 
4593 7287 7268 7230 7249 7288 7269 7231 7250 
4594 7288 7269 7231 7250 7289 7270 7232 7251 
4595 7289 7270 7232 7251 7290 7271 7233 7252 
4596 7290 7271 7233 7252 7291 7272 7234 7253 
4597 7291 7272 7234 7253 7292 7273 7235 7254 
4598 7292 7273 7235 7254 7293 7274 7236 7255 
4599 7293 7274 7236 7255 7294 7275 7237 7256 
4600 7294 7275 7237 7256 2974 2973 2971 2972 
4601 75 844 842 74 2912 7276 7238 2893 
4602 2912 7276 7238 2893 2913 7277 7239 2894 
4603 2913 7277 7239 2894 2914 7278 7240 2895 
4604 2914 7278 7240 2895 2915 7279 7241 2896 
4605 2915 7279 7241 2896 2916 7280 7242 2897 
4606 2916 7280 7242 2897 2917 7281 7243 2898 
4607 2917 7281 7243 2898 2918 7282 7244 2899 
4608 2918 7282 7244 2899 2919 7283 7245 2900 
4609 2919 7283 7245 2900 2920 7284 7246 2901 
4610 2920 7284 7246 2901 2921 7285 7247 2902 
4611 2921 7285 7247 2902 2922 7286 7248 2903 
4612 2922 7286 7248 2903 2923 7287 7249 2904 
4613 2923 7287 7249 2904 2924 7288 7250 2905 
4614 2924 7288 7250 2905 2925 7289 7251 2906 
4615 2925 7289 7251 2906 2926 7290 7252 2907 
4616 2926 7290 7252 2907 2927 7291 7253 2908 
4617 2927 7291 7253 2908 2928 7292 7254 2909 
4618 2928 7292 7254 2909 2929 7293 7255 2910 
4619 2929 7293 7255 2910 2930 7294 7256 2911 
4620 2930 7294 7256 2911 489 2974 2972 490 
4621 845 103 102 843 7295 2798 2779 7257 
4622 7295 2798 2779 7257 7296 2799 2780 7258 
4623 7296 2799 2780 7258 7297 2800 2781 7259 
4624 7297 2800 2781 7259 7298 2801 2782 7260 
4625 7298 2801 2782 7260 7299 2802 2783 7261 
4626 7299 2802 2783 7261 7300 2803 2784 7262 
4627 7300 2803 2784 7262 7301 2804 2785 7263 
4628 7301 2804 2785 7263 7302 2805 2786 7264 
4629 7302 2805 2786 7264 7303 2806 2787 7265 
4630 7303 2806 2787 7265 7304 2807 2788 7266 
4631 7304 2807 2788 7266 7305 2808 2789 7267 
4632 7305 2808 2789 7267 7306 2809 2790 7268 
4633 7306 2809 2790 7268 7307 2810 2791 7269 
4634 7307 2810 2791 7269 7308 2811 2792 7270 
4635 7308 2811 2792 7270 7309 2812 2793 7271 
4636 7309 2812 2793 7271 7310 2813 2794 7272 
4637 7310 2813 2794 7272 7311 2814 2795 7273 
4638 7311 2814 2795 7273 7312 2815 2796 7274 
4639 7312 2815 2796 7274 7313 2816 2797 7275 
4640 7313 2816 2797 7275 2975 483 482 2973 
4641 846 845 843 844 7314 7295 7257 7276 
4642 7314 7295 7257 7276 7315 7296 7258 7277 
4643 7315 7296 7258 7277 7316 7297 7259 7278 
4644 7316 7297 7259 7278 7317 7298 7260 7279 
4645 7317 7298 7260 7279 7318 7299 7261 7280 
4646 7318 7299 7261 7280 7319 7300 7262 7281 
4647 7319 7300 7262 7281 7320 7301 7263 7282 
4648 7320 7301 7263 7282 7321 7302 7264 7283 
4649 7321 7302 7264 7283 7322 7303 7265 7284 
4650 7322 7303 7265 7284 7323 7304 7266 7285 
4651 7323 7304 7266 7285 7324 7305 7267 7286 
4652 7324 7305 7267 7286 7325 7306 7268 7287 
4653 7325 7306 7268 7287 7326 7307 7269 7288 
4654 7326 7307 7269 7288 7327 7308 7270 7289 
4655 7327 7308 7270 7289 7328 7309 7271 7290 
4656 7328 7309 7271 7290 7329 7310 7272 7291 
4657 7329 7310 7272 7291 7330 7311 7273 7292 
4658 7330 7311 7273 7292 7331 7312 7274 7293 
4659 7331 7312 7274 7293 7332 7313 7275 7294 
4660 7332 7313 7275 7294 2976 2975 2973 2974 
4661 76 846 844 75 2931 7314 7276 2912 
4662 2931 7314 7276 2912 2932 7315 7277 2913 
4663 2932 7315 7277 2913 2933 7316 7278 2914 
4664 2933 7316 7278 2914 2934 7317 7279 2915 
4665 2934 7317 7279 2915 2935 7318 7280 2916 
4666 2935 7318 7280 2916 2936 7319 7281 2917 
4667 2936 7319 7281 2917 2937 7320 7282 2918 
4668 2937 7320 7282 2918 2938 7321 7283 2919 
4669 2938 7321 7283 2919 2939 7322 7284 2920 
4670 2939 7322 7284 2920 2940 7323 7285 2921 
4671 2940 7323 7285 2921 2941 7324 7286 2922 
4672 2941 7324 7286 2922 2942 7325 7287 2923 
4673 2942 7325 7287 2923 2943 7326 7288 2924 
4674 2943 7326 7288 2924 2944 7327 7289 2925 
4675 2944 7327 7289 2925 2945 7328 7290 2926 
4676 2945 7328 7290 2926 2946 7329 7291 2927 
4677 2946 7329 7291 2927 2947 7330 7292 2928 
4678 2947 7330 7292 2928 2948 7331 7293 2929 
4679 2948 7331 7293 2929 2949 7332 7294 2930 
4680 2949 7332 7294 2930 488 2976 2974 489 
4681 847 104 103 845 7333 2817 2798 7295 
4682 7333 2817 2798 7295 7334 2818 2799 7296 
4683 7334 2818 2799 7296 7335 2819 2800 7297 
4684 7335 2819 2800 7297 7336 2820 2801 7298 
4685 7336 2820 2801 7298 7337 2821 2802 7299 
4686 7337 2821 2802 7299 7338 2822 2803 7300 
4687 7338 2822 2803 7300 7339 2823 2804 7301 
4688 7339 2823 2804 7301 7340 2824 2805 7302 
4689 7340 2824 2805 7302 7341 2825 2806 7303 
4690 7341 2825 2806 7303 7342 2826 2807 7304 
4691 7342 2826 2807 7304 7343 2827 2808 7305 
4692 7343 2827 2808 7305 7344 2828 2809 7306 
4693 7344 2828 2809 7306 7345 2829 2810 7307 
4694 7345 2829 2810 7307 7346 2830 2811 7308 
4695 7346 2830 2811 7308 7347 2831 2812 7309 
4696 7347 2831 2812 7309 7348 2832 2813 7310 
4697 7348 2832 2813 7310 7349 2833 2814 7311 
4698 7349 2833 2814 7311 7350 2834 2815 7312 
4699 7350 2834 2815 7312 7351 2835 2816 7313 
4700 7351 2835 2816 7313 2977 484 483 2975 
4701 848 847 845 846 7352 7333 7295 7314 
4702 7352 7333 7295 7314 7353 7334 7296 7315 
4703 7353 7334 7296 7315 7354 7335 7297 7316 
4704 7354 7335 7297 7316 7355 7336 7298 7317 
4705 7355 7336 7298 7317 7356 7337 7299 7318 
4706 7356 7337 7299 7318 7357 7338 7300 7319 
4707 7357 7338 7300 7319 7358 7339 7301 7320 
4708 7358 7339 7301 7320 7359 7340 7302 7321 
4709 7359 7340 7302 7321 7360 7341 7303 7322 
4710 7360 7341 7303 7322 7361 7342 7304 7323 
4711 7361 7342 7304 7323 7362 7343 7305 7324 
4712 7362 7343 7305 7324 7363 7344 7306 7325 
4713 7363 7344 7306 7325 7364 7345 7307 7326 
4714 7364 7345 7307 7326 7365 7346 7308 7327 
4715 7365 7346 7308 7327 7366 7347 7309 7328 
4716 7366 7347 7309 7328 7367 7348 7310 7329 
4717 7367 7348 7310 7329 7368 7349 7311 7330 
4718 7368 7349 7311 7330 7369 7350 7312 7331 
4719 7369 7350 7312 7331 7370 7351 7313 7332 
4720 7370 7351 7313 7332 2978 2977 2975 2976 
4721 77 848 846 76 2950 7352 7314 2931 
4722 2950 7352 7314 2931 2951 7353 7315 2932 
4723 2951 7353 7315 2932 2952 7354 7316 2933 
4724 2952 7354 7316 2933 2953 7355 7317 2934 
4725 2953 7355 7317 2934 2954 7356 7318 2935 
4726 2954 7356 7318 2935 2955 7357 7319 2936 
4727 2955 7357 7319 2936 2956 7358 7320 2937 
4728 2956 7358 7320 2937 2957 7359 7321 2938 
4729 2957 7359 7321 2938 2958 7360 7322 2939 
4730 2958 7360 7322 2939 2959 7361 7323 2940 
4731 2959 7361 7323 2940 2960 7362 7324 2941 
4732 2960 7362 7324 2941 2961 7363 7325 2942 
4733 2961 7363 7325 2942 2962 7364 7326 2943 
4734 2962 7364 7326 2943 2963 7365 7327 2944 
4735 2963 7365 7327 2944 2964 7366 7328 2945 
4736 2964 7366 7328 2945 2965 7367 7329 2946 
4737 2965 7367 7329 2946 2966 7368 7330 2947 
4738 2966 7368 7330 2947 2967 7369 7331 2948 
4739 2967 7369 7331 2948 2968 7370 7332 2949 
4740 2968 7370 7332 2949 487 2978 2976 488 
4741 153 16 104 847 2836 492 2817 7333 
4742 2836 492 2817 7333 2837 493 2818 7334 
4743 2837 493 2818 7334 2838 494 2819 7335 
4744 2838 494 2819 7335 2839 495 2820 7336 
4745 2839 495 2820 7336 2840 496 2821 7337 
4746 2840 496 2821 7337 2841 497 2822 7338 
4747 2841 497 2822 7338 2842 498 2823 7339 
4748 2842 498 2823 7339 2843 499 2824 7340 
4749 2843 499 2824 7340 2844 500 2825 7341 
4750 2844 500 2825 7341 2845 501 2826 7342 
4751 2845 501 2826 7342 2846 502 2827 7343 
4752 2846 502 2827 7343 2847 503 2828 7344 
4753 2847 503 2828 7344 2848 504 2829 7345 
4754 2848 504 2829 7345 2849 505 2830 7346 
4755 2849 505 2830 7346 2850 506 2831 7347 
4756 2850 506 2831 7347 2851 507 2832 7348 
4757 2851 507 2832 7348 2852 508 2833 7349 
4758 2852 508 2833 7349 2853 509 2834 7350 
4759 2853 509 2834 7350 2854 510 2835 7351 
4760 2854 510 2835 7351 485 30 484 2977 
4761 154 153 847 848 2855 2836 7333 7352 
4762 2855 2836 7333 7352 2856 2837 7334 7353 
4763 2856 2837 7334 7353 2857 2838 7335 7354 
4764 2857 2838 7335 7354 2858 2839 7336 7355 
4765 2858 2839 7336 7355 2859 2840 7337 7356 
4766 2859 2840 7337 7356 2860 2841 7338 7357 
4767 2860 2841 7338 7357 2861 2842 7339 7358 
4768 2861 2842 7339 7358 2862 2843 7340 7359 
4769 2862 2843 7340 7359 2863 2844 7341 7360 
4770 2863 2844 7341 7360 2864 2845 7342 7361 
4771 2864 2845 7342 7361 2865 2846 7343 7362 
4772 2865 2846 7343 7362 2866 2847 7344 7363 
4773 2866 2847 7344 7363 2867 2848 7345 7364 
4774 2867 2848 7345 7364 2868 2849 7346 7365 
4775 2868 2849 7346 7365 2869 2850 7347 7366 
4776 2869 2850 7347 7366 2870 2851 7348 7367 
4777 2870 2851 7348 7367 2871 2852 7349 7368 
4778 2871 2852 7349 7368 2872 2853 7350 7369 
4779 2872 2853 7350 7369 2873 2854 7351 7370 
4780 2873 2854 7351 7370 486 485 2977 2978 
4781 10 154 848 77 511 2855 7352 2950 
4782 511 2855 7352 2950 512 2856 7353 2951 
4783 512 2856 7353 2951 513 2857 7354 2952 
4784 513 2857 7354 2952 514 2858 7355 2953 
4785 514 2858 7355 2953 515 2859 7356 2954 
4786 515 2859 7356 2954 516 2860 7357 2955 
4787 516 2860 7357 2955 517 2861 7358 2956 
4788 517 2861 7358 2956 518 2862 7359 2957 
4789 518 2862 7359 2957 519 2863 7360 2958 
4790 519 2863 7360 2958 520 2864 7361 2959 
4791 520 2864 7361 2959 521 2865 7362 2960 
4792 521 2865 7362 2960 522 2866 7363 2961 
4793 522 2866 7363 2961 523 2867 7364 2962 
4794 523 2867 7364 2962 524 2868 7365 2963 
4795 524 2868 7365 2963 525 2869 7366 2964 
4796 525 2869 7366 2964 526 2870 7367 2965 
4797 526 2870 7367 2965 527 2871 7368 2966 
4798 527 2871 7368 2966 528 2872 7369 2967 
4799 528 2872 7369 2967 529 2873 7370 2968 
4800 529 2873 7370 2968 31 486 2978 487 
3 7 5 1080
4801 849 110 18 155 7371 2979 556 3321 
4802 7371 2979 556 3321 7372 2980 557 3322 
4803 7372 2980 557 3322 7373 2981 558 3323 
4804 7373 2981 558 3323 7374 2982 559 3324 
4805 7374 2982 559 3324 7375 2983 560 3325 
4806 7375 2983 560 3325 7376 2984 561 3326 
4807 7376 2984 561 3326 7377 2985 562 3327 
4808 7377 2985 562 3327 7378 2986 563 3328 
4809 7378 2986 563 3328 7379 2987 564 3329 
4810 7379 2987 564 3329 7380 2988 565 3330 
4811 7380 2988 565 3330 7381 2989 566 3331 
4812 7381 2989 566 3331 7382 2990 567 3332 
4813 7382 2990 567 3332 7383 2991 568 3333 
4814 7383 2991 568 3333 7384 2992 569 3334 
4815 7384 2992 569 3334 7385 2993 570 3335 
4816 7385 2993 570 3335 7386 2994 571 3336 
4817 7386 2994 571 3336 7387 2995 572 3337 
4818 7387 2995 572 3337 7388 2996 573 3338 
4819 7388 2996 573 3338 7389 2997 574 3339 
4820 7389 2997 574 3339 3473 530 32 555 
4821 850 849 155 156 7390 7371 3321 3340 
4822 7390 7371 3321 3340 7391 7372 3322 3341 
4823 7391 7372 3322 3341 7392 7373 3323 3342 
4824 7392 7373 3323 3342 7393 7374 3324 3343 
4825 7393 7374 3324 3343 7394 7375 3325 3344 
4826 7394 7375 3325 3344 7395 7376 3326 3345 
4827 7395 7376 3326 3345 7396 7377 3327 3346 
4828 7396 7377 3327 3346 7397 7378 3328 3347 
4829 7397 7378 3328 3347 7398 7379 3329 3348 
4830 7398 7379 3329 3348 7399 7380 3330 3349 
4831 7399 7380 3330 3349 7400 7381 3331 3350 
4832 7400 7381 3331 3350 7401 7382 3332 3351 
4833 7401 7382 3332 3351 7402 7383 3333 3352 
4834 7402 7383 3333 3352 7403 7384 3334 3353 
4835 7403 7384 3334 3353 7404 7385 3335 3354 
4836 7404 7385 3335 3354 7405 7386 3336 3355 
4837 7405 7386 3336 3355 7406 7387 3337 3356 
4838 7406 7387 3337 3356 7407 7388 3338 3357 
4839 7407 7388 3338 3357 7408 7389 3339 3358 
4840 7408 7389 3339 3358 3474 3473 555 554 
4841 851 850 156 157 7409 7390 3340 3359 
4842 7409 7390 3340 3359 7410 7391 3341 3360 
4843 7410 7391 3341 3360 7411 7392 3342 3361 
4844 7411 7392 3342 3361 7412 7393 3343 3362 
4845 7412 7393 3343 3362 7413 7394 3344 3363 
4846 7413 7394 3344 3363 7414 7395 3345 3364 
4847 7414 7395 3345 3364 7415 7396 3346 3365 
4848 7415 7396 3346 3365 7416 7397 3347 3366 
4849 7416 7397 3347 3366 7417 7398 3348 3367 
4850 7417 7398 3348 3367 7418 7399 3349 3368 
4851 7418 7399 3349 3368 7419 7400 3350 3369 
4852 7419 7400 3350 3369 7420 7401 3351 3370 
4853 7420 7401 3351 3370 7421 7402 3352 3371 
4854 7421 7402 3352 3371 7422 7403 3353 3372 
4855 7422 7403 3353 3372 7423 7404 3354 3373 
4856 7423 7404 3354 3373 7424 7405 3355 3374 
4857 7424 7405 3355 3374 7425 7406 3356 3375 
4858 7425 7406 3356 3375 7426 7407 3357 3376 
4859 7426 7407 3357 3376 7427 7408 3358 3377 
4860 7427 7408 3358 3377 3475 3474 554 553 
4861 852 851 157 158 7428 7409 3359 3378 
4862 7428 7409 3359 3378 7429 7410 3360 3379 
4863 7429 7410 3360 3379 7430 7411 3361 3380 
4864 7430 7411 3361 3380 7431 7412 3362 3381 
4865 7431 7412 3362 3381 7432 7413 3363 3382 
4866 7432 7413 3363 3382 7433 7414 3364 3383 
4867 7433 7414 3364 3383 7434 7415 3365 3384 
4868 7434 7415 3365 3384 7435 7416 3366 3385 
4869 7435 7416 3366 3385 7436 7417 3367 3386 
4870 7436 7417 3367 3386 7437 7418 3368 3387 
4871 7437 7418 3368 3387 7438 7419 3369 3388 
4872 7438 7419 3369 3388 7439 7420 3370 3389 
4873 7439 7420 3370 3389 7440 7421 3371 3390 
4874 7440 7421 3371 3390 7441 7422 3372 3391 
4875 7441 7422 3372 3391 7442 7423 3373 3392 
4876 7442 7423 3373 3392 7443 7424 3374 3393 
4877 7443 7424 3374 3393 7444 7425 3375 3394 
4878 7444 7425 3375 3394 7445 7426 3376 3395 
4879 7445 7426 3376 3395 7446 7427 3377 3396 
4880 7446 7427 3377 3396 3476 3475 553 552 
4881 853 852 158 159 7447 7428 3378 3397 
4882 7447 7428 3378 3397 7448 7429 3379 3398 
4883 7448 7429 3379 3398 7449 7430 3380 3399 
4884 7449 7430 3380 3399 7450 7431 3381 3400 
4885 7450 7431 3381 3400 7451 7432 3382 3401 
4886 7451 7432 3382 3401 7452 7433 3383 3402 
4887 7452 7433 3383 3402 7453 7434 3384 3403 
4888 7453 7434 3384 3403 7454 7435 3385 3404 
4889 7454 7435 3385 3404 7455 7436 3386 3405 
4890 7455 7436 3386 3405 7456 7437 3387 3406 
4891 7456 7437 3387 3406 7457 7438 3388 3407 
4892 7457 7438 3388 3407 7458 7439 3389 3408 
4893 7458 7439 3389 3408 7459 7440 3390 3409 
4894 7459 7440 3390 3409 7460 7441 3391 3410 
4895 7460 7441 3391 3410 7461 7442 3392 3411 
4896 7461 7442 3392 3411 7462 7443 3393 3412 
4897 7462 7443 3393 3412 7463 7444 3394 3413 
4898 7463 7444 3394 3413 7464 7445 3395 3414 
4899 7464 7445 3395 3414 7465 7446 3396 3415 
4900 7465 7446 3396 3415 3477 3476 552 551 
4901 854 853 159 160 7466 7447 3397 3416 
4902 7466 7447 3397 3416 7467 7448 3398 3417 
4903 7467 7448 3398 3417 7468 7449 3399 3418 
4904 7468 7449 3399 3418 7469 7450 3400 3419 
4905 7469 7450 3400 3419 7470 7451 3401 3420 
4906 7470 7451 3401 3420 7471 7452 3402 3421 
4907 7471 7452 3402 3421 7472 7453 3403 3422 
4908 7472 7453 3403 3422 7473 7454 3404 3423 
4909 7473 7454 3404 3423 7474 7455 3405 3424 
4910 7474 7455 3405 3424 7475 7456 3406 3425 
4911 7475 7456 3406 3425 7476 7457 3407 3426 
4912 7476 7457 3407 3426 7477 7458 3408 3427 
4913 7477 7458 3408 3427 7478 7459 3409 3428 
4914 7478 7459 3409 3428 7479 7460 3410 3429 
4915 7479 7460 3410 3429 7480 7461 3411 3430 
4916 7480 7461 3411 3430 7481 7462 3412 3431 
4917 7481 7462 3412 3431 7482 7463 3413 3432 
4918 7482 7463 3413 3432 7483 7464 3414 3433 
4919 7483 7464 3414 3433 7484 7465 3415 3434 
4920 7484 7465 3415 3434 3478 3477 551 550 
4921 855 854 160 161 7485 7466 3416 3435 
4922 7485 7466 3416 3435 7486 7467 3417 3436 
4923 7486 7467 3417 3436 7487 7468 3418 3437 
4924 7487 7468 3418 3437 7488 7469 3419 3438 
4925 7488 7469 3419 3438 7489 7470 3420 3439 
4926 7489 7470 3420 3439 7490 7471 3421 3440 
4927 7490 7471 3421 3440 7491 7472 3422 3441 
4928 7491 7472 3422 3441 7492 7473 3423 3442 
4929 7492 7473 3423 3442 7493 7474 3424 3443 
4930 7493 7474 3424 3443 7494 7475 3425 3444 
4931 7494 7475 3425 3444 7495 7476 3426 3445 
4932 7495 7476 3426 3445 7496 7477 3427 3446 
4933 7496 7477 3427 3446 7497 7478 3428 3447 
4934 7497 7478 3428 3447 7498 7479 3429 3448 
4935 7498 7479 3429 3448 7499 7480 3430 3449 
4936 7499 7480 3430 3449 7500 7481 3431 3450 
4937 7500 7481 3431 3450 7501 7482 3432 3451 
4938 7501 7482 3432 3451 7502 7483 3433 3452 
4939 7502 7483 3433 3452 7503 7484 3434 3453 
4940 7503 7484 3434 3453 3479 3478 550 549 
4941 856 855 161 162 7504 7485 3435 3454 
4942 7504 7485 3435 3454 7505 7486 3436 3455 
4943 7505 7486 3436 3455 7506 7487 3437 3456 
4944 7506 7487 3437 3456 7507 7488 3438 3457 
4945 7507 7488 3438 3457 7508 7489 3439 3458 
4946 7508 7489 3439 3458 7509 7490 3440 3459 
4947 7509 7490 3440 3459 7510 7491 3441 3460 
4948 7510 7491 3441 3460 7511 7492 3442 3461 
4949 7511 7492 3442 3461 7512 7493 3443 3462 
4950 7512 7493 3443 3462 7513 7494 3444 3463 
4951 7513 7494 3444 3463 7514 7495 3445 3464 
4952 7514 7495 3445 3464 7515 7496 3446 3465 
4953 7515 7496 3446 3465 7516 7497 3447 3466 
4954 7516 7497 3447 3466 7517 7498 3448 3467 
4955 7517 7498 3448 3467 7518 7499 3449 3468 
4956 7518 7499 3449 3468 7519 7500 3450 3469 
4957 7519 7500 3450 3469 7520 7501 3451 3470 
4958 7520 7501 3451 3470 7521 7502 3452 3471 
4959 7521 7502 3452 3471 7522 7503 3453 3472 
4960 7522 7503 3453 3472 3480 3479 549 548 
4961 78 856 162 11 3226 7504 3454 594 
4962 3226 7504 3454 594 3227 7505 3455 595 
4963 3227 7505 3455 595 3228 7506 3456 596 
4964 3228 7506 3456 596 3229 7507 3457 597 
4965 3229 7507 3457 597 3230 7508 3458 598 
4966 3230 7508 3458 598 3231 7509 3459 599 
4967 3231 7509 3459 599 3232 7510 3460 600 
4968 3232 7510 3460 600 3233 7511 3461 601 
4969 3233 7511 3461 601 3234 7512 3462 602 
4970 3234 7512 3462 602 3235 7513 3463 603 
4971 3235 7513 3463 603 3236 7514 3464 604 
4972 3236 7514 3464 604 3237 7515 3465 605 
4973 3237 7515 3465 605 3238 7516 3466 606 
4974 3238 7516 3466 606 3239 7517 3467 607 
4975 3239 7517 3467 607 3240 7518 3468 608 
4976 3240 7518 3468 608 3241 7519 3469 609 
4977 3241 7519 3469 609 3242 7520 3470 610 
4978 3242 7520 3470 610 3243 7521 3471 611 
4979 3243 7521 3471 611 3244 7522 3472 612 
4980 3244 7522 3472 612 547 3480 548 34 
4981 857 111 110 849 7523 2998 2979 7371 
4982 7523 2998 2979 7371 7524 2999 2980 7372 
4983 7524 2999 2980 7372 7525 3000 2981 7373 
4984 7525 3000 2981 7373 7526 3001 2982 7374 
4985 7526 3001 2982 7374 7527 3002 2983 7375 
4986 7527 3002 2983 7375 7528 3003 2984 7376 
4987 7528 3003 2984 7376 7529 3004 2985 7377 
4988 7529 3004 2985 7377 7530 3005 2986 7378 
4989 7530 3005 2986 7378 7531 3006 2987 7379 
4990 7531 3006 2987 7379 7532 3007 2988 7380 
4991 7532 3007 2988 7380 7533 3008 2989 7381 
4992 7533 3008 2989 7381 7534 3009 2990 7382 
4993 7534 3009 2990 7382 7535 3010 2991 7383 
4994 7535 3010 2991 7383 7536 3011 2992 7384 
4995 7536 3011 2992 7384 7537 3012 2993 7385 
4996 7537 3012 2993 7385 7538 3013 2994 7386 
4997 7538 3013 2994 7386 7539 3014 2995 7387 
4998 7539 3014 2995 7387 7540 3015 2996 7388 
4999 7540 3015 2996 7388 7541 3016 2997 7389 
5000 7541 3016 2997 7389 3481 531 530 3473 
5001 858 857 849 850 7542 7523 7371 7390 
5002 7542 7523 7371 7390 7543 7524 7372 7391 
5003 7543 7524 7372 7391 7544 7525 7373 7392 
5004 7544 7525 7373 7392 7545 7526 7374 7393 
5005 7545 7526 7374 7393 7546 7527 7375 7394 
5006 7546 7527 7375 7394 7547 7528 7376 7395 
5007 7547 7528 7376 7395 7548 7529 7377 7396 
5008 7548 7529 7377 7396 7549 7530 7378 7397 
5009 7549 7530 7378 7397 7550 7531 7379 7398 
5010 7550 7531 7379 7398 7551 7532 7380 7399 
5011 7551 7532 7380 7399 7552 7533 7381 7400 
5012 7552 7533 7381 7400 7553 7534 7382 7401 
5013 7553 7534 7382 7401 7554 7535 7383 7402 
5014 7554 7535 7383 7402 7555 7536 7384 7403 
5015 7555 7536 7384 7403 7556 7537 7385 7404 
5016 7556 7537 7385 7404 7557 7538 7386 7405 
5017 7557 7538 7386 7405 7558 7539 7387 7406 
5018 7558 7539 7387 7406 7559 7540 7388 7407 
5019 7559 7540 7388 7407 7560 7541 7389 7408 
5020 7560 7541 7389 7408 3482 3481 3473 3474 
5021 859 858 850 851 7561 7542 7390 7409 
5022 7561 7542 7390 7409 7562 7543 7391 7410 
5023 7562 7543 7391 7410 7563 7544 7392 7411 
5024 7563 7544 7392 7411 7564 7545 7393 7412 
5025 7564 7545 7393 7412 7565 7546 7394 7413 
5026 7565 7546 7394 7413 7566 7547 7395 7414 
5027 7566 7547 7395 7414 7567 7548 7396 7415 
5028 7567 7548 7396 7415 7568 7549 7397 7416 
5029 7568 7549 7397 7416 7569 7550 7398 7417 
5030 7569 7550 7398 7417 7570 7551 7399 7418 
5031 7570 7551 7399 7418 7571 7552 7400 7419 
5032 7571 7552 7400 7419 7572 7553 7401 7420 
5033 7572 7553 7401 7420 7573 7554 7402 7421 
5034 7573 7554 7402 7421 7574 7555 7403 7422 
5035 7574 7555 7403 7422 7575 7556 7404 7423 
5036 7575 7556 7404 7423 7576 7557 7405 7424 
5037 7576 7557 7405 7424 7577 7558 7406 7425 
5038 7577 7558 7406 7425 7578 7559 7407 7426 
5039 7578 7559 7407 7426 7579 7560 7408 7427 
5040 7579 7560 7408 7427 3483 3482 3474 3475 
5041 860 859 851 852 7580 7561 7409 7428 
5042 7580 7561 7409 7428 7581 7562 7410 7429 
5043 7581 7562 7410 7429 7582 7563 7411 7430 
5044 7582 7563 7411 7430 7583 7564 7412 7431 
5045 7583 7564 7412 7431 7584 7565 7413 7432 
5046 7584 7565 7413 7432 7585 7566 7414 7433 
5047 7585 7566 7414 7433 7586 7567 7415 7434 
5048 7586 7567 7415 7434 7587 7568 7416 7435 
5049 7587 7568 7416 7435 7588 7569 7417 7436 
5050 7588 7569 7417 7436 7589 7570 7418 7437 
5051 7589 7570 7418 7437 7590 7571 7419 7438 
5052 7590 7571 7419 7438 7591 7572 7420 7439 
5053 7591 7572 7420 7439 7592 7573 7421 7440 
5054 7592 7573 7421 7440 7593 7574 7422 7441 
5055 7593 7574 7422 7441 7594 7575 7423 7442 
5056 7594 7575 7423 7442 7595 7576 7424 7443 
5057 7595 7576 7424 7443 7596 7577 7425 7444 
5058 7596 7577 7425 7444 7597 7578 7426 7445 
5059 7597 7578 7426 7445 7598 7579 7427 7446 
5060 7598 7579 7427 7446 3484 3483 3475 3476 
5061 861 860 852 853 7599 7580 7428 7447 
5062 7599 7580 7428 7447 7600 7581 7429 7448 
5063 7600 7581 7429 7448 7601 7582 7430 7449 
5064 7601 7582 7430 7449 7602 7583 7431 7450 
5065 7602 7583 7431 7450 7603 7584 7432 7451 
5066 7603 7584 7432 7451 7604 7585 7433 7452 
5067 7604 7585 7433 7452 7605 7586 7434 7453 
5068 7605 7586 7434 7453 7606 7587 7435 7454 
5069 7606 7587 7435 7454 7607 7588 7436 7455 
5070 7607 7588 7436 7455 7608 7589 7437 7456 
5071 7608 7589 7437 7456 7609 7590 7438 7457 
5072 7609 7590 7438 7457 7610 7591 7439 7458 
5073 7610 7591 7439 7458 7611 7592 7440 7459 
5074 7611 7592 7440 7459 7612 7593 7441 7460 
5075 7612 7593 7441 7460 7613 7594 7442 7461 
5076 7613 7594 7442 7461 7614 7595 7443 7462 
5077 7614 7595 7443 7462 7615 7596 7444 7463 
5078 7615 7596 7444 7463 7616 7597 7445 7464 
5079 7616 7597 7445 7464 7617 7598 7446 7465 
5080 7617 7598 7446 7465 3485 3484 3476 3477 
5081 862 861 853 854 7618 7599 7447 7466 
5082 7618 7599 7447 7466 7619 7600 7448 7467 
5083 7619 7600 7448 7467 7620 7601 7449 7468 
5084 7620 7601 7449 7468 7621 7602 7450 7469 
5085 7621 7602 7450 7469 7622 7603 7451 7470 
5086 7622 7603 7451 7470 7623 7604 7452 7471 
5087 7623 7604 7452 7471 7624 7605 7453 7472 
5088 7624 7605 7453 7472 7625 7606 7454 7473 
5089 7625 7606 7454 7473 7626 7607 7455 7474 
5090 7626 7607 7455 7474 7627 7608 7456 7475 
5091 7627 7608 7456 7475 7628 7609 7457 7476 
5092 7628 7609 7457 7476 7629 7610 7458 7477 
5093 7629 7610 7458 7477 7630 7611 7459 7478 
5094 7630 7611 7459 7478 7631 7612 7460 7479 
5095 7631 7612 7460 7479 7632 7613 7461 7480 
5096 7632 7613 7461 7480 7633 7614 7462 7481 
5097 7633 7614 7462 7481 7634 7615 7463 7482 
5098 7634 7615 7463 7482 7635 7616 7464 7483 
5099 7635 7616 7464 7483 7636 7617 7465 7484 
5100 7636 7617 7465 7484 3486 3485 3477 3478 
5101 863 862 854 855 7637 7618 7466 7485 
5102 7637 7618 7466 7485 7638 7619 7467 7486 
5103 7638 7619 7467 7486 7639 7620 7468 7487 
5104 7639 7620 7468 7487 7640 7621 7469 7488 
5105 7640 7621 7469 7488 7641 7622 7470 7489 
5106 7641 7622 7470 7489 7642 7623 7471 7490 
5107 7642 7623 7471 7490 7643 7624 7472 7491 
5108 7643 7624 7472 7491 7644 7625 7473 7492 
5109 7644 7625 7473 7492 7645 7626 7474 7493 
5110 7645 7626 7474 7493 7646 7627 7475 7494 
5111 7646 7627 7475 7494 7647 7628 7476 7495 
5112 7647 7628 7476 7495 7648 7629 7477 7496 
5113 7648 7629 7477 7496 7649 7630 7478 7497 
5114 7649 7630 7478 7497 7650 7631 7479 7498 
5115 7650 7631 7479 7498 7651 7632 7480 7499 
5116 7651 7632 7480 7499 7652 7633 7481 7500 
5117 7652 7633 7481 7500 7653 7634 7482 7501 
5118 7653 7634 7482 7501 7654 7635 7483 7502 
5119 7654 7635 7483 7502 7655 7636 7484 7503 
5120 7655 7636 7484 7503 3487 3486 3478 3479 
5121 864 863 855 856 7656 7637 7485 7504 
5122 7656 7637 7485 7504 7657 7638 7486 7505 
5123 7657 7638 7486 7505 7658 7639 7487 7506 
5124 7658 7639 7487 7506 7659 7640 7488 7507 
5125 7659 7640 7488 7507 7660 7641 7489 7508 
5126 7660 7641 7489 7508 7661 7642 7490 7509 
5127 7661 7642 7490 7509 7662 7643 7491 7510 
5128 7662 7643 7491 7510 7663 7644 7492 7511 
5129 7663 7644 7492 7511 7664 7645 7493 7512 
5130 7664 7645 7493 7512 7665 7646 7494 7513 
5131 7665 7646 7494 7513 7666 7647 7495 7514 
5132 7666 7647 7495 7514 7667 7648 7496 7515 
5133 7667 7648 7496 7515 7668 7649 7497 7516 
5134 7668 7649 7497 7516 7669 7650 7498 7517 
5135 7669 7650 7498 7517 7670 7651 7499 7518 
5136 7670 7651 7499 7518 7671 7652 7500 7519 
5137 7671 7652 7500 7519 7672 7653 7501 7520 
5138 7672 7653 7501 7520 7673 7654 7502 7521 
5139 7673 7654 7502 7521 7674 7655 7503 7522 
5140 7674 7655 7503 7522 3488 3487 3479 3480 
5141 79 864 856 78 3245 7656 7504 3226 
5142 3245 7656 7504 3226 3246 7657 7505 3227 
5143 3246 7657 7505 3227 3247 7658 7506 3228 
5144 3247 7658 7506 3228 3248 7659 7507 3229 
5145 3248 7659 7507 3229 3249 7660 7508 3230 
5146 3249 7660 7508 3230 3250 7661 7509 3231 
5147 3250 7661 7509 3231 3251 7662 7510 3232 
5148 3251 7662 7510 3232 3252 7663 7511 3233 
5149 3252 7663 7511 3233 3253 7664 7512 3234 
5150 3253 7664 7512 3234 3254 7665 7513 3235 
5151 3254 7665 7513 3235 3255 7666 7514 3236 
5152 3255 7666 7514 3236 3256 7667 7515 3237 
5153 3256 7667 7515 3237 3257 7668 7516 3238 
5154 3257 7668 7516 3238 3258 7669 7517 3239 
5155 3258 7669 7517 3239 3259 7670 7518 3240 
5156 3259 7670 7518 3240 3260 7671 7519 3241 
5157 3260 7671 7519 3241 3261 7672 7520 3242 
5158 3261 7672 7520 3242 3262 7673 7521 3243 
5159 3262 7673 7521 3243 3263 7674 7522 3244 
5160 3263 7674 7522 3244 546 3488 3480 547 
5161 865 112 111 857 7675 3017 2998 7523 
5162 7675 3017 2998 7523 7676 3018 2999 7524 
5163 7676 3018 2999 7524 7677 3019 3000 7525 
5164 7677 3019 3000 7525 7678 3020 3001 7526 
5165 7678 3020 3001 7526 7679 3021 3002 7527 
5166 7679 3021 3002 7527 7680 3022 3003 7528 
5167 7680 3022 3003 7528 7681 3023 3004 7529 
5168 7681 3023 3004 7529 7682 3024 3005 7530 
5169 7682 3024 3005 7530 7683 3025 3006 7531 
5170 7683 3025 3006 7531 7684 3026 3007 7532 
5171 7684 3026 3007 7532 7685 3027 3008 7533 
5172 7685 3027 3008 7533 7686 3028 3009 7534 
5173 7686 3028 3009 7534 7687 3029 3010 7535 
5174 7687 3029 3010 7535 7688 3030 3011 7536 
5175 7688 3030 3011 7536 7689 3031 3012 7537 
5176 7689 3031 3012 7537 7690 3032 3013 7538 
5177 7690 3032 3013 7538 7691 3033 3014 7539 
5178 7691 3033 3014 7539 7692 3034 3015 7540 
5179 7692 3034 3015 7540 7693 3035 3016 7541 
5180 7693 3035 3016 7541 3489 532 531 3481 
5181 866 865 857 858 7694 7675 7523 7542 
5182 7694 7675 7523 7542 7695 7676 7524 7543 
5183 7695 7676 7524 7543 7696 7677 7525 7544 
5184 7696 7677 7525 7544 7697 7678 7526 7545 
5185 7697 7678 7526 7545 7698 7679 7527 7546 
5186 7698 7679 7527 7546 7699 7680 7528 7547 
5187 7699 7680 7528 7547 7700 7681 7529 7548 
5188 7700 7681 7529 7548 7701 7682 7530 7549 
5189 7701 7682 7530 7549 7702 7683 7531 7550 
5190 7702 7683 7531 7550 7703 7684 7532 7551 
5191 7703 7684 7532 7551 7704 7685 7533 7552 
5192 7704 7685 7533 7552 7705 7686 7534 7553 
5193 7705 7686 7534 7553 7706 7687 7535 7554 
5194 7706 7687 7535 7554 7707 7688 7536 7555 
5195 7707 7688 7536 7555 7708 7689 7537 7556 
5196 7708 7689 7537 7556 7709 7690 7538 7557 
5197 7709 7690 7538 7557 7710 7691 7539 7558 
5198 7710 7691 7539 7558 7711 7692 7540 7559 
5199 7711 7692 7540 7559 7712 7693 7541 7560 
5200 7712 7693 7541 7560 3490 3489 3481 3482 
5201 867 866 858 859 7713 7694 7542 7561 
5202 7713 7694 7542 7561 7714 7695 7543 7562 
5203 7714 7695 7543 7562 7715 7696 7544 7563 
5204 7715 7696 7544 7563 7716 7697 7545 7564 
5205 7716 7697 7545 7564 7717 7698 7546 7565 
5206 7717 7698 7546 7565 7718 7699 7547 7566 
5207 7718 7699 7547 7566 7719 7700 7548 7567 
5208 7719 7700 7548 7567 7720 7701 7549 7568 
5209 7720 7701 7549 7568 7721 7702 7550 7569 
5210 7721 7702 7550 7569 7722 7703 7551 7570 
5211 7722 7703 7551 7570 7723 7704 7552 7571 
5212 7723 7704 7552 7571 7724 7705 7553 7572 
5213 7724 7705 7553 7572 7725 7706 7554 7573 
5214 7725 7706 7554 7573 7726 7707 7555 7574 
5215 7726 7707 7555 7574 7727 7708 7556 7575 
5216 7727 7708 7556 7575 7728 7709 7557 7576 
5217 7728 7709 7557 7576 7729 7710 7558 7577 
5218 7729 7710 7558 7577 7730 7711 7559 7578 
5219 7730 7711 7559 7578 7731 7712 7560 7579 
5220 7731 7712 7560 7579 3491 3490 3482 3483 
5221 868 867 859 860 7732 7713 7561 7580 
5222 7732 7713 7561 7580 7733 7714 7562 7581 
5223 7733 7714 7562 7581 7734 7715 7563 7582 
5224 7734 7715 7563 7582 7735 7716 7564 7583 
5225 7735 7716 7564 7583 7736 7717 7565 7584 
5226 7736 7717 7565 7584 7737 7718 7566 7585 
5227 7737 7718 7566 7585 7738 7719 7567 7586 
5228 7738 7719 7567 7586 7739 7720 7568 7587 
5229 7739 7720 7568 7587 7740 7721 7569 7588 
5230 7740 7721 7569 7588 7741 7722 7570 7589 
5231 7741 7722 7570 7589 7742 7723 7571 7590 
5232 7742 7723 7571 7590 7743 7724 7572 7591 
5233 7743 7724 7572 7591 7744 7725 7573 7592 
5234 7744 7725 7573 7592 7745 7726 7574 7593 
5235 7745 7726 7574 7593 7746 7727 7575 7594 
5236 7746 7727 7575 7594 7747 7728 7576 7595 
5237 7747 7728 7576 7595 7748 7729 7577 7596 
5238 7748 7729 7577 7596 7749 7730 7578 7597 
5239 7749 7730 7578 7597 7750 7731 7579 7598 
5240 7750 7731 7579 7598 3492 3491 3483 3484 
5241 869 868 860 861 7751 7732 7580 7599 
5242 7751 7732 7580 7599 7752 7733 7581 7600 
5243 7752 7733 7581 7600 7753 7734 7582 7601 
5244 7753 7734 7582 7601 7754 7735 7583 7602 
5245 7754 7735 7583 7602 7755 7736 7584 7603 
5246 7755 7736 7584 7603 7756 7737 7585 7604 
5247 7756 7737 7585 7604 7757 7738 7586 7605 
5248 7757 7738 7586 7605 7758 7739 7587 7606 
5249 7758 7739 7587 7606 7759 7740 7588 7607 
5250 7759 7740 7588 7607 7760 7741 7589 7608 
5251 7760 7741 7589 7608 7761 7742 7590 7609 
5252 7761 7742 7590 7609 7762 7743 7591 7610 
5253 7762 7743 7591 7610 7763 7744 7592 7611 
5254 7763 7744 7592 7611 7764 7745 7593 7612 
5255 7764 7745 7593 7612 7765 7746 7594 7613 
5256 7765 7746 7594 7613 7766 7747 7595 7614 
5257 7766 7747 7595 7614 7767 7748 7596 7615 
5258 7767 7748 7596 7615 7768 7749 7597 7616 
5259 7768 7749 7597 7616 7769 7750 7598 7617 
5260 7769 7750 7598 7617 3493 3492 3484 3485 
5261 870 869 861 862 7770 7751 7599 7618 
5262 7770 7751 7599 7618 7771 7752 7600 7619 
5263 7771 7752 7600 7619 7772 7753 7601 7620 
5264 7772 7753 7601 7620 7773 7754 7602 7621 
5265 7773 7754 7602 7621 7774 7755 7603 7622 
5266 7774 7755 7603 7622 7775 7756 7604 7623 
5267 7775 7756 7604 7623 7776 7757 7605 7624 
5268 7776 7757 7605 7624 7777 7758 7606 7625 
5269 7777 7758 7606 7625 7778 7759 7607 7626 
5270 7778 7759 7607 7626 7779 7760 7608 7627 
5271 7779 7760 7608 7627 7780 7761 7609 7628 
5272 7780 7761 7609 7628 7781 7762 7610 7629 
5273 7781 7762 7610 7629 7782 7763 7611 7630 
5274 7782 7763 7611 7630 7783 7764 7612 7631 
5275 7783 7764 7612 7631 7784 7765 7613 7632 
5276 7784 7765 7613 7632 7785 7766 7614 7633 
5277 7785 7766 7614 7633 7786 7767 7615 7634 
5278 7786 7767 7615 7634 7787 7768 7616 7635 
5279 7787 7768 7616 7635 7788 7769 7617 7636 
5280 7788 7769 7617 7636 3494 3493 3485 3486 
5281 871 870 862 863 7789 7770 7618 7637 
5282 7789 7770 7618 7637 7790 7771 7619 7638 
5283 7790 7771 7619 7638 7791 7772 7620 7639 
5284 7791 7772 7620 7639 7792 7773 7621 7640 
5285 7792 7773 7621 7640 7793 7774 7622 7641 
5286 7793 7774 7622 7641 7794 7775 7623 7642 
5287 7794 7775 7623 7642 7795 7776 7624 7643 
5288 7795 7776 7624 7643 7796 7777 7625 7644 
5289 7796 7777 7625 7644 7797 7778 7626 7645 
5290 7797 7778 7626 7645 7798 7779 7627 7646 
5291 7798 7779 7627 7646 7799 7780 7628 7647 
5292 7799 7780 7628 7647 7800 7781 7629 7648 
5293 7800 7781 7629 7648 7801 7782 7630 7649 
5294 7801 7782 7630 7649 7802 7783 7631 7650 
5295 7802 7783 7631 7650 7803 7784 7632 7651 
5296 7803 7784 7632 7651 7804 7785 7633 7652 
5297 7804 7785 7633 7652 7805 7786 7634 7653 
5298 7805 7786 7634 7653 7806 7787 7635 7654 
5299 7806 7787 7635 7654 7807 7788 7636 7655 
5300 7807 7788 7636 7655 3495 3494 3486 3487 
5301 872 871 863 864 7808 7789 7637 7656 
5302 7808 7789 7637 7656 7809 7790 7638 7657 
5303 7809 7790 7638 7657 7810 7791 7639 7658 
5304 7810 7791 7639 7658 7811 7792 7640 7659 
5305 7811 7792 7640 7659 7812 7793 7641 7660 
5306 7812 7793 7641 7660 7813 7794 7642 7661 
5307 7813 7794 7642 7661 7814 7795 7643 7662 
5308 7814 7795 7643 7662 7815 7796 7644 7663 
5309 7815 7796 7644 7663 7816 7797 7645 7664 
5310 7816 7797 7645 7664 7817 7798 7646 7665 
5311 7817 7798 7646 7665 7818 7799 7647 7666 
5312 7818 7799 7647 7666 7819 7800 7648 7667 
5313 7819 7800 7648 7667 7820 7801 7649 7668 
5314 7820 7801 7649 7668 7821 7802 7650 7669 
5315 7821 7802 7650 7669 7822 7803 7651 7670 
5316 7822 7803 7651 7670 7823 7804 7652 7671 
5317 7823 7804 7652 7671 7824 7805 7653 7672 
5318 7824 7805 7653 7672 7825 7806 7654 7673 
5319 7825 7806 7654 7673 7826 7807 7655 7674 
5320 7826 7807 7655 7674 3496 3495 3487 3488 
5321 80 872 864 79 3264 7808 7656 3245 
5322 3264 7808 7656 3245 3265 7809 7657 3246 
5323 3265 7809 7657 3246 3266 7810 7658 3247 
5324 3266 7810 7658 3247 3267 7811 7659 3248 
5325 3267 7811 7659 3248 3268 7812 7660 3249 
5326 3268 7812 7660 3249 3269 7813 7661 3250 
5327 3269 7813 7661 3250 3270 7814 7662 3251 
5328 3270 7814 7662 3251 3271 7815 7663 3252 
5329 3271 7815 7663 3252 3272 7816 7664 3253 
5330 3272 7816 7664 3253 3273 7817 7665 3254 
5331 3273 7817 7665 3254 3274 7818 7666 3255 
5332 3274 7818 7666 3255 3275 7819 7667 3256 
5333 3275 7819 7667 3256 3276 7820 7668 3257 
5334 3276 7820 7668 3257 3277 7821 7669 3258 
5335 3277 7821 7669 3258 3278 7822 7670 3259 
5336 3278 7822 7670 3259 3279 7823 7671 3260 
5337 3279 7823 7671 3260 3280 7824 7672 3261 
5338 3280 7824 7672 3261 3281 7825 7673 3262 
5339 3281 7825 7673 3262 3282 7826 7674 3263 
5340 3282 7826 7674 3263 545 3496 3488 546 
5341 873 113 112 865 7827 3036 3017 7675 
5342 7827 3036 3017 7675 7828 3037 3018 7676 
5343 7828 3037 3018 7676 7829 3038 3019 7677 
5344 7829 3038 3019 7677 7830 3039 3020 7678 
5345 7830 3039 3020 7678 7831 3040 3021 7679 
5346 7831 3040 3021 7679 7832 3041 3022 7680 
5347 7832 3041 3022 7680 7833 3042 3023 7681 
5348 7833 3042 3023 7681 7834 3043 3024 7682 
5349 7834 3043 3024 7682 7835 3044 3025 7683 
5350 7835 3044 3025 7683 7836 3045 3026 7684 
5351 7836 3045 3026 7684 7837 3046 3027 7685 
5352 7837 3046 3027 7685 7838 3047 3028 7686 
5353 7838 3047 3028 7686 7839 3048 3029 7687 
5354 7839 3048 3029 7687 7840 3049 3030 7688 
5355 7840 3049 3030 7688 7841 3050 3031 7689 
5356 7841 3050 3031 7689 7842 3051 3032 7690 
5357 7842 3051 3032 7690 7843 3052 3033 7691 
5358 7843 3052 3033 7691 7844 3053 3034 7692 
5359 7844 3053 3034 7692 7845 3054 3035 7693 
5360 7845 3054 3035 7693 3497 533 532 3489 
5361 874 873 865 866 7846 7827 7675 7694 
5362 7846 7827 7675 7694 7847 7828 7676 7695 
5363 7847 7828 7676 7695 7848 7829 7677 7696 
5364 7848 7829 7677 7696 7849 7830 7678 7697 
5365 7849 7830 7678 7697 7850 7831 7679 7698 
5366 7850 7831 7679 7698 7851 7832 7680 7699 
5367 7851 7832 7680 7699 7852 7833 7681 7700 
5368 7852 7833 7681 7700 7853 7834 7682 7701 
5369 7853 7834 7682 7701 7854 7835 7683 7702 
5370 7854 7835 7683 7702 7855 7836 7684 7703 
5371 7855 7836 7684 7703 7856 7837 7685 7704 
5372 7856 7837 7685 7704 7857 7838 7686 7705 
5373 7857 7838 7686 7705 7858 7839 7687 7706 
5374 7858 7839 7687 7706 7859 7840 7688 7707 
5375 7859 7840 7688 7707 7860 7841 7689 7708 
5376 7860 7841 7689 7708 7861 7842 7690 7709 
5377 7861 7842 7690 7709 7862 7843 7691 7710 
5378 7862 7843 7691 7710 7863 7844 7692 7711 
5379 7863 7844 7692 7711 7864 7845 7693 7712 
5380 7864 7845 7693 7712 3498 3497 3489 3490 
5381 875 874 866 867 7865 7846 7694 7713 
5382 7865 7846 7694 7713 7866 7847 7695 7714 
5383 7866 7847 7695 7714 7867 7848 7696 7715 
5384 7867 7848 7696 7715 7868 7849 7697 7716 
5385 7868 7849 7697 7716 7869 7850 7698 7717 
5386 7869 7850 7698 7717 7870 7851 7699 7718 
5387 7870 7851 7699 7718 7871 7852 7700 7719 
5388 7871 7852 7700 7719 7872 7853 7701 7720 
5389 7872 7853 7701 7720 7873 7854 7702 7721 
5390 7873 7854 7702 7721 7874 7855 7703 7722 
5391 7874 7855 7703 7722 7875 7856 7704 7723 
5392 7875 7856 7704 7723 7876 7857 7705 7724 
5393 7876 7857 7705 7724 7877 7858 7706 7725 
5394 7877 7858 7706 7725 7878 7859 7707 7726 
5395 7878 7859 7707 7726 7879 7860 7708 7727 
5396 7879 7860 7708 7727 7880 7861 7709 7728 
5397 7880 7861 7709 7728 7881 7862 7710 7729 
5398 7881 7862 7710 7729 7882 7863 7711 7730 
5399 7882 7863 7711 7730 7883 7864 7712 7731 
5400 7883 7864 7712 7731 3499 3498 3490 3491 
5401 876 875 867 868 7884 7865 7713 7732 
5402 7884 7865 7713 7732 7885 7866 7714 7733 
5403 7885 7866 7714 7733 7886 7867 7715 7734 
5404 7886 7867 7715 7734 7887 7868 7716 7735 
5405 7887 7868 7716 7735 7888 7869 7717 7736 
5406 7888 7869 7717 7736 7889 7870 7718 7737 
5407 7889 7870 7718 7737 7890 7871 7719 7738 
5408 7890 7871 7719 7738 7891 7872 7720 7739 
5409 7891 7872 7720 7739 7892 7873 7721 7740 
5410 7892 7873 7721 7740 7893 7874 7722 7741 
5411 7893 7874 7722 7741 7894 7875 7723 7742 
5412 7894 7875 7723 7742 7895 7876 7724 7743 
5413 7895 7876 7724 7743 7896 7877 7725 7744 
5414 7896 7877 7725 7744 7897 7878 7726 7745 
5415 7897 7878 7726 7745 7898 7879 7727 7746 
5416 7898 7879 7727 7746 7899 7880 7728 7747 
5417 7899 7880 7728 7747 7900 7881 7729 7748 
5418 7900 7881 7729 7748 7901 7882 7730 7749 
5419 7901 7882 7730 7749 7902 7883 7731 7750 
5420 7902 7883 7731 7750 3500 3499 3491 3492 
5421 877 876 868 869 7903 7884 7732 7751 
5422 7903 7884 7732 7751 7904 7885 7733 7752 
5423 7904 7885 7733 7752 7905 7886 7734 7753 
5424 7905 7886 7734 7753 7906 7887 7735 7754 
5425 7906 7887 7735 7754 7907 7888 7736 7755 
5426 7907 7888 7736 7755 7908 7889 7737 7756 
5427 7908 7889 7737 7756 7909 7890 7738 7757 
5428 7909 7890 7738 7757 7910 7891 7739 7758 
5429 7910 7891 7739 7758 7911 7892 7740 7759 
5430 7911 7892 7740 7759 7912 7893 7741 7760 
5431 7912 7893 7741 7760 7913 7894 7742 7761 
5432 7913 7894 7742 7761 7914 7895 7743 7762 
5433 7914 7895 7743 7762 7915 7896 7744 7763 
5434 7915 7896 7744 7763 7916 7897 7745 7764 
5435 7916 7897 7745 7764 7917 7898 7746 7765 
5436 7917 7898 7746 7765 7918 7899 7747 7766 
5437 7918 7899 7747 7766 7919 7900 7748 7767 
5438 7919 7900 7748 7767 7920 7901 7749 7768 
5439 7920 7901 7749 7768 7921 7902 7750 7769 
5440 7921 7902 7750 7769 3501 3500 3492 3493 
5441 878 877 869 870 7922 7903 7751 7770 
5442 7922 7903 7751 7770 7923 7904 7752 7771 
5443 7923 7904 7752 7771 7924 7905 7753 7772 
5444 7924 7905 7753 7772 7925 7906 7754 7773 
5445 7925 7906 7754 7773 7926 7907 7755 7774 
5446 7926 7907 7755 7774 7927 7908 7756 7775 
5447 7927 7908 7756 7775 7928 7909 7757 7776 
5448 7928 7909 7757 7776 7929 7910 7758 7777 
5449 7929 7910 7758 7777 7930 7911 7759 7778 
5450 7930 7911 7759 7778 7931 7912 7760 7779 
5451 7931 7912 7760 7779 7932 7913 7761 7780 
5452 7932 7913 7761 7780 7933 7914 7762 7781 
5453 7933 7914 7762 7781 7934 7915 7763 7782 
5454 7934 7915 7763 7782 7935 7916 7764 7783 
5455 7935 7916 7764 7783 7936 7917 7765 7784 
5456 7936 7917 7765 7784 7937 7918 7766 7785 
5457 7937 7918 7766 7785 7938 7919 7767 7786 
5458 7938 7919 7767 7786 7939 7920 7768 7787 
5459 7939 7920 7768 7787 7940 7921 7769 7788 
5460 7940 7921 7769 7788 3502 3501 3493 3494 
5461 879 878 870 871 7941 7922 7770 7789 
5462 7941 7922 7770 7789 7942 7923 7771 7790 
5463 7942 7923 7771 7790 7943 7924 7772 7791 
5464 7943 7924 7772 7791 7944 7925 7773 7792 
5465 7944 7925 7773 7792 7945 7926 7774 7793 
5466 7945 7926 7774 7793 7946 7927 7775 7794 
5467 7946 7927 7775 7794 7947 7928 7776 7795 
5468 7947 7928 7776 7795 7948 7929 7777 7796 
5469 7948 7929 7777 7796 7949 7930 7778 7797 
5470 7949 7930 7778 7797 7950 7931 7779 7798 
5471 7950 7931 7779 7798 7951 7932 7780 7799 
5472 7951 7932 7780 7799 7952 7933 7781 7800 
5473 7952 7933 7781 7800 7953 7934 7782 7801 
5474 7953 7934 7782 7801 7954 7935 7783 7802 
5475 7954 7935 7783 7802 7955 7936 7784 7803 
5476 7955 7936 7784 7803 7956 7937 7785 7804 
5477 7956 7937 7785 7804 7957 7938 7786 7805 
5478 7957 7938 7786 7805 7958 7939 7787 7806 
5479 7958 7939 7787 7806 7959 7940 7788 7807 
5480 7959 7940 7788 7807 3503 3502 3494 3495 
5481 880 879 871 872 7960 7941 7789 7808 
5482 7960 7941 7789 7808 7961 7942 7790 7809 
5483 7961 7942 7790 7809 7962 7943 7791 7810 
5484 7962 7943 7791 7810 7963 7944 7792 7811 
5485 7963 7944 7792 7811 7964 7945 7793 7812 
5486 7964 7945 7793 7812 7965 7946 7794 7813 
5487 7965 7946 7794 7813 7966 7947 7795 7814 
5488 7966 7947 7795 7814 7967 7948 7796 7815 
5489 7967 7948 7796 7815 7968 7949 7797 7816 
5490 7968 7949 7797 7816 7969 7950 7798 7817 
5491 7969 7950 7798 7817 7970 7951 7799 7818 
5492 7970 7951 7799 7818 7971 7952 7800 7819 
5493 7971 7952 7800 7819 7972 7953 7801 7820 
5494 7972 7953 7801 7820 7973 7954 7802 7821 
5495 7973 7954 7802 7821 7974 7955 7803 7822 
5496 7974 7955 7803 7822 7975 7956 7804 7823 
5497 7975 7956 7804 7823 7976 7957 7805 7824 
5498 7976 7957 7805 7824 7977 7958 7806 7825 
5499 7977 7958 7806 7825 7978 7959 7807 7826 
5500 7978 7959 7807 7826 3504 3503 3495 3496 
5501 81 880 872 80 3283 7960 7808 3264 
5502 3283 7960 7808 3264 3284 7961 7809 3265 
5503 3284 7961 7809 3265 3285 7962 7810 3266 
5504 3285 7962 7810 3266 3286 7963 7811 3267 
5505 3286 7963 7811 3267 3287 7964 7812 3268 
5506 3287 7964 7812 3268 3288 7965 7813 3269 
5507 3288 7965 7813 3269 3289 7966 7814 3270 
5508 3289 7966 7814 3270 3290 7967 7815 3271 
5509 3290 7967 7815 3271 3291 7968 7816 3272 
5510 3291 7968 7816 3272 3292 7969 7817 3273 
5511 3292 7969 7817 3273 3293 7970 7818 3274 
5512 3293 7970 7818 3274 3294 7971 7819 3275 
5513 3294 7971 7819 3275 3295 7972 7820 3276 
5514 3295 7972 7820 3276 3296 7973 7821 3277 
5515 3296 7973 7821 3277 3297 7974 7822 3278 
5516 3297 7974 7822 3278 3298 7975 7823 3279 
5517 3298 7975 7823 3279 3299 7976 7824 3280 
5518 3299 7976 7824 3280 3300 7977 7825 3281 
5519 3300 7977 7825 3281 3301 7978 7826 3282 
5520 3301 7978 7826 3282 544 3504 3496 545 
5521 881 114 113 873 7979 3055 3036 7827 
5522 7979 3055 3036 7827 7980 3056 3037 7828 
5523 7980 3056 3037 7828 7981 3057 3038 7829 
5524 7981 3057 3038 7829 7982 3058 3039 7830 
5525 7982 3058 3039 7830 7983 3059 3040 7831 
5526 7983 3059 3040 7831 7984 3060 3041 7832 
5527 7984 3060 3041 7832 7985 3061 3042 7833 
5528 7985 3061 3042 7833 7986 3062 3043 7834 
5529 7986 3062 3043 7834 7987 3063 3044 7835 
5530 7987 3063 3044 7835 7988 3064 3045 7836 
5531 7988 3064 3045 7836 7989 3065 3046 7837 
5532 7989 3065 3046 7837 7990 3066 3047 7838 
5533 7990 3066 3047 7838 7991 3067 3048 7839 
5534 7991 3067 3048 7839 7992 3068 3049 7840 
5535 7992 3068 3049 7840 7993 3069 3050 7841 
5536 7993 3069 3050 7841 7994 3070 3051 7842 
5537 7994 3070 3051 7842 7995 3071 3052 7843 
5538 7995 3071 3052 7843 7996 3072 3053 7844 
5539 7996 3072 3053 7844 7997 3073 3054 7845 
5540 7997 3073 3054 7845 3505 534 533 3497 
5541 882 881 873 874 7998 7979 7827 7846 
5542 7998 7979 7827 7846 7999 7980 7828 7847 
5543 7999 7980 7828 7847 8000 7981 7829 7848 
5544 8000 7981 7829 7848 8001 7982 7830 7849 
5545 8001 7982 7830 7849 8002 7983 7831 7850 
5546 8002 7983 7831 7850 8003 7984 7832 7851 
5547 8003 7984 7832 7851 8004 7985 7833 7852 
5548 8004 7985 7833 7852 8005 7986 7834 7853 
5549 8005 7986 7834 7853 8006 7987 7835 7854 
5550 8006 7987 7835 7854 8007 7988 7836 7855 
5551 8007 7988 7836 7855 8008 7989 7837 7856 
5552 8008 7989 7837 7856 8009 7990 7838 7857 
5553 8009 7990 7838 7857 8010 7991 7839 7858 
5554 8010 7991 7839 7858 8011 7992 7840 7859 
5555 8011 7992 7840 7859 8012 7993 7841 7860 
5556 8012 7993 7841 7860 8013 7994 7842 7861 
5557 8013 7994 7842 7861 8014 7995 7843 7862 
5558 8014 7995 7843 7862 8015 7996 7844 7863 
5559 8015 7996 7844 7863 8016 7997 7845 7864 
5560 8016 7997 7845 7864 3506 3505 3497 3498 
5561 883 882 874 875 8017 7998 7846 7865 
5562 8017 7998 7846 7865 8018 7999 7847 7866 
5563 8018 7999 7847 7866 8019 8000 7848 7867 
5564 8019 8000 7848 7867 8020 8001 7849 7868 
5565 8020 8001 7849 7868 8021 8002 7850 7869 
5566 8021 8002 7850 7869 8022 8003 7851 7870 
5567 8022 8003 7851 7870 8023 8004 7852 7871 
5568 8023 8004 7852 7871 8024 8005 7853 7872 
5569 8024 8005 7853 7872 8025 8006 7854 7873 
5570 8025 8006 7854 7873 8026 8007 7855 7874 
5571 8026 8007 7855 7874 8027 8008 7856 7875 
5572 8027 8008 7856 7875 8028 8009 7857 7876 
5573 8028 8009 7857 7876 8029 8010 7858 7877 
5574 8029 8010 7858 7877 8030 8011 7859 7878 
5575 8030 8011 7859 7878 8031 8012 7860 7879 
5576 8031 8012 7860 7879 8032 8013 7861 7880 
5577 8032 8013 7861 7880 8033 8014 7862 7881 
5578 8033 8014 7862 7881 8034 8015 7863 7882 
5579 8034 8015 7863 7882 8035 8016 7864 7883 
5580 8035 8016 7864 7883 3507 3506 3498 3499 
5581 884 883 875 876 8036 8017 7865 7884 
5582 8036 8017 7865 7884 8037 8018 7866 7885 
5583 8037 8018 7866 7885 8038 8019 7867 7886 
5584 8038 8019 7867 7886 8039 8020 7868 7887 
5585 8039 8020 7868 7887 8040 8021 7869 7888 
5586 8040 8021 7869 7888 8041 8022 7870 7889 
5587 8041 8022 7870 7889 8042 8023 7871 7890 
5588 8042 8023 7871 7890 8043 8024 7872 7891 
5589 8043 8024 7872 7891 8044 8025 7873 7892 
5590 8044 8025 7873 7892 8045 8026 7874 7893 
5591 8045 8026 7874 7893 8046 8027 7875 7894 
5592 8046 8027 7875 7894 8047 8028 7876 7895 
5593 8047 8028 7876 7895 8048 8029 7877 7896 
5594 8048 8029 7877 7896 8049 8030 7878 7897 
5595 8049 8030 7878 7897 8050 8031 7879 7898 
5596 8050 8031 7879 7898 8051 8032 7880 7899 
5597 8051 8032 7880 7899 8052 8033 7881 7900 
5598 8052 8033 7881 7900 8053 8034 7882 7901 
5599 8053 8034 7882 7901 8054 8035 7883 7902 
5600 8054 8035 7883 7902 3508 3507 3499 3500 
5601 885 884 876 877 8055 8036 7884 7903 
5602 8055 8036 7884 7903 8056 8037 7885 7904 
5603 8056 8037 7885 7904 8057 8038 7886 7905 
5604 8057 8038 7886 7905 8058 8039 7887 7906 
5605 8058 8039 7887 7906 8059 8040 7888 7907 
5606 8059 8040 7888 7907 8060 8041 7889 7908 
5607 8060 8041 7889 7908 8061 8042 7890 7909 
5608 8061 8042 7890 7909 8062 8043 7891 7910 
5609 8062 8043 7891 7910 8063 8044 7892 7911 
5610 8063 8044 7892 7911 8064 8045 7893 7912 
5611 8064 8045 7893 7912 8065 8046 7894 7913 
5612 8065 8046 7894 7913 8066 8047 7895 7914 
5613 8066 8047 7895 7914 8067 8048 7896 7915 
5614 8067 8048 7896 7915 8068 8049 7897 7916 
5615 8068 8049 7897 7916 8069 8050 7898 7917 
5616 8069 8050 7898 7917 8070 8051 7899 7918 
5617 8070 8051 7899 7918 8071 8052 7900 7919 
5618 8071 8052 7900 7919 8072 8053 7901 7920 
5619 8072 8053 7901 7920 8073 8054 7902 7921 
5620 8073 8054 7902 7921 3509 3508 3500 3501 
5621 886 885 877 878 8074 8055 7903 7922 
5622 8074 8055 7903 7922 8075 8056 7904 7923 
5623 8075 8056 7904 7923 8076 8057 7905 7924 
5624 8076 8057 7905 7924 8077 8058 7906 7925 
5625 8077 8058 7906 7925 8078 8059 7907 7926 
5626 8078 8059 7907 7926 8079 8060 7908 7927 
5627 8079 8060 7908 7927 8080 8061 7909 7928 
5628 8080 8061 7909 7928 8081 8062 7910 7929 
5629 8081 8062 7910 7929 8082 8063 7911 7930 
5630 8082 8063 7911 7930 8083 8064 7912 7931 
5631 8083 8064 7912 7931 8084 8065 7913 7932 
5632 8084 8065 7913 7932 8085 8066 7914 7933 
5633 8085 8066 7914 7933 8086 8067 7915 7934 
5634 8086 8067 7915 7934 8087 8068 7916 7935 
5635 8087 8068 7916 7935 8088 8069 7917 7936 
5636 8088 8069 7917 7936 8089 8070 7918 7937 
5637 8089 8070 7918 7937 8090 8071 7919 7938 
5638 8090 8071 7919 7938 8091 8072 7920 7939 
5639 8091 8072 7920 7939 8092 8073 7921 7940 
5640 8092 8073 7921 7940 3510 3509 3501 3502 
5641 887 886 878 879 8093 8074 7922 7941 
5642 8093 8074 7922 7941 8094 8075 7923 7942 
5643 8094 8075 7923 7942 8095 8076 7924 7943 
5644 8095 8076 7924 7943 8096 8077 7925 7944 
5645 8096 8077 7925 7944 8097 8078 7926 7945 
5646 8097 8078 7926 7945 8098 8079 7927 7946 
5647 8098 8079 7927 7946 8099 8080 7928 7947 
5648 8099 8080 7928 7947 8100 8081 7929 7948 
5649 8100 8081 7929 7948 8101 8082 7930 7949 
5650 8101 8082 7930 7949 8102 8083 7931 7950 
5651 8102 8083 7931 7950 8103 8084 7932 7951 
5652 8103 8084 7932 7951 8104 8085 7933 7952 
5653 8104 8085 7933 7952 8105 8086 7934 7953 
5654 8105 8086 7934 7953 8106 8087 7935 7954 
5655 8106 8087 7935 7954 8107 8088 7936 7955 
5656 8107 8088 7936 7955 8108 8089 7937 7956 
5657 8108 8089 7937 7956 8109 8090 7938 7957 
5658 8109 8090 7938 7957 8110 8091 7939 7958 
5659 8110 8091 7939 7958 8111 8092 7940 7959 
5660 8111 8092 7940 7959 3511 3510 3502 3503 
5661 888 887 879 880 8112 8093 7941 7960 
5662 8112 8093 7941 7960 8113 8094 7942 7961 
5663 8113 8094 7942 7961 8114 8095 7943 7962 
5664 8114 8095 7943 7962 8115 8096 7944 7963 
5665 8115 8096 7944 7963 8116 8097 7945 7964 
5666 8116 8097 7945 7964 8117 8098 7946 7965 
5667 8117 8098 7946 7965 8118 8099 7947 7966 
5668 8118 8099 7947 7966 8119 8100 7948 7967 
5669 8119 8100 7948 7967 8120 8101 7949 7968 
5670 8120 8101 7949 7968 8121 8102 7950 7969 
5671 8121 8102 7950 7969 8122 8103 7951 7970 
5672 8122 8103 7951 7970 8123 8104 7952 7971 
5673 8123 8104 7952 7971 8124 8105 7953 7972 
5674 8124 8105 7953 7972 8125 8106 7954 7973 
5675 8125 8106 7954 7973 8126 8107 7955 7974 
5676 8126 8107 7955 7974 8127 8108 7956 7975 
5677 8127 8108 7956 7975 8128 8109 7957 7976 
5678 8128 8109 7957 7976 8129 8110 7958 7977 
5679 8129 8110 7958 7977 8130 8111 7959 7978 
5680 8130 8111 7959 7978 3512 3511 3503 3504 
5681 82 888 880 81 3302 8112 7960 3283 
5682 3302 8112 7960 3283 3303 8113 7961 3284 
5683 3303 8113 7961 3284 3304 8114 7962 3285 
5684 3304 8114 7962 3285 3305 8115 7963 3286 
5685 3305 8115 7963 3286 3306 8116 7964 3287 
5686 3306 8116 7964 3287 3307 8117 7965 3288 
5687 3307 8117 7965 3288 3308 8118 7966 3289 
5688 3308 8118 7966 3289 3309 8119 7967 3290 
5689 3309 8119 7967 3290 3310 8120 7968 3291 
5690 3310 8120 7968 3291 3311 8121 7969 3292 
5691 3311 8121 7969 3292 3312 8122 7970 3293 
5692 3312 8122 7970 3293 3313 8123 7971 3294 
5693 3313 8123 7971 3294 3314 8124 7972 3295 
5694 3314 8124 7972 3295 3315 8125 7973 3296 
5695 3315 8125 7973 3296 3316 8126 7974 3297 
5696 3316 8126 7974 3297 3317 8127 7975 3298 
5697 3317 8127 7975 3298 3318 8128 7976 3299 
5698 3318 8128 7976 3299 3319 8129 7977 3300 
5699 3319 8129 7977 3300 3320 8130 7978 3301 
5700 3320 8130 7978 3301 543 3512 3504 544 
5701 163 8 114 881 3074 414 3055 7979 
5702 3074 414 3055 7979 3075 415 3056 7980 
5703 3075 415 3056 7980 3076 416 3057 7981 
5704 3076 416 3057 7981 3077 417 3058 7982 
5705 3077 417 3058 7982 3078 418 3059 7983 
5706 3078 418 3059 7983 3079 419 3060 7984 
5707 3079 419 3060 7984 3080 420 3061 7985 
5708 3080 420 3061 7985 3081 421 3062 7986 
5709 3081 421 3062 7986 3082 422 3063 7987 
5710 3082 422 3063 7987 3083 423 3064 7988 
5711 3083 423 3064 7988 3084 424 3065 7989 
5712 3084 424 3065 7989 3085 425 3066 7990 
5713 3085 425 3066 7990 3086 426 3067 7991 
5714 3086 426 3067 7991 3087 427 3068 7992 
5715 3087 427 3068 7992 3088 428 3069 7993 
5716 3088 428 3069 7993 3089 429 3070 7994 
5717 3089 429 3070 7994 3090 430 3071 7995 
5718 3090 430 3071 7995 3091 431 3072 7996 
5719 3091 431 3072 7996 3092 432 3073 7997 
5720 3092 432 3073 7997 535 27 534 3505 
5721 164 163 881 882 3093 3074 7979 7998 
5722 3093 3074 7979 7998 3094 3075 7980 7999 
5723 3094 3075 7980 7999 3095 3076 7981 8000 
5724 3095 3076 7981 8000 3096 3077 7982 8001 
5725 3096 3077 7982 8001 3097 3078 7983 8002 
5726 3097 3078 7983 8002 3098 3079 7984 8003 
5727 3098 3079 7984 8003 3099 3080 7985 8004 
5728 3099 3080 7985 8004 3100 3081 7986 8005 
5729 3100 3081 7986 8005 3101 3082 7987 8006 
5730 3101 3082 7987 8006 3102 3083 7988 8007 
5731 3102 3083 7988 8007 3103 3084 7989 8008 
5732 3103 3084 7989 8008 3104 3085 7990 8009 
5733 3104 3085 7990 8009 3105 3086 7991 8010 
5734 3105 3086 7991 8010 3106 3087 7992 8011 
5735 3106 3087 7992 8011 3107 3088 7993 8012 
5736 3107 3088 7993 8012 3108 3089 7994 8013 
5737 3108 3089 7994 8013 3109 3090 7995 8014 
5738 3109 3090 7995 8014 3110 3091 7996 8015 
5739 3110 3091 7996 8015 3111 3092 7997 8016 
5740 3111 3092 7997 8016 536 535 3505 3506 
5741 165 164 882 883 3112 3093 7998 8017 
5742 3112 3093 7998 8017 3113 3094 7999 8018 
5743 3113 3094 7999 8018 3114 3095 8000 8019 
5744 3114 3095 8000 8019 3115 3096 8001 8020 
5745 3115 3096 8001 8020 3116 3097 8002 8021 
5746 3116 3097 8002 8021 3117 3098 8003 8022 
5747 3117 3098 8003 8022 3118 3099 8004 8023 
5748 3118 3099 8004 8023 3119 3100 8005 8024 
5749 3119 3100 8005 8024 3120 3101 8006 8025 
5750 3120 3101 8006 8025 3121 3102 8007 8026 
5751 3121 3102 8007 8026 3122 3103 8008 8027 
5752 3122 3103 8008 8027 3123 3104 8009 8028 
5753 3123 3104 8009 8028 3124 3105 8010 8029 
5754 3124 3105 8010 8029 3125 3106 8011 8030 
5755 3125 3106 8011 8030 3126 3107 8012 8031 
5756 3126 3107 8012 8031 3127 3108 8013 8032 
5757 3127 3108 8013 8032 3128 3109 8014 8033 
5758 3128 3109 8014 8033 3129 3110 8015 8034 
5759 3129 3110 8015 8034 3130 3111 8016 8035 
5760 3130 3111 8016 8035 537 536 3506 3507 
5761 166 165 883 884 3131 3112 8017 8036 
5762 3131 3112 8017 8036 3132 3113 8018 8037 
5763 3132 3113 8018 8037 3133 3114 8019 8038 
5764 3133 3114 8019 8038 3134 3115 8020 8039 
5765 3134 3115 8020 8039 3135 3116 8021 8040 
5766 3135 3116 8021 8040 3136 3117 8022 8041 
5767 3136 3117 8022 8041 3137 3118 8023 8042 
5768 3137 3118 8023 8042 3138 3119 8024 8043 
5769 3138 3119 8024 8043 3139 3120 8025 8044 
5770 3139 3120 8025 8044 3140 3121 8026 8045 
5771 3140 3121 8026 8045 3141 3122 8027 8046 
5772 3141 3122 8027 8046 3142 3123 8028 8047 
5773 3142 3123 8028 8047 3143 3124 8029 8048 
5774 3143 3124 8029 8048 3144 3125 8030 8049 
5775 3144 3125 8030 8049 3145 3126 8031 8050 
5776 3145 3126 8031 8050 3146 3127 8032 8051 
5777 3146 3127 8032 8051 3147 3128 8033 8052 
5778 3147 3128 8033 8052 3148 3129 8034 8053 
5779 3148 3129 8034 8053 3149 3130 8035 8054 
5780 3149 3130 8035 8054 538 537 3507 3508 
5781 167 166 884 885 3150 3131 8036 8055 
5782 3150 3131 8036 8055 3151 3132 8037 8056 
5783 3151 3132 8037 8056 3152 3133 8038 8057 
5784 3152 3133 8038 8057 3153 3134 8039 8058 
5785 3153 3134 8039 8058 3154 3135 8040 8059 
5786 3154 3135 8040 8059 3155 3136 8041 8060 
5787 3155 3136 8041 8060 3156 3137 8042 8061 
5788 3156 3137 8042 8061 3157 3138 8043 8062 
5789 3157 3138 8043 8062 3158 3139 8044 8063 
5790 3158 3139 8044 8063 3159 3140 8045 8064 
5791 3159 3140 8045 8064 3160 3141 8046 8065 
5792 3160 3141 8046 8065 3161 3142 8047 8066 
5793 3161 3142 8047 8066 3162 3143 8048 8067 
5794 3162 3143 8048 8067 3163 3144 8049 8068 
5795 3163 3144 8049 8068 3164 3145 8050 8069 
5796 3164 3145 8050 8069 3165 3146 8051 8070 
5797 3165 3146 8051 8070 3166 3147 8052 8071 
5798 3166 3147 8052 8071 3167 3148 8053 8072 
5799 3167 3148 8053 8072 3168 3149 8054 8073 
5800 3168 3149 8054 8073 539 538 3508 3509 
5801 168 167 885 886 3169 3150 8055 8074 
5802 3169 3150 8055 8074 3170 3151 8056 8075 
5803 3170 3151 8056 8075 3171 3152 8057 8076 
5804 3171 3152 8057 8076 3172 3153 8058 8077 
5805 3172 3153 8058 8077 3173 3154 8059 8078 
5806 3173 3154 8059 8078 3174 3155 8060 8079 
5807 3174 3155 8060 8079 3175 3156 8061 8080 
5808 3175 3156 8061 8080 3176 3157 8062 8081 
5809 3176 3157 8062 8081 3177 3158 8063 8082 
5810 3177 3158 8063 8082 3178 3159 8064 8083 
5811 3178 3159 8064 8083 3179 3160 8065 8084 
5812 3179 3160 8065 8084 3180 3161 8066 8085 
5813 3180 3161 8066 8085 3181 3162 8067 8086 
5814 3181 3162 8067 8086 3182 3163 8068 8087 
5815 3182 3163 8068 8087 3183 3164 8069 8088 
5816 3183 3164 8069 8088 3184 3165 8070 8089 
5817 3184 3165 8070 8089 3185 3166 8071 8090 
5818 3185 3166 8071 8090 3186 3167 8072 8091 
5819 3186 3167 8072 8091 3187 3168 8073 8092 
5820 3187 3168 8073 8092 540 539 3509 3510 
5821 169 168 886 887 3188 3169 8074 8093 
5822 3188 3169 8074 8093 3189 3170 8075 8094 
5823 3189 3170 8075 8094 3190 3171 8076 8095 
5824 3190 3171 8076 8095 3191 3172 8077 8096 
5825 3191 3172 8077 8096 3192 3173 8078 8097 
5826 3192 3173 8078 8097 3193 3174 8079 8098 
5827 3193 3174 8079 8098 3194 3175 8080 8099 
5828 3194 3175 8080 8099 3195 3176 8081 8100 
5829 3195 3176 8081 8100 3196 3177 8082 8101 
5830 3196 3177 8082 8101 3197 3178 8083 8102 
5831 3197 3178 8083 8102 3198 3179 8084 8103 
5832 3198 3179 8084 8103 3199 3180 8085 8104 
5833 3199 3180 8085 8104 3200 3181 8086 8105 
5834 3200 3181 8086 8105 3201 3182 8087 8106 
5835 3201 3182 8087 8106 3202 3183 8088 8107 
5836 3202 3183 8088 8107 3203 3184 8089 8108 
5837 3203 3184 8089 8108 3204 3185 8090 8109 
5838 3204 3185 8090 8109 3205 3186 8091 8110 
5839 3205 3186 8091 8110 3206 3187 8092 8111 
5840 3206 3187 8092 8111 541 540 3510 3511 
5841 170 169 887 888 3207 3188 8093 8112 
5842 3207 3188 8093 8112 3208 3189 8094 8113 
5843 3208 3189 8094 8113 3209 3190 8095 8114 
5844 3209 3190 8095 8114 3210 3191 8096 8115 
5845 3210 3191 8096 8115 3211 3192 8097 8116 
5846 3211 3192 8097 8116 3212 3193 8098 8117 
5847 3212 3193 8098 8117 3213 3194 8099 8118 
5848 3213 3194 8099 8118 3214 3195 8100 8119 
5849 3214 3195 8100 8119 3215 3196 8101 8120 
5850 3215 3196 8101 8120 3216 3197 8102 8121 
5851 3216 3197 8102 8121 3217 3198 8103 8122 
5852 3217 3198 8103 8122 3218 3199 8104 8123 
5853 3218 3199 8104 8123 3219 3200 8105 8124 
5854 3219 3200 8105 8124 3220 3201 8106 8125 
5855 3220 3201 8106 8125 3221 3202 8107 8126 
5856 3221 3202 8107 8126 3222 3203 8108 8127 
5857 3222 3203 8108 8127 3223 3204 8109 8128 
5858 3223 3204 8109 8128 3224 3205 8110 8129 
5859 3224 3205 8110 8129 3225 3206 8111 8130 
5860 3225 3206 8111 8130 542 541 3511 3512 
5861 12 170 888 82 575 3207 8112 3302 
5862 575 3207 8112 3302 576 3208 8113 3303 
5863 576 3208 8113 3303 577 3209 8114 3304 
5864 577 3209 8114 3304 578 3210 8115 3305 
5865 578 3210 8115 3305 579 3211 8116 3306 
5866 579 3211 8116 3306 580 3212 8117 3307 
5867 580 3212 8117 3307 581 3213 8118 3308 
5868 581 3213 8118 3308 582 3214 8119 3309 
5869 582 3214 8119 3309 583 3215 8120 3310 
5870 583 3215 8120 3310 584 3216 8121 3311 
5871 584 3216 8121 3311 585 3217 8122 3312 
5872 585 3217 8122 3312 586 3218 8123 3313 
5873 586 3218 8123 3313 587 3219 8124 3314 
5874 587 3219 8124 3314 588 3220 8125 3315 
5875 588 3220 8125 3315 589 3221 8126 3316 
5876 589 3221 8126 3316 590 3222 8127 3317 
5877 590 3222 8127 3317 591 3223 8128 3318 
5878 591 3223 8128 3318 592 3224 8129 3319 
5879 592 3224 8129 3319 593 3225 8130 3320 
5880 593 3225 8130 3320 33 542 3512 543 
3 8 5 1440
5881 889 66 8 163 8131 2594 414 3074 
5882 8131 2594 414 3074 8132 2595 415 3075 
5883 8132 2595 415 3075 8133 2596 416 3076 
5884 8133 2596 416 3076 8134 2597 417 3077 
5885 8134 2597 417 3077 8135 2598 418 3078 
5886 8135 2598 418 3078 8136 2599 419 3079 
5887 8136 2599 419 3079 8137 2600 420 3080 
5888 8137 2600 420 3080 8138 2601 421 3081 
5889 8138 2601 421 3081 8139 2602 422 3082 
5890 8139 2602 422 3082 8140 2603 423 3083 
5891 8140 2603 423 3083 8141 2604 424 3084 
5892 8141 2604 424 3084 8142 2605 425 3085 
5893 8142 2605 425 3085 8143 2606 426 3086 
5894 8143 2606 426 3086 8144 2607 427 3087 
5895 8144 2607 427 3087 8145 2608 428 3088 
5896 8145 2608 428 3088 8146 2609 429 3089 
5897 8146 2609 429 3089 8147 2610 430 3090 
5898 8147 2610 430 3090 8148 2611 431 3091 
5899 8148 2611 431 3091 8149 2612 432 3092 
5900 8149 2612 432 3092 3798 460 27 535 
5901 890 889 163 164 8150 8131 3074 3093 
5902 8150 8131 3074 3093 8151 8132 3075 3094 
5903 8151 8132 3075 3094 8152 8133 3076 3095 
5904 8152 8133 3076 3095 8153 8134 3077 3096 
5905 8153 8134 3077 3096 8154 8135 3078 3097 
5906 8154 8135 3078 3097 8155 8136 3079 3098 
5907 8155 8136 3079 3098 8156 8137 3080 3099 
5908 8156 8137 3080 3099 8157 8138 3081 3100 
5909 8157 8138 3081 3100 8158 8139 3082 3101 
5910 8158 8139 3082 3101 8159 8140 3083 3102 
5911 8159 8140 3083 3102 8160 8141 3084 3103 
5912 8160 8141 3084 3103 8161 8142 3085 3104 
5913 8161 8142 3085 3104 8162 8143 3086 3105 
5914 8162 8143 3086 3105 8163 8144 3087 3106 
5915 8163 8144 3087 3106 8164 8145 3088 3107 
5916 8164 8145 3088 3107 8165 8146 3089 3108 
5917 8165 8146 3089 3108 8166 8147 3090 3109 
5918 8166 8147 3090 3109 8167 8148 3091 3110 
5919 8167 8148 3091 3110 8168 8149 3092 3111 
5920 8168 8149 3092 3111 3799 3798 535 536 
5921 891 890 164 165 8169 8150 3093 3112 
5922 8169 8150 3093 3112 8170 8151 3094 3113 
5923 8170 8151 3094 3113 8171 8152 3095 3114 
5924 8171 8152 3095 3114 8172 8153 3096 3115 
5925 8172 8153 3096 3115 8173 8154 3097 3116 
5926 8173 8154 3097 3116 8174 8155 3098 3117 
5927 8174 8155 3098 3117 8175 8156 3099 3118 
5928 8175 8156 3099 3118 8176 8157 3100 3119 
5929 8176 8157 3100 3119 8177 8158 3101 3120 
5930 8177 8158 3101 3120 8178 8159 3102 3121 
5931 8178 8159 3102 3121 8179 8160 3103 3122 
5932 8179 8160 3103 3122 8180 8161 3104 3123 
5933 8180 8161 3104 3123 8181 8162 3105 3124 
5934 8181 8162 3105 3124 8182 8163 3106 3125 
5935 8182 8163 3106 3125 8183 8164 3107 3126 
5936 8183 8164 3107 3126 8184 8165 3108 3127 
5937 8184 8165 3108 3127 8185 8166 3109 3128 
5938 8185 8166 3109 3128 8186 8167 3110 3129 
5939 8186 8167 3110 3129 8187 8168 3111 3130 
5940 8187 8168 3111 3130 3800 3799 536 537 
5941 892 891 165 166 8188 8169 3112 3131 
5942 8188 8169 3112 3131 8189 8170 3113 3132 
5943 8189 8170 3113 3132 8190 8171 3114 3133 
5944 8190 8171 3114 3133 8191 8172 3115 3134 
5945 8191 8172 3115 3134 8192 8173 3116 3135 
5946 8192 8173 3116 3135 8193 8174 3117 3136 
5947 8193 8174 3117 3136 8194 8175 3118 3137 
5948 8194 8175 3118 3137 8195 8176 3119 3138 
5949 8195 8176 3119 3138 8196 8177 3120 3139 
5950 8196 8177 3120 3139 8197 8178 3121 3140 
5951 8197 8178 3121 3140 8198 8179 3122 3141 
5952 8198 8179 3122 3141 8199 8180 3123 3142 
5953 8199 8180 3123 3142 8200 8181 3124 3143 
5954 8200 8181 3124 3143 8201 8182 3125 3144 
5955 8201 8182 3125 3144 8202 8183 3126 3145 
5956 8202 8183 3126 3145 8203 8184 3127 3146 
5957 8203 8184 3127 3146 8204 8185 3128 3147 
5958 8204 8185 3128 3147 8205 8186 3129 3148 
5959 8205 8186 3129 3148 8206 8187 3130 3149 
5960 8206 8187 3130 3149 3801 3800 537 538 
5961 893 892 166 167 8207 8188 3131 3150 
5962 8207 8188 3131 3150 8208 8189 3132 3151 
5963 8208 8189 3132 3151 8209 8190 3133 3152 
5964 8209 8190 3133 3152 8210 8191 3134 3153 
5965 8210 8191 3134 3153 8211 8192 3135 3154 
5966 8211 8192 3135 3154 8212 8193 3136 3155 
5967 8212 8193 3136 3155 8213 8194 3137 3156 
5968 8213 8194 3137 3156 8214 8195 3138 3157 
5969 8214 8195 3138 3157 8215 8196 3139 3158 
5970 8215 8196 3139 3158 8216 8197 3140 3159 
5971 8216 8197 3140 3159 8217 8198 3141 3160 
5972 8217 8198 3141 3160 8218 8199 3142 3161 
5973 8218 8199 3142 3161 8219 8200 3143 3162 
5974 8219 8200 3143 3162 8220 8201 3144 3163 
5975 8220 8201 3144 3163 8221 8202 3145 3164 
5976 8221 8202 3145 3164 8222 8203 3146 3165 
5977 8222 8203 3146 3165 8223 8204 3147 3166 
5978 8223 8204 3147 3166 8224 8205 3148 3167 
5979 8224 8205 3148 3167 8225 8206 3149 3168 
5980 8225 8206 3149 3168 3802 3801 538 539 
5981 894 893 167 168 8226 8207 3150 3169 
5982 8226 8207 3150 3169 8227 8208 3151 3170 
5983 8227 8208 3151 3170 8228 8209 3152 3171 
5984 8228 8209 3152 3171 8229 8210 3153 3172 
5985 8229 8210 3153 3172 8230 8211 3154 3173 
5986 8230 8211 3154 3173 8231 8212 3155 3174 
5987 8231 8212 3155 3174 8232 8213 3156 3175 
5988 8232 8213 3156 3175 8233 8214 3157 3176 
5989 8233 8214 3157 3176 8234 8215 3158 3177 
5990 8234 8215 3158 3177 8235 8216 3159 3178 
5991 8235 8216 3159 3178 8236 8217 3160 3179 
5992 8236 8217 3160 3179 8237 8218 3161 3180 
5993 8237 8218 3161 3180 8238 8219 3162 3181 
5994 8238 8219 3162 3181 8239 8220 3163 3182 
5995 8239 8220 3163 3182 8240 8221 3164 3183 
5996 8240 8221 3164 3183 8241 8222 3165 3184 
5997 8241 8222 3165 3184 8242 8223 3166 3185 
5998 8242 8223 3166 3185 8243 8224 3167 3186 
5999 8243 8224 3167 3186 8244 8225 3168 3187 
6000 8244 8225 3168 3187 3803 3802 539 540 
6001 895 894 168 169 8245 8226 3169 3188 
6002 8245 8226 3169 3188 8246 8227 3170 3189 
6003 8246 8227 3170 3189 8247 8228 3171 3190 
6004 8247 8228 3171 3190 8248 8229 3172 3191 
6005 8248 8229 3172 3191 8249 8230 3173 3192 
6006 8249 8230 3173 3192 8250 8231 3174 3193 
6007 8250 8231 3174 3193 8251 8232 3175 3194 
6008 8251 8232 3175 3194 8252 8233 3176 3195 
6009 8252 8233 3176 3195 8253 8234 3177 3196 
6010 8253 8234 3177 3196 8254 8235 3178 3197 
6011 8254 8235 3178 3197 8255 8236 3179 3198 
6012 8255 8236 3179 3198 8256 8237 3180 3199 
6013 8256 8237 3180 3199 8257 8238 3181 3200 
6014 8257 8238 3181 3200 8258 8239 3182 3201 
6015 8258 8239 3182 3201 8259 8240 3183 3202 
6016 8259 8240 3183 3202 8260 8241 3184 3203 
6017 8260 8241 3184 3203 8261 8242 3185 3204 
6018 8261 8242 3185 3204 8262 8243 3186 3205 
6019 8262 8243 3186 3205 8263 8244 3187 3206 
6020 8263 8244 3187 3206 3804 3803 540 541 
6021 896 895 169 170 8264 8245 3188 3207 
6022 8264 8245 3188 3207 8265 8246 3189 3208 
6023 8265 8246 3189 3208 8266 8247 3190 3209 
6024 8266 8247 3190 3209 8267 8248 3191 3210 
6025 8267 8248 3191 3210 8268 8249 3192 3211 
6026 8268 8249 3192 3211 8269 8250 3193 3212 
6027 8269 8250 3193 3212 8270 8251 3194 3213 
6028 8270 8251 3194 3213 8271 8252 3195 3214 
6029 8271 8252 3195 3214 8272 8253 3196 3215 
6030 8272 8253 3196 3215 8273 8254 3197 3216 
6031 8273 8254 3197 3216 8274 8255 3198 3217 
6032 8274 8255 3198 3217 8275 8256 3199 3218 
6033 8275 8256 3199 3218 8276 8257 3200 3219 
6034 8276 8257 3200 3219 8277 8258 3201 3220 
6035 8277 8258 3201 3220 8278 8259 3202 3221 
6036 8278 8259 3202 3221 8279 8260 3203 3222 
6037 8279 8260 3203 3222 8280 8261 3204 3223 
6038 8280 8261 3204 3223 8281 8262 3205 3224 
6039 8281 8262 3205 3224 8282 8263 3206 3225 
6040 8282 8263 3206 3225 3805 3804 541 542 
6041 83 896 170 12 3665 8264 3207 575 
6042 3665 8264 3207 575 3666 8265 3208 576 
6043 3666 8265 3208 576 3667 8266 3209 577 
6044 3667 8266 3209 577 3668 8267 3210 578 
6045 3668 8267 3210 578 3669 8268 3211 579 
6046 3669 8268 3211 579 3670 8269 3212 580 
6047 3670 8269 3212 580 3671 8270 3213 581 
6048 3671 8270 3213 581 3672 8271 3214 582 
6049 3672 8271 3214 582 3673 8272 3215 583 
6050 3673 8272 3215 583 3674 8273 3216 584 
6051 3674 8273 3216 584 3675 8274 3217 585 
6052 3675 8274 3217 585 3676 8275 3218 586 
6053 3676 8275 3218 586 3677 8276 3219 587 
6054 3677 8276 3219 587 3678 8277 3220 588 
6055 3678 8277 3220 588 3679 8278 3221 589 
6056 3679 8278 3221 589 3680 8279 3222 590 
6057 3680 8279 3222 590 3681 8280 3223 591 
6058 3681 8280 3223 591 3682 8281 3224 592 
6059 3682 8281 3224 592 3683 8282 3225 593 
6060 3683 8282 3225 593 627 3805 542 33 
6061 897 67 66 889 8283 2613 2594 8131 
6062 8283 2613 2594 8131 8284 2614 2595 8132 
6063 8284 2614 2595 8132 8285 2615 2596 8133 
6064 8285 2615 2596 8133 8286 2616 2597 8134 
6065 8286 2616 2597 8134 8287 2617 2598 8135 
6066 8287 2617 2598 8135 8288 2618 2599 8136 
6067 8288 2618 2599 8136 8289 2619 2600 8137 
6068 8289 2619 2600 8137 8290 2620 2601 8138 
6069 8290 2620 2601 8138 8291 2621 2602 8139 
6070 8291 2621 2602 8139 8292 2622 2603 8140 
6071 8292 2622 2603 8140 8293 2623 2604 8141 
6072 8293 2623 2604 8141 8294 2624 2605 8142 
6073 8294 2624 2605 8142 8295 2625 2606 8143 
6074 8295 2625 2606 8143 8296 2626 2607 8144 
6075 8296 2626 2607 8144 8297 2627 2608 8145 
6076 8297 2627 2608 8145 8298 2628 2609 8146 
6077 8298 2628 2609 8146 8299 2629 2610 8147 
6078 8299 2629 2610 8147 8300 2630 2611 8148 
6079 8300 2630 2611 8148 8301 2631 2612 8149 
6080 8301 2631 2612 8149 3806 459 460 3798 
6081 898 897 889 890 8302 8283 8131 8150 
6082 8302 8283 8131 8150 8303 8284 8132 8151 
6083 8303 8284 8132 8151 8304 8285 8133 8152 
6084 8304 8285 8133 8152 8305 8286 8134 8153 
6085 8305 8286 8134 8153 8306 8287 8135 8154 
6086 8306 8287 8135 8154 8307 8288 8136 8155 
6087 8307 8288 8136 8155 8308 8289 8137 8156 
6088 8308 8289 8137 8156 8309 8290 8138 8157 
6089 8309 8290 8138 8157 8310 8291 8139 8158 
6090 8310 8291 8139 8158 8311 8292 8140 8159 
6091 8311 8292 8140 8159 8312 8293 8141 8160 
6092 8312 8293 8141 8160 8313 8294 8142 8161 
6093 8313 8294 8142 8161 8314 8295 8143 8162 
6094 8314 8295 8143 8162 8315 8296 8144 8163 
6095 8315 8296 8144 8163 8316 8297 8145 8164 
6096 8316 8297 8145 8164 8317 8298 8146 8165 
6097 8317 8298 8146 8165 8318 8299 8147 8166 
6098 8318 8299 8147 8166 8319 8300 8148 8167 
6099 8319 8300 8148 8167 8320 8301 8149 8168 
6100 8320 8301 8149 8168 3807 3806 3798 3799 
6101 899 898 890 891 8321 8302 8150 8169 
6102 8321 8302 8150 8169 8322 8303 8151 8170 
6103 8322 8303 8151 8170 8323 8304 8152 8171 
6104 8323 8304 8152 8171 8324 8305 8153 8172 
6105 8324 8305 8153 8172 8325 8306 8154 8173 
6106 8325 8306 8154 8173 8326 8307 8155 8174 
6107 8326 8307 8155 8174 8327 8308 8156 8175 
6108 8327 8308 8156 8175 8328 8309 8157 8176 
6109 8328 8309 8157 8176 8329 8310 8158 8177 
6110 8329 8310 8158 8177 8330 8311 8159 8178 
6111 8330 8311 8159 8178 8331 8312 8160 8179 
6112 8331 8312 8160 8179 8332 8313 8161 8180 
6113 8332 8313 8161 8180 8333 8314 8162 8181 
6114 8333 8314 8162 8181 8334 8315 8163 8182 
6115 8334 8315 8163 8182 8335 8316 8164 8183 
6116 8335 8316 8164 8183 8336 8317 8165 8184 
6117 8336 8317 8165 8184 8337 8318 8166 8185 
6118 8337 8318 8166 8185 8338 8319 8167 8186 
6119 8338 8319 8167 8186 8339 8320 8168 8187 
6120 8339 8320 8168 8187 3808 3807 3799 3800 
6121 900 899 891 892 8340 8321 8169 8188 
6122 8340 8321 8169 8188 8341 8322 8170 8189 
6123 8341 8322 8170 8189 8342 8323 8171 8190 
6124 8342 8323 8171 8190 8343 8324 8172 8191 
6125 8343 8324 8172 8191 8344 8325 8173 8192 
6126 8344 8325 8173 8192 8345 8326 8174 8193 
6127 8345 8326 8174 8193 8346 8327 8175 8194 
6128 8346 8327 8175 8194 8347 8328 8176 8195 
6129 8347 8328 8176 8195 8348 8329 8177 8196 
6130 8348 8329 8177 8196 8349 8330 8178 8197 
6131 8349 8330 8178 8197 8350 8331 8179 8198 
6132 8350 8331 8179 8198 8351 8332 8180 8199 
6133 8351 8332 8180 8199 8352 8333 8181 8200 
6134 8352 8333 8181 8200 8353 8334 8182 8201 
6135 8353 8334 8182 8201 8354 8335 8183 8202 
6136 8354 8335 8183 8202 8355 8336 8184 8203 
6137 8355 8336 8184 8203 8356 8337 8185 8204 
6138 8356 8337 8185 8204 8357 8338 8186 8205 
6139 8357 8338 8186 8205 8358 8339 8187 8206 
6140 8358 8339 8187 8206 3809 3808 3800 3801 
6141 901 900 892 893 8359 8340 8188 8207 
6142 8359 8340 8188 8207 8360 8341 8189 8208 
6143 8360 8341 8189 8208 8361 8342 8190 8209 
6144 8361 8342 8190 8209 8362 8343 8191 8210 
6145 8362 8343 8191 8210 8363 8344 8192 8211 
6146 8363 8344 8192 8211 8364 8345 8193 8212 
6147 8364 8345 8193 8212 8365 8346 8194 8213 
6148 8365 8346 8194 8213 8366 8347 8195 8214 
6149 8366 8347 8195 8214 8367 8348 8196 8215 
6150 8367 8348 8196 8215 8368 8349 8197 8216 
6151 8368 8349 8197 8216 8369 8350 8198 8217 
6152 8369 8350 8198 8217 8370 8351 8199 8218 
6153 8370 8351 8199 8218 8371 8352 8200 8219 
6154 8371 8352 8200 8219 8372 8353 8201 8220 
6155 8372 8353 8201 8220 8373 8354 8202 8221 
6156 8373 8354 8202 8221 8374 8355 8203 8222 
6157 8374 8355 8203 8222 8375 8356 8204 8223 
6158 8375 8356 8204 8223 8376 8357 8205 8224 
6159 8376 8357 8205 8224 8377 8358 8206 8225 
6160 8377 8358 8206 8225 3810 3809 3801 3802 
6161 902 901 893 894 8378 8359 8207 8226 
6162 8378 8359 8207 8226 8379 8360 8208 8227 
6163 8379 8360 8208 8227 8380 8361 8209 8228 
6164 8380 8361 8209 8228 8381 8362 8210 8229 
6165 8381 8362 8210 8229 8382 8363 8211 8230 
6166 8382 8363 8211 8230 8383 8364 8212 8231 
6167 8383 8364 8212 8231 8384 8365 8213 8232 
6168 8384 8365 8213 8232 8385 8366 8214 8233 
6169 8385 8366 8214 8233 8386 8367 8215 8234 
6170 8386 8367 8215 8234 8387 8368 8216 8235 
6171 8387 8368 8216 8235 8388 8369 8217 8236 
6172 8388 8369 8217 8236 8389 8370 8218 8237 
6173 8389 8370 8218 8237 8390 8371 8219 8238 
6174 8390 8371 8219 8238 8391 8372 8220 8239 
6175 8391 8372 8220 8239 8392 8373 8221 8240 
6176 8392 8373 8221 8240 8393 8374 8222 8241 
6177 8393 8374 8222 8241 8394 8375 8223 8242 
6178 8394 8375 8223 8242 8395 8376 8224 8243 
6179 8395 8376 8224 8243 8396 8377 8225 8244 
6180 8396 8377 8225 8244 3811 3810 3802 3803 
6181 903 902 894 895 8397 8378 8226 8245 
6182 8397 8378 8226 8245 8398 8379 8227 8246 
6183 8398 8379 8227 8246 8399 8380 8228 8247 
6184 8399 8380 8228 8247 8400 8381 8229 8248 
6185 8400 8381 8229 8248 8401 8382 8230 8249 
6186 8401 8382 8230 8249 8402 8383 8231 8250 
6187 8402 8383 8231 8250 8403 8384 8232 8251 
6188 8403 8384 8232 8251 8404 8385 8233 8252 
6189 8404 8385 8233 8252 8405 8386 8234 8253 
6190 8405 8386 8234 8253 8406 8387 8235 8254 
6191 8406 8387 8235 8254 8407 8388 8236 8255 
6192 8407 8388 8236 8255 8408 8389 8237 8256 
6193 8408 8389 8237 8256 8409 8390 8238 8257 
6194 8409 8390 8238 8257 8410 8391 8239 8258 
6195 8410 8391 8239 8258 8411 8392 8240 8259 
6196 8411 8392 8240 8259 8412 8393 8241 8260 
6197 8412 8393 8241 8260 8413 8394 8242 8261 
6198 8413 8394 8242 8261 8414 8395 8243 8262 
6199 8414 8395 8243 8262 8415 8396 8244 8263 
6200 8415 8396 8244 8263 3812 3811 3803 3804 
6201 904 903 895 896 8416 8397 8245 8264 
6202 8416 8397 8245 8264 8417 8398 8246 8265 
6203 8417 8398 8246 8265 8418 8399 8247 8266 
6204 8418 8399 8247 8266 8419 8400 8248 8267 
6205 8419 8400 8248 8267 8420 8401 8249 8268 
6206 8420 8401 8249 8268 8421 8402 8250 8269 
6207 8421 8402 8250 8269 8422 8403 8251 8270 
6208 8422 8403 8251 8270 8423 8404 8252 8271 
6209 8423 8404 8252 8271 8424 8405 8253 8272 
6210 8424 8405 8253 8272 8425 8406 8254 8273 
6211 8425 8406 8254 8273 8426 8407 8255 8274 
6212 8426 8407 8255 8274 8427 8408 8256 8275 
6213 8427 8408 8256 8275 8428 8409 8257 8276 
6214 8428 8409 8257 8276 8429 8410 8258 8277 
6215 8429 8410 8258 8277 8430 8411 8259 8278 
6216 8430 8411 8259 8278 8431 8412 8260 8279 
6217 8431 8412 8260 8279 8432 8413 8261 8280 
6218 8432 8413 8261 8280 8433 8414 8262 8281 
6219 8433 8414 8262 8281 8434 8415 8263 8282 
6220 8434 8415 8263 8282 3813 3812 3804 3805 
6221 84 904 896 83 3684 8416 8264 3665 
6222 3684 8416 8264 3665 3685 8417 8265 3666 
6223 3685 8417 8265 3666 3686 8418 8266 3667 
6224 3686 8418 8266 3667 3687 8419 8267 3668 
6225 3687 8419 8267 3668 3688 8420 8268 3669 
6226 3688 8420 8268 3669 3689 8421 8269 3670 
6227 3689 8421 8269 3670 3690 8422 8270 3671 
6228 3690 8422 8270 3671 3691 8423 8271 3672 
6229 3691 8423 8271 3672 3692 8424 8272 3673 
6230 3692 8424 8272 3673 3693 8425 8273 3674 
6231 3693 8425 8273 3674 3694 8426 8274 3675 
6232 3694 8426 8274 3675 3695 8427 8275 3676 
6233 3695 8427 8275 3676 3696 8428 8276 3677 
6234 3696 8428 8276 3677 3697 8429 8277 3678 
6235 3697 8429 8277 3678 3698 8430 8278 3679 
6236 3698 8430 8278 3679 3699 8431 8279 3680 
6237 3699 8431 8279 3680 3700 8432 8280 3681 
6238 3700 8432 8280 3681 3701 8433 8281 3682 
6239 3701 8433 8281 3682 3702 8434 8282 3683 
6240 3702 8434 8282 3683 626 3813 3805 627 
6241 905 68 67 897 8435 2632 2613 8283 
6242 8435 2632 2613 8283 8436 2633 2614 8284 
6243 8436 2633 2614 8284 8437 2634 2615 8285 
6244 8437 2634 2615 8285 8438 2635 2616 8286 
6245 8438 2635 2616 8286 8439 2636 2617 8287 
6246 8439 2636 2617 8287 8440 2637 2618 8288 
6247 8440 2637 2618 8288 8441 2638 2619 8289 
6248 8441 2638 2619 8289 8442 2639 2620 8290 
6249 8442 2639 2620 8290 8443 2640 2621 8291 
6250 8443 2640 2621 8291 8444 2641 2622 8292 
6251 8444 2641 2622 8292 8445 2642 2623 8293 
6252 8445 2642 2623 8293 8446 2643 2624 8294 
6253 8446 2643 2624 8294 8447 2644 2625 8295 
6254 8447 2644 2625 8295 8448 2645 2626 8296 
6255 8448 2645 2626 8296 8449 2646 2627 8297 
6256 8449 2646 2627 8297 8450 2647 2628 8298 
6257 8450 2647 2628 8298 8451 2648 2629 8299 
6258 8451 2648 2629 8299 8452 2649 2630 8300 
6259 8452 2649 2630 8300 8453 2650 2631 8301 
6260 8453 2650 2631 8301 3814 458 459 3806 
6261 906 905 897 898 8454 8435 8283 8302 
6262 8454 8435 8283 8302 8455 8436 8284 8303 
6263 8455 8436 8284 8303 8456 8437 8285 8304 
6264 8456 8437 8285 8304 8457 8438 8286 8305 
6265 8457 8438 8286 8305 8458 8439 8287 8306 
6266 8458 8439 8287 8306 8459 8440 8288 8307 
6267 8459 8440 8288 8307 8460 8441 8289 8308 
6268 8460 8441 8289 8308 8461 8442 8290 8309 
6269 8461 8442 8290 8309 8462 8443 8291 8310 
6270 8462 8443 8291 8310 8463 8444 8292 8311 
6271 8463 8444 8292 8311 8464 8445 8293 8312 
6272 8464 8445 8293 8312 8465 8446 8294 8313 
6273 8465 8446 8294 8313 8466 8447 8295 8314 
6274 8466 8447 8295 8314 8467 8448 8296 8315 
6275 8467 8448 8296 8315 8468 8449 8297 8316 
6276 8468 8449 8297 8316 8469 8450 8298 8317 
6277 8469 8450 8298 8317 8470 8451 8299 8318 
6278 8470 8451 8299 8318 8471 8452 8300 8319 
6279 8471 8452 8300 8319 8472 8453 8301 8320 
6280 8472 8453 8301 8320 3815 3814 3806 3807 
6281 907 906 898 899 8473 8454 8302 8321 
6282 8473 8454 8302 8321 8474 8455 8303 8322 
6283 8474 8455 8303 8322 8475 8456 8304 8323 
6284 8475 8456 8304 8323 8476 8457 8305 8324 
6285 8476 8457 8305 8324 8477 8458 8306 8325 
6286 8477 8458 8306 8325 8478 8459 8307 8326 
6287 8478 8459 8307 8326 8479 8460 8308 8327 
6288 8479 8460 8308 8327 8480 8461 8309 8328 
6289 8480 8461 8309 8328 8481 8462 8310 8329 
6290 8481 8462 8310 8329 8482 8463 8311 8330 
6291 8482 8463 8311 8330 8483 8464 8312 8331 
6292 8483 8464 8312 8331 8484 8465 8313 8332 
6293 8484 8465 8313 8332 8485 8466 8314 8333 
6294 8485 8466 8314 8333 8486 8467 8315 8334 
6295 8486 8467 8315 8334 8487 8468 8316 8335 
6296 8487 8468 8316 8335 8488 8469 8317 8336 
6297 8488 8469 8317 8336 8489 8470 8318 8337 
6298 8489 8470 8318 8337 8490 8471 8319 8338 
6299 8490 8471 8319 8338 8491 8472 8320 8339 
6300 8491 8472 8320 8339 3816 3815 3807 3808 
6301 908 907 899 900 8492 8473 8321 8340 
6302 8492 8473 8321 8340 8493 8474 8322 8341 
6303 8493 8474 8322 8341 8494 8475 8323 8342 
6304 8494 8475 8323 8342 8495 8476 8324 8343 
6305 8495 8476 8324 8343 8496 8477 8325 8344 
6306 8496 8477 8325 8344 8497 8478 8326 8345 
6307 8497 8478 8326 8345 8498 8479 8327 8346 
6308 8498 8479 8327 8346 8499 8480 8328 8347 
6309 8499 8480 8328 8347 8500 8481 8329 8348 
6310 8500 8481 8329 8348 8501 8482 8330 8349 
6311 8501 8482 8330 8349 8502 8483 8331 8350 
6312 8502 8483 8331 8350 8503 8484 8332 8351 
6313 8503 8484 8332 8351 8504 8485 8333 8352 
6314 8504 8485 8333 8352 8505 8486 8334 8353 
6315 8505 8486 8334 8353 8506 8487 8335 8354 
6316 8506 8487 8335 8354 8507 8488 8336 8355 
6317 8507 8488 8336 8355 8508 8489 8337 8356 
6318 8508 8489 8337 8356 8509 8490 8338 8357 
6319 8509 8490 8338 8357 8510 8491 8339 8358 
6320 8510 8491 8339 8358 3817 3816 3808 3809 
6321 909 908 900 901 8511 8492 8340 8359 
6322 8511 8492 8340 8359 8512 8493 8341 8360 
6323 8512 8493 8341 8360 8513 8494 8342 8361 
6324 8513 8494 8342 8361 8514 8495 8343 8362 
6325 8514 8495 8343 8362 8515 8496 8344 8363 
6326 8515 8496 8344 8363 8516 8497 8345 8364 
6327 8516 8497 8345 8364 8517 8498 8346 8365 
6328 8517 8498 8346 8365 8518 8499 8347 8366 
6329 8518 8499 8347 8366 8519 8500 8348 8367 
6330 8519 8500 8348 8367 8520 8501 8349 8368 
6331 8520 8501 8349 8368 8521 8502 8350 8369 
6332 8521 8502 8350 8369 8522 8503 8351 8370 
6333 8522 8503 8351 8370 8523 8504 8352 8371 
6334 8523 8504 8352 8371 8524 8505 8353 8372 
6335 8524 8505 8353 8372 8525 8506 8354 8373 
6336 8525 8506 8354 8373 8526 8507 8355 8374 
6337 8526 8507 8355 8374 8527 8508 8356 8375 
6338 8527 8508 8356 8375 8528 8509 8357 8376 
6339 8528 8509 8357 8376 8529 8510 8358 8377 
6340 8529 8510 8358 8377 3818 3817 3809 3810 
6341 910 909 901 902 8530 8511 8359 8378 
6342 8530 8511 8359 8378 8531 8512 8360 8379 
6343 8531 8512 8360 8379 8532 8513 8361 8380 
6344 8532 8513 8361 8380 8533 8514 8362 8381 
6345 8533 8514 8362 8381 8534 8515 8363 8382 
6346 8534 8515 8363 8382 8535 8516 8364 8383 
6347 8535 8516 8364 8383 8536 8517 8365 8384 
6348 8536 8517 8365 8384 8537 8518 8366 8385 
6349 8537 8518 8366 8385 8538 8519 8367 8386 
6350 8538 8519 8367 8386 8539 8520 8368 8387 
6351 8539 8520 8368 8387 8540 8521 8369 8388 
6352 8540 8521 8369 8388 8541 8522 8370 8389 
6353 8541 8522 8370 8389 8542 8523 8371 8390 
6354 8542 8523 8371 8390 8543 8524 8372 8391 
6355 8543 8524 8372 8391 8544 8525 8373 8392 
6356 8544 8525 8373 8392 8545 8526 8374 8393 
6357 8545 8526 8374 8393 8546 8527 8375 8394 
6358 8546 8527 8375 8394 8547 8528 8376 8395 
6359 8547 8528 8376 8395 8548 8529 8377 8396 
6360 8548 8529 8377 8396 3819 3818 3810 3811 
6361 911 910 902 903 8549 8530 8378 8397 
6362 8549 8530 8378 8397 8550 8531 8379 8398 
6363 8550 8531 8379 8398 8551 8532 8380 8399 
6364 8551 8532 8380 8399 8552 8533 8381 8400 
6365 8552 8533 8381 8400 8553 8534 8382 8401 
6366 8553 8534 8382 8401 8554 8535 8383 8402 
6367 8554 8535 8383 8402 8555 8536 8384 8403 
6368 8555 8536 8384 8403 8556 8537 8385 8404 
6369 8556 8537 8385 8404 8557 8538 8386 8405 
6370 8557 8538 8386 8405 8558 8539 8387 8406 
6371 8558 8539 8387 8406 8559 8540 8388 8407 
6372 8559 8540 8388 8407 8560 8541 8389 8408 
6373 8560 8541 8389 8408 8561 8542 8390 8409 
6374 8561 8542 8390 8409 8562 8543 8391 8410 
6375 8562 8543 8391 8410 8563 8544 8392 8411 
6376 8563 8544 8392 8411 8564 8545 8393 8412 
6377 8564 8545 8393 8412 8565 8546 8394 8413 
6378 8565 8546 8394 8413 8566 8547 8395 8414 
6379 8566 8547 8395 8414 8567 8548 8396 8415 
6380 8567 8548 8396 8415 3820 3819 3811 3812 
6381 912 911 903 904 8568 8549 8397 8416 
6382 8568 8549 8397 8416 8569 8550 8398 8417 
6383 8569 8550 8398 8417 8570 8551 8399 8418 
6384 8570 8551 8399 8418 8571 8552 8400 8419 
6385 8571 8552 8400 8419 8572 8553 8401 8420 
6386 8572 8553 8401 8420 8573 8554 8402 8421 
6387 8573 8554 8402 8421 8574 8555 8403 8422 
6388 8574 8555 8403 8422 8575 8556 8404 8423 
6389 8575 8556 8404 8423 8576 8557 8405 8424 
6390 8576 8557 8405 8424 8577 8558 8406 8425 
6391 8577 8558 8406 8425 8578 8559 8407 8426 
6392 8578 8559 8407 8426 8579 8560 8408 8427 
6393 8579 8560 8408 8427 8580 8561 8409 8428 
6394 8580 8561 8409 8428 8581 8562 8410 8429 
6395 8581 8562 8410 8429 8582 8563 8411 8430 
6396 8582 8563 8411 8430 8583 8564 8412 8431 
6397 8583 8564 8412 8431 8584 8565 8413 8432 
6398 8584 8565 8413 8432 8585 8566 8414 8433 
6399 8585 8566 8414 8433 8586 8567 8415 8434 
6400 8586 8567 8415 8434 3821 3820 3812 3813 
6401 85 912 904 84 3703 8568 8416 3684 
6402 3703 8568 8416 3684 3704 8569 8417 3685 
6403 3704 8569 8417 3685 3705 8570 8418 3686 
6404 3705 8570 8418 3686 3706 8571 8419 3687 
6405 3706 8571 8419 3687 3707 8572 8420 3688 
6406 3707 8572 8420 3688 3708 8573 8421 3689 
6407 3708 8573 8421 3689 3709 8574 8422 3690 
6408 3709 8574 8422 3690 3710 8575 8423 3691 
6409 3710 8575 8423 3691 3711 8576 8424 3692 
6410 3711 8576 8424 3692 3712 8577 8425 3693 
6411 3712 8577 8425 3693 3713 8578 8426 3694 
6412 3713 8578 8426 3694 3714 8579 8427 3695 
6413 3714 8579 8427 3695 3715 8580 8428 3696 
6414 3715 8580 8428 3696 3716 8581 8429 3697 
6415 3716 8581 8429 3697 3717 8582 8430 3698 
6416 3717 8582 8430 3698 3718 8583 8431 3699 
6417 3718 8583 8431 3699 3719 8584 8432 3700 
6418 3719 8584 8432 3700 3720 8585 8433 3701 
6419 3720 8585 8433 3701 3721 8586 8434 3702 
6420 3721 8586 8434 3702 625 3821 3813 626 
6421 913 69 68 905 8587 2651 2632 8435 
6422 8587 2651 2632 8435 8588 2652 2633 8436 
6423 8588 2652 2633 8436 8589 2653 2634 8437 
6424 8589 2653 2634 8437 8590 2654 2635 8438 
6425 8590 2654 2635 8438 8591 2655 2636 8439 
6426 8591 2655 2636 8439 8592 2656 2637 8440 
6427 8592 2656 2637 8440 8593 2657 2638 8441 
6428 8593 2657 2638 8441 8594 2658 2639 8442 
6429 8594 2658 2639 8442 8595 2659 2640 8443 
6430 8595 2659 2640 8443 8596 2660 2641 8444 
6431 8596 2660 2641 8444 8597 2661 2642 8445 
6432 8597 2661 2642 8445 8598 2662 2643 8446 
6433 8598 2662 2643 8446 8599 2663 2644 8447 
6434 8599 2663 2644 8447 8600 2664 2645 8448 
6435 8600 2664 2645 8448 8601 2665 2646 8449 
6436 8601 2665 2646 8449 8602 2666 2647 8450 
6437 8602 2666 2647 8450 8603 2667 2648 8451 
6438 8603 2667 2648 8451 8604 2668 2649 8452 
6439 8604 2668 2649 8452 8605 2669 2650 8453 
6440 8605 2669 2650 8453 3822 457 458 3814 
6441 914 913 905 906 8606 8587 8435 8454 
6442 8606 8587 8435 8454 8607 8588 8436 8455 
6443 8607 8588 8436 8455 8608 8589 8437 8456 
6444 8608 8589 8437 8456 8609 8590 8438 8457 
6445 8609 8590 8438 8457 8610 8591 8439 8458 
6446 8610 8591 8439 8458 8611 8592 8440 8459 
6447 8611 8592 8440 8459 8612 8593 8441 8460 
6448 8612 8593 8441 8460 8613 8594 8442 8461 
6449 8613 8594 8442 8461 8614 8595 8443 8462 
6450 8614 8595 8443 8462 8615 8596 8444 8463 
6451 8615 8596 8444 8463 8616 8597 8445 8464 
6452 8616 8597 8445 8464 8617 8598 8446 8465 
6453 8617 8598 8446 8465 8618 8599 8447 8466 
6454 8618 8599 8447 8466 8619 8600 8448 8467 
6455 8619 8600 8448 8467 8620 8601 8449 8468 
6456 8620 8601 8449 8468 8621 8602 8450 8469 
6457 8621 8602 8450 8469 8622 8603 8451 8470 
6458 8622 8603 8451 8470 8623 8604 8452 8471 
6459 8623 8604 8452 8471 8624 8605 8453 8472 
6460 8624 8605 8453 8472 3823 3822 3814 3815 
6461 915 914 906 907 8625 8606 8454 8473 
6462 8625 8606 8454 8473 8626 8607 8455 8474 
6463 8626 8607 8455 8474 8627 8608 8456 8475 
6464 8627 8608 8456 8475 8628 8609 8457 8476 
6465 8628 8609 8457 8476 8629 8610 8458 8477 
6466 8629 8610 8458 8477 8630 8611 8459 8478 
6467 8630 8611 8459 8478 8631 8612 8460 8479 
6468 8631 8612 8460 8479 8632 8613 8461 8480 
6469 8632 8613 8461 8480 8633 8614 8462 8481 
6470 8633 8614 8462 8481 8634 8615 8463 8482 
6471 8634 8615 8463 8482 8635 8616 8464 8483 
6472 8635 8616 8464 8483 8636 8617 8465 8484 
6473 8636 8617 8465 8484 8637 8618 8466 8485 
6474 8637 8618 8466 8485 8638 8619 8467 8486 
6475 8638 8619 8467 8486 8639 8620 8468 8487 
6476 8639 8620 8468 8487 8640 8621 8469 8488 
6477 8640 8621 8469 8488 8641 8622 8470 8489 
6478 8641 8622 8470 8489 8642 8623 8471 8490 
6479 8642 8623 8471 8490 8643 8624 8472 8491 
6480 8643 8624 8472 8491 3824 3823 3815 3816 
6481 916 915 907 908 8644 8625 8473 8492 
6482 8644 8625 8473 8492 8645 8626 8474 8493 
6483 8645 8626 8474 8493 8646 8627 8475 8494 
6484 8646 8627 8475 8494 8647 8628 8476 8495 
6485 8647 8628 8476 8495 8648 8629 8477 8496 
6486 8648 8629 8477 8496 8649 8630 8478 8497 
6487 8649 8630 8478 8497 8650 8631 8479 8498 
6488 8650 8631 8479 8498 8651 8632 8480 8499 
6489 8651 8632 8480 8499 8652 8633 8481 8500 
6490 8652 8633 8481 8500 8653 8634 8482 8501 
6491 8653 8634 8482 8501 8654 8635 8483 8502 
6492 8654 8635 8483 8502 8655 8636 8484 8503 
6493 8655 8636 8484 8503 8656 8637 8485 8504 
6494 8656 8637 8485 8504 8657 8638 8486 8505 
6495 8657 8638 8486 8505 8658 8639 8487 8506 
6496 8658 8639 8487 8506 8659 8640 8488 8507 
6497 8659 8640 8488 8507 8660 8641 8489 8508 
6498 8660 8641 8489 8508 8661 8642 8490 8509 
6499 8661 8642 8490 8509 8662 8643 8491 8510 
6500 8662 8643 8491 8510 3825 3824 3816 3817 
6501 917 916 908 909 8663 8644 8492 8511 
6502 8663 8644 8492 8511 8664 8645 8493 8512 
6503 8664 8645 8493 8512 8665 8646 8494 8513 
6504 8665 8646 8494 8513 8666 8647 8495 8514 
6505 8666 8647 8495 8514 8667 8648 8496 8515 
6506 8667 8648 8496 8515 8668 8649 8497 8516 
6507 8668 8649 8497 8516 8669 8650 8498 8517 
6508 8669 8650 8498 8517 8670 8651 8499 8518 
6509 8670 8651 8499 8518 8671 8652 8500 8519 
6510 8671 8652 8500 8519 8672 8653 8501 8520 
6511 8672 8653 8501 8520 8673 8654 8502 8521 
6512 8673 8654 8502 8521 8674 8655 8503 8522 
6513 8674 8655 8503 8522 8675 8656 8504 8523 
6514 8675 8656 8504 8523 8676 8657 8505 8524 
6515 8676 8657 8505 8524 8677 8658 8506 8525 
6516 8677 8658 8506 8525 8678 8659 8507 8526 
6517 8678 8659 8507 8526 8679 8660 8508 8527 
6518 8679 8660 8508 8527 8680 8661 8509 8528 
6519 8680 8661 8509 8528 8681 8662 8510 8529 
6520 8681 8662 8510 8529 3826 3825 3817 3818 
6521 918 917 909 910 8682 8663 8511 8530 
6522 8682 8663 8511 8530 8683 8664 8512 8531 
6523 8683 8664 8512 8531 8684 8665 8513 8532 
6524 8684 8665 8513 8532 8685 8666 8514 8533 
6525 8685 8666 8514 8533 8686 8667 8515 8534 
6526 8686 8667 8515 8534 8687 8668 8516 8535 
6527 8687 8668 8516 8535 8688 8669 8517 8536 
6528 8688 8669 8517 8536 8689 8670 8518 8537 
6529 8689 8670 8518 8537 8690 8671 8519 8538 
6530 8690 8671 8519 8538 8691 8672 8520 8539 
6531 8691 8672 8520 8539 8692 8673 8521 8540 
6532 8692 8673 8521 8540 8693 8674 8522 8541 
6533 8693 8674 8522 8541 8694 8675 8523 8542 
6534 8694 8675 8523 8542 8695 8676 8524 8543 
6535 8695 8676 8524 8543 8696 8677 8525 8544 
6536 8696 8677 8525 8544 8697 8678 8526 8545 
6537 8697 8678 8526 8545 8698 8679 8527 8546 
6538 8698 8679 8527 8546 8699 8680 8528 8547 
6539 8699 8680 8528 8547 8700 8681 8529 8548 
6540 8700 8681 8529 8548 3827 3826 3818 3819 
6541 919 918 910 911 8701 8682 8530 8549 
6542 8701 8682 8530 8549 8702 8683 8531 8550 
6543 8702 8683 8531 8550 8703 8684 8532 8551 
6544 8703 8684 8532 8551 8704 8685 8533 8552 
6545 8704 8685 8533 8552 8705 8686 8534 8553 
6546 8705 8686 8534 8553 8706 8687 8535 8554 
6547 8706 8687 8535 8554 8707 8688 8536 8555 
6548 8707 8688 8536 8555 8708 8689 8537 8556 
6549 8708 8689 8537 8556 8709 8690 8538 8557 
6550 8709 8690 8538 8557 8710 8691 8539 8558 
6551 8710 8691 8539 8558 8711 8692 8540 8559 
6552 8711 8692 8540 8559 8712 8693 8541 8560 
6553 8712 8693 8541 8560 8713 8694 8542 8561 
6554 8713 8694 8542 8561 8714 8695 8543 8562 
6555 8714 8695 8543 8562 8715 8696 8544 8563 
6556 8715 8696 8544 8563 8716 8697 8545 8564 
6557 8716 8697 8545 8564 8717 8698 8546 8565 
6558 8717 8698 8546 8565 8718 8699 8547 8566 
6559 8718 8699 8547 8566 8719 8700 8548 8567 
6560 8719 8700 8548 8567 3828 3827 3819 3820 
6561 920 919 911 912 8720 8701 8549 8568 
6562 8720 8701 8549 8568 8721 8702 8550 8569 
6563 8721 8702 8550 8569 8722 8703 8551 8570 
6564 8722 8703 8551 8570 8723 8704 8552 8571 
6565 8723 8704 8552 8571 8724 8705 8553 8572 
6566 8724 8705 8553 8572 8725 8706 8554 8573 
6567 8725 8706 8554 8573 8726 8707 8555 8574 
6568 8726 8707 8555 8574 8727 8708 8556 8575 
6569 8727 8708 8556 8575 8728 8709 8557 8576 
6570 8728 8709 8557 8576 8729 8710 8558 8577 
6571 8729 8710 8558 8577 8730 8711 8559 8578 
6572 8730 8711 8559 8578 8731 8712 8560 8579 
6573 8731 8712 8560 8579 8732 8713 8561 8580 
6574 8732 8713 8561 8580 8733 8714 8562 8581 
6575 8733 8714 8562 8581 8734 8715 8563 8582 
6576 8734 8715 8563 8582 8735 8716 8564 8583 
6577 8735 8716 8564 8583 8736 8717 8565 8584 
6578 8736 8717 8565 8584 8737 8718 8566 8585 
6579 8737 8718 8566 8585 8738 8719 8567 8586 
6580 8738 8719 8567 8586 3829 3828 3820 3821 
6581 86 920 912 85 3722 8720 8568 3703 
6582 3722 8720 8568 3703 3723 8721 8569 3704 
6583 3723 8721 8569 3704 3724 8722 8570 3705 
6584 3724 8722 8570 3705 3725 8723 8571 3706 
6585 3725 8723 8571 3706 3726 8724 8572 3707 
6586 3726 8724 8572 3707 3727 8725 8573 3708 
6587 3727 8725 8573 3708 3728 8726 8574 3709 
6588 3728 8726 8574 3709 3729 8727 8575 3710 
6589 3729 8727 8575 3710 3730 8728 8576 3711 
6590 3730 8728 8576 3711 3731 8729 8577 3712 
6591 3731 8729 8577 3712 3732 8730 8578 3713 
6592 3732 8730 8578 3713 3733 8731 8579 3714 
6593 3733 8731 8579 3714 3734 8732 8580 3715 
6594 3734 8732 8580 3715 3735 8733 8581 3716 
6595 3735 8733 8581 3716 3736 8734 8582 3717 
6596 3736 8734 8582 3717 3737 8735 8583 3718 
6597 3737 8735 8583 3718 3738 8736 8584 3719 
6598 3738 8736 8584 3719 3739 8737 8585 3720 
6599 3739 8737 8585 3720 3740 8738 8586 3721 
6600 3740 8738 8586 3721 624 3829 3821 625 
6601 921 70 69 913 8739 2670 2651 8587 
6602 8739 2670 2651 8587 8740 2671 2652 8588 
6603 8740 2671 2652 8588 8741 2672 2653 8589 
6604 8741 2672 2653 8589 8742 2673 2654 8590 
6605 8742 2673 2654 8590 8743 2674 2655 8591 
6606 8743 2674 2655 8591 8744 2675 2656 8592 
6607 8744 2675 2656 8592 8745 2676 2657 8593 
6608 8745 2676 2657 8593 8746 2677 2658 8594 
6609 8746 2677 2658 8594 8747 2678 2659 8595 
6610 8747 2678 2659 8595 8748 2679 2660 8596 
6611 8748 2679 2660 8596 8749 2680 2661 8597 
6612 8749 2680 2661 8597 8750 2681 2662 8598 
6613 8750 2681 2662 8598 8751 2682 2663 8599 
6614 8751 2682 2663 8599 8752 2683 2664 8600 
6615 8752 2683 2664 8600 8753 2684 2665 8601 
6616 8753 2684 2665 8601 8754 2685 2666 8602 
6617 8754 2685 2666 8602 8755 2686 2667 8603 
6618 8755 2686 2667 8603 8756 2687 2668 8604 
6619 8756 2687 2668 8604 8757 2688 2669 8605 
6620 8757 2688 2669 8605 3830 456 457 3822 
6621 922 921 913 914 8758 8739 8587 8606 
6622 8758 8739 8587 8606 8759 8740 8588 8607 
6623 8759 8740 8588 8607 8760 8741 8589 8608 
6624 8760 8741 8589 8608 8761 8742 8590 8609 
6625 8761 8742 8590 8609 8762 8743 8591 8610 
6626 8762 8743 8591 8610 8763 8744 8592 8611 
6627 8763 8744 8592 8611 8764 8745 8593 8612 
6628 8764 8745 8593 8612 8765 8746 8594 8613 
6629 8765 8746 8594 8613 8766 8747 8595 8614 
6630 8766 8747 8595 8614 8767 8748 8596 8615 
6631 8767 8748 8596 8615 8768 8749 8597 8616 
6632 8768 8749 8597 8616 8769 8750 8598 8617 
6633 8769 8750 8598 8617 8770 8751 8599 8618 
6634 8770 8751 8599 8618 8771 8752 8600 8619 
6635 8771 8752 8600 8619 8772 8753 8601 8620 
6636 8772 8753 8601 8620 8773 8754 8602 8621 
6637 8773 8754 8602 8621 8774 8755 8603 8622 
6638 8774 8755 8603 8622 8775 8756 8604 8623 
6639 8775 8756 8604 8623 8776 8757 8605 8624 
6640 8776 8757 8605 8624 3831 3830 3822 3823 
6641 923 922 914 915 8777 8758 8606 8625 
6642 8777 8758 8606 8625 8778 8759 8607 8626 
6643 8778 8759 8607 8626 8779 8760 8608 8627 
6644 8779 8760 8608 8627 8780 8761 8609 8628 
6645 8780 8761 8609 8628 8781 8762 8610 8629 
6646 8781 8762 8610 8629 8782 8763 8611 8630 
6647 8782 8763 8611 8630 8783 8764 8612 8631 
6648 8783 8764 8612 8631 8784 8765 8613 8632 
6649 8784 8765 8613 8632 8785 8766 8614 8633 
6650 8785 8766 8614 8633 8786 8767 8615 8634 
6651 8786 8767 8615 8634 8787 8768 8616 8635 
6652 8787 8768 8616 8635 8788 8769 8617 8636 
6653 8788 8769 8617 8636 8789 8770 8618 8637 
6654 8789 8770 8618 8637 8790 8771 8619 8638 
6655 8790 8771 8619 8638 8791 8772 8620 8639 
6656 8791 8772 8620 8639 8792 8773 8621 8640 
6657 8792 8773 8621 8640 8793 8774 8622 8641 
6658 8793 8774 8622 8641 8794 8775 8623 8642 
6659 8794 8775 8623 8642 8795 8776 8624 8643 
6660 8795 8776 8624 8643 3832 3831 3823 3824 
6661 924 923 915 916 8796 8777 8625 8644 
6662 8796 8777 8625 8644 8797 8778 8626 8645 
6663 8797 8778 8626 8645 8798 8779 8627 8646 
6664 8798 8779 8627 8646 8799 8780 8628 8647 
6665 8799 8780 8628 8647 8800 8781 8629 8648 
6666 8800 8781 8629 8648 8801 8782 8630 8649 
6667 8801 8782 8630 8649 8802 8783 8631 8650 
6668 8802 8783 8631 8650 8803 8784 8632 8651 
6669 8803 8784 8632 8651 8804 8785 8633 8652 
6670 8804 8785 8633 8652 8805 8786 8634 8653 
6671 8805 8786 8634 8653 8806 8787 8635 8654 
6672 8806 8787 8635 8654 8807 8788 8636 8655 
6673 8807 8788 8636 8655 8808 8789 8637 8656 
6674 8808 8789 8637 8656 8809 8790 8638 8657 
6675 8809 8790 8638 8657 8810 8791 8639 8658 
6676 8810 8791 8639 8658 8811 8792 8640 8659 
6677 8811 8792 8640 8659 8812 8793 8641 8660 
6678 8812 8793 8641 8660 8813 8794 8642 8661 
6679 8813 8794 8642 8661 8814 8795 8643 8662 
6680 8814 8795 8643 8662 3833 3832 3824 3825 
6681 925 924 916 917 8815 8796 8644 8663 
6682 8815 8796 8644 8663 8816 8797 8645 8664 
6683 8816 8797 8645 8664 8817 8798 8646 8665 
6684 8817 8798 8646 8665 8818 8799 8647 8666 
6685 8818 8799 8647 8666 8819 8800 8648 8667 
6686 8819 8800 8648 8667 8820 8801 8649 8668 
6687 8820 8801 8649 8668 8821 8802 8650 8669 
6688 8821 8802 8650 8669 8822 8803 8651 8670 
6689 8822 8803 8651 8670 8823 8804 8652 8671 
6690 8823 8804 8652 8671 8824 8805 8653 8672 
6691 8824 8805 8653 8672 8825 8806 8654 8673 
6692 8825 8806 8654 8673 8826 8807 8655 8674 
6693 8826 8807 8655 8674 8827 8808 8656 8675 
6694 8827 8808 8656 8675 8828 8809 8657 8676 
6695 8828 8809 8657 8676 8829 8810 8658 8677 
6696 8829 8810 8658 8677 8830 8811 8659 8678 
6697 8830 8811 8659 8678 8831 8812 8660 8679 
6698 8831 8812 8660 8679 8832 8813 8661 8680 
6699 8832 8813 8661 8680 8833 8814 8662 8681 
6700 8833 8814 8662 8681 3834 3833 3825 3826 
6701 926 925 917 918 8834 8815 8663 8682 
6702 8834 8815 8663 8682 8835 8816 8664 8683 
6703 8835 8816 8664 8683 8836 8817 8665 8684 
6704 8836 8817 8665 8684 8837 8818 8666 8685 
6705 8837 8818 8666 8685 8838 8819 8667 8686 
6706 8838 8819 8667 8686 8839 8820 8668 8687 
6707 8839 8820 8668 8687 8840 8821 8669 8688 
6708 8840 8821 8669 8688 8841 8822 8670 8689 
6709 8841 8822 8670 8689 8842 8823 8671 8690 
6710 8842 8823 8671 8690 8843 8824 8672 8691 
6711 8843 8824 8672 8691 8844 8825 8673 8692 
6712 8844 8825 8673 8692 8845 8826 8674 8693 
6713 8845 8826 8674 8693 8846 8827 8675 8694 
6714 8846 8827 8675 8694 8847 8828 8676 8695 
6715 8847 8828 8676 8695 8848 8829 8677 8696 
6716 8848 8829 8677 8696 8849 8830 8678 8697 
6717 8849 8830 8678 8697 8850 8831 8679 8698 
6718 8850 8831 8679 8698 8851 8832 8680 8699 
6719 8851 8832 8680 8699 8852 8833 8681 8700 
6720 8852 8833 8681 8700 3835 3834 3826 3827 
6721 927 926 918 919 8853 8834 8682 8701 
6722 8853 8834 8682 8701 8854 8835 8683 8702 
6723 8854 8835 8683 8702 8855 8836 8684 8703 
6724 8855 8836 8684 8703 8856 8837 8685 8704 
6725 8856 8837 8685 8704 8857 8838 8686 8705 
6726 8857 8838 8686 8705 8858 8839 8687 8706 
6727 8858 8839 8687 8706 8859 8840 8688 8707 
6728 8859 8840 8688 8707 8860 8841 8689 8708 
6729 8860 8841 8689 8708 8861 8842 8690 8709 
6730 8861 8842 8690 8709 8862 8843 8691 8710 
6731 8862 8843 8691 8710 8863 8844 8692 8711 
6732 8863 8844 8692 8711 8864 8845 8693 8712 
6733 8864 8845 8693 8712 8865 8846 8694 8713 
6734 8865 8846 8694 8713 8866 8847 8695 8714 
6735 8866 8847 8695 8714 8867 8848 8696 8715 
6736 8867 8848 8696 8715 8868 8849 8697 8716 
6737 8868 8849 8697 8716 8869 8850 8698 8717 
6738 8869 8850 8698 8717 8870 8851 8699 8718 
6739 8870 8851 8699 8718 8871 8852 8700 8719 
6740 8871 8852 8700 8719 3836 3835 3827 3828 
6741 928 927 919 920 8872 8853 8701 8720 
6742 8872 8853 8701 8720 8873 8854 8702 8721 
6743 8873 8854 8702 8721 8874 8855 8703 8722 
6744 8874 8855 8703 8722 8875 8856 8704 8723 
6745 8875 8856 8704 8723 8876 8857 8705 8724 
6746 8876 8857 8705 8724 8877 8858 8706 8725 
6747 8877 8858 8706 8725 8878 8859 8707 8726 
6748 8878 8859 8707 8726 8879 8860 8708 8727 
6749 8879 8860 8708 8727 8880 8861 8709 8728 
6750 8880 8861 8709 8728 8881 8862 8710 8729 
6751 8881 8862 8710 8729 8882 8863 8711 8730 
6752 8882 8863 8711 8730 8883 8864 8712 8731 
6753 8883 8864 8712 8731 8884 8865 8713 8732 
6754 8884 8865 8713 8732 8885 8866 8714 8733 
6755 8885 8866 8714 8733 8886 8867 8715 8734 
6756 8886 8867 8715 8734 8887 8868 8716 8735 
6757 8887 8868 8716 8735 8888 8869 8717 8736 
6758 8888 8869 8717 8736 8889 8870 8718 8737 
6759 8889 8870 8718 8737 8890 8871 8719 8738 
6760 8890 8871 8719 8738 3837 3836 3828 3829 
6761 87 928 920 86 3741 8872 8720 3722 
6762 3741 8872 8720 3722 3742 8873 8721 3723 
6763 3742 8873 8721 3723 3743 8874 8722 3724 
6764 3743 8874 8722 3724 3744 8875 8723 3725 
6765 3744 8875 8723 3725 3745 8876 8724 3726 
6766 3745 8876 8724 3726 3746 8877 8725 3727 
6767 3746 8877 8725 3727 3747 8878 8726 3728 
6768 3747 8878 8726 3728 3748 8879 8727 3729 
6769 3748 8879 8727 3729 3749 8880 8728 3730 
6770 3749 8880 8728 3730 3750 8881 8729 3731 
6771 3750 8881 8729 3731 3751 8882 8730 3732 
6772 3751 8882 8730 3732 3752 8883 8731 3733 
6773 3752 8883 8731 3733 3753 8884 8732 3734 
6774 3753 8884 8732 3734 3754 8885 8733 3735 
6775 3754 8885 8733 3735 3755 8886 8734 3736 
6776 3755 8886 8734 3736 3756 8887 8735 3737 
6777 3756 8887 8735 3737 3757 8888 8736 3738 
6778 3757 8888 8736 3738 3758 8889 8737 3739 
6779 3758 8889 8737 3739 3759 8890 8738 3740 
6780 3759 8890 8738 3740 623 3837 3829 624 
6781 929 71 70 921 8891 2689 2670 8739 
6782 8891 2689 2670 8739 8892 2690 2671 8740 
6783 8892 2690 2671 8740 8893 2691 2672 8741 
6784 8893 2691 2672 8741 8894 2692 2673 8742 
6785 8894 2692 2673 8742 8895 2693 2674 8743 
6786 8895 2693 2674 8743 8896 2694 2675 8744 
6787 8896 2694 2675 8744 8897 2695 2676 8745 
6788 8897 2695 2676 8745 8898 2696 2677 8746 
6789 8898 2696 2677 8746 8899 2697 2678 8747 
6790 8899 2697 2678 8747 8900 2698 2679 8748 
6791 8900 2698 2679 8748 8901 2699 2680 8749 
6792 8901 2699 2680 8749 8902 2700 2681 8750 
6793 8902 2700 2681 8750 8903 2701 2682 8751 
6794 8903 2701 2682 8751 8904 2702 2683 8752 
6795 8904 2702 2683 8752 8905 2703 2684 8753 
6796 8905 2703 2684 8753 8906 2704 2685 8754 
6797 8906 2704 2685 8754 8907 2705 2686 8755 
6798 8907 2705 2686 8755 8908 2706 2687 8756 
6799 8908 2706 2687 8756 8909 2707 2688 8757 
6800 8909 2707 2688 8757 3838 455 456 3830 
6801 930 929 921 922 8910 8891 8739 8758 
6802 8910 8891 8739 8758 8911 8892 8740 8759 
6803 8911 8892 8740 8759 8912 8893 8741 8760 
6804 8912 8893 8741 8760 8913 8894 8742 8761 
6805 8913 8894 8742 8761 8914 8895 8743 8762 
6806 8914 8895 8743 8762 8915 8896 8744 8763 
6807 8915 8896 8744 8763 8916 8897 8745 8764 
6808 8916 8897 8745 8764 8917 8898 8746 8765 
6809 8917 8898 8746 8765 8918 8899 8747 8766 
6810 8918 8899 8747 8766 8919 8900 8748 8767 
6811 8919 8900 8748 8767 8920 8901 8749 8768 
6812 8920 8901 8749 8768 8921 8902 8750 8769 
6813 8921 8902 8750 8769 8922 8903 8751 8770 
6814 8922 8903 8751 8770 8923 8904 8752 8771 
6815 8923 8904 8752 8771 8924 8905 8753 8772 
6816 8924 8905 8753 8772 8925 8906 8754 8773 
6817 8925 8906 8754 8773 8926 8907 8755 8774 
6818 8926 8907 8755 8774 8927 8908 8756 8775 
6819 8927 8908 8756 8775 8928 8909 8757 8776 
6820 8928 8909 8757 8776 3839 3838 3830 3831 
6821 931 930 922 923 8929 8910 8758 8777 
6822 8929 8910 8758 8777 8930 8911 8759 8778 
6823 8930 8911 8759 8778 8931 8912 8760 8779 
6824 8931 8912 8760 8779 8932 8913 8761 8780 
6825 8932 8913 8761 8780 8933 8914 8762 8781 
6826 8933 8914 8762 8781 8934 8915 8763 8782 
6827 8934 8915 8763 8782 8935 8916 8764 8783 
6828 8935 8916 8764 8783 8936 8917 8765 8784 
6829 8936 8917 8765 8784 8937 8918 8766 8785 
6830 8937 8918 8766 8785 8938 8919 8767 8786 
6831 8938 8919 8767 8786 8939 8920 8768 8787 
6832 8939 8920 8768 8787 8940 8921 8769 8788 
6833 8940 8921 8769 8788 8941 8922 8770 8789 
6834 8941 8922 8770 8789 8942 8923 8771 8790 
6835 8942 8923 8771 8790 8943 8924 8772 8791 
6836 8943 8924 8772 8791 8944 8925 8773 8792 
6837 8944 8925 8773 8792 8945 8926 8774 8793 
6838 8945 8926 8774 8793 8946 8927 8775 8794 
6839 8946 8927 8775 8794 8947 8928 8776 8795 
6840 8947 8928 8776 8795 3840 3839 3831 3832 
6841 932 931 923 924 8948 8929 8777 8796 
6842 8948 8929 8777 8796 8949 8930 8778 8797 
6843 8949 8930 8778 8797 8950 8931 8779 8798 
6844 8950 8931 8779 8798 8951 8932 8780 8799 
6845 8951 8932 8780 8799 8952 8933 8781 8800 
6846 8952 8933 8781 8800 8953 8934 8782 8801 
6847 8953 8934 8782 8801 8954 8935 8783 8802 
6848 8954 8935 8783 8802 8955 8936 8784 8803 
6849 8955 8936 8784 8803 8956 8937 8785 8804 
6850 8956 8937 8785 8804 8957 8938 8786 8805 
6851 8957 8938 8786 8805 8958 8939 8787 8806 
6852 8958 8939 8787 8806 8959 8940 8788 8807 
6853 8959 8940 8788 8807 8960 8941 8789 8808 
6854 8960 8941 8789 8808 8961 8942 8790 8809 
6855 8961 8942 8790 8809 8962 8943 8791 8810 
6856 8962 8943 8791 8810 8963 8944 8792 8811 
6857 8963 8944 8792 8811 8964 8945 8793 8812 
6858 8964 8945 8793 8812 8965 8946 8794 8813 
6859 8965 8946 8794 8813 8966 8947 8795 8814 
6860 8966 8947 8795 8814 3841 3840 3832 3833 
6861 933 932 924 925 8967 8948 8796 8815 
6862 8967 8948 8796 8815 8968 8949 8797 8816 
6863 8968 8949 8797 8816 8969 8950 8798 8817 
6864 8969 8950 8798 8817 8970 8951 8799 8818 
6865 8970 8951 8799 8818 8971 8952 8800 8819 
6866 8971 8952 8800 8819 8972 8953 8801 8820 
6867 8972 8953 8801 8820 8973 8954 8802 8821 
6868 8973 8954 8802 8821 8974 8955 8803 8822 
6869 8974 8955 8803 8822 8975 8956 8804 8823 
6870 8975 8956 8804 8823 8976 8957 8805 8824 
6871 8976 8957 8805 8824 8977 8958 8806 8825 
6872 8977 8958 8806 8825 8978 8959 8807 8826 
6873 8978 8959 8807 8826 8979 8960 8808 8827 
6874 8979 8960 8808 8827 8980 8961 8809 8828 
6875 8980 8961 8809 8828 8981 8962 8810 8829 
6876 8981 8962 8810 8829 8982 8963 8811 8830 
6877 8982 8963 8811 8830 8983 8964 8812 8831 
6878 8983 8964 8812 8831 8984 8965 8813 8832 
6879 8984 8965 8813 8832 8985 8966 8814 8833 
6880 8985 8966 8814 8833 3842 3841 3833 3834 
6881 934 933 925 926 8986 8967 8815 8834 
6882 8986 8967 8815 8834 8987 8968 8816 8835 
6883 8987 8968 8816 8835 8988 8969 8817 8836 
6884 8988 8969 8817 8836 8989 8970 8818 8837 
6885 8989 8970 8818 8837 8990 8971 8819 8838 
6886 8990 8971 8819 8838 8991 8972 8820 8839 
6887 8991 8972 8820 8839 8992 8973 8821 8840 
6888 8992 8973 8821 8840 8993 8974 8822 8841 
6889 8993 8974 8822 8841 8994 8975 8823 8842 
6890 8994 8975 8823 8842 8995 8976 8824 8843 
6891 8995 8976 8824 8843 8996 8977 8825 8844 
6892 8996 8977 8825 8844 8997 8978 8826 8845 
6893 8997 8978 8826 8845 8998 8979 8827 8846 
6894 8998 8979 8827 8846 8999 8980 8828 8847 
6895 8999 8980 8828 8847 9000 8981 8829 8848 
6896 9000 8981 8829 8848 9001 8982 8830 8849 
6897 9001 8982 8830 8849 9002 8983 8831 8850 
6898 9002 8983 8831 8850 9003 8984 8832 8851 
6899 9003 8984 8832 8851 9004 8985 8833 8852 
6900 9004 8985 8833 8852 3843 3842 3834 3835 
6901 935 934 926 927 9005 8986 8834 8853 
6902 9005 8986 8834 8853 9006 8987 8835 8854 
6903 9006 8987 8835 8854 9007 8988 8836 8855 
6904 9007 8988 8836 8855 9008 8989 8837 8856 
6905 9008 8989 8837 8856 9009 8990 8838 8857 
6906 9009 8990 8838 8857 9010 8991 8839 8858 
6907 9010 8991 8839 8858 9011 8992 8840 8859 
6908 9011 8992 8840 8859 9012 8993 8841 8860 
6909 9012 8993 8841 8860 9013 8994 8842 8861 
6910 9013 8994 8842 8861 9014 8995 8843 8862 
6911 9014 8995 8843 8862 9015 8996 8844 8863 
6912 9015 8996 8844 8863 9016 8997 8845 8864 
6913 9016 8997 8845 8864 9017 8998 8846 8865 
6914 9017 8998 8846 8865 9018 8999 8847 8866 
6915 9018 8999 8847 8866 9019 9000 8848 8867 
6916 9019 9000 8848 8867 9020 9001 8849 8868 
6917 9020 9001 8849 8868 9021 9002 8850 8869 
6918 9021 9002 8850 8869 9022 9003 8851 8870 
6919 9022 9003 8851 8870 9023 9004 8852 8871 
6920 9023 9004 8852 8871 3844 3843 3835 3836 
6921 936 935 927 928 9024 9005 8853 8872 
6922 9024 9005 8853 8872 9025 9006 8854 8873 
6923 9025 9006 8854 8873 9026 9007 8855 8874 
6924 9026 9007 8855 8874 9027 9008 8856 8875 
6925 9027 9008 8856 8875 9028 9009 8857 8876 
6926 9028 9009 8857 8876 9029 9010 8858 8877 
6927 9029 9010 8858 8877 9030 9011 8859 8878 
6928 9030 9011 8859 8878 9031 9012 8860 8879 
6929 9031 9012 8860 8879 9032 9013 8861 8880 
6930 9032 9013 8861 8880 9033 9014 8862 8881 
6931 9033 9014 8862 8881 9034 9015 8863 8882 
6932 9034 9015 8863 8882 9035 9016 8864 8883 
6933 9035 9016 8864 8883 9036 9017 8865 8884 
6934 9036 9017 8865 8884 9037 9018 8866 8885 
6935 9037 9018 8866 8885 9038 9019 8867 8886 
6936 9038 9019 8867 8886 9039 9020 8868 8887 
6937 9039 9020 8868 8887 9040 9021 8869 8888 
6938 9040 9021 8869 8888 9041 9022 8870 8889 
6939 9041 9022 8870 8889 9042 9023 8871 8890 
6940 9042 9023 8871 8890 3845 3844 3836 3837 
6941 88 936 928 87 3760 9024 8872 3741 
6942 3760 9024 8872 3741 3761 9025 8873 3742 
6943 3761 9025 8873 3742 3762 9026 8874 3743 
6944 3762 9026 8874 3743 3763 9027 8875 3744 
6945 3763 9027 8875 3744 3764 9028 8876 3745 
6946 3764 9028 8876 3745 3765 9029 8877 3746 
6947 3765 9029 8877 3746 3766 9030 8878 3747 
6948 3766 9030 8878 3747 3767 9031 8879 3748 
6949 3767 9031 8879 3748 3768 9032 8880 3749 
6950 3768 9032 8880 3749 3769 9033 8881 3750 
6951 3769 9033 8881 3750 3770 9034 8882 3751 
6952 3770 9034 8882 3751 3771 9035 8883 3752 
6953 3771 9035 8883 3752 3772 9036 8884 3753 
6954 3772 9036 8884 3753 3773 9037 8885 3754 
6955 3773 9037 8885 3754 3774 9038 8886 3755 
6956 3774 9038 8886 3755 3775 9039 8887 3756 
6957 3775 9039 8887 3756 3776 9040 8888 3757 
6958 3776 9040 8888 3757 3777 9041 8889 3758 
6959 3777 9041 8889 3758 3778 9042 8890 3759 
6960 3778 9042 8890 3759 622 3845 3837 623 
6961 937 72 71 929 9043 2708 2689 8891 
6962 9043 2708 2689 8891 9044 2709 2690 8892 
6963 9044 2709 2690 8892 9045 2710 2691 8893 
6964 9045 2710 2691 8893 9046 2711 2692 8894 
6965 9046 2711 2692 8894 9047 2712 2693 8895 
6966 9047 2712 2693 8895 9048 2713 2694 8896 
6967 9048 2713 2694 8896 9049 2714 2695 8897 
6968 9049 2714 2695 8897 9050 2715 2696 8898 
6969 9050 2715 2696 8898 9051 2716 2697 8899 
6970 9051 2716 2697 8899 9052 2717 2698 8900 
6971 9052 2717 2698 8900 9053 2718 2699 8901 
6972 9053 2718 2699 8901 9054 2719 2700 8902 
6973 9054 2719 2700 8902 9055 2720 2701 8903 
6974 9055 2720 2701 8903 9056 2721 2702 8904 
6975 9056 2721 2702 8904 9057 2722 2703 8905 
6976 9057 2722 2703 8905 9058 2723 2704 8906 
6977 9058 2723 2704 8906 9059 2724 2705 8907 
6978 9059 2724 2705 8907 9060 2725 2706 8908 
6979 9060 2725 2706 8908 9061 2726 2707 8909 
6980 9061 2726 2707 8909 3846 454 455 3838 
6981 938 937 929 930 9062 9043 8891 8910 
6982 9062 9043 8891 8910 9063 9044 8892 8911 
6983 9063 9044 8892 8911 9064 9045 8893 8912 
6984 9064 9045 8893 8912 9065 9046 8894 8913 
6985 9065 9046 8894 8913 9066 9047 8895 8914 
6986 9066 9047 8895 8914 9067 9048 8896 8915 
6987 9067 9048 8896 8915 9068 9049 8897 8916 
6988 9068 9049 8897 8916 9069 9050 8898 8917 
6989 9069 9050 8898 8917 9070 9051 8899 8918 
6990 9070 9051 8899 8918 9071 9052 8900 8919 
6991 9071 9052 8900 8919 9072 9053 8901 8920 
6992 9072 9053 8901 8920 9073 9054 8902 8921 
6993 9073 9054 8902 8921 9074 9055 8903 8922 
6994 9074 9055 8903 8922 9075 9056 8904 8923 
6995 9075 9056 8904 8923 9076 9057 8905 8924 
6996 9076 9057 8905 8924 9077 9058 8906 8925 
6997 9077 9058 8906 8925 9078 9059 8907 8926 
6998 9078 9059 8907 8926 9079 9060 8908 8927 
6999 9079 9060 8908 8927 9080 9061 8909 8928 
7000 9080 9061 8909 8928 3847 3846 3838 3839 
7001 939 938 930 931 9081 9062 8910 8929 
7002 9081 9062 8910 8929 9082 9063 8911 8930 
7003 9082 9063 8911 8930 9083 9064 8912 8931 
7004 9083 9064 8912 8931 9084 9065 8913 8932 
7005 9084 9065 8913 8932 9085 9066 8914 8933 
7006 9085 9066 8914 8933 9086 9067 8915 8934 
7007 9086 9067 8915 8934 9087 9068 8916 8935 
7008 9087 9068 8916 8935 9088 9069 8917 8936 
7009 9088 9069 8917 8936 9089 9070 8918 8937 
7010 9089 9070 8918 8937 9090 9071 8919 8938 
7011 9090 9071 8919 8938 9091 9072 8920 8939 
7012 9091 9072 8920 8939 9092 9073 8921 8940 
7013 9092 9073 8921 8940 9093 9074 8922 8941 
7014 9093 9074 8922 8941 9094 9075 8923 8942 
7015 9094 9075 8923 8942 9095 9076 8924 8943 
7016 9095 9076 8924 8943 9096 9077 8925 8944 
7017 9096 9077 8925 8944 9097 9078 8926 8945 
7018 9097 9078 8926 8945 9098 9079 8927 8946 
7019 9098 9079 8927 8946 9099 9080 8928 8947 
7020 9099 9080 8928 8947 3848 3847 3839 3840 
7021 940 939 931 932 9100 9081 8929 8948 
7022 9100 9081 8929 8948 9101 9082 8930 8949 
7023 9101 9082 8930 8949 9102 9083 8931 8950 
7024 9102 9083 8931 8950 9103 9084 8932 8951 
7025 9103 9084 8932 8951 9104 9085 8933 8952 
7026 9104 9085 8933 8952 9105 9086 8934 8953 
7027 9105 9086 8934 8953 9106 9087 8935 8954 
7028 9106 9087 8935 8954 9107 9088 8936 8955 
7029 9107 9088 8936 8955 9108 9089 8937 8956 
7030 9108 9089 8937 8956 9109 9090 8938 8957 
7031 9109 9090 8938 8957 9110 9091 8939 8958 
7032 9110 9091 8939 8958 9111 9092 8940 8959 
7033 9111 9092 8940 8959 9112 9093 8941 8960 
7034 9112 9093 8941 8960 9113 9094 8942 8961 
7035 9113 9094 8942 8961 9114 9095 8943 8962 
7036 9114 9095 8943 8962 9115 9096 8944 8963 
7037 9115 9096 8944 8963 9116 9097 8945 8964 
7038 9116 9097 8945 8964 9117 9098 8946 8965 
7039 9117 9098 8946 8965 9118 9099 8947 8966 
7040 9118 9099 8947 8966 3849 3848 3840 3841 
7041 941 940 932 933 9119 9100 8948 8967 
7042 9119 9100 8948 8967 9120 9101 8949 8968 
7043 9120 9101 8949 8968 9121 9102 8950 8969 
7044 9121 9102 8950 8969 9122 9103 8951 8970 
7045 9122 9103 8951 8970 9123 9104 8952 8971 
7046 9123 9104 8952 8971 9124 9105 8953 8972 
7047 9124 9105 8953 8972 9125 9106 8954 8973 
7048 9125 9106 8954 8973 9126 9107 8955 8974 
7049 9126 9107 8955 8974 9127 9108 8956 8975 
7050 9127 9108 8956 8975 9128 9109 8957 8976 
7051 9128 9109 8957 8976 9129 9110 8958 8977 
7052 9129 9110 8958 8977 9130 9111 8959 8978 
7053 9130 9111 8959 8978 9131 9112 8960 8979 
7054 9131 9112 8960 8979 9132 9113 8961 8980 
7055 9132 9113 8961 8980 9133 9114 8962 8981 
7056 9133 9114 8962 8981 9134 9115 8963 8982 
7057 9134 9115 8963 8982 9135 9116 8964 8983 
7058 9135 9116 8964 8983 9136 9117 8965 8984 
7059 9136 9117 8965 8984 9137 9118 8966 8985 
7060 9137 9118 8966 8985 3850 3849 3841 3842 
7061 942 941 933 934 9138 9119 8967 8986 
7062 9138 9119 8967 8986 9139 9120 8968 8987 
7063 9139 9120 8968 8987 9140 9121 8969 8988 
7064 9140 9121 8969 8988 9141 9122 8970 8989 
7065 9141 9122 8970 8989 9142 9123 8971 8990 
7066 9142 9123 8971 8990 9143 9124 8972 8991 
7067 9143 9124 8972 8991 9144 9125 8973 8992 
7068 9144 9125 8973 8992 9145 9126 8974 8993 
7069 9145 9126 8974 8993 9146 9127 8975 8994 
7070 9146 9127 8975 8994 9147 9128 8976 8995 
7071 9147 9128 8976 8995 9148 9129 8977 8996 
7072 9148 9129 8977 8996 9149 9130 8978 8997 
7073 9149 9130 8978 8997 9150 9131 8979 8998 
7074 9150 9131 8979 8998 9151 9132 8980 8999 
7075 9151 9132 8980 8999 9152 9133 8981 9000 
7076 9152 9133 8981 9000 9153 9134 8982 9001 
7077 9153 9134 8982 9001 9154 9135 8983 9002 
7078 9154 9135 8983 9002 9155 9136 8984 9003 
7079 9155 9136 8984 9003 9156 9137 8985 9004 
7080 9156 9137 8985 9004 3851 3850 3842 3843 
7081 943 942 934 935 9157 9138 8986 9005 
7082 9157 9138 8986 9005 9158 9139 8987 9006 
7083 9158 9139 8987 9006 9159 9140 8988 9007 
7084 9159 9140 8988 9007 9160 9141 8989 9008 
7085 9160 9141 8989 9008 9161 9142 8990 9009 
7086 9161 9142 8990 9009 9162 9143 8991 9010 
7087 9162 9143 8991 9010 9163 9144 8992 9011 
7088 9163 9144 8992 9011 9164 9145 8993 9012 
7089 9164 9145 8993 9012 9165 9146 8994 9013 
7090 9165 9146 8994 9013 9166 9147 8995 9014 
7091 9166 9147 8995 9014 9167 9148 8996 9015 
7092 9167 9148 8996 9015 9168 9149 8997 9016 
7093 9168 9149 8997 9016 9169 9150 8998 9017 
7094 9169 9150 8998 9017 9170 9151 8999 9018 
7095 9170 9151 8999 9018 9171 9152 9000 9019 
7096 9171 9152 9000 9019 9172 9153 9001 9020 
7097 9172 9153 9001 9020 9173 9154 9002 9021 
7098 9173 9154 9002 9021 9174 9155 9003 9022 
7099 9174 9155 9003 9022 9175 9156 9004 9023 
7100 9175 9156 9004 9023 3852 3851 3843 3844 
7101 944 943 935 936 9176 9157 9005 9024 
7102 9176 9157 9005 9024 9177 9158 9006 9025 
7103 9177 9158 9006 9025 9178 9159 9007 9026 
7104 9178 9159 9007 9026 9179 9160 9008 9027 
7105 9179 9160 9008 9027 9180 9161 9009 9028 
7106 9180 9161 9009 9028 9181 9162 9010 9029 
7107 9181 9162 9010 9029 9182 9163 9011 9030 
7108 9182 9163 9011 9030 9183 9164 9012 9031 
7109 9183 9164 9012 9031 9184 9165 9013 9032 
7110 9184 9165 9013 9032 9185 9166 9014 9033 
7111 9185 9166 9014 9033 9186 9167 9015 9034 
7112 9186 9167 9015 9034 9187 9168 9016 9035 
7113 9187 9168 9016 9035 9188 9169 9017 9036 
7114 9188 9169 9017 9036 9189 9170 9018 9037 
7115 9189 9170 9018 9037 9190 9171 9019 9038 
7116 9190 9171 9019 9038 9191 9172 9020 9039 
7117 9191 9172 9020 9039 9192 9173 9021 9040 
7118 9192 9173 9021 9040 9193 9174 9022 9041 
7119 9193 9174 9022 9041 9194 9175 9023 9042 
7120 9194 9175 9023 9042 3853 3852 3844 3845 
7121 89 944 936 88 3779 9176 9024 3760 
7122 3779 9176 9024 3760 3780 9177 9025 3761 
7123 3780 9177 9025 3761 3781 9178 9026 3762 
7124 3781 9178 9026 3762 3782 9179 9027 3763 
7125 3782 9179 9027 3763 3783 9180 9028 3764 
7126 3783 9180 9028 3764 3784 9181 9029 3765 
7127 3784 9181 9029 3765 3785 9182 9030 3766 
7128 3785 9182 9030 3766 3786 9183 9031 3767 
7129 3786 9183 9031 3767 3787 9184 9032 3768 
7130 3787 9184 9032 3768 3788 9185 9033 3769 
7131 3788 9185 9033 3769 3789 9186 9034 3770 
7132 3789 9186 9034 3770 3790 9187 9035 3771 
7133 3790 9187 9035 3771 3791 9188 9036 3772 
7134 3791 9188 9036 3772 3792 9189 9037 3773 
7135 3792 9189 9037 3773 3793 9190 9038 3774 
7136 3793 9190 9038 3774 3794 9191 9039 3775 
7137 3794 9191 9039 3775 3795 9192 9040 3776 
7138 3795 9192 9040 3776 3796 9193 9041 3777 
7139 3796 9193 9041 3777 3797 9194 9042 3778 
7140 3797 9194 9042 3778 621 3853 3845 622 
7141 171 9 72 937 3513 461 2708 9043 
7142 3513 461 2708 9043 3514 462 2709 9044 
7143 3514 462 2709 9044 3515 463 2710 9045 
7144 3515 463 2710 9045 3516 464 2711 9046 
7145 3516 464 2711 9046 3517 465 2712 9047 
7146 3517 465 2712 9047 3518 466 2713 9048 
7147 3518 466 2713 9048 3519 467 2714 9049 
7148 3519 467 2714 9049 3520 468 2715 9050 
7149 3520 468 2715 9050 3521 469 2716 9051 
7150 3521 469 2716 9051 3522 470 2717 9052 
7151 3522 470 2717 9052 3523 471 2718 9053 
7152 3523 471 2718 9053 3524 472 2719 9054 
7153 3524 472 2719 9054 3525 473 2720 9055 
7154 3525 473 2720 9055 3526 474 2721 9056 
7155 3526 474 2721 9056 3527 475 2722 9057 
7156 3527 475 2722 9057 3528 476 2723 9058 
7157 3528 476 2723 9058 3529 477 2724 9059 
7158 3529 477 2724 9059 3530 478 2725 9060 
7159 3530 478 2725 9060 3531 479 2726 9061 
7160 3531 479 2726 9061 613 29 454 3846 
7161 172 171 937 938 3532 3513 9043 9062 
7162 3532 3513 9043 9062 3533 3514 9044 9063 
7163 3533 3514 9044 9063 3534 3515 9045 9064 
7164 3534 3515 9045 9064 3535 3516 9046 9065 
7165 3535 3516 9046 9065 3536 3517 9047 9066 
7166 3536 3517 9047 9066 3537 3518 9048 9067 
7167 3537 3518 9048 9067 3538 3519 9049 9068 
7168 3538 3519 9049 9068 3539 3520 9050 9069 
7169 3539 3520 9050 9069 3540 3521 9051 9070 
7170 3540 3521 9051 9070 3541 3522 9052 9071 
7171 3541 3522 9052 9071 3542 3523 9053 9072 
7172 3542 3523 9053 9072 3543 3524 9054 9073 
7173 3543 3524 9054 9073 3544 3525 9055 9074 
7174 3544 3525 9055 9074 3545 3526 9056 9075 
7175 3545 3526 9056 9075 3546 3527 9057 9076 
7176 3546 3527 9057 9076 3547 3528 9058 9077 
7177 3547 3528 9058 9077 3548 3529 9059 9078 
7178 3548 3529 9059 9078 3549 3530 9060 9079 
7179 3549 3530 9060 9079 3550 3531 9061 9080 
7180 3550 3531 9061 9080 614 613 3846 3847 
7181 173 172 938 939 3551 3532 9062 9081 
7182 3551 3532 9062 9081 3552 3533 9063 9082 
7183 3552 3533 9063 9082 3553 3534 9064 9083 
7184 3553 3534 9064 9083 3554 3535 9065 9084 
7185 3554 3535 9065 9084 3555 3536 9066 9085 
7186 3555 3536 9066 9085 3556 3537 9067 9086 
7187 3556 3537 9067 9086 3557 3538 9068 9087 
7188 3557 3538 9068 9087 3558 3539 9069 9088 
7189 3558 3539 9069 9088 3559 3540 9070 9089 
7190 3559 3540 9070 9089 3560 3541 9071 9090 
7191 3560 3541 9071 9090 3561 3542 9072 9091 
7192 3561 3542 9072 9091 3562 3543 9073 9092 
7193 3562 3543 9073 9092 3563 3544 9074 9093 
7194 3563 3544 9074 9093 3564 3545 9075 9094 
7195 3564 3545 9075 9094 3565 3546 9076 9095 
7196 3565 3546 9076 9095 3566 3547 9077 9096 
7197 3566 3547 9077 9096 3567 3548 9078 9097 
7198 3567 3548 9078 9097 3568 3549 9079 9098 
7199 3568 3549 9079 9098 3569 3550 9080 9099 
7200 3569 3550 9080 9099 615 614 3847 3848 
7201 174 173 939 940 3570 3551 9081 9100 
7202 3570 3551 9081 9100 3571 3552 9082 9101 
7203 3571 3552 9082 9101 3572 3553 9083 9102 
7204 3572 3553 9083 9102 3573 3554 9084 9103 
7205 3573 3554 9084 9103 3574 3555 9085 9104 
7206 3574 3555 9085 9104 3575 3556 9086 9105 
7207 3575 3556 9086 9105 3576 3557 9087 9106 
7208 3576 3557 9087 9106 3577 3558 9088 9107 
7209 3577 3558 9088 9107 3578 3559 9089 9108 
7210 3578 3559 9089 9108 3579 3560 9090 9109 
7211 3579 3560 9090 9109 3580 3561 9091 9110 
7212 3580 3561 9091 9110 3581 3562 9092 9111 
7213 3581 3562 9092 9111 3582 3563 9093 9112 
7214 3582 3563 9093 9112 3583 3564 9094 9113 
7215 3583 3564 9094 9113 3584 3565 9095 9114 
7216 3584 3565 9095 9114 3585 3566 9096 9115 
7217 3585 3566 9096 9115 3586 3567 9097 9116 
7218 3586 3567 9097 9116 3587 3568 9098 9117 
7219 3587 3568 9098 9117 3588 3569 9099 9118 
7220 3588 3569 9099 9118 616 615 3848 3849 
7221 175 174 940 941 3589 3570 9100 9119 
7222 3589 3570 9100 9119 3590 3571 9101 9120 
7223 3590 3571 9101 9120 3591 3572 9102 9121 
7224 3591 3572 9102 9121 3592 3573 9103 9122 
7225 3592 3573 9103 9122 3593 3574 9104 9123 
7226 3593 3574 9104 9123 3594 3575 9105 9124 
7227 3594 3575 9105 9124 3595 3576 9106 9125 
7228 3595 3576 9106 9125 3596 3577 9107 9126 
7229 3596 3577 9107 9126 3597 3578 9108 9127 
7230 3597 3578 9108 9127 3598 3579 9109 9128 
7231 3598 3579 9109 9128 3599 3580 9110 9129 
7232 3599 3580 9110 9129 3600 3581 9111 9130 
7233 3600 3581 9111 9130 3601 3582 9112 9131 
7234 3601 3582 9112 9131 3602 3583 9113 9132 
7235 3602 3583 9113 9132 3603 3584 9114 9133 
7236 3603 3584 9114 9133 3604 3585 9115 9134 
7237 3604 3585 9115 9134 3605 3586 9116 9135 
7238 3605 3586 9116 9135 3606 3587 9117 9136 
7239 3606 3587 9117 9136 3607 3588 9118 9137 
7240 3607 3588 9118 9137 617 616 3849 3850 
7241 176 175 941 942 3608 3589 9119 9138 
7242 3608 3589 9119 9138 3609 3590 9120 9139 
7243 3609 3590 9120 9139 3610 3591 9121 9140 
7244 3610 3591 9121 9140 3611 3592 9122 9141 
7245 3611 3592 9122 9141 3612 3593 9123 9142 
7246 3612 3593 9123 9142 3613 3594 9124 9143 
7247 3613 3594 9124 9143 3614 3595 9125 9144 
7248 3614 3595 9125 9144 3615 3596 9126 9145 
7249 3615 3596 9126 9145 3616 3597 9127 9146 
7250 3616 3597 9127 9146 3617 3598 9128 9147 
7251 3617 3598 9128 9147 3618 3599 9129 9148 
7252 3618 3599 9129 9148 3619 3600 9130 9149 
7253 3619 3600 9130 9149 3620 3601 9131 9150 
7254 3620 3601 9131 9150 3621 3602 9132 9151 
7255 3621 3602 9132 9151 3622 3603 9133 9152 
7256 3622 3603 9133 9152 3623 3604 9134 9153 
7257 3623 3604 9134 9153 3624 3605 9135 9154 
7258 3624 3605 9135 9154 3625 3606 9136 9155 
7259 3625 3606 9136 9155 3626 3607 9137 9156 
7260 3626 3607 9137 9156 618 617 3850 3851 
7261 177 176 942 943 3627 3608 9138 9157 
7262 3627 3608 9138 9157 3628 3609 9139 9158 
7263 3628 3609 9139 9158 3629 3610 9140 9159 
7264 3629 3610 9140 9159 3630 3611 9141 9160 
7265 3630 3611 9141 9160 3631 3612 9142 9161 
7266 3631 3612 9142 9161 3632 3613 9143 9162 
7267 3632 3613 9143 9162 3633 3614 9144 9163 
7268 3633 3614 9144 9163 3634 3615 9145 9164 
7269 3634 3615 9145 9164 3635 3616 9146 9165 
7270 3635 3616 9146 9165 3636 3617 9147 9166 
7271 3636 3617 9147 9166 3637 3618 9148 9167 
7272 3637 3618 9148 9167 3638 3619 9149 9168 
7273 3638 3619 9149 9168 3639 3620 9150 9169 
7274 3639 3620 9150 9169 3640 3621 9151 9170 
7275 3640 3621 9151 9170 3641 3622 9152 9171 
7276 3641 3622 9152 9171 3642 3623 9153 9172 
7277 3642 3623 9153 9172 3643 3624 9154 9173 
7278 3643 3624 9154 9173 3644 3625 9155 9174 
7279 3644 3625 9155 9174 3645 3626 9156 9175 
7280 3645 3626 9156 9175 619 618 3851 3852 
7281 178 177 943 944 3646 3627 9157 9176 
7282 3646 3627 9157 9176 3647 3628 9158 9177 
7283 3647 3628 9158 9177 3648 3629 9159 9178 
7284 3648 3629 9159 9178 3649 3630 9160 9179 
7285 3649 3630 9160 9179 3650 3631 9161 9180 
7286 3650 3631 9161 9180 3651 3632 9162 9181 
7287 3651 3632 9162 9181 3652 3633 9163 9182 
7288 3652 3633 9163 9182 3653 3634 9164 9183 
7289 3653 3634 9164 9183 3654 3635 9165 9184 
7290 3654 3635 9165 9184 3655 3636 9166 9185 
7291 3655 3636 9166 9185 3656 3637 9167 9186 
7292 3656 3637 9167 9186 3657 3638 9168 9187 
7293 3657 3638 9168 9187 3658 3639 9169 9188 
7294 3658 3639 9169 9188 3659 3640 9170 9189 
7295 3659 3640 9170 9189 3660 3641 9171 9190 
7296 3660 3641 9171 9190 3661 3642 9172 9191 
7297 3661 3642 9172 9191 3662 3643 9173 9192 
7298 3662 3643 9173 9192 3663 3644 9174 9193 
7299 3663 3644 9174 9193 3664 3645 9175 9194 
7300 3664 3645 9175 9194 620 619 3852 3853 
7301 13 178 944 89 628 3646 9176 3779 
7302 628 3646 9176 3779 629 3647 9177 3780 
7303 629 3647 9177 3780 630 3648 9178 3781 
7304 630 3648 9178 3781 631 3649 9179 3782 
7305 631 3649 9179 3782 632 3650 9180 3783 
7306 632 3650 9180 3783 633 3651 9181 3784 
7307 633 3651 9181 3784 634 3652 9182 3785 
7308 634 3652 9182 3785 635 3653 9183 3786 
7309 635 3653 9183 3786 636 3654 9184 3787 
7310 636 3654 9184 3787 637 3655 9185 3788 
7311 637 3655 9185 3788 638 3656 9186 3789 
7312 638 3656 9186 3789 639 3657 9187 3790 
7313 639 3657 9187 3790 640 3658 9188 3791 
7314 640 3658 9188 3791 641 3659 9189 3792 
7315 641 3659 9189 3792 642 3660 9190 3793 
7316 642 3660 9190 3793 643 3661 9191 3794 
7317 643 3661 9191 3794 644 3662 9192 3795 
7318 644 3662 9192 3795 645 3663 9193 3796 
7319 645 3663 9193 3796 646 3664 9194 3797 
7320 646 3664 9194 3797 35 620 3853 621 
3 9 5 1080
7321 945 73 9 171 9195 2874 461 3513 
7322 9195 2874 461 3513 9196 2875 462 3514 
7323 9196 2875 462 3514 9197 2876 463 3515 
7324 9197 2876 463 3515 9198 2877 464 3516 
7325 9198 2877 464 3516 9199 2878 465 3517 
7326 9199 2878 465 3517 9200 2879 466 3518 
7327 9200 2879 466 3518 9201 2880 467 3519 
7328 9201 2880 467 3519 9202 2881 468 3520 
7329 9202 2881 468 3520 9203 2882 469 3521 
7330 9203 2882 469 3521 9204 2883 470 3522 
7331 9204 2883 470 3522 9205 2884 471 3523 
7332 9205 2884 471 3523 9206 2885 472 3524 
7333 9206 2885 472 3524 9207 2886 473 3525 
7334 9207 2886 473 3525 9208 2887 474 3526 
7335 9208 2887 474 3526 9209 2888 475 3527 
7336 9209 2888 475 3527 9210 2889 476 3528 
7337 9210 2889 476 3528 9211 2890 477 3529 
7338 9211 2890 477 3529 9212 2891 478 3530 
7339 9212 2891 478 3530 9213 2892 479 3531 
7340 9213 2892 479 3531 4101 491 29 613 
7341 946 945 171 172 9214 9195 3513 3532 
7342 9214 9195 3513 3532 9215 9196 3514 3533 
7343 9215 9196 3514 3533 9216 9197 3515 3534 
7344 9216 9197 3515 3534 9217 9198 3516 3535 
7345 9217 9198 3516 3535 9218 9199 3517 3536 
7346 9218 9199 3517 3536 9219 9200 3518 3537 
7347 9219 9200 3518 3537 9220 9201 3519 3538 
7348 9220 9201 3519 3538 9221 9202 3520 3539 
7349 9221 9202 3520 3539 9222 9203 3521 3540 
7350 9222 9203 3521 3540 9223 9204 3522 3541 
7351 9223 9204 3522 3541 9224 9205 3523 3542 
7352 9224 9205 3523 3542 9225 9206 3524 3543 
7353 9225 9206 3524 3543 9226 9207 3525 3544 
7354 9226 9207 3525 3544 9227 9208 3526 3545 
7355 9227 9208 3526 3545 9228 9209 3527 3546 
7356 9228 9209 3527 3546 9229 9210 3528 3547 
7357 9229 9210 3528 3547 9230 9211 3529 3548 
7358 9230 9211 3529 3548 9231 9212 3530 3549 
7359 9231 9212 3530 3549 9232 9213 3531 3550 
7360 9232 9213 3531 3550 4102 4101 613 614 
7361 947 946 172 173 9233 9214 3532 3551 
7362 9233 9214 3532 3551 9234 9215 3533 3552 
7363 9234 9215 3533 3552 9235 9216 3534 3553 
7364 9235 9216 3534 3553 9236 9217 3535 3554 
7365 9236 9217 3535 3554 9237 9218 3536 3555 
7366 9237 9218 3536 3555 9238 9219 3537 3556 
7367 9238 9219 3537 3556 9239 9220 3538 3557 
7368 9239 9220 3538 3557 9240 9221 3539 3558 
7369 9240 9221 3539 3558 9241 9222 3540 3559 
7370 9241 9222 3540 3559 9242 9223 3541 3560 
7371 9242 9223 3541 3560 9243 9224 3542 3561 
7372 9243 9224 3542 3561 9244 9225 3543 3562 
7373 9244 9225 3543 3562 9245 9226 3544 3563 
7374 9245 9226 3544 3563 9246 9227 3545 3564 
7375 9246 9227 3545 3564 9247 9228 3546 3565 
7376 9247 9228 3546 3565 9248 9229 3547 3566 
7377 9248 9229 3547 3566 9249 9230 3548 3567 
7378 9249 9230 3548 3567 9250 9231 3549 3568 
7379 9250 9231 3549 3568 9251 9232 3550 3569 
7380 9251 9232 3550 3569 4103 4102 614 615 
7381 948 947 173 174 9252 9233 3551 3570 
7382 9252 9233 3551 3570 9253 9234 3552 3571 
7383 9253 9234 3552 3571 9254 9235 3553 3572 
7384 9254 9235 3553 3572 9255 9236 3554 3573 
7385 9255 9236 3554 3573 9256 9237 3555 3574 
7386 9256 9237 3555 3574 9257 9238 3556 3575 
7387 9257 9238 3556 3575 9258 9239 3557 3576 
7388 9258 9239 3557 3576 9259 9240 3558 3577 
7389 9259 9240 3558 3577 9260 9241 3559 3578 
7390 9260 9241 3559 3578 9261 9242 3560 3579 
7391 9261 9242 3560 3579 9262 9243 3561 3580 
7392 9262 9243 3561 3580 9263 9244 3562 3581 
7393 9263 9244 3562 3581 9264 9245 3563 3582 
7394 9264 9245 3563 3582 9265 9246 3564 3583 
7395 9265 9246 3564 3583 9266 9247 3565 3584 
7396 9266 9247 3565 3584 9267 9248 3566 3585 
7397 9267 9248 3566 3585 9268 9249 3567 3586 
7398 9268 9249 3567 3586 9269 9250 3568 3587 
7399 9269 9250 3568 3587 9270 9251 3569 3588 
7400 9270 9251 3569 3588 4104 4103 615 616 
7401 949 948 174 175 9271 9252 3570 3589 
7402 9271 9252 3570 3589 9272 9253 3571 3590 
7403 9272 9253 3571 3590 9273 9254 3572 3591 
7404 9273 9254 3572 3591 9274 9255 3573 3592 
7405 9274 9255 3573 3592 9275 9256 3574 3593 
7406 9275 9256 3574 3593 9276 9257 3575 3594 
7407 9276 9257 3575 3594 9277 9258 3576 3595 
7408 9277 9258 3576 3595 9278 9259 3577 3596 
7409 9278 9259 3577 3596 9279 9260 3578 3597 
7410 9279 9260 3578 3597 9280 9261 3579 3598 
7411 9280 9261 3579 3598 9281 9262 3580 3599 
7412 9281 9262 3580 3599 9282 9263 3581 3600 
7413 9282 9263 3581 3600 9283 9264 3582 3601 
7414 9283 9264 3582 3601 9284 9265 3583 3602 
7415 9284 9265 3583 3602 9285 9266 3584 3603 
7416 9285 9266 3584 3603 9286 9267 3585 3604 
7417 9286 9267 3585 3604 9287 9268 3586 3605 
7418 9287 9268 3586 3605 9288 9269 3587 3606 
7419 9288 9269 3587 3606 9289 9270 3588 3607 
7420 9289 9270 3588 3607 4105 4104 616 617 
7421 950 949 175 176 9290 9271 3589 3608 
7422 9290 9271 3589 3608 9291 9272 3590 3609 
7423 9291 9272 3590 3609 9292 9273 3591 3610 
7424 9292 9273 3591 3610 9293 9274 3592 3611 
7425 9293 9274 3592 3611 9294 9275 3593 3612 
7426 9294 9275 3593 3612 9295 9276 3594 3613 
7427 9295 9276 3594 3613 9296 9277 3595 3614 
7428 9296 9277 3595 3614 9297 9278 3596 3615 
7429 9297 9278 3596 3615 9298 9279 3597 3616 
7430 9298 9279 3597 3616 9299 9280 3598 3617 
7431 9299 9280 3598 3617 9300 9281 3599 3618 
7432 9300 9281 3599 3618 9301 9282 3600 3619 
7433 9301 9282 3600 3619 9302 9283 3601 3620 
7434 9302 9283 3601 3620 9303 9284 3602 3621 
7435 9303 9284 3602 3621 9304 9285 3603 3622 
7436 9304 9285 3603 3622 9305 9286 3604 3623 
7437 9305 9286 3604 3623 9306 9287 3605 3624 
7438 9306 9287 3605 3624 9307 9288 3606 3625 
7439 9307 9288 3606 3625 9308 9289 3607 3626 
7440 9308 9289 3607 3626 4106 4105 617 618 
7441 951 950 176 177 9309 9290 3608 3627 
7442 9309 9290 3608 3627 9310 9291 3609 3628 
7443 9310 9291 3609 3628 9311 9292 3610 3629 
7444 9311 9292 3610 3629 9312 9293 3611 3630 
7445 9312 9293 3611 3630 9313 9294 3612 3631 
7446 9313 9294 3612 3631 9314 9295 3613 3632 
7447 9314 9295 3613 3632 9315 9296 3614 3633 
7448 9315 9296 3614 3633 9316 9297 3615 3634 
7449 9316 9297 3615 3634 9317 9298 3616 3635 
7450 9317 9298 3616 3635 9318 9299 3617 3636 
7451 9318 9299 3617 3636 9319 9300 3618 3637 
7452 9319 9300 3618 3637 9320 9301 3619 3638 
7453 9320 9301 3619 3638 9321 9302 3620 3639 
7454 9321 9302 3620 3639 9322 9303 3621 3640 
7455 9322 9303 3621 3640 9323 9304 3622 3641 
7456 9323 9304 3622 3641 9324 9305 3623 3642 
7457 9324 9305 3623 3642 9325 9306 3624 3643 
7458 9325 9306 3624 3643 9326 9307 3625 3644 
7459 9326 9307 3625 3644 9327 9308 3626 3645 
7460 9327 9308 3626 3645 4107 4106 618 619 
7461 952 951 177 178 9328 9309 3627 3646 
7462 9328 9309 3627 3646 9329 9310 3628 3647 
7463 9329 9310 3628 3647 9330 9311 3629 3648 
7464 9330 9311 3629 3648 9331 9312 3630 3649 
7465 9331 9312 3630 3649 9332 9313 3631 3650 
7466 9332 9313 3631 3650 9333 9314 3632 3651 
7467 9333 9314 3632 3651 9334 9315 3633 3652 
7468 9334 9315 3633 3652 9335 9316 3634 3653 
7469 9335 9316 3634 3653 9336 9317 3635 3654 
7470 9336 9317 3635 3654 9337 9318 3636 3655 
7471 9337 9318 3636 3655 9338 9319 3637 3656 
7472 9338 9319 3637 3656 9339 9320 3638 3657 
7473 9339 9320 3638 3657 9340 9321 3639 3658 
7474 9340 9321 3639 3658 9341 9322 3640 3659 
7475 9341 9322 3640 3659 9342 9323 3641 3660 
7476 9342 9323 3641 3660 9343 9324 3642 3661 
7477 9343 9324 3642 3661 9344 9325 3643 3662 
7478 9344 9325 3643 3662 9345 9326 3644 3663 
7479 9345 9326 3644 3663 9346 9327 3645 3664 
7480 9346 9327 3645 3664 4108 4107 619 620 
7481 90 952 178 13 4006 9328 3646 628 
7482 4006 9328 3646 628 4007 9329 3647 629 
7483 4007 9329 3647 629 4008 9330 3648 630 
7484 4008 9330 3648 630 4009 9331 3649 631 
7485 4009 9331 3649 631 4010 9332 3650 632 
7486 4010 9332 3650 632 4011 9333 3651 633 
7487 4011 9333 3651 633 4012 9334 3652 634 
7488 4012 9334 3652 634 4013 9335 3653 635 
7489 4013 9335 3653 635 4014 9336 3654 636 
7490 4014 9336 3654 636 4015 9337 3655 637 
7491 4015 9337 3655 637 4016 9338 3656 638 
7492 4016 9338 3656 638 4017 9339 3657 639 
7493 4017 9339 3657 639 4018 9340 3658 640 
7494 4018 9340 3658 640 4019 9341 3659 641 
7495 4019 9341 3659 641 4020 9342 3660 642 
7496 4020 9342 3660 642 4021 9343 3661 643 
7497 4021 9343 3661 643 4022 9344 3662 644 
7498 4022 9344 3662 644 4023 9345 3663 645 
7499 4023 9345 3663 645 4024 9346 3664 646 
7500 4024 9346 3664 646 659 4108 620 35 
7501 953 74 73 945 9347 2893 2874 9195 
7502 9347 2893 2874 9195 9348 2894 2875 9196 
7503 9348 2894 2875 9196 9349 2895 2876 9197 
7504 9349 2895 2876 9197 9350 2896 2877 9198 
7505 9350 2896 2877 9198 9351 2897 2878 9199 
7506 9351 2897 2878 9199 9352 2898 2879 9200 
7507 9352 2898 2879 9200 9353 2899 2880 9201 
7508 9353 2899 2880 9201 9354 2900 2881 9202 
7509 9354 2900 2881 9202 9355 2901 2882 9203 
7510 9355 2901 2882 9203 9356 2902 2883 9204 
7511 9356 2902 2883 9204 9357 2903 2884 9205 
7512 9357 2903 2884 9205 9358 2904 2885 9206 
7513 9358 2904 2885 9206 9359 2905 2886 9207 
7514 9359 2905 2886 9207 9360 2906 2887 9208 
7515 9360 2906 2887 9208 9361 2907 2888 9209 
7516 9361 2907 2888 9209 9362 2908 2889 9210 
7517 9362 2908 2889 9210 9363 2909 2890 9211 
7518 9363 2909 2890 9211 9364 2910 2891 9212 
7519 9364 2910 2891 9212 9365 2911 2892 9213 
7520 9365 2911 2892 9213 4109 490 491 4101 
7521 954 953 945 946 9366 9347 9195 9214 
7522 9366 9347 9195 9214 9367 9348 9196 9215 
7523 9367 9348 9196 9215 9368 9349 9197 9216 
7524 9368 9349 9197 9216 9369 9350 9198 9217 
7525 9369 9350 9198 9217 9370 9351 9199 9218 
7526 9370 9351 9199 9218 9371 9352 9200 9219 
7527 9371 9352 9200 9219 9372 9353 9201 9220 
7528 9372 9353 9201 9220 9373 9354 9202 9221 
7529 9373 9354 9202 9221 9374 9355 9203 9222 
7530 9374 9355 9203 9222 9375 9356 9204 9223 
7531 9375 9356 9204 9223 9376 9357 9205 9224 
7532 9376 9357 9205 9224 9377 9358 9206 9225 
7533 9377 9358 9206 9225 9378 9359 9207 9226 
7534 9378 9359 9207 9226 9379 9360 9208 9227 
7535 9379 9360 9208 9227 9380 9361 9209 9228 
7536 9380 9361 9209 9228 9381 9362 9210 9229 
7537 9381 9362 9210 9229 9382 9363 9211 9230 
7538 9382 9363 9211 9230 9383 9364 9212 9231 
7539 9383 9364 9212 9231 9384 9365 9213 9232 
7540 9384 9365 9213 9232 4110 4109 4101 4102 
7541 955 954 946 947 9385 9366 9214 9233 
7542 9385 9366 9214 9233 9386 9367 9215 9234 
7543 9386 9367 9215 9234 9387 9368 9216 9235 
7544 9387 9368 9216 9235 9388 9369 9217 9236 
7545 9388 9369 9217 9236 9389 9370 9218 9237 
7546 9389 9370 9218 9237 9390 9371 9219 9238 
7547 9390 9371 9219 9238 9391 9372 9220 9239 
7548 9391 9372 9220 9239 9392 9373 9221 9240 
7549 9392 9373 9221 9240 9393 9374 9222 9241 
7550 9393 9374 9222 9241 9394 9375 9223 9242 
7551 9394 9375 9223 9242 9395 9376 9224 9243 
7552 9395 9376 9224 9243 9396 9377 9225 9244 
7553 9396 9377 9225 9244 9397 9378 9226 9245 
7554 9397 9378 9226 9245 9398 9379 9227 9246 
7555 9398 9379 9227 9246 9399 9380 9228 9247 
7556 9399 9380 9228 9247 9400 9381 9229 9248 
7557 9400 9381 9229 9248 9401 9382 9230 9249 
7558 9401 9382 9230 9249 9402 9383 9231 9250 
7559 9402 9383 9231 9250 9403 9384 9232 9251 
7560 9403 9384 9232 9251 4111 4110 4102 4103 
7561 956 955 947 948 9404 9385 9233 9252 
7562 9404 9385 9233 9252 9405 9386 9234 9253 
7563 9405 9386 9234 9253 9406 9387 9235 9254 
7564 9406 9387 9235 9254 9407 9388 9236 9255 
7565 9407 9388 9236 9255 9408 9389 9237 9256 
7566 9408 9389 9237 9256 9409 9390 9238 9257 
7567 9409 9390 9238 9257 9410 9391 9239 9258 
7568 9410 9391 9239 9258 9411 9392 9240 9259 
7569 9411 9392 9240 9259 9412 9393 9241 9260 
7570 9412 9393 9241 9260 9413 9394 9242 9261 
7571 9413 9394 9242 9261 9414 9395 9243 9262 
7572 9414 9395 9243 9262 9415 9396 9244 9263 
7573 9415 9396 9244 9263 9416 9397 9245 9264 
7574 9416 9397 9245 9264 9417 9398 9246 9265 
7575 9417 9398 9246 9265 9418 9399 9247 9266 
7576 9418 9399 9247 9266 9419 9400 9248 9267 
7577 9419 9400 9248 9267 9420 9401 9249 9268 
7578 9420 9401 9249 9268 9421 9402 9250 9269 
7579 9421 9402 9250 9269 9422 9403 9251 9270 
7580 9422 9403 9251 9270 4112 4111 4103 4104 
7581 957 956 948 949 9423 9404 9252 9271 
7582 9423 9404 9252 9271 9424 9405 9253 9272 
7583 9424 9405 9253 9272 9425 9406 9254 9273 
7584 9425 9406 9254 9273 9426 9407 9255 9274 
7585 9426 9407 9255 9274 9427 9408 9256 9275 
7586 9427 9408 9256 9275 9428 9409 9257 9276 
7587 9428 9409 9257 9276 9429 9410 9258 9277 
7588 9429 9410 9258 9277 9430 9411 9259 9278 
7589 9430 9411 9259 9278 9431 9412 9260 9279 
7590 9431 9412 9260 9279 9432 9413 9261 9280 
7591 9432 9413 9261 9280 9433 9414 9262 9281 
7592 9433 9414 9262 9281 9434 9415 9263 9282 
7593 9434 9415 9263 9282 9435 9416 9264 9283 
7594 9435 9416 9264 9283 9436 9417 9265 9284 
7595 9436 9417 9265 9284 9437 9418 9266 9285 
7596 9437 9418 9266 9285 9438 9419 9267 9286 
7597 9438 9419 9267 9286 9439 9420 9268 9287 
7598 9439 9420 9268 9287 9440 9421 9269 9288 
7599 9440 9421 9269 9288 9441 9422 9270 9289 
7600 9441 9422 9270 9289 4113 4112 4104 4105 
7601 958 957 949 950 9442 9423 9271 9290 
7602 9442 9423 9271 9290 9443 9424 9272 9291 
7603 9443 9424 9272 9291 9444 9425 9273 9292 
7604 9444 9425 9273 9292 9445 9426 9274 9293 
7605 9445 9426 9274 9293 9446 9427 9275 9294 
7606 9446 9427 9275 9294 9447 9428 9276 9295 
7607 9447 9428 9276 9295 9448 9429 9277 9296 
7608 9448 9429 9277 9296 9449 9430 9278 9297 
7609 9449 9430 9278 9297 9450 9431 9279 9298 
7610 9450 9431 9279 9298 9451 9432 9280 9299 
7611 9451 9432 9280 9299 9452 9433 9281 9300 
7612 9452 9433 9281 9300 9453 9434 9282 9301 
7613 9453 9434 9282 9301 9454 9435 9283 9302 
7614 9454 9435 9283 9302 9455 9436 9284 9303 
7615 9455 9436 9284 9303 9456 9437 9285 9304 
7616 9456 9437 9285 9304 9457 9438 9286 9305 
7617 9457 9438 9286 9305 9458 9439 9287 9306 
7618 9458 9439 9287 9306 9459 9440 9288 9307 
7619 9459 9440 9288 9307 9460 9441 9289 9308 
7620 9460 9441 9289 9308 4114 4113 4105 4106 
7621 959 958 950 951 9461 9442 9290 9309 
7622 9461 9442 9290 9309 9462 9443 9291 9310 
7623 9462 9443 9291 9310 9463 9444 9292 9311 
7624 9463 9444 9292 9311 9464 9445 9293 9312 
7625 9464 9445 9293 9312 9465 9446 9294 9313 
7626 9465 9446 9294 9313 9466 9447 9295 9314 
7627 9466 9447 9295 9314 9467 9448 9296 9315 
7628 9467 9448 9296 9315 9468 9449 9297 9316 
7629 9468 9449 9297 9316 9469 9450 9298 9317 
7630 9469 9450 9298 9317 9470 9451 9299 9318 
7631 9470 9451 9299 9318 9471 9452 9300 9319 
7632 9471 9452 9300 9319 9472 9453 9301 9320 
7633 9472 9453 9301 9320 9473 9454 9302 9321 
7634 9473 9454 9302 9321 9474 9455 9303 9322 
7635 9474 9455 9303 9322 9475 9456 9304 9323 
7636 9475 9456 9304 9323 9476 9457 9305 9324 
7637 9476 9457 9305 9324 9477 9458 9306 9325 
7638 9477 9458 9306 9325 9478 9459 9307 9326 
7639 9478 9459 9307 9326 9479 9460 9308 9327 
7640 9479 9460 9308 9327 4115 4114 4106 4107 
7641 960 959 951 952 9480 9461 9309 9328 
7642 9480 9461 9309 9328 9481 9462 9310 9329 
7643 9481 9462 9310 9329 9482 9463 9311 9330 
7644 9482 9463 9311 9330 9483 9464 9312 9331 
7645 9483 9464 9312 9331 9484 9465 9313 9332 
7646 9484 9465 9313 9332 9485 9466 9314 9333 
7647 9485 9466 9314 9333 9486 9467 9315 9334 
7648 9486 9467 9315 9334 9487 9468 9316 9335 
7649 9487 9468 9316 9335 9488 9469 9317 9336 
7650 9488 9469 9317 9336 9489 9470 9318 9337 
7651 9489 9470 9318 9337 9490 9471 9319 9338 
7652 9490 9471 9319 9338 9491 9472 9320 9339 
7653 9491 9472 9320 9339 9492 9473 9321 9340 
7654 9492 9473 9321 9340 9493 9474 9322 9341 
7655 9493 9474 9322 9341 9494 9475 9323 9342 
7656 9494 9475 9323 9342 9495 9476 9324 9343 
7657 9495 9476 9324 9343 9496 9477 9325 9344 
7658 9496 9477 9325 9344 9497 9478 9326 9345 
7659 9497 9478 9326 9345 9498 9479 9327 9346 
7660 9498 9479 9327 9346 4116 4115 4107 4108 
7661 91 960 952 90 4025 9480 9328 4006 
7662 4025 9480 9328 4006 4026 9481 9329 4007 
7663 4026 9481 9329 4007 4027 9482 9330 4008 
7664 4027 9482 9330 4008 4028 9483 9331 4009 
7665 4028 9483 9331 4009 4029 9484 9332 4010 
7666 4029 9484 9332 4010 4030 9485 9333 4011 
7667 4030 9485 9333 4011 4031 9486 9334 4012 
7668 4031 9486 9334 4012 4032 9487 9335 4013 
7669 4032 9487 9335 4013 4033 9488 9336 4014 
7670 4033 9488 9336 4014 4034 9489 9337 4015 
7671 4034 9489 9337 4015 4035 9490 9338 4016 
7672 4035 9490 9338 4016 4036 9491 9339 4017 
7673 4036 9491 9339 4017 4037 9492 9340 4018 
7674 4037 9492 9340 4018 4038 9493 9341 4019 
7675 4038 9493 9341 4019 4039 9494 9342 4020 
7676 4039 9494 9342 4020 4040 9495 9343 4021 
7677 4040 9495 9343 4021 4041 9496 9344 4022 
7678 4041 9496 9344 4022 4042 9497 9345 4023 
7679 4042 9497 9345 4023 4043 9498 9346 4024 
7680 4043 9498 9346 4024 658 4116 4108 659 
7681 961 75 74 953 9499 2912 2893 9347 
7682 9499 2912 2893 9347 9500 2913 2894 9348 
7683 9500 2913 2894 9348 9501 2914 2895 9349 
7684 9501 2914 2895 9349 9502 2915 2896 9350 
7685 9502 2915 2896 9350 9503 2916 2897 9351 
7686 9503 2916 2897 9351 9504 2917 2898 9352 
7687 9504 2917 2898 9352 9505 2918 2899 9353 
7688 9505 2918 2899 9353 9506 2919 2900 9354 
7689 9506 2919 2900 9354 9507 2920 2901 9355 
7690 9507 2920 2901 9355 9508 2921 2902 9356 
7691 9508 2921 2902 9356 9509 2922 2903 9357 
7692 9509 2922 2903 9357 9510 2923 2904 9358 
7693 9510 2923 2904 9358 9511 2924 2905 9359 
7694 9511 2924 2905 9359 9512 2925 2906 9360 
7695 9512 2925 2906 9360 9513 2926 2907 9361 
7696 9513 2926 2907 9361 9514 2927 2908 9362 
7697 9514 2927 2908 9362 9515 2928 2909 9363 
7698 9515 2928 2909 9363 9516 2929 2910 9364 
7699 9516 2929 2910 9364 9517 2930 2911 9365 
7700 9517 2930 2911 9365 4117 489 490 4109 
7701 962 961 953 954 9518 9499 9347 9366 
7702 9518 9499 9347 9366 9519 9500 9348 9367 
7703 9519 9500 9348 9367 9520 9501 9349 9368 
7704 9520 9501 9349 9368 9521 9502 9350 9369 
7705 9521 9502 9350 9369 9522 9503 9351 9370 
7706 9522 9503 9351 9370 9523 9504 9352 9371 
7707 9523 9504 9352 9371 9524 9505 9353 9372 
7708 9524 9505 9353 9372 9525 9506 9354 9373 
7709 9525 9506 9354 9373 9526 9507 9355 9374 
7710 9526 9507 9355 9374 9527 9508 9356 9375 
7711 9527 9508 9356 9375 9528 9509 9357 9376 
7712 9528 9509 9357 9376 9529 9510 9358 9377 
7713 9529 9510 9358 9377 9530 9511 9359 9378 
7714 9530 9511 9359 9378 9531 9512 9360 9379 
7715 9531 9512 9360 9379 9532 9513 9361 9380 
7716 9532 9513 9361 9380 9533 9514 9362 9381 
7717 9533 9514 9362 9381 9534 9515 9363 9382 
7718 9534 9515 9363 9382 9535 9516 9364 9383 
7719 9535 9516 9364 9383 9536 9517 9365 9384 
7720 9536 9517 9365 9384 4118 4117 4109 4110 
7721 963 962 954 955 9537 9518 9366 9385 
7722 9537 9518 9366 9385 9538 9519 9367 9386 
7723 9538 9519 9367 9386 9539 9520 9368 9387 
7724 9539 9520 9368 9387 9540 9521 9369 9388 
7725 9540 9521 9369 9388 9541 9522 9370 9389 
7726 9541 9522 9370 9389 9542 9523 9371 9390 
7727 9542 9523 9371 9390 9543 9524 9372 9391 
7728 9543 9524 9372 9391 9544 9525 9373 9392 
7729 9544 9525 9373 9392 9545 9526 9374 9393 
7730 9545 9526 9374 9393 9546 9527 9375 9394 
7731 9546 9527 9375 9394 9547 9528 9376 9395 
7732 9547 9528 9376 9395 9548 9529 9377 9396 
7733 9548 9529 9377 9396 9549 9530 9378 9397 
7734 9549 9530 9378 9397 9550 9531 9379 9398 
7735 9550 9531 9379 9398 9551 9532 9380 9399 
7736 9551 9532 9380 9399 9552 9533 9381 9400 
7737 9552 9533 9381 9400 9553 9534 9382 9401 
7738 9553 9534 9382 9401 9554 9535 9383 9402 
7739 9554 9535 9383 9402 9555 9536 9384 9403 
7740 9555 9536 9384 9403 4119 4118 4110 4111 
7741 964 963 955 956 9556 9537 9385 9404 
7742 9556 9537 9385 9404 9557 9538 9386 9405 
7743 9557 9538 9386 9405 9558 9539 9387 9406 
7744 9558 9539 9387 9406 9559 9540 9388 9407 
7745 9559 9540 9388 9407 9560 9541 9389 9408 
7746 9560 9541 9389 9408 9561 9542 9390 9409 
7747 9561 9542 9390 9409 9562 9543 9391 9410 
7748 9562 9543 9391 9410 9563 9544 9392 9411 
7749 9563 9544 9392 9411 9564 9545 9393 9412 
7750 9564 9545 9393 9412 9565 9546 9394 9413 
7751 9565 9546 9394 9413 9566 9547 9395 9414 
7752 9566 9547 9395 9414 9567 9548 9396 9415 
7753 9567 9548 9396 9415 9568 9549 9397 9416 
7754 9568 9549 9397 9416 9569 9550 9398 9417 
7755 9569 9550 9398 9417 9570 9551 9399 9418 
7756 9570 9551 9399 9418 9571 9552 9400 9419 
7757 9571 9552 9400 9419 9572 9553 9401 9420 
7758 9572 9553 9401 9420 9573 9554 9402 9421 
7759 9573 9554 9402 9421 9574 9555 9403 9422 
7760 9574 9555 9403 9422 4120 4119 4111 4112 
7761 965 964 956 957 9575 9556 9404 9423 
7762 9575 9556 9404 9423 9576 9557 9405 9424 
7763 9576 9557 9405 9424 9577 9558 9406 9425 
7764 9577 9558 9406 9425 9578 9559 9407 9426 
7765 9578 9559 9407 9426 9579 9560 9408 9427 
7766 9579 9560 9408 9427 9580 9561 9409 9428 
7767 9580 9561 9409 9428 9581 9562 9410 9429 
7768 9581 9562 9410 9429 9582 9563 9411 9430 
7769 9582 9563 9411 9430 9583 9564 9412 9431 
7770 9583 9564 9412 9431 9584 9565 9413 9432 
7771 9584 9565 9413 9432 9585 9566 9414 9433 
7772 9585 9566 9414 9433 9586 9567 9415 9434 
7773 9586 9567 9415 9434 9587 9568 9416 9435 
7774 9587 9568 9416 9435 9588 9569 9417 9436 
7775 9588 9569 9417 9436 9589 9570 9418 9437 
7776 9589 9570 9418 9437 9590 9571 9419 9438 
7777 9590 9571 9419 9438 9591 9572 9420 9439 
7778 9591 9572 9420 9439 9592 9573 9421 9440 
7779 9592 9573 9421 9440 9593 9574 9422 9441 
7780 9593 9574 9422 9441 4121 4120 4112 4113 
7781 966 965 957 958 9594 9575 9423 9442 
7782 9594 9575 9423 9442 9595 9576 9424 9443 
7783 9595 9576 9424 9443 9596 9577 9425 9444 
7784 9596 9577 9425 9444 9597 9578 9426 9445 
7785 9597 9578 9426 9445 9598 9579 9427 9446 
7786 9598 9579 9427 9446 9599 9580 9428 9447 
7787 9599 9580 9428 9447 9600 9581 9429 9448 
7788 9600 9581 9429 9448 9601 9582 9430 9449 
7789 9601 9582 9430 9449 9602 9583 9431 9450 
7790 9602 9583 9431 9450 9603 9584 9432 9451 
7791 9603 9584 9432 9451 9604 9585 9433 9452 
7792 9604 9585 9433 9452 9605 9586 9434 9453 
7793 9605 9586 9434 9453 9606 9587 9435 9454 
7794 9606 9587 9435 9454 9607 9588 9436 9455 
7795 9607 9588 9436 9455 9608 9589 9437 9456 
7796 9608 9589 9437 9456 9609 9590 9438 9457 
7797 9609 9590 9438 9457 9610 9591 9439 9458 
7798 9610 9591 9439 9458 9611 9592 9440 9459 
7799 9611 9592 9440 9459 9612 9593 9441 9460 
7800 9612 9593 9441 9460 4122 4121 4113 4114 
7801 967 966 958 959 9613 9594 9442 9461 
7802 9613 9594 9442 9461 9614 9595 9443 9462 
7803 9614 9595 9443 9462 9615 9596 9444 9463 
7804 9615 9596 9444 9463 9616 9597 9445 9464 
7805 9616 9597 9445 9464 9617 9598 9446 9465 
7806 9617 9598 9446 9465 9618 9599 9447 9466 
7807 9618 9599 9447 9466 9619 9600 9448 9467 
7808 9619 9600 9448 9467 9620 9601 9449 9468 
7809 9620 9601 9449 9468 9621 9602 9450 9469 
7810 9621 9602 9450 9469 9622 9603 9451 9470 
7811 9622 9603 9451 9470 9623 9604 9452 9471 
7812 9623 9604 9452 9471 9624 9605 9453 9472 
7813 9624 9605 9453 9472 9625 9606 9454 9473 
7814 9625 9606 9454 9473 9626 9607 9455 9474 
7815 9626 9607 9455 9474 9627 9608 9456 9475 
7816 9627 9608 9456 9475 9628 9609 9457 9476 
7817 9628 9609 9457 9476 9629 9610 9458 9477 
7818 9629 9610 9458 9477 9630 9611 9459 9478 
7819 9630 9611 9459 9478 9631 9612 9460 9479 
7820 9631 9612 9460 9479 4123 4122 4114 4115 
7821 968 967 959 960 9632 9613 9461 9480 
7822 9632 9613 9461 9480 9633 9614 9462 9481 
7823 9633 9614 9462 9481 9634 9615 9463 9482 
7824 9634 9615 9463 9482 9635 9616 9464 9483 
7825 9635 9616 9464 9483 9636 9617 9465 9484 
7826 9636 9617 9465 9484 9637 9618 9466 9485 
7827 9637 9618 9466 9485 9638 9619 9467 9486 
7828 9638 9619 9467 9486 9639 9620 9468 9487 
7829 9639 9620 9468 9487 9640 9621 9469 9488 
7830 9640 9621 9469 9488 9641 9622 9470 9489 
7831 9641 9622 9470 9489 9642 9623 9471 9490 
7832 9642 9623 9471 9490 9643 9624 9472 9491 
7833 9643 9624 9472 9491 9644 9625 9473 9492 
7834 9644 9625 9473 9492 9645 9626 9474 9493 
7835 9645 9626 9474 9493 9646 9627 9475 9494 
7836 9646 9627 9475 9494 9647 9628 9476 9495 
7837 9647 9628 9476 9495 9648 9629 9477 9496 
7838 9648 9629 9477 9496 9649 9630 9478 9497 
7839 9649 9630 9478 9497 9650 9631 9479 9498 
7840 9650 9631 9479 9498 4124 4123 4115 4116 
7841 92 968 960 91 4044 9632 9480 4025 
7842 4044 9632 9480 4025 4045 9633 9481 4026 
7843 4045 9633 9481 4026 4046 9634 9482 4027 
7844 4046 9634 9482 4027 4047 9635 9483 4028 
7845 4047 9635 9483 4028 4048 9636 9484 4029 
7846 4048 9636 9484 4029 4049 9637 9485 4030 
7847 4049 9637 9485 4030 4050 9638 9486 4031 
7848 4050 9638 9486 4031 4051 9639 9487 4032 
7849 4051 9639 9487 4032 4052 9640 9488 4033 
7850 4052 9640 9488 4033 4053 9641 9489 4034 
7851 4053 9641 9489 4034 4054 9642 9490 4035 
7852 4054 9642 9490 4035 4055 9643 9491 4036 
7853 4055 9643 9491 4036 4056 9644 9492 4037 
7854 4056 9644 9492 4037 4057 9645 9493 4038 
7855 4057 9645 9493 4038 4058 9646 9494 4039 
7856 4058 9646 9494 4039 4059 9647 9495 4040 
7857 4059 9647 9495 4040 4060 9648 9496 4041 
7858 4060 9648 9496 4041 4061 9649 9497 4042 
7859 4061 9649 9497 4042 4062 9650 9498 4043 
7860 4062 9650 9498 4043 657 4124 4116 658 
7861 969 76 75 961 9651 2931 2912 9499 
7862 9651 2931 2912 9499 9652 2932 2913 9500 
7863 9652 2932 2913 9500 9653 2933 2914 9501 
7864 9653 2933 2914 9501 9654 2934 2915 9502 
7865 9654 2934 2915 9502 9655 2935 2916 9503 
7866 9655 2935 2916 9503 9656 2936 2917 9504 
7867 9656 2936 2917 9504 9657 2937 2918 9505 
7868 9657 2937 2918 9505 9658 2938 2919 9506 
7869 9658 2938 2919 9506 9659 2939 2920 9507 
7870 9659 2939 2920 9507 9660 2940 2921 9508 
7871 9660 2940 2921 9508 9661 2941 2922 9509 
7872 9661 2941 2922 9509 9662 2942 2923 9510 
7873 9662 2942 2923 9510 9663 2943 2924 9511 
7874 9663 2943 2924 9511 9664 2944 2925 9512 
7875 9664 2944 2925 9512 9665 2945 2926 9513 
7876 9665 2945 2926 9513 9666 2946 2927 9514 
7877 9666 2946 2927 9514 9667 2947 2928 9515 
7878 9667 2947 2928 9515 9668 2948 2929 9516 
7879 9668 2948 2929 9516 9669 2949 2930 9517 
7880 9669 2949 2930 9517 4125 488 489 4117 
7881 970 969 961 962 9670 9651 9499 9518 
7882 9670 9651 9499 9518 9671 9652 9500 9519 
7883 9671 9652 9500 9519 9672 9653 9501 9520 
7884 9672 9653 9501 9520 9673 9654 9502 9521 
7885 9673 9654 9502 9521 9674 9655 9503 9522 
7886 9674 9655 9503 9522 9675 9656 9504 9523 
7887 9675 9656 9504 9523 9676 9657 9505 9524 
7888 9676 9657 9505 9524 9677 9658 9506 9525 
7889 9677 9658 9506 9525 9678 9659 9507 9526 
7890 9678 9659 9507 9526 9679 9660 9508 9527 
7891 9679 9660 9508 9527 9680 9661 9509 9528 
7892 9680 9661 9509 9528 9681 9662 9510 9529 
7893 9681 9662 9510 9529 9682 9663 9511 9530 
7894 9682 9663 9511 9530 9683 9664 9512 9531 
7895 9683 9664 9512 9531 9684 9665 9513 9532 
7896 9684 9665 9513 9532 9685 9666 9514 9533 
7897 9685 9666 9514 9533 9686 9667 9515 9534 
7898 9686 9667 9515 9534 9687 9668 9516 9535 
7899 9687 9668 9516 9535 9688 9669 9517 9536 
7900 9688 9669 9517 9536 4126 4125 4117 4118 
7901 971 970 962 963 9689 9670 9518 9537 
7902 9689 9670 9518 9537 9690 9671 9519 9538 
7903 9690 9671 9519 9538 9691 9672 9520 9539 
7904 9691 9672 9520 9539 9692 9673 9521 9540 
7905 9692 9673 9521 9540 9693 9674 9522 9541 
7906 9693 9674 9522 9541 9694 9675 9523 9542 
7907 9694 9675 9523 9542 9695 9676 9524 9543 
7908 9695 9676 9524 9543 9696 9677 9525 9544 
7909 9696 9677 9525 9544 9697 9678 9526 9545 
7910 9697 9678 9526 9545 9698 9679 9527 9546 
7911 9698 9679 9527 9546 9699 9680 9528 9547 
7912 9699 9680 9528 9547 9700 9681 9529 9548 
7913 9700 9681 9529 9548 9701 9682 9530 9549 
7914 9701 9682 9530 9549 9702 9683 9531 9550 
7915 9702 9683 9531 9550 9703 9684 9532 9551 
7916 9703 9684 9532 9551 9704 9685 9533 9552 
7917 9704 9685 9533 9552 9705 9686 9534 9553 
7918 9705 9686 9534 9553 9706 9687 9535 9554 
7919 9706 9687 9535 9554 9707 9688 9536 9555 
7920 9707 9688 9536 9555 4127 4126 4118 4119 
7921 972 971 963 964 9708 9689 9537 9556 
7922 9708 9689 9537 9556 9709 9690 9538 9557 
7923 9709 9690 9538 9557 9710 9691 9539 9558 
7924 9710 9691 9539 9558 9711 9692 9540 9559 
7925 9711 9692 9540 9559 9712 9693 9541 9560 
7926 9712 9693 9541 9560 9713 9694 9542 9561 
7927 9713 9694 9542 9561 9714 9695 9543 9562 
7928 9714 9695 9543 9562 9715 9696 9544 9563 
7929 9715 9696 9544 9563 9716 9697 9545 9564 
7930 9716 9697 9545 9564 9717 9698 9546 9565 
7931 9717 9698 9546 9565 9718 9699 9547 9566 
7932 9718 9699 9547 9566 9719 9700 9548 9567 
7933 9719 9700 9548 9567 9720 9701 9549 9568 
7934 9720 9701 9549 9568 9721 9702 9550 9569 
7935 9721 9702 9550 9569 9722 9703 9551 9570 
7936 9722 9703 9551 9570 9723 9704 9552 9571 
7937 9723 9704 9552 9571 9724 9705 9553 9572 
7938 9724 9705 9553 9572 9725 9706 9554 9573 
7939 9725 9706 9554 9573 9726 9707 9555 9574 
7940 9726 9707 9555 9574 4128 4127 4119 4120 
7941 973 972 964 965 9727 9708 9556 9575 
7942 9727 9708 9556 9575 9728 9709 9557 9576 
7943 9728 9709 9557 9576 9729 9710 9558 9577 
7944 9729 9710 9558 9577 9730 9711 9559 9578 
7945 9730 9711 9559 9578 9731 9712 9560 9579 
7946 9731 9712 9560 9579 9732 9713 9561 9580 
7947 9732 9713 9561 9580 9733 9714 9562 9581 
7948 9733 9714 9562 9581 9734 9715 9563 9582 
7949 9734 9715 9563 9582 9735 9716 9564 9583 
7950 9735 9716 9564 9583 9736 9717 9565 9584 
7951 9736 9717 9565 9584 9737 9718 9566 9585 
7952 9737 9718 9566 9585 9738 9719 9567 9586 
7953 9738 9719 9567 9586 9739 9720 9568 9587 
7954 9739 9720 9568 9587 9740 9721 9569 9588 
7955 9740 9721 9569 9588 9741 9722 9570 9589 
7956 9741 9722 9570 9589 9742 9723 9571 9590 
7957 9742 9723 9571 9590 9743 9724 9572 9591 
7958 9743 9724 9572 9591 9744 9725 9573 9592 
7959 9744 9725 9573 9592 9745 9726 9574 9593 
7960 9745 9726 9574 9593 4129 4128 4120 4121 
7961 974 973 965 966 9746 9727 9575 9594 
7962 9746 9727 9575 9594 9747 9728 9576 9595 
7963 9747 9728 9576 9595 9748 9729 9577 9596 
7964 9748 9729 9577 9596 9749 9730 9578 9597 
7965 9749 9730 9578 9597 9750 9731 9579 9598 
7966 9750 9731 9579 9598 9751 9732 9580 9599 
7967 9751 9732 9580 9599 9752 9733 9581 9600 
7968 9752 9733 9581 9600 9753 9734 9582 9601 
7969 9753 9734 9582 9601 9754 9735 9583 9602 
7970 9754 9735 9583 9602 9755 9736 9584 9603 
7971 9755 9736 9584 9603 9756 9737 9585 9604 
7972 9756 9737 9585 9604 9757 9738 9586 9605 
7973 9757 9738 9586 9605 9758 9739 9587 9606 
7974 9758 9739 9587 9606 9759 9740 9588 9607 
7975 9759 9740 9588 9607 9760 9741 9589 9608 
7976 9760 9741 9589 9608 9761 9742 9590 9609 
7977 9761 9742 9590 9609 9762 9743 9591 9610 
7978 9762 9743 9591 9610 9763 9744 9592 9611 
7979 9763 9744 9592 9611 9764 9745 9593 9612 
7980 9764 9745 9593 9612 4130 4129 4121 4122 
7981 975 974 966 967 9765 9746 9594 9613 
7982 9765 9746 9594 9613 9766 9747 9595 9614 
7983 9766 9747 9595 9614 9767 9748 9596 9615 
7984 9767 9748 9596 9615 9768 9749 9597 9616 
7985 9768 9749 9597 9616 9769 9750 9598 9617 
7986 9769 9750 9598 9617 9770 9751 9599 9618 
7987 9770 9751 9599 9618 9771 9752 9600 9619 
7988 9771 9752 9600 9619 9772 9753 9601 9620 
7989 9772 9753 9601 9620 9773 9754 9602 9621 
7990 9773 9754 9602 9621 9774 9755 9603 9622 
7991 9774 9755 9603 9622 9775 9756 9604 9623 
7992 9775 9756 9604 9623 9776 9757 9605 9624 
7993 9776 9757 9605 9624 9777 9758 9606 9625 
7994 9777 9758 9606 9625 9778 9759 9607 9626 
7995 9778 9759 9607 9626 9779 9760 9608 9627 
7996 9779 9760 9608 9627 9780 9761 9609 9628 
7997 9780 9761 9609 9628 9781 9762 9610 9629 
7998 9781 9762 9610 9629 9782 9763 9611 9630 
7999 9782 9763 9611 9630 9783 9764 9612 9631 
8000 9783 9764 9612 9631 4131 4130 4122 4123 
8001 976 975 967 968 9784 9765 9613 9632 
8002 9784 9765 9613 9632 9785 9766 9614 9633 
8003 9785 9766 9614 9633 9786 9767 9615 9634 
8004 9786 9767 9615 9634 9787 9768 9616 9635 
8005 9787 9768 9616 9635 9788 9769 9617 9636 
8006 9788 9769 9617 9636 9789 9770 9618 9637 
8007 9789 9770 9618 9637 9790 9771 9619 9638 
8008 9790 9771 9619 9638 9791 9772 9620 9639 
8009 9791 9772 9620 9639 9792 9773 9621 9640 
8010 9792 9773 9621 9640 9793 9774 9622 9641 
8011 9793 9774 9622 9641 9794 9775 9623 9642 
8012 9794 9775 9623 9642 9795 9776 9624 9643 
8013 9795 9776 9624 9643 9796 9777 9625 9644 
8014 9796 9777 9625 9644 9797 9778 9626 9645 
8015 9797 9778 9626 9645 9798 9779 9627 9646 
8016 9798 9779 9627 9646 9799 9780 9628 9647 
8017 9799 9780 9628 9647 9800 9781 9629 9648 
8018 9800 9781 9629 9648 9801 9782 9630 9649 
8019 9801 9782 9630 9649 9802 9783 9631 9650 
8020 9802 9783 9631 9650 4132 4131 4123 4124 
8021 93 976 968 92 4063 9784 9632 4044 
8022 4063 9784 9632 4044 4064 9785 9633 4045 
8023 4064 9785 9633 4045 4065 9786 9634 4046 
8024 4065 9786 9634 4046 4066 9787 9635 4047 
8025 4066 9787 9635 4047 4067 9788 9636 4048 
8026 4067 9788 9636 4048 4068 9789 9637 4049 
8027 4068 9789 9637 4049 4069 9790 9638 4050 
8028 4069 9790 9638 4050 4070 9791 9639 4051 
8029 4070 9791 9639 4051 4071 9792 9640 4052 
8030 4071 9792 9640 4052 4072 9793 9641 4053 
8031 4072 9793 9641 4053 4073 9794 9642 4054 
8032 4073 9794 9642 4054 4074 9795 9643 4055 
8033 4074 9795 9643 4055 4075 9796 9644 4056 
8034 4075 9796 9644 4056 4076 9797 9645 4057 
8035 4076 9797 9645 4057 4077 9798 9646 4058 
8036 4077 9798 9646 4058 4078 9799 9647 4059 
8037 4078 9799 9647 4059 4079 9800 9648 4060 
8038 4079 9800 9648 4060 4080 9801 9649 4061 
8039 4080 9801 9649 4061 4081 9802 9650 4062 
8040 4081 9802 9650 4062 656 4132 4124 657 
8041 977 77 76 969 9803 2950 2931 9651 
8042 9803 2950 2931 9651 9804 2951 2932 9652 
8043 9804 2951 2932 9652 9805 2952 2933 9653 
8044 9805 2952 2933 9653 9806 2953 2934 9654 
8045 9806 2953 2934 9654 9807 2954 2935 9655 
8046 9807 2954 2935 9655 9808 2955 2936 9656 
8047 9808 2955 2936 9656 9809 2956 2937 9657 
8048 9809 2956 2937 9657 9810 2957 2938 9658 
8049 9810 2957 2938 9658 9811 2958 2939 9659 
8050 9811 2958 2939 9659 9812 2959 2940 9660 
8051 9812 2959 2940 9660 9813 2960 2941 9661 
8052 9813 2960 2941 9661 9814 2961 2942 9662 
8053 9814 2961 2942 9662 9815 2962 2943 9663 
8054 9815 2962 2943 9663 9816 2963 2944 9664 
8055 9816 2963 2944 9664 9817 2964 2945 9665 
8056 9817 2964 2945 9665 9818 2965 2946 9666 
8057 9818 2965 2946 9666 9819 2966 2947 9667 
8058 9819 2966 2947 9667 9820 2967 2948 9668 
8059 9820 2967 2948 9668 9821 2968 2949 9669 
8060 9821 2968 2949 9669 4133 487 488 4125 
8061 978 977 969 970 9822 9803 9651 9670 
8062 9822 9803 9651 9670 9823 9804 9652 9671 
8063 9823 9804 9652 9671 9824 9805 9653 9672 
8064 9824 9805 9653 9672 9825 9806 9654 9673 
8065 9825 9806 9654 9673 9826 9807 9655 9674 
8066 9826 9807 9655 9674 9827 9808 9656 9675 
8067 9827 9808 9656 9675 9828 9809 9657 9676 
8068 9828 9809 9657 9676 9829 9810 9658 9677 
8069 9829 9810 9658 9677 9830 9811 9659 9678 
8070 9830 9811 9659 9678 9831 9812 9660 9679 
8071 9831 9812 9660 9679 9832 9813 9661 9680 
8072 9832 9813 9661 9680 9833 9814 9662 9681 
8073 9833 9814 9662 9681 9834 9815 9663 9682 
8074 9834 9815 9663 9682 9835 9816 9664 9683 
8075 9835 9816 9664 9683 9836 9817 9665 9684 
8076 9836 9817 9665 9684 9837 9818 9666 9685 
8077 9837 9818 9666 9685 9838 9819 9667 9686 
8078 9838 9819 9667 9686 9839 9820 9668 9687 
8079 9839 9820 9668 9687 9840 9821 9669 9688 
8080 9840 9821 9669 9688 4134 4133 4125 4126 
8081 979 978 970 971 9841 9822 9670 9689 
8082 9841 9822 9670 9689 9842 9823 9671 9690 
8083 9842 9823 9671 9690 9843 9824 9672 9691 
8084 9843 9824 9672 9691 9844 9825 9673 9692 
8085 9844 9825 9673 9692 9845 9826 9674 9693 
8086 9845 9826 9674 9693 9846 9827 9675 9694 
8087 9846 9827 9675 9694 9847 9828 9676 9695 
8088 9847 9828 9676 9695 9848 9829 9677 9696 
8089 9848 9829 9677 9696 9849 9830 9678 9697 
8090 9849 9830 9678 9697 9850 9831 9679 9698 
8091 9850 9831 9679 9698 9851 9832 9680 9699 
8092 9851 9832 9680 9699 9852 9833 9681 9700 
8093 9852 9833 9681 9700 9853 9834 9682 9701 
8094 9853 9834 9682 9701 9854 9835 9683 9702 
8095 9854 9835 9683 9702 9855 9836 9684 9703 
8096 9855 9836 9684 9703 9856 9837 9685 9704 
8097 9856 9837 9685 9704 9857 9838 9686 9705 
8098 9857 9838 9686 9705 9858 9839 9687 9706 
8099 9858 9839 9687 9706 9859 9840 9688 9707 
8100 9859 9840 9688 9707 4135 4134 4126 4127 
8101 980 979 971 972 9860 9841 9689 9708 
8102 9860 9841 9689 9708 9861 9842 9690 9709 
8103 9861 9842 9690 9709 9862 9843 9691 9710 
8104 9862 9843 9691 9710 9863 9844 9692 9711 
8105 9863 9844 9692 9711 9864 9845 9693 9712 
8106 9864 9845 9693 9712 9865 9846 9694 9713 
8107 9865 9846 9694 9713 9866 9847 9695 9714 
8108 9866 9847 9695 9714 9867 9848 9696 9715 
8109 9867 9848 9696 9715 9868 9849 9697 9716 
8110 9868 9849 9697 9716 9869 9850 9698 9717 
8111 9869 9850 9698 9717 9870 9851 9699 9718 
8112 9870 9851 9699 9718 9871 9852 9700 9719 
8113 9871 9852 9700 9719 9872 9853 9701 9720 
8114 9872 9853 9701 9720 9873 9854 9702 9721 
8115 9873 9854 9702 9721 9874 9855 9703 9722 
8116 9874 9855 9703 9722 9875 9856 9704 9723 
8117 9875 9856 9704 9723 9876 9857 9705 9724 
8118 9876 9857 9705 9724 9877 9858 9706 9725 
8119 9877 9858 9706 9725 9878 9859 9707 9726 
8120 9878 9859 9707 9726 4136 4135 4127 4128 
8121 981 980 972 973 9879 9860 9708 9727 
8122 9879 9860 9708 9727 9880 9861 9709 9728 
8123 9880 9861 9709 9728 9881 9862 9710 9729 
8124 9881 9862 9710 9729 9882 9863 9711 9730 
8125 9882 9863 9711 9730 9883 9864 9712 9731 
8126 9883 9864 9712 9731 9884 9865 9713 9732 
8127 9884 9865 9713 9732 9885 9866 9714 9733 
8128 9885 9866 9714 9733 9886 9867 9715 9734 
8129 9886 9867 9715 9734 9887 9868 9716 9735 
8130 9887 9868 9716 9735 9888 9869 9717 9736 
8131 9888 9869 9717 9736 9889 9870 9718 9737 
8132 9889 9870 9718 9737 9890 9871 9719 9738 
8133 9890 9871 9719 9738 9891 9872 9720 9739 
8134 9891 9872 9720 9739 9892 9873 9721 9740 
8135 9892 9873 9721 9740 9893 9874 9722 9741 
8136 9893 9874 9722 9741 9894 9875 9723 9742 
8137 9894 9875 9723 9742 9895 9876 9724 9743 
8138 9895 9876 9724 9743 9896 9877 9725 9744 
8139 9896 9877 9725 9744 9897 9878 9726 9745 
8140 9897 9878 9726 9745 4137 4136 4128 4129 
8141 982 981 973 974 9898 9879 9727 9746 
8142 9898 9879 9727 9746 9899 9880 9728 9747 
8143 9899 9880 9728 9747 9900 9881 9729 9748 
8144 9900 9881 9729 9748 9901 9882 9730 9749 
8145 9901 9882 9730 9749 9902 9883 9731 9750 
8146 9902 9883 9731 9750 9903 9884 9732 9751 
8147 9903 9884 9732 9751 9904 9885 9733 9752 
8148 9904 9885 9733 9752 9905 9886 9734 9753 
8149 9905 9886 9734 9753 9906 9887 9735 9754 
8150 9906 9887 9735 9754 9907 9888 9736 9755 
8151 9907 9888 9736 9755 9908 9889 9737 9756 
8152 9908 9889 9737 9756 9909 9890 9738 9757 
8153 9909 9890 9738 9757 9910 9891 9739 9758 
8154 9910 9891 9739 9758 9911 9892 9740 9759 
8155 9911 9892 9740 9759 9912 9893 9741 9760 
8156 9912 9893 9741 9760 9913 9894 9742 9761 
8157 9913 9894 9742 9761 9914 9895 9743 9762 
8158 9914 9895 9743 9762 9915 9896 9744 9763 
8159 9915 9896 9744 9763 9916 9897 9745 9764 
8160 9916 9897 9745 9764 4138 4137 4129 4130 
8161 983 982 974 975 9917 9898 9746 9765 
8162 9917 9898 9746 9765 9918 9899 9747 9766 
8163 9918 9899 9747 9766 9919 9900 9748 9767 
8164 9919 9900 9748 9767 9920 9901 9749 9768 
8165 9920 9901 9749 9768 9921 9902 9750 9769 
8166 9921 9902 9750 9769 9922 9903 9751 9770 
8167 9922 9903 9751 9770 9923 9904 9752 9771 
8168 9923 9904 9752 9771 9924 9905 9753 9772 
8169 9924 9905 9753 9772 9925 9906 9754 9773 
8170 9925 9906 9754 9773 9926 9907 9755 9774 
8171 9926 9907 9755 9774 9927 9908 9756 9775 
8172 9927 9908 9756 9775 9928 9909 9757 9776 
8173 9928 9909 9757 9776 9929 9910 9758 9777 
8174 9929 9910 9758 9777 9930 9911 9759 9778 
8175 9930 9911 9759 9778 9931 9912 9760 9779 
8176 9931 9912 9760 9779 9932 9913 9761 9780 
8177 9932 9913 9761 9780 9933 9914 9762 9781 
8178 9933 9914 9762 9781 9934 9915 9763 9782 
8179 9934 9915 9763 9782 9935 9916 9764 9783 
8180 9935 9916 9764 9783 4139 4138 4130 4131 
8181 984 983 975 976 9936 9917 9765 9784 
8182 9936 9917 9765 9784 9937 9918 9766 9785 
8183 9937 9918 9766 9785 9938 9919 9767 9786 
8184 9938 9919 9767 9786 9939 9920 9768 9787 
8185 9939 9920 9768 9787 9940 9921 9769 9788 
8186 9940 9921 9769 9788 9941 9922 9770 9789 
8187 9941 9922 9770 9789 9942 9923 9771 9790 
8188 9942 9923 9771 9790 9943 9924 9772 9791 
8189 9943 9924 9772 9791 9944 9925 9773 9792 
8190 9944 9925 9773 9792 9945 9926 9774 9793 
8191 9945 9926 9774 9793 9946 9927 9775 9794 
8192 9946 9927 9775 9794 9947 9928 9776 9795 
8193 9947 9928 9776 9795 9948 9929 9777 9796 
8194 9948 9929 9777 9796 9949 9930 9778 9797 
8195 9949 9930 9778 9797 9950 9931 9779 9798 
8196 9950 9931 9779 9798 9951 9932 9780 9799 
8197 9951 9932 9780 9799 9952 9933 9781 9800 
8198 9952 9933 9781 9800 9953 9934 9782 9801 
8199 9953 9934 9782 9801 9954 9935 9783 9802 
8200 9954 9935 9783 9802 4140 4139 4131 4132 
8201 94 984 976 93 4082 9936 9784 4063 
8202 4082 9936 9784 4063 4083 9937 9785 4064 
8203 4083 9937 9785 4064 4084 9938 9786 4065 
8204 4084 9938 9786 4065 4085 9939 9787 4066 
8205 4085 9939 9787 4066 4086 9940 9788 4067 
8206 4086 9940 9788 4067 4087 9941 9789 4068 
8207 4087 9941 9789 4068 4088 9942 9790 4069 
8208 4088 9942 9790 4069 4089 9943 9791 4070 
8209 4089 9943 9791 4070 4090 9944 9792 4071 
8210 4090 9944 9792 4071 4091 9945 9793 4072 
8211 4091 9945 9793 4072 4092 9946 9794 4073 
8212 4092 9946 9794 4073 4093 9947 9795 4074 
8213 4093 9947 9795 4074 4094 9948 9796 4075 
8214 4094 9948 9796 4075 4095 9949 9797 4076 
8215 4095 9949 9797 4076 4096 9950 9798 4077 
8216 4096 9950 9798 4077 4097 9951 9799 4078 
8217 4097 9951 9799 4078 4098 9952 9800 4079 
8218 4098 9952 9800 4079 4099 9953 9801 4080 
8219 4099 9953 9801 4080 4100 9954 9802 4081 
8220 4100 9954 9802 4081 655 4140 4132 656 
8221 179 10 77 977 3854 511 2950 9803 
8222 3854 511 2950 9803 3855 512 2951 9804 
8223 3855 512 2951 9804 3856 513 2952 9805 
8224 3856 513 2952 9805 3857 514 2953 9806 
8225 3857 514 2953 9806 3858 515 2954 9807 
8226 3858 515 2954 9807 3859 516 2955 9808 
8227 3859 516 2955 9808 3860 517 2956 9809 
8228 3860 517 2956 9809 3861 518 2957 9810 
8229 3861 518 2957 9810 3862 519 2958 9811 
8230 3862 519 2958 9811 3863 520 2959 9812 
8231 3863 520 2959 9812 3864 521 2960 9813 
8232 3864 521 2960 9813 3865 522 2961 9814 
8233 3865 522 2961 9814 3866 523 2962 9815 
8234 3866 523 2962 9815 3867 524 2963 9816 
8235 3867 524 2963 9816 3868 525 2964 9817 
8236 3868 525 2964 9817 3869 526 2965 9818 
8237 3869 526 2965 9818 3870 527 2966 9819 
8238 3870 527 2966 9819 3871 528 2967 9820 
8239 3871 528 2967 9820 3872 529 2968 9821 
8240 3872 529 2968 9821 647 31 487 4133 
8241 180 179 977 978 3873 3854 9803 9822 
8242 3873 3854 9803 9822 3874 3855 9804 9823 
8243 3874 3855 9804 9823 3875 3856 9805 9824 
8244 3875 3856 9805 9824 3876 3857 9806 9825 
8245 3876 3857 9806 9825 3877 3858 9807 9826 
8246 3877 3858 9807 9826 3878 3859 9808 9827 
8247 3878 3859 9808 9827 3879 3860 9809 9828 
8248 3879 3860 9809 9828 3880 3861 9810 9829 
8249 3880 3861 9810 9829 3881 3862 9811 9830 
8250 3881 3862 9811 9830 3882 3863 9812 9831 
8251 3882 3863 9812 9831 3883 3864 9813 9832 
8252 3883 3864 9813 9832 3884 3865 9814 9833 
8253 3884 3865 9814 9833 3885 3866 9815 9834 
8254 3885 3866 9815 9834 3886 3867 9816 9835 
8255 3886 3867 9816 9835 3887 3868 9817 9836 
8256 3887 3868 9817 9836 3888 3869 9818 9837 
8257 3888 3869 9818 9837 3889 3870 9819 9838 
8258 3889 3870 9819 9838 3890 3871 9820 9839 
8259 3890 3871 9820 9839 3891 3872 9821 9840 
8260 3891 3872 9821 9840 648 647 4133 4134 
8261 181 180 978 979 3892 3873 9822 9841 
8262 3892 3873 9822 9841 3893 3874 9823 9842 
8263 3893 3874 9823 9842 3894 3875 9824 9843 
8264 3894 3875 9824 9843 3895 3876 9825 9844 
8265 3895 3876 9825 9844 3896 3877 9826 9845 
8266 3896 3877 9826 9845 3897 3878 9827 9846 
8267 3897 3878 9827 9846 3898 3879 9828 9847 
8268 3898 3879 9828 9847 3899 3880 9829 9848 
8269 3899 3880 9829 9848 3900 3881 9830 9849 
8270 3900 3881 9830 9849 3901 3882 9831 9850 
8271 3901 3882 9831 9850 3902 3883 9832 9851 
8272 3902 3883 9832 9851 3903 3884 9833 9852 
8273 3903 3884 9833 9852 3904 3885 9834 9853 
8274 3904 3885 9834 9853 3905 3886 9835 9854 
8275 3905 3886 9835 9854 3906 3887 9836 9855 
8276 3906 3887 9836 9855 3907 3888 9837 9856 
8277 3907 3888 9837 9856 3908 3889 9838 9857 
8278 3908 3889 9838 9857 3909 3890 9839 9858 
8279 3909 3890 9839 9858 3910 3891 9840 9859 
8280 3910 3891 9840 9859 649 648 4134 4135 
8281 182 181 979 980 3911 3892 9841 9860 
8282 3911 3892 9841 9860 3912 3893 9842 9861 
8283 3912 3893 9842 9861 3913 3894 9843 9862 
8284 3913 3894 9843 9862 3914 3895 9844 9863 
8285 3914 3895 9844 9863 3915 3896 9845 9864 
8286 3915 3896 9845 9864 3916 3897 9846 9865 
8287 3916 3897 9846 9865 3917 3898 9847 9866 
8288 3917 3898 9847 9866 3918 3899 9848 9867 
8289 3918 3899 9848 9867 3919 3900 9849 9868 
8290 3919 3900 9849 9868 3920 3901 9850 9869 
8291 3920 3901 9850 9869 3921 3902 9851 9870 
8292 3921 3902 9851 9870 3922 3903 9852 9871 
8293 3922 3903 9852 9871 3923 3904 9853 9872 
8294 3923 3904 9853 9872 3924 3905 9854 9873 
8295 3924 3905 9854 9873 3925 3906 9855 9874 
8296 3925 3906 9855 9874 3926 3907 9856 9875 
8297 3926 3907 9856 9875 3927 3908 9857 9876 
8298 3927 3908 9857 9876 3928 3909 9858 9877 
8299 3928 3909 9858 9877 3929 3910 9859 9878 
8300 3929 3910 9859 9878 650 649 4135 4136 
8301 183 182 980 981 3930 3911 9860 9879 
8302 3930 3911 9860 9879 3931 3912 9861 9880 
8303 3931 3912 9861 9880 3932 3913 9862 9881 
8304 3932 3913 9862 9881 3933 3914 9863 9882 
8305 3933 3914 9863 9882 3934 3915 9864 9883 
8306 3934 3915 9864 9883 3935 3916 9865 9884 
8307 3935 3916 9865 9884 3936 3917 9866 9885 
8308 3936 3917 9866 9885 3937 3918 9867 9886 
8309 3937 3918 9867 9886 3938 3919 9868 9887 
8310 3938 3919 9868 9887 3939 3920 9869 9888 
8311 3939 3920 9869 9888 3940 3921 9870 9889 
8312 3940 3921 9870 9889 3941 3922 9871 9890 
8313 3941 3922 9871 9890 3942 3923 9872 9891 
8314 3942 3923 9872 9891 3943 3924 9873 9892 
8315 3943 3924 9873 9892 3944 3925 9874 9893 
8316 3944 3925 9874 9893 3945 3926 9875 9894 
8317 3945 3926 9875 9894 3946 3927 9876 9895 
8318 3946 3927 9876 9895 3947 3928 9877 9896 
8319 3947 3928 9877 9896 3948 3929 9878 9897 
8320 3948 3929 9878 9897 651 650 4136 4137 
8321 184 183 981 982 3949 3930 9879 9898 
8322 3949 3930 9879 9898 3950 3931 9880 9899 
8323 3950 3931 9880 9899 3951 3932 9881 9900 
8324 3951 3932 9881 9900 3952 3933 9882 9901 
8325 3952 3933 9882 9901 3953 3934 9883 9902 
8326 3953 3934 9883 9902 3954 3935 9884 9903 
8327 3954 3935 9884 9903 3955 3936 9885 9904 
8328 3955 3936 9885 9904 3956 3937 9886 9905 
8329 3956 3937 9886 9905 3957 3938 9887 9906 
8330 3957 3938 9887 9906 3958 3939 9888 9907 
8331 3958 3939 9888 9907 3959 3940 9889 9908 
8332 3959 3940 9889 9908 3960 3941 9890 9909 
8333 3960 3941 9890 9909 3961 3942 9891 9910 
8334 3961 3942 9891 9910 3962 3943 9892 9911 
8335 3962 3943 9892 9911 3963 3944 9893 9912 
8336 3963 3944 9893 9912 3964 3945 9894 9913 
8337 3964 3945 9894 9913 3965 3946 9895 9914 
8338 3965 3946 9895 9914 3966 3947 9896 9915 
8339 3966 3947 9896 9915 3967 3948 9897 9916 
8340 3967 3948 9897 9916 652 651 4137 4138 
8341 185 184 982 983 3968 3949 9898 9917 
8342 3968 3949 9898 9917 3969 3950 9899 9918 
8343 3969 3950 9899 9918 3970 3951 9900 9919 
8344 3970 3951 9900 9919 3971 3952 9901 9920 
8345 3971 3952 9901 9920 3972 3953 9902 9921 
8346 3972 3953 9902 9921 3973 3954 9903 9922 
8347 3973 3954 9903 9922 3974 3955 9904 9923 
8348 3974 3955 9904 9923 3975 3956 9905 9924 
8349 3975 3956 9905 9924 3976 3957 9906 9925 
8350 3976 3957 9906 9925 3977 3958 9907 9926 
8351 3977 3958 9907 9926 3978 3959 9908 9927 
8352 3978 3959 9908 9927 3979 3960 9909 9928 
8353 3979 3960 9909 9928 3980 3961 9910 9929 
8354 3980 3961 9910 9929 3981 3962 9911 9930 
8355 3981 3962 9911 9930 3982 3963 9912 9931 
8356 3982 3963 9912 9931 3983 3964 9913 9932 
8357 3983 3964 9913 9932 3984 3965 9914 9933 
8358 3984 3965 9914 9933 3985 3966 9915 9934 
8359 3985 3966 9915 9934 3986 3967 9916 9935 
8360 3986 3967 9916 9935 653 652 4138 4139 
8361 186 185 983 984 3987 3968 9917 9936 
8362 3987 3968 9917 9936 3988 3969 9918 9937 
8363 3988 3969 9918 9937 3989 3970 9919 9938 
8364 3989 3970 9919 9938 3990 3971 9920 9939 
8365 3990 3971 9920 9939 3991 3972 9921 9940 
8366 3991 3972 9921 9940 3992 3973 9922 9941 
8367 3992 3973 9922 9941 3993 3974 9923 9942 
8368 3993 3974 9923 9942 3994 3975 9924 9943 
8369 3994 3975 9924 9943 3995 3976 9925 9944 
8370 3995 3976 9925 9944 3996 3977 9926 9945 
8371 3996 3977 9926 9945 3997 3978 9927 9946 
8372 3997 3978 9927 9946 3998 3979 9928 9947 
8373 3998 3979 9928 9947 3999 3980 9929 9948 
8374 3999 3980 9929 9948 4000 3981 9930 9949 
8375 4000 3981 9930 9949 4001 3982 9931 9950 
8376 4001 3982 9931 9950 4002 3983 9932 9951 
8377 4002 3983 9932 9951 4003 3984 9933 9952 
8378 4003 3984 9933 9952 4004 3985 9934 9953 
8379 4004 3985 9934 9953 4005 3986 9935 9954 
8380 4005 3986 9935 9954 654 653 4139 4140 
8381 14 186 984 94 660 3987 9936 4082 
8382 660 3987 9936 4082 661 3988 9937 4083 
8383 661 3988 9937 4083 662 3989 9938 4084 
8384 662 3989 9938 4084 663 3990 9939 4085 
8385 663 3990 9939 4085 664 3991 9940 4086 
8386 664 3991 9940 4086 665 3992 9941 4087 
8387 665 3992 9941 4087 666 3993 9942 4088 
8388 666 3993 9942 4088 667 3994 9943 4089 
8389 667 3994 9943 4089 668 3995 9944 4090 
8390 668 3995 9944 4090 669 3996 9945 4091 
8391 669 3996 9945 4091 670 3997 9946 4092 
8392 670 3997 9946 4092 671 3998 9947 4093 
8393 671 3998 9947 4093 672 3999 9948 4094 
8394 672 3999 9948 4094 673 4000 9949 4095 
8395 673 4000 9949 4095 674 4001 9950 4096 
8396 674 4001 9950 4096 675 4002 9951 4097 
8397 675 4002 9951 4097 676 4003 9952 4098 
8398 676 4003 9952 4098 677 4004 9953 4099 
8399 677 4004 9953 4099 678 4005 9954 4100 
8400 678 4005 9954 4100 36 654 4140 655 
$EndElements
