$MeshFormat
2.2 0 8
$EndMeshFormat
$PhysicalNames
13
2 6 "Front"
2 7 "Back"
2 8 "Bottom"
2 9 "Top"
2 10 "LeftBoundary"
2 11 "RightBoundary"
2 12 "LeftCrack"
2 13 "RightCrack"
3 1 "Region_Left_Lower"
3 2 "Region_Left_Upper"
3 3 "Region_Middle"
3 4 "Region_Right_Lower"
3 5 "Region_Right_Upper"
$EndPhysicalNames
$Nodes
1452
1 0 0 0
2 0.2 0 0
3 0.8 0 0
4 1 0 0
5 0 1 0
6 0.2 1 0
7 0.8 1 0
8 1 1 0
9 0 0.55 0
10 0.2 0.55 0
11 0 0.65 0
12 0.2 0.65 0
13 0.8 0.35 0
14 1 0.35 0
15 0.8 0.45 0
16 1 0.45 0
17 0 0 1
18 0.2 0 1
19 0.2 0.55 1
20 0 0.55 1
21 0 0.65 1
22 0.2 0.65 1
23 0.2 1 1
24 0 1 1
25 0.8 0 1
26 0.8 0.35 1
27 0.8 0.45 1
28 0.8 1 1
29 1 0 1
30 1 0.35 1
31 1 0.45 1
32 1 1 1
33 0.0999999999997371 0 0
34 0.2857142857141294 0 0
35 0.3714285714281288 0 0
36 0.4571428571421699 0 0
37 0.5428571428564355 0 0
38 0.6285714285709301 0 0
39 0.7142857142854775 0 0
40 0.8999999999998264 0 0
41 0.0999999999997371 1 0
42 0.2857142857141294 1 0
43 0.3714285714281288 1 0
44 0.4571428571421699 1 0
45 0.5428571428564355 1 0
46 0.6285714285709301 1 0
47 0.7142857142854775 1 0
48 0.8999999999998264 1 0
49 0 0.09166666666647762 0
50 0 0.1833333333328603 0
51 0 0.2749999999992648 0
52 0 0.3666666666661693 0
53 0 0.4583333333330736 0
54 0 0.7666666666662403 0
55 0 0.8833333333329503 0
56 1 0.1166666666663845 0
57 1 0.2333333333330381 0
58 1 0.5416666666664244 0
59 1 0.6333333333327404 0
60 1 0.7249999999992084 0
61 1 0.8166666666662115 0
62 1 0.9083333333331129 0
63 0.2 0.09166666666647762 0
64 0.2 0.1833333333328603 0
65 0.2 0.2749999999992648 0
66 0.2 0.3666666666661693 0
67 0.2 0.4583333333330736 0
68 0.2 0.7666666666662403 0
69 0.2 0.8833333333329503 0
70 0.8 0.1166666666663845 0
71 0.8 0.2333333333330381 0
72 0.8 0.5416666666664244 0
73 0.8 0.6333333333327404 0
74 0.8 0.7249999999992084 0
75 0.8 0.8166666666662115 0
76 0.8 0.9083333333331129 0
77 0.0999999999997371 0.55 0
78 0.100000000000274 0.65 0
79 0.8999999999998264 0.35 0
80 0.9000000000001737 0.45 0
81 0.0999999999997371 0 1
82 0.2 0.09166666666647762 1
83 0.2 0.1833333333328603 1
84 0.2 0.2749999999992648 1
85 0.2 0.3666666666661693 1
86 0.2 0.4583333333330736 1
87 0.0999999999997371 0.55 1
88 0 0.4583333333330736 1
89 0 0.3666666666661693 1
90 0 0.2749999999992648 1
91 0 0.1833333333328603 1
92 0 0.09166666666647762 1
93 0 0 0.1
94 0 0 0.2
95 0 0 0.3
96 0 0 0.4
97 0 0 0.5
98 0 0 0.6
99 0 0 0.7
100 0 0 0.8
101 0 0 0.9
102 0.2 0 0.1
103 0.2 0 0.2
104 0.2 0 0.3
105 0.2 0 0.4
106 0.2 0 0.5
107 0.2 0 0.6
108 0.2 0 0.7
109 0.2 0 0.8
110 0.2 0 0.9
111 0.2 0.55 0.1
112 0.2 0.55 0.2
113 0.2 0.55 0.3
114 0.2 0.55 0.4
115 0.2 0.55 0.5
116 0.2 0.55 0.6
117 0.2 0.55 0.7
118 0.2 0.55 0.8
119 0.2 0.55 0.9
120 0 0.55 0.1
121 0 0.55 0.2
122 0 0.55 0.3
123 0 0.55 0.4
124 0 0.55 0.5
125 0 0.55 0.6
126 0 0.55 0.7
127 0 0.55 0.8
128 0 0.55 0.9
129 0.100000000000274 0.65 1
130 0.2 0.7666666666662403 1
131 0.2 0.8833333333329503 1
132 0.0999999999997371 1 1
133 0 0.8833333333329503 1
134 0 0.7666666666662403 1
135 0 0.65 0.1
136 0 0.65 0.2
137 0 0.65 0.3
138 0 0.65 0.4
139 0 0.65 0.5
140 0 0.65 0.6
141 0 0.65 0.7
142 0 0.65 0.8
143 0 0.65 0.9
144 0.2 0.65 0.1
145 0.2 0.65 0.2
146 0.2 0.65 0.3
147 0.2 0.65 0.4
148 0.2 0.65 0.5
149 0.2 0.65 0.6
150 0.2 0.65 0.7
151 0.2 0.65 0.8
152 0.2 0.65 0.9
153 0.2 1 0.1
154 0.2 1 0.2
155 0.2 1 0.3
156 0.2 1 0.4
157 0.2 1 0.5
158 0.2 1 0.6
159 0.2 1 0.7
160 0.2 1 0.8
161 0.2 1 0.9
162 0 1 0.1
163 0 1 0.2
164 0 1 0.3
165 0 1 0.4
166 0 1 0.5
167 0 1 0.6
168 0 1 0.7
169 0 1 0.8
170 0 1 0.9
171 0.2857142857141294 0 1
172 0.3714285714281288 0 1
173 0.4571428571421699 0 1
174 0.5428571428564355 0 1
175 0.6285714285709301 0 1
176 0.7142857142854775 0 1
177 0.8 0.1166666666663845 1
178 0.8 0.2333333333330381 1
179 0.8 0.5416666666664244 1
180 0.8 0.6333333333327404 1
181 0.8 0.7249999999992084 1
182 0.8 0.8166666666662115 1
183 0.8 0.9083333333331129 1
184 0.7142857142854775 1 1
185 0.6285714285709301 1 1
186 0.5428571428564355 1 1
187 0.4571428571421699 1 1
188 0.3714285714281288 1 1
189 0.2857142857141294 1 1
190 0.8 0 0.1
191 0.8 0 0.2
192 0.8 0 0.3
193 0.8 0 0.4
194 0.8 0 0.5
195 0.8 0 0.6
196 0.8 0 0.7
197 0.8 0 0.8
198 0.8 0 0.9
199 0.8 0.35 0.1
200 0.8 0.35 0.2
201 0.8 0.35 0.3
202 0.8 0.35 0.4
203 0.8 0.35 0.5
204 0.8 0.35 0.6
205 0.8 0.35 0.7
206 0.8 0.35 0.8
207 0.8 0.35 0.9
208 0.8 0.45 0.1
209 0.8 0.45 0.2
210 0.8 0.45 0.3
211 0.8 0.45 0.4
212 0.8 0.45 0.5
213 0.8 0.45 0.6
214 0.8 0.45 0.7
215 0.8 0.45 0.8
216 0.8 0.45 0.9
217 0.8 1 0.1
218 0.8 1 0.2
219 0.8 1 0.3
220 0.8 1 0.4
221 0.8 1 0.5
222 0.8 1 0.6
223 0.8 1 0.7
224 0.8 1 0.8
225 0.8 1 0.9
226 0.8999999999998264 0 1
227 1 0.1166666666663845 1
228 1 0.2333333333330381 1
229 0.8999999999998264 0.35 1
230 1 0 0.1
231 1 0 0.2
232 1 0 0.3
233 1 0 0.4
234 1 0 0.5
235 1 0 0.6
236 1 0 0.7
237 1 0 0.8
238 1 0 0.9
239 1 0.35 0.1
240 1 0.35 0.2
241 1 0.35 0.3
242 1 0.35 0.4
243 1 0.35 0.5
244 1 0.35 0.6
245 1 0.35 0.7
246 1 0.35 0.8
247 1 0.35 0.9
248 0.9000000000001737 0.45 1
249 1 0.5416666666664244 1
250 1 0.6333333333327404 1
251 1 0.7249999999992084 1
252 1 0.8166666666662115 1
253 1 0.9083333333331129 1
254 0.8999999999998264 1 1
255 1 0.45 0.1
256 1 0.45 0.2
257 1 0.45 0.3
258 1 0.45 0.4
259 1 0.45 0.5
260 1 0.45 0.6
261 1 0.45 0.7
262 1 0.45 0.8
263 1 0.45 0.9
264 1 1 0.1
265 1 1 0.2
266 1 1 0.3
267 1 1 0.4
268 1 1 0.5
269 1 1 0.6
270 1 1 0.7
271 1 1 0.8
272 1 1 0.9
273 0.09999999999992179 0.09166666666646441 0
274 0.09999999999997505 0.1833333333329066 0
275 0.09999999999998645 0.2749999999994266 0
276 0.09999999999997508 0.3666666666662185 0
277 0.09999999999992179 0.458333333333093 0
278 0.1000000000000484 0.7666666666663602 0
279 0.09999999999995456 0.8833333333330473 0
280 0.2857142857141194 0.09443690387863177 0
281 0.2857142857141353 0.1886658270712919 0
282 0.2857142857141486 0.2826637481077505 0
283 0.2857142857141569 0.3765906536790483 0
284 0.2857142857141616 0.47094922811168 0
285 0.2857142857141642 0.567092060433853 0
286 0.2857142857141636 0.6686804060958598 0
287 0.2857142857141546 0.7775741663988469 0
288 0.2857142857141339 0.8884696429713145 0
289 0.3714285714282339 0.0972801333799849 0
290 0.3714285714282972 0.1941406294681487 0
291 0.3714285714283317 0.2904953220685305 0
292 0.3714285714283495 0.3865387271720124 0
293 0.3714285714283586 0.4828978859629889 0
294 0.3714285714283618 0.5807697819953426 0
295 0.3714285714283559 0.681816883824892 0
296 0.3714285714283289 0.786485156188048 0
297 0.3714285714282607 0.8929090969619943 0
298 0.4571428571424054 0.1002443671372744 0
299 0.4571428571425156 0.1998610737709451 0
300 0.457142857142568 0.2986092952163302 0
301 0.4571428571425928 0.3965208539311221 0
302 0.4571428571426041 0.4941299336393342 0
303 0.4571428571426058 0.5923864426222633 0
304 0.4571428571425922 0.6922347795567694 0
305 0.4571428571425458 0.7939037586115427 0
306 0.4571428571424301 0.8967119391297165 0
307 0.5428571428566922 0.1034585398997247 0
308 0.5428571428568105 0.2061069844933209 0
309 0.5428571428568657 0.307421062708898 0
310 0.542857142856891 0.4069598270730344 0
311 0.5428571428569015 0.505141543809155 0
312 0.5428571428569005 0.6029580814672884 0
313 0.5428571428568819 0.7012520311925577 0
314 0.5428571428568282 0.8003391744445263 0
315 0.5428571428567035 0.9000325871805922 0
316 0.6285714285710893 0.1071299121141092 0
317 0.6285714285711753 0.2133531268104078 0
318 0.6285714285712174 0.3177299710120562 0
319 0.6285714285712365 0.4186037831281605 0
320 0.6285714285712435 0.5165290734481248 0
321 0.6285714285712409 0.6131529860148032 0
322 0.6285714285712235 0.7095490595527346 0
323 0.6285714285711794 0.8061576154060991 0
324 0.6285714285710894 0.9030169676786 0
325 0.7142857142855397 0.1114895416518857 0
326 0.7142857142855816 0.222227690853558 0
327 0.7142857142856035 0.3309611144399617 0
328 0.714285714285613 0.4325107919870327 0
329 0.714285714285616 0.5287489030287686 0
330 0.7142857142856135 0.6233031508529296 0
331 0.7142857142856031 0.7174452910379545 0
332 0.7142857142855791 0.8115712799635754 0
333 0.7142857142855363 0.9057657529359547 0
334 0.8999999999999533 0.1166666666664586 0
335 0.8999999999999532 0.233333333333119 0
336 0.9000000000000511 0.5416666666664187 0
337 0.9000000000000139 0.6333333333328277 0
338 0.9000000000000001 0.724999999999383 0
339 0.8999999999999861 0.8166666666662318 0
340 0.899999999999949 0.9083333333331144 0
341 0.0999999999997371 0 0.1
342 0.0999999999997371 0 0.2
343 0.0999999999997371 0 0.3
344 0.0999999999997371 0 0.4
345 0.0999999999997371 0 0.5
346 0.0999999999997371 0 0.6
347 0.0999999999997371 0 0.7
348 0.0999999999997371 0 0.8
349 0.0999999999997371 0 0.9
350 0.2 0.09166666666647762 0.1
351 0.2 0.09166666666647762 0.2
352 0.2 0.09166666666647762 0.3
353 0.2 0.09166666666647762 0.4
354 0.2 0.09166666666647762 0.5
355 0.2 0.09166666666647762 0.6
356 0.2 0.09166666666647762 0.7
357 0.2 0.09166666666647762 0.8
358 0.2 0.09166666666647762 0.9
359 0.2 0.1833333333328603 0.1
360 0.2 0.1833333333328603 0.2
361 0.2 0.1833333333328603 0.3
362 0.2 0.1833333333328603 0.4
363 0.2 0.1833333333328603 0.5
364 0.2 0.1833333333328603 0.6
365 0.2 0.1833333333328603 0.7
366 0.2 0.1833333333328603 0.8
367 0.2 0.1833333333328603 0.9
368 0.2 0.2749999999992648 0.1
369 0.2 0.2749999999992648 0.2
370 0.2 0.2749999999992648 0.3
371 0.2 0.2749999999992648 0.4
372 0.2 0.2749999999992648 0.5
373 0.2 0.2749999999992648 0.6
374 0.2 0.2749999999992648 0.7
375 0.2 0.2749999999992648 0.8
376 0.2 0.2749999999992648 0.9
377 0.2 0.3666666666661693 0.1
378 0.2 0.3666666666661693 0.2
379 0.2 0.3666666666661693 0.3
380 0.2 0.3666666666661693 0.4
381 0.2 0.3666666666661693 0.5
382 0.2 0.3666666666661693 0.6
383 0.2 0.3666666666661693 0.7
384 0.2 0.3666666666661693 0.8
385 0.2 0.3666666666661693 0.9
386 0.2 0.4583333333330736 0.1
387 0.2 0.4583333333330736 0.2
388 0.2 0.4583333333330736 0.3
389 0.2 0.4583333333330736 0.4
390 0.2 0.4583333333330736 0.5
391 0.2 0.4583333333330736 0.6
392 0.2 0.4583333333330736 0.7
393 0.2 0.4583333333330736 0.8
394 0.2 0.4583333333330736 0.9
395 0.0999999999997371 0.55 0.1
396 0.0999999999997371 0.55 0.2
397 0.0999999999997371 0.55 0.3
398 0.0999999999997371 0.55 0.4
399 0.0999999999997371 0.55 0.5
400 0.0999999999997371 0.55 0.6
401 0.0999999999997371 0.55 0.7
402 0.0999999999997371 0.55 0.8
403 0.0999999999997371 0.55 0.9
404 0 0.09166666666647762 0.1
405 0 0.09166666666647762 0.2
406 0 0.09166666666647762 0.3
407 0 0.09166666666647762 0.4
408 0 0.09166666666647762 0.5
409 0 0.09166666666647762 0.6
410 0 0.09166666666647762 0.7
411 0 0.09166666666647762 0.8
412 0 0.09166666666647762 0.9
413 0 0.1833333333328603 0.1
414 0 0.1833333333328603 0.2
415 0 0.1833333333328603 0.3
416 0 0.1833333333328603 0.4
417 0 0.1833333333328603 0.5
418 0 0.1833333333328603 0.6
419 0 0.1833333333328603 0.7
420 0 0.1833333333328603 0.8
421 0 0.1833333333328603 0.9
422 0 0.2749999999992648 0.1
423 0 0.2749999999992648 0.2
424 0 0.2749999999992648 0.3
425 0 0.2749999999992648 0.4
426 0 0.2749999999992648 0.5
427 0 0.2749999999992648 0.6
428 0 0.2749999999992648 0.7
429 0 0.2749999999992648 0.8
430 0 0.2749999999992648 0.9
431 0 0.3666666666661693 0.1
432 0 0.3666666666661693 0.2
433 0 0.3666666666661693 0.3
434 0 0.3666666666661693 0.4
435 0 0.3666666666661693 0.5
436 0 0.3666666666661693 0.6
437 0 0.3666666666661693 0.7
438 0 0.3666666666661693 0.8
439 0 0.3666666666661693 0.9
440 0 0.4583333333330736 0.1
441 0 0.4583333333330736 0.2
442 0 0.4583333333330736 0.3
443 0 0.4583333333330736 0.4
444 0 0.4583333333330736 0.5
445 0 0.4583333333330736 0.6
446 0 0.4583333333330736 0.7
447 0 0.4583333333330736 0.8
448 0 0.4583333333330736 0.9
449 0.09999999999992179 0.09166666666646441 1
450 0.09999999999997505 0.1833333333329066 1
451 0.09999999999998645 0.2749999999994266 1
452 0.09999999999997508 0.3666666666662185 1
453 0.09999999999992179 0.458333333333093 1
454 0.100000000000274 0.65 0.1
455 0.100000000000274 0.65 0.2
456 0.100000000000274 0.65 0.3
457 0.100000000000274 0.65 0.4
458 0.100000000000274 0.65 0.5
459 0.100000000000274 0.65 0.6
460 0.100000000000274 0.65 0.7
461 0.100000000000274 0.65 0.8
462 0.100000000000274 0.65 0.9
463 0.2 0.7666666666662403 0.1
464 0.2 0.7666666666662403 0.2
465 0.2 0.7666666666662403 0.3
466 0.2 0.7666666666662403 0.4
467 0.2 0.7666666666662403 0.5
468 0.2 0.7666666666662403 0.6
469 0.2 0.7666666666662403 0.7
470 0.2 0.7666666666662403 0.8
471 0.2 0.7666666666662403 0.9
472 0.2 0.8833333333329503 0.1
473 0.2 0.8833333333329503 0.2
474 0.2 0.8833333333329503 0.3
475 0.2 0.8833333333329503 0.4
476 0.2 0.8833333333329503 0.5
477 0.2 0.8833333333329503 0.6
478 0.2 0.8833333333329503 0.7
479 0.2 0.8833333333329503 0.8
480 0.2 0.8833333333329503 0.9
481 0.0999999999997371 1 0.1
482 0.0999999999997371 1 0.2
483 0.0999999999997371 1 0.3
484 0.0999999999997371 1 0.4
485 0.0999999999997371 1 0.5
486 0.0999999999997371 1 0.6
487 0.0999999999997371 1 0.7
488 0.0999999999997371 1 0.8
489 0.0999999999997371 1 0.9
490 0 0.7666666666662403 0.1
491 0 0.7666666666662403 0.2
492 0 0.7666666666662403 0.3
493 0 0.7666666666662403 0.4
494 0 0.7666666666662403 0.5
495 0 0.7666666666662403 0.6
496 0 0.7666666666662403 0.7
497 0 0.7666666666662403 0.8
498 0 0.7666666666662403 0.9
499 0 0.8833333333329503 0.1
500 0 0.8833333333329503 0.2
501 0 0.8833333333329503 0.3
502 0 0.8833333333329503 0.4
503 0 0.8833333333329503 0.5
504 0 0.8833333333329503 0.6
505 0 0.8833333333329503 0.7
506 0 0.8833333333329503 0.8
507 0 0.8833333333329503 0.9
508 0.1000000000000484 0.7666666666663602 1
509 0.09999999999995456 0.8833333333330473 1
510 0.2857142857141294 0 0.1
511 0.2857142857141294 0 0.2
512 0.2857142857141294 0 0.3
513 0.2857142857141294 0 0.4
514 0.2857142857141294 0 0.5
515 0.2857142857141294 0 0.6
516 0.2857142857141294 0 0.7
517 0.2857142857141294 0 0.8
518 0.2857142857141294 0 0.9
519 0.3714285714281288 0 0.1
520 0.3714285714281288 0 0.2
521 0.3714285714281288 0 0.3
522 0.3714285714281288 0 0.4
523 0.3714285714281288 0 0.5
524 0.3714285714281288 0 0.6
525 0.3714285714281288 0 0.7
526 0.3714285714281288 0 0.8
527 0.3714285714281288 0 0.9
528 0.4571428571421699 0 0.1
529 0.4571428571421699 0 0.2
530 0.4571428571421699 0 0.3
531 0.4571428571421699 0 0.4
532 0.4571428571421699 0 0.5
533 0.4571428571421699 0 0.6
534 0.4571428571421699 0 0.7
535 0.4571428571421699 0 0.8
536 0.4571428571421699 0 0.9
537 0.5428571428564355 0 0.1
538 0.5428571428564355 0 0.2
539 0.5428571428564355 0 0.3
540 0.5428571428564355 0 0.4
541 0.5428571428564355 0 0.5
542 0.5428571428564355 0 0.6
543 0.5428571428564355 0 0.7
544 0.5428571428564355 0 0.8
545 0.5428571428564355 0 0.9
546 0.6285714285709301 0 0.1
547 0.6285714285709301 0 0.2
548 0.6285714285709301 0 0.3
549 0.6285714285709301 0 0.4
550 0.6285714285709301 0 0.5
551 0.6285714285709301 0 0.6
552 0.6285714285709301 0 0.7
553 0.6285714285709301 0 0.8
554 0.6285714285709301 0 0.9
555 0.7142857142854775 0 0.1
556 0.7142857142854775 0 0.2
557 0.7142857142854775 0 0.3
558 0.7142857142854775 0 0.4
559 0.7142857142854775 0 0.5
560 0.7142857142854775 0 0.6
561 0.7142857142854775 0 0.7
562 0.7142857142854775 0 0.8
563 0.7142857142854775 0 0.9
564 0.8 0.1166666666663845 0.1
565 0.8 0.1166666666663845 0.2
566 0.8 0.1166666666663845 0.3
567 0.8 0.1166666666663845 0.4
568 0.8 0.1166666666663845 0.5
569 0.8 0.1166666666663845 0.6
570 0.8 0.1166666666663845 0.7
571 0.8 0.1166666666663845 0.8
572 0.8 0.1166666666663845 0.9
573 0.8 0.2333333333330381 0.1
574 0.8 0.2333333333330381 0.2
575 0.8 0.2333333333330381 0.3
576 0.8 0.2333333333330381 0.4
577 0.8 0.2333333333330381 0.5
578 0.8 0.2333333333330381 0.6
579 0.8 0.2333333333330381 0.7
580 0.8 0.2333333333330381 0.8
581 0.8 0.2333333333330381 0.9
582 0.8 0.5416666666664244 0.1
583 0.8 0.5416666666664244 0.2
584 0.8 0.5416666666664244 0.3
585 0.8 0.5416666666664244 0.4
586 0.8 0.5416666666664244 0.5
587 0.8 0.5416666666664244 0.6
588 0.8 0.5416666666664244 0.7
589 0.8 0.5416666666664244 0.8
590 0.8 0.5416666666664244 0.9
591 0.8 0.6333333333327404 0.1
592 0.8 0.6333333333327404 0.2
593 0.8 0.6333333333327404 0.3
594 0.8 0.6333333333327404 0.4
595 0.8 0.6333333333327404 0.5
596 0.8 0.6333333333327404 0.6
597 0.8 0.6333333333327404 0.7
598 0.8 0.6333333333327404 0.8
599 0.8 0.6333333333327404 0.9
600 0.8 0.7249999999992084 0.1
601 0.8 0.7249999999992084 0.2
602 0.8 0.7249999999992084 0.3
603 0.8 0.7249999999992084 0.4
604 0.8 0.7249999999992084 0.5
605 0.8 0.7249999999992084 0.6
606 0.8 0.7249999999992084 0.7
607 0.8 0.7249999999992084 0.8
608 0.8 0.7249999999992084 0.9
609 0.8 0.8166666666662115 0.1
610 0.8 0.8166666666662115 0.2
611 0.8 0.8166666666662115 0.3
612 0.8 0.8166666666662115 0.4
613 0.8 0.8166666666662115 0.5
614 0.8 0.8166666666662115 0.6
615 0.8 0.8166666666662115 0.7
616 0.8 0.8166666666662115 0.8
617 0.8 0.8166666666662115 0.9
618 0.8 0.9083333333331129 0.1
619 0.8 0.9083333333331129 0.2
620 0.8 0.9083333333331129 0.3
621 0.8 0.9083333333331129 0.4
622 0.8 0.9083333333331129 0.5
623 0.8 0.9083333333331129 0.6
624 0.8 0.9083333333331129 0.7
625 0.8 0.9083333333331129 0.8
626 0.8 0.9083333333331129 0.9
627 0.2857142857141294 1 0.1
628 0.2857142857141294 1 0.2
629 0.2857142857141294 1 0.3
630 0.2857142857141294 1 0.4
631 0.2857142857141294 1 0.5
632 0.2857142857141294 1 0.6
633 0.2857142857141294 1 0.7
634 0.2857142857141294 1 0.8
635 0.2857142857141294 1 0.9
636 0.3714285714281288 1 0.1
637 0.3714285714281288 1 0.2
638 0.3714285714281288 1 0.3
639 0.3714285714281288 1 0.4
640 0.3714285714281288 1 0.5
641 0.3714285714281288 1 0.6
642 0.3714285714281288 1 0.7
643 0.3714285714281288 1 0.8
644 0.3714285714281288 1 0.9
645 0.4571428571421699 1 0.1
646 0.4571428571421699 1 0.2
647 0.4571428571421699 1 0.3
648 0.4571428571421699 1 0.4
649 0.4571428571421699 1 0.5
650 0.4571428571421699 1 0.6
651 0.4571428571421699 1 0.7
652 0.4571428571421699 1 0.8
653 0.4571428571421699 1 0.9
654 0.5428571428564355 1 0.1
655 0.5428571428564355 1 0.2
656 0.5428571428564355 1 0.3
657 0.5428571428564355 1 0.4
658 0.5428571428564355 1 0.5
659 0.5428571428564355 1 0.6
660 0.5428571428564355 1 0.7
661 0.5428571428564355 1 0.8
662 0.5428571428564355 1 0.9
663 0.6285714285709301 1 0.1
664 0.6285714285709301 1 0.2
665 0.6285714285709301 1 0.3
666 0.6285714285709301 1 0.4
667 0.6285714285709301 1 0.5
668 0.6285714285709301 1 0.6
669 0.6285714285709301 1 0.7
670 0.6285714285709301 1 0.8
671 0.6285714285709301 1 0.9
672 0.7142857142854775 1 0.1
673 0.7142857142854775 1 0.2
674 0.7142857142854775 1 0.3
675 0.7142857142854775 1 0.4
676 0.7142857142854775 1 0.5
677 0.7142857142854775 1 0.6
678 0.7142857142854775 1 0.7
679 0.7142857142854775 1 0.8
680 0.7142857142854775 1 0.9
681 0.2857142857141194 0.09443690387863177 1
682 0.2857142857141353 0.1886658270712919 1
683 0.2857142857141486 0.2826637481077505 1
684 0.2857142857141569 0.3765906536790483 1
685 0.2857142857141616 0.47094922811168 1
686 0.2857142857141642 0.567092060433853 1
687 0.2857142857141636 0.6686804060958598 1
688 0.2857142857141546 0.7775741663988469 1
689 0.2857142857141339 0.8884696429713145 1
690 0.3714285714282339 0.0972801333799849 1
691 0.3714285714282972 0.1941406294681487 1
692 0.3714285714283317 0.2904953220685305 1
693 0.3714285714283495 0.3865387271720124 1
694 0.3714285714283586 0.4828978859629889 1
695 0.3714285714283618 0.5807697819953426 1
696 0.3714285714283559 0.681816883824892 1
697 0.3714285714283289 0.786485156188048 1
698 0.3714285714282607 0.8929090969619943 1
699 0.4571428571424054 0.1002443671372744 1
700 0.4571428571425156 0.1998610737709451 1
701 0.457142857142568 0.2986092952163302 1
702 0.4571428571425928 0.3965208539311221 1
703 0.4571428571426041 0.4941299336393342 1
704 0.4571428571426058 0.5923864426222633 1
705 0.4571428571425922 0.6922347795567694 1
706 0.4571428571425458 0.7939037586115427 1
707 0.4571428571424301 0.8967119391297165 1
708 0.5428571428566922 0.1034585398997247 1
709 0.5428571428568105 0.2061069844933209 1
710 0.5428571428568657 0.307421062708898 1
711 0.542857142856891 0.4069598270730344 1
712 0.5428571428569015 0.505141543809155 1
713 0.5428571428569005 0.6029580814672884 1
714 0.5428571428568819 0.7012520311925577 1
715 0.5428571428568282 0.8003391744445263 1
716 0.5428571428567035 0.9000325871805922 1
717 0.6285714285710893 0.1071299121141092 1
718 0.6285714285711753 0.2133531268104078 1
719 0.6285714285712174 0.3177299710120562 1
720 0.6285714285712365 0.4186037831281605 1
721 0.6285714285712435 0.5165290734481248 1
722 0.6285714285712409 0.6131529860148032 1
723 0.6285714285712235 0.7095490595527346 1
724 0.6285714285711794 0.8061576154060991 1
725 0.6285714285710894 0.9030169676786 1
726 0.7142857142855397 0.1114895416518857 1
727 0.7142857142855816 0.222227690853558 1
728 0.7142857142856035 0.3309611144399617 1
729 0.714285714285613 0.4325107919870327 1
730 0.714285714285616 0.5287489030287686 1
731 0.7142857142856135 0.6233031508529296 1
732 0.7142857142856031 0.7174452910379545 1
733 0.7142857142855791 0.8115712799635754 1
734 0.7142857142855363 0.9057657529359547 1
735 0.8999999999998264 0 0.1
736 0.8999999999998264 0 0.2
737 0.8999999999998264 0 0.3
738 0.8999999999998264 0 0.4
739 0.8999999999998264 0 0.5
740 0.8999999999998264 0 0.6
741 0.8999999999998264 0 0.7
742 0.8999999999998264 0 0.8
743 0.8999999999998264 0 0.9
744 1 0.1166666666663845 0.1
745 1 0.1166666666663845 0.2
746 1 0.1166666666663845 0.3
747 1 0.1166666666663845 0.4
748 1 0.1166666666663845 0.5
749 1 0.1166666666663845 0.6
750 1 0.1166666666663845 0.7
751 1 0.1166666666663845 0.8
752 1 0.1166666666663845 0.9
753 1 0.2333333333330381 0.1
754 1 0.2333333333330381 0.2
755 1 0.2333333333330381 0.3
756 1 0.2333333333330381 0.4
757 1 0.2333333333330381 0.5
758 1 0.2333333333330381 0.6
759 1 0.2333333333330381 0.7
760 1 0.2333333333330381 0.8
761 1 0.2333333333330381 0.9
762 0.8999999999998264 0.35 0.1
763 0.8999999999998264 0.35 0.2
764 0.8999999999998264 0.35 0.3
765 0.8999999999998264 0.35 0.4
766 0.8999999999998264 0.35 0.5
767 0.8999999999998264 0.35 0.6
768 0.8999999999998264 0.35 0.7
769 0.8999999999998264 0.35 0.8
770 0.8999999999998264 0.35 0.9
771 0.8999999999999533 0.1166666666664586 1
772 0.8999999999999532 0.233333333333119 1
773 0.9000000000001737 0.45 0.1
774 0.9000000000001737 0.45 0.2
775 0.9000000000001737 0.45 0.3
776 0.9000000000001737 0.45 0.4
777 0.9000000000001737 0.45 0.5
778 0.9000000000001737 0.45 0.6
779 0.9000000000001737 0.45 0.7
780 0.9000000000001737 0.45 0.8
781 0.9000000000001737 0.45 0.9
782 1 0.5416666666664244 0.1
783 1 0.5416666666664244 0.2
784 1 0.5416666666664244 0.3
785 1 0.5416666666664244 0.4
786 1 0.5416666666664244 0.5
787 1 0.5416666666664244 0.6
788 1 0.5416666666664244 0.7
789 1 0.5416666666664244 0.8
790 1 0.5416666666664244 0.9
791 1 0.6333333333327404 0.1
792 1 0.6333333333327404 0.2
793 1 0.6333333333327404 0.3
794 1 0.6333333333327404 0.4
795 1 0.6333333333327404 0.5
796 1 0.6333333333327404 0.6
797 1 0.6333333333327404 0.7
798 1 0.6333333333327404 0.8
799 1 0.6333333333327404 0.9
800 1 0.7249999999992084 0.1
801 1 0.7249999999992084 0.2
802 1 0.7249999999992084 0.3
803 1 0.7249999999992084 0.4
804 1 0.7249999999992084 0.5
805 1 0.7249999999992084 0.6
806 1 0.7249999999992084 0.7
807 1 0.7249999999992084 0.8
808 1 0.7249999999992084 0.9
809 1 0.8166666666662115 0.1
810 1 0.8166666666662115 0.2
811 1 0.8166666666662115 0.3
812 1 0.8166666666662115 0.4
813 1 0.8166666666662115 0.5
814 1 0.8166666666662115 0.6
815 1 0.8166666666662115 0.7
816 1 0.8166666666662115 0.8
817 1 0.8166666666662115 0.9
818 1 0.9083333333331129 0.1
819 1 0.9083333333331129 0.2
820 1 0.9083333333331129 0.3
821 1 0.9083333333331129 0.4
822 1 0.9083333333331129 0.5
823 1 0.9083333333331129 0.6
824 1 0.9083333333331129 0.7
825 1 0.9083333333331129 0.8
826 1 0.9083333333331129 0.9
827 0.8999999999998264 1 0.1
828 0.8999999999998264 1 0.2
829 0.8999999999998264 1 0.3
830 0.8999999999998264 1 0.4
831 0.8999999999998264 1 0.5
832 0.8999999999998264 1 0.6
833 0.8999999999998264 1 0.7
834 0.8999999999998264 1 0.8
835 0.8999999999998264 1 0.9
836 0.9000000000000511 0.5416666666664187 1
837 0.9000000000000139 0.6333333333328277 1
838 0.9000000000000001 0.724999999999383 1
839 0.8999999999999861 0.8166666666662318 1
840 0.899999999999949 0.9083333333331144 1
841 0.09999999999992179 0.09166666666646441 0.1
842 0.09999999999992179 0.09166666666646441 0.2
843 0.09999999999992179 0.09166666666646441 0.3
844 0.09999999999992179 0.09166666666646441 0.4
845 0.09999999999992179 0.09166666666646441 0.5
846 0.09999999999992179 0.09166666666646441 0.6
847 0.09999999999992179 0.09166666666646441 0.7
848 0.09999999999992179 0.09166666666646441 0.8
849 0.09999999999992179 0.09166666666646441 0.9
850 0.09999999999997505 0.1833333333329066 0.1
851 0.09999999999997505 0.1833333333329066 0.2
852 0.09999999999997505 0.1833333333329066 0.3
853 0.09999999999997505 0.1833333333329066 0.4
854 0.09999999999997505 0.1833333333329066 0.5
855 0.09999999999997505 0.1833333333329066 0.6
856 0.09999999999997505 0.1833333333329066 0.7
857 0.09999999999997505 0.1833333333329066 0.8
858 0.09999999999997505 0.1833333333329066 0.9
859 0.09999999999998645 0.2749999999994266 0.1
860 0.09999999999998645 0.2749999999994266 0.2
861 0.09999999999998645 0.2749999999994266 0.3
862 0.09999999999998645 0.2749999999994266 0.4
863 0.09999999999998645 0.2749999999994266 0.5
864 0.09999999999998645 0.2749999999994266 0.6
865 0.09999999999998645 0.2749999999994266 0.7
866 0.09999999999998645 0.2749999999994266 0.8
867 0.09999999999998645 0.2749999999994266 0.9
868 0.09999999999997508 0.3666666666662185 0.1
869 0.09999999999997508 0.3666666666662185 0.2
870 0.09999999999997508 0.3666666666662185 0.3
871 0.09999999999997508 0.3666666666662185 0.4
872 0.09999999999997508 0.3666666666662185 0.5
873 0.09999999999997508 0.3666666666662185 0.6
874 0.09999999999997508 0.3666666666662185 0.7
875 0.09999999999997508 0.3666666666662185 0.8
876 0.09999999999997508 0.3666666666662185 0.9
877 0.09999999999992179 0.458333333333093 0.1
878 0.09999999999992179 0.458333333333093 0.2
879 0.09999999999992179 0.458333333333093 0.3
880 0.09999999999992179 0.458333333333093 0.4
881 0.09999999999992179 0.458333333333093 0.5
882 0.09999999999992179 0.458333333333093 0.6
883 0.09999999999992179 0.458333333333093 0.7
884 0.09999999999992179 0.458333333333093 0.8
885 0.09999999999992179 0.458333333333093 0.9
886 0.1000000000000484 0.7666666666663602 0.1
887 0.1000000000000484 0.7666666666663602 0.2
888 0.1000000000000484 0.7666666666663602 0.3
889 0.1000000000000484 0.7666666666663602 0.4
890 0.1000000000000484 0.7666666666663602 0.5
891 0.1000000000000484 0.7666666666663602 0.6
892 0.1000000000000484 0.7666666666663602 0.7
893 0.1000000000000484 0.7666666666663602 0.8
894 0.1000000000000484 0.7666666666663602 0.9
895 0.09999999999995456 0.8833333333330473 0.1
896 0.09999999999995456 0.8833333333330473 0.2
897 0.09999999999995456 0.8833333333330473 0.3
898 0.09999999999995456 0.8833333333330473 0.4
899 0.09999999999995456 0.8833333333330473 0.5
900 0.09999999999995456 0.8833333333330473 0.6
901 0.09999999999995456 0.8833333333330473 0.7
902 0.09999999999995456 0.8833333333330473 0.8
903 0.09999999999995456 0.8833333333330473 0.9
904 0.2857142857141194 0.09443690387863177 0.1
905 0.2857142857141194 0.09443690387863177 0.2
906 0.2857142857141194 0.09443690387863177 0.3
907 0.2857142857141194 0.09443690387863177 0.4
908 0.2857142857141194 0.09443690387863177 0.5
909 0.2857142857141194 0.09443690387863177 0.6
910 0.2857142857141194 0.09443690387863177 0.7
911 0.2857142857141194 0.09443690387863177 0.8
912 0.2857142857141194 0.09443690387863177 0.9
913 0.2857142857141353 0.1886658270712919 0.1
914 0.2857142857141353 0.1886658270712919 0.2
915 0.2857142857141353 0.1886658270712919 0.3
916 0.2857142857141353 0.1886658270712919 0.4
917 0.2857142857141353 0.1886658270712919 0.5
918 0.2857142857141353 0.1886658270712919 0.6
919 0.2857142857141353 0.1886658270712919 0.7
920 0.2857142857141353 0.1886658270712919 0.8
921 0.2857142857141353 0.1886658270712919 0.9
922 0.2857142857141486 0.2826637481077505 0.1
923 0.2857142857141486 0.2826637481077505 0.2
924 0.2857142857141486 0.2826637481077505 0.3
925 0.2857142857141486 0.2826637481077505 0.4
926 0.2857142857141486 0.2826637481077505 0.5
927 0.2857142857141486 0.2826637481077505 0.6
928 0.2857142857141486 0.2826637481077505 0.7
929 0.2857142857141486 0.2826637481077505 0.8
930 0.2857142857141486 0.2826637481077505 0.9
931 0.2857142857141569 0.3765906536790483 0.1
932 0.2857142857141569 0.3765906536790483 0.2
933 0.2857142857141569 0.3765906536790483 0.3
934 0.2857142857141569 0.3765906536790483 0.4
935 0.2857142857141569 0.3765906536790483 0.5
936 0.2857142857141569 0.3765906536790483 0.6
937 0.2857142857141569 0.3765906536790483 0.7
938 0.2857142857141569 0.3765906536790483 0.8
939 0.2857142857141569 0.3765906536790483 0.9
940 0.2857142857141616 0.47094922811168 0.1
941 0.2857142857141616 0.47094922811168 0.2
942 0.2857142857141616 0.47094922811168 0.3
943 0.2857142857141616 0.47094922811168 0.4
944 0.2857142857141616 0.47094922811168 0.5
945 0.2857142857141616 0.47094922811168 0.6
946 0.2857142857141616 0.47094922811168 0.7
947 0.2857142857141616 0.47094922811168 0.8
948 0.2857142857141616 0.47094922811168 0.9
949 0.2857142857141642 0.567092060433853 0.1
950 0.2857142857141642 0.567092060433853 0.2
951 0.2857142857141642 0.567092060433853 0.3
952 0.2857142857141642 0.567092060433853 0.4
953 0.2857142857141642 0.567092060433853 0.5
954 0.2857142857141642 0.567092060433853 0.6
955 0.2857142857141642 0.567092060433853 0.7
956 0.2857142857141642 0.567092060433853 0.8
957 0.2857142857141642 0.567092060433853 0.9
958 0.2857142857141636 0.6686804060958598 0.1
959 0.2857142857141636 0.6686804060958598 0.2
960 0.2857142857141636 0.6686804060958598 0.3
961 0.2857142857141636 0.6686804060958598 0.4
962 0.2857142857141636 0.6686804060958598 0.5
963 0.2857142857141636 0.6686804060958598 0.6
964 0.2857142857141636 0.6686804060958598 0.7
965 0.2857142857141636 0.6686804060958598 0.8
966 0.2857142857141636 0.6686804060958598 0.9
967 0.2857142857141546 0.7775741663988469 0.1
968 0.2857142857141546 0.7775741663988469 0.2
969 0.2857142857141546 0.7775741663988469 0.3
970 0.2857142857141546 0.7775741663988469 0.4
971 0.2857142857141546 0.7775741663988469 0.5
972 0.2857142857141546 0.7775741663988469 0.6
973 0.2857142857141546 0.7775741663988469 0.7
974 0.2857142857141546 0.7775741663988469 0.8
975 0.2857142857141546 0.7775741663988469 0.9
976 0.2857142857141339 0.8884696429713145 0.1
977 0.2857142857141339 0.8884696429713145 0.2
978 0.2857142857141339 0.8884696429713145 0.3
979 0.2857142857141339 0.8884696429713145 0.4
980 0.2857142857141339 0.8884696429713145 0.5
981 0.2857142857141339 0.8884696429713145 0.6
982 0.2857142857141339 0.8884696429713145 0.7
983 0.2857142857141339 0.8884696429713145 0.8
984 0.2857142857141339 0.8884696429713145 0.9
985 0.3714285714282339 0.0972801333799849 0.1
986 0.3714285714282339 0.0972801333799849 0.2
987 0.3714285714282339 0.0972801333799849 0.3
988 0.3714285714282339 0.0972801333799849 0.4
989 0.3714285714282339 0.0972801333799849 0.5
990 0.3714285714282339 0.0972801333799849 0.6
991 0.3714285714282339 0.0972801333799849 0.7
992 0.3714285714282339 0.0972801333799849 0.8
993 0.3714285714282339 0.0972801333799849 0.9
994 0.3714285714282972 0.1941406294681487 0.1
995 0.3714285714282972 0.1941406294681487 0.2
996 0.3714285714282972 0.1941406294681487 0.3
997 0.3714285714282972 0.1941406294681487 0.4
998 0.3714285714282972 0.1941406294681487 0.5
999 0.3714285714282972 0.1941406294681487 0.6
1000 0.3714285714282972 0.1941406294681487 0.7
1001 0.3714285714282972 0.1941406294681487 0.8
1002 0.3714285714282972 0.1941406294681487 0.9
1003 0.3714285714283317 0.2904953220685305 0.1
1004 0.3714285714283317 0.2904953220685305 0.2
1005 0.3714285714283317 0.2904953220685305 0.3
1006 0.3714285714283317 0.2904953220685305 0.4
1007 0.3714285714283317 0.2904953220685305 0.5
1008 0.3714285714283317 0.2904953220685305 0.6
1009 0.3714285714283317 0.2904953220685305 0.7
1010 0.3714285714283317 0.2904953220685305 0.8
1011 0.3714285714283317 0.2904953220685305 0.9
1012 0.3714285714283495 0.3865387271720124 0.1
1013 0.3714285714283495 0.3865387271720124 0.2
1014 0.3714285714283495 0.3865387271720124 0.3
1015 0.3714285714283495 0.3865387271720124 0.4
1016 0.3714285714283495 0.3865387271720124 0.5
1017 0.3714285714283495 0.3865387271720124 0.6
1018 0.3714285714283495 0.3865387271720124 0.7
1019 0.3714285714283495 0.3865387271720124 0.8
1020 0.3714285714283495 0.3865387271720124 0.9
1021 0.3714285714283586 0.4828978859629889 0.1
1022 0.3714285714283586 0.4828978859629889 0.2
1023 0.3714285714283586 0.4828978859629889 0.3
1024 0.3714285714283586 0.4828978859629889 0.4
1025 0.3714285714283586 0.4828978859629889 0.5
1026 0.3714285714283586 0.4828978859629889 0.6
1027 0.3714285714283586 0.4828978859629889 0.7
1028 0.3714285714283586 0.4828978859629889 0.8
1029 0.3714285714283586 0.4828978859629889 0.9
1030 0.3714285714283618 0.5807697819953426 0.1
1031 0.3714285714283618 0.5807697819953426 0.2
1032 0.3714285714283618 0.5807697819953426 0.3
1033 0.3714285714283618 0.5807697819953426 0.4
1034 0.3714285714283618 0.5807697819953426 0.5
1035 0.3714285714283618 0.5807697819953426 0.6
1036 0.3714285714283618 0.5807697819953426 0.7
1037 0.3714285714283618 0.5807697819953426 0.8
1038 0.3714285714283618 0.5807697819953426 0.9
1039 0.3714285714283559 0.681816883824892 0.1
1040 0.3714285714283559 0.681816883824892 0.2
1041 0.3714285714283559 0.681816883824892 0.3
1042 0.3714285714283559 0.681816883824892 0.4
1043 0.3714285714283559 0.681816883824892 0.5
1044 0.3714285714283559 0.681816883824892 0.6
1045 0.3714285714283559 0.681816883824892 0.7
1046 0.3714285714283559 0.681816883824892 0.8
1047 0.3714285714283559 0.681816883824892 0.9
1048 0.3714285714283289 0.786485156188048 0.1
1049 0.3714285714283289 0.786485156188048 0.2
1050 0.3714285714283289 0.786485156188048 0.3
1051 0.3714285714283289 0.786485156188048 0.4
1052 0.3714285714283289 0.786485156188048 0.5
1053 0.3714285714283289 0.786485156188048 0.6
1054 0.3714285714283289 0.786485156188048 0.7
1055 0.3714285714283289 0.786485156188048 0.8
1056 0.3714285714283289 0.786485156188048 0.9
1057 0.3714285714282607 0.8929090969619943 0.1
1058 0.3714285714282607 0.8929090969619943 0.2
1059 0.3714285714282607 0.8929090969619943 0.3
1060 0.3714285714282607 0.8929090969619943 0.4
1061 0.3714285714282607 0.8929090969619943 0.5
1062 0.3714285714282607 0.8929090969619943 0.6
1063 0.3714285714282607 0.8929090969619943 0.7
1064 0.3714285714282607 0.8929090969619943 0.8
1065 0.3714285714282607 0.8929090969619943 0.9
1066 0.4571428571424054 0.1002443671372744 0.1
1067 0.4571428571424054 0.1002443671372744 0.2
1068 0.4571428571424054 0.1002443671372744 0.3
1069 0.4571428571424054 0.1002443671372744 0.4
1070 0.4571428571424054 0.1002443671372744 0.5
1071 0.4571428571424054 0.1002443671372744 0.6
1072 0.4571428571424054 0.1002443671372744 0.7
1073 0.4571428571424054 0.1002443671372744 0.8
1074 0.4571428571424054 0.1002443671372744 0.9
1075 0.4571428571425156 0.1998610737709451 0.1
1076 0.4571428571425156 0.1998610737709451 0.2
1077 0.4571428571425156 0.1998610737709451 0.3
1078 0.4571428571425156 0.1998610737709451 0.4
1079 0.4571428571425156 0.1998610737709451 0.5
1080 0.4571428571425156 0.1998610737709451 0.6
1081 0.4571428571425156 0.1998610737709451 0.7
1082 0.4571428571425156 0.1998610737709451 0.8
1083 0.4571428571425156 0.1998610737709451 0.9
1084 0.457142857142568 0.2986092952163302 0.1
1085 0.457142857142568 0.2986092952163302 0.2
1086 0.457142857142568 0.2986092952163302 0.3
1087 0.457142857142568 0.2986092952163302 0.4
1088 0.457142857142568 0.2986092952163302 0.5
1089 0.457142857142568 0.2986092952163302 0.6
1090 0.457142857142568 0.2986092952163302 0.7
1091 0.457142857142568 0.2986092952163302 0.8
1092 0.457142857142568 0.2986092952163302 0.9
1093 0.4571428571425928 0.3965208539311221 0.1
1094 0.4571428571425928 0.3965208539311221 0.2
1095 0.4571428571425928 0.3965208539311221 0.3
1096 0.4571428571425928 0.3965208539311221 0.4
1097 0.4571428571425928 0.3965208539311221 0.5
1098 0.4571428571425928 0.3965208539311221 0.6
1099 0.4571428571425928 0.3965208539311221 0.7
1100 0.4571428571425928 0.3965208539311221 0.8
1101 0.4571428571425928 0.3965208539311221 0.9
1102 0.4571428571426041 0.4941299336393342 0.1
1103 0.4571428571426041 0.4941299336393342 0.2
1104 0.4571428571426041 0.4941299336393342 0.3
1105 0.4571428571426041 0.4941299336393342 0.4
1106 0.4571428571426041 0.4941299336393342 0.5
1107 0.4571428571426041 0.4941299336393342 0.6
1108 0.4571428571426041 0.4941299336393342 0.7
1109 0.4571428571426041 0.4941299336393342 0.8
1110 0.4571428571426041 0.4941299336393342 0.9
1111 0.4571428571426058 0.5923864426222633 0.1
1112 0.4571428571426058 0.5923864426222633 0.2
1113 0.4571428571426058 0.5923864426222633 0.3
1114 0.4571428571426058 0.5923864426222633 0.4
1115 0.4571428571426058 0.5923864426222633 0.5
1116 0.4571428571426058 0.5923864426222633 0.6
1117 0.4571428571426058 0.5923864426222633 0.7
1118 0.4571428571426058 0.5923864426222633 0.8
1119 0.4571428571426058 0.5923864426222633 0.9
1120 0.4571428571425922 0.6922347795567694 0.1
1121 0.4571428571425922 0.6922347795567694 0.2
1122 0.4571428571425922 0.6922347795567694 0.3
1123 0.4571428571425922 0.6922347795567694 0.4
1124 0.4571428571425922 0.6922347795567694 0.5
1125 0.4571428571425922 0.6922347795567694 0.6
1126 0.4571428571425922 0.6922347795567694 0.7
1127 0.4571428571425922 0.6922347795567694 0.8
1128 0.4571428571425922 0.6922347795567694 0.9
1129 0.4571428571425458 0.7939037586115427 0.1
1130 0.4571428571425458 0.7939037586115427 0.2
1131 0.4571428571425458 0.7939037586115427 0.3
1132 0.4571428571425458 0.7939037586115427 0.4
1133 0.4571428571425458 0.7939037586115427 0.5
1134 0.4571428571425458 0.7939037586115427 0.6
1135 0.4571428571425458 0.7939037586115427 0.7
1136 0.4571428571425458 0.7939037586115427 0.8
1137 0.4571428571425458 0.7939037586115427 0.9
1138 0.4571428571424301 0.8967119391297165 0.1
1139 0.4571428571424301 0.8967119391297165 0.2
1140 0.4571428571424301 0.8967119391297165 0.3
1141 0.4571428571424301 0.8967119391297165 0.4
1142 0.4571428571424301 0.8967119391297165 0.5
1143 0.4571428571424301 0.8967119391297165 0.6
1144 0.4571428571424301 0.8967119391297165 0.7
1145 0.4571428571424301 0.8967119391297165 0.8
1146 0.4571428571424301 0.8967119391297165 0.9
1147 0.5428571428566922 0.1034585398997247 0.1
1148 0.5428571428566922 0.1034585398997247 0.2
1149 0.5428571428566922 0.1034585398997247 0.3
1150 0.5428571428566922 0.1034585398997247 0.4
1151 0.5428571428566922 0.1034585398997247 0.5
1152 0.5428571428566922 0.1034585398997247 0.6
1153 0.5428571428566922 0.1034585398997247 0.7
1154 0.5428571428566922 0.1034585398997247 0.8
1155 0.5428571428566922 0.1034585398997247 0.9
1156 0.5428571428568105 0.2061069844933209 0.1
1157 0.5428571428568105 0.2061069844933209 0.2
1158 0.5428571428568105 0.2061069844933209 0.3
1159 0.5428571428568105 0.2061069844933209 0.4
1160 0.5428571428568105 0.2061069844933209 0.5
1161 0.5428571428568105 0.2061069844933209 0.6
1162 0.5428571428568105 0.2061069844933209 0.7
1163 0.5428571428568105 0.2061069844933209 0.8
1164 0.5428571428568105 0.2061069844933209 0.9
1165 0.5428571428568657 0.307421062708898 0.1
1166 0.5428571428568657 0.307421062708898 0.2
1167 0.5428571428568657 0.307421062708898 0.3
1168 0.5428571428568657 0.307421062708898 0.4
1169 0.5428571428568657 0.307421062708898 0.5
1170 0.5428571428568657 0.307421062708898 0.6
1171 0.5428571428568657 0.307421062708898 0.7
1172 0.5428571428568657 0.307421062708898 0.8
1173 0.5428571428568657 0.307421062708898 0.9
1174 0.542857142856891 0.4069598270730344 0.1
1175 0.542857142856891 0.4069598270730344 0.2
1176 0.542857142856891 0.4069598270730344 0.3
1177 0.542857142856891 0.4069598270730344 0.4
1178 0.542857142856891 0.4069598270730344 0.5
1179 0.542857142856891 0.4069598270730344 0.6
1180 0.542857142856891 0.4069598270730344 0.7
1181 0.542857142856891 0.4069598270730344 0.8
1182 0.542857142856891 0.4069598270730344 0.9
1183 0.5428571428569015 0.505141543809155 0.1
1184 0.5428571428569015 0.505141543809155 0.2
1185 0.5428571428569015 0.505141543809155 0.3
1186 0.5428571428569015 0.505141543809155 0.4
1187 0.5428571428569015 0.505141543809155 0.5
1188 0.5428571428569015 0.505141543809155 0.6
1189 0.5428571428569015 0.505141543809155 0.7
1190 0.5428571428569015 0.505141543809155 0.8
1191 0.5428571428569015 0.505141543809155 0.9
1192 0.5428571428569005 0.6029580814672884 0.1
1193 0.5428571428569005 0.6029580814672884 0.2
1194 0.5428571428569005 0.6029580814672884 0.3
1195 0.5428571428569005 0.6029580814672884 0.4
1196 0.5428571428569005 0.6029580814672884 0.5
1197 0.5428571428569005 0.6029580814672884 0.6
1198 0.5428571428569005 0.6029580814672884 0.7
1199 0.5428571428569005 0.6029580814672884 0.8
1200 0.5428571428569005 0.6029580814672884 0.9
1201 0.5428571428568819 0.7012520311925577 0.1
1202 0.5428571428568819 0.7012520311925577 0.2
1203 0.5428571428568819 0.7012520311925577 0.3
1204 0.5428571428568819 0.7012520311925577 0.4
1205 0.5428571428568819 0.7012520311925577 0.5
1206 0.5428571428568819 0.7012520311925577 0.6
1207 0.5428571428568819 0.7012520311925577 0.7
1208 0.5428571428568819 0.7012520311925577 0.8
1209 0.5428571428568819 0.7012520311925577 0.9
1210 0.5428571428568282 0.8003391744445263 0.1
1211 0.5428571428568282 0.8003391744445263 0.2
1212 0.5428571428568282 0.8003391744445263 0.3
1213 0.5428571428568282 0.8003391744445263 0.4
1214 0.5428571428568282 0.8003391744445263 0.5
1215 0.5428571428568282 0.8003391744445263 0.6
1216 0.5428571428568282 0.8003391744445263 0.7
1217 0.5428571428568282 0.8003391744445263 0.8
1218 0.5428571428568282 0.8003391744445263 0.9
1219 0.5428571428567035 0.9000325871805922 0.1
1220 0.5428571428567035 0.9000325871805922 0.2
1221 0.5428571428567035 0.9000325871805922 0.3
1222 0.5428571428567035 0.9000325871805922 0.4
1223 0.5428571428567035 0.9000325871805922 0.5
1224 0.5428571428567035 0.9000325871805922 0.6
1225 0.5428571428567035 0.9000325871805922 0.7
1226 0.5428571428567035 0.9000325871805922 0.8
1227 0.5428571428567035 0.9000325871805922 0.9
1228 0.6285714285710893 0.1071299121141092 0.1
1229 0.6285714285710893 0.1071299121141092 0.2
1230 0.6285714285710893 0.1071299121141092 0.3
1231 0.6285714285710893 0.1071299121141092 0.4
1232 0.6285714285710893 0.1071299121141092 0.5
1233 0.6285714285710893 0.1071299121141092 0.6
1234 0.6285714285710893 0.1071299121141092 0.7
1235 0.6285714285710893 0.1071299121141092 0.8
1236 0.6285714285710893 0.1071299121141092 0.9
1237 0.6285714285711753 0.2133531268104078 0.1
1238 0.6285714285711753 0.2133531268104078 0.2
1239 0.6285714285711753 0.2133531268104078 0.3
1240 0.6285714285711753 0.2133531268104078 0.4
1241 0.6285714285711753 0.2133531268104078 0.5
1242 0.6285714285711753 0.2133531268104078 0.6
1243 0.6285714285711753 0.2133531268104078 0.7
1244 0.6285714285711753 0.2133531268104078 0.8
1245 0.6285714285711753 0.2133531268104078 0.9
1246 0.6285714285712174 0.3177299710120562 0.1
1247 0.6285714285712174 0.3177299710120562 0.2
1248 0.6285714285712174 0.3177299710120562 0.3
1249 0.6285714285712174 0.3177299710120562 0.4
1250 0.6285714285712174 0.3177299710120562 0.5
1251 0.6285714285712174 0.3177299710120562 0.6
1252 0.6285714285712174 0.3177299710120562 0.7
1253 0.6285714285712174 0.3177299710120562 0.8
1254 0.6285714285712174 0.3177299710120562 0.9
1255 0.6285714285712365 0.4186037831281605 0.1
1256 0.6285714285712365 0.4186037831281605 0.2
1257 0.6285714285712365 0.4186037831281605 0.3
1258 0.6285714285712365 0.4186037831281605 0.4
1259 0.6285714285712365 0.4186037831281605 0.5
1260 0.6285714285712365 0.4186037831281605 0.6
1261 0.6285714285712365 0.4186037831281605 0.7
1262 0.6285714285712365 0.4186037831281605 0.8
1263 0.6285714285712365 0.4186037831281605 0.9
1264 0.6285714285712435 0.5165290734481248 0.1
1265 0.6285714285712435 0.5165290734481248 0.2
1266 0.6285714285712435 0.5165290734481248 0.3
1267 0.6285714285712435 0.5165290734481248 0.4
1268 0.6285714285712435 0.5165290734481248 0.5
1269 0.6285714285712435 0.5165290734481248 0.6
1270 0.6285714285712435 0.5165290734481248 0.7
1271 0.6285714285712435 0.5165290734481248 0.8
1272 0.6285714285712435 0.5165290734481248 0.9
1273 0.6285714285712409 0.6131529860148032 0.1
1274 0.6285714285712409 0.6131529860148032 0.2
1275 0.6285714285712409 0.6131529860148032 0.3
1276 0.6285714285712409 0.6131529860148032 0.4
1277 0.6285714285712409 0.6131529860148032 0.5
1278 0.6285714285712409 0.6131529860148032 0.6
1279 0.6285714285712409 0.6131529860148032 0.7
1280 0.6285714285712409 0.6131529860148032 0.8
1281 0.6285714285712409 0.6131529860148032 0.9
1282 0.6285714285712235 0.7095490595527346 0.1
1283 0.6285714285712235 0.7095490595527346 0.2
1284 0.6285714285712235 0.7095490595527346 0.3
1285 0.6285714285712235 0.7095490595527346 0.4
1286 0.6285714285712235 0.7095490595527346 0.5
1287 0.6285714285712235 0.7095490595527346 0.6
1288 0.6285714285712235 0.7095490595527346 0.7
1289 0.6285714285712235 0.7095490595527346 0.8
1290 0.6285714285712235 0.7095490595527346 0.9
1291 0.6285714285711794 0.8061576154060991 0.1
1292 0.6285714285711794 0.8061576154060991 0.2
1293 0.6285714285711794 0.8061576154060991 0.3
1294 0.6285714285711794 0.8061576154060991 0.4
1295 0.6285714285711794 0.8061576154060991 0.5
1296 0.6285714285711794 0.8061576154060991 0.6
1297 0.6285714285711794 0.8061576154060991 0.7
1298 0.6285714285711794 0.8061576154060991 0.8
1299 0.6285714285711794 0.8061576154060991 0.9
1300 0.6285714285710894 0.9030169676786 0.1
1301 0.6285714285710894 0.9030169676786 0.2
1302 0.6285714285710894 0.9030169676786 0.3
1303 0.6285714285710894 0.9030169676786 0.4
1304 0.6285714285710894 0.9030169676786 0.5
1305 0.6285714285710894 0.9030169676786 0.6
1306 0.6285714285710894 0.9030169676786 0.7
1307 0.6285714285710894 0.9030169676786 0.8
1308 0.6285714285710894 0.9030169676786 0.9
1309 0.7142857142855397 0.1114895416518857 0.1
1310 0.7142857142855397 0.1114895416518857 0.2
1311 0.7142857142855397 0.1114895416518857 0.3
1312 0.7142857142855397 0.1114895416518857 0.4
1313 0.7142857142855397 0.1114895416518857 0.5
1314 0.7142857142855397 0.1114895416518857 0.6
1315 0.7142857142855397 0.1114895416518857 0.7
1316 0.7142857142855397 0.1114895416518857 0.8
1317 0.7142857142855397 0.1114895416518857 0.9
1318 0.7142857142855816 0.222227690853558 0.1
1319 0.7142857142855816 0.222227690853558 0.2
1320 0.7142857142855816 0.222227690853558 0.3
1321 0.7142857142855816 0.222227690853558 0.4
1322 0.7142857142855816 0.222227690853558 0.5
1323 0.7142857142855816 0.222227690853558 0.6
1324 0.7142857142855816 0.222227690853558 0.7
1325 0.7142857142855816 0.222227690853558 0.8
1326 0.7142857142855816 0.222227690853558 0.9
1327 0.7142857142856035 0.3309611144399617 0.1
1328 0.7142857142856035 0.3309611144399617 0.2
1329 0.7142857142856035 0.3309611144399617 0.3
1330 0.7142857142856035 0.3309611144399617 0.4
1331 0.7142857142856035 0.3309611144399617 0.5
1332 0.7142857142856035 0.3309611144399617 0.6
1333 0.7142857142856035 0.3309611144399617 0.7
1334 0.7142857142856035 0.3309611144399617 0.8
1335 0.7142857142856035 0.3309611144399617 0.9
1336 0.714285714285613 0.4325107919870327 0.1
1337 0.714285714285613 0.4325107919870327 0.2
1338 0.714285714285613 0.4325107919870327 0.3
1339 0.714285714285613 0.4325107919870327 0.4
1340 0.714285714285613 0.4325107919870327 0.5
1341 0.714285714285613 0.4325107919870327 0.6
1342 0.714285714285613 0.4325107919870327 0.7
1343 0.714285714285613 0.4325107919870327 0.8
1344 0.714285714285613 0.4325107919870327 0.9
1345 0.714285714285616 0.5287489030287686 0.1
1346 0.714285714285616 0.5287489030287686 0.2
1347 0.714285714285616 0.5287489030287686 0.3
1348 0.714285714285616 0.5287489030287686 0.4
1349 0.714285714285616 0.5287489030287686 0.5
1350 0.714285714285616 0.5287489030287686 0.6
1351 0.714285714285616 0.5287489030287686 0.7
1352 0.714285714285616 0.5287489030287686 0.8
1353 0.714285714285616 0.5287489030287686 0.9
1354 0.7142857142856135 0.6233031508529296 0.1
1355 0.7142857142856135 0.6233031508529296 0.2
1356 0.7142857142856135 0.6233031508529296 0.3
1357 0.7142857142856135 0.6233031508529296 0.4
1358 0.7142857142856135 0.6233031508529296 0.5
1359 0.7142857142856135 0.6233031508529296 0.6
1360 0.7142857142856135 0.6233031508529296 0.7
1361 0.7142857142856135 0.6233031508529296 0.8
1362 0.7142857142856135 0.6233031508529296 0.9
1363 0.7142857142856031 0.7174452910379545 0.1
1364 0.7142857142856031 0.7174452910379545 0.2
1365 0.7142857142856031 0.7174452910379545 0.3
1366 0.7142857142856031 0.7174452910379545 0.4
1367 0.7142857142856031 0.7174452910379545 0.5
1368 0.7142857142856031 0.7174452910379545 0.6
1369 0.7142857142856031 0.7174452910379545 0.7
1370 0.7142857142856031 0.7174452910379545 0.8
1371 0.7142857142856031 0.7174452910379545 0.9
1372 0.7142857142855791 0.8115712799635754 0.1
1373 0.7142857142855791 0.8115712799635754 0.2
1374 0.7142857142855791 0.8115712799635754 0.3
1375 0.7142857142855791 0.8115712799635754 0.4
1376 0.7142857142855791 0.8115712799635754 0.5
1377 0.7142857142855791 0.8115712799635754 0.6
1378 0.7142857142855791 0.8115712799635754 0.7
1379 0.7142857142855791 0.8115712799635754 0.8
1380 0.7142857142855791 0.8115712799635754 0.9
1381 0.7142857142855363 0.9057657529359547 0.1
1382 0.7142857142855363 0.9057657529359547 0.2
1383 0.7142857142855363 0.9057657529359547 0.3
1384 0.7142857142855363 0.9057657529359547 0.4
1385 0.7142857142855363 0.9057657529359547 0.5
1386 0.7142857142855363 0.9057657529359547 0.6
1387 0.7142857142855363 0.9057657529359547 0.7
1388 0.7142857142855363 0.9057657529359547 0.8
1389 0.7142857142855363 0.9057657529359547 0.9
1390 0.8999999999999533 0.1166666666664586 0.1
1391 0.8999999999999533 0.1166666666664586 0.2
1392 0.8999999999999533 0.1166666666664586 0.3
1393 0.8999999999999533 0.1166666666664586 0.4
1394 0.8999999999999533 0.1166666666664586 0.5
1395 0.8999999999999533 0.1166666666664586 0.6
1396 0.8999999999999533 0.1166666666664586 0.7
1397 0.8999999999999533 0.1166666666664586 0.8
1398 0.8999999999999533 0.1166666666664586 0.9
1399 0.8999999999999532 0.233333333333119 0.1
1400 0.8999999999999532 0.233333333333119 0.2
1401 0.8999999999999532 0.233333333333119 0.3
1402 0.8999999999999532 0.233333333333119 0.4
1403 0.8999999999999532 0.233333333333119 0.5
1404 0.8999999999999532 0.233333333333119 0.6
1405 0.8999999999999532 0.233333333333119 0.7
1406 0.8999999999999532 0.233333333333119 0.8
1407 0.8999999999999532 0.233333333333119 0.9
1408 0.9000000000000511 0.5416666666664187 0.1
1409 0.9000000000000511 0.5416666666664187 0.2
1410 0.9000000000000511 0.5416666666664187 0.3
1411 0.9000000000000511 0.5416666666664187 0.4
1412 0.9000000000000511 0.5416666666664187 0.5
1413 0.9000000000000511 0.5416666666664187 0.6
1414 0.9000000000000511 0.5416666666664187 0.7
1415 0.9000000000000511 0.5416666666664187 0.8
1416 0.9000000000000511 0.5416666666664187 0.9
1417 0.9000000000000139 0.6333333333328277 0.1
1418 0.9000000000000139 0.6333333333328277 0.2
1419 0.9000000000000139 0.6333333333328277 0.3
1420 0.9000000000000139 0.6333333333328277 0.4
1421 0.9000000000000139 0.6333333333328277 0.5
1422 0.9000000000000139 0.6333333333328277 0.6
1423 0.9000000000000139 0.6333333333328277 0.7
1424 0.9000000000000139 0.6333333333328277 0.8
1425 0.9000000000000139 0.6333333333328277 0.9
1426 0.9000000000000001 0.724999999999383 0.1
1427 0.9000000000000001 0.724999999999383 0.2
1428 0.9000000000000001 0.724999999999383 0.3
1429 0.9000000000000001 0.724999999999383 0.4
1430 0.9000000000000001 0.724999999999383 0.5
1431 0.9000000000000001 0.724999999999383 0.6
1432 0.9000000000000001 0.724999999999383 0.7
1433 0.9000000000000001 0.724999999999383 0.8
1434 0.9000000000000001 0.724999999999383 0.9
1435 0.8999999999999861 0.8166666666662318 0.1
1436 0.8999999999999861 0.8166666666662318 0.2
1437 0.8999999999999861 0.8166666666662318 0.3
1438 0.8999999999999861 0.8166666666662318 0.4
1439 0.8999999999999861 0.8166666666662318 0.5
1440 0.8999999999999861 0.8166666666662318 0.6
1441 0.8999999999999861 0.8166666666662318 0.7
1442 0.8999999999999861 0.8166666666662318 0.8
1443 0.8999999999999861 0.8166666666662318 0.9
1444 0.899999999999949 0.9083333333331144 0.1
1445 0.899999999999949 0.9083333333331144 0.2
1446 0.899999999999949 0.9083333333331144 0.3
1447 0.899999999999949 0.9083333333331144 0.4
1448 0.899999999999949 0.9083333333331144 0.5
1449 0.899999999999949 0.9083333333331144 0.6
1450 0.899999999999949 0.9083333333331144 0.7
1451 0.899999999999949 0.9083333333331144 0.8
1452 0.899999999999949 0.9083333333331144 0.9
$EndNodes
$Elements
1772
1 3 2 6 22 1 33 273 49
2 3 2 6 22 49 273 274 50
3 3 2 6 22 50 274 275 51
4 3 2 6 22 51 275 276 52
5 3 2 6 22 52 276 277 53
6 3 2 6 22 53 277 77 9
7 3 2 6 22 33 2 63 273
8 3 2 6 22 273 63 64 274
9 3 2 6 22 274 64 65 275
10 3 2 6 22 275 65 66 276
11 3 2 6 22 276 66 67 277
12 3 2 6 22 277 67 10 77
13 3 2 6 24 11 78 278 54
14 3 2 6 24 54 278 279 55
15 3 2 6 24 55 279 41 5
16 3 2 6 24 78 12 68 278
17 3 2 6 24 278 68 69 279
18 3 2 6 24 279 69 6 41
19 3 2 6 26 2 34 280 63
20 3 2 6 26 63 280 281 64
21 3 2 6 26 64 281 282 65
22 3 2 6 26 65 282 283 66
23 3 2 6 26 66 283 284 67
24 3 2 6 26 67 284 285 10
25 3 2 6 26 10 285 286 12
26 3 2 6 26 12 286 287 68
27 3 2 6 26 68 287 288 69
28 3 2 6 26 69 288 42 6
29 3 2 6 26 34 35 289 280
30 3 2 6 26 280 289 290 281
31 3 2 6 26 281 290 291 282
32 3 2 6 26 282 291 292 283
33 3 2 6 26 283 292 293 284
34 3 2 6 26 284 293 294 285
35 3 2 6 26 285 294 295 286
36 3 2 6 26 286 295 296 287
37 3 2 6 26 287 296 297 288
38 3 2 6 26 288 297 43 42
39 3 2 6 26 35 36 298 289
40 3 2 6 26 289 298 299 290
41 3 2 6 26 290 299 300 291
42 3 2 6 26 291 300 301 292
43 3 2 6 26 292 301 302 293
44 3 2 6 26 293 302 303 294
45 3 2 6 26 294 303 304 295
46 3 2 6 26 295 304 305 296
47 3 2 6 26 296 305 306 297
48 3 2 6 26 297 306 44 43
49 3 2 6 26 36 37 307 298
50 3 2 6 26 298 307 308 299
51 3 2 6 26 299 308 309 300
52 3 2 6 26 300 309 310 301
53 3 2 6 26 301 310 311 302
54 3 2 6 26 302 311 312 303
55 3 2 6 26 303 312 313 304
56 3 2 6 26 304 313 314 305
57 3 2 6 26 305 314 315 306
58 3 2 6 26 306 315 45 44
59 3 2 6 26 37 38 316 307
60 3 2 6 26 307 316 317 308
61 3 2 6 26 308 317 318 309
62 3 2 6 26 309 318 319 310
63 3 2 6 26 310 319 320 311
64 3 2 6 26 311 320 321 312
65 3 2 6 26 312 321 322 313
66 3 2 6 26 313 322 323 314
67 3 2 6 26 314 323 324 315
68 3 2 6 26 315 324 46 45
69 3 2 6 26 38 39 325 316
70 3 2 6 26 316 325 326 317
71 3 2 6 26 317 326 327 318
72 3 2 6 26 318 327 328 319
73 3 2 6 26 319 328 329 320
74 3 2 6 26 320 329 330 321
75 3 2 6 26 321 330 331 322
76 3 2 6 26 322 331 332 323
77 3 2 6 26 323 332 333 324
78 3 2 6 26 324 333 47 46
79 3 2 6 26 39 3 70 325
80 3 2 6 26 325 70 71 326
81 3 2 6 26 326 71 13 327
82 3 2 6 26 327 13 15 328
83 3 2 6 26 328 15 72 329
84 3 2 6 26 329 72 73 330
85 3 2 6 26 330 73 74 331
86 3 2 6 26 331 74 75 332
87 3 2 6 26 332 75 76 333
88 3 2 6 26 333 76 7 47
89 3 2 6 28 3 40 334 70
90 3 2 6 28 70 334 335 71
91 3 2 6 28 71 335 79 13
92 3 2 6 28 40 4 56 334
93 3 2 6 28 334 56 57 335
94 3 2 6 28 335 57 14 79
95 3 2 6 30 15 80 336 72
96 3 2 6 30 72 336 337 73
97 3 2 6 30 73 337 338 74
98 3 2 6 30 74 338 339 75
99 3 2 6 30 75 339 340 76
100 3 2 6 30 76 340 48 7
101 3 2 6 30 80 16 58 336
102 3 2 6 30 336 58 59 337
103 3 2 6 30 337 59 60 338
104 3 2 6 30 338 60 61 339
105 3 2 6 30 339 61 62 340
106 3 2 6 30 340 62 8 48
107 3 2 8 39 1 33 341 93
108 3 2 8 39 93 341 342 94
109 3 2 8 39 94 342 343 95
110 3 2 8 39 95 343 344 96
111 3 2 8 39 96 344 345 97
112 3 2 8 39 97 345 346 98
113 3 2 8 39 98 346 347 99
114 3 2 8 39 99 347 348 100
115 3 2 8 39 100 348 349 101
116 3 2 8 39 101 349 81 17
117 3 2 8 39 33 2 102 341
118 3 2 8 39 341 102 103 342
119 3 2 8 39 342 103 104 343
120 3 2 8 39 343 104 105 344
121 3 2 8 39 344 105 106 345
122 3 2 8 39 345 106 107 346
123 3 2 8 39 346 107 108 347
124 3 2 8 39 347 108 109 348
125 3 2 8 39 348 109 110 349
126 3 2 8 39 349 110 18 81
127 3 2 12 47 9 120 395 77
128 3 2 12 47 120 121 396 395
129 3 2 12 47 121 122 397 396
130 3 2 12 47 122 123 398 397
131 3 2 12 47 123 124 399 398
132 3 2 12 47 124 125 400 399
133 3 2 12 47 125 126 401 400
134 3 2 12 47 126 127 402 401
135 3 2 12 47 127 128 403 402
136 3 2 12 47 128 20 87 403
137 3 2 12 47 77 395 111 10
138 3 2 12 47 395 396 112 111
139 3 2 12 47 396 397 113 112
140 3 2 12 47 397 398 114 113
141 3 2 12 47 398 399 115 114
142 3 2 12 47 399 400 116 115
143 3 2 12 47 400 401 117 116
144 3 2 12 47 401 402 118 117
145 3 2 12 47 402 403 119 118
146 3 2 12 47 403 87 19 119
147 3 2 10 51 1 93 404 49
148 3 2 10 51 93 94 405 404
149 3 2 10 51 94 95 406 405
150 3 2 10 51 95 96 407 406
151 3 2 10 51 96 97 408 407
152 3 2 10 51 97 98 409 408
153 3 2 10 51 98 99 410 409
154 3 2 10 51 99 100 411 410
155 3 2 10 51 100 101 412 411
156 3 2 10 51 101 17 92 412
157 3 2 10 51 49 404 413 50
158 3 2 10 51 404 405 414 413
159 3 2 10 51 405 406 415 414
160 3 2 10 51 406 407 416 415
161 3 2 10 51 407 408 417 416
162 3 2 10 51 408 409 418 417
163 3 2 10 51 409 410 419 418
164 3 2 10 51 410 411 420 419
165 3 2 10 51 411 412 421 420
166 3 2 10 51 412 92 91 421
167 3 2 10 51 50 413 422 51
168 3 2 10 51 413 414 423 422
169 3 2 10 51 414 415 424 423
170 3 2 10 51 415 416 425 424
171 3 2 10 51 416 417 426 425
172 3 2 10 51 417 418 427 426
173 3 2 10 51 418 419 428 427
174 3 2 10 51 419 420 429 428
175 3 2 10 51 420 421 430 429
176 3 2 10 51 421 91 90 430
177 3 2 10 51 51 422 431 52
178 3 2 10 51 422 423 432 431
179 3 2 10 51 423 424 433 432
180 3 2 10 51 424 425 434 433
181 3 2 10 51 425 426 435 434
182 3 2 10 51 426 427 436 435
183 3 2 10 51 427 428 437 436
184 3 2 10 51 428 429 438 437
185 3 2 10 51 429 430 439 438
186 3 2 10 51 430 90 89 439
187 3 2 10 51 52 431 440 53
188 3 2 10 51 431 432 441 440
189 3 2 10 51 432 433 442 441
190 3 2 10 51 433 434 443 442
191 3 2 10 51 434 435 444 443
192 3 2 10 51 435 436 445 444
193 3 2 10 51 436 437 446 445
194 3 2 10 51 437 438 447 446
195 3 2 10 51 438 439 448 447
196 3 2 10 51 439 89 88 448
197 3 2 10 51 53 440 120 9
198 3 2 10 51 440 441 121 120
199 3 2 10 51 441 442 122 121
200 3 2 10 51 442 443 123 122
201 3 2 10 51 443 444 124 123
202 3 2 10 51 444 445 125 124
203 3 2 10 51 445 446 126 125
204 3 2 10 51 446 447 127 126
205 3 2 10 51 447 448 128 127
206 3 2 10 51 448 88 20 128
207 3 2 7 52 17 81 449 92
208 3 2 7 52 92 449 450 91
209 3 2 7 52 91 450 451 90
210 3 2 7 52 90 451 452 89
211 3 2 7 52 89 452 453 88
212 3 2 7 52 88 453 87 20
213 3 2 7 52 81 18 82 449
214 3 2 7 52 449 82 83 450
215 3 2 7 52 450 83 84 451
216 3 2 7 52 451 84 85 452
217 3 2 7 52 452 85 86 453
218 3 2 7 52 453 86 19 87
219 3 2 12 61 12 144 454 78
220 3 2 12 61 144 145 455 454
221 3 2 12 61 145 146 456 455
222 3 2 12 61 146 147 457 456
223 3 2 12 61 147 148 458 457
224 3 2 12 61 148 149 459 458
225 3 2 12 61 149 150 460 459
226 3 2 12 61 150 151 461 460
227 3 2 12 61 151 152 462 461
228 3 2 12 61 152 22 129 462
229 3 2 12 61 78 454 135 11
230 3 2 12 61 454 455 136 135
231 3 2 12 61 455 456 137 136
232 3 2 12 61 456 457 138 137
233 3 2 12 61 457 458 139 138
234 3 2 12 61 458 459 140 139
235 3 2 12 61 459 460 141 140
236 3 2 12 61 460 461 142 141
237 3 2 12 61 461 462 143 142
238 3 2 12 61 462 129 21 143
239 3 2 9 69 5 162 481 41
240 3 2 9 69 162 163 482 481
241 3 2 9 69 163 164 483 482
242 3 2 9 69 164 165 484 483
243 3 2 9 69 165 166 485 484
244 3 2 9 69 166 167 486 485
245 3 2 9 69 167 168 487 486
246 3 2 9 69 168 169 488 487
247 3 2 9 69 169 170 489 488
248 3 2 9 69 170 24 132 489
249 3 2 9 69 41 481 153 6
250 3 2 9 69 481 482 154 153
251 3 2 9 69 482 483 155 154
252 3 2 9 69 483 484 156 155
253 3 2 9 69 484 485 157 156
254 3 2 9 69 485 486 158 157
255 3 2 9 69 486 487 159 158
256 3 2 9 69 487 488 160 159
257 3 2 9 69 488 489 161 160
258 3 2 9 69 489 132 23 161
259 3 2 10 73 11 135 490 54
260 3 2 10 73 135 136 491 490
261 3 2 10 73 136 137 492 491
262 3 2 10 73 137 138 493 492
263 3 2 10 73 138 139 494 493
264 3 2 10 73 139 140 495 494
265 3 2 10 73 140 141 496 495
266 3 2 10 73 141 142 497 496
267 3 2 10 73 142 143 498 497
268 3 2 10 73 143 21 134 498
269 3 2 10 73 54 490 499 55
270 3 2 10 73 490 491 500 499
271 3 2 10 73 491 492 501 500
272 3 2 10 73 492 493 502 501
273 3 2 10 73 493 494 503 502
274 3 2 10 73 494 495 504 503
275 3 2 10 73 495 496 505 504
276 3 2 10 73 496 497 506 505
277 3 2 10 73 497 498 507 506
278 3 2 10 73 498 134 133 507
279 3 2 10 73 55 499 162 5
280 3 2 10 73 499 500 163 162
281 3 2 10 73 500 501 164 163
282 3 2 10 73 501 502 165 164
283 3 2 10 73 502 503 166 165
284 3 2 10 73 503 504 167 166
285 3 2 10 73 504 505 168 167
286 3 2 10 73 505 506 169 168
287 3 2 10 73 506 507 170 169
288 3 2 10 73 507 133 24 170
289 3 2 7 74 21 129 508 134
290 3 2 7 74 134 508 509 133
291 3 2 7 74 133 509 132 24
292 3 2 7 74 129 22 130 508
293 3 2 7 74 508 130 131 509
294 3 2 7 74 509 131 23 132
295 3 2 8 87 2 34 510 102
296 3 2 8 87 102 510 511 103
297 3 2 8 87 103 511 512 104
298 3 2 8 87 104 512 513 105
299 3 2 8 87 105 513 514 106
300 3 2 8 87 106 514 515 107
301 3 2 8 87 107 515 516 108
302 3 2 8 87 108 516 517 109
303 3 2 8 87 109 517 518 110
304 3 2 8 87 110 518 171 18
305 3 2 8 87 34 35 519 510
306 3 2 8 87 510 519 520 511
307 3 2 8 87 511 520 521 512
308 3 2 8 87 512 521 522 513
309 3 2 8 87 513 522 523 514
310 3 2 8 87 514 523 524 515
311 3 2 8 87 515 524 525 516
312 3 2 8 87 516 525 526 517
313 3 2 8 87 517 526 527 518
314 3 2 8 87 518 527 172 171
315 3 2 8 87 35 36 528 519
316 3 2 8 87 519 528 529 520
317 3 2 8 87 520 529 530 521
318 3 2 8 87 521 530 531 522
319 3 2 8 87 522 531 532 523
320 3 2 8 87 523 532 533 524
321 3 2 8 87 524 533 534 525
322 3 2 8 87 525 534 535 526
323 3 2 8 87 526 535 536 527
324 3 2 8 87 527 536 173 172
325 3 2 8 87 36 37 537 528
326 3 2 8 87 528 537 538 529
327 3 2 8 87 529 538 539 530
328 3 2 8 87 530 539 540 531
329 3 2 8 87 531 540 541 532
330 3 2 8 87 532 541 542 533
331 3 2 8 87 533 542 543 534
332 3 2 8 87 534 543 544 535
333 3 2 8 87 535 544 545 536
334 3 2 8 87 536 545 174 173
335 3 2 8 87 37 38 546 537
336 3 2 8 87 537 546 547 538
337 3 2 8 87 538 547 548 539
338 3 2 8 87 539 548 549 540
339 3 2 8 87 540 549 550 541
340 3 2 8 87 541 550 551 542
341 3 2 8 87 542 551 552 543
342 3 2 8 87 543 552 553 544
343 3 2 8 87 544 553 554 545
344 3 2 8 87 545 554 175 174
345 3 2 8 87 38 39 555 546
346 3 2 8 87 546 555 556 547
347 3 2 8 87 547 556 557 548
348 3 2 8 87 548 557 558 549
349 3 2 8 87 549 558 559 550
350 3 2 8 87 550 559 560 551
351 3 2 8 87 551 560 561 552
352 3 2 8 87 552 561 562 553
353 3 2 8 87 553 562 563 554
354 3 2 8 87 554 563 176 175
355 3 2 8 87 39 3 190 555
356 3 2 8 87 555 190 191 556
357 3 2 8 87 556 191 192 557
358 3 2 8 87 557 192 193 558
359 3 2 8 87 558 193 194 559
360 3 2 8 87 559 194 195 560
361 3 2 8 87 560 195 196 561
362 3 2 8 87 561 196 197 562
363 3 2 8 87 562 197 198 563
364 3 2 8 87 563 198 25 176
365 3 2 13 95 13 15 208 199
366 3 2 13 95 199 208 209 200
367 3 2 13 95 200 209 210 201
368 3 2 13 95 201 210 211 202
369 3 2 13 95 202 211 212 203
370 3 2 13 95 203 212 213 204
371 3 2 13 95 204 213 214 205
372 3 2 13 95 205 214 215 206
373 3 2 13 95 206 215 216 207
374 3 2 13 95 207 216 27 26
375 3 2 9 103 6 153 627 42
376 3 2 9 103 153 154 628 627
377 3 2 9 103 154 155 629 628
378 3 2 9 103 155 156 630 629
379 3 2 9 103 156 157 631 630
380 3 2 9 103 157 158 632 631
381 3 2 9 103 158 159 633 632
382 3 2 9 103 159 160 634 633
383 3 2 9 103 160 161 635 634
384 3 2 9 103 161 23 189 635
385 3 2 9 103 42 627 636 43
386 3 2 9 103 627 628 637 636
387 3 2 9 103 628 629 638 637
388 3 2 9 103 629 630 639 638
389 3 2 9 103 630 631 640 639
390 3 2 9 103 631 632 641 640
391 3 2 9 103 632 633 642 641
392 3 2 9 103 633 634 643 642
393 3 2 9 103 634 635 644 643
394 3 2 9 103 635 189 188 644
395 3 2 9 103 43 636 645 44
396 3 2 9 103 636 637 646 645
397 3 2 9 103 637 638 647 646
398 3 2 9 103 638 639 648 647
399 3 2 9 103 639 640 649 648
400 3 2 9 103 640 641 650 649
401 3 2 9 103 641 642 651 650
402 3 2 9 103 642 643 652 651
403 3 2 9 103 643 644 653 652
404 3 2 9 103 644 188 187 653
405 3 2 9 103 44 645 654 45
406 3 2 9 103 645 646 655 654
407 3 2 9 103 646 647 656 655
408 3 2 9 103 647 648 657 656
409 3 2 9 103 648 649 658 657
410 3 2 9 103 649 650 659 658
411 3 2 9 103 650 651 660 659
412 3 2 9 103 651 652 661 660
413 3 2 9 103 652 653 662 661
414 3 2 9 103 653 187 186 662
415 3 2 9 103 45 654 663 46
416 3 2 9 103 654 655 664 663
417 3 2 9 103 655 656 665 664
418 3 2 9 103 656 657 666 665
419 3 2 9 103 657 658 667 666
420 3 2 9 103 658 659 668 667
421 3 2 9 103 659 660 669 668
422 3 2 9 103 660 661 670 669
423 3 2 9 103 661 662 671 670
424 3 2 9 103 662 186 185 671
425 3 2 9 103 46 663 672 47
426 3 2 9 103 663 664 673 672
427 3 2 9 103 664 665 674 673
428 3 2 9 103 665 666 675 674
429 3 2 9 103 666 667 676 675
430 3 2 9 103 667 668 677 676
431 3 2 9 103 668 669 678 677
432 3 2 9 103 669 670 679 678
433 3 2 9 103 670 671 680 679
434 3 2 9 103 671 185 184 680
435 3 2 9 103 47 672 217 7
436 3 2 9 103 672 673 218 217
437 3 2 9 103 673 674 219 218
438 3 2 9 103 674 675 220 219
439 3 2 9 103 675 676 221 220
440 3 2 9 103 676 677 222 221
441 3 2 9 103 677 678 223 222
442 3 2 9 103 678 679 224 223
443 3 2 9 103 679 680 225 224
444 3 2 9 103 680 184 28 225
445 3 2 12 111 10 111 144 12
446 3 2 12 111 111 112 145 144
447 3 2 12 111 112 113 146 145
448 3 2 12 111 113 114 147 146
449 3 2 12 111 114 115 148 147
450 3 2 12 111 115 116 149 148
451 3 2 12 111 116 117 150 149
452 3 2 12 111 117 118 151 150
453 3 2 12 111 118 119 152 151
454 3 2 12 111 119 19 22 152
455 3 2 7 116 18 171 681 82
456 3 2 7 116 82 681 682 83
457 3 2 7 116 83 682 683 84
458 3 2 7 116 84 683 684 85
459 3 2 7 116 85 684 685 86
460 3 2 7 116 86 685 686 19
461 3 2 7 116 19 686 687 22
462 3 2 7 116 22 687 688 130
463 3 2 7 116 130 688 689 131
464 3 2 7 116 131 689 189 23
465 3 2 7 116 171 172 690 681
466 3 2 7 116 681 690 691 682
467 3 2 7 116 682 691 692 683
468 3 2 7 116 683 692 693 684
469 3 2 7 116 684 693 694 685
470 3 2 7 116 685 694 695 686
471 3 2 7 116 686 695 696 687
472 3 2 7 116 687 696 697 688
473 3 2 7 116 688 697 698 689
474 3 2 7 116 689 698 188 189
475 3 2 7 116 172 173 699 690
476 3 2 7 116 690 699 700 691
477 3 2 7 116 691 700 701 692
478 3 2 7 116 692 701 702 693
479 3 2 7 116 693 702 703 694
480 3 2 7 116 694 703 704 695
481 3 2 7 116 695 704 705 696
482 3 2 7 116 696 705 706 697
483 3 2 7 116 697 706 707 698
484 3 2 7 116 698 707 187 188
485 3 2 7 116 173 174 708 699
486 3 2 7 116 699 708 709 700
487 3 2 7 116 700 709 710 701
488 3 2 7 116 701 710 711 702
489 3 2 7 116 702 711 712 703
490 3 2 7 116 703 712 713 704
491 3 2 7 116 704 713 714 705
492 3 2 7 116 705 714 715 706
493 3 2 7 116 706 715 716 707
494 3 2 7 116 707 716 186 187
495 3 2 7 116 174 175 717 708
496 3 2 7 116 708 717 718 709
497 3 2 7 116 709 718 719 710
498 3 2 7 116 710 719 720 711
499 3 2 7 116 711 720 721 712
500 3 2 7 116 712 721 722 713
501 3 2 7 116 713 722 723 714
502 3 2 7 116 714 723 724 715
503 3 2 7 116 715 724 725 716
504 3 2 7 116 716 725 185 186
505 3 2 7 116 175 176 726 717
506 3 2 7 116 717 726 727 718
507 3 2 7 116 718 727 728 719
508 3 2 7 116 719 728 729 720
509 3 2 7 116 720 729 730 721
510 3 2 7 116 721 730 731 722
511 3 2 7 116 722 731 732 723
512 3 2 7 116 723 732 733 724
513 3 2 7 116 724 733 734 725
514 3 2 7 116 725 734 184 185
515 3 2 7 116 176 25 177 726
516 3 2 7 116 726 177 178 727
517 3 2 7 116 727 178 26 728
518 3 2 7 116 728 26 27 729
519 3 2 7 116 729 27 179 730
520 3 2 7 116 730 179 180 731
521 3 2 7 116 731 180 181 732
522 3 2 7 116 732 181 182 733
523 3 2 7 116 733 182 183 734
524 3 2 7 116 734 183 28 184
525 3 2 8 125 3 40 735 190
526 3 2 8 125 190 735 736 191
527 3 2 8 125 191 736 737 192
528 3 2 8 125 192 737 738 193
529 3 2 8 125 193 738 739 194
530 3 2 8 125 194 739 740 195
531 3 2 8 125 195 740 741 196
532 3 2 8 125 196 741 742 197
533 3 2 8 125 197 742 743 198
534 3 2 8 125 198 743 226 25
535 3 2 8 125 40 4 230 735
536 3 2 8 125 735 230 231 736
537 3 2 8 125 736 231 232 737
538 3 2 8 125 737 232 233 738
539 3 2 8 125 738 233 234 739
540 3 2 8 125 739 234 235 740
541 3 2 8 125 740 235 236 741
542 3 2 8 125 741 236 237 742
543 3 2 8 125 742 237 238 743
544 3 2 8 125 743 238 29 226
545 3 2 11 129 4 56 744 230
546 3 2 11 129 230 744 745 231
547 3 2 11 129 231 745 746 232
548 3 2 11 129 232 746 747 233
549 3 2 11 129 233 747 748 234
550 3 2 11 129 234 748 749 235
551 3 2 11 129 235 749 750 236
552 3 2 11 129 236 750 751 237
553 3 2 11 129 237 751 752 238
554 3 2 11 129 238 752 227 29
555 3 2 11 129 56 57 753 744
556 3 2 11 129 744 753 754 745
557 3 2 11 129 745 754 755 746
558 3 2 11 129 746 755 756 747
559 3 2 11 129 747 756 757 748
560 3 2 11 129 748 757 758 749
561 3 2 11 129 749 758 759 750
562 3 2 11 129 750 759 760 751
563 3 2 11 129 751 760 761 752
564 3 2 11 129 752 761 228 227
565 3 2 11 129 57 14 239 753
566 3 2 11 129 753 239 240 754
567 3 2 11 129 754 240 241 755
568 3 2 11 129 755 241 242 756
569 3 2 11 129 756 242 243 757
570 3 2 11 129 757 243 244 758
571 3 2 11 129 758 244 245 759
572 3 2 11 129 759 245 246 760
573 3 2 11 129 760 246 247 761
574 3 2 11 129 761 247 30 228
575 3 2 13 133 13 199 762 79
576 3 2 13 133 199 200 763 762
577 3 2 13 133 200 201 764 763
578 3 2 13 133 201 202 765 764
579 3 2 13 133 202 203 766 765
580 3 2 13 133 203 204 767 766
581 3 2 13 133 204 205 768 767
582 3 2 13 133 205 206 769 768
583 3 2 13 133 206 207 770 769
584 3 2 13 133 207 26 229 770
585 3 2 13 133 79 762 239 14
586 3 2 13 133 762 763 240 239
587 3 2 13 133 763 764 241 240
588 3 2 13 133 764 765 242 241
589 3 2 13 133 765 766 243 242
590 3 2 13 133 766 767 244 243
591 3 2 13 133 767 768 245 244
592 3 2 13 133 768 769 246 245
593 3 2 13 133 769 770 247 246
594 3 2 13 133 770 229 30 247
595 3 2 7 138 25 226 771 177
596 3 2 7 138 177 771 772 178
597 3 2 7 138 178 772 229 26
598 3 2 7 138 226 29 227 771
599 3 2 7 138 771 227 228 772
600 3 2 7 138 772 228 30 229
601 3 2 13 147 16 255 773 80
602 3 2 13 147 255 256 774 773
603 3 2 13 147 256 257 775 774
604 3 2 13 147 257 258 776 775
605 3 2 13 147 258 259 777 776
606 3 2 13 147 259 260 778 777
607 3 2 13 147 260 261 779 778
608 3 2 13 147 261 262 780 779
609 3 2 13 147 262 263 781 780
610 3 2 13 147 263 31 248 781
611 3 2 13 147 80 773 208 15
612 3 2 13 147 773 774 209 208
613 3 2 13 147 774 775 210 209
614 3 2 13 147 775 776 211 210
615 3 2 13 147 776 777 212 211
616 3 2 13 147 777 778 213 212
617 3 2 13 147 778 779 214 213
618 3 2 13 147 779 780 215 214
619 3 2 13 147 780 781 216 215
620 3 2 13 147 781 248 27 216
621 3 2 11 151 16 58 782 255
622 3 2 11 151 255 782 783 256
623 3 2 11 151 256 783 784 257
624 3 2 11 151 257 784 785 258
625 3 2 11 151 258 785 786 259
626 3 2 11 151 259 786 787 260
627 3 2 11 151 260 787 788 261
628 3 2 11 151 261 788 789 262
629 3 2 11 151 262 789 790 263
630 3 2 11 151 263 790 249 31
631 3 2 11 151 58 59 791 782
632 3 2 11 151 782 791 792 783
633 3 2 11 151 783 792 793 784
634 3 2 11 151 784 793 794 785
635 3 2 11 151 785 794 795 786
636 3 2 11 151 786 795 796 787
637 3 2 11 151 787 796 797 788
638 3 2 11 151 788 797 798 789
639 3 2 11 151 789 798 799 790
640 3 2 11 151 790 799 250 249
641 3 2 11 151 59 60 800 791
642 3 2 11 151 791 800 801 792
643 3 2 11 151 792 801 802 793
644 3 2 11 151 793 802 803 794
645 3 2 11 151 794 803 804 795
646 3 2 11 151 795 804 805 796
647 3 2 11 151 796 805 806 797
648 3 2 11 151 797 806 807 798
649 3 2 11 151 798 807 808 799
650 3 2 11 151 799 808 251 250
651 3 2 11 151 60 61 809 800
652 3 2 11 151 800 809 810 801
653 3 2 11 151 801 810 811 802
654 3 2 11 151 802 811 812 803
655 3 2 11 151 803 812 813 804
656 3 2 11 151 804 813 814 805
657 3 2 11 151 805 814 815 806
658 3 2 11 151 806 815 816 807
659 3 2 11 151 807 816 817 808
660 3 2 11 151 808 817 252 251
661 3 2 11 151 61 62 818 809
662 3 2 11 151 809 818 819 810
663 3 2 11 151 810 819 820 811
664 3 2 11 151 811 820 821 812
665 3 2 11 151 812 821 822 813
666 3 2 11 151 813 822 823 814
667 3 2 11 151 814 823 824 815
668 3 2 11 151 815 824 825 816
669 3 2 11 151 816 825 826 817
670 3 2 11 151 817 826 253 252
671 3 2 11 151 62 8 264 818
672 3 2 11 151 818 264 265 819
673 3 2 11 151 819 265 266 820
674 3 2 11 151 820 266 267 821
675 3 2 11 151 821 267 268 822
676 3 2 11 151 822 268 269 823
677 3 2 11 151 823 269 270 824
678 3 2 11 151 824 270 271 825
679 3 2 11 151 825 271 272 826
680 3 2 11 151 826 272 32 253
681 3 2 9 155 7 217 827 48
682 3 2 9 155 217 218 828 827
683 3 2 9 155 218 219 829 828
684 3 2 9 155 219 220 830 829
685 3 2 9 155 220 221 831 830
686 3 2 9 155 221 222 832 831
687 3 2 9 155 222 223 833 832
688 3 2 9 155 223 224 834 833
689 3 2 9 155 224 225 835 834
690 3 2 9 155 225 28 254 835
691 3 2 9 155 48 827 264 8
692 3 2 9 155 827 828 265 264
693 3 2 9 155 828 829 266 265
694 3 2 9 155 829 830 267 266
695 3 2 9 155 830 831 268 267
696 3 2 9 155 831 832 269 268
697 3 2 9 155 832 833 270 269
698 3 2 9 155 833 834 271 270
699 3 2 9 155 834 835 272 271
700 3 2 9 155 835 254 32 272
701 3 2 7 160 27 248 836 179
702 3 2 7 160 179 836 837 180
703 3 2 7 160 180 837 838 181
704 3 2 7 160 181 838 839 182
705 3 2 7 160 182 839 840 183
706 3 2 7 160 183 840 254 28
707 3 2 7 160 248 31 249 836
708 3 2 7 160 836 249 250 837
709 3 2 7 160 837 250 251 838
710 3 2 7 160 838 251 252 839
711 3 2 7 160 839 252 253 840
712 3 2 7 160 840 253 32 254
713 5 2 1 1 1 33 273 49 93 341 841 404
714 5 2 1 1 93 341 841 404 94 342 842 405
715 5 2 1 1 94 342 842 405 95 343 843 406
716 5 2 1 1 95 343 843 406 96 344 844 407
717 5 2 1 1 96 344 844 407 97 345 845 408
718 5 2 1 1 97 345 845 408 98 346 846 409
719 5 2 1 1 98 346 846 409 99 347 847 410
720 5 2 1 1 99 347 847 410 100 348 848 411
721 5 2 1 1 100 348 848 411 101 349 849 412
722 5 2 1 1 101 349 849 412 17 81 449 92
723 5 2 1 1 49 273 274 50 404 841 850 413
724 5 2 1 1 404 841 850 413 405 842 851 414
725 5 2 1 1 405 842 851 414 406 843 852 415
726 5 2 1 1 406 843 852 415 407 844 853 416
727 5 2 1 1 407 844 853 416 408 845 854 417
728 5 2 1 1 408 845 854 417 409 846 855 418
729 5 2 1 1 409 846 855 418 410 847 856 419
730 5 2 1 1 410 847 856 419 411 848 857 420
731 5 2 1 1 411 848 857 420 412 849 858 421
732 5 2 1 1 412 849 858 421 92 449 450 91
733 5 2 1 1 50 274 275 51 413 850 859 422
734 5 2 1 1 413 850 859 422 414 851 860 423
735 5 2 1 1 414 851 860 423 415 852 861 424
736 5 2 1 1 415 852 861 424 416 853 862 425
737 5 2 1 1 416 853 862 425 417 854 863 426
738 5 2 1 1 417 854 863 426 418 855 864 427
739 5 2 1 1 418 855 864 427 419 856 865 428
740 5 2 1 1 419 856 865 428 420 857 866 429
741 5 2 1 1 420 857 866 429 421 858 867 430
742 5 2 1 1 421 858 867 430 91 450 451 90
743 5 2 1 1 51 275 276 52 422 859 868 431
744 5 2 1 1 422 859 868 431 423 860 869 432
745 5 2 1 1 423 860 869 432 424 861 870 433
746 5 2 1 1 424 861 870 433 425 862 871 434
747 5 2 1 1 425 862 871 434 426 863 872 435
748 5 2 1 1 426 863 872 435 427 864 873 436
749 5 2 1 1 427 864 873 436 428 865 874 437
750 5 2 1 1 428 865 874 437 429 866 875 438
751 5 2 1 1 429 866 875 438 430 867 876 439
752 5 2 1 1 430 867 876 439 90 451 452 89
753 5 2 1 1 52 276 277 53 431 868 877 440
754 5 2 1 1 431 868 877 440 432 869 878 441
755 5 2 1 1 432 869 878 441 433 870 879 442
756 5 2 1 1 433 870 879 442 434 871 880 443
757 5 2 1 1 434 871 880 443 435 872 881 444
758 5 2 1 1 435 872 881 444 436 873 882 445
759 5 2 1 1 436 873 882 445 437 874 883 446
760 5 2 1 1 437 874 883 446 438 875 884 447
761 5 2 1 1 438 875 884 447 439 876 885 448
762 5 2 1 1 439 876 885 448 89 452 453 88
763 5 2 1 1 53 277 77 9 440 877 395 120
764 5 2 1 1 440 877 395 120 441 878 396 121
765 5 2 1 1 441 878 396 121 442 879 397 122
766 5 2 1 1 442 879 397 122 443 880 398 123
767 5 2 1 1 443 880 398 123 444 881 399 124
768 5 2 1 1 444 881 399 124 445 882 400 125
769 5 2 1 1 445 882 400 125 446 883 401 126
770 5 2 1 1 446 883 401 126 447 884 402 127
771 5 2 1 1 447 884 402 127 448 885 403 128
772 5 2 1 1 448 885 403 128 88 453 87 20
773 5 2 1 1 33 2 63 273 341 102 350 841
774 5 2 1 1 341 102 350 841 342 103 351 842
775 5 2 1 1 342 103 351 842 343 104 352 843
776 5 2 1 1 343 104 352 843 344 105 353 844
777 5 2 1 1 344 105 353 844 345 106 354 845
778 5 2 1 1 345 106 354 845 346 107 355 846
779 5 2 1 1 346 107 355 846 347 108 356 847
780 5 2 1 1 347 108 356 847 348 109 357 848
781 5 2 1 1 348 109 357 848 349 110 358 849
782 5 2 1 1 349 110 358 849 81 18 82 449
783 5 2 1 1 273 63 64 274 841 350 359 850
784 5 2 1 1 841 350 359 850 842 351 360 851
785 5 2 1 1 842 351 360 851 843 352 361 852
786 5 2 1 1 843 352 361 852 844 353 362 853
787 5 2 1 1 844 353 362 853 845 354 363 854
788 5 2 1 1 845 354 363 854 846 355 364 855
789 5 2 1 1 846 355 364 855 847 356 365 856
790 5 2 1 1 847 356 365 856 848 357 366 857
791 5 2 1 1 848 357 366 857 849 358 367 858
792 5 2 1 1 849 358 367 858 449 82 83 450
793 5 2 1 1 274 64 65 275 850 359 368 859
794 5 2 1 1 850 359 368 859 851 360 369 860
795 5 2 1 1 851 360 369 860 852 361 370 861
796 5 2 1 1 852 361 370 861 853 362 371 862
797 5 2 1 1 853 362 371 862 854 363 372 863
798 5 2 1 1 854 363 372 863 855 364 373 864
799 5 2 1 1 855 364 373 864 856 365 374 865
800 5 2 1 1 856 365 374 865 857 366 375 866
801 5 2 1 1 857 366 375 866 858 367 376 867
802 5 2 1 1 858 367 376 867 450 83 84 451
803 5 2 1 1 275 65 66 276 859 368 377 868
804 5 2 1 1 859 368 377 868 860 369 378 869
805 5 2 1 1 860 369 378 869 861 370 379 870
806 5 2 1 1 861 370 379 870 862 371 380 871
807 5 2 1 1 862 371 380 871 863 372 381 872
808 5 2 1 1 863 372 381 872 864 373 382 873
809 5 2 1 1 864 373 382 873 865 374 383 874
810 5 2 1 1 865 374 383 874 866 375 384 875
811 5 2 1 1 866 375 384 875 867 376 385 876
812 5 2 1 1 867 376 385 876 451 84 85 452
813 5 2 1 1 276 66 67 277 868 377 386 877
814 5 2 1 1 868 377 386 877 869 378 387 878
815 5 2 1 1 869 378 387 878 870 379 388 879
816 5 2 1 1 870 379 388 879 871 380 389 880
817 5 2 1 1 871 380 389 880 872 381 390 881
818 5 2 1 1 872 381 390 881 873 382 391 882
819 5 2 1 1 873 382 391 882 874 383 392 883
820 5 2 1 1 874 383 392 883 875 384 393 884
821 5 2 1 1 875 384 393 884 876 385 394 885
822 5 2 1 1 876 385 394 885 452 85 86 453
823 5 2 1 1 277 67 10 77 877 386 111 395
824 5 2 1 1 877 386 111 395 878 387 112 396
825 5 2 1 1 878 387 112 396 879 388 113 397
826 5 2 1 1 879 388 113 397 880 389 114 398
827 5 2 1 1 880 389 114 398 881 390 115 399
828 5 2 1 1 881 390 115 399 882 391 116 400
829 5 2 1 1 882 391 116 400 883 392 117 401
830 5 2 1 1 883 392 117 401 884 393 118 402
831 5 2 1 1 884 393 118 402 885 394 119 403
832 5 2 1 1 885 394 119 403 453 86 19 87
833 5 2 2 2 11 78 278 54 135 454 886 490
834 5 2 2 2 135 454 886 490 136 455 887 491
835 5 2 2 2 136 455 887 491 137 456 888 492
836 5 2 2 2 137 456 888 492 138 457 889 493
837 5 2 2 2 138 457 889 493 139 458 890 494
838 5 2 2 2 139 458 890 494 140 459 891 495
839 5 2 2 2 140 459 891 495 141 460 892 496
840 5 2 2 2 141 460 892 496 142 461 893 497
841 5 2 2 2 142 461 893 497 143 462 894 498
842 5 2 2 2 143 462 894 498 21 129 508 134
843 5 2 2 2 54 278 279 55 490 886 895 499
844 5 2 2 2 490 886 895 499 491 887 896 500
845 5 2 2 2 491 887 896 500 492 888 897 501
846 5 2 2 2 492 888 897 501 493 889 898 502
847 5 2 2 2 493 889 898 502 494 890 899 503
848 5 2 2 2 494 890 899 503 495 891 900 504
849 5 2 2 2 495 891 900 504 496 892 901 505
850 5 2 2 2 496 892 901 505 497 893 902 506
851 5 2 2 2 497 893 902 506 498 894 903 507
852 5 2 2 2 498 894 903 507 134 508 509 133
853 5 2 2 2 55 279 41 5 499 895 481 162
854 5 2 2 2 499 895 481 162 500 896 482 163
855 5 2 2 2 500 896 482 163 501 897 483 164
856 5 2 2 2 501 897 483 164 502 898 484 165
857 5 2 2 2 502 898 484 165 503 899 485 166
858 5 2 2 2 503 899 485 166 504 900 486 167
859 5 2 2 2 504 900 486 167 505 901 487 168
860 5 2 2 2 505 901 487 168 506 902 488 169
861 5 2 2 2 506 902 488 169 507 903 489 170
862 5 2 2 2 507 903 489 170 133 509 132 24
863 5 2 2 2 78 12 68 278 454 144 463 886
864 5 2 2 2 454 144 463 886 455 145 464 887
865 5 2 2 2 455 145 464 887 456 146 465 888
866 5 2 2 2 456 146 465 888 457 147 466 889
867 5 2 2 2 457 147 466 889 458 148 467 890
868 5 2 2 2 458 148 467 890 459 149 468 891
869 5 2 2 2 459 149 468 891 460 150 469 892
870 5 2 2 2 460 150 469 892 461 151 470 893
871 5 2 2 2 461 151 470 893 462 152 471 894
872 5 2 2 2 462 152 471 894 129 22 130 508
873 5 2 2 2 278 68 69 279 886 463 472 895
874 5 2 2 2 886 463 472 895 887 464 473 896
875 5 2 2 2 887 464 473 896 888 465 474 897
876 5 2 2 2 888 465 474 897 889 466 475 898
877 5 2 2 2 889 466 475 898 890 467 476 899
878 5 2 2 2 890 467 476 899 891 468 477 900
879 5 2 2 2 891 468 477 900 892 469 478 901
880 5 2 2 2 892 469 478 901 893 470 479 902
881 5 2 2 2 893 470 479 902 894 471 480 903
882 5 2 2 2 894 471 480 903 508 130 131 509
883 5 2 2 2 279 69 6 41 895 472 153 481
884 5 2 2 2 895 472 153 481 896 473 154 482
885 5 2 2 2 896 473 154 482 897 474 155 483
886 5 2 2 2 897 474 155 483 898 475 156 484
887 5 2 2 2 898 475 156 484 899 476 157 485
888 5 2 2 2 899 476 157 485 900 477 158 486
889 5 2 2 2 900 477 158 486 901 478 159 487
890 5 2 2 2 901 478 159 487 902 479 160 488
891 5 2 2 2 902 479 160 488 903 480 161 489
892 5 2 2 2 903 480 161 489 509 131 23 132
893 5 2 3 3 2 34 280 63 102 510 904 350
894 5 2 3 3 102 510 904 350 103 511 905 351
895 5 2 3 3 103 511 905 351 104 512 906 352
896 5 2 3 3 104 512 906 352 105 513 907 353
897 5 2 3 3 105 513 907 353 106 514 908 354
898 5 2 3 3 106 514 908 354 107 515 909 355
899 5 2 3 3 107 515 909 355 108 516 910 356
900 5 2 3 3 108 516 910 356 109 517 911 357
901 5 2 3 3 109 517 911 357 110 518 912 358
902 5 2 3 3 110 518 912 358 18 171 681 82
903 5 2 3 3 63 280 281 64 350 904 913 359
904 5 2 3 3 350 904 913 359 351 905 914 360
905 5 2 3 3 351 905 914 360 352 906 915 361
906 5 2 3 3 352 906 915 361 353 907 916 362
907 5 2 3 3 353 907 916 362 354 908 917 363
908 5 2 3 3 354 908 917 363 355 909 918 364
909 5 2 3 3 355 909 918 364 356 910 919 365
910 5 2 3 3 356 910 919 365 357 911 920 366
911 5 2 3 3 357 911 920 366 358 912 921 367
912 5 2 3 3 358 912 921 367 82 681 682 83
913 5 2 3 3 64 281 282 65 359 913 922 368
914 5 2 3 3 359 913 922 368 360 914 923 369
915 5 2 3 3 360 914 923 369 361 915 924 370
916 5 2 3 3 361 915 924 370 362 916 925 371
917 5 2 3 3 362 916 925 371 363 917 926 372
918 5 2 3 3 363 917 926 372 364 918 927 373
919 5 2 3 3 364 918 927 373 365 919 928 374
920 5 2 3 3 365 919 928 374 366 920 929 375
921 5 2 3 3 366 920 929 375 367 921 930 376
922 5 2 3 3 367 921 930 376 83 682 683 84
923 5 2 3 3 65 282 283 66 368 922 931 377
924 5 2 3 3 368 922 931 377 369 923 932 378
925 5 2 3 3 369 923 932 378 370 924 933 379
926 5 2 3 3 370 924 933 379 371 925 934 380
927 5 2 3 3 371 925 934 380 372 926 935 381
928 5 2 3 3 372 926 935 381 373 927 936 382
929 5 2 3 3 373 927 936 382 374 928 937 383
930 5 2 3 3 374 928 937 383 375 929 938 384
931 5 2 3 3 375 929 938 384 376 930 939 385
932 5 2 3 3 376 930 939 385 84 683 684 85
933 5 2 3 3 66 283 284 67 377 931 940 386
934 5 2 3 3 377 931 940 386 378 932 941 387
935 5 2 3 3 378 932 941 387 379 933 942 388
936 5 2 3 3 379 933 942 388 380 934 943 389
937 5 2 3 3 380 934 943 389 381 935 944 390
938 5 2 3 3 381 935 944 390 382 936 945 391
939 5 2 3 3 382 936 945 391 383 937 946 392
940 5 2 3 3 383 937 946 392 384 938 947 393
941 5 2 3 3 384 938 947 393 385 939 948 394
942 5 2 3 3 385 939 948 394 85 684 685 86
943 5 2 3 3 67 284 285 10 386 940 949 111
944 5 2 3 3 386 940 949 111 387 941 950 112
945 5 2 3 3 387 941 950 112 388 942 951 113
946 5 2 3 3 388 942 951 113 389 943 952 114
947 5 2 3 3 389 943 952 114 390 944 953 115
948 5 2 3 3 390 944 953 115 391 945 954 116
949 5 2 3 3 391 945 954 116 392 946 955 117
950 5 2 3 3 392 946 955 117 393 947 956 118
951 5 2 3 3 393 947 956 118 394 948 957 119
952 5 2 3 3 394 948 957 119 86 685 686 19
953 5 2 3 3 10 285 286 12 111 949 958 144
954 5 2 3 3 111 949 958 144 112 950 959 145
955 5 2 3 3 112 950 959 145 113 951 960 146
956 5 2 3 3 113 951 960 146 114 952 961 147
957 5 2 3 3 114 952 961 147 115 953 962 148
958 5 2 3 3 115 953 962 148 116 954 963 149
959 5 2 3 3 116 954 963 149 117 955 964 150
960 5 2 3 3 117 955 964 150 118 956 965 151
961 5 2 3 3 118 956 965 151 119 957 966 152
962 5 2 3 3 119 957 966 152 19 686 687 22
963 5 2 3 3 12 286 287 68 144 958 967 463
964 5 2 3 3 144 958 967 463 145 959 968 464
965 5 2 3 3 145 959 968 464 146 960 969 465
966 5 2 3 3 146 960 969 465 147 961 970 466
967 5 2 3 3 147 961 970 466 148 962 971 467
968 5 2 3 3 148 962 971 467 149 963 972 468
969 5 2 3 3 149 963 972 468 150 964 973 469
970 5 2 3 3 150 964 973 469 151 965 974 470
971 5 2 3 3 151 965 974 470 152 966 975 471
972 5 2 3 3 152 966 975 471 22 687 688 130
973 5 2 3 3 68 287 288 69 463 967 976 472
974 5 2 3 3 463 967 976 472 464 968 977 473
975 5 2 3 3 464 968 977 473 465 969 978 474
976 5 2 3 3 465 969 978 474 466 970 979 475
977 5 2 3 3 466 970 979 475 467 971 980 476
978 5 2 3 3 467 971 980 476 468 972 981 477
979 5 2 3 3 468 972 981 477 469 973 982 478
980 5 2 3 3 469 973 982 478 470 974 983 479
981 5 2 3 3 470 974 983 479 471 975 984 480
982 5 2 3 3 471 975 984 480 130 688 689 131
983 5 2 3 3 69 288 42 6 472 976 627 153
984 5 2 3 3 472 976 627 153 473 977 628 154
985 5 2 3 3 473 977 628 154 474 978 629 155
986 5 2 3 3 474 978 629 155 475 979 630 156
987 5 2 3 3 475 979 630 156 476 980 631 157
988 5 2 3 3 476 980 631 157 477 981 632 158
989 5 2 3 3 477 981 632 158 478 982 633 159
990 5 2 3 3 478 982 633 159 479 983 634 160
991 5 2 3 3 479 983 634 160 480 984 635 161
992 5 2 3 3 480 984 635 161 131 689 189 23
993 5 2 3 3 34 35 289 280 510 519 985 904
994 5 2 3 3 510 519 985 904 511 520 986 905
995 5 2 3 3 511 520 986 905 512 521 987 906
996 5 2 3 3 512 521 987 906 513 522 988 907
997 5 2 3 3 513 522 988 907 514 523 989 908
998 5 2 3 3 514 523 989 908 515 524 990 909
999 5 2 3 3 515 524 990 909 516 525 991 910
1000 5 2 3 3 516 525 991 910 517 526 992 911
1001 5 2 3 3 517 526 992 911 518 527 993 912
1002 5 2 3 3 518 527 993 912 171 172 690 681
1003 5 2 3 3 280 289 290 281 904 985 994 913
1004 5 2 3 3 904 985 994 913 905 986 995 914
1005 5 2 3 3 905 986 995 914 906 987 996 915
1006 5 2 3 3 906 987 996 915 907 988 997 916
1007 5 2 3 3 907 988 997 916 908 989 998 917
1008 5 2 3 3 908 989 998 917 909 990 999 918
1009 5 2 3 3 909 990 999 918 910 991 1000 919
1010 5 2 3 3 910 991 1000 919 911 992 1001 920
1011 5 2 3 3 911 992 1001 920 912 993 1002 921
1012 5 2 3 3 912 993 1002 921 681 690 691 682
1013 5 2 3 3 281 290 291 282 913 994 1003 922
1014 5 2 3 3 913 994 1003 922 914 995 1004 923
1015 5 2 3 3 914 995 1004 923 915 996 1005 924
1016 5 2 3 3 915 996 1005 924 916 997 1006 925
1017 5 2 3 3 916 997 1006 925 917 998 1007 926
1018 5 2 3 3 917 998 1007 926 918 999 1008 927
1019 5 2 3 3 918 999 1008 927 919 1000 1009 928
1020 5 2 3 3 919 1000 1009 928 920 1001 1010 929
1021 5 2 3 3 920 1001 1010 929 921 1002 1011 930
1022 5 2 3 3 921 1002 1011 930 682 691 692 683
1023 5 2 3 3 282 291 292 283 922 1003 1012 931
1024 5 2 3 3 922 1003 1012 931 923 1004 1013 932
1025 5 2 3 3 923 1004 1013 932 924 1005 1014 933
1026 5 2 3 3 924 1005 1014 933 925 1006 1015 934
1027 5 2 3 3 925 1006 1015 934 926 1007 1016 935
1028 5 2 3 3 926 1007 1016 935 927 1008 1017 936
1029 5 2 3 3 927 1008 1017 936 928 1009 1018 937
1030 5 2 3 3 928 1009 1018 937 929 1010 1019 938
1031 5 2 3 3 929 1010 1019 938 930 1011 1020 939
1032 5 2 3 3 930 1011 1020 939 683 692 693 684
1033 5 2 3 3 283 292 293 284 931 1012 1021 940
1034 5 2 3 3 931 1012 1021 940 932 1013 1022 941
1035 5 2 3 3 932 1013 1022 941 933 1014 1023 942
1036 5 2 3 3 933 1014 1023 942 934 1015 1024 943
1037 5 2 3 3 934 1015 1024 943 935 1016 1025 944
1038 5 2 3 3 935 1016 1025 944 936 1017 1026 945
1039 5 2 3 3 936 1017 1026 945 937 1018 1027 946
1040 5 2 3 3 937 1018 1027 946 938 1019 1028 947
1041 5 2 3 3 938 1019 1028 947 939 1020 1029 948
1042 5 2 3 3 939 1020 1029 948 684 693 694 685
1043 5 2 3 3 284 293 294 285 940 1021 1030 949
1044 5 2 3 3 940 1021 1030 949 941 1022 1031 950
1045 5 2 3 3 941 1022 1031 950 942 1023 1032 951
1046 5 2 3 3 942 1023 1032 951 943 1024 1033 952
1047 5 2 3 3 943 1024 1033 952 944 1025 1034 953
1048 5 2 3 3 944 1025 1034 953 945 1026 1035 954
1049 5 2 3 3 945 1026 1035 954 946 1027 1036 955
1050 5 2 3 3 946 1027 1036 955 947 1028 1037 956
1051 5 2 3 3 947 1028 1037 956 948 1029 1038 957
1052 5 2 3 3 948 1029 1038 957 685 694 695 686
1053 5 2 3 3 285 294 295 286 949 1030 1039 958
1054 5 2 3 3 949 1030 1039 958 950 1031 1040 959
1055 5 2 3 3 950 1031 1040 959 951 1032 1041 960
1056 5 2 3 3 951 1032 1041 960 952 1033 1042 961
1057 5 2 3 3 952 1033 1042 961 953 1034 1043 962
1058 5 2 3 3 953 1034 1043 962 954 1035 1044 963
1059 5 2 3 3 954 1035 1044 963 955 1036 1045 964
1060 5 2 3 3 955 1036 1045 964 956 1037 1046 965
1061 5 2 3 3 956 1037 1046 965 957 1038 1047 966
1062 5 2 3 3 957 1038 1047 966 686 695 696 687
1063 5 2 3 3 286 295 296 287 958 1039 1048 967
1064 5 2 3 3 958 1039 1048 967 959 1040 1049 968
1065 5 2 3 3 959 1040 1049 968 960 1041 1050 969
1066 5 2 3 3 960 1041 1050 969 961 1042 1051 970
1067 5 2 3 3 961 1042 1051 970 962 1043 1052 971
1068 5 2 3 3 962 1043 1052 971 963 1044 1053 972
1069 5 2 3 3 963 1044 1053 972 964 1045 1054 973
1070 5 2 3 3 964 1045 1054 973 965 1046 1055 974
1071 5 2 3 3 965 1046 1055 974 966 1047 1056 975
1072 5 2 3 3 966 1047 1056 975 687 696 697 688
1073 5 2 3 3 287 296 297 288 967 1048 1057 976
1074 5 2 3 3 967 1048 1057 976 968 1049 1058 977
1075 5 2 3 3 968 1049 1058 977 969 1050 1059 978
1076 5 2 3 3 969 1050 1059 978 970 1051 1060 979
1077 5 2 3 3 970 1051 1060 979 971 1052 1061 980
1078 5 2 3 3 971 1052 1061 980 972 1053 1062 981
1079 5 2 3 3 972 1053 1062 981 973 1054 1063 982
1080 5 2 3 3 973 1054 1063 982 974 1055 1064 983
1081 5 2 3 3 974 1055 1064 983 975 1056 1065 984
1082 5 2 3 3 975 1056 1065 984 688 697 698 689
1083 5 2 3 3 288 297 43 42 976 1057 636 627
1084 5 2 3 3 976 1057 636 627 977 1058 637 628
1085 5 2 3 3 977 1058 637 628 978 1059 638 629
1086 5 2 3 3 978 1059 638 629 979 1060 639 630
1087 5 2 3 3 979 1060 639 630 980 1061 640 631
1088 5 2 3 3 980 1061 640 631 981 1062 641 632
1089 5 2 3 3 981 1062 641 632 982 1063 642 633
1090 5 2 3 3 982 1063 642 633 983 1064 643 634
1091 5 2 3 3 983 1064 643 634 984 1065 644 635
1092 5 2 3 3 984 1065 644 635 689 698 188 189
1093 5 2 3 3 35 36 298 289 519 528 1066 985
1094 5 2 3 3 519 528 1066 985 520 529 1067 986
1095 5 2 3 3 520 529 1067 986 521 530 1068 987
1096 5 2 3 3 521 530 1068 987 522 531 1069 988
1097 5 2 3 3 522 531 1069 988 523 532 1070 989
1098 5 2 3 3 523 532 1070 989 524 533 1071 990
1099 5 2 3 3 524 533 1071 990 525 534 1072 991
1100 5 2 3 3 525 534 1072 991 526 535 1073 992
1101 5 2 3 3 526 535 1073 992 527 536 1074 993
1102 5 2 3 3 527 536 1074 993 172 173 699 690
1103 5 2 3 3 289 298 299 290 985 1066 1075 994
1104 5 2 3 3 985 1066 1075 994 986 1067 1076 995
1105 5 2 3 3 986 1067 1076 995 987 1068 1077 996
1106 5 2 3 3 987 1068 1077 996 988 1069 1078 997
1107 5 2 3 3 988 1069 1078 997 989 1070 1079 998
1108 5 2 3 3 989 1070 1079 998 990 1071 1080 999
1109 5 2 3 3 990 1071 1080 999 991 1072 1081 1000
1110 5 2 3 3 991 1072 1081 1000 992 1073 1082 1001
1111 5 2 3 3 992 1073 1082 1001 993 1074 1083 1002
1112 5 2 3 3 993 1074 1083 1002 690 699 700 691
1113 5 2 3 3 290 299 300 291 994 1075 1084 1003
1114 5 2 3 3 994 1075 1084 1003 995 1076 1085 1004
1115 5 2 3 3 995 1076 1085 1004 996 1077 1086 1005
1116 5 2 3 3 996 1077 1086 1005 997 1078 1087 1006
1117 5 2 3 3 997 1078 1087 1006 998 1079 1088 1007
1118 5 2 3 3 998 1079 1088 1007 999 1080 1089 1008
1119 5 2 3 3 999 1080 1089 1008 1000 1081 1090 1009
1120 5 2 3 3 1000 1081 1090 1009 1001 1082 1091 1010
1121 5 2 3 3 1001 1082 1091 1010 1002 1083 1092 1011
1122 5 2 3 3 1002 1083 1092 1011 691 700 701 692
1123 5 2 3 3 291 300 301 292 1003 1084 1093 1012
1124 5 2 3 3 1003 1084 1093 1012 1004 1085 1094 1013
1125 5 2 3 3 1004 1085 1094 1013 1005 1086 1095 1014
1126 5 2 3 3 1005 1086 1095 1014 1006 1087 1096 1015
1127 5 2 3 3 1006 1087 1096 1015 1007 1088 1097 1016
1128 5 2 3 3 1007 1088 1097 1016 1008 1089 1098 1017
1129 5 2 3 3 1008 1089 1098 1017 1009 1090 1099 1018
1130 5 2 3 3 1009 1090 1099 1018 1010 1091 1100 1019
1131 5 2 3 3 1010 1091 1100 1019 1011 1092 1101 1020
1132 5 2 3 3 1011 1092 1101 1020 692 701 702 693
1133 5 2 3 3 292 301 302 293 1012 1093 1102 1021
1134 5 2 3 3 1012 1093 1102 1021 1013 1094 1103 1022
1135 5 2 3 3 1013 1094 1103 1022 1014 1095 1104 1023
1136 5 2 3 3 1014 1095 1104 1023 1015 1096 1105 1024
1137 5 2 3 3 1015 1096 1105 1024 1016 1097 1106 1025
1138 5 2 3 3 1016 1097 1106 1025 1017 1098 1107 1026
1139 5 2 3 3 1017 1098 1107 1026 1018 1099 1108 1027
1140 5 2 3 3 1018 1099 1108 1027 1019 1100 1109 1028
1141 5 2 3 3 1019 1100 1109 1028 1020 1101 1110 1029
1142 5 2 3 3 1020 1101 1110 1029 693 702 703 694
1143 5 2 3 3 293 302 303 294 1021 1102 1111 1030
1144 5 2 3 3 1021 1102 1111 1030 1022 1103 1112 1031
1145 5 2 3 3 1022 1103 1112 1031 1023 1104 1113 1032
1146 5 2 3 3 1023 1104 1113 1032 1024 1105 1114 1033
1147 5 2 3 3 1024 1105 1114 1033 1025 1106 1115 1034
1148 5 2 3 3 1025 1106 1115 1034 1026 1107 1116 1035
1149 5 2 3 3 1026 1107 1116 1035 1027 1108 1117 1036
1150 5 2 3 3 1027 1108 1117 1036 1028 1109 1118 1037
1151 5 2 3 3 1028 1109 1118 1037 1029 1110 1119 1038
1152 5 2 3 3 1029 1110 1119 1038 694 703 704 695
1153 5 2 3 3 294 303 304 295 1030 1111 1120 1039
1154 5 2 3 3 1030 1111 1120 1039 1031 1112 1121 1040
1155 5 2 3 3 1031 1112 1121 1040 1032 1113 1122 1041
1156 5 2 3 3 1032 1113 1122 1041 1033 1114 1123 1042
1157 5 2 3 3 1033 1114 1123 1042 1034 1115 1124 1043
1158 5 2 3 3 1034 1115 1124 1043 1035 1116 1125 1044
1159 5 2 3 3 1035 1116 1125 1044 1036 1117 1126 1045
1160 5 2 3 3 1036 1117 1126 1045 1037 1118 1127 1046
1161 5 2 3 3 1037 1118 1127 1046 1038 1119 1128 1047
1162 5 2 3 3 1038 1119 1128 1047 695 704 705 696
1163 5 2 3 3 295 304 305 296 1039 1120 1129 1048
1164 5 2 3 3 1039 1120 1129 1048 1040 1121 1130 1049
1165 5 2 3 3 1040 1121 1130 1049 1041 1122 1131 1050
1166 5 2 3 3 1041 1122 1131 1050 1042 1123 1132 1051
1167 5 2 3 3 1042 1123 1132 1051 1043 1124 1133 1052
1168 5 2 3 3 1043 1124 1133 1052 1044 1125 1134 1053
1169 5 2 3 3 1044 1125 1134 1053 1045 1126 1135 1054
1170 5 2 3 3 1045 1126 1135 1054 1046 1127 1136 1055
1171 5 2 3 3 1046 1127 1136 1055 1047 1128 1137 1056
1172 5 2 3 3 1047 1128 1137 1056 696 705 706 697
1173 5 2 3 3 296 305 306 297 1048 1129 1138 1057
1174 5 2 3 3 1048 1129 1138 1057 1049 1130 1139 1058
1175 5 2 3 3 1049 1130 1139 1058 1050 1131 1140 1059
1176 5 2 3 3 1050 1131 1140 1059 1051 1132 1141 1060
1177 5 2 3 3 1051 1132 1141 1060 1052 1133 1142 1061
1178 5 2 3 3 1052 1133 1142 1061 1053 1134 1143 1062
1179 5 2 3 3 1053 1134 1143 1062 1054 1135 1144 1063
1180 5 2 3 3 1054 1135 1144 1063 1055 1136 1145 1064
1181 5 2 3 3 1055 1136 1145 1064 1056 1137 1146 1065
1182 5 2 3 3 1056 1137 1146 1065 697 706 707 698
1183 5 2 3 3 297 306 44 43 1057 1138 645 636
1184 5 2 3 3 1057 1138 645 636 1058 1139 646 637
1185 5 2 3 3 1058 1139 646 637 1059 1140 647 638
1186 5 2 3 3 1059 1140 647 638 1060 1141 648 639
1187 5 2 3 3 1060 1141 648 639 1061 1142 649 640
1188 5 2 3 3 1061 1142 649 640 1062 1143 650 641
1189 5 2 3 3 1062 1143 650 641 1063 1144 651 642
1190 5 2 3 3 1063 1144 651 642 1064 1145 652 643
1191 5 2 3 3 1064 1145 652 643 1065 1146 653 644
1192 5 2 3 3 1065 1146 653 644 698 707 187 188
1193 5 2 3 3 36 37 307 298 528 537 1147 1066
1194 5 2 3 3 528 537 1147 1066 529 538 1148 1067
1195 5 2 3 3 529 538 1148 1067 530 539 1149 1068
1196 5 2 3 3 530 539 1149 1068 531 540 1150 1069
1197 5 2 3 3 531 540 1150 1069 532 541 1151 1070
1198 5 2 3 3 532 541 1151 1070 533 542 1152 1071
1199 5 2 3 3 533 542 1152 1071 534 543 1153 1072
1200 5 2 3 3 534 543 1153 1072 535 544 1154 1073
1201 5 2 3 3 535 544 1154 1073 536 545 1155 1074
1202 5 2 3 3 536 545 1155 1074 173 174 708 699
1203 5 2 3 3 298 307 308 299 1066 1147 1156 1075
1204 5 2 3 3 1066 1147 1156 1075 1067 1148 1157 1076
1205 5 2 3 3 1067 1148 1157 1076 1068 1149 1158 1077
1206 5 2 3 3 1068 1149 1158 1077 1069 1150 1159 1078
1207 5 2 3 3 1069 1150 1159 1078 1070 1151 1160 1079
1208 5 2 3 3 1070 1151 1160 1079 1071 1152 1161 1080
1209 5 2 3 3 1071 1152 1161 1080 1072 1153 1162 1081
1210 5 2 3 3 1072 1153 1162 1081 1073 1154 1163 1082
1211 5 2 3 3 1073 1154 1163 1082 1074 1155 1164 1083
1212 5 2 3 3 1074 1155 1164 1083 699 708 709 700
1213 5 2 3 3 299 308 309 300 1075 1156 1165 1084
1214 5 2 3 3 1075 1156 1165 1084 1076 1157 1166 1085
1215 5 2 3 3 1076 1157 1166 1085 1077 1158 1167 1086
1216 5 2 3 3 1077 1158 1167 1086 1078 1159 1168 1087
1217 5 2 3 3 1078 1159 1168 1087 1079 1160 1169 1088
1218 5 2 3 3 1079 1160 1169 1088 1080 1161 1170 1089
1219 5 2 3 3 1080 1161 1170 1089 1081 1162 1171 1090
1220 5 2 3 3 1081 1162 1171 1090 1082 1163 1172 1091
1221 5 2 3 3 1082 1163 1172 1091 1083 1164 1173 1092
1222 5 2 3 3 1083 1164 1173 1092 700 709 710 701
1223 5 2 3 3 300 309 310 301 1084 1165 1174 1093
1224 5 2 3 3 1084 1165 1174 1093 1085 1166 1175 1094
1225 5 2 3 3 1085 1166 1175 1094 1086 1167 1176 1095
1226 5 2 3 3 1086 1167 1176 1095 1087 1168 1177 1096
1227 5 2 3 3 1087 1168 1177 1096 1088 1169 1178 1097
1228 5 2 3 3 1088 1169 1178 1097 1089 1170 1179 1098
1229 5 2 3 3 1089 1170 1179 1098 1090 1171 1180 1099
1230 5 2 3 3 1090 1171 1180 1099 1091 1172 1181 1100
1231 5 2 3 3 1091 1172 1181 1100 1092 1173 1182 1101
1232 5 2 3 3 1092 1173 1182 1101 701 710 711 702
1233 5 2 3 3 301 310 311 302 1093 1174 1183 1102
1234 5 2 3 3 1093 1174 1183 1102 1094 1175 1184 1103
1235 5 2 3 3 1094 1175 1184 1103 1095 1176 1185 1104
1236 5 2 3 3 1095 1176 1185 1104 1096 1177 1186 1105
1237 5 2 3 3 1096 1177 1186 1105 1097 1178 1187 1106
1238 5 2 3 3 1097 1178 1187 1106 1098 1179 1188 1107
1239 5 2 3 3 1098 1179 1188 1107 1099 1180 1189 1108
1240 5 2 3 3 1099 1180 1189 1108 1100 1181 1190 1109
1241 5 2 3 3 1100 1181 1190 1109 1101 1182 1191 1110
1242 5 2 3 3 1101 1182 1191 1110 702 711 712 703
1243 5 2 3 3 302 311 312 303 1102 1183 1192 1111
1244 5 2 3 3 1102 1183 1192 1111 1103 1184 1193 1112
1245 5 2 3 3 1103 1184 1193 1112 1104 1185 1194 1113
1246 5 2 3 3 1104 1185 1194 1113 1105 1186 1195 1114
1247 5 2 3 3 1105 1186 1195 1114 1106 1187 1196 1115
1248 5 2 3 3 1106 1187 1196 1115 1107 1188 1197 1116
1249 5 2 3 3 1107 1188 1197 1116 1108 1189 1198 1117
1250 5 2 3 3 1108 1189 1198 1117 1109 1190 1199 1118
1251 5 2 3 3 1109 1190 1199 1118 1110 1191 1200 1119
1252 5 2 3 3 1110 1191 1200 1119 703 712 713 704
1253 5 2 3 3 303 312 313 304 1111 1192 1201 1120
1254 5 2 3 3 1111 1192 1201 1120 1112 1193 1202 1121
1255 5 2 3 3 1112 1193 1202 1121 1113 1194 1203 1122
1256 5 2 3 3 1113 1194 1203 1122 1114 1195 1204 1123
1257 5 2 3 3 1114 1195 1204 1123 1115 1196 1205 1124
1258 5 2 3 3 1115 1196 1205 1124 1116 1197 1206 1125
1259 5 2 3 3 1116 1197 1206 1125 1117 1198 1207 1126
1260 5 2 3 3 1117 1198 1207 1126 1118 1199 1208 1127
1261 5 2 3 3 1118 1199 1208 1127 1119 1200 1209 1128
1262 5 2 3 3 1119 1200 1209 1128 704 713 714 705
1263 5 2 3 3 304 313 314 305 1120 1201 1210 1129
1264 5 2 3 3 1120 1201 1210 1129 1121 1202 1211 1130
1265 5 2 3 3 1121 1202 1211 1130 1122 1203 1212 1131
1266 5 2 3 3 1122 1203 1212 1131 1123 1204 1213 1132
1267 5 2 3 3 1123 1204 1213 1132 1124 1205 1214 1133
1268 5 2 3 3 1124 1205 1214 1133 1125 1206 1215 1134
1269 5 2 3 3 1125 1206 1215 1134 1126 1207 1216 1135
1270 5 2 3 3 1126 1207 1216 1135 1127 1208 1217 1136
1271 5 2 3 3 1127 1208 1217 1136 1128 1209 1218 1137
1272 5 2 3 3 1128 1209 1218 1137 705 714 715 706
1273 5 2 3 3 305 314 315 306 1129 1210 1219 1138
1274 5 2 3 3 1129 1210 1219 1138 1130 1211 1220 1139
1275 5 2 3 3 1130 1211 1220 1139 1131 1212 1221 1140
1276 5 2 3 3 1131 1212 1221 1140 1132 1213 1222 1141
1277 5 2 3 3 1132 1213 1222 1141 1133 1214 1223 1142
1278 5 2 3 3 1133 1214 1223 1142 1134 1215 1224 1143
1279 5 2 3 3 1134 1215 1224 1143 1135 1216 1225 1144
1280 5 2 3 3 1135 1216 1225 1144 1136 1217 1226 1145
1281 5 2 3 3 1136 1217 1226 1145 1137 1218 1227 1146
1282 5 2 3 3 1137 1218 1227 1146 706 715 716 707
1283 5 2 3 3 306 315 45 44 1138 1219 654 645
1284 5 2 3 3 1138 1219 654 645 1139 1220 655 646
1285 5 2 3 3 1139 1220 655 646 1140 1221 656 647
1286 5 2 3 3 1140 1221 656 647 1141 1222 657 648
1287 5 2 3 3 1141 1222 657 648 1142 1223 658 649
1288 5 2 3 3 1142 1223 658 649 1143 1224 659 650
1289 5 2 3 3 1143 1224 659 650 1144 1225 660 651
1290 5 2 3 3 1144 1225 660 651 1145 1226 661 652
1291 5 2 3 3 1145 1226 661 652 1146 1227 662 653
1292 5 2 3 3 1146 1227 662 653 707 716 186 187
1293 5 2 3 3 37 38 316 307 537 546 1228 1147
1294 5 2 3 3 537 546 1228 1147 538 547 1229 1148
1295 5 2 3 3 538 547 1229 1148 539 548 1230 1149
1296 5 2 3 3 539 548 1230 1149 540 549 1231 1150
1297 5 2 3 3 540 549 1231 1150 541 550 1232 1151
1298 5 2 3 3 541 550 1232 1151 542 551 1233 1152
1299 5 2 3 3 542 551 1233 1152 543 552 1234 1153
1300 5 2 3 3 543 552 1234 1153 544 553 1235 1154
1301 5 2 3 3 544 553 1235 1154 545 554 1236 1155
1302 5 2 3 3 545 554 1236 1155 174 175 717 708
1303 5 2 3 3 307 316 317 308 1147 1228 1237 1156
1304 5 2 3 3 1147 1228 1237 1156 1148 1229 1238 1157
1305 5 2 3 3 1148 1229 1238 1157 1149 1230 1239 1158
1306 5 2 3 3 1149 1230 1239 1158 1150 1231 1240 1159
1307 5 2 3 3 1150 1231 1240 1159 1151 1232 1241 1160
1308 5 2 3 3 1151 1232 1241 1160 1152 1233 1242 1161
1309 5 2 3 3 1152 1233 1242 1161 1153 1234 1243 1162
1310 5 2 3 3 1153 1234 1243 1162 1154 1235 1244 1163
1311 5 2 3 3 1154 1235 1244 1163 1155 1236 1245 1164
1312 5 2 3 3 1155 1236 1245 1164 708 717 718 709
1313 5 2 3 3 308 317 318 309 1156 1237 1246 1165
1314 5 2 3 3 1156 1237 1246 1165 1157 1238 1247 1166
1315 5 2 3 3 1157 1238 1247 1166 1158 1239 1248 1167
1316 5 2 3 3 1158 1239 1248 1167 1159 1240 1249 1168
1317 5 2 3 3 1159 1240 1249 1168 1160 1241 1250 1169
1318 5 2 3 3 1160 1241 1250 1169 1161 1242 1251 1170
1319 5 2 3 3 1161 1242 1251 1170 1162 1243 1252 1171
1320 5 2 3 3 1162 1243 1252 1171 1163 1244 1253 1172
1321 5 2 3 3 1163 1244 1253 1172 1164 1245 1254 1173
1322 5 2 3 3 1164 1245 1254 1173 709 718 719 710
1323 5 2 3 3 309 318 319 310 1165 1246 1255 1174
1324 5 2 3 3 1165 1246 1255 1174 1166 1247 1256 1175
1325 5 2 3 3 1166 1247 1256 1175 1167 1248 1257 1176
1326 5 2 3 3 1167 1248 1257 1176 1168 1249 1258 1177
1327 5 2 3 3 1168 1249 1258 1177 1169 1250 1259 1178
1328 5 2 3 3 1169 1250 1259 1178 1170 1251 1260 1179
1329 5 2 3 3 1170 1251 1260 1179 1171 1252 1261 1180
1330 5 2 3 3 1171 1252 1261 1180 1172 1253 1262 1181
1331 5 2 3 3 1172 1253 1262 1181 1173 1254 1263 1182
1332 5 2 3 3 1173 1254 1263 1182 710 719 720 711
1333 5 2 3 3 310 319 320 311 1174 1255 1264 1183
1334 5 2 3 3 1174 1255 1264 1183 1175 1256 1265 1184
1335 5 2 3 3 1175 1256 1265 1184 1176 1257 1266 1185
1336 5 2 3 3 1176 1257 1266 1185 1177 1258 1267 1186
1337 5 2 3 3 1177 1258 1267 1186 1178 1259 1268 1187
1338 5 2 3 3 1178 1259 1268 1187 1179 1260 1269 1188
1339 5 2 3 3 1179 1260 1269 1188 1180 1261 1270 1189
1340 5 2 3 3 1180 1261 1270 1189 1181 1262 1271 1190
1341 5 2 3 3 1181 1262 1271 1190 1182 1263 1272 1191
1342 5 2 3 3 1182 1263 1272 1191 711 720 721 712
1343 5 2 3 3 311 320 321 312 1183 1264 1273 1192
1344 5 2 3 3 1183 1264 1273 1192 1184 1265 1274 1193
1345 5 2 3 3 1184 1265 1274 1193 1185 1266 1275 1194
1346 5 2 3 3 1185 1266 1275 1194 1186 1267 1276 1195
1347 5 2 3 3 1186 1267 1276 1195 1187 1268 1277 1196
1348 5 2 3 3 1187 1268 1277 1196 1188 1269 1278 1197
1349 5 2 3 3 1188 1269 1278 1197 1189 1270 1279 1198
1350 5 2 3 3 1189 1270 1279 1198 1190 1271 1280 1199
1351 5 2 3 3 1190 1271 1280 1199 1191 1272 1281 1200
1352 5 2 3 3 1191 1272 1281 1200 712 721 722 713
1353 5 2 3 3 312 321 322 313 1192 1273 1282 1201
1354 5 2 3 3 1192 1273 1282 1201 1193 1274 1283 1202
1355 5 2 3 3 1193 1274 1283 1202 1194 1275 1284 1203
1356 5 2 3 3 1194 1275 1284 1203 1195 1276 1285 1204
1357 5 2 3 3 1195 1276 1285 1204 1196 1277 1286 1205
1358 5 2 3 3 1196 1277 1286 1205 1197 1278 1287 1206
1359 5 2 3 3 1197 1278 1287 1206 1198 1279 1288 1207
1360 5 2 3 3 1198 1279 1288 1207 1199 1280 1289 1208
1361 5 2 3 3 1199 1280 1289 1208 1200 1281 1290 1209
1362 5 2 3 3 1200 1281 1290 1209 713 722 723 714
1363 5 2 3 3 313 322 323 314 1201 1282 1291 1210
1364 5 2 3 3 1201 1282 1291 1210 1202 1283 1292 1211
1365 5 2 3 3 1202 1283 1292 1211 1203 1284 1293 1212
1366 5 2 3 3 1203 1284 1293 1212 1204 1285 1294 1213
1367 5 2 3 3 1204 1285 1294 1213 1205 1286 1295 1214
1368 5 2 3 3 1205 1286 1295 1214 1206 1287 1296 1215
1369 5 2 3 3 1206 1287 1296 1215 1207 1288 1297 1216
1370 5 2 3 3 1207 1288 1297 1216 1208 1289 1298 1217
1371 5 2 3 3 1208 1289 1298 1217 1209 1290 1299 1218
1372 5 2 3 3 1209 1290 1299 1218 714 723 724 715
1373 5 2 3 3 314 323 324 315 1210 1291 1300 1219
1374 5 2 3 3 1210 1291 1300 1219 1211 1292 1301 1220
1375 5 2 3 3 1211 1292 1301 1220 1212 1293 1302 1221
1376 5 2 3 3 1212 1293 1302 1221 1213 1294 1303 1222
1377 5 2 3 3 1213 1294 1303 1222 1214 1295 1304 1223
1378 5 2 3 3 1214 1295 1304 1223 1215 1296 1305 1224
1379 5 2 3 3 1215 1296 1305 1224 1216 1297 1306 1225
1380 5 2 3 3 1216 1297 1306 1225 1217 1298 1307 1226
1381 5 2 3 3 1217 1298 1307 1226 1218 1299 1308 1227
1382 5 2 3 3 1218 1299 1308 1227 715 724 725 716
1383 5 2 3 3 315 324 46 45 1219 1300 663 654
1384 5 2 3 3 1219 1300 663 654 1220 1301 664 655
1385 5 2 3 3 1220 1301 664 655 1221 1302 665 656
1386 5 2 3 3 1221 1302 665 656 1222 1303 666 657
1387 5 2 3 3 1222 1303 666 657 1223 1304 667 658
1388 5 2 3 3 1223 1304 667 658 1224 1305 668 659
1389 5 2 3 3 1224 1305 668 659 1225 1306 669 660
1390 5 2 3 3 1225 1306 669 660 1226 1307 670 661
1391 5 2 3 3 1226 1307 670 661 1227 1308 671 662
1392 5 2 3 3 1227 1308 671 662 716 725 185 186
1393 5 2 3 3 38 39 325 316 546 555 1309 1228
1394 5 2 3 3 546 555 1309 1228 547 556 1310 1229
1395 5 2 3 3 547 556 1310 1229 548 557 1311 1230
1396 5 2 3 3 548 557 1311 1230 549 558 1312 1231
1397 5 2 3 3 549 558 1312 1231 550 559 1313 1232
1398 5 2 3 3 550 559 1313 1232 551 560 1314 1233
1399 5 2 3 3 551 560 1314 1233 552 561 1315 1234
1400 5 2 3 3 552 561 1315 1234 553 562 1316 1235
1401 5 2 3 3 553 562 1316 1235 554 563 1317 1236
1402 5 2 3 3 554 563 1317 1236 175 176 726 717
1403 5 2 3 3 316 325 326 317 1228 1309 1318 1237
1404 5 2 3 3 1228 1309 1318 1237 1229 1310 1319 1238
1405 5 2 3 3 1229 1310 1319 1238 1230 1311 1320 1239
1406 5 2 3 3 1230 1311 1320 1239 1231 1312 1321 1240
1407 5 2 3 3 1231 1312 1321 1240 1232 1313 1322 1241
1408 5 2 3 3 1232 1313 1322 1241 1233 1314 1323 1242
1409 5 2 3 3 1233 1314 1323 1242 1234 1315 1324 1243
1410 5 2 3 3 1234 1315 1324 1243 1235 1316 1325 1244
1411 5 2 3 3 1235 1316 1325 1244 1236 1317 1326 1245
1412 5 2 3 3 1236 1317 1326 1245 717 726 727 718
1413 5 2 3 3 317 326 327 318 1237 1318 1327 1246
1414 5 2 3 3 1237 1318 1327 1246 1238 1319 1328 1247
1415 5 2 3 3 1238 1319 1328 1247 1239 1320 1329 1248
1416 5 2 3 3 1239 1320 1329 1248 1240 1321 1330 1249
1417 5 2 3 3 1240 1321 1330 1249 1241 1322 1331 1250
1418 5 2 3 3 1241 1322 1331 1250 1242 1323 1332 1251
1419 5 2 3 3 1242 1323 1332 1251 1243 1324 1333 1252
1420 5 2 3 3 1243 1324 1333 1252 1244 1325 1334 1253
1421 5 2 3 3 1244 1325 1334 1253 1245 1326 1335 1254
1422 5 2 3 3 1245 1326 1335 1254 718 727 728 719
1423 5 2 3 3 318 327 328 319 1246 1327 1336 1255
1424 5 2 3 3 1246 1327 1336 1255 1247 1328 1337 1256
1425 5 2 3 3 1247 1328 1337 1256 1248 1329 1338 1257
1426 5 2 3 3 1248 1329 1338 1257 1249 1330 1339 1258
1427 5 2 3 3 1249 1330 1339 1258 1250 1331 1340 1259
1428 5 2 3 3 1250 1331 1340 1259 1251 1332 1341 1260
1429 5 2 3 3 1251 1332 1341 1260 1252 1333 1342 1261
1430 5 2 3 3 1252 1333 1342 1261 1253 1334 1343 1262
1431 5 2 3 3 1253 1334 1343 1262 1254 1335 1344 1263
1432 5 2 3 3 1254 1335 1344 1263 719 728 729 720
1433 5 2 3 3 319 328 329 320 1255 1336 1345 1264
1434 5 2 3 3 1255 1336 1345 1264 1256 1337 1346 1265
1435 5 2 3 3 1256 1337 1346 1265 1257 1338 1347 1266
1436 5 2 3 3 1257 1338 1347 1266 1258 1339 1348 1267
1437 5 2 3 3 1258 1339 1348 1267 1259 1340 1349 1268
1438 5 2 3 3 1259 1340 1349 1268 1260 1341 1350 1269
1439 5 2 3 3 1260 1341 1350 1269 1261 1342 1351 1270
1440 5 2 3 3 1261 1342 1351 1270 1262 1343 1352 1271
1441 5 2 3 3 1262 1343 1352 1271 1263 1344 1353 1272
1442 5 2 3 3 1263 1344 1353 1272 720 729 730 721
1443 5 2 3 3 320 329 330 321 1264 1345 1354 1273
1444 5 2 3 3 1264 1345 1354 1273 1265 1346 1355 1274
1445 5 2 3 3 1265 1346 1355 1274 1266 1347 1356 1275
1446 5 2 3 3 1266 1347 1356 1275 1267 1348 1357 1276
1447 5 2 3 3 1267 1348 1357 1276 1268 1349 1358 1277
1448 5 2 3 3 1268 1349 1358 1277 1269 1350 1359 1278
1449 5 2 3 3 1269 1350 1359 1278 1270 1351 1360 1279
1450 5 2 3 3 1270 1351 1360 1279 1271 1352 1361 1280
1451 5 2 3 3 1271 1352 1361 1280 1272 1353 1362 1281
1452 5 2 3 3 1272 1353 1362 1281 721 730 731 722
1453 5 2 3 3 321 330 331 322 1273 1354 1363 1282
1454 5 2 3 3 1273 1354 1363 1282 1274 1355 1364 1283
1455 5 2 3 3 1274 1355 1364 1283 1275 1356 1365 1284
1456 5 2 3 3 1275 1356 1365 1284 1276 1357 1366 1285
1457 5 2 3 3 1276 1357 1366 1285 1277 1358 1367 1286
1458 5 2 3 3 1277 1358 1367 1286 1278 1359 1368 1287
1459 5 2 3 3 1278 1359 1368 1287 1279 1360 1369 1288
1460 5 2 3 3 1279 1360 1369 1288 1280 1361 1370 1289
1461 5 2 3 3 1280 1361 1370 1289 1281 1362 1371 1290
1462 5 2 3 3 1281 1362 1371 1290 722 731 732 723
1463 5 2 3 3 322 331 332 323 1282 1363 1372 1291
1464 5 2 3 3 1282 1363 1372 1291 1283 1364 1373 1292
1465 5 2 3 3 1283 1364 1373 1292 1284 1365 1374 1293
1466 5 2 3 3 1284 1365 1374 1293 1285 1366 1375 1294
1467 5 2 3 3 1285 1366 1375 1294 1286 1367 1376 1295
1468 5 2 3 3 1286 1367 1376 1295 1287 1368 1377 1296
1469 5 2 3 3 1287 1368 1377 1296 1288 1369 1378 1297
1470 5 2 3 3 1288 1369 1378 1297 1289 1370 1379 1298
1471 5 2 3 3 1289 1370 1379 1298 1290 1371 1380 1299
1472 5 2 3 3 1290 1371 1380 1299 723 732 733 724
1473 5 2 3 3 323 332 333 324 1291 1372 1381 1300
1474 5 2 3 3 1291 1372 1381 1300 1292 1373 1382 1301
1475 5 2 3 3 1292 1373 1382 1301 1293 1374 1383 1302
1476 5 2 3 3 1293 1374 1383 1302 1294 1375 1384 1303
1477 5 2 3 3 1294 1375 1384 1303 1295 1376 1385 1304
1478 5 2 3 3 1295 1376 1385 1304 1296 1377 1386 1305
1479 5 2 3 3 1296 1377 1386 1305 1297 1378 1387 1306
1480 5 2 3 3 1297 1378 1387 1306 1298 1379 1388 1307
1481 5 2 3 3 1298 1379 1388 1307 1299 1380 1389 1308
1482 5 2 3 3 1299 1380 1389 1308 724 733 734 725
1483 5 2 3 3 324 333 47 46 1300 1381 672 663
1484 5 2 3 3 1300 1381 672 663 1301 1382 673 664
1485 5 2 3 3 1301 1382 673 664 1302 1383 674 665
1486 5 2 3 3 1302 1383 674 665 1303 1384 675 666
1487 5 2 3 3 1303 1384 675 666 1304 1385 676 667
1488 5 2 3 3 1304 1385 676 667 1305 1386 677 668
1489 5 2 3 3 1305 1386 677 668 1306 1387 678 669
1490 5 2 3 3 1306 1387 678 669 1307 1388 679 670
1491 5 2 3 3 1307 1388 679 670 1308 1389 680 671
1492 5 2 3 3 1308 1389 680 671 725 734 184 185
1493 5 2 3 3 39 3 70 325 555 190 564 1309
1494 5 2 3 3 555 190 564 1309 556 191 565 1310
1495 5 2 3 3 556 191 565 1310 557 192 566 1311
1496 5 2 3 3 557 192 566 1311 558 193 567 1312
1497 5 2 3 3 558 193 567 1312 559 194 568 1313
1498 5 2 3 3 559 194 568 1313 560 195 569 1314
1499 5 2 3 3 560 195 569 1314 561 196 570 1315
1500 5 2 3 3 561 196 570 1315 562 197 571 1316
1501 5 2 3 3 562 197 571 1316 563 198 572 1317
1502 5 2 3 3 563 198 572 1317 176 25 177 726
1503 5 2 3 3 325 70 71 326 1309 564 573 1318
1504 5 2 3 3 1309 564 573 1318 1310 565 574 1319
1505 5 2 3 3 1310 565 574 1319 1311 566 575 1320
1506 5 2 3 3 1311 566 575 1320 1312 567 576 1321
1507 5 2 3 3 1312 567 576 1321 1313 568 577 1322
1508 5 2 3 3 1313 568 577 1322 1314 569 578 1323
1509 5 2 3 3 1314 569 578 1323 1315 570 579 1324
1510 5 2 3 3 1315 570 579 1324 1316 571 580 1325
1511 5 2 3 3 1316 571 580 1325 1317 572 581 1326
1512 5 2 3 3 1317 572 581 1326 726 177 178 727
1513 5 2 3 3 326 71 13 327 1318 573 199 1327
1514 5 2 3 3 1318 573 199 1327 1319 574 200 1328
1515 5 2 3 3 1319 574 200 1328 1320 575 201 1329
1516 5 2 3 3 1320 575 201 1329 1321 576 202 1330
1517 5 2 3 3 1321 576 202 1330 1322 577 203 1331
1518 5 2 3 3 1322 577 203 1331 1323 578 204 1332
1519 5 2 3 3 1323 578 204 1332 1324 579 205 1333
1520 5 2 3 3 1324 579 205 1333 1325 580 206 1334
1521 5 2 3 3 1325 580 206 1334 1326 581 207 1335
1522 5 2 3 3 1326 581 207 1335 727 178 26 728
1523 5 2 3 3 327 13 15 328 1327 199 208 1336
1524 5 2 3 3 1327 199 208 1336 1328 200 209 1337
1525 5 2 3 3 1328 200 209 1337 1329 201 210 1338
1526 5 2 3 3 1329 201 210 1338 1330 202 211 1339
1527 5 2 3 3 1330 202 211 1339 1331 203 212 1340
1528 5 2 3 3 1331 203 212 1340 1332 204 213 1341
1529 5 2 3 3 1332 204 213 1341 1333 205 214 1342
1530 5 2 3 3 1333 205 214 1342 1334 206 215 1343
1531 5 2 3 3 1334 206 215 1343 1335 207 216 1344
1532 5 2 3 3 1335 207 216 1344 728 26 27 729
1533 5 2 3 3 328 15 72 329 1336 208 582 1345
1534 5 2 3 3 1336 208 582 1345 1337 209 583 1346
1535 5 2 3 3 1337 209 583 1346 1338 210 584 1347
1536 5 2 3 3 1338 210 584 1347 1339 211 585 1348
1537 5 2 3 3 1339 211 585 1348 1340 212 586 1349
1538 5 2 3 3 1340 212 586 1349 1341 213 587 1350
1539 5 2 3 3 1341 213 587 1350 1342 214 588 1351
1540 5 2 3 3 1342 214 588 1351 1343 215 589 1352
1541 5 2 3 3 1343 215 589 1352 1344 216 590 1353
1542 5 2 3 3 1344 216 590 1353 729 27 179 730
1543 5 2 3 3 329 72 73 330 1345 582 591 1354
1544 5 2 3 3 1345 582 591 1354 1346 583 592 1355
1545 5 2 3 3 1346 583 592 1355 1347 584 593 1356
1546 5 2 3 3 1347 584 593 1356 1348 585 594 1357
1547 5 2 3 3 1348 585 594 1357 1349 586 595 1358
1548 5 2 3 3 1349 586 595 1358 1350 587 596 1359
1549 5 2 3 3 1350 587 596 1359 1351 588 597 1360
1550 5 2 3 3 1351 588 597 1360 1352 589 598 1361
1551 5 2 3 3 1352 589 598 1361 1353 590 599 1362
1552 5 2 3 3 1353 590 599 1362 730 179 180 731
1553 5 2 3 3 330 73 74 331 1354 591 600 1363
1554 5 2 3 3 1354 591 600 1363 1355 592 601 1364
1555 5 2 3 3 1355 592 601 1364 1356 593 602 1365
1556 5 2 3 3 1356 593 602 1365 1357 594 603 1366
1557 5 2 3 3 1357 594 603 1366 1358 595 604 1367
1558 5 2 3 3 1358 595 604 1367 1359 596 605 1368
1559 5 2 3 3 1359 596 605 1368 1360 597 606 1369
1560 5 2 3 3 1360 597 606 1369 1361 598 607 1370
1561 5 2 3 3 1361 598 607 1370 1362 599 608 1371
1562 5 2 3 3 1362 599 608 1371 731 180 181 732
1563 5 2 3 3 331 74 75 332 1363 600 609 1372
1564 5 2 3 3 1363 600 609 1372 1364 601 610 1373
1565 5 2 3 3 1364 601 610 1373 1365 602 611 1374
1566 5 2 3 3 1365 602 611 1374 1366 603 612 1375
1567 5 2 3 3 1366 603 612 1375 1367 604 613 1376
1568 5 2 3 3 1367 604 613 1376 1368 605 614 1377
1569 5 2 3 3 1368 605 614 1377 1369 606 615 1378
1570 5 2 3 3 1369 606 615 1378 1370 607 616 1379
1571 5 2 3 3 1370 607 616 1379 1371 608 617 1380
1572 5 2 3 3 1371 608 617 1380 732 181 182 733
1573 5 2 3 3 332 75 76 333 1372 609 618 1381
1574 5 2 3 3 1372 609 618 1381 1373 610 619 1382
1575 5 2 3 3 1373 610 619 1382 1374 611 620 1383
1576 5 2 3 3 1374 611 620 1383 1375 612 621 1384
1577 5 2 3 3 1375 612 621 1384 1376 613 622 1385
1578 5 2 3 3 1376 613 622 1385 1377 614 623 1386
1579 5 2 3 3 1377 614 623 1386 1378 615 624 1387
1580 5 2 3 3 1378 615 624 1387 1379 616 625 1388
1581 5 2 3 3 1379 616 625 1388 1380 617 626 1389
1582 5 2 3 3 1380 617 626 1389 733 182 183 734
1583 5 2 3 3 333 76 7 47 1381 618 217 672
1584 5 2 3 3 1381 618 217 672 1382 619 218 673
1585 5 2 3 3 1382 619 218 673 1383 620 219 674
1586 5 2 3 3 1383 620 219 674 1384 621 220 675
1587 5 2 3 3 1384 621 220 675 1385 622 221 676
1588 5 2 3 3 1385 622 221 676 1386 623 222 677
1589 5 2 3 3 1386 623 222 677 1387 624 223 678
1590 5 2 3 3 1387 624 223 678 1388 625 224 679
1591 5 2 3 3 1388 625 224 679 1389 626 225 680
1592 5 2 3 3 1389 626 225 680 734 183 28 184
1593 5 2 4 4 3 40 334 70 190 735 1390 564
1594 5 2 4 4 190 735 1390 564 191 736 1391 565
1595 5 2 4 4 191 736 1391 565 192 737 1392 566
1596 5 2 4 4 192 737 1392 566 193 738 1393 567
1597 5 2 4 4 193 738 1393 567 194 739 1394 568
1598 5 2 4 4 194 739 1394 568 195 740 1395 569
1599 5 2 4 4 195 740 1395 569 196 741 1396 570
1600 5 2 4 4 196 741 1396 570 197 742 1397 571
1601 5 2 4 4 197 742 1397 571 198 743 1398 572
1602 5 2 4 4 198 743 1398 572 25 226 771 177
1603 5 2 4 4 70 334 335 71 564 1390 1399 573
1604 5 2 4 4 564 1390 1399 573 565 1391 1400 574
1605 5 2 4 4 565 1391 1400 574 566 1392 1401 575
1606 5 2 4 4 566 1392 1401 575 567 1393 1402 576
1607 5 2 4 4 567 1393 1402 576 568 1394 1403 577
1608 5 2 4 4 568 1394 1403 577 569 1395 1404 578
1609 5 2 4 4 569 1395 1404 578 570 1396 1405 579
1610 5 2 4 4 570 1396 1405 579 571 1397 1406 580
1611 5 2 4 4 571 1397 1406 580 572 1398 1407 581
1612 5 2 4 4 572 1398 1407 581 177 771 772 178
1613 5 2 4 4 71 335 79 13 573 1399 762 199
1614 5 2 4 4 573 1399 762 199 574 1400 763 200
1615 5 2 4 4 574 1400 763 200 575 1401 764 201
1616 5 2 4 4 575 1401 764 201 576 1402 765 202
1617 5 2 4 4 576 1402 765 202 577 1403 766 203
1618 5 2 4 4 577 1403 766 203 578 1404 767 204
1619 5 2 4 4 578 1404 767 204 579 1405 768 205
1620 5 2 4 4 579 1405 768 205 580 1406 769 206
1621 5 2 4 4 580 1406 769 206 581 1407 770 207
1622 5 2 4 4 581 1407 770 207 178 772 229 26
1623 5 2 4 4 40 4 56 334 735 230 744 1390
1624 5 2 4 4 735 230 744 1390 736 231 745 1391
1625 5 2 4 4 736 231 745 1391 737 232 746 1392
1626 5 2 4 4 737 232 746 1392 738 233 747 1393
1627 5 2 4 4 738 233 747 1393 739 234 748 1394
1628 5 2 4 4 739 234 748 1394 740 235 749 1395
1629 5 2 4 4 740 235 749 1395 741 236 750 1396
1630 5 2 4 4 741 236 750 1396 742 237 751 1397
1631 5 2 4 4 742 237 751 1397 743 238 752 1398
1632 5 2 4 4 743 238 752 1398 226 29 227 771
1633 5 2 4 4 334 56 57 335 1390 744 753 1399
1634 5 2 4 4 1390 744 753 1399 1391 745 754 1400
1635 5 2 4 4 1391 745 754 1400 1392 746 755 1401
1636 5 2 4 4 1392 746 755 1401 1393 747 756 1402
1637 5 2 4 4 1393 747 756 1402 1394 748 757 1403
1638 5 2 4 4 1394 748 757 1403 1395 749 758 1404
1639 5 2 4 4 1395 749 758 1404 1396 750 759 1405
1640 5 2 4 4 1396 750 759 1405 1397 751 760 1406
1641 5 2 4 4 1397 751 760 1406 1398 752 761 1407
1642 5 2 4 4 1398 752 761 1407 771 227 228 772
1643 5 2 4 4 335 57 14 79 1399 753 239 762
1644 5 2 4 4 1399 753 239 762 1400 754 240 763
1645 5 2 4 4 1400 754 240 763 1401 755 241 764
1646 5 2 4 4 1401 755 241 764 1402 756 242 765
1647 5 2 4 4 1402 756 242 765 1403 757 243 766
1648 5 2 4 4 1403 757 243 766 1404 758 244 767
1649 5 2 4 4 1404 758 244 767 1405 759 245 768
1650 5 2 4 4 1405 759 245 768 1406 760 246 769
1651 5 2 4 4 1406 760 246 769 1407 761 247 770
1652 5 2 4 4 1407 761 247 770 772 228 30 229
1653 5 2 5 5 15 80 336 72 208 773 1408 582
1654 5 2 5 5 208 773 1408 582 209 774 1409 583
1655 5 2 5 5 209 774 1409 583 210 775 1410 584
1656 5 2 5 5 210 775 1410 584 211 776 1411 585
1657 5 2 5 5 211 776 1411 585 212 777 1412 586
1658 5 2 5 5 212 777 1412 586 213 778 1413 587
1659 5 2 5 5 213 778 1413 587 214 779 1414 588
1660 5 2 5 5 214 779 1414 588 215 780 1415 589
1661 5 2 5 5 215 780 1415 589 216 781 1416 590
1662 5 2 5 5 216 781 1416 590 27 248 836 179
1663 5 2 5 5 72 336 337 73 582 1408 1417 591
1664 5 2 5 5 582 1408 1417 591 583 1409 1418 592
1665 5 2 5 5 583 1409 1418 592 584 1410 1419 593
1666 5 2 5 5 584 1410 1419 593 585 1411 1420 594
1667 5 2 5 5 585 1411 1420 594 586 1412 1421 595
1668 5 2 5 5 586 1412 1421 595 587 1413 1422 596
1669 5 2 5 5 587 1413 1422 596 588 1414 1423 597
1670 5 2 5 5 588 1414 1423 597 589 1415 1424 598
1671 5 2 5 5 589 1415 1424 598 590 1416 1425 599
1672 5 2 5 5 590 1416 1425 599 179 836 837 180
1673 5 2 5 5 73 337 338 74 591 1417 1426 600
1674 5 2 5 5 591 1417 1426 600 592 1418 1427 601
1675 5 2 5 5 592 1418 1427 601 593 1419 1428 602
1676 5 2 5 5 593 1419 1428 602 594 1420 1429 603
1677 5 2 5 5 594 1420 1429 603 595 1421 1430 604
1678 5 2 5 5 595 1421 1430 604 596 1422 1431 605
1679 5 2 5 5 596 1422 1431 605 597 1423 1432 606
1680 5 2 5 5 597 1423 1432 606 598 1424 1433 607
1681 5 2 5 5 598 1424 1433 607 599 1425 1434 608
1682 5 2 5 5 599 1425 1434 608 180 837 838 181
1683 5 2 5 5 74 338 339 75 600 1426 1435 609
1684 5 2 5 5 600 1426 1435 609 601 1427 1436 610
1685 5 2 5 5 601 1427 1436 610 602 1428 1437 611
1686 5 2 5 5 602 1428 1437 611 603 1429 1438 612
1687 5 2 5 5 603 1429 1438 612 604 1430 1439 613
1688 5 2 5 5 604 1430 1439 613 605 1431 1440 614
1689 5 2 5 5 605 1431 1440 614 606 1432 1441 615
1690 5 2 5 5 606 1432 1441 615 607 1433 1442 616
1691 5 2 5 5 607 1433 1442 616 608 1434 1443 617
1692 5 2 5 5 608 1434 1443 617 181 838 839 182
1693 5 2 5 5 75 339 340 76 609 1435 1444 618
1694 5 2 5 5 609 1435 1444 618 610 1436 1445 619
1695 5 2 5 5 610 1436 1445 619 611 1437 1446 620
1696 5 2 5 5 611 1437 1446 620 612 1438 1447 621
1697 5 2 5 5 612 1438 1447 621 613 1439 1448 622
1698 5 2 5 5 613 1439 1448 622 614 1440 1449 623
1699 5 2 5 5 614 1440 1449 623 615 1441 1450 624
1700 5 2 5 5 615 1441 1450 624 616 1442 1451 625
1701 5 2 5 5 616 1442 1451 625 617 1443 1452 626
1702 5 2 5 5 617 1443 1452 626 182 839 840 183
1703 5 2 5 5 76 340 48 7 618 1444 827 217
1704 5 2 5 5 618 1444 827 217 619 1445 828 218
1705 5 2 5 5 619 1445 828 218 620 1446 829 219
1706 5 2 5 5 620 1446 829 219 621 1447 830 220
1707 5 2 5 5 621 1447 830 220 622 1448 831 221
1708 5 2 5 5 622 1448 831 221 623 1449 832 222
1709 5 2 5 5 623 1449 832 222 624 1450 833 223
1710 5 2 5 5 624 1450 833 223 625 1451 834 224
1711 5 2 5 5 625 1451 834 224 626 1452 835 225
1712 5 2 5 5 626 1452 835 225 183 840 254 28
1713 5 2 5 5 80 16 58 336 773 255 782 1408
1714 5 2 5 5 773 255 782 1408 774 256 783 1409
1715 5 2 5 5 774 256 783 1409 775 257 784 1410
1716 5 2 5 5 775 257 784 1410 776 258 785 1411
1717 5 2 5 5 776 258 785 1411 777 259 786 1412
1718 5 2 5 5 777 259 786 1412 778 260 787 1413
1719 5 2 5 5 778 260 787 1413 779 261 788 1414
1720 5 2 5 5 779 261 788 1414 780 262 789 1415
1721 5 2 5 5 780 262 789 1415 781 263 790 1416
1722 5 2 5 5 781 263 790 1416 248 31 249 836
1723 5 2 5 5 336 58 59 337 1408 782 791 1417
1724 5 2 5 5 1408 782 791 1417 1409 783 792 1418
1725 5 2 5 5 1409 783 792 1418 1410 784 793 1419
1726 5 2 5 5 1410 784 793 1419 1411 785 794 1420
1727 5 2 5 5 1411 785 794 1420 1412 786 795 1421
1728 5 2 5 5 1412 786 795 1421 1413 787 796 1422
1729 5 2 5 5 1413 787 796 1422 1414 788 797 1423
1730 5 2 5 5 1414 788 797 1423 1415 789 798 1424
1731 5 2 5 5 1415 789 798 1424 1416 790 799 1425
1732 5 2 5 5 1416 790 799 1425 836 249 250 837
1733 5 2 5 5 337 59 60 338 1417 791 800 1426
1734 5 2 5 5 1417 791 800 1426 1418 792 801 1427
1735 5 2 5 5 1418 792 801 1427 1419 793 802 1428
1736 5 2 5 5 1419 793 802 1428 1420 794 803 1429
1737 5 2 5 5 1420 794 803 1429 1421 795 804 1430
1738 5 2 5 5 1421 795 804 1430 1422 796 805 1431
1739 5 2 5 5 1422 796 805 1431 1423 797 806 1432
1740 5 2 5 5 1423 797 806 1432 1424 798 807 1433
1741 5 2 5 5 1424 798 807 1433 1425 799 808 1434
1742 5 2 5 5 1425 799 808 1434 837 250 251 838
1743 5 2 5 5 338 60 61 339 1426 800 809 1435
1744 5 2 5 5 1426 800 809 1435 1427 801 810 1436
1745 5 2 5 5 1427 801 810 1436 1428 802 811 1437
1746 5 2 5 5 1428 802 811 1437 1429 803 812 1438
1747 5 2 5 5 1429 803 812 1438 1430 804 813 1439
1748 5 2 5 5 1430 804 813 1439 1431 805 814 1440
1749 5 2 5 5 1431 805 814 1440 1432 806 815 1441
1750 5 2 5 5 1432 806 815 1441 1433 807 816 1442
1751 5 2 5 5 1433 807 816 1442 1434 808 817 1443
1752 5 2 5 5 1434 808 817 1443 838 251 252 839
1753 5 2 5 5 339 61 62 340 1435 809 818 1444
1754 5 2 5 5 1435 809 818 1444 1436 810 819 1445
1755 5 2 5 5 1436 810 819 1445 1437 811 820 1446
1756 5 2 5 5 1437 811 820 1446 1438 812 821 1447
1757 5 2 5 5 1438 812 821 1447 1439 813 822 1448
1758 5 2 5 5 1439 813 822 1448 1440 814 823 1449
1759 5 2 5 5 1440 814 823 1449 1441 815 824 1450
1760 5 2 5 5 1441 815 824 1450 1442 816 825 1451
1761 5 2 5 5 1442 816 825 1451 1443 817 826 1452
1762 5 2 5 5 1443 817 826 1452 839 252 253 840
1763 5 2 5 5 340 62 8 48 1444 818 264 827
1764 5 2 5 5 1444 818 264 827 1445 819 265 828
1765 5 2 5 5 1445 819 265 828 1446 820 266 829
1766 5 2 5 5 1446 820 266 829 1447 821 267 830
1767 5 2 5 5 1447 821 267 830 1448 822 268 831
1768 5 2 5 5 1448 822 268 831 1449 823 269 832
1769 5 2 5 5 1449 823 269 832 1450 824 270 833
1770 5 2 5 5 1450 824 270 833 1451 825 271 834
1771 5 2 5 5 1451 825 271 834 1452 826 272 835
1772 5 2 5 5 1452 826 272 835 840 253 32 254
$EndElements
