$MeshFormat
2.2 0 8
$EndMeshFormat
$PhysicalNames
3
2 14 "upper_edge"
2 15 "left_edge"
2 17 "bottom_edge"
$EndPhysicalNames
$Nodes
3332
1 0 0 0
2 250 0 0
3 250 250 0
4 470 250 0
5 500 250 0
6 500 500 0
7 470 500 0
8 250 500 0
9 0 500 0
10 0 250 0
11 0 0 50
12 250 0 50
13 250 250 50
14 470 250 50
15 500 250 50
16 500 500 50
17 470 500 50
18 250 500 50
19 0 500 50
20 0 250 50
21 15.62499999998892 0 0
22 31.24999999999295 0 0
23 46.87499999995639 0 0
24 62.49999999991775 0 0
25 78.12499999992075 0 0
26 93.7499999999265 0 0
27 109.3749999999323 0 0
28 124.9999999999408 0 0
29 140.6249999999604 0 0
30 156.249999999966 0 0
31 171.8749999999717 0 0
32 187.4999999999773 0 0
33 203.124999999983 0 0
34 218.7499999999887 0 0
35 234.3749999999943 0 0
36 250 15.62499999998892 0
37 250 31.24999999999295 0
38 250 46.87499999995639 0
39 250 62.49999999991775 0
40 250 78.12499999992075 0
41 250 93.7499999999265 0
42 250 109.3749999999323 0
43 250 124.9999999999408 0
44 250 140.6249999999604 0
45 250 156.249999999966 0
46 250 171.8749999999717 0
47 250 187.4999999999773 0
48 250 203.124999999983 0
49 250 218.7499999999887 0
50 250 234.3749999999943 0
51 265.7142857143579 250 0
52 281.4285714286381 250 0
53 297.1428571429183 250 0
54 312.8571428571985 250 0
55 328.5714285714786 250 0
56 344.2857142857588 250 0
57 360.0000000000389 250 0
58 375.7142857143191 250 0
59 391.4285714285992 250 0
60 407.1428571428794 250 0
61 422.8571428571595 250 0
62 438.5714285714397 250 0
63 454.2857142857198 250 0
64 485 250 0
65 500 265.6249999999999 0
66 500 281.2499999999999 0
67 500 296.8749999999999 0
68 500 312.4999999999998 0
69 500 328.1249999999998 0
70 500 343.7499999999999 0
71 500 359.3749999999999 0
72 500 374.9999999999999 0
73 500 390.6249999999999 0
74 500 406.2499999999999 0
75 500 421.8749999999999 0
76 500 437.4999999999999 0
77 500 453.1249999999999 0
78 500 468.75 0
79 500 484.375 0
80 485 500 0
81 454.2857142857198 500 0
82 438.5714285714396 500 0
83 422.8571428571594 500 0
84 407.1428571428793 500 0
85 391.4285714285991 500 0
86 375.7142857143189 500 0
87 360.0000000000388 500 0
88 344.2857142857587 500 0
89 328.5714285714785 500 0
90 312.8571428571984 500 0
91 297.1428571429182 500 0
92 281.428571428638 500 0
93 265.7142857143579 500 0
94 234.375000000001 500 0
95 218.750000000002 500 0
96 203.1250000000031 500 0
97 187.5000000000041 500 0
98 171.8750000000052 500 0
99 156.2500000000062 500 0
100 140.6250000000073 500 0
101 125.0000000000055 500 0
102 109.3749999999927 500 0
103 93.74999999999372 500 0
104 78.12499999999477 500 0
105 62.49999999999585 500 0
106 46.87499999999687 500 0
107 31.24999999999793 500 0
108 15.62499999999895 500 0
109 0 484.3750000000001 0
110 0 468.7500000000001 0
111 0 453.1250000000001 0
112 0 437.5000000000002 0
113 0 421.8750000000002 0
114 0 406.2500000000001 0
115 0 390.6250000000001 0
116 0 375.0000000000001 0
117 0 359.3750000000001 0
118 0 343.7500000000001 0
119 0 328.1250000000001 0
120 0 312.5000000000001 0
121 0 296.8750000000001 0
122 0 281.25 0
123 0 265.625 0
124 0 234.375000000001 0
125 0 218.750000000002 0
126 0 203.1250000000031 0
127 0 187.5000000000041 0
128 0 171.8750000000052 0
129 0 156.2500000000062 0
130 0 140.6250000000073 0
131 0 125.0000000000055 0
132 0 109.3749999999927 0
133 0 93.74999999999372 0
134 0 78.12499999999477 0
135 0 62.49999999999585 0
136 0 46.87499999999687 0
137 0 31.24999999999793 0
138 0 15.62499999999895 0
139 15.62499999998892 250 0
140 31.24999999999295 250 0
141 46.87499999995639 250 0
142 62.49999999991775 250 0
143 78.12499999992075 250 0
144 93.7499999999265 250 0
145 109.3749999999323 250 0
146 124.9999999999408 250 0
147 140.6249999999604 250 0
148 156.249999999966 250 0
149 171.8749999999717 250 0
150 187.4999999999773 250 0
151 203.124999999983 250 0
152 218.7499999999887 250 0
153 234.3749999999943 250 0
154 250 265.6249999999999 0
155 250 281.2499999999999 0
156 250 296.8749999999999 0
157 250 312.4999999999998 0
158 250 328.1249999999998 0
159 250 343.7499999999999 0
160 250 359.3749999999999 0
161 250 374.9999999999999 0
162 250 390.6249999999999 0
163 250 406.2499999999999 0
164 250 421.8749999999999 0
165 250 437.4999999999999 0
166 250 453.1249999999999 0
167 250 468.75 0
168 250 484.375 0
169 470 265.6249999999999 0
170 470 281.2499999999999 0
171 470 296.8749999999999 0
172 470 312.4999999999998 0
173 470 328.1249999999998 0
174 470 343.7499999999999 0
175 470 359.3749999999999 0
176 470 374.9999999999999 0
177 470 390.6249999999999 0
178 470 406.2499999999999 0
179 470 421.8749999999999 0
180 470 437.4999999999999 0
181 470 453.1249999999999 0
182 470 468.75 0
183 470 484.375 0
184 15.62499999998892 0 50
185 31.24999999999295 0 50
186 46.87499999995639 0 50
187 62.49999999991775 0 50
188 78.12499999992075 0 50
189 93.7499999999265 0 50
190 109.3749999999323 0 50
191 124.9999999999408 0 50
192 140.6249999999604 0 50
193 156.249999999966 0 50
194 171.8749999999717 0 50
195 187.4999999999773 0 50
196 203.124999999983 0 50
197 218.7499999999887 0 50
198 234.3749999999943 0 50
199 250 15.62499999998892 50
200 250 31.24999999999295 50
201 250 46.87499999995639 50
202 250 62.49999999991775 50
203 250 78.12499999992075 50
204 250 93.7499999999265 50
205 250 109.3749999999323 50
206 250 124.9999999999408 50
207 250 140.6249999999604 50
208 250 156.249999999966 50
209 250 171.8749999999717 50
210 250 187.4999999999773 50
211 250 203.124999999983 50
212 250 218.7499999999887 50
213 250 234.3749999999943 50
214 265.7142857143579 250 50
215 281.4285714286381 250 50
216 297.1428571429183 250 50
217 312.8571428571985 250 50
218 328.5714285714786 250 50
219 344.2857142857588 250 50
220 360.0000000000389 250 50
221 375.7142857143191 250 50
222 391.4285714285992 250 50
223 407.1428571428794 250 50
224 422.8571428571595 250 50
225 438.5714285714397 250 50
226 454.2857142857198 250 50
227 485 250 50
228 500 265.6249999999999 50
229 500 281.2499999999999 50
230 500 296.8749999999999 50
231 500 312.4999999999998 50
232 500 328.1249999999998 50
233 500 343.7499999999999 50
234 500 359.3749999999999 50
235 500 374.9999999999999 50
236 500 390.6249999999999 50
237 500 406.2499999999999 50
238 500 421.8749999999999 50
239 500 437.4999999999999 50
240 500 453.1249999999999 50
241 500 468.75 50
242 500 484.375 50
243 485 500 50
244 454.2857142857198 500 50
245 438.5714285714396 500 50
246 422.8571428571594 500 50
247 407.1428571428793 500 50
248 391.4285714285991 500 50
249 375.7142857143189 500 50
250 360.0000000000388 500 50
251 344.2857142857587 500 50
252 328.5714285714785 500 50
253 312.8571428571984 500 50
254 297.1428571429182 500 50
255 281.428571428638 500 50
256 265.7142857143579 500 50
257 234.375000000001 500 50
258 218.750000000002 500 50
259 203.1250000000031 500 50
260 187.5000000000041 500 50
261 171.8750000000052 500 50
262 156.2500000000062 500 50
263 140.6250000000073 500 50
264 125.0000000000055 500 50
265 109.3749999999927 500 50
266 93.74999999999372 500 50
267 78.12499999999477 500 50
268 62.49999999999585 500 50
269 46.87499999999687 500 50
270 31.24999999999793 500 50
271 15.62499999999895 500 50
272 0 484.3750000000001 50
273 0 468.7500000000001 50
274 0 453.1250000000001 50
275 0 437.5000000000002 50
276 0 421.8750000000002 50
277 0 406.2500000000001 50
278 0 390.6250000000001 50
279 0 375.0000000000001 50
280 0 359.3750000000001 50
281 0 343.7500000000001 50
282 0 328.1250000000001 50
283 0 312.5000000000001 50
284 0 296.8750000000001 50
285 0 281.25 50
286 0 265.625 50
287 0 234.375000000001 50
288 0 218.750000000002 50
289 0 203.1250000000031 50
290 0 187.5000000000041 50
291 0 171.8750000000052 50
292 0 156.2500000000062 50
293 0 140.6250000000073 50
294 0 125.0000000000055 50
295 0 109.3749999999927 50
296 0 93.74999999999372 50
297 0 78.12499999999477 50
298 0 62.49999999999585 50
299 0 46.87499999999687 50
300 0 31.24999999999793 50
301 0 15.62499999999895 50
302 15.62499999998892 250 50
303 31.24999999999295 250 50
304 46.87499999995639 250 50
305 62.49999999991775 250 50
306 78.12499999992075 250 50
307 93.7499999999265 250 50
308 109.3749999999323 250 50
309 124.9999999999408 250 50
310 140.6249999999604 250 50
311 156.249999999966 250 50
312 171.8749999999717 250 50
313 187.4999999999773 250 50
314 203.124999999983 250 50
315 218.7499999999887 250 50
316 234.3749999999943 250 50
317 250 265.6249999999999 50
318 250 281.2499999999999 50
319 250 296.8749999999999 50
320 250 312.4999999999998 50
321 250 328.1249999999998 50
322 250 343.7499999999999 50
323 250 359.3749999999999 50
324 250 374.9999999999999 50
325 250 390.6249999999999 50
326 250 406.2499999999999 50
327 250 421.8749999999999 50
328 250 437.4999999999999 50
329 250 453.1249999999999 50
330 250 468.75 50
331 250 484.375 50
332 470 265.6249999999999 50
333 470 281.2499999999999 50
334 470 296.8749999999999 50
335 470 312.4999999999998 50
336 470 328.1249999999998 50
337 470 343.7499999999999 50
338 470 359.3749999999999 50
339 470 374.9999999999999 50
340 470 390.6249999999999 50
341 470 406.2499999999999 50
342 470 421.8749999999999 50
343 470 437.4999999999999 50
344 470 453.1249999999999 50
345 470 468.75 50
346 470 484.375 50
347 0 0 16.66666666659212
348 0 0 33.33333333324217
349 250 0 16.66666666659212
350 250 0 33.33333333324217
351 250 250 16.66666666659212
352 250 250 33.33333333324217
353 470 250 16.66666666659212
354 470 250 33.33333333324217
355 500 250 16.66666666659212
356 500 250 33.33333333324217
357 500 500 16.66666666659212
358 500 500 33.33333333324217
359 470 500 16.66666666659212
360 470 500 33.33333333324217
361 250 500 16.66666666659212
362 250 500 33.33333333324217
363 0 500 16.66666666659212
364 0 500 33.33333333324217
365 0 250 16.66666666659212
366 0 250 33.33333333324217
367 15.62499999998892 15.62499999999832 0
368 15.62499999998892 31.24999999999761 0
369 15.62499999998892 46.87499999999435 0
370 15.62499999998892 62.49999999999097 0
371 15.62499999998892 78.12499999999015 0
372 15.62499999998892 93.74999999998951 0
373 15.62499999998892 109.3749999999889 0
374 15.62499999998892 125.0000000000015 0
375 15.62499999998892 140.6250000000043 0
376 15.62499999998892 156.2500000000038 0
377 15.62499999998892 171.8750000000031 0
378 15.62499999998892 187.5000000000025 0
379 15.62499999998892 203.1250000000018 0
380 15.62499999998892 218.7500000000012 0
381 15.62499999998892 234.3750000000007 0
382 31.24999999999295 15.6249999999977 0
383 31.24999999999295 31.2499999999973 0
384 31.24999999999295 46.87499999999182 0
385 31.24999999999295 62.49999999998609 0
386 31.24999999999295 78.1249999999855 0
387 31.24999999999295 93.74999999998531 0
388 31.24999999999295 109.3749999999851 0
389 31.24999999999295 124.9999999999974 0
390 31.24999999999295 140.6250000000014 0
391 31.24999999999295 156.2500000000013 0
392 31.24999999999295 171.875000000001 0
393 31.24999999999295 187.5000000000008 0
394 31.24999999999295 203.1250000000006 0
395 31.24999999999295 218.7500000000003 0
396 31.24999999999295 234.3750000000002 0
397 46.87499999995639 15.62499999999707 0
398 46.87499999995639 31.24999999999699 0
399 46.87499999995639 46.87499999998927 0
400 46.87499999995639 62.49999999998121 0
401 46.87499999995637 78.1249999999809 0
402 46.87499999995639 93.74999999998113 0
403 46.87499999995639 109.3749999999814 0
404 46.87499999995639 124.9999999999934 0
405 46.87499999995639 140.6249999999984 0
406 46.87499999995639 156.2499999999987 0
407 46.87499999995639 171.8749999999989 0
408 46.87499999995639 187.4999999999991 0
409 46.87499999995639 203.1249999999994 0
410 46.87499999995638 218.7499999999995 0
411 46.87499999995638 234.3749999999998 0
412 62.49999999991775 15.62499999999645 0
413 62.49999999991775 31.24999999999669 0
414 62.49999999991775 46.87499999998676 0
415 62.49999999991775 62.49999999997632 0
416 62.49999999991775 78.12499999997627 0
417 62.49999999991775 93.74999999997692 0
418 62.49999999991775 109.3749999999776 0
419 62.49999999991775 124.9999999999893 0
420 62.49999999991775 140.6249999999955 0
421 62.49999999991775 156.2499999999962 0
422 62.49999999991775 171.8749999999968 0
423 62.49999999991775 187.4999999999974 0
424 62.49999999991775 203.1249999999981 0
425 62.49999999991775 218.7499999999987 0
426 62.49999999991775 234.3749999999994 0
427 78.12499999992075 15.62499999999581 0
428 78.12499999992076 31.24999999999638 0
429 78.12499999992075 46.87499999998423 0
430 78.12499999992076 62.49999999997145 0
431 78.12499999992075 78.12499999997164 0
432 78.12499999992076 93.7499999999727 0
433 78.12499999992075 109.3749999999738 0
434 78.12499999992075 124.9999999999853 0
435 78.12499999992075 140.6249999999927 0
436 78.12499999992076 156.2499999999936 0
437 78.12499999992075 171.8749999999947 0
438 78.12499999992075 187.4999999999957 0
439 78.12499999992075 203.1249999999968 0
440 78.12499999992075 218.7499999999979 0
441 78.12499999992075 234.3749999999989 0
442 93.74999999992649 15.62499999999519 0
443 93.74999999992653 31.24999999999606 0
444 93.7499999999265 46.8749999999817 0
445 93.7499999999265 62.49999999996656 0
446 93.74999999992653 78.124999999967 0
447 93.7499999999265 93.74999999996851 0
448 93.7499999999265 109.37499999997 0
449 93.7499999999265 124.9999999999813 0
450 93.7499999999265 140.6249999999897 0
451 93.7499999999265 156.2499999999911 0
452 93.7499999999265 171.8749999999926 0
453 93.74999999992649 187.4999999999941 0
454 93.7499999999265 203.1249999999956 0
455 93.7499999999265 218.749999999997 0
456 93.7499999999265 234.3749999999985 0
457 109.3749999999323 15.62499999999456 0
458 109.3749999999323 31.24999999999575 0
459 109.3749999999323 46.87499999997916 0
460 109.3749999999322 62.49999999996167 0
461 109.3749999999323 78.1249999999624 0
462 109.3749999999323 93.7499999999643 0
463 109.3749999999323 109.3749999999663 0
464 109.3749999999323 124.9999999999772 0
465 109.3749999999323 140.6249999999867 0
466 109.3749999999323 156.2499999999886 0
467 109.3749999999323 171.8749999999906 0
468 109.3749999999323 187.4999999999924 0
469 109.3749999999323 203.1249999999943 0
470 109.3749999999323 218.7499999999962 0
471 109.3749999999323 234.3749999999981 0
472 124.9999999999408 15.62499999999394 0
473 124.9999999999408 31.24999999999544 0
474 124.9999999999408 46.87499999997663 0
475 124.9999999999408 62.4999999999568 0
476 124.9999999999408 78.12499999995777 0
477 124.9999999999408 93.74999999996012 0
478 124.9999999999408 109.3749999999625 0
479 124.9999999999408 124.9999999999732 0
480 124.9999999999408 140.6249999999838 0
481 124.9999999999408 156.2499999999861 0
482 124.9999999999408 171.8749999999885 0
483 124.9999999999408 187.4999999999907 0
484 124.9999999999408 203.124999999993 0
485 124.9999999999408 218.7499999999953 0
486 124.9999999999408 234.3749999999977 0
487 140.6249999999603 15.6249999999933 0
488 140.6249999999604 31.24999999999513 0
489 140.6249999999603 46.8749999999741 0
490 140.6249999999604 62.49999999995191 0
491 140.6249999999603 78.12499999995313 0
492 140.6249999999604 93.74999999995592 0
493 140.6249999999604 109.3749999999587 0
494 140.6249999999603 124.9999999999691 0
495 140.6249999999603 140.6249999999809 0
496 140.6249999999603 156.2499999999836 0
497 140.6249999999604 171.8749999999863 0
498 140.6249999999604 187.499999999989 0
499 140.6249999999604 203.1249999999917 0
500 140.6249999999603 218.7499999999945 0
501 140.6249999999604 234.3749999999972 0
502 156.249999999966 15.62499999999268 0
503 156.2499999999661 31.24999999999482 0
504 156.249999999966 46.87499999997157 0
505 156.2499999999661 62.49999999994704 0
506 156.249999999966 78.1249999999485 0
507 156.249999999966 93.74999999995171 0
508 156.249999999966 109.3749999999549 0
509 156.2499999999661 124.9999999999651 0
510 156.2499999999661 140.624999999978 0
511 156.249999999966 156.2499999999811 0
512 156.249999999966 171.8749999999843 0
513 156.249999999966 187.4999999999874 0
514 156.249999999966 203.1249999999905 0
515 156.249999999966 218.7499999999937 0
516 156.249999999966 234.3749999999968 0
517 171.8749999999717 15.62499999999206 0
518 171.8749999999718 31.24999999999451 0
519 171.8749999999717 46.87499999996903 0
520 171.8749999999717 62.49999999994215 0
521 171.8749999999717 78.1249999999439 0
522 171.8749999999717 93.74999999994751 0
523 171.8749999999717 109.3749999999512 0
524 171.8749999999717 124.999999999961 0
525 171.8749999999717 140.624999999975 0
526 171.8749999999717 156.2499999999786 0
527 171.8749999999717 171.8749999999822 0
528 171.8749999999717 187.4999999999858 0
529 171.8749999999717 203.1249999999892 0
530 171.8749999999717 218.7499999999928 0
531 171.8749999999717 234.3749999999964 0
532 187.4999999999773 15.62499999999143 0
533 187.4999999999773 31.24999999999419 0
534 187.4999999999773 46.8749999999665 0
535 187.4999999999773 62.49999999993727 0
536 187.4999999999773 78.12499999993923 0
537 187.4999999999773 93.74999999994328 0
538 187.4999999999773 109.3749999999473 0
539 187.4999999999773 124.999999999957 0
540 187.4999999999773 140.6249999999721 0
541 187.4999999999773 156.2499999999761 0
542 187.4999999999773 171.8749999999801 0
543 187.4999999999773 187.499999999984 0
544 187.4999999999773 203.124999999988 0
545 187.4999999999773 218.749999999992 0
546 187.4999999999773 234.374999999996 0
547 203.124999999983 15.6249999999908 0
548 203.124999999983 31.24999999999388 0
549 203.1249999999829 46.87499999996397 0
550 203.124999999983 62.49999999993238 0
551 203.1249999999829 78.12499999993463 0
552 203.124999999983 93.74999999993909 0
553 203.1249999999829 109.3749999999436 0
554 203.1249999999829 124.999999999953 0
555 203.124999999983 140.6249999999692 0
556 203.1249999999829 156.2499999999736 0
557 203.1249999999829 171.874999999978 0
558 203.124999999983 187.4999999999823 0
559 203.124999999983 203.1249999999868 0
560 203.1249999999829 218.7499999999911 0
561 203.124999999983 234.3749999999956 0
562 218.7499999999887 15.62499999999017 0
563 218.7499999999887 31.24999999999358 0
564 218.7499999999887 46.87499999996145 0
565 218.7499999999887 62.49999999992752 0
566 218.7499999999887 78.12499999993 0
567 218.7499999999887 93.74999999993489 0
568 218.7499999999887 109.3749999999398 0
569 218.7499999999887 124.9999999999489 0
570 218.7499999999887 140.6249999999662 0
571 218.7499999999886 156.2499999999711 0
572 218.7499999999886 171.8749999999759 0
573 218.7499999999886 187.4999999999807 0
574 218.7499999999886 203.1249999999855 0
575 218.7499999999887 218.7499999999903 0
576 218.7499999999887 234.3749999999952 0
577 234.3749999999943 15.62499999998954 0
578 234.3749999999943 31.24999999999326 0
579 234.3749999999943 46.8749999999589 0
580 234.3749999999943 62.49999999992264 0
581 234.3749999999943 78.12499999992536 0
582 234.3749999999943 93.74999999993069 0
583 234.3749999999943 109.374999999936 0
584 234.3749999999943 124.9999999999449 0
585 234.3749999999943 140.6249999999633 0
586 234.3749999999943 156.2499999999686 0
587 234.3749999999943 171.8749999999739 0
588 234.3749999999943 187.499999999979 0
589 234.3749999999943 203.1249999999843 0
590 234.3749999999943 218.7499999999895 0
591 234.3749999999943 234.3749999999947 0
592 15.62499999998954 265.6250000000001 0
593 15.62499999999017 281.25 0
594 15.6249999999908 296.875 0
595 15.62499999999143 312.5000000000001 0
596 15.62499999999206 328.1250000000001 0
597 15.62499999999268 343.7500000000001 0
598 15.6249999999933 359.3750000000001 0
599 15.62499999999393 375.0000000000001 0
600 15.62499999999456 390.6250000000001 0
601 15.62499999999519 406.2500000000001 0
602 15.62499999999581 421.8750000000002 0
603 15.62499999999644 437.5000000000002 0
604 15.62499999999707 453.1250000000002 0
605 15.6249999999977 468.7499999999999 0
606 15.62499999999832 484.375 0
607 31.24999999999326 265.625 0
608 31.24999999999357 281.25 0
609 31.24999999999388 296.875 0
610 31.24999999999419 312.5000000000001 0
611 31.24999999999451 328.1250000000001 0
612 31.24999999999481 343.75 0
613 31.24999999999513 359.375 0
614 31.24999999999544 375 0
615 31.24999999999575 390.625 0
616 31.24999999999606 406.25 0
617 31.24999999999637 421.8750000000002 0
618 31.24999999999668 437.5000000000002 0
619 31.24999999999699 453.125 0
620 31.24999999999731 468.75 0
621 31.24999999999761 484.375 0
622 46.87499999995891 265.6250000000001 0
623 46.87499999996144 281.25 0
624 46.87499999996398 296.8750000000001 0
625 46.87499999996651 312.5000000000001 0
626 46.87499999996903 328.1250000000001 0
627 46.87499999997159 343.75 0
628 46.8749999999741 359.3750000000001 0
629 46.87499999997663 375 0
630 46.87499999997916 390.625 0
631 46.87499999998168 406.2500000000001 0
632 46.87499999998423 421.8750000000002 0
633 46.87499999998676 437.5000000000002 0
634 46.8749999999893 453.1250000000002 0
635 46.87499999999182 468.7499999999999 0
636 46.87499999999435 484.375 0
637 62.49999999992262 265.6250000000001 0
638 62.49999999992751 281.2500000000001 0
639 62.4999999999324 296.8750000000001 0
640 62.49999999993728 312.5000000000001 0
641 62.49999999994216 328.1250000000001 0
642 62.49999999994702 343.75 0
643 62.49999999995191 359.375 0
644 62.4999999999568 375 0
645 62.49999999996169 390.625 0
646 62.49999999996658 406.25 0
647 62.49999999997144 421.8750000000001 0
648 62.49999999997633 437.5000000000002 0
649 62.4999999999812 453.125 0
650 62.49999999998609 468.75 0
651 62.49999999999096 484.3749999999999 0
652 78.12499999992535 265.625 0
653 78.12499999993 281.25 0
654 78.12499999993463 296.875 0
655 78.12499999993923 312.5000000000001 0
656 78.1249999999439 328.1250000000001 0
657 78.1249999999485 343.75 0
658 78.12499999995313 359.375 0
659 78.12499999995777 375 0
660 78.12499999996237 390.6250000000001 0
661 78.124999999967 406.25 0
662 78.12499999997164 421.8750000000001 0
663 78.12499999997624 437.5000000000002 0
664 78.1249999999809 453.125 0
665 78.1249999999855 468.75 0
666 78.12499999999015 484.3750000000001 0
667 93.74999999993071 265.6250000000001 0
668 93.74999999993489 281.25 0
669 93.74999999993909 296.8750000000001 0
670 93.7499999999433 312.4999999999999 0
671 93.74999999994751 328.1249999999999 0
672 93.74999999995171 343.75 0
673 93.74999999995589 359.375 0
674 93.74999999996012 375.0000000000001 0
675 93.74999999996433 390.625 0
676 93.74999999996851 406.25 0
677 93.74999999997272 421.8750000000001 0
678 93.74999999997692 437.5000000000001 0
679 93.74999999998113 453.125 0
680 93.74999999998531 468.75 0
681 93.74999999998951 484.375 0
682 109.374999999936 265.6250000000001 0
683 109.3749999999398 281.2500000000001 0
684 109.3749999999436 296.875 0
685 109.3749999999474 312.5 0
686 109.3749999999511 328.1250000000001 0
687 109.3749999999549 343.75 0
688 109.3749999999587 359.375 0
689 109.3749999999625 375 0
690 109.3749999999663 390.625 0
691 109.37499999997 406.25 0
692 109.3749999999738 421.8750000000002 0
693 109.3749999999776 437.5000000000001 0
694 109.3749999999814 453.125 0
695 109.3749999999851 468.75 0
696 109.3749999999889 484.375 0
697 124.9999999999449 265.625 0
698 124.9999999999489 281.25 0
699 124.999999999953 296.875 0
700 124.999999999957 312.4999999999999 0
701 124.999999999961 328.1249999999999 0
702 124.9999999999651 343.75 0
703 124.9999999999691 359.375 0
704 124.9999999999732 375 0
705 124.9999999999772 390.625 0
706 124.9999999999813 406.25 0
707 124.9999999999853 421.8750000000002 0
708 124.9999999999894 437.5000000000001 0
709 124.9999999999934 453.1249999999999 0
710 124.9999999999974 468.7499999999999 0
711 125.0000000000015 484.3749999999999 0
712 140.6249999999633 265.625 0
713 140.6249999999663 281.25 0
714 140.6249999999692 296.8750000000001 0
715 140.6249999999721 312.4999999999999 0
716 140.624999999975 328.1249999999998 0
717 140.624999999978 343.75 0
718 140.6249999999809 359.375 0
719 140.6249999999838 374.9999999999999 0
720 140.6249999999868 390.625 0
721 140.6249999999897 406.25 0
722 140.6249999999926 421.8749999999999 0
723 140.6249999999955 437.5000000000001 0
724 140.6249999999985 453.1249999999999 0
725 140.6250000000014 468.75 0
726 140.6250000000043 484.375 0
727 156.2499999999686 265.625 0
728 156.2499999999711 281.2500000000001 0
729 156.2499999999736 296.8750000000001 0
730 156.2499999999761 312.4999999999998 0
731 156.2499999999786 328.1249999999998 0
732 156.2499999999811 343.75 0
733 156.2499999999836 359.375 0
734 156.2499999999861 375 0
735 156.2499999999886 390.625 0
736 156.2499999999911 406.25 0
737 156.2499999999936 421.875 0
738 156.2499999999962 437.4999999999999 0
739 156.2499999999987 453.125 0
740 156.2500000000012 468.75 0
741 156.2500000000038 484.375 0
742 171.8749999999738 265.625 0
743 171.8749999999758 281.2499999999999 0
744 171.874999999978 296.875 0
745 171.8749999999801 312.4999999999998 0
746 171.8749999999822 328.1249999999998 0
747 171.8749999999843 343.75 0
748 171.8749999999863 359.375 0
749 171.8749999999885 375 0
750 171.8749999999905 390.625 0
751 171.8749999999927 406.25 0
752 171.8749999999947 421.875 0
753 171.8749999999968 437.4999999999999 0
754 171.8749999999989 453.1249999999999 0
755 171.875000000001 468.7499999999999 0
756 171.875000000003 484.375 0
757 187.499999999979 265.6250000000001 0
758 187.4999999999807 281.25 0
759 187.4999999999824 296.8750000000001 0
760 187.499999999984 312.4999999999998 0
761 187.4999999999857 328.1249999999998 0
762 187.4999999999874 343.75 0
763 187.499999999989 359.3749999999999 0
764 187.4999999999907 375 0
765 187.4999999999924 390.625 0
766 187.4999999999941 406.2499999999999 0
767 187.4999999999957 421.8749999999999 0
768 187.4999999999974 437.4999999999999 0
769 187.4999999999992 453.125 0
770 187.5000000000008 468.75 0
771 187.5000000000024 484.375 0
772 203.1249999999842 265.6250000000001 0
773 203.1249999999855 281.2500000000001 0
774 203.1249999999867 296.875 0
775 203.1249999999881 312.4999999999998 0
776 203.1249999999892 328.1249999999998 0
777 203.1249999999905 343.75 0
778 203.1249999999918 359.3749999999999 0
779 203.124999999993 375 0
780 203.1249999999943 390.625 0
781 203.1249999999956 406.2499999999999 0
782 203.1249999999968 421.8749999999999 0
783 203.1249999999981 437.5 0
784 203.1249999999993 453.1249999999999 0
785 203.1250000000006 468.75 0
786 203.1250000000018 484.375 0
787 218.7499999999895 265.6250000000001 0
788 218.7499999999903 281.2500000000001 0
789 218.7499999999911 296.8749999999998 0
790 218.749999999992 312.4999999999998 0
791 218.7499999999928 328.1249999999998 0
792 218.7499999999937 343.7499999999999 0
793 218.7499999999945 359.3749999999999 0
794 218.7499999999953 374.9999999999999 0
795 218.7499999999962 390.6249999999999 0
796 218.749999999997 406.2499999999999 0
797 218.7499999999978 421.8749999999999 0
798 218.7499999999987 437.4999999999999 0
799 218.7499999999995 453.1250000000001 0
800 218.7500000000003 468.75 0
801 218.7500000000012 484.375 0
802 234.3749999999948 265.6250000000001 0
803 234.3749999999952 281.2500000000001 0
804 234.3749999999955 296.8749999999998 0
805 234.374999999996 312.4999999999998 0
806 234.3749999999964 328.1249999999998 0
807 234.3749999999968 343.7499999999999 0
808 234.3749999999973 359.3749999999999 0
809 234.3749999999977 375 0
810 234.3749999999981 390.6249999999999 0
811 234.3749999999985 406.2499999999999 0
812 234.3749999999989 421.875 0
813 234.3749999999994 437.4999999999999 0
814 234.3749999999997 453.1249999999999 0
815 234.3750000000002 468.7499999999999 0
816 234.3750000000006 484.3749999999999 0
817 265.7142857143579 265.6249999999999 0
818 265.714285714358 281.2499999999999 0
819 265.714285714358 296.8749999999999 0
820 265.7142857143579 312.4999999999999 0
821 265.7142857143579 328.1249999999998 0
822 265.7142857143579 343.7499999999999 0
823 265.714285714358 359.3749999999999 0
824 265.7142857143579 374.9999999999999 0
825 265.714285714358 390.6249999999999 0
826 265.7142857143579 406.2499999999999 0
827 265.7142857143578 421.8749999999999 0
828 265.7142857143578 437.4999999999999 0
829 265.7142857143578 453.1249999999999 0
830 265.7142857143579 468.7499999999999 0
831 265.7142857143578 484.3749999999999 0
832 281.4285714286381 265.625 0
833 281.4285714286381 281.2499999999999 0
834 281.4285714286381 296.8749999999999 0
835 281.4285714286381 312.4999999999998 0
836 281.4285714286381 328.1249999999999 0
837 281.4285714286381 343.7499999999999 0
838 281.4285714286381 359.3749999999999 0
839 281.4285714286381 374.9999999999999 0
840 281.4285714286381 390.6249999999999 0
841 281.4285714286381 406.2499999999999 0
842 281.4285714286381 421.8749999999998 0
843 281.4285714286381 437.5 0
844 281.4285714286381 453.1249999999999 0
845 281.4285714286381 468.75 0
846 281.4285714286381 484.375 0
847 297.1428571429183 265.6249999999999 0
848 297.1428571429183 281.2499999999999 0
849 297.1428571429182 296.8749999999999 0
850 297.1428571429182 312.4999999999998 0
851 297.1428571429182 328.1249999999998 0
852 297.1428571429182 343.7499999999999 0
853 297.1428571429182 359.3749999999999 0
854 297.1428571429182 374.9999999999999 0
855 297.1428571429182 390.6249999999999 0
856 297.1428571429182 406.2499999999999 0
857 297.1428571429182 421.8749999999999 0
858 297.1428571429182 437.4999999999999 0
859 297.1428571429182 453.1249999999999 0
860 297.1428571429182 468.75 0
861 297.1428571429181 484.375 0
862 312.8571428571984 265.6249999999999 0
863 312.8571428571984 281.2499999999999 0
864 312.8571428571984 296.8749999999999 0
865 312.8571428571985 312.4999999999998 0
866 312.8571428571985 328.1249999999998 0
867 312.8571428571984 343.7499999999999 0
868 312.8571428571985 359.3749999999999 0
869 312.8571428571984 374.9999999999999 0
870 312.8571428571984 390.6249999999999 0
871 312.8571428571984 406.2499999999999 0
872 312.8571428571983 421.8749999999999 0
873 312.8571428571984 437.4999999999998 0
874 312.8571428571984 453.1249999999999 0
875 312.8571428571983 468.7499999999999 0
876 312.8571428571983 484.375 0
877 328.5714285714786 265.6249999999999 0
878 328.5714285714785 281.2499999999999 0
879 328.5714285714786 296.8749999999999 0
880 328.5714285714786 312.4999999999998 0
881 328.5714285714786 328.1249999999998 0
882 328.5714285714786 343.7499999999999 0
883 328.5714285714786 359.3749999999999 0
884 328.5714285714785 374.9999999999999 0
885 328.5714285714785 390.6249999999999 0
886 328.5714285714785 406.2499999999999 0
887 328.5714285714785 421.8749999999999 0
888 328.5714285714785 437.5 0
889 328.5714285714785 453.125 0
890 328.5714285714784 468.75 0
891 328.5714285714784 484.375 0
892 344.2857142857587 265.6249999999998 0
893 344.2857142857587 281.2499999999999 0
894 344.2857142857588 296.8749999999999 0
895 344.2857142857587 312.4999999999997 0
896 344.2857142857586 328.1249999999997 0
897 344.2857142857587 343.7499999999999 0
898 344.2857142857586 359.3749999999999 0
899 344.2857142857587 374.9999999999999 0
900 344.2857142857587 390.6249999999999 0
901 344.2857142857587 406.2499999999999 0
902 344.2857142857586 421.8749999999999 0
903 344.2857142857586 437.4999999999998 0
904 344.2857142857586 453.1249999999999 0
905 344.2857142857586 468.75 0
906 344.2857142857586 484.375 0
907 360.0000000000391 265.6249999999999 0
908 360.0000000000389 281.2499999999999 0
909 360.0000000000389 296.8749999999999 0
910 360.0000000000389 312.4999999999999 0
911 360.0000000000389 328.1249999999998 0
912 360.0000000000389 343.7499999999999 0
913 360.0000000000389 359.3749999999999 0
914 360.0000000000389 374.9999999999999 0
915 360.0000000000389 390.6249999999999 0
916 360.0000000000389 406.2499999999999 0
917 360.0000000000389 421.8749999999999 0
918 360.0000000000389 437.4999999999999 0
919 360.0000000000389 453.1249999999999 0
920 360.0000000000389 468.75 0
921 360.0000000000388 484.375 0
922 375.7142857143191 265.6249999999999 0
923 375.714285714319 281.2499999999999 0
924 375.714285714319 296.8749999999999 0
925 375.7142857143191 312.4999999999998 0
926 375.7142857143191 328.1249999999998 0
927 375.714285714319 343.7499999999999 0
928 375.714285714319 359.3749999999999 0
929 375.7142857143189 374.9999999999999 0
930 375.714285714319 390.6249999999999 0
931 375.714285714319 406.2499999999999 0
932 375.714285714319 421.875 0
933 375.7142857143189 437.4999999999999 0
934 375.7142857143189 453.1249999999999 0
935 375.714285714319 468.75 0
936 375.714285714319 484.375 0
937 391.4285714285992 265.6249999999999 0
938 391.4285714285992 281.2499999999999 0
939 391.4285714285992 296.8749999999999 0
940 391.4285714285992 312.4999999999998 0
941 391.4285714285992 328.1249999999998 0
942 391.4285714285992 343.7499999999999 0
943 391.4285714285992 359.3749999999999 0
944 391.4285714285992 374.9999999999999 0
945 391.4285714285992 390.6249999999999 0
946 391.4285714285992 406.2499999999999 0
947 391.4285714285991 421.8749999999998 0
948 391.4285714285991 437.5 0
949 391.4285714285992 453.1250000000001 0
950 391.4285714285992 468.7499999999999 0
951 391.4285714285991 484.375 0
952 407.1428571428794 265.6249999999999 0
953 407.1428571428794 281.2499999999999 0
954 407.1428571428794 296.8749999999999 0
955 407.1428571428793 312.4999999999998 0
956 407.1428571428793 328.1249999999998 0
957 407.1428571428794 343.7499999999998 0
958 407.1428571428794 359.3749999999998 0
959 407.1428571428794 374.9999999999999 0
960 407.1428571428793 390.6249999999999 0
961 407.1428571428792 406.2499999999999 0
962 407.1428571428793 421.8749999999999 0
963 407.1428571428793 437.4999999999999 0
964 407.1428571428793 453.1249999999999 0
965 407.1428571428792 468.75 0
966 407.1428571428792 484.375 0
967 422.8571428571596 265.625 0
968 422.8571428571596 281.2499999999999 0
969 422.8571428571595 296.8749999999999 0
970 422.8571428571595 312.4999999999998 0
971 422.8571428571595 328.1249999999999 0
972 422.8571428571594 343.7499999999999 0
973 422.8571428571595 359.3749999999999 0
974 422.8571428571595 374.9999999999999 0
975 422.8571428571594 390.6249999999999 0
976 422.8571428571595 406.2499999999999 0
977 422.8571428571595 421.8749999999999 0
978 422.8571428571595 437.4999999999999 0
979 422.8571428571595 453.1249999999999 0
980 422.8571428571595 468.75 0
981 422.8571428571595 484.375 0
982 438.5714285714398 265.6249999999999 0
983 438.5714285714398 281.2499999999999 0
984 438.5714285714398 296.8749999999999 0
985 438.5714285714397 312.4999999999998 0
986 438.5714285714397 328.1249999999998 0
987 438.5714285714397 343.7499999999999 0
988 438.5714285714397 359.3749999999999 0
989 438.5714285714398 374.9999999999999 0
990 438.5714285714397 390.6249999999999 0
991 438.5714285714398 406.2499999999999 0
992 438.5714285714398 421.8749999999999 0
993 438.5714285714397 437.4999999999999 0
994 438.5714285714397 453.1249999999999 0
995 438.5714285714397 468.7499999999999 0
996 438.5714285714398 484.375 0
997 454.2857142857198 265.6249999999999 0
998 454.2857142857197 281.2500000000001 0
999 454.2857142857197 296.8749999999998 0
1000 454.2857142857197 312.4999999999998 0
1001 454.2857142857197 328.1249999999998 0
1002 454.2857142857197 343.7499999999999 0
1003 454.2857142857197 359.3749999999998 0
1004 454.2857142857199 374.9999999999998 0
1005 454.2857142857198 390.6249999999999 0
1006 454.2857142857198 406.2499999999999 0
1007 454.2857142857198 421.8749999999999 0
1008 454.2857142857198 437.4999999999999 0
1009 454.2857142857198 453.1249999999999 0
1010 454.2857142857198 468.75 0
1011 454.2857142857197 484.375 0
1012 485 265.6249999999999 0
1013 485 281.2499999999999 0
1014 485 296.8749999999999 0
1015 485 312.4999999999998 0
1016 485 328.1249999999998 0
1017 485 343.7499999999999 0
1018 485 359.3749999999999 0
1019 485 374.9999999999999 0
1020 485 390.6249999999999 0
1021 485 406.2499999999999 0
1022 485 421.8749999999999 0
1023 485 437.4999999999999 0
1024 485 453.1249999999999 0
1025 485 468.75 0
1026 485 484.375 0
1027 15.62499999998892 15.62499999999832 50
1028 15.62499999998892 31.24999999999761 50
1029 15.62499999998892 46.87499999999435 50
1030 15.62499999998892 62.49999999999097 50
1031 15.62499999998892 78.12499999999015 50
1032 15.62499999998892 93.74999999998951 50
1033 15.62499999998892 109.3749999999889 50
1034 15.62499999998892 125.0000000000015 50
1035 15.62499999998892 140.6250000000043 50
1036 15.62499999998892 156.2500000000038 50
1037 15.62499999998892 171.8750000000031 50
1038 15.62499999998892 187.5000000000025 50
1039 15.62499999998892 203.1250000000018 50
1040 15.62499999998892 218.7500000000012 50
1041 15.62499999998892 234.3750000000007 50
1042 31.24999999999295 15.6249999999977 50
1043 31.24999999999295 31.2499999999973 50
1044 31.24999999999295 46.87499999999182 50
1045 31.24999999999295 62.49999999998609 50
1046 31.24999999999295 78.1249999999855 50
1047 31.24999999999295 93.74999999998531 50
1048 31.24999999999295 109.3749999999851 50
1049 31.24999999999295 124.9999999999974 50
1050 31.24999999999295 140.6250000000014 50
1051 31.24999999999295 156.2500000000013 50
1052 31.24999999999295 171.875000000001 50
1053 31.24999999999295 187.5000000000008 50
1054 31.24999999999295 203.1250000000006 50
1055 31.24999999999295 218.7500000000003 50
1056 31.24999999999295 234.3750000000002 50
1057 46.87499999995639 15.62499999999707 50
1058 46.87499999995639 31.24999999999699 50
1059 46.87499999995639 46.87499999998927 50
1060 46.87499999995639 62.49999999998121 50
1061 46.87499999995637 78.1249999999809 50
1062 46.87499999995639 93.74999999998113 50
1063 46.87499999995639 109.3749999999814 50
1064 46.87499999995639 124.9999999999934 50
1065 46.87499999995639 140.6249999999984 50
1066 46.87499999995639 156.2499999999987 50
1067 46.87499999995639 171.8749999999989 50
1068 46.87499999995639 187.4999999999991 50
1069 46.87499999995639 203.1249999999994 50
1070 46.87499999995638 218.7499999999995 50
1071 46.87499999995638 234.3749999999998 50
1072 62.49999999991775 15.62499999999645 50
1073 62.49999999991775 31.24999999999669 50
1074 62.49999999991775 46.87499999998676 50
1075 62.49999999991775 62.49999999997632 50
1076 62.49999999991775 78.12499999997627 50
1077 62.49999999991775 93.74999999997692 50
1078 62.49999999991775 109.3749999999776 50
1079 62.49999999991775 124.9999999999893 50
1080 62.49999999991775 140.6249999999955 50
1081 62.49999999991775 156.2499999999962 50
1082 62.49999999991775 171.8749999999968 50
1083 62.49999999991775 187.4999999999974 50
1084 62.49999999991775 203.1249999999981 50
1085 62.49999999991775 218.7499999999987 50
1086 62.49999999991775 234.3749999999994 50
1087 78.12499999992075 15.62499999999581 50
1088 78.12499999992076 31.24999999999638 50
1089 78.12499999992075 46.87499999998423 50
1090 78.12499999992076 62.49999999997145 50
1091 78.12499999992075 78.12499999997164 50
1092 78.12499999992076 93.7499999999727 50
1093 78.12499999992075 109.3749999999738 50
1094 78.12499999992075 124.9999999999853 50
1095 78.12499999992075 140.6249999999927 50
1096 78.12499999992076 156.2499999999936 50
1097 78.12499999992075 171.8749999999947 50
1098 78.12499999992075 187.4999999999957 50
1099 78.12499999992075 203.1249999999968 50
1100 78.12499999992075 218.7499999999979 50
1101 78.12499999992075 234.3749999999989 50
1102 93.74999999992649 15.62499999999519 50
1103 93.74999999992653 31.24999999999606 50
1104 93.7499999999265 46.8749999999817 50
1105 93.7499999999265 62.49999999996656 50
1106 93.74999999992653 78.124999999967 50
1107 93.7499999999265 93.74999999996851 50
1108 93.7499999999265 109.37499999997 50
1109 93.7499999999265 124.9999999999813 50
1110 93.7499999999265 140.6249999999897 50
1111 93.7499999999265 156.2499999999911 50
1112 93.7499999999265 171.8749999999926 50
1113 93.74999999992649 187.4999999999941 50
1114 93.7499999999265 203.1249999999956 50
1115 93.7499999999265 218.749999999997 50
1116 93.7499999999265 234.3749999999985 50
1117 109.3749999999323 15.62499999999456 50
1118 109.3749999999323 31.24999999999575 50
1119 109.3749999999323 46.87499999997916 50
1120 109.3749999999322 62.49999999996167 50
1121 109.3749999999323 78.1249999999624 50
1122 109.3749999999323 93.7499999999643 50
1123 109.3749999999323 109.3749999999663 50
1124 109.3749999999323 124.9999999999772 50
1125 109.3749999999323 140.6249999999867 50
1126 109.3749999999323 156.2499999999886 50
1127 109.3749999999323 171.8749999999906 50
1128 109.3749999999323 187.4999999999924 50
1129 109.3749999999323 203.1249999999943 50
1130 109.3749999999323 218.7499999999962 50
1131 109.3749999999323 234.3749999999981 50
1132 124.9999999999408 15.62499999999394 50
1133 124.9999999999408 31.24999999999544 50
1134 124.9999999999408 46.87499999997663 50
1135 124.9999999999408 62.4999999999568 50
1136 124.9999999999408 78.12499999995777 50
1137 124.9999999999408 93.74999999996012 50
1138 124.9999999999408 109.3749999999625 50
1139 124.9999999999408 124.9999999999732 50
1140 124.9999999999408 140.6249999999838 50
1141 124.9999999999408 156.2499999999861 50
1142 124.9999999999408 171.8749999999885 50
1143 124.9999999999408 187.4999999999907 50
1144 124.9999999999408 203.124999999993 50
1145 124.9999999999408 218.7499999999953 50
1146 124.9999999999408 234.3749999999977 50
1147 140.6249999999603 15.6249999999933 50
1148 140.6249999999604 31.24999999999513 50
1149 140.6249999999603 46.8749999999741 50
1150 140.6249999999604 62.49999999995191 50
1151 140.6249999999603 78.12499999995313 50
1152 140.6249999999604 93.74999999995592 50
1153 140.6249999999604 109.3749999999587 50
1154 140.6249999999603 124.9999999999691 50
1155 140.6249999999603 140.6249999999809 50
1156 140.6249999999603 156.2499999999836 50
1157 140.6249999999604 171.8749999999863 50
1158 140.6249999999604 187.499999999989 50
1159 140.6249999999604 203.1249999999917 50
1160 140.6249999999603 218.7499999999945 50
1161 140.6249999999604 234.3749999999972 50
1162 156.249999999966 15.62499999999268 50
1163 156.2499999999661 31.24999999999482 50
1164 156.249999999966 46.87499999997157 50
1165 156.2499999999661 62.49999999994704 50
1166 156.249999999966 78.1249999999485 50
1167 156.249999999966 93.74999999995171 50
1168 156.249999999966 109.3749999999549 50
1169 156.2499999999661 124.9999999999651 50
1170 156.2499999999661 140.624999999978 50
1171 156.249999999966 156.2499999999811 50
1172 156.249999999966 171.8749999999843 50
1173 156.249999999966 187.4999999999874 50
1174 156.249999999966 203.1249999999905 50
1175 156.249999999966 218.7499999999937 50
1176 156.249999999966 234.3749999999968 50
1177 171.8749999999717 15.62499999999206 50
1178 171.8749999999718 31.24999999999451 50
1179 171.8749999999717 46.87499999996903 50
1180 171.8749999999717 62.49999999994215 50
1181 171.8749999999717 78.1249999999439 50
1182 171.8749999999717 93.74999999994751 50
1183 171.8749999999717 109.3749999999512 50
1184 171.8749999999717 124.999999999961 50
1185 171.8749999999717 140.624999999975 50
1186 171.8749999999717 156.2499999999786 50
1187 171.8749999999717 171.8749999999822 50
1188 171.8749999999717 187.4999999999858 50
1189 171.8749999999717 203.1249999999892 50
1190 171.8749999999717 218.7499999999928 50
1191 171.8749999999717 234.3749999999964 50
1192 187.4999999999773 15.62499999999143 50
1193 187.4999999999773 31.24999999999419 50
1194 187.4999999999773 46.8749999999665 50
1195 187.4999999999773 62.49999999993727 50
1196 187.4999999999773 78.12499999993923 50
1197 187.4999999999773 93.74999999994328 50
1198 187.4999999999773 109.3749999999473 50
1199 187.4999999999773 124.999999999957 50
1200 187.4999999999773 140.6249999999721 50
1201 187.4999999999773 156.2499999999761 50
1202 187.4999999999773 171.8749999999801 50
1203 187.4999999999773 187.499999999984 50
1204 187.4999999999773 203.124999999988 50
1205 187.4999999999773 218.749999999992 50
1206 187.4999999999773 234.374999999996 50
1207 203.124999999983 15.6249999999908 50
1208 203.124999999983 31.24999999999388 50
1209 203.1249999999829 46.87499999996397 50
1210 203.124999999983 62.49999999993238 50
1211 203.1249999999829 78.12499999993463 50
1212 203.124999999983 93.74999999993909 50
1213 203.1249999999829 109.3749999999436 50
1214 203.1249999999829 124.999999999953 50
1215 203.124999999983 140.6249999999692 50
1216 203.1249999999829 156.2499999999736 50
1217 203.1249999999829 171.874999999978 50
1218 203.124999999983 187.4999999999823 50
1219 203.124999999983 203.1249999999868 50
1220 203.1249999999829 218.7499999999911 50
1221 203.124999999983 234.3749999999956 50
1222 218.7499999999887 15.62499999999017 50
1223 218.7499999999887 31.24999999999358 50
1224 218.7499999999887 46.87499999996145 50
1225 218.7499999999887 62.49999999992752 50
1226 218.7499999999887 78.12499999993 50
1227 218.7499999999887 93.74999999993489 50
1228 218.7499999999887 109.3749999999398 50
1229 218.7499999999887 124.9999999999489 50
1230 218.7499999999887 140.6249999999662 50
1231 218.7499999999886 156.2499999999711 50
1232 218.7499999999886 171.8749999999759 50
1233 218.7499999999886 187.4999999999807 50
1234 218.7499999999886 203.1249999999855 50
1235 218.7499999999887 218.7499999999903 50
1236 218.7499999999887 234.3749999999952 50
1237 234.3749999999943 15.62499999998954 50
1238 234.3749999999943 31.24999999999326 50
1239 234.3749999999943 46.8749999999589 50
1240 234.3749999999943 62.49999999992264 50
1241 234.3749999999943 78.12499999992536 50
1242 234.3749999999943 93.74999999993069 50
1243 234.3749999999943 109.374999999936 50
1244 234.3749999999943 124.9999999999449 50
1245 234.3749999999943 140.6249999999633 50
1246 234.3749999999943 156.2499999999686 50
1247 234.3749999999943 171.8749999999739 50
1248 234.3749999999943 187.499999999979 50
1249 234.3749999999943 203.1249999999843 50
1250 234.3749999999943 218.7499999999895 50
1251 234.3749999999943 234.3749999999947 50
1252 15.62499999998954 265.6250000000001 50
1253 15.62499999999017 281.25 50
1254 15.6249999999908 296.875 50
1255 15.62499999999143 312.5000000000001 50
1256 15.62499999999206 328.1250000000001 50
1257 15.62499999999268 343.7500000000001 50
1258 15.6249999999933 359.3750000000001 50
1259 15.62499999999393 375.0000000000001 50
1260 15.62499999999456 390.6250000000001 50
1261 15.62499999999519 406.2500000000001 50
1262 15.62499999999581 421.8750000000002 50
1263 15.62499999999644 437.5000000000002 50
1264 15.62499999999707 453.1250000000002 50
1265 15.6249999999977 468.7499999999999 50
1266 15.62499999999832 484.375 50
1267 31.24999999999326 265.625 50
1268 31.24999999999357 281.25 50
1269 31.24999999999388 296.875 50
1270 31.24999999999419 312.5000000000001 50
1271 31.24999999999451 328.1250000000001 50
1272 31.24999999999481 343.75 50
1273 31.24999999999513 359.375 50
1274 31.24999999999544 375 50
1275 31.24999999999575 390.625 50
1276 31.24999999999606 406.25 50
1277 31.24999999999637 421.8750000000002 50
1278 31.24999999999668 437.5000000000002 50
1279 31.24999999999699 453.125 50
1280 31.24999999999731 468.75 50
1281 31.24999999999761 484.375 50
1282 46.87499999995891 265.6250000000001 50
1283 46.87499999996144 281.25 50
1284 46.87499999996398 296.8750000000001 50
1285 46.87499999996651 312.5000000000001 50
1286 46.87499999996903 328.1250000000001 50
1287 46.87499999997159 343.75 50
1288 46.8749999999741 359.3750000000001 50
1289 46.87499999997663 375 50
1290 46.87499999997916 390.625 50
1291 46.87499999998168 406.2500000000001 50
1292 46.87499999998423 421.8750000000002 50
1293 46.87499999998676 437.5000000000002 50
1294 46.8749999999893 453.1250000000002 50
1295 46.87499999999182 468.7499999999999 50
1296 46.87499999999435 484.375 50
1297 62.49999999992262 265.6250000000001 50
1298 62.49999999992751 281.2500000000001 50
1299 62.4999999999324 296.8750000000001 50
1300 62.49999999993728 312.5000000000001 50
1301 62.49999999994216 328.1250000000001 50
1302 62.49999999994702 343.75 50
1303 62.49999999995191 359.375 50
1304 62.4999999999568 375 50
1305 62.49999999996169 390.625 50
1306 62.49999999996658 406.25 50
1307 62.49999999997144 421.8750000000001 50
1308 62.49999999997633 437.5000000000002 50
1309 62.4999999999812 453.125 50
1310 62.49999999998609 468.75 50
1311 62.49999999999096 484.3749999999999 50
1312 78.12499999992535 265.625 50
1313 78.12499999993 281.25 50
1314 78.12499999993463 296.875 50
1315 78.12499999993923 312.5000000000001 50
1316 78.1249999999439 328.1250000000001 50
1317 78.1249999999485 343.75 50
1318 78.12499999995313 359.375 50
1319 78.12499999995777 375 50
1320 78.12499999996237 390.6250000000001 50
1321 78.124999999967 406.25 50
1322 78.12499999997164 421.8750000000001 50
1323 78.12499999997624 437.5000000000002 50
1324 78.1249999999809 453.125 50
1325 78.1249999999855 468.75 50
1326 78.12499999999015 484.3750000000001 50
1327 93.74999999993071 265.6250000000001 50
1328 93.74999999993489 281.25 50
1329 93.74999999993909 296.8750000000001 50
1330 93.7499999999433 312.4999999999999 50
1331 93.74999999994751 328.1249999999999 50
1332 93.74999999995171 343.75 50
1333 93.74999999995589 359.375 50
1334 93.74999999996012 375.0000000000001 50
1335 93.74999999996433 390.625 50
1336 93.74999999996851 406.25 50
1337 93.74999999997272 421.8750000000001 50
1338 93.74999999997692 437.5000000000001 50
1339 93.74999999998113 453.125 50
1340 93.74999999998531 468.75 50
1341 93.74999999998951 484.375 50
1342 109.374999999936 265.6250000000001 50
1343 109.3749999999398 281.2500000000001 50
1344 109.3749999999436 296.875 50
1345 109.3749999999474 312.5 50
1346 109.3749999999511 328.1250000000001 50
1347 109.3749999999549 343.75 50
1348 109.3749999999587 359.375 50
1349 109.3749999999625 375 50
1350 109.3749999999663 390.625 50
1351 109.37499999997 406.25 50
1352 109.3749999999738 421.8750000000002 50
1353 109.3749999999776 437.5000000000001 50
1354 109.3749999999814 453.125 50
1355 109.3749999999851 468.75 50
1356 109.3749999999889 484.375 50
1357 124.9999999999449 265.625 50
1358 124.9999999999489 281.25 50
1359 124.999999999953 296.875 50
1360 124.999999999957 312.4999999999999 50
1361 124.999999999961 328.1249999999999 50
1362 124.9999999999651 343.75 50
1363 124.9999999999691 359.375 50
1364 124.9999999999732 375 50
1365 124.9999999999772 390.625 50
1366 124.9999999999813 406.25 50
1367 124.9999999999853 421.8750000000002 50
1368 124.9999999999894 437.5000000000001 50
1369 124.9999999999934 453.1249999999999 50
1370 124.9999999999974 468.7499999999999 50
1371 125.0000000000015 484.3749999999999 50
1372 140.6249999999633 265.625 50
1373 140.6249999999663 281.25 50
1374 140.6249999999692 296.8750000000001 50
1375 140.6249999999721 312.4999999999999 50
1376 140.624999999975 328.1249999999998 50
1377 140.624999999978 343.75 50
1378 140.6249999999809 359.375 50
1379 140.6249999999838 374.9999999999999 50
1380 140.6249999999868 390.625 50
1381 140.6249999999897 406.25 50
1382 140.6249999999926 421.8749999999999 50
1383 140.6249999999955 437.5000000000001 50
1384 140.6249999999985 453.1249999999999 50
1385 140.6250000000014 468.75 50
1386 140.6250000000043 484.375 50
1387 156.2499999999686 265.625 50
1388 156.2499999999711 281.2500000000001 50
1389 156.2499999999736 296.8750000000001 50
1390 156.2499999999761 312.4999999999998 50
1391 156.2499999999786 328.1249999999998 50
1392 156.2499999999811 343.75 50
1393 156.2499999999836 359.375 50
1394 156.2499999999861 375 50
1395 156.2499999999886 390.625 50
1396 156.2499999999911 406.25 50
1397 156.2499999999936 421.875 50
1398 156.2499999999962 437.4999999999999 50
1399 156.2499999999987 453.125 50
1400 156.2500000000012 468.75 50
1401 156.2500000000038 484.375 50
1402 171.8749999999738 265.625 50
1403 171.8749999999758 281.2499999999999 50
1404 171.874999999978 296.875 50
1405 171.8749999999801 312.4999999999998 50
1406 171.8749999999822 328.1249999999998 50
1407 171.8749999999843 343.75 50
1408 171.8749999999863 359.375 50
1409 171.8749999999885 375 50
1410 171.8749999999905 390.625 50
1411 171.8749999999927 406.25 50
1412 171.8749999999947 421.875 50
1413 171.8749999999968 437.4999999999999 50
1414 171.8749999999989 453.1249999999999 50
1415 171.875000000001 468.7499999999999 50
1416 171.875000000003 484.375 50
1417 187.499999999979 265.6250000000001 50
1418 187.4999999999807 281.25 50
1419 187.4999999999824 296.8750000000001 50
1420 187.499999999984 312.4999999999998 50
1421 187.4999999999857 328.1249999999998 50
1422 187.4999999999874 343.75 50
1423 187.499999999989 359.3749999999999 50
1424 187.4999999999907 375 50
1425 187.4999999999924 390.625 50
1426 187.4999999999941 406.2499999999999 50
1427 187.4999999999957 421.8749999999999 50
1428 187.4999999999974 437.4999999999999 50
1429 187.4999999999992 453.125 50
1430 187.5000000000008 468.75 50
1431 187.5000000000024 484.375 50
1432 203.1249999999842 265.6250000000001 50
1433 203.1249999999855 281.2500000000001 50
1434 203.1249999999867 296.875 50
1435 203.1249999999881 312.4999999999998 50
1436 203.1249999999892 328.1249999999998 50
1437 203.1249999999905 343.75 50
1438 203.1249999999918 359.3749999999999 50
1439 203.124999999993 375 50
1440 203.1249999999943 390.625 50
1441 203.1249999999956 406.2499999999999 50
1442 203.1249999999968 421.8749999999999 50
1443 203.1249999999981 437.5 50
1444 203.1249999999993 453.1249999999999 50
1445 203.1250000000006 468.75 50
1446 203.1250000000018 484.375 50
1447 218.7499999999895 265.6250000000001 50
1448 218.7499999999903 281.2500000000001 50
1449 218.7499999999911 296.8749999999998 50
1450 218.749999999992 312.4999999999998 50
1451 218.7499999999928 328.1249999999998 50
1452 218.7499999999937 343.7499999999999 50
1453 218.7499999999945 359.3749999999999 50
1454 218.7499999999953 374.9999999999999 50
1455 218.7499999999962 390.6249999999999 50
1456 218.749999999997 406.2499999999999 50
1457 218.7499999999978 421.8749999999999 50
1458 218.7499999999987 437.4999999999999 50
1459 218.7499999999995 453.1250000000001 50
1460 218.7500000000003 468.75 50
1461 218.7500000000012 484.375 50
1462 234.3749999999948 265.6250000000001 50
1463 234.3749999999952 281.2500000000001 50
1464 234.3749999999955 296.8749999999998 50
1465 234.374999999996 312.4999999999998 50
1466 234.3749999999964 328.1249999999998 50
1467 234.3749999999968 343.7499999999999 50
1468 234.3749999999973 359.3749999999999 50
1469 234.3749999999977 375 50
1470 234.3749999999981 390.6249999999999 50
1471 234.3749999999985 406.2499999999999 50
1472 234.3749999999989 421.875 50
1473 234.3749999999994 437.4999999999999 50
1474 234.3749999999997 453.1249999999999 50
1475 234.3750000000002 468.7499999999999 50
1476 234.3750000000006 484.3749999999999 50
1477 265.7142857143579 265.6249999999999 50.00000000000001
1478 265.714285714358 281.2499999999999 50.00000000000001
1479 265.714285714358 296.8749999999999 50.00000000000001
1480 265.7142857143579 312.4999999999999 50.00000000000001
1481 265.7142857143579 328.1249999999998 50.00000000000001
1482 265.7142857143579 343.7499999999999 50.00000000000001
1483 265.714285714358 359.3749999999999 50.00000000000001
1484 265.7142857143579 374.9999999999999 50.00000000000001
1485 265.714285714358 390.6249999999999 50.00000000000001
1486 265.7142857143579 406.2499999999999 50.00000000000001
1487 265.7142857143578 421.8749999999999 50.00000000000001
1488 265.7142857143578 437.4999999999999 50.00000000000001
1489 265.7142857143578 453.1249999999999 50.00000000000001
1490 265.7142857143579 468.7499999999999 50.00000000000001
1491 265.7142857143578 484.3749999999999 50.00000000000001
1492 281.4285714286381 265.625 50.00000000000001
1493 281.4285714286381 281.2499999999999 50.00000000000001
1494 281.4285714286381 296.8749999999999 50.00000000000001
1495 281.4285714286381 312.4999999999998 50.00000000000001
1496 281.4285714286381 328.1249999999999 50.00000000000001
1497 281.4285714286381 343.7499999999999 50.00000000000001
1498 281.4285714286381 359.3749999999999 50.00000000000001
1499 281.4285714286381 374.9999999999999 50.00000000000001
1500 281.4285714286381 390.6249999999999 50.00000000000001
1501 281.4285714286381 406.2499999999999 50.00000000000001
1502 281.4285714286381 421.8749999999998 50.00000000000001
1503 281.4285714286381 437.5 50.00000000000001
1504 281.4285714286381 453.1249999999999 50.00000000000001
1505 281.4285714286381 468.75 50.00000000000001
1506 281.4285714286381 484.375 50.00000000000001
1507 297.1428571429183 265.6249999999999 50.00000000000001
1508 297.1428571429183 281.2499999999999 50.00000000000001
1509 297.1428571429182 296.8749999999999 50.00000000000001
1510 297.1428571429182 312.4999999999998 50.00000000000001
1511 297.1428571429182 328.1249999999998 50.00000000000001
1512 297.1428571429182 343.7499999999999 50.00000000000001
1513 297.1428571429182 359.3749999999999 50.00000000000001
1514 297.1428571429182 374.9999999999999 50.00000000000001
1515 297.1428571429182 390.6249999999999 50.00000000000001
1516 297.1428571429182 406.2499999999999 50.00000000000001
1517 297.1428571429182 421.8749999999999 50.00000000000001
1518 297.1428571429182 437.4999999999999 50.00000000000001
1519 297.1428571429182 453.1249999999999 50.00000000000001
1520 297.1428571429182 468.75 50.00000000000001
1521 297.1428571429181 484.375 50.00000000000001
1522 312.8571428571984 265.6249999999999 50.00000000000001
1523 312.8571428571984 281.2499999999999 50.00000000000001
1524 312.8571428571984 296.8749999999999 50.00000000000001
1525 312.8571428571985 312.4999999999998 50.00000000000001
1526 312.8571428571985 328.1249999999998 50.00000000000001
1527 312.8571428571984 343.7499999999999 50.00000000000001
1528 312.8571428571985 359.3749999999999 50.00000000000001
1529 312.8571428571984 374.9999999999999 50.00000000000001
1530 312.8571428571984 390.6249999999999 50.00000000000001
1531 312.8571428571984 406.2499999999999 50.00000000000001
1532 312.8571428571983 421.8749999999999 50.00000000000001
1533 312.8571428571984 437.4999999999998 50.00000000000001
1534 312.8571428571984 453.1249999999999 50.00000000000001
1535 312.8571428571983 468.7499999999999 50.00000000000001
1536 312.8571428571983 484.375 50.00000000000001
1537 328.5714285714786 265.6249999999999 50.00000000000001
1538 328.5714285714785 281.2499999999999 50.00000000000001
1539 328.5714285714786 296.8749999999999 50.00000000000001
1540 328.5714285714786 312.4999999999998 50.00000000000001
1541 328.5714285714786 328.1249999999998 50.00000000000001
1542 328.5714285714786 343.7499999999999 50.00000000000001
1543 328.5714285714786 359.3749999999999 50.00000000000001
1544 328.5714285714785 374.9999999999999 50.00000000000001
1545 328.5714285714785 390.6249999999999 50.00000000000001
1546 328.5714285714785 406.2499999999999 50.00000000000001
1547 328.5714285714785 421.8749999999999 50.00000000000001
1548 328.5714285714785 437.5 50.00000000000001
1549 328.5714285714785 453.125 50.00000000000001
1550 328.5714285714784 468.75 50.00000000000001
1551 328.5714285714784 484.375 50.00000000000001
1552 344.2857142857587 265.6249999999998 50.00000000000001
1553 344.2857142857587 281.2499999999999 50.00000000000001
1554 344.2857142857588 296.8749999999999 50.00000000000001
1555 344.2857142857587 312.4999999999997 50.00000000000001
1556 344.2857142857586 328.1249999999997 50.00000000000001
1557 344.2857142857587 343.7499999999999 50.00000000000001
1558 344.2857142857586 359.3749999999999 50.00000000000001
1559 344.2857142857587 374.9999999999999 50.00000000000001
1560 344.2857142857587 390.6249999999999 50.00000000000001
1561 344.2857142857587 406.2499999999999 50.00000000000001
1562 344.2857142857586 421.8749999999999 50.00000000000001
1563 344.2857142857586 437.4999999999998 50.00000000000001
1564 344.2857142857586 453.1249999999999 50.00000000000001
1565 344.2857142857586 468.75 50.00000000000001
1566 344.2857142857586 484.375 50.00000000000001
1567 360.0000000000391 265.6249999999999 50.00000000000001
1568 360.0000000000389 281.2499999999999 50.00000000000001
1569 360.0000000000389 296.8749999999999 50.00000000000001
1570 360.0000000000389 312.4999999999999 50.00000000000001
1571 360.0000000000389 328.1249999999998 50.00000000000001
1572 360.0000000000389 343.7499999999999 50.00000000000001
1573 360.0000000000389 359.3749999999999 50.00000000000001
1574 360.0000000000389 374.9999999999999 50.00000000000001
1575 360.0000000000389 390.6249999999999 50.00000000000001
1576 360.0000000000389 406.2499999999999 50.00000000000001
1577 360.0000000000389 421.8749999999999 50.00000000000001
1578 360.0000000000389 437.4999999999999 50.00000000000001
1579 360.0000000000389 453.1249999999999 50.00000000000001
1580 360.0000000000389 468.75 50.00000000000001
1581 360.0000000000388 484.375 50.00000000000001
1582 375.7142857143191 265.6249999999999 50.00000000000001
1583 375.714285714319 281.2499999999999 50.00000000000001
1584 375.714285714319 296.8749999999999 50.00000000000001
1585 375.7142857143191 312.4999999999998 50.00000000000001
1586 375.7142857143191 328.1249999999998 50.00000000000001
1587 375.714285714319 343.7499999999999 50.00000000000001
1588 375.714285714319 359.3749999999999 50.00000000000001
1589 375.7142857143189 374.9999999999999 50.00000000000001
1590 375.714285714319 390.6249999999999 50.00000000000001
1591 375.714285714319 406.2499999999999 50.00000000000001
1592 375.714285714319 421.875 50.00000000000001
1593 375.7142857143189 437.4999999999999 50.00000000000001
1594 375.7142857143189 453.1249999999999 50.00000000000001
1595 375.714285714319 468.75 50.00000000000001
1596 375.714285714319 484.375 50.00000000000001
1597 391.4285714285992 265.6249999999999 50.00000000000001
1598 391.4285714285992 281.2499999999999 50.00000000000001
1599 391.4285714285992 296.8749999999999 50.00000000000001
1600 391.4285714285992 312.4999999999998 50.00000000000001
1601 391.4285714285992 328.1249999999998 50.00000000000001
1602 391.4285714285992 343.7499999999999 50.00000000000001
1603 391.4285714285992 359.3749999999999 50.00000000000001
1604 391.4285714285992 374.9999999999999 50.00000000000001
1605 391.4285714285992 390.6249999999999 50.00000000000001
1606 391.4285714285992 406.2499999999999 50.00000000000001
1607 391.4285714285991 421.8749999999998 50.00000000000001
1608 391.4285714285991 437.5 50.00000000000001
1609 391.4285714285992 453.1250000000001 50.00000000000001
1610 391.4285714285992 468.7499999999999 50.00000000000001
1611 391.4285714285991 484.375 50.00000000000001
1612 407.1428571428794 265.6249999999999 50.00000000000001
1613 407.1428571428794 281.2499999999999 50.00000000000001
1614 407.1428571428794 296.8749999999999 50.00000000000001
1615 407.1428571428793 312.4999999999998 50.00000000000001
1616 407.1428571428793 328.1249999999998 50.00000000000001
1617 407.1428571428794 343.7499999999998 50.00000000000001
1618 407.1428571428794 359.3749999999998 50.00000000000001
1619 407.1428571428794 374.9999999999999 50.00000000000001
1620 407.1428571428793 390.6249999999999 50.00000000000001
1621 407.1428571428792 406.2499999999999 50.00000000000001
1622 407.1428571428793 421.8749999999999 50.00000000000001
1623 407.1428571428793 437.4999999999999 50.00000000000001
1624 407.1428571428793 453.1249999999999 50.00000000000001
1625 407.1428571428792 468.75 50.00000000000001
1626 407.1428571428792 484.375 50.00000000000001
1627 422.8571428571596 265.625 50.00000000000001
1628 422.8571428571596 281.2499999999999 50.00000000000001
1629 422.8571428571595 296.8749999999999 50.00000000000001
1630 422.8571428571595 312.4999999999998 50.00000000000001
1631 422.8571428571595 328.1249999999999 50.00000000000001
1632 422.8571428571594 343.7499999999999 50.00000000000001
1633 422.8571428571595 359.3749999999999 50.00000000000001
1634 422.8571428571595 374.9999999999999 50.00000000000001
1635 422.8571428571594 390.6249999999999 50.00000000000001
1636 422.8571428571595 406.2499999999999 50.00000000000001
1637 422.8571428571595 421.8749999999999 50.00000000000001
1638 422.8571428571595 437.4999999999999 50.00000000000001
1639 422.8571428571595 453.1249999999999 50.00000000000001
1640 422.8571428571595 468.75 50.00000000000001
1641 422.8571428571595 484.375 50.00000000000001
1642 438.5714285714398 265.6249999999999 50.00000000000001
1643 438.5714285714398 281.2499999999999 50.00000000000001
1644 438.5714285714398 296.8749999999999 50.00000000000001
1645 438.5714285714397 312.4999999999998 50.00000000000001
1646 438.5714285714397 328.1249999999998 50.00000000000001
1647 438.5714285714397 343.7499999999999 50.00000000000001
1648 438.5714285714397 359.3749999999999 50.00000000000001
1649 438.5714285714398 374.9999999999999 50.00000000000001
1650 438.5714285714397 390.6249999999999 50.00000000000001
1651 438.5714285714398 406.2499999999999 50.00000000000001
1652 438.5714285714398 421.8749999999999 50.00000000000001
1653 438.5714285714397 437.4999999999999 50.00000000000001
1654 438.5714285714397 453.1249999999999 50.00000000000001
1655 438.5714285714397 468.7499999999999 50.00000000000001
1656 438.5714285714398 484.375 50.00000000000001
1657 454.2857142857198 265.6249999999999 50.00000000000001
1658 454.2857142857197 281.2500000000001 50.00000000000001
1659 454.2857142857197 296.8749999999998 50.00000000000001
1660 454.2857142857197 312.4999999999998 50.00000000000001
1661 454.2857142857197 328.1249999999998 50.00000000000001
1662 454.2857142857197 343.7499999999999 50.00000000000001
1663 454.2857142857197 359.3749999999998 50.00000000000001
1664 454.2857142857199 374.9999999999998 50.00000000000001
1665 454.2857142857198 390.6249999999999 50.00000000000001
1666 454.2857142857198 406.2499999999999 50.00000000000001
1667 454.2857142857198 421.8749999999999 50.00000000000001
1668 454.2857142857198 437.4999999999999 50.00000000000001
1669 454.2857142857198 453.1249999999999 50.00000000000001
1670 454.2857142857198 468.75 50.00000000000001
1671 454.2857142857197 484.375 50.00000000000001
1672 485 265.6249999999999 50
1673 485 281.2499999999999 50
1674 485 296.8749999999999 50
1675 485 312.4999999999998 50
1676 485 328.1249999999998 50
1677 485 343.7499999999999 50
1678 485 359.3749999999999 50
1679 485 374.9999999999999 50
1680 485 390.6249999999999 50
1681 485 406.2499999999999 50
1682 485 421.8749999999999 50
1683 485 437.4999999999999 50
1684 485 453.1249999999999 50
1685 485 468.75 50
1686 485 484.375 50
1687 15.62499999998892 0 16.66666666659212
1688 15.62499999998892 0 33.33333333324217
1689 31.24999999999295 0 16.66666666659212
1690 31.24999999999295 0 33.33333333324217
1691 46.87499999995639 0 16.66666666659212
1692 46.87499999995639 0 33.33333333324217
1693 62.49999999991775 0 16.66666666659212
1694 62.49999999991775 0 33.33333333324217
1695 78.12499999992075 0 16.66666666659212
1696 78.12499999992075 0 33.33333333324217
1697 93.7499999999265 0 16.66666666659212
1698 93.7499999999265 0 33.33333333324217
1699 109.3749999999323 0 16.66666666659212
1700 109.3749999999323 0 33.33333333324217
1701 124.9999999999408 0 16.66666666659212
1702 124.9999999999408 0 33.33333333324217
1703 140.6249999999603 0 16.66666666659212
1704 140.6249999999603 0 33.33333333324217
1705 156.2499999999661 0 16.66666666659212
1706 156.249999999966 0 33.33333333324217
1707 171.8749999999717 0 16.66666666659212
1708 171.8749999999717 0 33.33333333324217
1709 187.4999999999773 0 16.66666666659212
1710 187.4999999999773 0 33.33333333324217
1711 203.124999999983 0 16.66666666659212
1712 203.124999999983 0 33.33333333324217
1713 218.7499999999887 0 16.66666666659212
1714 218.7499999999887 0 33.33333333324217
1715 234.3749999999943 0 16.66666666659212
1716 234.3749999999943 0 33.33333333324217
1717 250 15.62499999998892 16.66666666659212
1718 250 15.62499999998892 33.33333333324217
1719 250 31.24999999999295 16.66666666659212
1720 250 31.24999999999295 33.33333333324217
1721 250 46.87499999995639 16.66666666659212
1722 250 46.87499999995639 33.33333333324217
1723 250 62.49999999991775 16.66666666659212
1724 250 62.49999999991775 33.33333333324217
1725 250 78.12499999992075 16.66666666659212
1726 250 78.12499999992075 33.33333333324217
1727 250 93.7499999999265 16.66666666659212
1728 250 93.7499999999265 33.33333333324217
1729 250 109.3749999999323 16.66666666659212
1730 250 109.3749999999323 33.33333333324217
1731 250 124.9999999999408 16.66666666659212
1732 250 124.9999999999408 33.33333333324217
1733 250 140.6249999999603 16.66666666659212
1734 250 140.6249999999603 33.33333333324217
1735 250 156.2499999999661 16.66666666659212
1736 250 156.249999999966 33.33333333324217
1737 250 171.8749999999717 16.66666666659212
1738 250 171.8749999999717 33.33333333324217
1739 250 187.4999999999773 16.66666666659212
1740 250 187.4999999999773 33.33333333324217
1741 250 203.124999999983 16.66666666659212
1742 250 203.124999999983 33.33333333324217
1743 250 218.7499999999887 16.66666666659212
1744 250 218.7499999999887 33.33333333324217
1745 250 234.3749999999943 16.66666666659212
1746 250 234.3749999999943 33.33333333324217
1747 265.7142857143579 250 16.66666666659212
1748 265.7142857143579 250 33.33333333324217
1749 281.4285714286381 250 16.66666666659212
1750 281.4285714286381 250 33.33333333324217
1751 297.1428571429183 250 16.66666666659212
1752 297.1428571429183 250 33.33333333324217
1753 312.8571428571985 250 16.66666666659212
1754 312.8571428571985 250 33.33333333324217
1755 328.5714285714787 250 16.66666666659212
1756 328.5714285714786 250 33.33333333324217
1757 344.2857142857588 250 16.66666666659212
1758 344.2857142857588 250 33.33333333324217
1759 360.0000000000389 250 16.66666666659212
1760 360.0000000000389 250 33.33333333324217
1761 375.7142857143191 250 16.66666666659212
1762 375.7142857143191 250 33.33333333324217
1763 391.4285714285993 250 16.66666666659212
1764 391.4285714285992 250 33.33333333324217
1765 407.1428571428794 250 16.66666666659212
1766 407.1428571428794 250 33.33333333324217
1767 422.8571428571597 250 16.66666666659212
1768 422.8571428571595 250 33.33333333324217
1769 438.5714285714396 250 16.66666666659212
1770 438.5714285714397 250 33.33333333324217
1771 454.2857142857199 250 16.66666666659212
1772 454.2857142857197 250 33.33333333324217
1773 485 250 16.66666666659212
1774 485 250 33.33333333324217
1775 500 265.6249999999999 16.66666666659212
1776 500 265.6249999999999 33.33333333324217
1777 500 281.2499999999999 16.66666666659212
1778 500 281.2499999999999 33.33333333324217
1779 500 296.8749999999999 16.66666666659212
1780 500 296.8749999999999 33.33333333324217
1781 500 312.4999999999998 16.66666666659212
1782 500 312.4999999999999 33.33333333324217
1783 500 328.1249999999997 16.66666666659212
1784 500 328.1249999999998 33.33333333324217
1785 500 343.7499999999999 16.66666666659212
1786 500 343.7499999999999 33.33333333324217
1787 500 359.3749999999999 16.66666666659212
1788 500 359.3749999999999 33.33333333324217
1789 500 374.9999999999999 16.66666666659212
1790 500 374.9999999999999 33.33333333324217
1791 500 390.6249999999999 16.66666666659212
1792 500 390.6249999999999 33.33333333324217
1793 500 406.2499999999999 16.66666666659212
1794 500 406.2499999999999 33.33333333324217
1795 500 421.8750000000001 16.66666666659212
1796 500 421.8750000000001 33.33333333324217
1797 500 437.5 16.66666666659212
1798 500 437.5 33.33333333324217
1799 500 453.1249999999999 16.66666666659212
1800 500 453.1249999999999 33.33333333324217
1801 500 468.7499999999999 16.66666666659212
1802 500 468.75 33.33333333324217
1803 500 484.375 16.66666666659212
1804 500 484.3750000000001 33.33333333324217
1805 485 499.9999999999999 16.66666666659212
1806 485 499.9999999999999 33.33333333324217
1807 454.2857142857198 500 16.66666666659212
1808 454.2857142857198 500 33.33333333324217
1809 438.5714285714398 500 16.66666666659212
1810 438.5714285714396 500 33.33333333324217
1811 422.8571428571595 500 16.66666666659212
1812 422.8571428571594 500 33.33333333324217
1813 407.1428571428793 500 16.66666666659212
1814 407.1428571428793 500 33.33333333324217
1815 391.4285714285991 500 16.66666666659212
1816 391.4285714285991 500 33.33333333324217
1817 375.714285714319 500 16.66666666659212
1818 375.7142857143189 500 33.33333333324217
1819 360.0000000000388 500 16.66666666659212
1820 360.0000000000388 500 33.33333333324217
1821 344.2857142857586 500 16.66666666659212
1822 344.2857142857587 500 33.33333333324217
1823 328.5714285714785 500 16.66666666659212
1824 328.5714285714785 500 33.33333333324217
1825 312.8571428571984 500 16.66666666659212
1826 312.8571428571984 500 33.33333333324217
1827 297.1428571429182 500 16.66666666659212
1828 297.1428571429182 500 33.33333333324217
1829 281.4285714286381 500 16.66666666659212
1830 281.428571428638 500 33.33333333324217
1831 265.7142857143579 500 16.66666666659212
1832 265.7142857143579 500 33.33333333324217
1833 234.375000000001 500 16.66666666659212
1834 234.375000000001 500 33.33333333324217
1835 218.750000000002 500 16.66666666659212
1836 218.750000000002 500 33.33333333324216
1837 203.1250000000031 500 16.66666666659212
1838 203.1250000000031 500 33.33333333324217
1839 187.5000000000042 500 16.66666666659212
1840 187.5000000000041 500 33.33333333324217
1841 171.8750000000052 500 16.66666666659212
1842 171.8750000000052 500 33.33333333324217
1843 156.2500000000062 500 16.66666666659212
1844 156.2500000000062 500 33.33333333324217
1845 140.6250000000073 500 16.66666666659212
1846 140.6250000000073 500 33.33333333324217
1847 125.0000000000055 500 16.66666666659212
1848 125.0000000000055 500 33.33333333324217
1849 109.3749999999927 500 16.66666666659212
1850 109.3749999999927 500 33.33333333324217
1851 93.74999999999375 500 16.66666666659212
1852 93.7499999999937 500 33.33333333324217
1853 78.12499999999476 500 16.66666666659212
1854 78.12499999999476 500 33.33333333324217
1855 62.49999999999585 500 16.66666666659212
1856 62.49999999999585 500 33.33333333324217
1857 46.87499999999687 500 16.66666666659212
1858 46.87499999999688 500 33.33333333324217
1859 31.24999999999793 500 16.66666666659212
1860 31.24999999999793 500 33.33333333324217
1861 15.62499999999895 500 16.66666666659212
1862 15.62499999999895 500 33.33333333324217
1863 0 484.375 16.66666666659212
1864 0 484.3750000000001 33.33333333324217
1865 0 468.75 16.66666666659212
1866 0 468.7500000000002 33.33333333324217
1867 0 453.1250000000001 16.66666666659212
1868 0 453.1250000000001 33.33333333324217
1869 0 437.5000000000001 16.66666666659212
1870 0 437.5000000000003 33.33333333324217
1871 0 421.8750000000002 16.66666666659212
1872 0 421.8750000000002 33.33333333324217
1873 0 406.2500000000001 16.66666666659212
1874 0 406.2500000000001 33.33333333324217
1875 0 390.6250000000001 16.66666666659212
1876 0 390.6250000000001 33.33333333324217
1877 0 375.0000000000002 16.66666666659212
1878 0 375.0000000000001 33.33333333324217
1879 0 359.3750000000001 16.66666666659212
1880 0 359.3750000000001 33.33333333324217
1881 0 343.7500000000001 16.66666666659212
1882 0 343.7500000000001 33.33333333324217
1883 0 328.1250000000001 16.66666666659212
1884 0 328.1250000000001 33.33333333324217
1885 0 312.5000000000001 16.66666666659212
1886 0 312.5000000000001 33.33333333324217
1887 0 296.8750000000001 16.66666666659212
1888 0 296.8750000000001 33.33333333324217
1889 0 281.25 16.66666666659212
1890 0 281.25 33.33333333324217
1891 0 265.625 16.66666666659212
1892 0 265.625 33.33333333324217
1893 0 234.375000000001 16.66666666659212
1894 0 234.375000000001 33.33333333324217
1895 0 218.750000000002 16.66666666659212
1896 0 218.750000000002 33.33333333324216
1897 0 203.1250000000031 16.66666666659212
1898 0 203.1250000000031 33.33333333324217
1899 0 187.5000000000042 16.66666666659212
1900 0 187.5000000000041 33.33333333324217
1901 0 171.8750000000052 16.66666666659212
1902 0 171.8750000000052 33.33333333324217
1903 0 156.2500000000062 16.66666666659212
1904 0 156.2500000000062 33.33333333324217
1905 0 140.6250000000073 16.66666666659212
1906 0 140.6250000000073 33.33333333324217
1907 0 125.0000000000055 16.66666666659212
1908 0 125.0000000000055 33.33333333324217
1909 0 109.3749999999927 16.66666666659212
1910 0 109.3749999999927 33.33333333324217
1911 0 93.74999999999375 16.66666666659212
1912 0 93.7499999999937 33.33333333324217
1913 0 78.12499999999476 16.66666666659212
1914 0 78.12499999999476 33.33333333324217
1915 0 62.49999999999585 16.66666666659212
1916 0 62.49999999999585 33.33333333324217
1917 0 46.87499999999687 16.66666666659212
1918 0 46.87499999999688 33.33333333324217
1919 0 31.24999999999793 16.66666666659212
1920 0 31.24999999999793 33.33333333324217
1921 0 15.62499999999895 16.66666666659212
1922 0 15.62499999999895 33.33333333324217
1923 15.62499999998892 250 16.66666666659212
1924 15.62499999998892 250 33.33333333324217
1925 31.24999999999295 250 16.66666666659212
1926 31.24999999999295 250 33.33333333324217
1927 46.87499999995639 250 16.66666666659212
1928 46.87499999995639 250 33.33333333324217
1929 62.49999999991775 250 16.66666666659212
1930 62.49999999991775 250 33.33333333324217
1931 78.12499999992075 250 16.66666666659212
1932 78.12499999992075 250 33.33333333324217
1933 93.7499999999265 250 16.66666666659212
1934 93.7499999999265 250 33.33333333324217
1935 109.3749999999323 250 16.66666666659212
1936 109.3749999999323 250 33.33333333324217
1937 124.9999999999408 250 16.66666666659212
1938 124.9999999999408 250 33.33333333324217
1939 140.6249999999603 250 16.66666666659212
1940 140.6249999999603 250 33.33333333324217
1941 156.2499999999661 250 16.66666666659212
1942 156.249999999966 250 33.33333333324217
1943 171.8749999999717 250 16.66666666659212
1944 171.8749999999717 250 33.33333333324217
1945 187.4999999999773 250 16.66666666659212
1946 187.4999999999773 250 33.33333333324217
1947 203.124999999983 250 16.66666666659212
1948 203.124999999983 250 33.33333333324217
1949 218.7499999999887 250 16.66666666659212
1950 218.7499999999887 250 33.33333333324217
1951 234.3749999999943 250 16.66666666659212
1952 234.3749999999943 250 33.33333333324217
1953 250 265.6249999999999 16.66666666659212
1954 250 265.6249999999999 33.33333333324217
1955 250 281.2499999999999 16.66666666659212
1956 250 281.2499999999999 33.33333333324217
1957 250 296.8749999999999 16.66666666659212
1958 250 296.8749999999999 33.33333333324217
1959 250 312.4999999999998 16.66666666659212
1960 250 312.4999999999999 33.33333333324217
1961 250 328.1249999999997 16.66666666659212
1962 250 328.1249999999998 33.33333333324217
1963 250 343.7499999999999 16.66666666659212
1964 250 343.7499999999999 33.33333333324217
1965 250 359.3749999999999 16.66666666659212
1966 250 359.3749999999999 33.33333333324217
1967 250 374.9999999999999 16.66666666659212
1968 250 374.9999999999999 33.33333333324217
1969 250 390.6249999999999 16.66666666659212
1970 250 390.6249999999999 33.33333333324217
1971 250 406.2499999999999 16.66666666659212
1972 250 406.2499999999999 33.33333333324217
1973 250 421.8750000000001 16.66666666659212
1974 250 421.8750000000001 33.33333333324217
1975 250 437.5 16.66666666659212
1976 250 437.5 33.33333333324217
1977 250 453.1249999999999 16.66666666659212
1978 250 453.1249999999999 33.33333333324217
1979 250 468.7499999999999 16.66666666659212
1980 250 468.75 33.33333333324217
1981 250 484.375 16.66666666659212
1982 250 484.3750000000001 33.33333333324217
1983 470 265.6249999999999 16.66666666659212
1984 470 265.6249999999999 33.33333333324217
1985 470 281.2499999999999 16.66666666659212
1986 470 281.2499999999999 33.33333333324217
1987 470 296.8749999999999 16.66666666659212
1988 470 296.8749999999999 33.33333333324217
1989 470 312.4999999999998 16.66666666659212
1990 470 312.4999999999999 33.33333333324217
1991 470 328.1249999999997 16.66666666659212
1992 470 328.1249999999998 33.33333333324217
1993 470 343.7499999999999 16.66666666659212
1994 470 343.7499999999999 33.33333333324217
1995 470 359.3749999999999 16.66666666659212
1996 470 359.3749999999999 33.33333333324217
1997 470 374.9999999999999 16.66666666659212
1998 470 374.9999999999999 33.33333333324217
1999 470 390.6249999999999 16.66666666659212
2000 470 390.6249999999999 33.33333333324217
2001 470 406.2499999999999 16.66666666659212
2002 470 406.2499999999999 33.33333333324217
2003 470 421.8750000000001 16.66666666659212
2004 470 421.8750000000001 33.33333333324217
2005 470 437.5 16.66666666659212
2006 470 437.5 33.33333333324217
2007 470 453.1249999999999 16.66666666659212
2008 470 453.1249999999999 33.33333333324217
2009 470 468.7499999999999 16.66666666659212
2010 470 468.75 33.33333333324217
2011 470 484.375 16.66666666659212
2012 470 484.3750000000001 33.33333333324217
2013 15.62499999998893 15.62499999999832 16.66666666659212
2014 15.62499999998892 15.62499999999832 33.33333333324216
2015 15.62499999998893 31.24999999999761 16.66666666659212
2016 15.62499999998892 31.24999999999761 33.33333333324217
2017 15.62499999998892 46.87499999999436 16.66666666659212
2018 15.62499999998892 46.87499999999436 33.33333333324217
2019 15.62499999998892 62.49999999999096 16.66666666659212
2020 15.62499999998892 62.49999999999095 33.33333333324217
2021 15.62499999998893 78.12499999999014 16.66666666659212
2022 15.62499999998892 78.12499999999014 33.33333333324217
2023 15.62499999998892 93.74999999998957 16.66666666659212
2024 15.62499999998892 93.74999999998946 33.33333333324217
2025 15.62499999998892 109.3749999999889 16.66666666659212
2026 15.62499999998892 109.3749999999889 33.33333333324217
2027 15.62499999998893 125.0000000000015 16.66666666659212
2028 15.62499999998892 125.0000000000015 33.33333333324217
2029 15.62499999998892 140.6250000000042 16.66666666659212
2030 15.62499999998892 140.6250000000042 33.33333333324217
2031 15.62499999998893 156.2500000000038 16.66666666659212
2032 15.62499999998892 156.2500000000038 33.33333333324217
2033 15.62499999998892 171.8750000000032 16.66666666659212
2034 15.62499999998892 171.8750000000031 33.33333333324217
2035 15.62499999998893 187.5000000000025 16.66666666659212
2036 15.62499999998892 187.5000000000025 33.33333333324217
2037 15.62499999998892 203.1250000000018 16.66666666659212
2038 15.62499999998892 203.1250000000019 33.33333333324217
2039 15.62499999998892 218.7500000000012 16.66666666659212
2040 15.62499999998892 218.7500000000011 33.33333333324217
2041 15.62499999998893 234.3750000000005 16.66666666659212
2042 15.62499999998893 234.3750000000007 33.33333333324217
2043 31.24999999999297 15.6249999999977 16.66666666659212
2044 31.24999999999295 15.6249999999977 33.33333333324217
2045 31.24999999999295 31.2499999999973 16.66666666659212
2046 31.24999999999295 31.24999999999729 33.33333333324217
2047 31.24999999999297 46.87499999999183 16.66666666659212
2048 31.24999999999294 46.87499999999183 33.33333333324217
2049 31.24999999999297 62.49999999998609 16.66666666659212
2050 31.24999999999297 62.49999999998612 33.33333333324217
2051 31.24999999999297 78.12499999998549 16.66666666659212
2052 31.24999999999295 78.12499999998548 33.33333333324217
2053 31.24999999999297 93.74999999998529 16.66666666659212
2054 31.24999999999295 93.74999999998528 33.33333333324217
2055 31.24999999999297 109.3749999999852 16.66666666659212
2056 31.24999999999295 109.3749999999852 33.33333333324217
2057 31.24999999999296 124.9999999999974 16.66666666659212
2058 31.24999999999295 124.9999999999974 33.33333333324217
2059 31.24999999999297 140.6250000000014 16.66666666659212
2060 31.24999999999295 140.6250000000014 33.33333333324217
2061 31.24999999999295 156.2500000000014 16.66666666659212
2062 31.24999999999295 156.2500000000013 33.33333333324217
2063 31.24999999999296 171.8750000000011 16.66666666659212
2064 31.24999999999295 171.8750000000011 33.33333333324217
2065 31.24999999999295 187.500000000001 16.66666666659212
2066 31.24999999999295 187.5000000000008 33.33333333324217
2067 31.24999999999297 203.1250000000006 16.66666666659212
2068 31.24999999999295 203.1250000000006 33.33333333324217
2069 31.24999999999296 218.7500000000003 16.66666666659211
2070 31.24999999999295 218.7500000000003 33.33333333324217
2071 31.24999999999295 234.3750000000002 16.66666666659212
2072 31.24999999999295 234.3750000000003 33.33333333324217
2073 46.8749999999564 15.62499999999708 16.66666666659212
2074 46.87499999995637 15.62499999999707 33.33333333324217
2075 46.87499999995637 31.249999999997 16.66666666659212
2076 46.87499999995637 31.24999999999699 33.33333333324217
2077 46.87499999995641 46.87499999998926 16.66666666659212
2078 46.87499999995637 46.87499999998927 33.33333333324217
2079 46.8749999999564 62.49999999998123 16.66666666659212
2080 46.87499999995638 62.49999999998122 33.33333333324217
2081 46.87499999995638 78.12499999998087 16.66666666659212
2082 46.87499999995637 78.12499999998084 33.33333333324217
2083 46.87499999995641 93.74999999998116 16.66666666659212
2084 46.87499999995637 93.74999999998107 33.33333333324217
2085 46.8749999999564 109.3749999999814 16.66666666659212
2086 46.87499999995637 109.3749999999814 33.33333333324216
2087 46.8749999999564 124.9999999999934 16.66666666659212
2088 46.87499999995638 124.9999999999933 33.33333333324217
2089 46.8749999999564 140.6249999999985 16.66666666659212
2090 46.87499999995637 140.6249999999984 33.33333333324217
2091 46.8749999999564 156.2499999999988 16.66666666659212
2092 46.87499999995637 156.2499999999987 33.33333333324217
2093 46.8749999999564 171.8749999999988 16.66666666659212
2094 46.87499999995637 171.8749999999988 33.33333333324217
2095 46.87499999995639 187.4999999999991 16.66666666659212
2096 46.87499999995636 187.499999999999 33.33333333324217
2097 46.87499999995641 203.1249999999995 16.66666666659212
2098 46.87499999995638 203.1249999999994 33.33333333324217
2099 46.8749999999564 218.7499999999996 16.66666666659211
2100 46.87499999995637 218.7499999999995 33.33333333324217
2101 46.87499999995639 234.3749999999998 16.66666666659212
2102 46.87499999995636 234.3749999999998 33.33333333324217
2103 62.49999999991776 15.62499999999644 16.66666666659212
2104 62.49999999991774 15.62499999999645 33.33333333324217
2105 62.49999999991775 31.24999999999669 16.66666666659212
2106 62.49999999991775 31.2499999999967 33.33333333324217
2107 62.49999999991776 46.87499999998677 16.66666666659212
2108 62.49999999991775 46.87499999998677 33.33333333324217
2109 62.49999999991778 62.49999999997632 16.66666666659212
2110 62.49999999991775 62.49999999997632 33.33333333324217
2111 62.49999999991775 78.12499999997627 16.66666666659212
2112 62.49999999991775 78.12499999997627 33.33333333324217
2113 62.49999999991775 93.74999999997698 16.66666666659212
2114 62.49999999991776 93.74999999997694 33.33333333324217
2115 62.49999999991775 109.3749999999775 16.66666666659212
2116 62.49999999991775 109.3749999999775 33.33333333324217
2117 62.49999999991775 124.9999999999894 16.66666666659212
2118 62.49999999991775 124.9999999999894 33.33333333324217
2119 62.49999999991775 140.6249999999955 16.66666666659212
2120 62.49999999991776 140.6249999999955 33.33333333324217
2121 62.49999999991778 156.2499999999962 16.66666666659212
2122 62.49999999991775 156.2499999999962 33.33333333324217
2123 62.49999999991775 171.8749999999967 16.66666666659212
2124 62.49999999991775 171.8749999999968 33.33333333324217
2125 62.49999999991775 187.4999999999975 16.66666666659212
2126 62.49999999991776 187.4999999999974 33.33333333324217
2127 62.49999999991775 203.1249999999981 16.66666666659212
2128 62.49999999991775 203.1249999999981 33.33333333324217
2129 62.49999999991775 218.7499999999987 16.66666666659212
2130 62.49999999991775 218.7499999999987 33.33333333324217
2131 62.49999999991776 234.3749999999994 16.66666666659212
2132 62.49999999991776 234.3749999999994 33.33333333324217
2133 78.12499999992077 15.62499999999582 16.66666666659212
2134 78.12499999992076 15.62499999999581 33.33333333324217
2135 78.12499999992077 31.24999999999638 16.66666666659212
2136 78.12499999992077 31.24999999999638 33.33333333324217
2137 78.12499999992077 46.87499999998425 16.66666666659212
2138 78.12499999992076 46.87499999998424 33.33333333324217
2139 78.12499999992076 62.49999999997146 16.66666666659212
2140 78.12499999992077 62.49999999997146 33.33333333324217
2141 78.12499999992076 78.12499999997168 16.66666666659212
2142 78.12499999992076 78.12499999997164 33.33333333324217
2143 78.12499999992076 93.74999999997272 16.66666666659212
2144 78.12499999992077 93.74999999997272 33.33333333324217
2145 78.12499999992077 109.3749999999738 16.66666666659212
2146 78.12499999992077 109.3749999999738 33.33333333324217
2147 78.12499999992076 124.9999999999853 16.66666666659212
2148 78.12499999992077 124.9999999999853 33.33333333324217
2149 78.12499999992075 140.6249999999926 16.66666666659212
2150 78.12499999992077 140.6249999999926 33.33333333324217
2151 78.12499999992076 156.2499999999938 16.66666666659212
2152 78.12499999992079 156.2499999999936 33.33333333324217
2153 78.12499999992075 171.8749999999947 16.66666666659212
2154 78.12499999992076 171.8749999999947 33.33333333324217
2155 78.12499999992075 187.4999999999958 16.66666666659212
2156 78.12499999992077 187.4999999999956 33.33333333324217
2157 78.12499999992079 203.1249999999968 16.66666666659212
2158 78.12499999992076 203.1249999999969 33.33333333324217
2159 78.12499999992077 218.7499999999978 16.66666666659212
2160 78.12499999992076 218.749999999998 33.33333333324217
2161 78.12499999992076 234.3749999999989 16.66666666659212
2162 78.12499999992079 234.3749999999988 33.33333333324217
2163 93.74999999992652 15.62499999999519 16.66666666659212
2164 93.7499999999265 15.62499999999519 33.33333333324217
2165 93.74999999992652 31.24999999999607 16.66666666659212
2166 93.74999999992654 31.24999999999606 33.33333333324217
2167 93.74999999992652 46.87499999998172 16.66666666659212
2168 93.74999999992649 46.87499999998171 33.33333333324217
2169 93.7499999999265 62.49999999996656 16.66666666659212
2170 93.7499999999265 62.4999999999666 33.33333333324217
2171 93.7499999999265 78.12499999996697 16.66666666659212
2172 93.74999999992657 78.12499999996699 33.33333333324217
2173 93.74999999992649 93.74999999996855 16.66666666659212
2174 93.7499999999265 93.74999999996851 33.33333333324217
2175 93.74999999992649 109.37499999997 16.66666666659212
2176 93.7499999999265 109.37499999997 33.33333333324217
2177 93.7499999999265 124.9999999999813 16.66666666659212
2178 93.7499999999265 124.9999999999813 33.33333333324217
2179 93.7499999999265 140.6249999999896 16.66666666659212
2180 93.7499999999265 140.6249999999896 33.33333333324217
2181 93.7499999999265 156.2499999999912 16.66666666659212
2182 93.7499999999265 156.2499999999912 33.33333333324217
2183 93.74999999992652 171.8749999999926 16.66666666659212
2184 93.7499999999265 171.8749999999926 33.33333333324217
2185 93.74999999992649 187.4999999999941 16.66666666659212
2186 93.74999999992649 187.4999999999941 33.33333333324217
2187 93.74999999992652 203.1249999999956 16.66666666659212
2188 93.7499999999265 203.1249999999956 33.33333333324217
2189 93.7499999999265 218.7499999999971 16.66666666659211
2190 93.7499999999265 218.749999999997 33.33333333324217
2191 93.7499999999265 234.3749999999985 16.66666666659212
2192 93.7499999999265 234.3749999999986 33.33333333324217
2193 109.3749999999323 15.62499999999457 16.66666666659212
2194 109.3749999999322 15.62499999999456 33.33333333324216
2195 109.3749999999323 31.24999999999577 16.66666666659212
2196 109.3749999999323 31.24999999999575 33.33333333324217
2197 109.3749999999322 46.87499999997916 16.66666666659212
2198 109.3749999999322 46.8749999999792 33.33333333324217
2199 109.3749999999322 62.4999999999617 16.66666666659212
2200 109.3749999999323 62.49999999996169 33.33333333324217
2201 109.3749999999323 78.12499999996241 16.66666666659212
2202 109.3749999999323 78.1249999999624 33.33333333324217
2203 109.3749999999323 93.74999999996433 16.66666666659212
2204 109.3749999999323 93.7499999999643 33.33333333324217
2205 109.3749999999323 109.3749999999663 16.66666666659212
2206 109.3749999999323 109.3749999999663 33.33333333324217
2207 109.3749999999323 124.9999999999772 16.66666666659212
2208 109.3749999999323 124.9999999999772 33.33333333324217
2209 109.3749999999323 140.6249999999867 16.66666666659212
2210 109.3749999999323 140.6249999999867 33.33333333324217
2211 109.3749999999322 156.2499999999887 16.66666666659212
2212 109.3749999999322 156.2499999999886 33.33333333324217
2213 109.3749999999323 171.8749999999906 16.66666666659212
2214 109.3749999999323 171.8749999999906 33.33333333324217
2215 109.3749999999322 187.4999999999926 16.66666666659212
2216 109.3749999999322 187.4999999999924 33.33333333324217
2217 109.3749999999323 203.1249999999944 16.66666666659212
2218 109.3749999999323 203.1249999999943 33.33333333324217
2219 109.3749999999322 218.7499999999963 16.66666666659212
2220 109.3749999999322 218.7499999999962 33.33333333324217
2221 109.3749999999322 234.374999999998 16.66666666659212
2222 109.3749999999322 234.3749999999981 33.33333333324217
2223 124.9999999999408 15.62499999999395 16.66666666659212
2224 124.9999999999408 15.62499999999394 33.33333333324217
2225 124.9999999999408 31.24999999999545 16.66666666659212
2226 124.9999999999408 31.24999999999544 33.33333333324217
2227 124.9999999999408 46.87499999997663 16.66666666659212
2228 124.9999999999408 46.87499999997664 33.33333333324217
2229 124.9999999999408 62.49999999995681 16.66666666659212
2230 124.9999999999408 62.49999999995681 33.33333333324217
2231 124.9999999999408 78.12499999995777 16.66666666659212
2232 124.9999999999408 78.12499999995778 33.33333333324217
2233 124.9999999999408 93.74999999996014 16.66666666659212
2234 124.9999999999408 93.74999999996014 33.33333333324217
2235 124.9999999999408 109.3749999999625 16.66666666659212
2236 124.9999999999408 109.3749999999625 33.33333333324217
2237 124.9999999999408 124.9999999999732 16.66666666659212
2238 124.9999999999408 124.9999999999731 33.33333333324217
2239 124.9999999999408 140.6249999999838 16.66666666659212
2240 124.9999999999408 140.6249999999838 33.33333333324217
2241 124.9999999999408 156.2499999999862 16.66666666659212
2242 124.9999999999408 156.2499999999861 33.33333333324217
2243 124.9999999999409 171.8749999999885 16.66666666659212
2244 124.9999999999408 171.8749999999884 33.33333333324217
2245 124.9999999999408 187.4999999999908 16.66666666659212
2246 124.9999999999408 187.4999999999908 33.33333333324217
2247 124.9999999999408 203.1249999999931 16.66666666659212
2248 124.9999999999408 203.124999999993 33.33333333324217
2249 124.9999999999408 218.7499999999953 16.66666666659212
2250 124.9999999999408 218.7499999999953 33.33333333324217
2251 124.9999999999408 234.3749999999978 16.66666666659212
2252 124.9999999999408 234.3749999999977 33.33333333324217
2253 140.6249999999603 15.6249999999933 16.66666666659212
2254 140.6249999999602 15.6249999999933 33.33333333324216
2255 140.6249999999603 31.24999999999512 16.66666666659212
2256 140.6249999999603 31.24999999999512 33.33333333324217
2257 140.6249999999603 46.8749999999741 16.66666666659212
2258 140.6249999999603 46.87499999997409 33.33333333324217
2259 140.6249999999602 62.49999999995191 16.66666666659212
2260 140.6249999999602 62.49999999995193 33.33333333324217
2261 140.6249999999603 78.12499999995315 16.66666666659212
2262 140.6249999999603 78.12499999995313 33.33333333324217
2263 140.6249999999602 93.74999999995592 16.66666666659212
2264 140.6249999999602 93.74999999995588 33.33333333324217
2265 140.6249999999603 109.3749999999587 16.66666666659212
2266 140.6249999999603 109.3749999999587 33.33333333324217
2267 140.6249999999602 124.9999999999691 16.66666666659212
2268 140.6249999999602 124.9999999999691 33.33333333324217
2269 140.6249999999603 140.6249999999809 16.66666666659212
2270 140.6249999999603 140.6249999999809 33.33333333324216
2271 140.6249999999602 156.2499999999837 16.66666666659212
2272 140.6249999999602 156.2499999999836 33.33333333324217
2273 140.6249999999602 171.8749999999864 16.66666666659212
2274 140.6249999999603 171.8749999999864 33.33333333324217
2275 140.6249999999602 187.499999999989 16.66666666659212
2276 140.6249999999602 187.499999999989 33.33333333324217
2277 140.6249999999603 203.1249999999917 16.66666666659212
2278 140.6249999999602 203.1249999999916 33.33333333324217
2279 140.6249999999603 218.7499999999946 16.66666666659212
2280 140.6249999999603 218.7499999999946 33.33333333324217
2281 140.6249999999603 234.3749999999972 16.66666666659212
2282 140.6249999999603 234.3749999999973 33.33333333324217
2283 156.2499999999661 15.62499999999269 16.66666666659212
2284 156.249999999966 15.62499999999268 33.33333333324217
2285 156.2499999999662 31.24999999999483 16.66666666659212
2286 156.2499999999661 31.24999999999482 33.33333333324217
2287 156.2499999999661 46.87499999997157 16.66666666659212
2288 156.249999999966 46.8749999999716 33.33333333324216
2289 156.2499999999661 62.49999999994704 16.66666666659212
2290 156.2499999999661 62.49999999994706 33.33333333324217
2291 156.2499999999661 78.1249999999485 16.66666666659212
2292 156.249999999966 78.12499999994853 33.33333333324217
2293 156.2499999999661 93.74999999995171 16.66666666659212
2294 156.249999999966 93.74999999995171 33.33333333324217
2295 156.2499999999661 109.3749999999549 16.66666666659212
2296 156.249999999966 109.3749999999549 33.33333333324217
2297 156.2499999999662 124.999999999965 16.66666666659212
2298 156.2499999999661 124.999999999965 33.33333333324217
2299 156.2499999999662 140.6249999999779 16.66666666659212
2300 156.2499999999661 140.6249999999779 33.33333333324217
2301 156.2499999999661 156.2499999999812 16.66666666659212
2302 156.249999999966 156.2499999999811 33.33333333324217
2303 156.2499999999661 171.8749999999843 16.66666666659212
2304 156.2499999999661 171.8749999999843 33.33333333324217
2305 156.2499999999661 187.4999999999874 16.66666666659212
2306 156.249999999966 187.4999999999873 33.33333333324217
2307 156.2499999999661 203.1249999999905 16.66666666659212
2308 156.249999999966 203.1249999999904 33.33333333324216
2309 156.2499999999661 218.7499999999937 16.66666666659212
2310 156.249999999966 218.7499999999937 33.33333333324217
2311 156.2499999999661 234.3749999999968 16.66666666659212
2312 156.249999999966 234.3749999999968 33.33333333324217
2313 171.8749999999717 15.62499999999205 16.66666666659212
2314 171.8749999999717 15.62499999999205 33.33333333324217
2315 171.8749999999718 31.24999999999451 16.66666666659212
2316 171.8749999999718 31.24999999999451 33.33333333324217
2317 171.8749999999716 46.87499999996902 16.66666666659212
2318 171.8749999999717 46.87499999996902 33.33333333324217
2319 171.8749999999717 62.49999999994217 16.66666666659212
2320 171.8749999999718 62.49999999994218 33.33333333324217
2321 171.8749999999717 78.1249999999439 16.66666666659212
2322 171.8749999999717 78.1249999999439 33.33333333324217
2323 171.8749999999717 93.74999999994752 16.66666666659212
2324 171.8749999999717 93.74999999994751 33.33333333324217
2325 171.8749999999717 109.3749999999511 16.66666666659212
2326 171.8749999999717 109.3749999999512 33.33333333324217
2327 171.8749999999717 124.9999999999611 16.66666666659212
2328 171.8749999999717 124.9999999999611 33.33333333324217
2329 171.8749999999717 140.6249999999749 16.66666666659212
2330 171.8749999999717 140.6249999999749 33.33333333324217
2331 171.8749999999717 156.2499999999787 16.66666666659212
2332 171.8749999999717 156.2499999999787 33.33333333324217
2333 171.8749999999717 171.8749999999822 16.66666666659212
2334 171.8749999999717 171.8749999999822 33.33333333324217
2335 171.8749999999717 187.4999999999858 16.66666666659212
2336 171.8749999999717 187.4999999999857 33.33333333324217
2337 171.8749999999717 203.1249999999892 16.66666666659212
2338 171.8749999999717 203.1249999999892 33.33333333324217
2339 171.8749999999717 218.7499999999928 16.66666666659212
2340 171.8749999999717 218.7499999999928 33.33333333324217
2341 171.8749999999717 234.3749999999964 16.66666666659212
2342 171.8749999999717 234.3749999999964 33.33333333324217
2343 187.4999999999774 15.62499999999144 16.66666666659212
2344 187.4999999999773 15.62499999999143 33.33333333324217
2345 187.4999999999774 31.24999999999421 16.66666666659212
2346 187.4999999999773 31.24999999999421 33.33333333324217
2347 187.4999999999774 46.87499999996648 16.66666666659212
2348 187.4999999999773 46.87499999996648 33.33333333324217
2349 187.4999999999774 62.49999999993724 16.66666666659212
2350 187.4999999999773 62.49999999993729 33.33333333324217
2351 187.4999999999774 78.12499999993925 16.66666666659211
2352 187.4999999999773 78.12499999993921 33.33333333324217
2353 187.4999999999774 93.74999999994334 16.66666666659212
2354 187.4999999999772 93.7499999999433 33.33333333324217
2355 187.4999999999774 109.3749999999473 16.66666666659212
2356 187.4999999999773 109.3749999999473 33.33333333324217
2357 187.4999999999774 124.999999999957 16.66666666659212
2358 187.4999999999773 124.999999999957 33.33333333324217
2359 187.4999999999774 140.624999999972 16.66666666659212
2360 187.4999999999773 140.624999999972 33.33333333324217
2361 187.4999999999774 156.2499999999761 16.66666666659211
2362 187.4999999999773 156.2499999999761 33.33333333324216
2363 187.4999999999774 171.87499999998 16.66666666659212
2364 187.4999999999773 171.87499999998 33.33333333324217
2365 187.4999999999773 187.4999999999839 16.66666666659211
2366 187.4999999999772 187.4999999999841 33.33333333324217
2367 187.4999999999775 203.124999999988 16.66666666659212
2368 187.4999999999773 203.1249999999879 33.33333333324216
2369 187.4999999999773 218.7499999999921 16.66666666659211
2370 187.4999999999773 218.7499999999921 33.33333333324217
2371 187.4999999999774 234.374999999996 16.66666666659211
2372 187.4999999999773 234.3749999999959 33.33333333324217
2373 203.1249999999831 15.62499999999081 16.66666666659212
2374 203.124999999983 15.62499999999081 33.33333333324217
2375 203.124999999983 31.2499999999939 16.66666666659212
2376 203.1249999999829 31.24999999999388 33.33333333324216
2377 203.1249999999829 46.87499999996399 16.66666666659212
2378 203.124999999983 46.87499999996397 33.33333333324217
2379 203.1249999999831 62.49999999993238 16.66666666659212
2380 203.124999999983 62.49999999993241 33.33333333324216
2381 203.1249999999831 78.1249999999347 16.66666666659212
2382 203.124999999983 78.12499999993463 33.33333333324217
2383 203.124999999983 93.74999999993909 16.66666666659212
2384 203.124999999983 93.74999999993906 33.33333333324217
2385 203.1249999999831 109.3749999999436 16.66666666659212
2386 203.1249999999829 109.3749999999436 33.33333333324217
2387 203.1249999999829 124.999999999953 16.66666666659212
2388 203.1249999999829 124.9999999999529 33.33333333324217
2389 203.124999999983 140.6249999999692 16.66666666659212
2390 203.1249999999829 140.6249999999692 33.33333333324217
2391 203.1249999999829 156.2499999999736 16.66666666659212
2392 203.1249999999829 156.2499999999736 33.33333333324216
2393 203.124999999983 171.8749999999779 16.66666666659212
2394 203.1249999999829 171.8749999999779 33.33333333324217
2395 203.124999999983 187.4999999999824 16.66666666659212
2396 203.124999999983 187.4999999999824 33.33333333324216
2397 203.1249999999831 203.1249999999869 16.66666666659212
2398 203.124999999983 203.1249999999868 33.33333333324217
2399 203.124999999983 218.7499999999912 16.66666666659212
2400 203.124999999983 218.7499999999912 33.33333333324217
2401 203.124999999983 234.3749999999954 16.66666666659212
2402 203.1249999999831 234.3749999999956 33.33333333324217
2403 218.7499999999889 15.62499999999017 16.66666666659212
2404 218.7499999999889 15.62499999999017 33.33333333324216
2405 218.7499999999887 31.24999999999358 16.66666666659212
2406 218.7499999999888 31.24999999999357 33.33333333324216
2407 218.7499999999889 46.87499999996144 16.66666666659212
2408 218.7499999999888 46.87499999996144 33.33333333324217
2409 218.7499999999888 62.49999999992751 16.66666666659212
2410 218.7499999999888 62.49999999992754 33.33333333324217
2411 218.7499999999888 78.12499999993 16.66666666659212
2412 218.7499999999889 78.12499999992998 33.33333333324217
2413 218.7499999999888 93.74999999993487 16.66666666659212
2414 218.7499999999888 93.74999999993491 33.33333333324217
2415 218.7499999999889 109.3749999999398 16.66666666659212
2416 218.7499999999888 109.3749999999398 33.33333333324217
2417 218.7499999999888 124.999999999949 16.66666666659212
2418 218.7499999999888 124.9999999999489 33.33333333324217
2419 218.7499999999889 140.6249999999663 16.66666666659212
2420 218.7499999999888 140.6249999999662 33.33333333324217
2421 218.7499999999887 156.2499999999712 16.66666666659212
2422 218.7499999999886 156.2499999999711 33.33333333324217
2423 218.7499999999887 171.8749999999759 16.66666666659212
2424 218.7499999999887 171.8749999999759 33.33333333324217
2425 218.7499999999887 187.4999999999806 16.66666666659212
2426 218.7499999999887 187.4999999999806 33.33333333324217
2427 218.7499999999887 203.1249999999854 16.66666666659212
2428 218.7499999999887 203.1249999999855 33.33333333324217
2429 218.7499999999887 218.7499999999903 16.66666666659212
2430 218.7499999999887 218.7499999999903 33.33333333324217
2431 218.7499999999887 234.3749999999952 16.66666666659212
2432 218.7499999999887 234.3749999999952 33.33333333324216
2433 234.3749999999943 15.62499999998956 16.66666666659211
2434 234.3749999999944 15.62499999998955 33.33333333324217
2435 234.3749999999943 31.24999999999327 16.66666666659212
2436 234.3749999999943 31.24999999999327 33.33333333324217
2437 234.3749999999943 46.87499999995889 16.66666666659212
2438 234.3749999999943 46.87499999995889 33.33333333324217
2439 234.3749999999943 62.49999999992264 16.66666666659212
2440 234.3749999999943 62.49999999992266 33.33333333324217
2441 234.3749999999943 78.12499999992534 16.66666666659211
2442 234.3749999999945 78.12499999992536 33.33333333324217
2443 234.3749999999943 93.74999999993071 16.66666666659212
2444 234.3749999999943 93.74999999993069 33.33333333324216
2445 234.3749999999943 109.374999999936 16.66666666659212
2446 234.3749999999943 109.374999999936 33.33333333324217
2447 234.3749999999943 124.9999999999448 16.66666666659212
2448 234.3749999999943 124.9999999999449 33.33333333324217
2449 234.3749999999943 140.6249999999632 16.66666666659212
2450 234.3749999999943 140.6249999999633 33.33333333324217
2451 234.3749999999943 156.2499999999686 16.66666666659211
2452 234.3749999999943 156.2499999999686 33.33333333324217
2453 234.3749999999943 171.8749999999739 16.66666666659212
2454 234.3749999999943 171.8749999999739 33.33333333324217
2455 234.3749999999943 187.4999999999791 16.66666666659211
2456 234.3749999999943 187.499999999979 33.33333333324217
2457 234.3749999999943 203.1249999999843 16.66666666659212
2458 234.3749999999944 203.1249999999843 33.33333333324217
2459 234.3749999999943 218.7499999999895 16.66666666659211
2460 234.3749999999943 218.7499999999896 33.33333333324216
2461 234.3749999999943 234.3749999999947 16.66666666659211
2462 234.3749999999943 234.3749999999948 33.33333333324217
2463 15.62499999998956 265.6250000000001 16.66666666659212
2464 15.62499999998955 265.6250000000002 33.33333333324217
2465 15.62499999999018 281.2500000000001 16.66666666659212
2466 15.62499999999017 281.2500000000001 33.33333333324217
2467 15.62499999999081 296.8750000000002 16.66666666659212
2468 15.62499999999081 296.8749999999999 33.33333333324217
2469 15.62499999999143 312.5 16.66666666659212
2470 15.62499999999143 312.5000000000001 33.33333333324217
2471 15.62499999999206 328.1250000000002 16.66666666659212
2472 15.62499999999205 328.1250000000002 33.33333333324217
2473 15.62499999999269 343.7500000000003 16.66666666659212
2474 15.62499999999268 343.75 33.33333333324216
2475 15.62499999999331 359.3750000000002 16.66666666659212
2476 15.6249999999933 359.3750000000003 33.33333333324217
2477 15.62499999999394 375 16.66666666659212
2478 15.62499999999394 375.0000000000003 33.33333333324217
2479 15.62499999999457 390.6250000000001 16.66666666659212
2480 15.62499999999456 390.6250000000001 33.33333333324217
2481 15.62499999999519 406.2500000000003 16.66666666659212
2482 15.62499999999519 406.25 33.33333333324217
2483 15.62499999999582 421.8750000000003 16.66666666659212
2484 15.62499999999581 421.8750000000003 33.33333333324217
2485 15.62499999999645 437.5000000000003 16.66666666659212
2486 15.62499999999644 437.5000000000005 33.33333333324217
2487 15.62499999999707 453.1250000000003 16.66666666659212
2488 15.62499999999708 453.1250000000001 33.33333333324217
2489 15.6249999999977 468.7499999999998 16.66666666659212
2490 15.6249999999977 468.7499999999999 33.33333333324216
2491 15.62499999999833 484.375 16.66666666659212
2492 15.62499999999832 484.3749999999999 33.33333333324217
2493 31.24999999999327 265.6250000000001 16.66666666659212
2494 31.24999999999327 265.625 33.33333333324217
2495 31.24999999999357 281.2500000000001 16.66666666659212
2496 31.24999999999357 281.25 33.33333333324217
2497 31.24999999999388 296.875 16.66666666659212
2498 31.24999999999388 296.8749999999999 33.33333333324216
2499 31.24999999999421 312.5000000000001 16.66666666659212
2500 31.24999999999421 312.5000000000001 33.33333333324217
2501 31.24999999999451 328.1249999999999 16.66666666659212
2502 31.24999999999451 328.125 33.33333333324217
2503 31.24999999999481 343.7499999999998 16.66666666659212
2504 31.24999999999481 343.75 33.33333333324217
2505 31.24999999999513 359.3750000000002 16.66666666659212
2506 31.24999999999513 359.3750000000001 33.33333333324217
2507 31.24999999999544 375.0000000000003 16.66666666659212
2508 31.24999999999544 375 33.33333333324217
2509 31.24999999999577 390.6250000000001 16.66666666659212
2510 31.24999999999575 390.625 33.33333333324217
2511 31.24999999999607 406.25 16.66666666659212
2512 31.24999999999606 406.2500000000001 33.33333333324217
2513 31.24999999999637 421.8750000000003 16.66666666659212
2514 31.24999999999638 421.8750000000003 33.33333333324217
2515 31.24999999999669 437.5000000000001 16.66666666659212
2516 31.24999999999668 437.5000000000004 33.33333333324217
2517 31.24999999999699 453.125 16.66666666659212
2518 31.24999999999699 453.1249999999999 33.33333333324217
2519 31.24999999999731 468.7499999999999 16.66666666659212
2520 31.2499999999973 468.7500000000001 33.33333333324217
2521 31.24999999999761 484.3749999999999 16.66666666659212
2522 31.24999999999761 484.3749999999999 33.33333333324217
2523 46.8749999999589 265.625 16.66666666659212
2524 46.8749999999589 265.6250000000002 33.33333333324217
2525 46.87499999996142 281.2500000000001 16.66666666659212
2526 46.87499999996143 281.25 33.33333333324217
2527 46.87499999996399 296.8750000000001 16.66666666659212
2528 46.87499999996395 296.8749999999999 33.33333333324217
2529 46.87499999996652 312.5 16.66666666659212
2530 46.87499999996653 312.5000000000001 33.33333333324217
2531 46.87499999996904 328.125 16.66666666659212
2532 46.87499999996903 328.125 33.33333333324217
2533 46.87499999997158 343.7499999999999 16.66666666659212
2534 46.87499999997158 343.7499999999999 33.33333333324217
2535 46.87499999997409 359.3750000000001 16.66666666659212
2536 46.87499999997411 359.3750000000003 33.33333333324217
2537 46.87499999997662 375.0000000000001 16.66666666659212
2538 46.87499999997664 375 33.33333333324217
2539 46.87499999997917 390.6250000000001 16.66666666659212
2540 46.87499999997918 390.6250000000001 33.33333333324217
2541 46.87499999998169 406.2500000000003 16.66666666659212
2542 46.87499999998169 406.2500000000001 33.33333333324217
2543 46.87499999998423 421.8750000000001 16.66666666659212
2544 46.87499999998425 421.8750000000001 33.33333333324217
2545 46.87499999998677 437.5000000000003 16.66666666659212
2546 46.87499999998676 437.5000000000003 33.33333333324217
2547 46.87499999998931 453.1250000000003 16.66666666659212
2548 46.8749999999893 453.1250000000001 33.33333333324217
2549 46.87499999999182 468.7500000000001 16.66666666659212
2550 46.87499999999181 468.7499999999999 33.33333333324217
2551 46.87499999999436 484.3749999999999 16.66666666659212
2552 46.87499999999436 484.3749999999999 33.33333333324217
2553 62.49999999992265 265.625 16.66666666659212
2554 62.49999999992265 265.6250000000001 33.33333333324217
2555 62.49999999992755 281.2500000000002 16.66666666659212
2556 62.49999999992754 281.25 33.33333333324217
2557 62.49999999993242 296.8750000000002 16.66666666659212
2558 62.49999999993242 296.8750000000001 33.33333333324217
2559 62.4999999999373 312.5000000000001 16.66666666659212
2560 62.49999999993727 312.5000000000001 33.33333333324217
2561 62.49999999994215 328.125 16.66666666659212
2562 62.49999999994217 328.1249999999999 33.33333333324217
2563 62.49999999994704 343.7499999999999 16.66666666659212
2564 62.49999999994704 343.7500000000001 33.33333333324217
2565 62.49999999995191 359.3749999999999 16.66666666659212
2566 62.49999999995191 359.375 33.33333333324217
2567 62.49999999995681 375 16.66666666659212
2568 62.49999999995681 375 33.33333333324217
2569 62.4999999999617 390.6250000000001 16.66666666659212
2570 62.49999999996169 390.625 33.33333333324217
2571 62.49999999996658 406.25 16.66666666659212
2572 62.49999999996659 406.25 33.33333333324217
2573 62.49999999997143 421.8750000000003 16.66666666659212
2574 62.49999999997142 421.875 33.33333333324217
2575 62.49999999997636 437.5 16.66666666659212
2576 62.49999999997633 437.5000000000003 33.33333333324217
2577 62.49999999998123 453.1250000000001 16.66666666659212
2578 62.49999999998123 453.1249999999999 33.33333333324217
2579 62.4999999999861 468.7499999999999 16.66666666659212
2580 62.49999999998612 468.7500000000002 33.33333333324217
2581 62.49999999999098 484.3749999999998 16.66666666659212
2582 62.49999999999096 484.375 33.33333333324217
2583 78.12499999992539 265.625 16.66666666659212
2584 78.12499999992539 265.625 33.33333333324217
2585 78.12499999992998 281.25 16.66666666659212
2586 78.12499999992997 281.2500000000001 33.33333333324217
2587 78.12499999993463 296.875 16.66666666659212
2588 78.12499999993463 296.8749999999999 33.33333333324217
2589 78.12499999993926 312.5 16.66666666659212
2590 78.12499999993922 312.5000000000001 33.33333333324217
2591 78.12499999994387 328.1249999999999 16.66666666659212
2592 78.12499999994385 328.1249999999999 33.33333333324217
2593 78.1249999999485 343.7499999999999 16.66666666659212
2594 78.1249999999485 343.7500000000001 33.33333333324217
2595 78.12499999995316 359.375 16.66666666659212
2596 78.12499999995313 359.3749999999999 33.33333333324217
2597 78.12499999995778 375 16.66666666659212
2598 78.12499999995777 375.0000000000001 33.33333333324217
2599 78.12499999996236 390.6249999999999 16.66666666659212
2600 78.12499999996234 390.625 33.33333333324217
2601 78.124999999967 406.2500000000001 16.66666666659212
2602 78.124999999967 406.25 33.33333333324217
2603 78.12499999997169 421.8749999999999 16.66666666659212
2604 78.12499999997164 421.8749999999999 33.33333333324217
2605 78.12499999997627 437.5000000000001 16.66666666659212
2606 78.12499999997621 437.5000000000004 33.33333333324217
2607 78.12499999998086 453.125 16.66666666659212
2608 78.12499999998087 453.1249999999999 33.33333333324217
2609 78.12499999998549 468.7499999999999 16.66666666659212
2610 78.12499999998549 468.7500000000001 33.33333333324217
2611 78.12499999999015 484.375 16.66666666659212
2612 78.12499999999017 484.3750000000002 33.33333333324217
2613 93.74999999993069 265.6250000000001 16.66666666659212
2614 93.74999999993072 265.6250000000002 33.33333333324217
2615 93.74999999993486 281.25 16.66666666659212
2616 93.7499999999349 281.25 33.33333333324217
2617 93.74999999993909 296.8750000000001 16.66666666659212
2618 93.74999999993908 296.875 33.33333333324217
2619 93.74999999994328 312.4999999999999 16.66666666659212
2620 93.74999999994323 312.5 33.33333333324217
2621 93.74999999994748 328.125 16.66666666659212
2622 93.74999999994751 328.1249999999998 33.33333333324217
2623 93.7499999999517 343.7499999999999 16.66666666659212
2624 93.74999999995171 343.7500000000001 33.33333333324217
2625 93.74999999995592 359.3749999999999 16.66666666659212
2626 93.74999999995592 359.3749999999999 33.33333333324217
2627 93.74999999996007 375 16.66666666659212
2628 93.74999999996012 375.0000000000001 33.33333333324217
2629 93.74999999996434 390.6250000000001 16.66666666659212
2630 93.74999999996436 390.6250000000001 33.33333333324217
2631 93.74999999996857 406.2499999999998 16.66666666659212
2632 93.74999999996851 406.2500000000001 33.33333333324217
2633 93.74999999997272 421.875 16.66666666659212
2634 93.74999999997272 421.875 33.33333333324217
2635 93.74999999997695 437.5000000000002 16.66666666659212
2636 93.74999999997692 437.5000000000004 33.33333333324217
2637 93.74999999998116 453.1250000000001 16.66666666659212
2638 93.74999999998116 453.1249999999999 33.33333333324217
2639 93.74999999998531 468.7499999999999 16.66666666659212
2640 93.74999999998529 468.7500000000002 33.33333333324217
2641 93.74999999998957 484.3749999999999 16.66666666659212
2642 93.74999999998951 484.3749999999999 33.33333333324217
2643 109.3749999999361 265.625 16.66666666659212
2644 109.3749999999361 265.6250000000002 33.33333333324217
2645 109.3749999999398 281.2500000000003 16.66666666659212
2646 109.3749999999398 281.2499999999999 33.33333333324217
2647 109.3749999999436 296.8750000000001 16.66666666659212
2648 109.3749999999436 296.875 33.33333333324217
2649 109.3749999999474 312.5 16.66666666659212
2650 109.3749999999474 312.5000000000001 33.33333333324217
2651 109.3749999999511 328.1250000000001 16.66666666659212
2652 109.3749999999512 328.1249999999999 33.33333333324217
2653 109.3749999999549 343.7499999999998 16.66666666659212
2654 109.3749999999549 343.7500000000001 33.33333333324217
2655 109.3749999999587 359.3749999999998 16.66666666659212
2656 109.3749999999587 359.3749999999998 33.33333333324217
2657 109.3749999999625 375.0000000000001 16.66666666659212
2658 109.3749999999625 374.9999999999999 33.33333333324217
2659 109.3749999999663 390.6250000000001 16.66666666659212
2660 109.3749999999663 390.6250000000001 33.33333333324217
2661 109.37499999997 406.2499999999999 16.66666666659212
2662 109.37499999997 406.2500000000001 33.33333333324217
2663 109.3749999999738 421.8750000000001 16.66666666659212
2664 109.3749999999737 421.8750000000002 33.33333333324217
2665 109.3749999999776 437.5000000000001 16.66666666659212
2666 109.3749999999776 437.5000000000002 33.33333333324217
2667 109.3749999999814 453.125 16.66666666659212
2668 109.3749999999813 453.1249999999999 33.33333333324217
2669 109.3749999999852 468.75 16.66666666659212
2670 109.3749999999852 468.7500000000002 33.33333333324217
2671 109.3749999999889 484.3750000000001 16.66666666659212
2672 109.3749999999889 484.375 33.33333333324217
2673 124.9999999999448 265.625 16.66666666659212
2674 124.9999999999449 265.625 33.33333333324216
2675 124.9999999999489 281.2500000000001 16.66666666659212
2676 124.9999999999489 281.25 33.33333333324217
2677 124.999999999953 296.8750000000001 16.66666666659212
2678 124.999999999953 296.875 33.33333333324217
2679 124.999999999957 312.4999999999999 16.66666666659212
2680 124.999999999957 312.5 33.33333333324216
2681 124.9999999999611 328.125 16.66666666659212
2682 124.9999999999611 328.1249999999997 33.33333333324217
2683 124.9999999999651 343.75 16.66666666659212
2684 124.999999999965 343.7500000000002 33.33333333324217
2685 124.9999999999691 359.3749999999998 16.66666666659212
2686 124.9999999999691 359.3749999999999 33.33333333324217
2687 124.9999999999732 375.0000000000001 16.66666666659212
2688 124.9999999999732 374.9999999999999 33.33333333324217
2689 124.9999999999773 390.6250000000001 16.66666666659212
2690 124.9999999999772 390.6250000000002 33.33333333324217
2691 124.9999999999813 406.2499999999999 16.66666666659212
2692 124.9999999999813 406.2500000000002 33.33333333324217
2693 124.9999999999853 421.8750000000001 16.66666666659212
2694 124.9999999999853 421.8750000000002 33.33333333324217
2695 124.9999999999894 437.5000000000002 16.66666666659212
2696 124.9999999999894 437.5000000000002 33.33333333324217
2697 124.9999999999934 453.125 16.66666666659212
2698 124.9999999999934 453.1249999999999 33.33333333324217
2699 124.9999999999974 468.75 16.66666666659212
2700 124.9999999999974 468.7499999999999 33.33333333324217
2701 125.0000000000015 484.3749999999997 16.66666666659212
2702 125.0000000000015 484.3749999999999 33.33333333324217
2703 140.6249999999632 265.625 16.66666666659212
2704 140.6249999999633 265.6249999999998 33.33333333324217
2705 140.6249999999662 281.25 16.66666666659212
2706 140.6249999999661 281.25 33.33333333324217
2707 140.6249999999691 296.8750000000002 16.66666666659212
2708 140.6249999999691 296.875 33.33333333324217
2709 140.624999999972 312.4999999999998 16.66666666659212
2710 140.624999999972 312.4999999999999 33.33333333324217
2711 140.6249999999749 328.1249999999998 16.66666666659212
2712 140.6249999999749 328.1249999999998 33.33333333324217
2713 140.6249999999779 343.7499999999999 16.66666666659212
2714 140.6249999999779 343.7500000000001 33.33333333324217
2715 140.6249999999809 359.3749999999999 16.66666666659212
2716 140.6249999999808 359.3749999999999 33.33333333324217
2717 140.6249999999838 374.9999999999999 16.66666666659212
2718 140.6249999999839 374.9999999999999 33.33333333324217
2719 140.6249999999867 390.6250000000001 16.66666666659212
2720 140.6249999999867 390.6250000000002 33.33333333324217
2721 140.6249999999897 406.2499999999999 16.66666666659212
2722 140.6249999999897 406.2500000000001 33.33333333324217
2723 140.6249999999926 421.8749999999999 16.66666666659212
2724 140.6249999999926 421.8749999999999 33.33333333324217
2725 140.6249999999956 437.5000000000001 16.66666666659212
2726 140.6249999999956 437.5000000000001 33.33333333324217
2727 140.6249999999986 453.1250000000001 16.66666666659212
2728 140.6249999999986 453.1249999999999 33.33333333324217
2729 140.6250000000014 468.75 16.66666666659212
2730 140.6250000000013 468.7500000000001 33.33333333324217
2731 140.6250000000043 484.3749999999999 16.66666666659212
2732 140.6250000000043 484.375 33.33333333324217
2733 156.2499999999686 265.625 16.66666666659212
2734 156.2499999999686 265.625 33.33333333324217
2735 156.2499999999711 281.2500000000001 16.66666666659212
2736 156.2499999999711 281.25 33.33333333324217
2737 156.2499999999736 296.8750000000001 16.66666666659212
2738 156.2499999999736 296.8749999999999 33.33333333324217
2739 156.2499999999761 312.4999999999998 16.66666666659212
2740 156.2499999999761 312.4999999999999 33.33333333324217
2741 156.2499999999787 328.1249999999999 16.66666666659212
2742 156.2499999999787 328.1249999999998 33.33333333324216
2743 156.2499999999812 343.7499999999999 16.66666666659212
2744 156.2499999999811 343.7500000000001 33.33333333324217
2745 156.2499999999837 359.3749999999999 16.66666666659212
2746 156.2499999999837 359.3749999999999 33.33333333324217
2747 156.2499999999862 375.0000000000001 16.66666666659212
2748 156.2499999999861 374.9999999999999 33.33333333324217
2749 156.2499999999887 390.6250000000001 16.66666666659212
2750 156.2499999999886 390.6250000000002 33.33333333324217
2751 156.2499999999911 406.2499999999999 16.66666666659212
2752 156.2499999999911 406.2500000000001 33.33333333324217
2753 156.2499999999936 421.875 16.66666666659212
2754 156.2499999999936 421.875 33.33333333324217
2755 156.2499999999962 437.5000000000001 16.66666666659212
2756 156.2499999999962 437.5000000000002 33.33333333324217
2757 156.2499999999987 453.1250000000001 16.66666666659212
2758 156.2499999999987 453.125 33.33333333324217
2759 156.2500000000012 468.7500000000001 16.66666666659212
2760 156.2500000000012 468.75 33.33333333324217
2761 156.2500000000038 484.3749999999999 16.66666666659212
2762 156.2500000000038 484.375 33.33333333324217
2763 171.8749999999737 265.6250000000001 16.66666666659212
2764 171.8749999999738 265.6249999999998 33.33333333324217
2765 171.8749999999759 281.2499999999998 16.66666666659212
2766 171.8749999999758 281.2500000000001 33.33333333324217
2767 171.8749999999779 296.8749999999998 16.66666666659212
2768 171.8749999999779 296.875 33.33333333324217
2769 171.87499999998 312.4999999999999 16.66666666659212
2770 171.87499999998 312.4999999999999 33.33333333324217
2771 171.8749999999822 328.1249999999998 16.66666666659212
2772 171.8749999999823 328.1249999999997 33.33333333324217
2773 171.8749999999843 343.7499999999999 16.66666666659212
2774 171.8749999999843 343.7500000000002 33.33333333324217
2775 171.8749999999864 359.3749999999999 16.66666666659212
2776 171.8749999999864 359.3749999999999 33.33333333324217
2777 171.8749999999885 375.0000000000001 16.66666666659212
2778 171.8749999999885 375 33.33333333324217
2779 171.8749999999905 390.6250000000001 16.66666666659212
2780 171.8749999999905 390.625 33.33333333324217
2781 171.8749999999926 406.2499999999999 16.66666666659212
2782 171.8749999999927 406.2499999999999 33.33333333324217
2783 171.8749999999947 421.8749999999999 16.66666666659212
2784 171.8749999999947 421.875 33.33333333324217
2785 171.8749999999968 437.4999999999999 16.66666666659212
2786 171.8749999999968 437.5000000000001 33.33333333324217
2787 171.8749999999989 453.1250000000002 16.66666666659212
2788 171.8749999999989 453.1250000000001 33.33333333324217
2789 171.875000000001 468.7499999999998 16.66666666659212
2790 171.8750000000011 468.7500000000001 33.33333333324217
2791 171.8750000000031 484.3750000000001 16.66666666659212
2792 171.8750000000031 484.375 33.33333333324217
2793 187.499999999979 265.625 16.66666666659211
2794 187.499999999979 265.6250000000001 33.33333333324217
2795 187.4999999999806 281.2500000000001 16.66666666659212
2796 187.4999999999805 281.2499999999998 33.33333333324217
2797 187.4999999999824 296.8750000000001 16.66666666659212
2798 187.4999999999824 296.875 33.33333333324217
2799 187.499999999984 312.4999999999999 16.66666666659212
2800 187.4999999999841 312.4999999999999 33.33333333324217
2801 187.4999999999857 328.1249999999997 16.66666666659211
2802 187.4999999999858 328.1249999999999 33.33333333324217
2803 187.4999999999875 343.7499999999999 16.66666666659212
2804 187.4999999999874 343.7499999999999 33.33333333324217
2805 187.4999999999891 359.3749999999999 16.66666666659212
2806 187.4999999999891 359.3749999999999 33.33333333324217
2807 187.4999999999908 375.0000000000001 16.66666666659212
2808 187.4999999999908 374.9999999999999 33.33333333324217
2809 187.4999999999924 390.6250000000002 16.66666666659211
2810 187.4999999999924 390.6249999999999 33.33333333324217
2811 187.4999999999943 406.2499999999999 16.66666666659211
2812 187.4999999999941 406.2499999999997 33.33333333324217
2813 187.4999999999958 421.8749999999999 16.66666666659212
2814 187.4999999999957 421.875 33.33333333324217
2815 187.4999999999976 437.5 16.66666666659212
2816 187.4999999999974 437.5000000000001 33.33333333324217
2817 187.4999999999991 453.1250000000001 16.66666666659212
2818 187.4999999999992 453.1249999999999 33.33333333324217
2819 187.5000000000009 468.7499999999999 16.66666666659211
2820 187.5000000000007 468.75 33.33333333324217
2821 187.5000000000025 484.375 16.66666666659212
2822 187.5000000000024 484.375 33.33333333324217
2823 203.1249999999843 265.6250000000001 16.66666666659211
2824 203.1249999999843 265.625 33.33333333324216
2825 203.1249999999854 281.2500000000001 16.66666666659212
2826 203.1249999999854 281.2499999999998 33.33333333324217
2827 203.1249999999866 296.8750000000001 16.66666666659212
2828 203.1249999999867 296.875 33.33333333324216
2829 203.124999999988 312.4999999999999 16.66666666659212
2830 203.124999999988 312.4999999999999 33.33333333324217
2831 203.1249999999893 328.1249999999998 16.66666666659212
2832 203.1249999999893 328.1249999999998 33.33333333324216
2833 203.1249999999904 343.7499999999999 16.66666666659212
2834 203.1249999999905 343.75 33.33333333324217
2835 203.1249999999918 359.375 16.66666666659212
2836 203.1249999999918 359.3749999999999 33.33333333324217
2837 203.124999999993 374.9999999999999 16.66666666659212
2838 203.124999999993 374.9999999999999 33.33333333324217
2839 203.1249999999943 390.6250000000002 16.66666666659212
2840 203.1249999999943 390.6249999999999 33.33333333324217
2841 203.1249999999956 406.25 16.66666666659211
2842 203.1249999999955 406.2499999999999 33.33333333324217
2843 203.1249999999968 421.8750000000001 16.66666666659212
2844 203.1249999999968 421.875 33.33333333324216
2845 203.1249999999981 437.5000000000002 16.66666666659212
2846 203.1249999999981 437.5000000000001 33.33333333324217
2847 203.1249999999993 453.1249999999999 16.66666666659212
2848 203.1249999999993 453.1249999999997 33.33333333324217
2849 203.1250000000006 468.7500000000001 16.66666666659212
2850 203.1250000000006 468.75 33.33333333324217
2851 203.1250000000018 484.3749999999999 16.66666666659212
2852 203.1250000000019 484.3750000000001 33.33333333324217
2853 218.7499999999896 265.6250000000001 16.66666666659211
2854 218.7499999999896 265.6250000000001 33.33333333324217
2855 218.7499999999904 281.25 16.66666666659212
2856 218.7499999999905 281.2499999999999 33.33333333324217
2857 218.7499999999912 296.8749999999998 16.66666666659212
2858 218.7499999999912 296.8749999999999 33.33333333324217
2859 218.749999999992 312.4999999999999 16.66666666659212
2860 218.7499999999919 312.4999999999999 33.33333333324216
2861 218.7499999999928 328.1249999999998 16.66666666659212
2862 218.7499999999928 328.1249999999998 33.33333333324217
2863 218.7499999999938 343.7499999999997 16.66666666659212
2864 218.7499999999938 343.7499999999999 33.33333333324217
2865 218.7499999999946 359.3749999999999 16.66666666659212
2866 218.7499999999945 359.375 33.33333333324217
2867 218.7499999999955 374.9999999999997 16.66666666659212
2868 218.7499999999953 374.9999999999998 33.33333333324217
2869 218.7499999999963 390.6249999999999 16.66666666659212
2870 218.7499999999962 390.6249999999998 33.33333333324217
2871 218.749999999997 406.2499999999999 16.66666666659211
2872 218.749999999997 406.2499999999997 33.33333333324217
2873 218.7499999999978 421.8750000000001 16.66666666659212
2874 218.7499999999978 421.875 33.33333333324217
2875 218.7499999999989 437.5 16.66666666659212
2876 218.7499999999988 437.5000000000001 33.33333333324217
2877 218.7499999999995 453.1250000000001 16.66666666659212
2878 218.7499999999995 453.125 33.33333333324217
2879 218.7500000000003 468.75 16.66666666659211
2880 218.7500000000003 468.75 33.33333333324217
2881 218.7500000000012 484.375 16.66666666659212
2882 218.7500000000012 484.3749999999999 33.33333333324217
2883 234.3749999999947 265.6250000000001 16.66666666659211
2884 234.3749999999949 265.6250000000001 33.33333333324217
2885 234.3749999999952 281.2500000000001 16.66666666659212
2886 234.3749999999952 281.2500000000001 33.33333333324216
2887 234.3749999999955 296.8749999999997 16.66666666659212
2888 234.3749999999956 296.8749999999998 33.33333333324217
2889 234.374999999996 312.4999999999999 16.66666666659212
2890 234.3749999999961 312.5 33.33333333324217
2891 234.3749999999964 328.1249999999997 16.66666666659211
2892 234.3749999999964 328.1249999999997 33.33333333324217
2893 234.3749999999969 343.7499999999997 16.66666666659212
2894 234.3749999999968 343.75 33.33333333324217
2895 234.3749999999973 359.375 16.66666666659212
2896 234.3749999999973 359.375 33.33333333324216
2897 234.3749999999977 374.9999999999999 16.66666666659212
2898 234.3749999999977 375 33.33333333324217
2899 234.3749999999981 390.6250000000001 16.66666666659211
2900 234.3749999999981 390.6249999999998 33.33333333324217
2901 234.3749999999985 406.25 16.66666666659211
2902 234.3749999999986 406.2499999999998 33.33333333324217
2903 234.3749999999989 421.8750000000002 16.66666666659212
2904 234.3749999999991 421.8750000000002 33.33333333324217
2905 234.3749999999993 437.4999999999999 16.66666666659212
2906 234.3749999999993 437.5 33.33333333324217
2907 234.3749999999998 453.1250000000002 16.66666666659212
2908 234.3749999999998 453.1250000000001 33.33333333324217
2909 234.3750000000002 468.7500000000001 16.66666666659211
2910 234.3750000000003 468.75 33.33333333324217
2911 234.3750000000006 484.3749999999998 16.66666666659212
2912 234.3750000000007 484.3749999999999 33.33333333324216
2913 265.7142857143577 265.6249999999999 16.66666666659212
2914 265.7142857143579 265.6249999999999 33.33333333324217
2915 265.7142857143581 281.2500000000001 16.66666666659212
2916 265.714285714358 281.2499999999998 33.33333333324217
2917 265.714285714358 296.8749999999999 16.66666666659212
2918 265.714285714358 296.8749999999999 33.33333333324217
2919 265.7142857143577 312.5 16.66666666659212
2920 265.714285714358 312.5000000000001 33.33333333324217
2921 265.7142857143579 328.1249999999997 16.66666666659212
2922 265.714285714358 328.1249999999997 33.33333333324217
2923 265.7142857143579 343.7499999999997 16.66666666659212
2924 265.7142857143581 343.75 33.33333333324217
2925 265.7142857143581 359.3749999999999 16.66666666659212
2926 265.714285714358 359.3749999999999 33.33333333324217
2927 265.7142857143579 374.9999999999997 16.66666666659212
2928 265.7142857143581 374.9999999999998 33.33333333324217
2929 265.7142857143581 390.6250000000001 16.66666666659212
2930 265.714285714358 390.6249999999999 33.33333333324217
2931 265.7142857143579 406.2499999999999 16.66666666659212
2932 265.714285714358 406.2499999999998 33.33333333324217
2933 265.7142857143578 421.8750000000001 16.66666666659212
2934 265.7142857143577 421.875 33.33333333324217
2935 265.7142857143577 437.5000000000001 16.66666666659212
2936 265.7142857143576 437.5000000000001 33.33333333324217
2937 265.7142857143579 453.1249999999999 16.66666666659212
2938 265.7142857143576 453.1249999999998 33.33333333324217
2939 265.7142857143579 468.75 16.66666666659212
2940 265.7142857143581 468.75 33.33333333324217
2941 265.7142857143578 484.3749999999997 16.66666666659212
2942 265.7142857143576 484.3750000000001 33.33333333324217
2943 281.4285714286382 265.6250000000001 16.66666666659212
2944 281.4285714286381 265.6249999999999 33.33333333324217
2945 281.4285714286382 281.25 16.66666666659212
2946 281.4285714286382 281.2499999999999 33.33333333324217
2947 281.4285714286382 296.8749999999999 16.66666666659212
2948 281.4285714286382 296.8749999999999 33.33333333324217
2949 281.4285714286384 312.4999999999998 16.66666666659212
2950 281.4285714286383 312.5 33.33333333324216
2951 281.4285714286381 328.1249999999998 16.66666666659212
2952 281.4285714286381 328.1249999999999 33.33333333324217
2953 281.4285714286383 343.7499999999998 16.66666666659212
2954 281.4285714286383 343.7500000000001 33.33333333324217
2955 281.4285714286381 359.3750000000001 16.66666666659212
2956 281.4285714286381 359.3750000000001 33.33333333324217
2957 281.4285714286381 374.9999999999998 16.66666666659212
2958 281.4285714286381 374.9999999999998 33.33333333324217
2959 281.4285714286381 390.625 16.66666666659212
2960 281.4285714286381 390.6249999999998 33.33333333324217
2961 281.4285714286381 406.2500000000001 16.66666666659212
2962 281.4285714286381 406.2499999999999 33.33333333324217
2963 281.4285714286381 421.875 16.66666666659212
2964 281.4285714286381 421.8750000000001 33.33333333324217
2965 281.4285714286383 437.5000000000001 16.66666666659212
2966 281.4285714286383 437.5000000000002 33.33333333324217
2967 281.4285714286382 453.1249999999999 16.66666666659212
2968 281.4285714286382 453.1249999999998 33.33333333324217
2969 281.4285714286382 468.7499999999998 16.66666666659212
2970 281.4285714286381 468.75 33.33333333324217
2971 281.4285714286382 484.3750000000001 16.66666666659212
2972 281.4285714286382 484.3750000000001 33.33333333324217
2973 297.1428571429183 265.6250000000001 16.66666666659212
2974 297.1428571429183 265.6249999999998 33.33333333324217
2975 297.1428571429183 281.2499999999998 16.66666666659212
2976 297.1428571429184 281.2499999999998 33.33333333324217
2977 297.1428571429183 296.8749999999999 16.66666666659212
2978 297.1428571429183 296.8749999999999 33.33333333324217
2979 297.1428571429182 312.4999999999999 16.66666666659212
2980 297.1428571429183 312.5 33.33333333324217
2981 297.1428571429182 328.1249999999997 16.66666666659212
2982 297.1428571429182 328.1249999999997 33.33333333324217
2983 297.1428571429182 343.7499999999998 16.66666666659212
2984 297.1428571429183 343.75 33.33333333324217
2985 297.1428571429182 359.3749999999999 16.66666666659212
2986 297.1428571429183 359.375 33.33333333324217
2987 297.1428571429183 374.9999999999998 16.66666666659212
2988 297.1428571429182 374.9999999999997 33.33333333324217
2989 297.1428571429182 390.625 16.66666666659212
2990 297.1428571429182 390.6249999999998 33.33333333324217
2991 297.1428571429183 406.2499999999999 16.66666666659212
2992 297.1428571429182 406.2499999999998 33.33333333324217
2993 297.1428571429182 421.8750000000001 16.66666666659212
2994 297.1428571429183 421.875 33.33333333324217
2995 297.1428571429184 437.5000000000002 16.66666666659212
2996 297.1428571429183 437.5000000000002 33.33333333324217
2997 297.1428571429182 453.1250000000001 16.66666666659212
2998 297.1428571429182 453.1249999999999 33.33333333324217
2999 297.1428571429183 468.7499999999998 16.66666666659212
3000 297.1428571429182 468.75 33.33333333324217
3001 297.1428571429182 484.375 16.66666666659212
3002 297.1428571429182 484.375 33.33333333324217
3003 312.8571428571982 265.6250000000001 16.66666666659212
3004 312.8571428571984 265.6249999999997 33.33333333324217
3005 312.8571428571984 281.2499999999999 16.66666666659212
3006 312.8571428571984 281.2499999999998 33.33333333324217
3007 312.8571428571985 296.8749999999999 16.66666666659212
3008 312.8571428571984 296.8749999999999 33.33333333324217
3009 312.8571428571985 312.5 16.66666666659212
3010 312.8571428571987 312.5 33.33333333324217
3011 312.8571428571986 328.1249999999998 16.66666666659212
3012 312.8571428571983 328.1249999999999 33.33333333324217
3013 312.8571428571985 343.7499999999998 16.66666666659212
3014 312.8571428571985 343.75 33.33333333324217
3015 312.8571428571985 359.3749999999999 16.66666666659212
3016 312.8571428571987 359.3749999999999 33.33333333324217
3017 312.8571428571985 374.9999999999998 16.66666666659212
3018 312.8571428571984 374.9999999999998 33.33333333324217
3019 312.8571428571984 390.625 16.66666666659212
3020 312.8571428571983 390.6249999999998 33.33333333324217
3021 312.8571428571986 406.2499999999998 16.66666666659212
3022 312.8571428571985 406.2499999999996 33.33333333324217
3023 312.8571428571984 421.875 16.66666666659212
3024 312.8571428571985 421.8750000000001 33.33333333324217
3025 312.8571428571986 437.4999999999998 16.66666666659212
3026 312.8571428571985 437.4999999999999 33.33333333324217
3027 312.8571428571984 453.1250000000001 16.66666666659212
3028 312.8571428571984 453.125 33.33333333324217
3029 312.8571428571982 468.75 16.66666666659212
3030 312.8571428571983 468.75 33.33333333324217
3031 312.8571428571983 484.3750000000001 16.66666666659212
3032 312.8571428571983 484.3750000000001 33.33333333324217
3033 328.5714285714786 265.6249999999999 16.66666666659212
3034 328.5714285714786 265.6249999999998 33.33333333324216
3035 328.5714285714785 281.2499999999998 16.66666666659212
3036 328.5714285714786 281.2499999999998 33.33333333324217
3037 328.5714285714788 296.8749999999998 16.66666666659212
3038 328.5714285714788 296.8750000000002 33.33333333324217
3039 328.5714285714789 312.5 16.66666666659212
3040 328.5714285714786 312.5 33.33333333324217
3041 328.5714285714788 328.1249999999997 16.66666666659212
3042 328.5714285714785 328.1249999999998 33.33333333324217
3043 328.5714285714789 343.7499999999998 16.66666666659212
3044 328.5714285714788 343.7500000000001 33.33333333324217
3045 328.5714285714786 359.375 16.66666666659212
3046 328.5714285714786 359.375 33.33333333324217
3047 328.5714285714786 374.9999999999998 16.66666666659212
3048 328.5714285714785 374.9999999999998 33.33333333324217
3049 328.5714285714785 390.6249999999999 16.66666666659212
3050 328.5714285714786 390.6249999999998 33.33333333324217
3051 328.5714285714784 406.2500000000001 16.66666666659212
3052 328.5714285714784 406.2499999999998 33.33333333324217
3053 328.5714285714787 421.8750000000002 16.66666666659212
3054 328.5714285714785 421.8750000000001 33.33333333324217
3055 328.5714285714787 437.5000000000001 16.66666666659212
3056 328.5714285714785 437.5000000000001 33.33333333324217
3057 328.5714285714787 453.1250000000002 16.66666666659212
3058 328.5714285714785 453.1250000000001 33.33333333324217
3059 328.5714285714785 468.7500000000001 16.66666666659212
3060 328.5714285714786 468.75 33.33333333324217
3061 328.5714285714784 484.375 16.66666666659212
3062 328.5714285714784 484.375 33.33333333324217
3063 344.2857142857586 265.6249999999997 16.66666666659212
3064 344.2857142857588 265.6249999999997 33.33333333324217
3065 344.2857142857586 281.2499999999998 16.66666666659212
3066 344.2857142857587 281.2499999999998 33.33333333324217
3067 344.2857142857588 296.8749999999998 16.66666666659212
3068 344.2857142857588 296.8749999999999 33.33333333324216
3069 344.2857142857586 312.4999999999997 16.66666666659212
3070 344.2857142857588 312.4999999999999 33.33333333324217
3071 344.2857142857586 328.1249999999997 16.66666666659212
3072 344.2857142857586 328.1249999999996 33.33333333324216
3073 344.2857142857586 343.7499999999998 16.66666666659212
3074 344.2857142857588 343.75 33.33333333324217
3075 344.2857142857586 359.3749999999999 16.66666666659212
3076 344.2857142857586 359.375 33.33333333324217
3077 344.2857142857586 374.9999999999998 16.66666666659212
3078 344.2857142857586 374.9999999999998 33.33333333324217
3079 344.2857142857586 390.625 16.66666666659212
3080 344.2857142857586 390.6249999999998 33.33333333324217
3081 344.2857142857586 406.2500000000001 16.66666666659212
3082 344.2857142857588 406.2499999999998 33.33333333324217
3083 344.2857142857587 421.8750000000002 16.66666666659212
3084 344.2857142857586 421.8750000000002 33.33333333324217
3085 344.2857142857584 437.4999999999999 16.66666666659212
3086 344.2857142857587 437.5 33.33333333324217
3087 344.2857142857584 453.1249999999997 16.66666666659212
3088 344.2857142857587 453.1249999999997 33.33333333324217
3089 344.2857142857585 468.7499999999999 16.66666666659212
3090 344.2857142857587 468.75 33.33333333324217
3091 344.2857142857587 484.375 16.66666666659212
3092 344.2857142857587 484.375 33.33333333324217
3093 360.000000000039 265.6250000000001 16.66666666659212
3094 360.0000000000391 265.6249999999998 33.33333333324217
3095 360.0000000000392 281.2499999999998 16.66666666659212
3096 360.0000000000391 281.2499999999999 33.33333333324217
3097 360.0000000000389 296.8749999999999 16.66666666659212
3098 360.0000000000388 296.8749999999999 33.33333333324217
3099 360.0000000000392 312.4999999999999 16.66666666659212
3100 360.0000000000391 312.4999999999999 33.33333333324217
3101 360.0000000000389 328.1249999999998 16.66666666659212
3102 360.0000000000389 328.1249999999997 33.33333333324217
3103 360.0000000000389 343.7499999999998 16.66666666659212
3104 360.0000000000389 343.75 33.33333333324217
3105 360.0000000000389 359.375 16.66666666659212
3106 360.0000000000389 359.375 33.33333333324217
3107 360.0000000000389 374.9999999999998 16.66666666659212
3108 360.0000000000389 374.9999999999998 33.33333333324217
3109 360.000000000039 390.625 16.66666666659212
3110 360.0000000000389 390.6249999999998 33.33333333324217
3111 360.0000000000389 406.25 16.66666666659212
3112 360.0000000000389 406.2499999999998 33.33333333324217
3113 360.0000000000391 421.8750000000001 16.66666666659212
3114 360.0000000000389 421.8750000000001 33.33333333324217
3115 360.0000000000391 437.5000000000001 16.66666666659212
3116 360.0000000000389 437.5000000000001 33.33333333324217
3117 360.000000000039 453.1250000000001 16.66666666659212
3118 360.000000000039 453.1249999999999 33.33333333324217
3119 360.0000000000391 468.7500000000001 16.66666666659212
3120 360.000000000039 468.75 33.33333333324217
3121 360.0000000000388 484.3750000000001 16.66666666659212
3122 360.000000000039 484.375 33.33333333324217
3123 375.714285714319 265.6250000000001 16.66666666659212
3124 375.714285714319 265.6249999999999 33.33333333324217
3125 375.714285714319 281.2499999999998 16.66666666659212
3126 375.714285714319 281.2499999999998 33.33333333324217
3127 375.714285714319 296.8749999999999 16.66666666659212
3128 375.714285714319 296.8749999999999 33.33333333324217
3129 375.7142857143193 312.4999999999999 16.66666666659212
3130 375.714285714319 312.5 33.33333333324217
3131 375.7142857143191 328.1249999999997 16.66666666659212
3132 375.7142857143189 328.1249999999999 33.33333333324217
3133 375.7142857143192 343.7499999999998 16.66666666659212
3134 375.7142857143191 343.75 33.33333333324217
3135 375.714285714319 359.375 16.66666666659212
3136 375.714285714319 359.375 33.33333333324217
3137 375.7142857143191 374.9999999999997 16.66666666659212
3138 375.7142857143188 374.9999999999998 33.33333333324216
3139 375.7142857143191 390.625 16.66666666659212
3140 375.7142857143191 390.6249999999998 33.33333333324217
3141 375.7142857143191 406.25 16.66666666659212
3142 375.7142857143191 406.2499999999998 33.33333333324217
3143 375.7142857143191 421.8750000000001 16.66666666659212
3144 375.7142857143189 421.8750000000001 33.33333333324217
3145 375.7142857143191 437.5000000000001 16.66666666659212
3146 375.7142857143189 437.5000000000002 33.33333333324217
3147 375.7142857143191 453.1249999999999 16.66666666659212
3148 375.7142857143189 453.1249999999998 33.33333333324217
3149 375.714285714319 468.7500000000001 16.66666666659212
3150 375.7142857143189 468.7500000000001 33.33333333324217
3151 375.7142857143189 484.3750000000001 16.66666666659212
3152 375.7142857143189 484.375 33.33333333324217
3153 391.4285714285994 265.6250000000001 16.66666666659212
3154 391.428571428599 265.6249999999999 33.33333333324217
3155 391.4285714285995 281.2499999999999 16.66666666659212
3156 391.4285714285992 281.2499999999998 33.33333333324216
3157 391.4285714285993 296.8749999999999 16.66666666659212
3158 391.428571428599 296.8749999999999 33.33333333324217
3159 391.4285714285992 312.4999999999999 16.66666666659212
3160 391.4285714285988 312.4999999999999 33.33333333324217
3161 391.4285714285994 328.1249999999997 16.66666666659212
3162 391.4285714285992 328.1249999999999 33.33333333324217
3163 391.4285714285992 343.7499999999998 16.66666666659212
3164 391.4285714285989 343.75 33.33333333324217
3165 391.4285714285993 359.3749999999999 16.66666666659212
3166 391.428571428599 359.375 33.33333333324217
3167 391.4285714285994 374.9999999999998 16.66666666659212
3168 391.4285714285991 374.9999999999998 33.33333333324217
3169 391.4285714285992 390.6250000000001 16.66666666659212
3170 391.428571428599 390.625 33.33333333324217
3171 391.4285714285992 406.2500000000001 16.66666666659212
3172 391.428571428599 406.2499999999998 33.33333333324217
3173 391.4285714285991 421.8750000000001 16.66666666659212
3174 391.428571428599 421.8749999999998 33.33333333324217
3175 391.428571428599 437.5 16.66666666659212
3176 391.428571428599 437.5000000000002 33.33333333324217
3177 391.4285714285994 453.1250000000001 16.66666666659212
3178 391.428571428599 453.1249999999999 33.33333333324217
3179 391.4285714285993 468.7499999999997 16.66666666659212
3180 391.428571428599 468.75 33.33333333324217
3181 391.4285714285992 484.375 16.66666666659212
3182 391.428571428599 484.375 33.33333333324217
3183 407.1428571428796 265.6250000000001 16.66666666659212
3184 407.1428571428795 265.6249999999998 33.33333333324217
3185 407.1428571428794 281.2499999999998 16.66666666659212
3186 407.1428571428793 281.2499999999998 33.33333333324217
3187 407.1428571428795 296.8749999999999 16.66666666659212
3188 407.1428571428794 296.8749999999999 33.33333333324217
3189 407.1428571428794 312.4999999999999 16.66666666659212
3190 407.1428571428792 312.4999999999999 33.33333333324217
3191 407.1428571428795 328.1249999999997 16.66666666659212
3192 407.1428571428792 328.1249999999997 33.33333333324217
3193 407.1428571428794 343.7499999999998 16.66666666659212
3194 407.1428571428794 343.7499999999998 33.33333333324217
3195 407.1428571428794 359.3749999999997 16.66666666659212
3196 407.1428571428794 359.3749999999998 33.33333333324217
3197 407.1428571428795 374.9999999999998 16.66666666659212
3198 407.1428571428794 374.9999999999998 33.33333333324217
3199 407.1428571428794 390.6249999999999 16.66666666659212
3200 407.1428571428792 390.6249999999998 33.33333333324217
3201 407.1428571428793 406.25 16.66666666659212
3202 407.1428571428792 406.2499999999998 33.33333333324217
3203 407.1428571428792 421.8750000000001 16.66666666659212
3204 407.1428571428792 421.8750000000001 33.33333333324217
3205 407.1428571428792 437.5 16.66666666659212
3206 407.1428571428793 437.5000000000002 33.33333333324217
3207 407.1428571428795 453.1250000000002 16.66666666659212
3208 407.1428571428792 453.1250000000001 33.33333333324217
3209 407.1428571428792 468.75 16.66666666659212
3210 407.1428571428793 468.75 33.33333333324217
3211 407.1428571428793 484.375 16.66666666659212
3212 407.1428571428793 484.375 33.33333333324217
3213 422.8571428571597 265.6250000000001 16.66666666659211
3214 422.8571428571598 265.6249999999999 33.33333333324217
3215 422.8571428571596 281.2499999999999 16.66666666659212
3216 422.8571428571597 281.2499999999998 33.33333333324216
3217 422.8571428571597 296.8749999999998 16.66666666659212
3218 422.8571428571595 296.8749999999998 33.33333333324217
3219 422.8571428571595 312.4999999999999 16.66666666659211
3220 422.8571428571594 312.5 33.33333333324217
3221 422.8571428571597 328.1249999999997 16.66666666659212
3222 422.8571428571594 328.1249999999999 33.33333333324216
3223 422.8571428571597 343.7499999999998 16.66666666659212
3224 422.8571428571595 343.75 33.33333333324217
3225 422.8571428571598 359.3749999999999 16.66666666659212
3226 422.8571428571595 359.3749999999999 33.33333333324217
3227 422.8571428571597 374.9999999999998 16.66666666659212
3228 422.8571428571595 374.9999999999998 33.33333333324217
3229 422.8571428571597 390.625 16.66666666659212
3230 422.8571428571595 390.6249999999998 33.33333333324217
3231 422.8571428571597 406.2500000000001 16.66666666659211
3232 422.8571428571595 406.2499999999998 33.33333333324217
3233 422.8571428571598 421.8750000000001 16.66666666659212
3234 422.8571428571595 421.8750000000001 33.33333333324217
3235 422.8571428571597 437.5 16.66666666659212
3236 422.8571428571595 437.5000000000001 33.33333333324216
3237 422.8571428571594 453.1249999999997 16.66666666659212
3238 422.8571428571595 453.1249999999995 33.33333333324217
3239 422.8571428571593 468.7500000000001 16.66666666659212
3240 422.8571428571595 468.7500000000001 33.33333333324217
3241 422.8571428571595 484.375 16.66666666659212
3242 422.8571428571596 484.375 33.33333333324217
3243 438.5714285714398 265.6250000000001 16.66666666659212
3244 438.5714285714399 265.6249999999998 33.33333333324217
3245 438.5714285714399 281.2499999999998 16.66666666659212
3246 438.57142857144 281.2499999999998 33.33333333324216
3247 438.5714285714399 296.8749999999999 16.66666666659212
3248 438.5714285714398 296.8749999999999 33.33333333324217
3249 438.5714285714398 312.4999999999997 16.66666666659212
3250 438.5714285714396 312.5 33.33333333324217
3251 438.5714285714399 328.1249999999997 16.66666666659212
3252 438.5714285714396 328.1249999999999 33.33333333324217
3253 438.5714285714398 343.7499999999997 16.66666666659212
3254 438.5714285714396 343.75 33.33333333324217
3255 438.5714285714398 359.3750000000001 16.66666666659212
3256 438.5714285714396 359.375 33.33333333324217
3257 438.5714285714398 374.9999999999998 16.66666666659212
3258 438.5714285714395 374.9999999999998 33.33333333324217
3259 438.5714285714398 390.6250000000001 16.66666666659212
3260 438.5714285714396 390.6249999999998 33.33333333324217
3261 438.5714285714398 406.25 16.66666666659212
3262 438.5714285714399 406.2499999999997 33.33333333324217
3263 438.5714285714399 421.8750000000002 16.66666666659212
3264 438.5714285714397 421.8750000000002 33.33333333324216
3265 438.5714285714398 437.5000000000001 16.66666666659212
3266 438.5714285714396 437.5000000000001 33.33333333324217
3267 438.5714285714398 453.1250000000002 16.66666666659212
3268 438.5714285714396 453.125 33.33333333324217
3269 438.5714285714399 468.75 16.66666666659212
3270 438.5714285714396 468.75 33.33333333324217
3271 438.5714285714399 484.3750000000001 16.66666666659212
3272 438.5714285714396 484.3750000000001 33.33333333324217
3273 454.2857142857198 265.6250000000001 16.66666666659212
3274 454.2857142857196 265.6249999999999 33.33333333324217
3275 454.2857142857197 281.2500000000001 16.66666666659212
3276 454.2857142857194 281.2499999999998 33.33333333324216
3277 454.2857142857197 296.8749999999999 16.66666666659212
3278 454.2857142857194 296.8749999999999 33.33333333324217
3279 454.2857142857196 312.4999999999999 16.66666666659212
3280 454.2857142857196 312.5 33.33333333324217
3281 454.2857142857198 328.1249999999997 16.66666666659212
3282 454.2857142857195 328.1249999999998 33.33333333324216
3283 454.2857142857198 343.7499999999998 16.66666666659212
3284 454.2857142857196 343.7499999999999 33.33333333324217
3285 454.2857142857197 359.3749999999997 16.66666666659212
3286 454.2857142857196 359.3749999999998 33.33333333324217
3287 454.2857142857201 374.9999999999998 16.66666666659212
3288 454.2857142857197 374.9999999999998 33.33333333324217
3289 454.2857142857198 390.6250000000001 16.66666666659212
3290 454.2857142857197 390.6249999999998 33.33333333324217
3291 454.2857142857197 406.25 16.66666666659212
3292 454.2857142857197 406.2499999999998 33.33333333324217
3293 454.2857142857199 421.8750000000001 16.66666666659212
3294 454.2857142857198 421.8750000000001 33.33333333324217
3295 454.2857142857198 437.5000000000002 16.66666666659212
3296 454.2857142857197 437.5000000000001 33.33333333324217
3297 454.2857142857197 453.1250000000001 16.66666666659212
3298 454.2857142857197 453.1250000000001 33.33333333324217
3299 454.2857142857198 468.7499999999999 16.66666666659212
3300 454.2857142857197 468.75 33.33333333324217
3301 454.2857142857196 484.3750000000001 16.66666666659212
3302 454.2857142857195 484.3750000000001 33.33333333324217
3303 485 265.6250000000001 16.66666666659211
3304 485 265.6249999999998 33.33333333324217
3305 485 281.2499999999999 16.66666666659212
3306 485 281.2499999999998 33.33333333324217
3307 484.9999999999999 296.8749999999999 16.66666666659212
3308 485 296.8749999999999 33.33333333324217
3309 485 312.4999999999999 16.66666666659212
3310 485 312.5 33.33333333324217
3311 485.0000000000001 328.1249999999998 16.66666666659212
3312 485 328.1249999999999 33.33333333324217
3313 485 343.7499999999998 16.66666666659212
3314 485 343.75 33.33333333324217
3315 485 359.375 16.66666666659212
3316 485 359.375 33.33333333324217
3317 485.0000000000001 374.9999999999998 16.66666666659212
3318 484.9999999999999 374.9999999999998 33.33333333324217
3319 484.9999999999999 390.625 16.66666666659212
3320 485 390.6249999999998 33.33333333324217
3321 485 406.2500000000001 16.66666666659211
3322 485 406.2499999999997 33.33333333324217
3323 485.0000000000001 421.875 16.66666666659212
3324 485 421.875 33.33333333324217
3325 485 437.5 16.66666666659212
3326 485 437.4999999999999 33.33333333324217
3327 485 453.1249999999995 16.66666666659212
3328 484.9999999999999 453.1249999999995 33.33333333324217
3329 485 468.7499999999998 16.66666666659212
3330 485 468.75 33.33333333324217
3331 485 484.375 16.66666666659212
3332 485 484.375 33.33333333324217
$EndNodes
$Elements
2544
1 3 2 17 201 1 21 1687 347
2 3 2 17 201 347 1687 1688 348
3 3 2 17 201 348 1688 184 11
4 3 2 17 201 21 22 1689 1687
5 3 2 17 201 1687 1689 1690 1688
6 3 2 17 201 1688 1690 185 184
7 3 2 17 201 22 23 1691 1689
8 3 2 17 201 1689 1691 1692 1690
9 3 2 17 201 1690 1692 186 185
10 3 2 17 201 23 24 1693 1691
11 3 2 17 201 1691 1693 1694 1692
12 3 2 17 201 1692 1694 187 186
13 3 2 17 201 24 25 1695 1693
14 3 2 17 201 1693 1695 1696 1694
15 3 2 17 201 1694 1696 188 187
16 3 2 17 201 25 26 1697 1695
17 3 2 17 201 1695 1697 1698 1696
18 3 2 17 201 1696 1698 189 188
19 3 2 17 201 26 27 1699 1697
20 3 2 17 201 1697 1699 1700 1698
21 3 2 17 201 1698 1700 190 189
22 3 2 17 201 27 28 1701 1699
23 3 2 17 201 1699 1701 1702 1700
24 3 2 17 201 1700 1702 191 190
25 3 2 17 201 28 29 1703 1701
26 3 2 17 201 1701 1703 1704 1702
27 3 2 17 201 1702 1704 192 191
28 3 2 17 201 29 30 1705 1703
29 3 2 17 201 1703 1705 1706 1704
30 3 2 17 201 1704 1706 193 192
31 3 2 17 201 30 31 1707 1705
32 3 2 17 201 1705 1707 1708 1706
33 3 2 17 201 1706 1708 194 193
34 3 2 17 201 31 32 1709 1707
35 3 2 17 201 1707 1709 1710 1708
36 3 2 17 201 1708 1710 195 194
37 3 2 17 201 32 33 1711 1709
38 3 2 17 201 1709 1711 1712 1710
39 3 2 17 201 1710 1712 196 195
40 3 2 17 201 33 34 1713 1711
41 3 2 17 201 1711 1713 1714 1712
42 3 2 17 201 1712 1714 197 196
43 3 2 17 201 34 35 1715 1713
44 3 2 17 201 1713 1715 1716 1714
45 3 2 17 201 1714 1716 198 197
46 3 2 17 201 35 2 349 1715
47 3 2 17 201 1715 349 350 1716
48 3 2 17 201 1716 350 12 198
49 3 2 14 206 6 80 1805 357
50 3 2 14 206 357 1805 1806 358
51 3 2 14 206 358 1806 243 16
52 3 2 14 206 80 7 359 1805
53 3 2 14 206 1805 359 360 1806
54 3 2 14 206 1806 360 17 243
55 3 2 14 207 7 81 1807 359
56 3 2 14 207 359 1807 1808 360
57 3 2 14 207 360 1808 244 17
58 3 2 14 207 81 82 1809 1807
59 3 2 14 207 1807 1809 1810 1808
60 3 2 14 207 1808 1810 245 244
61 3 2 14 207 82 83 1811 1809
62 3 2 14 207 1809 1811 1812 1810
63 3 2 14 207 1810 1812 246 245
64 3 2 14 207 83 84 1813 1811
65 3 2 14 207 1811 1813 1814 1812
66 3 2 14 207 1812 1814 247 246
67 3 2 14 207 84 85 1815 1813
68 3 2 14 207 1813 1815 1816 1814
69 3 2 14 207 1814 1816 248 247
70 3 2 14 207 85 86 1817 1815
71 3 2 14 207 1815 1817 1818 1816
72 3 2 14 207 1816 1818 249 248
73 3 2 14 207 86 87 1819 1817
74 3 2 14 207 1817 1819 1820 1818
75 3 2 14 207 1818 1820 250 249
76 3 2 14 207 87 88 1821 1819
77 3 2 14 207 1819 1821 1822 1820
78 3 2 14 207 1820 1822 251 250
79 3 2 14 207 88 89 1823 1821
80 3 2 14 207 1821 1823 1824 1822
81 3 2 14 207 1822 1824 252 251
82 3 2 14 207 89 90 1825 1823
83 3 2 14 207 1823 1825 1826 1824
84 3 2 14 207 1824 1826 253 252
85 3 2 14 207 90 91 1827 1825
86 3 2 14 207 1825 1827 1828 1826
87 3 2 14 207 1826 1828 254 253
88 3 2 14 207 91 92 1829 1827
89 3 2 14 207 1827 1829 1830 1828
90 3 2 14 207 1828 1830 255 254
91 3 2 14 207 92 93 1831 1829
92 3 2 14 207 1829 1831 1832 1830
93 3 2 14 207 1830 1832 256 255
94 3 2 14 207 93 8 361 1831
95 3 2 14 207 1831 361 362 1832
96 3 2 14 207 1832 362 18 256
97 3 2 14 208 8 94 1833 361
98 3 2 14 208 361 1833 1834 362
99 3 2 14 208 362 1834 257 18
100 3 2 14 208 94 95 1835 1833
101 3 2 14 208 1833 1835 1836 1834
102 3 2 14 208 1834 1836 258 257
103 3 2 14 208 95 96 1837 1835
104 3 2 14 208 1835 1837 1838 1836
105 3 2 14 208 1836 1838 259 258
106 3 2 14 208 96 97 1839 1837
107 3 2 14 208 1837 1839 1840 1838
108 3 2 14 208 1838 1840 260 259
109 3 2 14 208 97 98 1841 1839
110 3 2 14 208 1839 1841 1842 1840
111 3 2 14 208 1840 1842 261 260
112 3 2 14 208 98 99 1843 1841
113 3 2 14 208 1841 1843 1844 1842
114 3 2 14 208 1842 1844 262 261
115 3 2 14 208 99 100 1845 1843
116 3 2 14 208 1843 1845 1846 1844
117 3 2 14 208 1844 1846 263 262
118 3 2 14 208 100 101 1847 1845
119 3 2 14 208 1845 1847 1848 1846
120 3 2 14 208 1846 1848 264 263
121 3 2 14 208 101 102 1849 1847
122 3 2 14 208 1847 1849 1850 1848
123 3 2 14 208 1848 1850 265 264
124 3 2 14 208 102 103 1851 1849
125 3 2 14 208 1849 1851 1852 1850
126 3 2 14 208 1850 1852 266 265
127 3 2 14 208 103 104 1853 1851
128 3 2 14 208 1851 1853 1854 1852
129 3 2 14 208 1852 1854 267 266
130 3 2 14 208 104 105 1855 1853
131 3 2 14 208 1853 1855 1856 1854
132 3 2 14 208 1854 1856 268 267
133 3 2 14 208 105 106 1857 1855
134 3 2 14 208 1855 1857 1858 1856
135 3 2 14 208 1856 1858 269 268
136 3 2 14 208 106 107 1859 1857
137 3 2 14 208 1857 1859 1860 1858
138 3 2 14 208 1858 1860 270 269
139 3 2 14 208 107 108 1861 1859
140 3 2 14 208 1859 1861 1862 1860
141 3 2 14 208 1860 1862 271 270
142 3 2 14 208 108 9 363 1861
143 3 2 14 208 1861 363 364 1862
144 3 2 14 208 1862 364 19 271
145 3 2 15 209 9 109 1863 363
146 3 2 15 209 363 1863 1864 364
147 3 2 15 209 364 1864 272 19
148 3 2 15 209 109 110 1865 1863
149 3 2 15 209 1863 1865 1866 1864
150 3 2 15 209 1864 1866 273 272
151 3 2 15 209 110 111 1867 1865
152 3 2 15 209 1865 1867 1868 1866
153 3 2 15 209 1866 1868 274 273
154 3 2 15 209 111 112 1869 1867
155 3 2 15 209 1867 1869 1870 1868
156 3 2 15 209 1868 1870 275 274
157 3 2 15 209 112 113 1871 1869
158 3 2 15 209 1869 1871 1872 1870
159 3 2 15 209 1870 1872 276 275
160 3 2 15 209 113 114 1873 1871
161 3 2 15 209 1871 1873 1874 1872
162 3 2 15 209 1872 1874 277 276
163 3 2 15 209 114 115 1875 1873
164 3 2 15 209 1873 1875 1876 1874
165 3 2 15 209 1874 1876 278 277
166 3 2 15 209 115 116 1877 1875
167 3 2 15 209 1875 1877 1878 1876
168 3 2 15 209 1876 1878 279 278
169 3 2 15 209 116 117 1879 1877
170 3 2 15 209 1877 1879 1880 1878
171 3 2 15 209 1878 1880 280 279
172 3 2 15 209 117 118 1881 1879
173 3 2 15 209 1879 1881 1882 1880
174 3 2 15 209 1880 1882 281 280
175 3 2 15 209 118 119 1883 1881
176 3 2 15 209 1881 1883 1884 1882
177 3 2 15 209 1882 1884 282 281
178 3 2 15 209 119 120 1885 1883
179 3 2 15 209 1883 1885 1886 1884
180 3 2 15 209 1884 1886 283 282
181 3 2 15 209 120 121 1887 1885
182 3 2 15 209 1885 1887 1888 1886
183 3 2 15 209 1886 1888 284 283
184 3 2 15 209 121 122 1889 1887
185 3 2 15 209 1887 1889 1890 1888
186 3 2 15 209 1888 1890 285 284
187 3 2 15 209 122 123 1891 1889
188 3 2 15 209 1889 1891 1892 1890
189 3 2 15 209 1890 1892 286 285
190 3 2 15 209 123 10 365 1891
191 3 2 15 209 1891 365 366 1892
192 3 2 15 209 1892 366 20 286
193 3 2 15 210 10 124 1893 365
194 3 2 15 210 365 1893 1894 366
195 3 2 15 210 366 1894 287 20
196 3 2 15 210 124 125 1895 1893
197 3 2 15 210 1893 1895 1896 1894
198 3 2 15 210 1894 1896 288 287
199 3 2 15 210 125 126 1897 1895
200 3 2 15 210 1895 1897 1898 1896
201 3 2 15 210 1896 1898 289 288
202 3 2 15 210 126 127 1899 1897
203 3 2 15 210 1897 1899 1900 1898
204 3 2 15 210 1898 1900 290 289
205 3 2 15 210 127 128 1901 1899
206 3 2 15 210 1899 1901 1902 1900
207 3 2 15 210 1900 1902 291 290
208 3 2 15 210 128 129 1903 1901
209 3 2 15 210 1901 1903 1904 1902
210 3 2 15 210 1902 1904 292 291
211 3 2 15 210 129 130 1905 1903
212 3 2 15 210 1903 1905 1906 1904
213 3 2 15 210 1904 1906 293 292
214 3 2 15 210 130 131 1907 1905
215 3 2 15 210 1905 1907 1908 1906
216 3 2 15 210 1906 1908 294 293
217 3 2 15 210 131 132 1909 1907
218 3 2 15 210 1907 1909 1910 1908
219 3 2 15 210 1908 1910 295 294
220 3 2 15 210 132 133 1911 1909
221 3 2 15 210 1909 1911 1912 1910
222 3 2 15 210 1910 1912 296 295
223 3 2 15 210 133 134 1913 1911
224 3 2 15 210 1911 1913 1914 1912
225 3 2 15 210 1912 1914 297 296
226 3 2 15 210 134 135 1915 1913
227 3 2 15 210 1913 1915 1916 1914
228 3 2 15 210 1914 1916 298 297
229 3 2 15 210 135 136 1917 1915
230 3 2 15 210 1915 1917 1918 1916
231 3 2 15 210 1916 1918 299 298
232 3 2 15 210 136 137 1919 1917
233 3 2 15 210 1917 1919 1920 1918
234 3 2 15 210 1918 1920 300 299
235 3 2 15 210 137 138 1921 1919
236 3 2 15 210 1919 1921 1922 1920
237 3 2 15 210 1920 1922 301 300
238 3 2 15 210 138 1 347 1921
239 3 2 15 210 1921 347 348 1922
240 3 2 15 210 1922 348 11 301
241 5 2 19 1 1 21 367 138 347 1687 2013 1921
242 5 2 19 1 347 1687 2013 1921 348 1688 2014 1922
243 5 2 19 1 348 1688 2014 1922 11 184 1027 301
244 5 2 19 1 138 367 368 137 1921 2013 2015 1919
245 5 2 19 1 1921 2013 2015 1919 1922 2014 2016 1920
246 5 2 19 1 1922 2014 2016 1920 301 1027 1028 300
247 5 2 19 1 137 368 369 136 1919 2015 2017 1917
248 5 2 19 1 1919 2015 2017 1917 1920 2016 2018 1918
249 5 2 19 1 1920 2016 2018 1918 300 1028 1029 299
250 5 2 19 1 136 369 370 135 1917 2017 2019 1915
251 5 2 19 1 1917 2017 2019 1915 1918 2018 2020 1916
252 5 2 19 1 1918 2018 2020 1916 299 1029 1030 298
253 5 2 19 1 135 370 371 134 1915 2019 2021 1913
254 5 2 19 1 1915 2019 2021 1913 1916 2020 2022 1914
255 5 2 19 1 1916 2020 2022 1914 298 1030 1031 297
256 5 2 19 1 134 371 372 133 1913 2021 2023 1911
257 5 2 19 1 1913 2021 2023 1911 1914 2022 2024 1912
258 5 2 19 1 1914 2022 2024 1912 297 1031 1032 296
259 5 2 19 1 133 372 373 132 1911 2023 2025 1909
260 5 2 19 1 1911 2023 2025 1909 1912 2024 2026 1910
261 5 2 19 1 1912 2024 2026 1910 296 1032 1033 295
262 5 2 19 1 132 373 374 131 1909 2025 2027 1907
263 5 2 19 1 1909 2025 2027 1907 1910 2026 2028 1908
264 5 2 19 1 1910 2026 2028 1908 295 1033 1034 294
265 5 2 19 1 131 374 375 130 1907 2027 2029 1905
266 5 2 19 1 1907 2027 2029 1905 1908 2028 2030 1906
267 5 2 19 1 1908 2028 2030 1906 294 1034 1035 293
268 5 2 19 1 130 375 376 129 1905 2029 2031 1903
269 5 2 19 1 1905 2029 2031 1903 1906 2030 2032 1904
270 5 2 19 1 1906 2030 2032 1904 293 1035 1036 292
271 5 2 19 1 129 376 377 128 1903 2031 2033 1901
272 5 2 19 1 1903 2031 2033 1901 1904 2032 2034 1902
273 5 2 19 1 1904 2032 2034 1902 292 1036 1037 291
274 5 2 19 1 128 377 378 127 1901 2033 2035 1899
275 5 2 19 1 1901 2033 2035 1899 1902 2034 2036 1900
276 5 2 19 1 1902 2034 2036 1900 291 1037 1038 290
277 5 2 19 1 127 378 379 126 1899 2035 2037 1897
278 5 2 19 1 1899 2035 2037 1897 1900 2036 2038 1898
279 5 2 19 1 1900 2036 2038 1898 290 1038 1039 289
280 5 2 19 1 126 379 380 125 1897 2037 2039 1895
281 5 2 19 1 1897 2037 2039 1895 1898 2038 2040 1896
282 5 2 19 1 1898 2038 2040 1896 289 1039 1040 288
283 5 2 19 1 125 380 381 124 1895 2039 2041 1893
284 5 2 19 1 1895 2039 2041 1893 1896 2040 2042 1894
285 5 2 19 1 1896 2040 2042 1894 288 1040 1041 287
286 5 2 19 1 124 381 139 10 1893 2041 1923 365
287 5 2 19 1 1893 2041 1923 365 1894 2042 1924 366
288 5 2 19 1 1894 2042 1924 366 287 1041 302 20
289 5 2 19 1 21 22 382 367 1687 1689 2043 2013
290 5 2 19 1 1687 1689 2043 2013 1688 1690 2044 2014
291 5 2 19 1 1688 1690 2044 2014 184 185 1042 1027
292 5 2 19 1 367 382 383 368 2013 2043 2045 2015
293 5 2 19 1 2013 2043 2045 2015 2014 2044 2046 2016
294 5 2 19 1 2014 2044 2046 2016 1027 1042 1043 1028
295 5 2 19 1 368 383 384 369 2015 2045 2047 2017
296 5 2 19 1 2015 2045 2047 2017 2016 2046 2048 2018
297 5 2 19 1 2016 2046 2048 2018 1028 1043 1044 1029
298 5 2 19 1 369 384 385 370 2017 2047 2049 2019
299 5 2 19 1 2017 2047 2049 2019 2018 2048 2050 2020
300 5 2 19 1 2018 2048 2050 2020 1029 1044 1045 1030
301 5 2 19 1 370 385 386 371 2019 2049 2051 2021
302 5 2 19 1 2019 2049 2051 2021 2020 2050 2052 2022
303 5 2 19 1 2020 2050 2052 2022 1030 1045 1046 1031
304 5 2 19 1 371 386 387 372 2021 2051 2053 2023
305 5 2 19 1 2021 2051 2053 2023 2022 2052 2054 2024
306 5 2 19 1 2022 2052 2054 2024 1031 1046 1047 1032
307 5 2 19 1 372 387 388 373 2023 2053 2055 2025
308 5 2 19 1 2023 2053 2055 2025 2024 2054 2056 2026
309 5 2 19 1 2024 2054 2056 2026 1032 1047 1048 1033
310 5 2 19 1 373 388 389 374 2025 2055 2057 2027
311 5 2 19 1 2025 2055 2057 2027 2026 2056 2058 2028
312 5 2 19 1 2026 2056 2058 2028 1033 1048 1049 1034
313 5 2 19 1 374 389 390 375 2027 2057 2059 2029
314 5 2 19 1 2027 2057 2059 2029 2028 2058 2060 2030
315 5 2 19 1 2028 2058 2060 2030 1034 1049 1050 1035
316 5 2 19 1 375 390 391 376 2029 2059 2061 2031
317 5 2 19 1 2029 2059 2061 2031 2030 2060 2062 2032
318 5 2 19 1 2030 2060 2062 2032 1035 1050 1051 1036
319 5 2 19 1 376 391 392 377 2031 2061 2063 2033
320 5 2 19 1 2031 2061 2063 2033 2032 2062 2064 2034
321 5 2 19 1 2032 2062 2064 2034 1036 1051 1052 1037
322 5 2 19 1 377 392 393 378 2033 2063 2065 2035
323 5 2 19 1 2033 2063 2065 2035 2034 2064 2066 2036
324 5 2 19 1 2034 2064 2066 2036 1037 1052 1053 1038
325 5 2 19 1 378 393 394 379 2035 2065 2067 2037
326 5 2 19 1 2035 2065 2067 2037 2036 2066 2068 2038
327 5 2 19 1 2036 2066 2068 2038 1038 1053 1054 1039
328 5 2 19 1 379 394 395 380 2037 2067 2069 2039
329 5 2 19 1 2037 2067 2069 2039 2038 2068 2070 2040
330 5 2 19 1 2038 2068 2070 2040 1039 1054 1055 1040
331 5 2 19 1 380 395 396 381 2039 2069 2071 2041
332 5 2 19 1 2039 2069 2071 2041 2040 2070 2072 2042
333 5 2 19 1 2040 2070 2072 2042 1040 1055 1056 1041
334 5 2 19 1 381 396 140 139 2041 2071 1925 1923
335 5 2 19 1 2041 2071 1925 1923 2042 2072 1926 1924
336 5 2 19 1 2042 2072 1926 1924 1041 1056 303 302
337 5 2 19 1 22 23 397 382 1689 1691 2073 2043
338 5 2 19 1 1689 1691 2073 2043 1690 1692 2074 2044
339 5 2 19 1 1690 1692 2074 2044 185 186 1057 1042
340 5 2 19 1 382 397 398 383 2043 2073 2075 2045
341 5 2 19 1 2043 2073 2075 2045 2044 2074 2076 2046
342 5 2 19 1 2044 2074 2076 2046 1042 1057 1058 1043
343 5 2 19 1 383 398 399 384 2045 2075 2077 2047
344 5 2 19 1 2045 2075 2077 2047 2046 2076 2078 2048
345 5 2 19 1 2046 2076 2078 2048 1043 1058 1059 1044
346 5 2 19 1 384 399 400 385 2047 2077 2079 2049
347 5 2 19 1 2047 2077 2079 2049 2048 2078 2080 2050
348 5 2 19 1 2048 2078 2080 2050 1044 1059 1060 1045
349 5 2 19 1 385 400 401 386 2049 2079 2081 2051
350 5 2 19 1 2049 2079 2081 2051 2050 2080 2082 2052
351 5 2 19 1 2050 2080 2082 2052 1045 1060 1061 1046
352 5 2 19 1 386 401 402 387 2051 2081 2083 2053
353 5 2 19 1 2051 2081 2083 2053 2052 2082 2084 2054
354 5 2 19 1 2052 2082 2084 2054 1046 1061 1062 1047
355 5 2 19 1 387 402 403 388 2053 2083 2085 2055
356 5 2 19 1 2053 2083 2085 2055 2054 2084 2086 2056
357 5 2 19 1 2054 2084 2086 2056 1047 1062 1063 1048
358 5 2 19 1 388 403 404 389 2055 2085 2087 2057
359 5 2 19 1 2055 2085 2087 2057 2056 2086 2088 2058
360 5 2 19 1 2056 2086 2088 2058 1048 1063 1064 1049
361 5 2 19 1 389 404 405 390 2057 2087 2089 2059
362 5 2 19 1 2057 2087 2089 2059 2058 2088 2090 2060
363 5 2 19 1 2058 2088 2090 2060 1049 1064 1065 1050
364 5 2 19 1 390 405 406 391 2059 2089 2091 2061
365 5 2 19 1 2059 2089 2091 2061 2060 2090 2092 2062
366 5 2 19 1 2060 2090 2092 2062 1050 1065 1066 1051
367 5 2 19 1 391 406 407 392 2061 2091 2093 2063
368 5 2 19 1 2061 2091 2093 2063 2062 2092 2094 2064
369 5 2 19 1 2062 2092 2094 2064 1051 1066 1067 1052
370 5 2 19 1 392 407 408 393 2063 2093 2095 2065
371 5 2 19 1 2063 2093 2095 2065 2064 2094 2096 2066
372 5 2 19 1 2064 2094 2096 2066 1052 1067 1068 1053
373 5 2 19 1 393 408 409 394 2065 2095 2097 2067
374 5 2 19 1 2065 2095 2097 2067 2066 2096 2098 2068
375 5 2 19 1 2066 2096 2098 2068 1053 1068 1069 1054
376 5 2 19 1 394 409 410 395 2067 2097 2099 2069
377 5 2 19 1 2067 2097 2099 2069 2068 2098 2100 2070
378 5 2 19 1 2068 2098 2100 2070 1054 1069 1070 1055
379 5 2 19 1 395 410 411 396 2069 2099 2101 2071
380 5 2 19 1 2069 2099 2101 2071 2070 2100 2102 2072
381 5 2 19 1 2070 2100 2102 2072 1055 1070 1071 1056
382 5 2 19 1 396 411 141 140 2071 2101 1927 1925
383 5 2 19 1 2071 2101 1927 1925 2072 2102 1928 1926
384 5 2 19 1 2072 2102 1928 1926 1056 1071 304 303
385 5 2 19 1 23 24 412 397 1691 1693 2103 2073
386 5 2 19 1 1691 1693 2103 2073 1692 1694 2104 2074
387 5 2 19 1 1692 1694 2104 2074 186 187 1072 1057
388 5 2 19 1 397 412 413 398 2073 2103 2105 2075
389 5 2 19 1 2073 2103 2105 2075 2074 2104 2106 2076
390 5 2 19 1 2074 2104 2106 2076 1057 1072 1073 1058
391 5 2 19 1 398 413 414 399 2075 2105 2107 2077
392 5 2 19 1 2075 2105 2107 2077 2076 2106 2108 2078
393 5 2 19 1 2076 2106 2108 2078 1058 1073 1074 1059
394 5 2 19 1 399 414 415 400 2077 2107 2109 2079
395 5 2 19 1 2077 2107 2109 2079 2078 2108 2110 2080
396 5 2 19 1 2078 2108 2110 2080 1059 1074 1075 1060
397 5 2 19 1 400 415 416 401 2079 2109 2111 2081
398 5 2 19 1 2079 2109 2111 2081 2080 2110 2112 2082
399 5 2 19 1 2080 2110 2112 2082 1060 1075 1076 1061
400 5 2 19 1 401 416 417 402 2081 2111 2113 2083
401 5 2 19 1 2081 2111 2113 2083 2082 2112 2114 2084
402 5 2 19 1 2082 2112 2114 2084 1061 1076 1077 1062
403 5 2 19 1 402 417 418 403 2083 2113 2115 2085
404 5 2 19 1 2083 2113 2115 2085 2084 2114 2116 2086
405 5 2 19 1 2084 2114 2116 2086 1062 1077 1078 1063
406 5 2 19 1 403 418 419 404 2085 2115 2117 2087
407 5 2 19 1 2085 2115 2117 2087 2086 2116 2118 2088
408 5 2 19 1 2086 2116 2118 2088 1063 1078 1079 1064
409 5 2 19 1 404 419 420 405 2087 2117 2119 2089
410 5 2 19 1 2087 2117 2119 2089 2088 2118 2120 2090
411 5 2 19 1 2088 2118 2120 2090 1064 1079 1080 1065
412 5 2 19 1 405 420 421 406 2089 2119 2121 2091
413 5 2 19 1 2089 2119 2121 2091 2090 2120 2122 2092
414 5 2 19 1 2090 2120 2122 2092 1065 1080 1081 1066
415 5 2 19 1 406 421 422 407 2091 2121 2123 2093
416 5 2 19 1 2091 2121 2123 2093 2092 2122 2124 2094
417 5 2 19 1 2092 2122 2124 2094 1066 1081 1082 1067
418 5 2 19 1 407 422 423 408 2093 2123 2125 2095
419 5 2 19 1 2093 2123 2125 2095 2094 2124 2126 2096
420 5 2 19 1 2094 2124 2126 2096 1067 1082 1083 1068
421 5 2 19 1 408 423 424 409 2095 2125 2127 2097
422 5 2 19 1 2095 2125 2127 2097 2096 2126 2128 2098
423 5 2 19 1 2096 2126 2128 2098 1068 1083 1084 1069
424 5 2 19 1 409 424 425 410 2097 2127 2129 2099
425 5 2 19 1 2097 2127 2129 2099 2098 2128 2130 2100
426 5 2 19 1 2098 2128 2130 2100 1069 1084 1085 1070
427 5 2 19 1 410 425 426 411 2099 2129 2131 2101
428 5 2 19 1 2099 2129 2131 2101 2100 2130 2132 2102
429 5 2 19 1 2100 2130 2132 2102 1070 1085 1086 1071
430 5 2 19 1 411 426 142 141 2101 2131 1929 1927
431 5 2 19 1 2101 2131 1929 1927 2102 2132 1930 1928
432 5 2 19 1 2102 2132 1930 1928 1071 1086 305 304
433 5 2 19 1 24 25 427 412 1693 1695 2133 2103
434 5 2 19 1 1693 1695 2133 2103 1694 1696 2134 2104
435 5 2 19 1 1694 1696 2134 2104 187 188 1087 1072
436 5 2 19 1 412 427 428 413 2103 2133 2135 2105
437 5 2 19 1 2103 2133 2135 2105 2104 2134 2136 2106
438 5 2 19 1 2104 2134 2136 2106 1072 1087 1088 1073
439 5 2 19 1 413 428 429 414 2105 2135 2137 2107
440 5 2 19 1 2105 2135 2137 2107 2106 2136 2138 2108
441 5 2 19 1 2106 2136 2138 2108 1073 1088 1089 1074
442 5 2 19 1 414 429 430 415 2107 2137 2139 2109
443 5 2 19 1 2107 2137 2139 2109 2108 2138 2140 2110
444 5 2 19 1 2108 2138 2140 2110 1074 1089 1090 1075
445 5 2 19 1 415 430 431 416 2109 2139 2141 2111
446 5 2 19 1 2109 2139 2141 2111 2110 2140 2142 2112
447 5 2 19 1 2110 2140 2142 2112 1075 1090 1091 1076
448 5 2 19 1 416 431 432 417 2111 2141 2143 2113
449 5 2 19 1 2111 2141 2143 2113 2112 2142 2144 2114
450 5 2 19 1 2112 2142 2144 2114 1076 1091 1092 1077
451 5 2 19 1 417 432 433 418 2113 2143 2145 2115
452 5 2 19 1 2113 2143 2145 2115 2114 2144 2146 2116
453 5 2 19 1 2114 2144 2146 2116 1077 1092 1093 1078
454 5 2 19 1 418 433 434 419 2115 2145 2147 2117
455 5 2 19 1 2115 2145 2147 2117 2116 2146 2148 2118
456 5 2 19 1 2116 2146 2148 2118 1078 1093 1094 1079
457 5 2 19 1 419 434 435 420 2117 2147 2149 2119
458 5 2 19 1 2117 2147 2149 2119 2118 2148 2150 2120
459 5 2 19 1 2118 2148 2150 2120 1079 1094 1095 1080
460 5 2 19 1 420 435 436 421 2119 2149 2151 2121
461 5 2 19 1 2119 2149 2151 2121 2120 2150 2152 2122
462 5 2 19 1 2120 2150 2152 2122 1080 1095 1096 1081
463 5 2 19 1 421 436 437 422 2121 2151 2153 2123
464 5 2 19 1 2121 2151 2153 2123 2122 2152 2154 2124
465 5 2 19 1 2122 2152 2154 2124 1081 1096 1097 1082
466 5 2 19 1 422 437 438 423 2123 2153 2155 2125
467 5 2 19 1 2123 2153 2155 2125 2124 2154 2156 2126
468 5 2 19 1 2124 2154 2156 2126 1082 1097 1098 1083
469 5 2 19 1 423 438 439 424 2125 2155 2157 2127
470 5 2 19 1 2125 2155 2157 2127 2126 2156 2158 2128
471 5 2 19 1 2126 2156 2158 2128 1083 1098 1099 1084
472 5 2 19 1 424 439 440 425 2127 2157 2159 2129
473 5 2 19 1 2127 2157 2159 2129 2128 2158 2160 2130
474 5 2 19 1 2128 2158 2160 2130 1084 1099 1100 1085
475 5 2 19 1 425 440 441 426 2129 2159 2161 2131
476 5 2 19 1 2129 2159 2161 2131 2130 2160 2162 2132
477 5 2 19 1 2130 2160 2162 2132 1085 1100 1101 1086
478 5 2 19 1 426 441 143 142 2131 2161 1931 1929
479 5 2 19 1 2131 2161 1931 1929 2132 2162 1932 1930
480 5 2 19 1 2132 2162 1932 1930 1086 1101 306 305
481 5 2 19 1 25 26 442 427 1695 1697 2163 2133
482 5 2 19 1 1695 1697 2163 2133 1696 1698 2164 2134
483 5 2 19 1 1696 1698 2164 2134 188 189 1102 1087
484 5 2 19 1 427 442 443 428 2133 2163 2165 2135
485 5 2 19 1 2133 2163 2165 2135 2134 2164 2166 2136
486 5 2 19 1 2134 2164 2166 2136 1087 1102 1103 1088
487 5 2 19 1 428 443 444 429 2135 2165 2167 2137
488 5 2 19 1 2135 2165 2167 2137 2136 2166 2168 2138
489 5 2 19 1 2136 2166 2168 2138 1088 1103 1104 1089
490 5 2 19 1 429 444 445 430 2137 2167 2169 2139
491 5 2 19 1 2137 2167 2169 2139 2138 2168 2170 2140
492 5 2 19 1 2138 2168 2170 2140 1089 1104 1105 1090
493 5 2 19 1 430 445 446 431 2139 2169 2171 2141
494 5 2 19 1 2139 2169 2171 2141 2140 2170 2172 2142
495 5 2 19 1 2140 2170 2172 2142 1090 1105 1106 1091
496 5 2 19 1 431 446 447 432 2141 2171 2173 2143
497 5 2 19 1 2141 2171 2173 2143 2142 2172 2174 2144
498 5 2 19 1 2142 2172 2174 2144 1091 1106 1107 1092
499 5 2 19 1 432 447 448 433 2143 2173 2175 2145
500 5 2 19 1 2143 2173 2175 2145 2144 2174 2176 2146
501 5 2 19 1 2144 2174 2176 2146 1092 1107 1108 1093
502 5 2 19 1 433 448 449 434 2145 2175 2177 2147
503 5 2 19 1 2145 2175 2177 2147 2146 2176 2178 2148
504 5 2 19 1 2146 2176 2178 2148 1093 1108 1109 1094
505 5 2 19 1 434 449 450 435 2147 2177 2179 2149
506 5 2 19 1 2147 2177 2179 2149 2148 2178 2180 2150
507 5 2 19 1 2148 2178 2180 2150 1094 1109 1110 1095
508 5 2 19 1 435 450 451 436 2149 2179 2181 2151
509 5 2 19 1 2149 2179 2181 2151 2150 2180 2182 2152
510 5 2 19 1 2150 2180 2182 2152 1095 1110 1111 1096
511 5 2 19 1 436 451 452 437 2151 2181 2183 2153
512 5 2 19 1 2151 2181 2183 2153 2152 2182 2184 2154
513 5 2 19 1 2152 2182 2184 2154 1096 1111 1112 1097
514 5 2 19 1 437 452 453 438 2153 2183 2185 2155
515 5 2 19 1 2153 2183 2185 2155 2154 2184 2186 2156
516 5 2 19 1 2154 2184 2186 2156 1097 1112 1113 1098
517 5 2 19 1 438 453 454 439 2155 2185 2187 2157
518 5 2 19 1 2155 2185 2187 2157 2156 2186 2188 2158
519 5 2 19 1 2156 2186 2188 2158 1098 1113 1114 1099
520 5 2 19 1 439 454 455 440 2157 2187 2189 2159
521 5 2 19 1 2157 2187 2189 2159 2158 2188 2190 2160
522 5 2 19 1 2158 2188 2190 2160 1099 1114 1115 1100
523 5 2 19 1 440 455 456 441 2159 2189 2191 2161
524 5 2 19 1 2159 2189 2191 2161 2160 2190 2192 2162
525 5 2 19 1 2160 2190 2192 2162 1100 1115 1116 1101
526 5 2 19 1 441 456 144 143 2161 2191 1933 1931
527 5 2 19 1 2161 2191 1933 1931 2162 2192 1934 1932
528 5 2 19 1 2162 2192 1934 1932 1101 1116 307 306
529 5 2 19 1 26 27 457 442 1697 1699 2193 2163
530 5 2 19 1 1697 1699 2193 2163 1698 1700 2194 2164
531 5 2 19 1 1698 1700 2194 2164 189 190 1117 1102
532 5 2 19 1 442 457 458 443 2163 2193 2195 2165
533 5 2 19 1 2163 2193 2195 2165 2164 2194 2196 2166
534 5 2 19 1 2164 2194 2196 2166 1102 1117 1118 1103
535 5 2 19 1 443 458 459 444 2165 2195 2197 2167
536 5 2 19 1 2165 2195 2197 2167 2166 2196 2198 2168
537 5 2 19 1 2166 2196 2198 2168 1103 1118 1119 1104
538 5 2 19 1 444 459 460 445 2167 2197 2199 2169
539 5 2 19 1 2167 2197 2199 2169 2168 2198 2200 2170
540 5 2 19 1 2168 2198 2200 2170 1104 1119 1120 1105
541 5 2 19 1 445 460 461 446 2169 2199 2201 2171
542 5 2 19 1 2169 2199 2201 2171 2170 2200 2202 2172
543 5 2 19 1 2170 2200 2202 2172 1105 1120 1121 1106
544 5 2 19 1 446 461 462 447 2171 2201 2203 2173
545 5 2 19 1 2171 2201 2203 2173 2172 2202 2204 2174
546 5 2 19 1 2172 2202 2204 2174 1106 1121 1122 1107
547 5 2 19 1 447 462 463 448 2173 2203 2205 2175
548 5 2 19 1 2173 2203 2205 2175 2174 2204 2206 2176
549 5 2 19 1 2174 2204 2206 2176 1107 1122 1123 1108
550 5 2 19 1 448 463 464 449 2175 2205 2207 2177
551 5 2 19 1 2175 2205 2207 2177 2176 2206 2208 2178
552 5 2 19 1 2176 2206 2208 2178 1108 1123 1124 1109
553 5 2 19 1 449 464 465 450 2177 2207 2209 2179
554 5 2 19 1 2177 2207 2209 2179 2178 2208 2210 2180
555 5 2 19 1 2178 2208 2210 2180 1109 1124 1125 1110
556 5 2 19 1 450 465 466 451 2179 2209 2211 2181
557 5 2 19 1 2179 2209 2211 2181 2180 2210 2212 2182
558 5 2 19 1 2180 2210 2212 2182 1110 1125 1126 1111
559 5 2 19 1 451 466 467 452 2181 2211 2213 2183
560 5 2 19 1 2181 2211 2213 2183 2182 2212 2214 2184
561 5 2 19 1 2182 2212 2214 2184 1111 1126 1127 1112
562 5 2 19 1 452 467 468 453 2183 2213 2215 2185
563 5 2 19 1 2183 2213 2215 2185 2184 2214 2216 2186
564 5 2 19 1 2184 2214 2216 2186 1112 1127 1128 1113
565 5 2 19 1 453 468 469 454 2185 2215 2217 2187
566 5 2 19 1 2185 2215 2217 2187 2186 2216 2218 2188
567 5 2 19 1 2186 2216 2218 2188 1113 1128 1129 1114
568 5 2 19 1 454 469 470 455 2187 2217 2219 2189
569 5 2 19 1 2187 2217 2219 2189 2188 2218 2220 2190
570 5 2 19 1 2188 2218 2220 2190 1114 1129 1130 1115
571 5 2 19 1 455 470 471 456 2189 2219 2221 2191
572 5 2 19 1 2189 2219 2221 2191 2190 2220 2222 2192
573 5 2 19 1 2190 2220 2222 2192 1115 1130 1131 1116
574 5 2 19 1 456 471 145 144 2191 2221 1935 1933
575 5 2 19 1 2191 2221 1935 1933 2192 2222 1936 1934
576 5 2 19 1 2192 2222 1936 1934 1116 1131 308 307
577 5 2 19 1 27 28 472 457 1699 1701 2223 2193
578 5 2 19 1 1699 1701 2223 2193 1700 1702 2224 2194
579 5 2 19 1 1700 1702 2224 2194 190 191 1132 1117
580 5 2 19 1 457 472 473 458 2193 2223 2225 2195
581 5 2 19 1 2193 2223 2225 2195 2194 2224 2226 2196
582 5 2 19 1 2194 2224 2226 2196 1117 1132 1133 1118
583 5 2 19 1 458 473 474 459 2195 2225 2227 2197
584 5 2 19 1 2195 2225 2227 2197 2196 2226 2228 2198
585 5 2 19 1 2196 2226 2228 2198 1118 1133 1134 1119
586 5 2 19 1 459 474 475 460 2197 2227 2229 2199
587 5 2 19 1 2197 2227 2229 2199 2198 2228 2230 2200
588 5 2 19 1 2198 2228 2230 2200 1119 1134 1135 1120
589 5 2 19 1 460 475 476 461 2199 2229 2231 2201
590 5 2 19 1 2199 2229 2231 2201 2200 2230 2232 2202
591 5 2 19 1 2200 2230 2232 2202 1120 1135 1136 1121
592 5 2 19 1 461 476 477 462 2201 2231 2233 2203
593 5 2 19 1 2201 2231 2233 2203 2202 2232 2234 2204
594 5 2 19 1 2202 2232 2234 2204 1121 1136 1137 1122
595 5 2 19 1 462 477 478 463 2203 2233 2235 2205
596 5 2 19 1 2203 2233 2235 2205 2204 2234 2236 2206
597 5 2 19 1 2204 2234 2236 2206 1122 1137 1138 1123
598 5 2 19 1 463 478 479 464 2205 2235 2237 2207
599 5 2 19 1 2205 2235 2237 2207 2206 2236 2238 2208
600 5 2 19 1 2206 2236 2238 2208 1123 1138 1139 1124
601 5 2 19 1 464 479 480 465 2207 2237 2239 2209
602 5 2 19 1 2207 2237 2239 2209 2208 2238 2240 2210
603 5 2 19 1 2208 2238 2240 2210 1124 1139 1140 1125
604 5 2 19 1 465 480 481 466 2209 2239 2241 2211
605 5 2 19 1 2209 2239 2241 2211 2210 2240 2242 2212
606 5 2 19 1 2210 2240 2242 2212 1125 1140 1141 1126
607 5 2 19 1 466 481 482 467 2211 2241 2243 2213
608 5 2 19 1 2211 2241 2243 2213 2212 2242 2244 2214
609 5 2 19 1 2212 2242 2244 2214 1126 1141 1142 1127
610 5 2 19 1 467 482 483 468 2213 2243 2245 2215
611 5 2 19 1 2213 2243 2245 2215 2214 2244 2246 2216
612 5 2 19 1 2214 2244 2246 2216 1127 1142 1143 1128
613 5 2 19 1 468 483 484 469 2215 2245 2247 2217
614 5 2 19 1 2215 2245 2247 2217 2216 2246 2248 2218
615 5 2 19 1 2216 2246 2248 2218 1128 1143 1144 1129
616 5 2 19 1 469 484 485 470 2217 2247 2249 2219
617 5 2 19 1 2217 2247 2249 2219 2218 2248 2250 2220
618 5 2 19 1 2218 2248 2250 2220 1129 1144 1145 1130
619 5 2 19 1 470 485 486 471 2219 2249 2251 2221
620 5 2 19 1 2219 2249 2251 2221 2220 2250 2252 2222
621 5 2 19 1 2220 2250 2252 2222 1130 1145 1146 1131
622 5 2 19 1 471 486 146 145 2221 2251 1937 1935
623 5 2 19 1 2221 2251 1937 1935 2222 2252 1938 1936
624 5 2 19 1 2222 2252 1938 1936 1131 1146 309 308
625 5 2 19 1 28 29 487 472 1701 1703 2253 2223
626 5 2 19 1 1701 1703 2253 2223 1702 1704 2254 2224
627 5 2 19 1 1702 1704 2254 2224 191 192 1147 1132
628 5 2 19 1 472 487 488 473 2223 2253 2255 2225
629 5 2 19 1 2223 2253 2255 2225 2224 2254 2256 2226
630 5 2 19 1 2224 2254 2256 2226 1132 1147 1148 1133
631 5 2 19 1 473 488 489 474 2225 2255 2257 2227
632 5 2 19 1 2225 2255 2257 2227 2226 2256 2258 2228
633 5 2 19 1 2226 2256 2258 2228 1133 1148 1149 1134
634 5 2 19 1 474 489 490 475 2227 2257 2259 2229
635 5 2 19 1 2227 2257 2259 2229 2228 2258 2260 2230
636 5 2 19 1 2228 2258 2260 2230 1134 1149 1150 1135
637 5 2 19 1 475 490 491 476 2229 2259 2261 2231
638 5 2 19 1 2229 2259 2261 2231 2230 2260 2262 2232
639 5 2 19 1 2230 2260 2262 2232 1135 1150 1151 1136
640 5 2 19 1 476 491 492 477 2231 2261 2263 2233
641 5 2 19 1 2231 2261 2263 2233 2232 2262 2264 2234
642 5 2 19 1 2232 2262 2264 2234 1136 1151 1152 1137
643 5 2 19 1 477 492 493 478 2233 2263 2265 2235
644 5 2 19 1 2233 2263 2265 2235 2234 2264 2266 2236
645 5 2 19 1 2234 2264 2266 2236 1137 1152 1153 1138
646 5 2 19 1 478 493 494 479 2235 2265 2267 2237
647 5 2 19 1 2235 2265 2267 2237 2236 2266 2268 2238
648 5 2 19 1 2236 2266 2268 2238 1138 1153 1154 1139
649 5 2 19 1 479 494 495 480 2237 2267 2269 2239
650 5 2 19 1 2237 2267 2269 2239 2238 2268 2270 2240
651 5 2 19 1 2238 2268 2270 2240 1139 1154 1155 1140
652 5 2 19 1 480 495 496 481 2239 2269 2271 2241
653 5 2 19 1 2239 2269 2271 2241 2240 2270 2272 2242
654 5 2 19 1 2240 2270 2272 2242 1140 1155 1156 1141
655 5 2 19 1 481 496 497 482 2241 2271 2273 2243
656 5 2 19 1 2241 2271 2273 2243 2242 2272 2274 2244
657 5 2 19 1 2242 2272 2274 2244 1141 1156 1157 1142
658 5 2 19 1 482 497 498 483 2243 2273 2275 2245
659 5 2 19 1 2243 2273 2275 2245 2244 2274 2276 2246
660 5 2 19 1 2244 2274 2276 2246 1142 1157 1158 1143
661 5 2 19 1 483 498 499 484 2245 2275 2277 2247
662 5 2 19 1 2245 2275 2277 2247 2246 2276 2278 2248
663 5 2 19 1 2246 2276 2278 2248 1143 1158 1159 1144
664 5 2 19 1 484 499 500 485 2247 2277 2279 2249
665 5 2 19 1 2247 2277 2279 2249 2248 2278 2280 2250
666 5 2 19 1 2248 2278 2280 2250 1144 1159 1160 1145
667 5 2 19 1 485 500 501 486 2249 2279 2281 2251
668 5 2 19 1 2249 2279 2281 2251 2250 2280 2282 2252
669 5 2 19 1 2250 2280 2282 2252 1145 1160 1161 1146
670 5 2 19 1 486 501 147 146 2251 2281 1939 1937
671 5 2 19 1 2251 2281 1939 1937 2252 2282 1940 1938
672 5 2 19 1 2252 2282 1940 1938 1146 1161 310 309
673 5 2 19 1 29 30 502 487 1703 1705 2283 2253
674 5 2 19 1 1703 1705 2283 2253 1704 1706 2284 2254
675 5 2 19 1 1704 1706 2284 2254 192 193 1162 1147
676 5 2 19 1 487 502 503 488 2253 2283 2285 2255
677 5 2 19 1 2253 2283 2285 2255 2254 2284 2286 2256
678 5 2 19 1 2254 2284 2286 2256 1147 1162 1163 1148
679 5 2 19 1 488 503 504 489 2255 2285 2287 2257
680 5 2 19 1 2255 2285 2287 2257 2256 2286 2288 2258
681 5 2 19 1 2256 2286 2288 2258 1148 1163 1164 1149
682 5 2 19 1 489 504 505 490 2257 2287 2289 2259
683 5 2 19 1 2257 2287 2289 2259 2258 2288 2290 2260
684 5 2 19 1 2258 2288 2290 2260 1149 1164 1165 1150
685 5 2 19 1 490 505 506 491 2259 2289 2291 2261
686 5 2 19 1 2259 2289 2291 2261 2260 2290 2292 2262
687 5 2 19 1 2260 2290 2292 2262 1150 1165 1166 1151
688 5 2 19 1 491 506 507 492 2261 2291 2293 2263
689 5 2 19 1 2261 2291 2293 2263 2262 2292 2294 2264
690 5 2 19 1 2262 2292 2294 2264 1151 1166 1167 1152
691 5 2 19 1 492 507 508 493 2263 2293 2295 2265
692 5 2 19 1 2263 2293 2295 2265 2264 2294 2296 2266
693 5 2 19 1 2264 2294 2296 2266 1152 1167 1168 1153
694 5 2 19 1 493 508 509 494 2265 2295 2297 2267
695 5 2 19 1 2265 2295 2297 2267 2266 2296 2298 2268
696 5 2 19 1 2266 2296 2298 2268 1153 1168 1169 1154
697 5 2 19 1 494 509 510 495 2267 2297 2299 2269
698 5 2 19 1 2267 2297 2299 2269 2268 2298 2300 2270
699 5 2 19 1 2268 2298 2300 2270 1154 1169 1170 1155
700 5 2 19 1 495 510 511 496 2269 2299 2301 2271
701 5 2 19 1 2269 2299 2301 2271 2270 2300 2302 2272
702 5 2 19 1 2270 2300 2302 2272 1155 1170 1171 1156
703 5 2 19 1 496 511 512 497 2271 2301 2303 2273
704 5 2 19 1 2271 2301 2303 2273 2272 2302 2304 2274
705 5 2 19 1 2272 2302 2304 2274 1156 1171 1172 1157
706 5 2 19 1 497 512 513 498 2273 2303 2305 2275
707 5 2 19 1 2273 2303 2305 2275 2274 2304 2306 2276
708 5 2 19 1 2274 2304 2306 2276 1157 1172 1173 1158
709 5 2 19 1 498 513 514 499 2275 2305 2307 2277
710 5 2 19 1 2275 2305 2307 2277 2276 2306 2308 2278
711 5 2 19 1 2276 2306 2308 2278 1158 1173 1174 1159
712 5 2 19 1 499 514 515 500 2277 2307 2309 2279
713 5 2 19 1 2277 2307 2309 2279 2278 2308 2310 2280
714 5 2 19 1 2278 2308 2310 2280 1159 1174 1175 1160
715 5 2 19 1 500 515 516 501 2279 2309 2311 2281
716 5 2 19 1 2279 2309 2311 2281 2280 2310 2312 2282
717 5 2 19 1 2280 2310 2312 2282 1160 1175 1176 1161
718 5 2 19 1 501 516 148 147 2281 2311 1941 1939
719 5 2 19 1 2281 2311 1941 1939 2282 2312 1942 1940
720 5 2 19 1 2282 2312 1942 1940 1161 1176 311 310
721 5 2 19 1 30 31 517 502 1705 1707 2313 2283
722 5 2 19 1 1705 1707 2313 2283 1706 1708 2314 2284
723 5 2 19 1 1706 1708 2314 2284 193 194 1177 1162
724 5 2 19 1 502 517 518 503 2283 2313 2315 2285
725 5 2 19 1 2283 2313 2315 2285 2284 2314 2316 2286
726 5 2 19 1 2284 2314 2316 2286 1162 1177 1178 1163
727 5 2 19 1 503 518 519 504 2285 2315 2317 2287
728 5 2 19 1 2285 2315 2317 2287 2286 2316 2318 2288
729 5 2 19 1 2286 2316 2318 2288 1163 1178 1179 1164
730 5 2 19 1 504 519 520 505 2287 2317 2319 2289
731 5 2 19 1 2287 2317 2319 2289 2288 2318 2320 2290
732 5 2 19 1 2288 2318 2320 2290 1164 1179 1180 1165
733 5 2 19 1 505 520 521 506 2289 2319 2321 2291
734 5 2 19 1 2289 2319 2321 2291 2290 2320 2322 2292
735 5 2 19 1 2290 2320 2322 2292 1165 1180 1181 1166
736 5 2 19 1 506 521 522 507 2291 2321 2323 2293
737 5 2 19 1 2291 2321 2323 2293 2292 2322 2324 2294
738 5 2 19 1 2292 2322 2324 2294 1166 1181 1182 1167
739 5 2 19 1 507 522 523 508 2293 2323 2325 2295
740 5 2 19 1 2293 2323 2325 2295 2294 2324 2326 2296
741 5 2 19 1 2294 2324 2326 2296 1167 1182 1183 1168
742 5 2 19 1 508 523 524 509 2295 2325 2327 2297
743 5 2 19 1 2295 2325 2327 2297 2296 2326 2328 2298
744 5 2 19 1 2296 2326 2328 2298 1168 1183 1184 1169
745 5 2 19 1 509 524 525 510 2297 2327 2329 2299
746 5 2 19 1 2297 2327 2329 2299 2298 2328 2330 2300
747 5 2 19 1 2298 2328 2330 2300 1169 1184 1185 1170
748 5 2 19 1 510 525 526 511 2299 2329 2331 2301
749 5 2 19 1 2299 2329 2331 2301 2300 2330 2332 2302
750 5 2 19 1 2300 2330 2332 2302 1170 1185 1186 1171
751 5 2 19 1 511 526 527 512 2301 2331 2333 2303
752 5 2 19 1 2301 2331 2333 2303 2302 2332 2334 2304
753 5 2 19 1 2302 2332 2334 2304 1171 1186 1187 1172
754 5 2 19 1 512 527 528 513 2303 2333 2335 2305
755 5 2 19 1 2303 2333 2335 2305 2304 2334 2336 2306
756 5 2 19 1 2304 2334 2336 2306 1172 1187 1188 1173
757 5 2 19 1 513 528 529 514 2305 2335 2337 2307
758 5 2 19 1 2305 2335 2337 2307 2306 2336 2338 2308
759 5 2 19 1 2306 2336 2338 2308 1173 1188 1189 1174
760 5 2 19 1 514 529 530 515 2307 2337 2339 2309
761 5 2 19 1 2307 2337 2339 2309 2308 2338 2340 2310
762 5 2 19 1 2308 2338 2340 2310 1174 1189 1190 1175
763 5 2 19 1 515 530 531 516 2309 2339 2341 2311
764 5 2 19 1 2309 2339 2341 2311 2310 2340 2342 2312
765 5 2 19 1 2310 2340 2342 2312 1175 1190 1191 1176
766 5 2 19 1 516 531 149 148 2311 2341 1943 1941
767 5 2 19 1 2311 2341 1943 1941 2312 2342 1944 1942
768 5 2 19 1 2312 2342 1944 1942 1176 1191 312 311
769 5 2 19 1 31 32 532 517 1707 1709 2343 2313
770 5 2 19 1 1707 1709 2343 2313 1708 1710 2344 2314
771 5 2 19 1 1708 1710 2344 2314 194 195 1192 1177
772 5 2 19 1 517 532 533 518 2313 2343 2345 2315
773 5 2 19 1 2313 2343 2345 2315 2314 2344 2346 2316
774 5 2 19 1 2314 2344 2346 2316 1177 1192 1193 1178
775 5 2 19 1 518 533 534 519 2315 2345 2347 2317
776 5 2 19 1 2315 2345 2347 2317 2316 2346 2348 2318
777 5 2 19 1 2316 2346 2348 2318 1178 1193 1194 1179
778 5 2 19 1 519 534 535 520 2317 2347 2349 2319
779 5 2 19 1 2317 2347 2349 2319 2318 2348 2350 2320
780 5 2 19 1 2318 2348 2350 2320 1179 1194 1195 1180
781 5 2 19 1 520 535 536 521 2319 2349 2351 2321
782 5 2 19 1 2319 2349 2351 2321 2320 2350 2352 2322
783 5 2 19 1 2320 2350 2352 2322 1180 1195 1196 1181
784 5 2 19 1 521 536 537 522 2321 2351 2353 2323
785 5 2 19 1 2321 2351 2353 2323 2322 2352 2354 2324
786 5 2 19 1 2322 2352 2354 2324 1181 1196 1197 1182
787 5 2 19 1 522 537 538 523 2323 2353 2355 2325
788 5 2 19 1 2323 2353 2355 2325 2324 2354 2356 2326
789 5 2 19 1 2324 2354 2356 2326 1182 1197 1198 1183
790 5 2 19 1 523 538 539 524 2325 2355 2357 2327
791 5 2 19 1 2325 2355 2357 2327 2326 2356 2358 2328
792 5 2 19 1 2326 2356 2358 2328 1183 1198 1199 1184
793 5 2 19 1 524 539 540 525 2327 2357 2359 2329
794 5 2 19 1 2327 2357 2359 2329 2328 2358 2360 2330
795 5 2 19 1 2328 2358 2360 2330 1184 1199 1200 1185
796 5 2 19 1 525 540 541 526 2329 2359 2361 2331
797 5 2 19 1 2329 2359 2361 2331 2330 2360 2362 2332
798 5 2 19 1 2330 2360 2362 2332 1185 1200 1201 1186
799 5 2 19 1 526 541 542 527 2331 2361 2363 2333
800 5 2 19 1 2331 2361 2363 2333 2332 2362 2364 2334
801 5 2 19 1 2332 2362 2364 2334 1186 1201 1202 1187
802 5 2 19 1 527 542 543 528 2333 2363 2365 2335
803 5 2 19 1 2333 2363 2365 2335 2334 2364 2366 2336
804 5 2 19 1 2334 2364 2366 2336 1187 1202 1203 1188
805 5 2 19 1 528 543 544 529 2335 2365 2367 2337
806 5 2 19 1 2335 2365 2367 2337 2336 2366 2368 2338
807 5 2 19 1 2336 2366 2368 2338 1188 1203 1204 1189
808 5 2 19 1 529 544 545 530 2337 2367 2369 2339
809 5 2 19 1 2337 2367 2369 2339 2338 2368 2370 2340
810 5 2 19 1 2338 2368 2370 2340 1189 1204 1205 1190
811 5 2 19 1 530 545 546 531 2339 2369 2371 2341
812 5 2 19 1 2339 2369 2371 2341 2340 2370 2372 2342
813 5 2 19 1 2340 2370 2372 2342 1190 1205 1206 1191
814 5 2 19 1 531 546 150 149 2341 2371 1945 1943
815 5 2 19 1 2341 2371 1945 1943 2342 2372 1946 1944
816 5 2 19 1 2342 2372 1946 1944 1191 1206 313 312
817 5 2 19 1 32 33 547 532 1709 1711 2373 2343
818 5 2 19 1 1709 1711 2373 2343 1710 1712 2374 2344
819 5 2 19 1 1710 1712 2374 2344 195 196 1207 1192
820 5 2 19 1 532 547 548 533 2343 2373 2375 2345
821 5 2 19 1 2343 2373 2375 2345 2344 2374 2376 2346
822 5 2 19 1 2344 2374 2376 2346 1192 1207 1208 1193
823 5 2 19 1 533 548 549 534 2345 2375 2377 2347
824 5 2 19 1 2345 2375 2377 2347 2346 2376 2378 2348
825 5 2 19 1 2346 2376 2378 2348 1193 1208 1209 1194
826 5 2 19 1 534 549 550 535 2347 2377 2379 2349
827 5 2 19 1 2347 2377 2379 2349 2348 2378 2380 2350
828 5 2 19 1 2348 2378 2380 2350 1194 1209 1210 1195
829 5 2 19 1 535 550 551 536 2349 2379 2381 2351
830 5 2 19 1 2349 2379 2381 2351 2350 2380 2382 2352
831 5 2 19 1 2350 2380 2382 2352 1195 1210 1211 1196
832 5 2 19 1 536 551 552 537 2351 2381 2383 2353
833 5 2 19 1 2351 2381 2383 2353 2352 2382 2384 2354
834 5 2 19 1 2352 2382 2384 2354 1196 1211 1212 1197
835 5 2 19 1 537 552 553 538 2353 2383 2385 2355
836 5 2 19 1 2353 2383 2385 2355 2354 2384 2386 2356
837 5 2 19 1 2354 2384 2386 2356 1197 1212 1213 1198
838 5 2 19 1 538 553 554 539 2355 2385 2387 2357
839 5 2 19 1 2355 2385 2387 2357 2356 2386 2388 2358
840 5 2 19 1 2356 2386 2388 2358 1198 1213 1214 1199
841 5 2 19 1 539 554 555 540 2357 2387 2389 2359
842 5 2 19 1 2357 2387 2389 2359 2358 2388 2390 2360
843 5 2 19 1 2358 2388 2390 2360 1199 1214 1215 1200
844 5 2 19 1 540 555 556 541 2359 2389 2391 2361
845 5 2 19 1 2359 2389 2391 2361 2360 2390 2392 2362
846 5 2 19 1 2360 2390 2392 2362 1200 1215 1216 1201
847 5 2 19 1 541 556 557 542 2361 2391 2393 2363
848 5 2 19 1 2361 2391 2393 2363 2362 2392 2394 2364
849 5 2 19 1 2362 2392 2394 2364 1201 1216 1217 1202
850 5 2 19 1 542 557 558 543 2363 2393 2395 2365
851 5 2 19 1 2363 2393 2395 2365 2364 2394 2396 2366
852 5 2 19 1 2364 2394 2396 2366 1202 1217 1218 1203
853 5 2 19 1 543 558 559 544 2365 2395 2397 2367
854 5 2 19 1 2365 2395 2397 2367 2366 2396 2398 2368
855 5 2 19 1 2366 2396 2398 2368 1203 1218 1219 1204
856 5 2 19 1 544 559 560 545 2367 2397 2399 2369
857 5 2 19 1 2367 2397 2399 2369 2368 2398 2400 2370
858 5 2 19 1 2368 2398 2400 2370 1204 1219 1220 1205
859 5 2 19 1 545 560 561 546 2369 2399 2401 2371
860 5 2 19 1 2369 2399 2401 2371 2370 2400 2402 2372
861 5 2 19 1 2370 2400 2402 2372 1205 1220 1221 1206
862 5 2 19 1 546 561 151 150 2371 2401 1947 1945
863 5 2 19 1 2371 2401 1947 1945 2372 2402 1948 1946
864 5 2 19 1 2372 2402 1948 1946 1206 1221 314 313
865 5 2 19 1 33 34 562 547 1711 1713 2403 2373
866 5 2 19 1 1711 1713 2403 2373 1712 1714 2404 2374
867 5 2 19 1 1712 1714 2404 2374 196 197 1222 1207
868 5 2 19 1 547 562 563 548 2373 2403 2405 2375
869 5 2 19 1 2373 2403 2405 2375 2374 2404 2406 2376
870 5 2 19 1 2374 2404 2406 2376 1207 1222 1223 1208
871 5 2 19 1 548 563 564 549 2375 2405 2407 2377
872 5 2 19 1 2375 2405 2407 2377 2376 2406 2408 2378
873 5 2 19 1 2376 2406 2408 2378 1208 1223 1224 1209
874 5 2 19 1 549 564 565 550 2377 2407 2409 2379
875 5 2 19 1 2377 2407 2409 2379 2378 2408 2410 2380
876 5 2 19 1 2378 2408 2410 2380 1209 1224 1225 1210
877 5 2 19 1 550 565 566 551 2379 2409 2411 2381
878 5 2 19 1 2379 2409 2411 2381 2380 2410 2412 2382
879 5 2 19 1 2380 2410 2412 2382 1210 1225 1226 1211
880 5 2 19 1 551 566 567 552 2381 2411 2413 2383
881 5 2 19 1 2381 2411 2413 2383 2382 2412 2414 2384
882 5 2 19 1 2382 2412 2414 2384 1211 1226 1227 1212
883 5 2 19 1 552 567 568 553 2383 2413 2415 2385
884 5 2 19 1 2383 2413 2415 2385 2384 2414 2416 2386
885 5 2 19 1 2384 2414 2416 2386 1212 1227 1228 1213
886 5 2 19 1 553 568 569 554 2385 2415 2417 2387
887 5 2 19 1 2385 2415 2417 2387 2386 2416 2418 2388
888 5 2 19 1 2386 2416 2418 2388 1213 1228 1229 1214
889 5 2 19 1 554 569 570 555 2387 2417 2419 2389
890 5 2 19 1 2387 2417 2419 2389 2388 2418 2420 2390
891 5 2 19 1 2388 2418 2420 2390 1214 1229 1230 1215
892 5 2 19 1 555 570 571 556 2389 2419 2421 2391
893 5 2 19 1 2389 2419 2421 2391 2390 2420 2422 2392
894 5 2 19 1 2390 2420 2422 2392 1215 1230 1231 1216
895 5 2 19 1 556 571 572 557 2391 2421 2423 2393
896 5 2 19 1 2391 2421 2423 2393 2392 2422 2424 2394
897 5 2 19 1 2392 2422 2424 2394 1216 1231 1232 1217
898 5 2 19 1 557 572 573 558 2393 2423 2425 2395
899 5 2 19 1 2393 2423 2425 2395 2394 2424 2426 2396
900 5 2 19 1 2394 2424 2426 2396 1217 1232 1233 1218
901 5 2 19 1 558 573 574 559 2395 2425 2427 2397
902 5 2 19 1 2395 2425 2427 2397 2396 2426 2428 2398
903 5 2 19 1 2396 2426 2428 2398 1218 1233 1234 1219
904 5 2 19 1 559 574 575 560 2397 2427 2429 2399
905 5 2 19 1 2397 2427 2429 2399 2398 2428 2430 2400
906 5 2 19 1 2398 2428 2430 2400 1219 1234 1235 1220
907 5 2 19 1 560 575 576 561 2399 2429 2431 2401
908 5 2 19 1 2399 2429 2431 2401 2400 2430 2432 2402
909 5 2 19 1 2400 2430 2432 2402 1220 1235 1236 1221
910 5 2 19 1 561 576 152 151 2401 2431 1949 1947
911 5 2 19 1 2401 2431 1949 1947 2402 2432 1950 1948
912 5 2 19 1 2402 2432 1950 1948 1221 1236 315 314
913 5 2 19 1 34 35 577 562 1713 1715 2433 2403
914 5 2 19 1 1713 1715 2433 2403 1714 1716 2434 2404
915 5 2 19 1 1714 1716 2434 2404 197 198 1237 1222
916 5 2 19 1 562 577 578 563 2403 2433 2435 2405
917 5 2 19 1 2403 2433 2435 2405 2404 2434 2436 2406
918 5 2 19 1 2404 2434 2436 2406 1222 1237 1238 1223
919 5 2 19 1 563 578 579 564 2405 2435 2437 2407
920 5 2 19 1 2405 2435 2437 2407 2406 2436 2438 2408
921 5 2 19 1 2406 2436 2438 2408 1223 1238 1239 1224
922 5 2 19 1 564 579 580 565 2407 2437 2439 2409
923 5 2 19 1 2407 2437 2439 2409 2408 2438 2440 2410
924 5 2 19 1 2408 2438 2440 2410 1224 1239 1240 1225
925 5 2 19 1 565 580 581 566 2409 2439 2441 2411
926 5 2 19 1 2409 2439 2441 2411 2410 2440 2442 2412
927 5 2 19 1 2410 2440 2442 2412 1225 1240 1241 1226
928 5 2 19 1 566 581 582 567 2411 2441 2443 2413
929 5 2 19 1 2411 2441 2443 2413 2412 2442 2444 2414
930 5 2 19 1 2412 2442 2444 2414 1226 1241 1242 1227
931 5 2 19 1 567 582 583 568 2413 2443 2445 2415
932 5 2 19 1 2413 2443 2445 2415 2414 2444 2446 2416
933 5 2 19 1 2414 2444 2446 2416 1227 1242 1243 1228
934 5 2 19 1 568 583 584 569 2415 2445 2447 2417
935 5 2 19 1 2415 2445 2447 2417 2416 2446 2448 2418
936 5 2 19 1 2416 2446 2448 2418 1228 1243 1244 1229
937 5 2 19 1 569 584 585 570 2417 2447 2449 2419
938 5 2 19 1 2417 2447 2449 2419 2418 2448 2450 2420
939 5 2 19 1 2418 2448 2450 2420 1229 1244 1245 1230
940 5 2 19 1 570 585 586 571 2419 2449 2451 2421
941 5 2 19 1 2419 2449 2451 2421 2420 2450 2452 2422
942 5 2 19 1 2420 2450 2452 2422 1230 1245 1246 1231
943 5 2 19 1 571 586 587 572 2421 2451 2453 2423
944 5 2 19 1 2421 2451 2453 2423 2422 2452 2454 2424
945 5 2 19 1 2422 2452 2454 2424 1231 1246 1247 1232
946 5 2 19 1 572 587 588 573 2423 2453 2455 2425
947 5 2 19 1 2423 2453 2455 2425 2424 2454 2456 2426
948 5 2 19 1 2424 2454 2456 2426 1232 1247 1248 1233
949 5 2 19 1 573 588 589 574 2425 2455 2457 2427
950 5 2 19 1 2425 2455 2457 2427 2426 2456 2458 2428
951 5 2 19 1 2426 2456 2458 2428 1233 1248 1249 1234
952 5 2 19 1 574 589 590 575 2427 2457 2459 2429
953 5 2 19 1 2427 2457 2459 2429 2428 2458 2460 2430
954 5 2 19 1 2428 2458 2460 2430 1234 1249 1250 1235
955 5 2 19 1 575 590 591 576 2429 2459 2461 2431
956 5 2 19 1 2429 2459 2461 2431 2430 2460 2462 2432
957 5 2 19 1 2430 2460 2462 2432 1235 1250 1251 1236
958 5 2 19 1 576 591 153 152 2431 2461 1951 1949
959 5 2 19 1 2431 2461 1951 1949 2432 2462 1952 1950
960 5 2 19 1 2432 2462 1952 1950 1236 1251 316 315
961 5 2 19 1 35 2 36 577 1715 349 1717 2433
962 5 2 19 1 1715 349 1717 2433 1716 350 1718 2434
963 5 2 19 1 1716 350 1718 2434 198 12 199 1237
964 5 2 19 1 577 36 37 578 2433 1717 1719 2435
965 5 2 19 1 2433 1717 1719 2435 2434 1718 1720 2436
966 5 2 19 1 2434 1718 1720 2436 1237 199 200 1238
967 5 2 19 1 578 37 38 579 2435 1719 1721 2437
968 5 2 19 1 2435 1719 1721 2437 2436 1720 1722 2438
969 5 2 19 1 2436 1720 1722 2438 1238 200 201 1239
970 5 2 19 1 579 38 39 580 2437 1721 1723 2439
971 5 2 19 1 2437 1721 1723 2439 2438 1722 1724 2440
972 5 2 19 1 2438 1722 1724 2440 1239 201 202 1240
973 5 2 19 1 580 39 40 581 2439 1723 1725 2441
974 5 2 19 1 2439 1723 1725 2441 2440 1724 1726 2442
975 5 2 19 1 2440 1724 1726 2442 1240 202 203 1241
976 5 2 19 1 581 40 41 582 2441 1725 1727 2443
977 5 2 19 1 2441 1725 1727 2443 2442 1726 1728 2444
978 5 2 19 1 2442 1726 1728 2444 1241 203 204 1242
979 5 2 19 1 582 41 42 583 2443 1727 1729 2445
980 5 2 19 1 2443 1727 1729 2445 2444 1728 1730 2446
981 5 2 19 1 2444 1728 1730 2446 1242 204 205 1243
982 5 2 19 1 583 42 43 584 2445 1729 1731 2447
983 5 2 19 1 2445 1729 1731 2447 2446 1730 1732 2448
984 5 2 19 1 2446 1730 1732 2448 1243 205 206 1244
985 5 2 19 1 584 43 44 585 2447 1731 1733 2449
986 5 2 19 1 2447 1731 1733 2449 2448 1732 1734 2450
987 5 2 19 1 2448 1732 1734 2450 1244 206 207 1245
988 5 2 19 1 585 44 45 586 2449 1733 1735 2451
989 5 2 19 1 2449 1733 1735 2451 2450 1734 1736 2452
990 5 2 19 1 2450 1734 1736 2452 1245 207 208 1246
991 5 2 19 1 586 45 46 587 2451 1735 1737 2453
992 5 2 19 1 2451 1735 1737 2453 2452 1736 1738 2454
993 5 2 19 1 2452 1736 1738 2454 1246 208 209 1247
994 5 2 19 1 587 46 47 588 2453 1737 1739 2455
995 5 2 19 1 2453 1737 1739 2455 2454 1738 1740 2456
996 5 2 19 1 2454 1738 1740 2456 1247 209 210 1248
997 5 2 19 1 588 47 48 589 2455 1739 1741 2457
998 5 2 19 1 2455 1739 1741 2457 2456 1740 1742 2458
999 5 2 19 1 2456 1740 1742 2458 1248 210 211 1249
1000 5 2 19 1 589 48 49 590 2457 1741 1743 2459
1001 5 2 19 1 2457 1741 1743 2459 2458 1742 1744 2460
1002 5 2 19 1 2458 1742 1744 2460 1249 211 212 1250
1003 5 2 19 1 590 49 50 591 2459 1743 1745 2461
1004 5 2 19 1 2459 1743 1745 2461 2460 1744 1746 2462
1005 5 2 19 1 2460 1744 1746 2462 1250 212 213 1251
1006 5 2 19 1 591 50 3 153 2461 1745 351 1951
1007 5 2 19 1 2461 1745 351 1951 2462 1746 352 1952
1008 5 2 19 1 2462 1746 352 1952 1251 213 13 316
1009 5 2 19 2 10 139 592 123 365 1923 2463 1891
1010 5 2 19 2 365 1923 2463 1891 366 1924 2464 1892
1011 5 2 19 2 366 1924 2464 1892 20 302 1252 286
1012 5 2 19 2 123 592 593 122 1891 2463 2465 1889
1013 5 2 19 2 1891 2463 2465 1889 1892 2464 2466 1890
1014 5 2 19 2 1892 2464 2466 1890 286 1252 1253 285
1015 5 2 19 2 122 593 594 121 1889 2465 2467 1887
1016 5 2 19 2 1889 2465 2467 1887 1890 2466 2468 1888
1017 5 2 19 2 1890 2466 2468 1888 285 1253 1254 284
1018 5 2 19 2 121 594 595 120 1887 2467 2469 1885
1019 5 2 19 2 1887 2467 2469 1885 1888 2468 2470 1886
1020 5 2 19 2 1888 2468 2470 1886 284 1254 1255 283
1021 5 2 19 2 120 595 596 119 1885 2469 2471 1883
1022 5 2 19 2 1885 2469 2471 1883 1886 2470 2472 1884
1023 5 2 19 2 1886 2470 2472 1884 283 1255 1256 282
1024 5 2 19 2 119 596 597 118 1883 2471 2473 1881
1025 5 2 19 2 1883 2471 2473 1881 1884 2472 2474 1882
1026 5 2 19 2 1884 2472 2474 1882 282 1256 1257 281
1027 5 2 19 2 118 597 598 117 1881 2473 2475 1879
1028 5 2 19 2 1881 2473 2475 1879 1882 2474 2476 1880
1029 5 2 19 2 1882 2474 2476 1880 281 1257 1258 280
1030 5 2 19 2 117 598 599 116 1879 2475 2477 1877
1031 5 2 19 2 1879 2475 2477 1877 1880 2476 2478 1878
1032 5 2 19 2 1880 2476 2478 1878 280 1258 1259 279
1033 5 2 19 2 116 599 600 115 1877 2477 2479 1875
1034 5 2 19 2 1877 2477 2479 1875 1878 2478 2480 1876
1035 5 2 19 2 1878 2478 2480 1876 279 1259 1260 278
1036 5 2 19 2 115 600 601 114 1875 2479 2481 1873
1037 5 2 19 2 1875 2479 2481 1873 1876 2480 2482 1874
1038 5 2 19 2 1876 2480 2482 1874 278 1260 1261 277
1039 5 2 19 2 114 601 602 113 1873 2481 2483 1871
1040 5 2 19 2 1873 2481 2483 1871 1874 2482 2484 1872
1041 5 2 19 2 1874 2482 2484 1872 277 1261 1262 276
1042 5 2 19 2 113 602 603 112 1871 2483 2485 1869
1043 5 2 19 2 1871 2483 2485 1869 1872 2484 2486 1870
1044 5 2 19 2 1872 2484 2486 1870 276 1262 1263 275
1045 5 2 19 2 112 603 604 111 1869 2485 2487 1867
1046 5 2 19 2 1869 2485 2487 1867 1870 2486 2488 1868
1047 5 2 19 2 1870 2486 2488 1868 275 1263 1264 274
1048 5 2 19 2 111 604 605 110 1867 2487 2489 1865
1049 5 2 19 2 1867 2487 2489 1865 1868 2488 2490 1866
1050 5 2 19 2 1868 2488 2490 1866 274 1264 1265 273
1051 5 2 19 2 110 605 606 109 1865 2489 2491 1863
1052 5 2 19 2 1865 2489 2491 1863 1866 2490 2492 1864
1053 5 2 19 2 1866 2490 2492 1864 273 1265 1266 272
1054 5 2 19 2 109 606 108 9 1863 2491 1861 363
1055 5 2 19 2 1863 2491 1861 363 1864 2492 1862 364
1056 5 2 19 2 1864 2492 1862 364 272 1266 271 19
1057 5 2 19 2 139 140 607 592 1923 1925 2493 2463
1058 5 2 19 2 1923 1925 2493 2463 1924 1926 2494 2464
1059 5 2 19 2 1924 1926 2494 2464 302 303 1267 1252
1060 5 2 19 2 592 607 608 593 2463 2493 2495 2465
1061 5 2 19 2 2463 2493 2495 2465 2464 2494 2496 2466
1062 5 2 19 2 2464 2494 2496 2466 1252 1267 1268 1253
1063 5 2 19 2 593 608 609 594 2465 2495 2497 2467
1064 5 2 19 2 2465 2495 2497 2467 2466 2496 2498 2468
1065 5 2 19 2 2466 2496 2498 2468 1253 1268 1269 1254
1066 5 2 19 2 594 609 610 595 2467 2497 2499 2469
1067 5 2 19 2 2467 2497 2499 2469 2468 2498 2500 2470
1068 5 2 19 2 2468 2498 2500 2470 1254 1269 1270 1255
1069 5 2 19 2 595 610 611 596 2469 2499 2501 2471
1070 5 2 19 2 2469 2499 2501 2471 2470 2500 2502 2472
1071 5 2 19 2 2470 2500 2502 2472 1255 1270 1271 1256
1072 5 2 19 2 596 611 612 597 2471 2501 2503 2473
1073 5 2 19 2 2471 2501 2503 2473 2472 2502 2504 2474
1074 5 2 19 2 2472 2502 2504 2474 1256 1271 1272 1257
1075 5 2 19 2 597 612 613 598 2473 2503 2505 2475
1076 5 2 19 2 2473 2503 2505 2475 2474 2504 2506 2476
1077 5 2 19 2 2474 2504 2506 2476 1257 1272 1273 1258
1078 5 2 19 2 598 613 614 599 2475 2505 2507 2477
1079 5 2 19 2 2475 2505 2507 2477 2476 2506 2508 2478
1080 5 2 19 2 2476 2506 2508 2478 1258 1273 1274 1259
1081 5 2 19 2 599 614 615 600 2477 2507 2509 2479
1082 5 2 19 2 2477 2507 2509 2479 2478 2508 2510 2480
1083 5 2 19 2 2478 2508 2510 2480 1259 1274 1275 1260
1084 5 2 19 2 600 615 616 601 2479 2509 2511 2481
1085 5 2 19 2 2479 2509 2511 2481 2480 2510 2512 2482
1086 5 2 19 2 2480 2510 2512 2482 1260 1275 1276 1261
1087 5 2 19 2 601 616 617 602 2481 2511 2513 2483
1088 5 2 19 2 2481 2511 2513 2483 2482 2512 2514 2484
1089 5 2 19 2 2482 2512 2514 2484 1261 1276 1277 1262
1090 5 2 19 2 602 617 618 603 2483 2513 2515 2485
1091 5 2 19 2 2483 2513 2515 2485 2484 2514 2516 2486
1092 5 2 19 2 2484 2514 2516 2486 1262 1277 1278 1263
1093 5 2 19 2 603 618 619 604 2485 2515 2517 2487
1094 5 2 19 2 2485 2515 2517 2487 2486 2516 2518 2488
1095 5 2 19 2 2486 2516 2518 2488 1263 1278 1279 1264
1096 5 2 19 2 604 619 620 605 2487 2517 2519 2489
1097 5 2 19 2 2487 2517 2519 2489 2488 2518 2520 2490
1098 5 2 19 2 2488 2518 2520 2490 1264 1279 1280 1265
1099 5 2 19 2 605 620 621 606 2489 2519 2521 2491
1100 5 2 19 2 2489 2519 2521 2491 2490 2520 2522 2492
1101 5 2 19 2 2490 2520 2522 2492 1265 1280 1281 1266
1102 5 2 19 2 606 621 107 108 2491 2521 1859 1861
1103 5 2 19 2 2491 2521 1859 1861 2492 2522 1860 1862
1104 5 2 19 2 2492 2522 1860 1862 1266 1281 270 271
1105 5 2 19 2 140 141 622 607 1925 1927 2523 2493
1106 5 2 19 2 1925 1927 2523 2493 1926 1928 2524 2494
1107 5 2 19 2 1926 1928 2524 2494 303 304 1282 1267
1108 5 2 19 2 607 622 623 608 2493 2523 2525 2495
1109 5 2 19 2 2493 2523 2525 2495 2494 2524 2526 2496
1110 5 2 19 2 2494 2524 2526 2496 1267 1282 1283 1268
1111 5 2 19 2 608 623 624 609 2495 2525 2527 2497
1112 5 2 19 2 2495 2525 2527 2497 2496 2526 2528 2498
1113 5 2 19 2 2496 2526 2528 2498 1268 1283 1284 1269
1114 5 2 19 2 609 624 625 610 2497 2527 2529 2499
1115 5 2 19 2 2497 2527 2529 2499 2498 2528 2530 2500
1116 5 2 19 2 2498 2528 2530 2500 1269 1284 1285 1270
1117 5 2 19 2 610 625 626 611 2499 2529 2531 2501
1118 5 2 19 2 2499 2529 2531 2501 2500 2530 2532 2502
1119 5 2 19 2 2500 2530 2532 2502 1270 1285 1286 1271
1120 5 2 19 2 611 626 627 612 2501 2531 2533 2503
1121 5 2 19 2 2501 2531 2533 2503 2502 2532 2534 2504
1122 5 2 19 2 2502 2532 2534 2504 1271 1286 1287 1272
1123 5 2 19 2 612 627 628 613 2503 2533 2535 2505
1124 5 2 19 2 2503 2533 2535 2505 2504 2534 2536 2506
1125 5 2 19 2 2504 2534 2536 2506 1272 1287 1288 1273
1126 5 2 19 2 613 628 629 614 2505 2535 2537 2507
1127 5 2 19 2 2505 2535 2537 2507 2506 2536 2538 2508
1128 5 2 19 2 2506 2536 2538 2508 1273 1288 1289 1274
1129 5 2 19 2 614 629 630 615 2507 2537 2539 2509
1130 5 2 19 2 2507 2537 2539 2509 2508 2538 2540 2510
1131 5 2 19 2 2508 2538 2540 2510 1274 1289 1290 1275
1132 5 2 19 2 615 630 631 616 2509 2539 2541 2511
1133 5 2 19 2 2509 2539 2541 2511 2510 2540 2542 2512
1134 5 2 19 2 2510 2540 2542 2512 1275 1290 1291 1276
1135 5 2 19 2 616 631 632 617 2511 2541 2543 2513
1136 5 2 19 2 2511 2541 2543 2513 2512 2542 2544 2514
1137 5 2 19 2 2512 2542 2544 2514 1276 1291 1292 1277
1138 5 2 19 2 617 632 633 618 2513 2543 2545 2515
1139 5 2 19 2 2513 2543 2545 2515 2514 2544 2546 2516
1140 5 2 19 2 2514 2544 2546 2516 1277 1292 1293 1278
1141 5 2 19 2 618 633 634 619 2515 2545 2547 2517
1142 5 2 19 2 2515 2545 2547 2517 2516 2546 2548 2518
1143 5 2 19 2 2516 2546 2548 2518 1278 1293 1294 1279
1144 5 2 19 2 619 634 635 620 2517 2547 2549 2519
1145 5 2 19 2 2517 2547 2549 2519 2518 2548 2550 2520
1146 5 2 19 2 2518 2548 2550 2520 1279 1294 1295 1280
1147 5 2 19 2 620 635 636 621 2519 2549 2551 2521
1148 5 2 19 2 2519 2549 2551 2521 2520 2550 2552 2522
1149 5 2 19 2 2520 2550 2552 2522 1280 1295 1296 1281
1150 5 2 19 2 621 636 106 107 2521 2551 1857 1859
1151 5 2 19 2 2521 2551 1857 1859 2522 2552 1858 1860
1152 5 2 19 2 2522 2552 1858 1860 1281 1296 269 270
1153 5 2 19 2 141 142 637 622 1927 1929 2553 2523
1154 5 2 19 2 1927 1929 2553 2523 1928 1930 2554 2524
1155 5 2 19 2 1928 1930 2554 2524 304 305 1297 1282
1156 5 2 19 2 622 637 638 623 2523 2553 2555 2525
1157 5 2 19 2 2523 2553 2555 2525 2524 2554 2556 2526
1158 5 2 19 2 2524 2554 2556 2526 1282 1297 1298 1283
1159 5 2 19 2 623 638 639 624 2525 2555 2557 2527
1160 5 2 19 2 2525 2555 2557 2527 2526 2556 2558 2528
1161 5 2 19 2 2526 2556 2558 2528 1283 1298 1299 1284
1162 5 2 19 2 624 639 640 625 2527 2557 2559 2529
1163 5 2 19 2 2527 2557 2559 2529 2528 2558 2560 2530
1164 5 2 19 2 2528 2558 2560 2530 1284 1299 1300 1285
1165 5 2 19 2 625 640 641 626 2529 2559 2561 2531
1166 5 2 19 2 2529 2559 2561 2531 2530 2560 2562 2532
1167 5 2 19 2 2530 2560 2562 2532 1285 1300 1301 1286
1168 5 2 19 2 626 641 642 627 2531 2561 2563 2533
1169 5 2 19 2 2531 2561 2563 2533 2532 2562 2564 2534
1170 5 2 19 2 2532 2562 2564 2534 1286 1301 1302 1287
1171 5 2 19 2 627 642 643 628 2533 2563 2565 2535
1172 5 2 19 2 2533 2563 2565 2535 2534 2564 2566 2536
1173 5 2 19 2 2534 2564 2566 2536 1287 1302 1303 1288
1174 5 2 19 2 628 643 644 629 2535 2565 2567 2537
1175 5 2 19 2 2535 2565 2567 2537 2536 2566 2568 2538
1176 5 2 19 2 2536 2566 2568 2538 1288 1303 1304 1289
1177 5 2 19 2 629 644 645 630 2537 2567 2569 2539
1178 5 2 19 2 2537 2567 2569 2539 2538 2568 2570 2540
1179 5 2 19 2 2538 2568 2570 2540 1289 1304 1305 1290
1180 5 2 19 2 630 645 646 631 2539 2569 2571 2541
1181 5 2 19 2 2539 2569 2571 2541 2540 2570 2572 2542
1182 5 2 19 2 2540 2570 2572 2542 1290 1305 1306 1291
1183 5 2 19 2 631 646 647 632 2541 2571 2573 2543
1184 5 2 19 2 2541 2571 2573 2543 2542 2572 2574 2544
1185 5 2 19 2 2542 2572 2574 2544 1291 1306 1307 1292
1186 5 2 19 2 632 647 648 633 2543 2573 2575 2545
1187 5 2 19 2 2543 2573 2575 2545 2544 2574 2576 2546
1188 5 2 19 2 2544 2574 2576 2546 1292 1307 1308 1293
1189 5 2 19 2 633 648 649 634 2545 2575 2577 2547
1190 5 2 19 2 2545 2575 2577 2547 2546 2576 2578 2548
1191 5 2 19 2 2546 2576 2578 2548 1293 1308 1309 1294
1192 5 2 19 2 634 649 650 635 2547 2577 2579 2549
1193 5 2 19 2 2547 2577 2579 2549 2548 2578 2580 2550
1194 5 2 19 2 2548 2578 2580 2550 1294 1309 1310 1295
1195 5 2 19 2 635 650 651 636 2549 2579 2581 2551
1196 5 2 19 2 2549 2579 2581 2551 2550 2580 2582 2552
1197 5 2 19 2 2550 2580 2582 2552 1295 1310 1311 1296
1198 5 2 19 2 636 651 105 106 2551 2581 1855 1857
1199 5 2 19 2 2551 2581 1855 1857 2552 2582 1856 1858
1200 5 2 19 2 2552 2582 1856 1858 1296 1311 268 269
1201 5 2 19 2 142 143 652 637 1929 1931 2583 2553
1202 5 2 19 2 1929 1931 2583 2553 1930 1932 2584 2554
1203 5 2 19 2 1930 1932 2584 2554 305 306 1312 1297
1204 5 2 19 2 637 652 653 638 2553 2583 2585 2555
1205 5 2 19 2 2553 2583 2585 2555 2554 2584 2586 2556
1206 5 2 19 2 2554 2584 2586 2556 1297 1312 1313 1298
1207 5 2 19 2 638 653 654 639 2555 2585 2587 2557
1208 5 2 19 2 2555 2585 2587 2557 2556 2586 2588 2558
1209 5 2 19 2 2556 2586 2588 2558 1298 1313 1314 1299
1210 5 2 19 2 639 654 655 640 2557 2587 2589 2559
1211 5 2 19 2 2557 2587 2589 2559 2558 2588 2590 2560
1212 5 2 19 2 2558 2588 2590 2560 1299 1314 1315 1300
1213 5 2 19 2 640 655 656 641 2559 2589 2591 2561
1214 5 2 19 2 2559 2589 2591 2561 2560 2590 2592 2562
1215 5 2 19 2 2560 2590 2592 2562 1300 1315 1316 1301
1216 5 2 19 2 641 656 657 642 2561 2591 2593 2563
1217 5 2 19 2 2561 2591 2593 2563 2562 2592 2594 2564
1218 5 2 19 2 2562 2592 2594 2564 1301 1316 1317 1302
1219 5 2 19 2 642 657 658 643 2563 2593 2595 2565
1220 5 2 19 2 2563 2593 2595 2565 2564 2594 2596 2566
1221 5 2 19 2 2564 2594 2596 2566 1302 1317 1318 1303
1222 5 2 19 2 643 658 659 644 2565 2595 2597 2567
1223 5 2 19 2 2565 2595 2597 2567 2566 2596 2598 2568
1224 5 2 19 2 2566 2596 2598 2568 1303 1318 1319 1304
1225 5 2 19 2 644 659 660 645 2567 2597 2599 2569
1226 5 2 19 2 2567 2597 2599 2569 2568 2598 2600 2570
1227 5 2 19 2 2568 2598 2600 2570 1304 1319 1320 1305
1228 5 2 19 2 645 660 661 646 2569 2599 2601 2571
1229 5 2 19 2 2569 2599 2601 2571 2570 2600 2602 2572
1230 5 2 19 2 2570 2600 2602 2572 1305 1320 1321 1306
1231 5 2 19 2 646 661 662 647 2571 2601 2603 2573
1232 5 2 19 2 2571 2601 2603 2573 2572 2602 2604 2574
1233 5 2 19 2 2572 2602 2604 2574 1306 1321 1322 1307
1234 5 2 19 2 647 662 663 648 2573 2603 2605 2575
1235 5 2 19 2 2573 2603 2605 2575 2574 2604 2606 2576
1236 5 2 19 2 2574 2604 2606 2576 1307 1322 1323 1308
1237 5 2 19 2 648 663 664 649 2575 2605 2607 2577
1238 5 2 19 2 2575 2605 2607 2577 2576 2606 2608 2578
1239 5 2 19 2 2576 2606 2608 2578 1308 1323 1324 1309
1240 5 2 19 2 649 664 665 650 2577 2607 2609 2579
1241 5 2 19 2 2577 2607 2609 2579 2578 2608 2610 2580
1242 5 2 19 2 2578 2608 2610 2580 1309 1324 1325 1310
1243 5 2 19 2 650 665 666 651 2579 2609 2611 2581
1244 5 2 19 2 2579 2609 2611 2581 2580 2610 2612 2582
1245 5 2 19 2 2580 2610 2612 2582 1310 1325 1326 1311
1246 5 2 19 2 651 666 104 105 2581 2611 1853 1855
1247 5 2 19 2 2581 2611 1853 1855 2582 2612 1854 1856
1248 5 2 19 2 2582 2612 1854 1856 1311 1326 267 268
1249 5 2 19 2 143 144 667 652 1931 1933 2613 2583
1250 5 2 19 2 1931 1933 2613 2583 1932 1934 2614 2584
1251 5 2 19 2 1932 1934 2614 2584 306 307 1327 1312
1252 5 2 19 2 652 667 668 653 2583 2613 2615 2585
1253 5 2 19 2 2583 2613 2615 2585 2584 2614 2616 2586
1254 5 2 19 2 2584 2614 2616 2586 1312 1327 1328 1313
1255 5 2 19 2 653 668 669 654 2585 2615 2617 2587
1256 5 2 19 2 2585 2615 2617 2587 2586 2616 2618 2588
1257 5 2 19 2 2586 2616 2618 2588 1313 1328 1329 1314
1258 5 2 19 2 654 669 670 655 2587 2617 2619 2589
1259 5 2 19 2 2587 2617 2619 2589 2588 2618 2620 2590
1260 5 2 19 2 2588 2618 2620 2590 1314 1329 1330 1315
1261 5 2 19 2 655 670 671 656 2589 2619 2621 2591
1262 5 2 19 2 2589 2619 2621 2591 2590 2620 2622 2592
1263 5 2 19 2 2590 2620 2622 2592 1315 1330 1331 1316
1264 5 2 19 2 656 671 672 657 2591 2621 2623 2593
1265 5 2 19 2 2591 2621 2623 2593 2592 2622 2624 2594
1266 5 2 19 2 2592 2622 2624 2594 1316 1331 1332 1317
1267 5 2 19 2 657 672 673 658 2593 2623 2625 2595
1268 5 2 19 2 2593 2623 2625 2595 2594 2624 2626 2596
1269 5 2 19 2 2594 2624 2626 2596 1317 1332 1333 1318
1270 5 2 19 2 658 673 674 659 2595 2625 2627 2597
1271 5 2 19 2 2595 2625 2627 2597 2596 2626 2628 2598
1272 5 2 19 2 2596 2626 2628 2598 1318 1333 1334 1319
1273 5 2 19 2 659 674 675 660 2597 2627 2629 2599
1274 5 2 19 2 2597 2627 2629 2599 2598 2628 2630 2600
1275 5 2 19 2 2598 2628 2630 2600 1319 1334 1335 1320
1276 5 2 19 2 660 675 676 661 2599 2629 2631 2601
1277 5 2 19 2 2599 2629 2631 2601 2600 2630 2632 2602
1278 5 2 19 2 2600 2630 2632 2602 1320 1335 1336 1321
1279 5 2 19 2 661 676 677 662 2601 2631 2633 2603
1280 5 2 19 2 2601 2631 2633 2603 2602 2632 2634 2604
1281 5 2 19 2 2602 2632 2634 2604 1321 1336 1337 1322
1282 5 2 19 2 662 677 678 663 2603 2633 2635 2605
1283 5 2 19 2 2603 2633 2635 2605 2604 2634 2636 2606
1284 5 2 19 2 2604 2634 2636 2606 1322 1337 1338 1323
1285 5 2 19 2 663 678 679 664 2605 2635 2637 2607
1286 5 2 19 2 2605 2635 2637 2607 2606 2636 2638 2608
1287 5 2 19 2 2606 2636 2638 2608 1323 1338 1339 1324
1288 5 2 19 2 664 679 680 665 2607 2637 2639 2609
1289 5 2 19 2 2607 2637 2639 2609 2608 2638 2640 2610
1290 5 2 19 2 2608 2638 2640 2610 1324 1339 1340 1325
1291 5 2 19 2 665 680 681 666 2609 2639 2641 2611
1292 5 2 19 2 2609 2639 2641 2611 2610 2640 2642 2612
1293 5 2 19 2 2610 2640 2642 2612 1325 1340 1341 1326
1294 5 2 19 2 666 681 103 104 2611 2641 1851 1853
1295 5 2 19 2 2611 2641 1851 1853 2612 2642 1852 1854
1296 5 2 19 2 2612 2642 1852 1854 1326 1341 266 267
1297 5 2 19 2 144 145 682 667 1933 1935 2643 2613
1298 5 2 19 2 1933 1935 2643 2613 1934 1936 2644 2614
1299 5 2 19 2 1934 1936 2644 2614 307 308 1342 1327
1300 5 2 19 2 667 682 683 668 2613 2643 2645 2615
1301 5 2 19 2 2613 2643 2645 2615 2614 2644 2646 2616
1302 5 2 19 2 2614 2644 2646 2616 1327 1342 1343 1328
1303 5 2 19 2 668 683 684 669 2615 2645 2647 2617
1304 5 2 19 2 2615 2645 2647 2617 2616 2646 2648 2618
1305 5 2 19 2 2616 2646 2648 2618 1328 1343 1344 1329
1306 5 2 19 2 669 684 685 670 2617 2647 2649 2619
1307 5 2 19 2 2617 2647 2649 2619 2618 2648 2650 2620
1308 5 2 19 2 2618 2648 2650 2620 1329 1344 1345 1330
1309 5 2 19 2 670 685 686 671 2619 2649 2651 2621
1310 5 2 19 2 2619 2649 2651 2621 2620 2650 2652 2622
1311 5 2 19 2 2620 2650 2652 2622 1330 1345 1346 1331
1312 5 2 19 2 671 686 687 672 2621 2651 2653 2623
1313 5 2 19 2 2621 2651 2653 2623 2622 2652 2654 2624
1314 5 2 19 2 2622 2652 2654 2624 1331 1346 1347 1332
1315 5 2 19 2 672 687 688 673 2623 2653 2655 2625
1316 5 2 19 2 2623 2653 2655 2625 2624 2654 2656 2626
1317 5 2 19 2 2624 2654 2656 2626 1332 1347 1348 1333
1318 5 2 19 2 673 688 689 674 2625 2655 2657 2627
1319 5 2 19 2 2625 2655 2657 2627 2626 2656 2658 2628
1320 5 2 19 2 2626 2656 2658 2628 1333 1348 1349 1334
1321 5 2 19 2 674 689 690 675 2627 2657 2659 2629
1322 5 2 19 2 2627 2657 2659 2629 2628 2658 2660 2630
1323 5 2 19 2 2628 2658 2660 2630 1334 1349 1350 1335
1324 5 2 19 2 675 690 691 676 2629 2659 2661 2631
1325 5 2 19 2 2629 2659 2661 2631 2630 2660 2662 2632
1326 5 2 19 2 2630 2660 2662 2632 1335 1350 1351 1336
1327 5 2 19 2 676 691 692 677 2631 2661 2663 2633
1328 5 2 19 2 2631 2661 2663 2633 2632 2662 2664 2634
1329 5 2 19 2 2632 2662 2664 2634 1336 1351 1352 1337
1330 5 2 19 2 677 692 693 678 2633 2663 2665 2635
1331 5 2 19 2 2633 2663 2665 2635 2634 2664 2666 2636
1332 5 2 19 2 2634 2664 2666 2636 1337 1352 1353 1338
1333 5 2 19 2 678 693 694 679 2635 2665 2667 2637
1334 5 2 19 2 2635 2665 2667 2637 2636 2666 2668 2638
1335 5 2 19 2 2636 2666 2668 2638 1338 1353 1354 1339
1336 5 2 19 2 679 694 695 680 2637 2667 2669 2639
1337 5 2 19 2 2637 2667 2669 2639 2638 2668 2670 2640
1338 5 2 19 2 2638 2668 2670 2640 1339 1354 1355 1340
1339 5 2 19 2 680 695 696 681 2639 2669 2671 2641
1340 5 2 19 2 2639 2669 2671 2641 2640 2670 2672 2642
1341 5 2 19 2 2640 2670 2672 2642 1340 1355 1356 1341
1342 5 2 19 2 681 696 102 103 2641 2671 1849 1851
1343 5 2 19 2 2641 2671 1849 1851 2642 2672 1850 1852
1344 5 2 19 2 2642 2672 1850 1852 1341 1356 265 266
1345 5 2 19 2 145 146 697 682 1935 1937 2673 2643
1346 5 2 19 2 1935 1937 2673 2643 1936 1938 2674 2644
1347 5 2 19 2 1936 1938 2674 2644 308 309 1357 1342
1348 5 2 19 2 682 697 698 683 2643 2673 2675 2645
1349 5 2 19 2 2643 2673 2675 2645 2644 2674 2676 2646
1350 5 2 19 2 2644 2674 2676 2646 1342 1357 1358 1343
1351 5 2 19 2 683 698 699 684 2645 2675 2677 2647
1352 5 2 19 2 2645 2675 2677 2647 2646 2676 2678 2648
1353 5 2 19 2 2646 2676 2678 2648 1343 1358 1359 1344
1354 5 2 19 2 684 699 700 685 2647 2677 2679 2649
1355 5 2 19 2 2647 2677 2679 2649 2648 2678 2680 2650
1356 5 2 19 2 2648 2678 2680 2650 1344 1359 1360 1345
1357 5 2 19 2 685 700 701 686 2649 2679 2681 2651
1358 5 2 19 2 2649 2679 2681 2651 2650 2680 2682 2652
1359 5 2 19 2 2650 2680 2682 2652 1345 1360 1361 1346
1360 5 2 19 2 686 701 702 687 2651 2681 2683 2653
1361 5 2 19 2 2651 2681 2683 2653 2652 2682 2684 2654
1362 5 2 19 2 2652 2682 2684 2654 1346 1361 1362 1347
1363 5 2 19 2 687 702 703 688 2653 2683 2685 2655
1364 5 2 19 2 2653 2683 2685 2655 2654 2684 2686 2656
1365 5 2 19 2 2654 2684 2686 2656 1347 1362 1363 1348
1366 5 2 19 2 688 703 704 689 2655 2685 2687 2657
1367 5 2 19 2 2655 2685 2687 2657 2656 2686 2688 2658
1368 5 2 19 2 2656 2686 2688 2658 1348 1363 1364 1349
1369 5 2 19 2 689 704 705 690 2657 2687 2689 2659
1370 5 2 19 2 2657 2687 2689 2659 2658 2688 2690 2660
1371 5 2 19 2 2658 2688 2690 2660 1349 1364 1365 1350
1372 5 2 19 2 690 705 706 691 2659 2689 2691 2661
1373 5 2 19 2 2659 2689 2691 2661 2660 2690 2692 2662
1374 5 2 19 2 2660 2690 2692 2662 1350 1365 1366 1351
1375 5 2 19 2 691 706 707 692 2661 2691 2693 2663
1376 5 2 19 2 2661 2691 2693 2663 2662 2692 2694 2664
1377 5 2 19 2 2662 2692 2694 2664 1351 1366 1367 1352
1378 5 2 19 2 692 707 708 693 2663 2693 2695 2665
1379 5 2 19 2 2663 2693 2695 2665 2664 2694 2696 2666
1380 5 2 19 2 2664 2694 2696 2666 1352 1367 1368 1353
1381 5 2 19 2 693 708 709 694 2665 2695 2697 2667
1382 5 2 19 2 2665 2695 2697 2667 2666 2696 2698 2668
1383 5 2 19 2 2666 2696 2698 2668 1353 1368 1369 1354
1384 5 2 19 2 694 709 710 695 2667 2697 2699 2669
1385 5 2 19 2 2667 2697 2699 2669 2668 2698 2700 2670
1386 5 2 19 2 2668 2698 2700 2670 1354 1369 1370 1355
1387 5 2 19 2 695 710 711 696 2669 2699 2701 2671
1388 5 2 19 2 2669 2699 2701 2671 2670 2700 2702 2672
1389 5 2 19 2 2670 2700 2702 2672 1355 1370 1371 1356
1390 5 2 19 2 696 711 101 102 2671 2701 1847 1849
1391 5 2 19 2 2671 2701 1847 1849 2672 2702 1848 1850
1392 5 2 19 2 2672 2702 1848 1850 1356 1371 264 265
1393 5 2 19 2 146 147 712 697 1937 1939 2703 2673
1394 5 2 19 2 1937 1939 2703 2673 1938 1940 2704 2674
1395 5 2 19 2 1938 1940 2704 2674 309 310 1372 1357
1396 5 2 19 2 697 712 713 698 2673 2703 2705 2675
1397 5 2 19 2 2673 2703 2705 2675 2674 2704 2706 2676
1398 5 2 19 2 2674 2704 2706 2676 1357 1372 1373 1358
1399 5 2 19 2 698 713 714 699 2675 2705 2707 2677
1400 5 2 19 2 2675 2705 2707 2677 2676 2706 2708 2678
1401 5 2 19 2 2676 2706 2708 2678 1358 1373 1374 1359
1402 5 2 19 2 699 714 715 700 2677 2707 2709 2679
1403 5 2 19 2 2677 2707 2709 2679 2678 2708 2710 2680
1404 5 2 19 2 2678 2708 2710 2680 1359 1374 1375 1360
1405 5 2 19 2 700 715 716 701 2679 2709 2711 2681
1406 5 2 19 2 2679 2709 2711 2681 2680 2710 2712 2682
1407 5 2 19 2 2680 2710 2712 2682 1360 1375 1376 1361
1408 5 2 19 2 701 716 717 702 2681 2711 2713 2683
1409 5 2 19 2 2681 2711 2713 2683 2682 2712 2714 2684
1410 5 2 19 2 2682 2712 2714 2684 1361 1376 1377 1362
1411 5 2 19 2 702 717 718 703 2683 2713 2715 2685
1412 5 2 19 2 2683 2713 2715 2685 2684 2714 2716 2686
1413 5 2 19 2 2684 2714 2716 2686 1362 1377 1378 1363
1414 5 2 19 2 703 718 719 704 2685 2715 2717 2687
1415 5 2 19 2 2685 2715 2717 2687 2686 2716 2718 2688
1416 5 2 19 2 2686 2716 2718 2688 1363 1378 1379 1364
1417 5 2 19 2 704 719 720 705 2687 2717 2719 2689
1418 5 2 19 2 2687 2717 2719 2689 2688 2718 2720 2690
1419 5 2 19 2 2688 2718 2720 2690 1364 1379 1380 1365
1420 5 2 19 2 705 720 721 706 2689 2719 2721 2691
1421 5 2 19 2 2689 2719 2721 2691 2690 2720 2722 2692
1422 5 2 19 2 2690 2720 2722 2692 1365 1380 1381 1366
1423 5 2 19 2 706 721 722 707 2691 2721 2723 2693
1424 5 2 19 2 2691 2721 2723 2693 2692 2722 2724 2694
1425 5 2 19 2 2692 2722 2724 2694 1366 1381 1382 1367
1426 5 2 19 2 707 722 723 708 2693 2723 2725 2695
1427 5 2 19 2 2693 2723 2725 2695 2694 2724 2726 2696
1428 5 2 19 2 2694 2724 2726 2696 1367 1382 1383 1368
1429 5 2 19 2 708 723 724 709 2695 2725 2727 2697
1430 5 2 19 2 2695 2725 2727 2697 2696 2726 2728 2698
1431 5 2 19 2 2696 2726 2728 2698 1368 1383 1384 1369
1432 5 2 19 2 709 724 725 710 2697 2727 2729 2699
1433 5 2 19 2 2697 2727 2729 2699 2698 2728 2730 2700
1434 5 2 19 2 2698 2728 2730 2700 1369 1384 1385 1370
1435 5 2 19 2 710 725 726 711 2699 2729 2731 2701
1436 5 2 19 2 2699 2729 2731 2701 2700 2730 2732 2702
1437 5 2 19 2 2700 2730 2732 2702 1370 1385 1386 1371
1438 5 2 19 2 711 726 100 101 2701 2731 1845 1847
1439 5 2 19 2 2701 2731 1845 1847 2702 2732 1846 1848
1440 5 2 19 2 2702 2732 1846 1848 1371 1386 263 264
1441 5 2 19 2 147 148 727 712 1939 1941 2733 2703
1442 5 2 19 2 1939 1941 2733 2703 1940 1942 2734 2704
1443 5 2 19 2 1940 1942 2734 2704 310 311 1387 1372
1444 5 2 19 2 712 727 728 713 2703 2733 2735 2705
1445 5 2 19 2 2703 2733 2735 2705 2704 2734 2736 2706
1446 5 2 19 2 2704 2734 2736 2706 1372 1387 1388 1373
1447 5 2 19 2 713 728 729 714 2705 2735 2737 2707
1448 5 2 19 2 2705 2735 2737 2707 2706 2736 2738 2708
1449 5 2 19 2 2706 2736 2738 2708 1373 1388 1389 1374
1450 5 2 19 2 714 729 730 715 2707 2737 2739 2709
1451 5 2 19 2 2707 2737 2739 2709 2708 2738 2740 2710
1452 5 2 19 2 2708 2738 2740 2710 1374 1389 1390 1375
1453 5 2 19 2 715 730 731 716 2709 2739 2741 2711
1454 5 2 19 2 2709 2739 2741 2711 2710 2740 2742 2712
1455 5 2 19 2 2710 2740 2742 2712 1375 1390 1391 1376
1456 5 2 19 2 716 731 732 717 2711 2741 2743 2713
1457 5 2 19 2 2711 2741 2743 2713 2712 2742 2744 2714
1458 5 2 19 2 2712 2742 2744 2714 1376 1391 1392 1377
1459 5 2 19 2 717 732 733 718 2713 2743 2745 2715
1460 5 2 19 2 2713 2743 2745 2715 2714 2744 2746 2716
1461 5 2 19 2 2714 2744 2746 2716 1377 1392 1393 1378
1462 5 2 19 2 718 733 734 719 2715 2745 2747 2717
1463 5 2 19 2 2715 2745 2747 2717 2716 2746 2748 2718
1464 5 2 19 2 2716 2746 2748 2718 1378 1393 1394 1379
1465 5 2 19 2 719 734 735 720 2717 2747 2749 2719
1466 5 2 19 2 2717 2747 2749 2719 2718 2748 2750 2720
1467 5 2 19 2 2718 2748 2750 2720 1379 1394 1395 1380
1468 5 2 19 2 720 735 736 721 2719 2749 2751 2721
1469 5 2 19 2 2719 2749 2751 2721 2720 2750 2752 2722
1470 5 2 19 2 2720 2750 2752 2722 1380 1395 1396 1381
1471 5 2 19 2 721 736 737 722 2721 2751 2753 2723
1472 5 2 19 2 2721 2751 2753 2723 2722 2752 2754 2724
1473 5 2 19 2 2722 2752 2754 2724 1381 1396 1397 1382
1474 5 2 19 2 722 737 738 723 2723 2753 2755 2725
1475 5 2 19 2 2723 2753 2755 2725 2724 2754 2756 2726
1476 5 2 19 2 2724 2754 2756 2726 1382 1397 1398 1383
1477 5 2 19 2 723 738 739 724 2725 2755 2757 2727
1478 5 2 19 2 2725 2755 2757 2727 2726 2756 2758 2728
1479 5 2 19 2 2726 2756 2758 2728 1383 1398 1399 1384
1480 5 2 19 2 724 739 740 725 2727 2757 2759 2729
1481 5 2 19 2 2727 2757 2759 2729 2728 2758 2760 2730
1482 5 2 19 2 2728 2758 2760 2730 1384 1399 1400 1385
1483 5 2 19 2 725 740 741 726 2729 2759 2761 2731
1484 5 2 19 2 2729 2759 2761 2731 2730 2760 2762 2732
1485 5 2 19 2 2730 2760 2762 2732 1385 1400 1401 1386
1486 5 2 19 2 726 741 99 100 2731 2761 1843 1845
1487 5 2 19 2 2731 2761 1843 1845 2732 2762 1844 1846
1488 5 2 19 2 2732 2762 1844 1846 1386 1401 262 263
1489 5 2 19 2 148 149 742 727 1941 1943 2763 2733
1490 5 2 19 2 1941 1943 2763 2733 1942 1944 2764 2734
1491 5 2 19 2 1942 1944 2764 2734 311 312 1402 1387
1492 5 2 19 2 727 742 743 728 2733 2763 2765 2735
1493 5 2 19 2 2733 2763 2765 2735 2734 2764 2766 2736
1494 5 2 19 2 2734 2764 2766 2736 1387 1402 1403 1388
1495 5 2 19 2 728 743 744 729 2735 2765 2767 2737
1496 5 2 19 2 2735 2765 2767 2737 2736 2766 2768 2738
1497 5 2 19 2 2736 2766 2768 2738 1388 1403 1404 1389
1498 5 2 19 2 729 744 745 730 2737 2767 2769 2739
1499 5 2 19 2 2737 2767 2769 2739 2738 2768 2770 2740
1500 5 2 19 2 2738 2768 2770 2740 1389 1404 1405 1390
1501 5 2 19 2 730 745 746 731 2739 2769 2771 2741
1502 5 2 19 2 2739 2769 2771 2741 2740 2770 2772 2742
1503 5 2 19 2 2740 2770 2772 2742 1390 1405 1406 1391
1504 5 2 19 2 731 746 747 732 2741 2771 2773 2743
1505 5 2 19 2 2741 2771 2773 2743 2742 2772 2774 2744
1506 5 2 19 2 2742 2772 2774 2744 1391 1406 1407 1392
1507 5 2 19 2 732 747 748 733 2743 2773 2775 2745
1508 5 2 19 2 2743 2773 2775 2745 2744 2774 2776 2746
1509 5 2 19 2 2744 2774 2776 2746 1392 1407 1408 1393
1510 5 2 19 2 733 748 749 734 2745 2775 2777 2747
1511 5 2 19 2 2745 2775 2777 2747 2746 2776 2778 2748
1512 5 2 19 2 2746 2776 2778 2748 1393 1408 1409 1394
1513 5 2 19 2 734 749 750 735 2747 2777 2779 2749
1514 5 2 19 2 2747 2777 2779 2749 2748 2778 2780 2750
1515 5 2 19 2 2748 2778 2780 2750 1394 1409 1410 1395
1516 5 2 19 2 735 750 751 736 2749 2779 2781 2751
1517 5 2 19 2 2749 2779 2781 2751 2750 2780 2782 2752
1518 5 2 19 2 2750 2780 2782 2752 1395 1410 1411 1396
1519 5 2 19 2 736 751 752 737 2751 2781 2783 2753
1520 5 2 19 2 2751 2781 2783 2753 2752 2782 2784 2754
1521 5 2 19 2 2752 2782 2784 2754 1396 1411 1412 1397
1522 5 2 19 2 737 752 753 738 2753 2783 2785 2755
1523 5 2 19 2 2753 2783 2785 2755 2754 2784 2786 2756
1524 5 2 19 2 2754 2784 2786 2756 1397 1412 1413 1398
1525 5 2 19 2 738 753 754 739 2755 2785 2787 2757
1526 5 2 19 2 2755 2785 2787 2757 2756 2786 2788 2758
1527 5 2 19 2 2756 2786 2788 2758 1398 1413 1414 1399
1528 5 2 19 2 739 754 755 740 2757 2787 2789 2759
1529 5 2 19 2 2757 2787 2789 2759 2758 2788 2790 2760
1530 5 2 19 2 2758 2788 2790 2760 1399 1414 1415 1400
1531 5 2 19 2 740 755 756 741 2759 2789 2791 2761
1532 5 2 19 2 2759 2789 2791 2761 2760 2790 2792 2762
1533 5 2 19 2 2760 2790 2792 2762 1400 1415 1416 1401
1534 5 2 19 2 741 756 98 99 2761 2791 1841 1843
1535 5 2 19 2 2761 2791 1841 1843 2762 2792 1842 1844
1536 5 2 19 2 2762 2792 1842 1844 1401 1416 261 262
1537 5 2 19 2 149 150 757 742 1943 1945 2793 2763
1538 5 2 19 2 1943 1945 2793 2763 1944 1946 2794 2764
1539 5 2 19 2 1944 1946 2794 2764 312 313 1417 1402
1540 5 2 19 2 742 757 758 743 2763 2793 2795 2765
1541 5 2 19 2 2763 2793 2795 2765 2764 2794 2796 2766
1542 5 2 19 2 2764 2794 2796 2766 1402 1417 1418 1403
1543 5 2 19 2 743 758 759 744 2765 2795 2797 2767
1544 5 2 19 2 2765 2795 2797 2767 2766 2796 2798 2768
1545 5 2 19 2 2766 2796 2798 2768 1403 1418 1419 1404
1546 5 2 19 2 744 759 760 745 2767 2797 2799 2769
1547 5 2 19 2 2767 2797 2799 2769 2768 2798 2800 2770
1548 5 2 19 2 2768 2798 2800 2770 1404 1419 1420 1405
1549 5 2 19 2 745 760 761 746 2769 2799 2801 2771
1550 5 2 19 2 2769 2799 2801 2771 2770 2800 2802 2772
1551 5 2 19 2 2770 2800 2802 2772 1405 1420 1421 1406
1552 5 2 19 2 746 761 762 747 2771 2801 2803 2773
1553 5 2 19 2 2771 2801 2803 2773 2772 2802 2804 2774
1554 5 2 19 2 2772 2802 2804 2774 1406 1421 1422 1407
1555 5 2 19 2 747 762 763 748 2773 2803 2805 2775
1556 5 2 19 2 2773 2803 2805 2775 2774 2804 2806 2776
1557 5 2 19 2 2774 2804 2806 2776 1407 1422 1423 1408
1558 5 2 19 2 748 763 764 749 2775 2805 2807 2777
1559 5 2 19 2 2775 2805 2807 2777 2776 2806 2808 2778
1560 5 2 19 2 2776 2806 2808 2778 1408 1423 1424 1409
1561 5 2 19 2 749 764 765 750 2777 2807 2809 2779
1562 5 2 19 2 2777 2807 2809 2779 2778 2808 2810 2780
1563 5 2 19 2 2778 2808 2810 2780 1409 1424 1425 1410
1564 5 2 19 2 750 765 766 751 2779 2809 2811 2781
1565 5 2 19 2 2779 2809 2811 2781 2780 2810 2812 2782
1566 5 2 19 2 2780 2810 2812 2782 1410 1425 1426 1411
1567 5 2 19 2 751 766 767 752 2781 2811 2813 2783
1568 5 2 19 2 2781 2811 2813 2783 2782 2812 2814 2784
1569 5 2 19 2 2782 2812 2814 2784 1411 1426 1427 1412
1570 5 2 19 2 752 767 768 753 2783 2813 2815 2785
1571 5 2 19 2 2783 2813 2815 2785 2784 2814 2816 2786
1572 5 2 19 2 2784 2814 2816 2786 1412 1427 1428 1413
1573 5 2 19 2 753 768 769 754 2785 2815 2817 2787
1574 5 2 19 2 2785 2815 2817 2787 2786 2816 2818 2788
1575 5 2 19 2 2786 2816 2818 2788 1413 1428 1429 1414
1576 5 2 19 2 754 769 770 755 2787 2817 2819 2789
1577 5 2 19 2 2787 2817 2819 2789 2788 2818 2820 2790
1578 5 2 19 2 2788 2818 2820 2790 1414 1429 1430 1415
1579 5 2 19 2 755 770 771 756 2789 2819 2821 2791
1580 5 2 19 2 2789 2819 2821 2791 2790 2820 2822 2792
1581 5 2 19 2 2790 2820 2822 2792 1415 1430 1431 1416
1582 5 2 19 2 756 771 97 98 2791 2821 1839 1841
1583 5 2 19 2 2791 2821 1839 1841 2792 2822 1840 1842
1584 5 2 19 2 2792 2822 1840 1842 1416 1431 260 261
1585 5 2 19 2 150 151 772 757 1945 1947 2823 2793
1586 5 2 19 2 1945 1947 2823 2793 1946 1948 2824 2794
1587 5 2 19 2 1946 1948 2824 2794 313 314 1432 1417
1588 5 2 19 2 757 772 773 758 2793 2823 2825 2795
1589 5 2 19 2 2793 2823 2825 2795 2794 2824 2826 2796
1590 5 2 19 2 2794 2824 2826 2796 1417 1432 1433 1418
1591 5 2 19 2 758 773 774 759 2795 2825 2827 2797
1592 5 2 19 2 2795 2825 2827 2797 2796 2826 2828 2798
1593 5 2 19 2 2796 2826 2828 2798 1418 1433 1434 1419
1594 5 2 19 2 759 774 775 760 2797 2827 2829 2799
1595 5 2 19 2 2797 2827 2829 2799 2798 2828 2830 2800
1596 5 2 19 2 2798 2828 2830 2800 1419 1434 1435 1420
1597 5 2 19 2 760 775 776 761 2799 2829 2831 2801
1598 5 2 19 2 2799 2829 2831 2801 2800 2830 2832 2802
1599 5 2 19 2 2800 2830 2832 2802 1420 1435 1436 1421
1600 5 2 19 2 761 776 777 762 2801 2831 2833 2803
1601 5 2 19 2 2801 2831 2833 2803 2802 2832 2834 2804
1602 5 2 19 2 2802 2832 2834 2804 1421 1436 1437 1422
1603 5 2 19 2 762 777 778 763 2803 2833 2835 2805
1604 5 2 19 2 2803 2833 2835 2805 2804 2834 2836 2806
1605 5 2 19 2 2804 2834 2836 2806 1422 1437 1438 1423
1606 5 2 19 2 763 778 779 764 2805 2835 2837 2807
1607 5 2 19 2 2805 2835 2837 2807 2806 2836 2838 2808
1608 5 2 19 2 2806 2836 2838 2808 1423 1438 1439 1424
1609 5 2 19 2 764 779 780 765 2807 2837 2839 2809
1610 5 2 19 2 2807 2837 2839 2809 2808 2838 2840 2810
1611 5 2 19 2 2808 2838 2840 2810 1424 1439 1440 1425
1612 5 2 19 2 765 780 781 766 2809 2839 2841 2811
1613 5 2 19 2 2809 2839 2841 2811 2810 2840 2842 2812
1614 5 2 19 2 2810 2840 2842 2812 1425 1440 1441 1426
1615 5 2 19 2 766 781 782 767 2811 2841 2843 2813
1616 5 2 19 2 2811 2841 2843 2813 2812 2842 2844 2814
1617 5 2 19 2 2812 2842 2844 2814 1426 1441 1442 1427
1618 5 2 19 2 767 782 783 768 2813 2843 2845 2815
1619 5 2 19 2 2813 2843 2845 2815 2814 2844 2846 2816
1620 5 2 19 2 2814 2844 2846 2816 1427 1442 1443 1428
1621 5 2 19 2 768 783 784 769 2815 2845 2847 2817
1622 5 2 19 2 2815 2845 2847 2817 2816 2846 2848 2818
1623 5 2 19 2 2816 2846 2848 2818 1428 1443 1444 1429
1624 5 2 19 2 769 784 785 770 2817 2847 2849 2819
1625 5 2 19 2 2817 2847 2849 2819 2818 2848 2850 2820
1626 5 2 19 2 2818 2848 2850 2820 1429 1444 1445 1430
1627 5 2 19 2 770 785 786 771 2819 2849 2851 2821
1628 5 2 19 2 2819 2849 2851 2821 2820 2850 2852 2822
1629 5 2 19 2 2820 2850 2852 2822 1430 1445 1446 1431
1630 5 2 19 2 771 786 96 97 2821 2851 1837 1839
1631 5 2 19 2 2821 2851 1837 1839 2822 2852 1838 1840
1632 5 2 19 2 2822 2852 1838 1840 1431 1446 259 260
1633 5 2 19 2 151 152 787 772 1947 1949 2853 2823
1634 5 2 19 2 1947 1949 2853 2823 1948 1950 2854 2824
1635 5 2 19 2 1948 1950 2854 2824 314 315 1447 1432
1636 5 2 19 2 772 787 788 773 2823 2853 2855 2825
1637 5 2 19 2 2823 2853 2855 2825 2824 2854 2856 2826
1638 5 2 19 2 2824 2854 2856 2826 1432 1447 1448 1433
1639 5 2 19 2 773 788 789 774 2825 2855 2857 2827
1640 5 2 19 2 2825 2855 2857 2827 2826 2856 2858 2828
1641 5 2 19 2 2826 2856 2858 2828 1433 1448 1449 1434
1642 5 2 19 2 774 789 790 775 2827 2857 2859 2829
1643 5 2 19 2 2827 2857 2859 2829 2828 2858 2860 2830
1644 5 2 19 2 2828 2858 2860 2830 1434 1449 1450 1435
1645 5 2 19 2 775 790 791 776 2829 2859 2861 2831
1646 5 2 19 2 2829 2859 2861 2831 2830 2860 2862 2832
1647 5 2 19 2 2830 2860 2862 2832 1435 1450 1451 1436
1648 5 2 19 2 776 791 792 777 2831 2861 2863 2833
1649 5 2 19 2 2831 2861 2863 2833 2832 2862 2864 2834
1650 5 2 19 2 2832 2862 2864 2834 1436 1451 1452 1437
1651 5 2 19 2 777 792 793 778 2833 2863 2865 2835
1652 5 2 19 2 2833 2863 2865 2835 2834 2864 2866 2836
1653 5 2 19 2 2834 2864 2866 2836 1437 1452 1453 1438
1654 5 2 19 2 778 793 794 779 2835 2865 2867 2837
1655 5 2 19 2 2835 2865 2867 2837 2836 2866 2868 2838
1656 5 2 19 2 2836 2866 2868 2838 1438 1453 1454 1439
1657 5 2 19 2 779 794 795 780 2837 2867 2869 2839
1658 5 2 19 2 2837 2867 2869 2839 2838 2868 2870 2840
1659 5 2 19 2 2838 2868 2870 2840 1439 1454 1455 1440
1660 5 2 19 2 780 795 796 781 2839 2869 2871 2841
1661 5 2 19 2 2839 2869 2871 2841 2840 2870 2872 2842
1662 5 2 19 2 2840 2870 2872 2842 1440 1455 1456 1441
1663 5 2 19 2 781 796 797 782 2841 2871 2873 2843
1664 5 2 19 2 2841 2871 2873 2843 2842 2872 2874 2844
1665 5 2 19 2 2842 2872 2874 2844 1441 1456 1457 1442
1666 5 2 19 2 782 797 798 783 2843 2873 2875 2845
1667 5 2 19 2 2843 2873 2875 2845 2844 2874 2876 2846
1668 5 2 19 2 2844 2874 2876 2846 1442 1457 1458 1443
1669 5 2 19 2 783 798 799 784 2845 2875 2877 2847
1670 5 2 19 2 2845 2875 2877 2847 2846 2876 2878 2848
1671 5 2 19 2 2846 2876 2878 2848 1443 1458 1459 1444
1672 5 2 19 2 784 799 800 785 2847 2877 2879 2849
1673 5 2 19 2 2847 2877 2879 2849 2848 2878 2880 2850
1674 5 2 19 2 2848 2878 2880 2850 1444 1459 1460 1445
1675 5 2 19 2 785 800 801 786 2849 2879 2881 2851
1676 5 2 19 2 2849 2879 2881 2851 2850 2880 2882 2852
1677 5 2 19 2 2850 2880 2882 2852 1445 1460 1461 1446
1678 5 2 19 2 786 801 95 96 2851 2881 1835 1837
1679 5 2 19 2 2851 2881 1835 1837 2852 2882 1836 1838
1680 5 2 19 2 2852 2882 1836 1838 1446 1461 258 259
1681 5 2 19 2 152 153 802 787 1949 1951 2883 2853
1682 5 2 19 2 1949 1951 2883 2853 1950 1952 2884 2854
1683 5 2 19 2 1950 1952 2884 2854 315 316 1462 1447
1684 5 2 19 2 787 802 803 788 2853 2883 2885 2855
1685 5 2 19 2 2853 2883 2885 2855 2854 2884 2886 2856
1686 5 2 19 2 2854 2884 2886 2856 1447 1462 1463 1448
1687 5 2 19 2 788 803 804 789 2855 2885 2887 2857
1688 5 2 19 2 2855 2885 2887 2857 2856 2886 2888 2858
1689 5 2 19 2 2856 2886 2888 2858 1448 1463 1464 1449
1690 5 2 19 2 789 804 805 790 2857 2887 2889 2859
1691 5 2 19 2 2857 2887 2889 2859 2858 2888 2890 2860
1692 5 2 19 2 2858 2888 2890 2860 1449 1464 1465 1450
1693 5 2 19 2 790 805 806 791 2859 2889 2891 2861
1694 5 2 19 2 2859 2889 2891 2861 2860 2890 2892 2862
1695 5 2 19 2 2860 2890 2892 2862 1450 1465 1466 1451
1696 5 2 19 2 791 806 807 792 2861 2891 2893 2863
1697 5 2 19 2 2861 2891 2893 2863 2862 2892 2894 2864
1698 5 2 19 2 2862 2892 2894 2864 1451 1466 1467 1452
1699 5 2 19 2 792 807 808 793 2863 2893 2895 2865
1700 5 2 19 2 2863 2893 2895 2865 2864 2894 2896 2866
1701 5 2 19 2 2864 2894 2896 2866 1452 1467 1468 1453
1702 5 2 19 2 793 808 809 794 2865 2895 2897 2867
1703 5 2 19 2 2865 2895 2897 2867 2866 2896 2898 2868
1704 5 2 19 2 2866 2896 2898 2868 1453 1468 1469 1454
1705 5 2 19 2 794 809 810 795 2867 2897 2899 2869
1706 5 2 19 2 2867 2897 2899 2869 2868 2898 2900 2870
1707 5 2 19 2 2868 2898 2900 2870 1454 1469 1470 1455
1708 5 2 19 2 795 810 811 796 2869 2899 2901 2871
1709 5 2 19 2 2869 2899 2901 2871 2870 2900 2902 2872
1710 5 2 19 2 2870 2900 2902 2872 1455 1470 1471 1456
1711 5 2 19 2 796 811 812 797 2871 2901 2903 2873
1712 5 2 19 2 2871 2901 2903 2873 2872 2902 2904 2874
1713 5 2 19 2 2872 2902 2904 2874 1456 1471 1472 1457
1714 5 2 19 2 797 812 813 798 2873 2903 2905 2875
1715 5 2 19 2 2873 2903 2905 2875 2874 2904 2906 2876
1716 5 2 19 2 2874 2904 2906 2876 1457 1472 1473 1458
1717 5 2 19 2 798 813 814 799 2875 2905 2907 2877
1718 5 2 19 2 2875 2905 2907 2877 2876 2906 2908 2878
1719 5 2 19 2 2876 2906 2908 2878 1458 1473 1474 1459
1720 5 2 19 2 799 814 815 800 2877 2907 2909 2879
1721 5 2 19 2 2877 2907 2909 2879 2878 2908 2910 2880
1722 5 2 19 2 2878 2908 2910 2880 1459 1474 1475 1460
1723 5 2 19 2 800 815 816 801 2879 2909 2911 2881
1724 5 2 19 2 2879 2909 2911 2881 2880 2910 2912 2882
1725 5 2 19 2 2880 2910 2912 2882 1460 1475 1476 1461
1726 5 2 19 2 801 816 94 95 2881 2911 1833 1835
1727 5 2 19 2 2881 2911 1833 1835 2882 2912 1834 1836
1728 5 2 19 2 2882 2912 1834 1836 1461 1476 257 258
1729 5 2 19 2 153 3 154 802 1951 351 1953 2883
1730 5 2 19 2 1951 351 1953 2883 1952 352 1954 2884
1731 5 2 19 2 1952 352 1954 2884 316 13 317 1462
1732 5 2 19 2 802 154 155 803 2883 1953 1955 2885
1733 5 2 19 2 2883 1953 1955 2885 2884 1954 1956 2886
1734 5 2 19 2 2884 1954 1956 2886 1462 317 318 1463
1735 5 2 19 2 803 155 156 804 2885 1955 1957 2887
1736 5 2 19 2 2885 1955 1957 2887 2886 1956 1958 2888
1737 5 2 19 2 2886 1956 1958 2888 1463 318 319 1464
1738 5 2 19 2 804 156 157 805 2887 1957 1959 2889
1739 5 2 19 2 2887 1957 1959 2889 2888 1958 1960 2890
1740 5 2 19 2 2888 1958 1960 2890 1464 319 320 1465
1741 5 2 19 2 805 157 158 806 2889 1959 1961 2891
1742 5 2 19 2 2889 1959 1961 2891 2890 1960 1962 2892
1743 5 2 19 2 2890 1960 1962 2892 1465 320 321 1466
1744 5 2 19 2 806 158 159 807 2891 1961 1963 2893
1745 5 2 19 2 2891 1961 1963 2893 2892 1962 1964 2894
1746 5 2 19 2 2892 1962 1964 2894 1466 321 322 1467
1747 5 2 19 2 807 159 160 808 2893 1963 1965 2895
1748 5 2 19 2 2893 1963 1965 2895 2894 1964 1966 2896
1749 5 2 19 2 2894 1964 1966 2896 1467 322 323 1468
1750 5 2 19 2 808 160 161 809 2895 1965 1967 2897
1751 5 2 19 2 2895 1965 1967 2897 2896 1966 1968 2898
1752 5 2 19 2 2896 1966 1968 2898 1468 323 324 1469
1753 5 2 19 2 809 161 162 810 2897 1967 1969 2899
1754 5 2 19 2 2897 1967 1969 2899 2898 1968 1970 2900
1755 5 2 19 2 2898 1968 1970 2900 1469 324 325 1470
1756 5 2 19 2 810 162 163 811 2899 1969 1971 2901
1757 5 2 19 2 2899 1969 1971 2901 2900 1970 1972 2902
1758 5 2 19 2 2900 1970 1972 2902 1470 325 326 1471
1759 5 2 19 2 811 163 164 812 2901 1971 1973 2903
1760 5 2 19 2 2901 1971 1973 2903 2902 1972 1974 2904
1761 5 2 19 2 2902 1972 1974 2904 1471 326 327 1472
1762 5 2 19 2 812 164 165 813 2903 1973 1975 2905
1763 5 2 19 2 2903 1973 1975 2905 2904 1974 1976 2906
1764 5 2 19 2 2904 1974 1976 2906 1472 327 328 1473
1765 5 2 19 2 813 165 166 814 2905 1975 1977 2907
1766 5 2 19 2 2905 1975 1977 2907 2906 1976 1978 2908
1767 5 2 19 2 2906 1976 1978 2908 1473 328 329 1474
1768 5 2 19 2 814 166 167 815 2907 1977 1979 2909
1769 5 2 19 2 2907 1977 1979 2909 2908 1978 1980 2910
1770 5 2 19 2 2908 1978 1980 2910 1474 329 330 1475
1771 5 2 19 2 815 167 168 816 2909 1979 1981 2911
1772 5 2 19 2 2909 1979 1981 2911 2910 1980 1982 2912
1773 5 2 19 2 2910 1980 1982 2912 1475 330 331 1476
1774 5 2 19 2 816 168 8 94 2911 1981 361 1833
1775 5 2 19 2 2911 1981 361 1833 2912 1982 362 1834
1776 5 2 19 2 2912 1982 362 1834 1476 331 18 257
1777 5 2 19 3 3 51 817 154 351 1747 2913 1953
1778 5 2 19 3 351 1747 2913 1953 352 1748 2914 1954
1779 5 2 19 3 352 1748 2914 1954 13 214 1477 317
1780 5 2 19 3 154 817 818 155 1953 2913 2915 1955
1781 5 2 19 3 1953 2913 2915 1955 1954 2914 2916 1956
1782 5 2 19 3 1954 2914 2916 1956 317 1477 1478 318
1783 5 2 19 3 155 818 819 156 1955 2915 2917 1957
1784 5 2 19 3 1955 2915 2917 1957 1956 2916 2918 1958
1785 5 2 19 3 1956 2916 2918 1958 318 1478 1479 319
1786 5 2 19 3 156 819 820 157 1957 2917 2919 1959
1787 5 2 19 3 1957 2917 2919 1959 1958 2918 2920 1960
1788 5 2 19 3 1958 2918 2920 1960 319 1479 1480 320
1789 5 2 19 3 157 820 821 158 1959 2919 2921 1961
1790 5 2 19 3 1959 2919 2921 1961 1960 2920 2922 1962
1791 5 2 19 3 1960 2920 2922 1962 320 1480 1481 321
1792 5 2 19 3 158 821 822 159 1961 2921 2923 1963
1793 5 2 19 3 1961 2921 2923 1963 1962 2922 2924 1964
1794 5 2 19 3 1962 2922 2924 1964 321 1481 1482 322
1795 5 2 19 3 159 822 823 160 1963 2923 2925 1965
1796 5 2 19 3 1963 2923 2925 1965 1964 2924 2926 1966
1797 5 2 19 3 1964 2924 2926 1966 322 1482 1483 323
1798 5 2 19 3 160 823 824 161 1965 2925 2927 1967
1799 5 2 19 3 1965 2925 2927 1967 1966 2926 2928 1968
1800 5 2 19 3 1966 2926 2928 1968 323 1483 1484 324
1801 5 2 19 3 161 824 825 162 1967 2927 2929 1969
1802 5 2 19 3 1967 2927 2929 1969 1968 2928 2930 1970
1803 5 2 19 3 1968 2928 2930 1970 324 1484 1485 325
1804 5 2 19 3 162 825 826 163 1969 2929 2931 1971
1805 5 2 19 3 1969 2929 2931 1971 1970 2930 2932 1972
1806 5 2 19 3 1970 2930 2932 1972 325 1485 1486 326
1807 5 2 19 3 163 826 827 164 1971 2931 2933 1973
1808 5 2 19 3 1971 2931 2933 1973 1972 2932 2934 1974
1809 5 2 19 3 1972 2932 2934 1974 326 1486 1487 327
1810 5 2 19 3 164 827 828 165 1973 2933 2935 1975
1811 5 2 19 3 1973 2933 2935 1975 1974 2934 2936 1976
1812 5 2 19 3 1974 2934 2936 1976 327 1487 1488 328
1813 5 2 19 3 165 828 829 166 1975 2935 2937 1977
1814 5 2 19 3 1975 2935 2937 1977 1976 2936 2938 1978
1815 5 2 19 3 1976 2936 2938 1978 328 1488 1489 329
1816 5 2 19 3 166 829 830 167 1977 2937 2939 1979
1817 5 2 19 3 1977 2937 2939 1979 1978 2938 2940 1980
1818 5 2 19 3 1978 2938 2940 1980 329 1489 1490 330
1819 5 2 19 3 167 830 831 168 1979 2939 2941 1981
1820 5 2 19 3 1979 2939 2941 1981 1980 2940 2942 1982
1821 5 2 19 3 1980 2940 2942 1982 330 1490 1491 331
1822 5 2 19 3 168 831 93 8 1981 2941 1831 361
1823 5 2 19 3 1981 2941 1831 361 1982 2942 1832 362
1824 5 2 19 3 1982 2942 1832 362 331 1491 256 18
1825 5 2 19 3 51 52 832 817 1747 1749 2943 2913
1826 5 2 19 3 1747 1749 2943 2913 1748 1750 2944 2914
1827 5 2 19 3 1748 1750 2944 2914 214 215 1492 1477
1828 5 2 19 3 817 832 833 818 2913 2943 2945 2915
1829 5 2 19 3 2913 2943 2945 2915 2914 2944 2946 2916
1830 5 2 19 3 2914 2944 2946 2916 1477 1492 1493 1478
1831 5 2 19 3 818 833 834 819 2915 2945 2947 2917
1832 5 2 19 3 2915 2945 2947 2917 2916 2946 2948 2918
1833 5 2 19 3 2916 2946 2948 2918 1478 1493 1494 1479
1834 5 2 19 3 819 834 835 820 2917 2947 2949 2919
1835 5 2 19 3 2917 2947 2949 2919 2918 2948 2950 2920
1836 5 2 19 3 2918 2948 2950 2920 1479 1494 1495 1480
1837 5 2 19 3 820 835 836 821 2919 2949 2951 2921
1838 5 2 19 3 2919 2949 2951 2921 2920 2950 2952 2922
1839 5 2 19 3 2920 2950 2952 2922 1480 1495 1496 1481
1840 5 2 19 3 821 836 837 822 2921 2951 2953 2923
1841 5 2 19 3 2921 2951 2953 2923 2922 2952 2954 2924
1842 5 2 19 3 2922 2952 2954 2924 1481 1496 1497 1482
1843 5 2 19 3 822 837 838 823 2923 2953 2955 2925
1844 5 2 19 3 2923 2953 2955 2925 2924 2954 2956 2926
1845 5 2 19 3 2924 2954 2956 2926 1482 1497 1498 1483
1846 5 2 19 3 823 838 839 824 2925 2955 2957 2927
1847 5 2 19 3 2925 2955 2957 2927 2926 2956 2958 2928
1848 5 2 19 3 2926 2956 2958 2928 1483 1498 1499 1484
1849 5 2 19 3 824 839 840 825 2927 2957 2959 2929
1850 5 2 19 3 2927 2957 2959 2929 2928 2958 2960 2930
1851 5 2 19 3 2928 2958 2960 2930 1484 1499 1500 1485
1852 5 2 19 3 825 840 841 826 2929 2959 2961 2931
1853 5 2 19 3 2929 2959 2961 2931 2930 2960 2962 2932
1854 5 2 19 3 2930 2960 2962 2932 1485 1500 1501 1486
1855 5 2 19 3 826 841 842 827 2931 2961 2963 2933
1856 5 2 19 3 2931 2961 2963 2933 2932 2962 2964 2934
1857 5 2 19 3 2932 2962 2964 2934 1486 1501 1502 1487
1858 5 2 19 3 827 842 843 828 2933 2963 2965 2935
1859 5 2 19 3 2933 2963 2965 2935 2934 2964 2966 2936
1860 5 2 19 3 2934 2964 2966 2936 1487 1502 1503 1488
1861 5 2 19 3 828 843 844 829 2935 2965 2967 2937
1862 5 2 19 3 2935 2965 2967 2937 2936 2966 2968 2938
1863 5 2 19 3 2936 2966 2968 2938 1488 1503 1504 1489
1864 5 2 19 3 829 844 845 830 2937 2967 2969 2939
1865 5 2 19 3 2937 2967 2969 2939 2938 2968 2970 2940
1866 5 2 19 3 2938 2968 2970 2940 1489 1504 1505 1490
1867 5 2 19 3 830 845 846 831 2939 2969 2971 2941
1868 5 2 19 3 2939 2969 2971 2941 2940 2970 2972 2942
1869 5 2 19 3 2940 2970 2972 2942 1490 1505 1506 1491
1870 5 2 19 3 831 846 92 93 2941 2971 1829 1831
1871 5 2 19 3 2941 2971 1829 1831 2942 2972 1830 1832
1872 5 2 19 3 2942 2972 1830 1832 1491 1506 255 256
1873 5 2 19 3 52 53 847 832 1749 1751 2973 2943
1874 5 2 19 3 1749 1751 2973 2943 1750 1752 2974 2944
1875 5 2 19 3 1750 1752 2974 2944 215 216 1507 1492
1876 5 2 19 3 832 847 848 833 2943 2973 2975 2945
1877 5 2 19 3 2943 2973 2975 2945 2944 2974 2976 2946
1878 5 2 19 3 2944 2974 2976 2946 1492 1507 1508 1493
1879 5 2 19 3 833 848 849 834 2945 2975 2977 2947
1880 5 2 19 3 2945 2975 2977 2947 2946 2976 2978 2948
1881 5 2 19 3 2946 2976 2978 2948 1493 1508 1509 1494
1882 5 2 19 3 834 849 850 835 2947 2977 2979 2949
1883 5 2 19 3 2947 2977 2979 2949 2948 2978 2980 2950
1884 5 2 19 3 2948 2978 2980 2950 1494 1509 1510 1495
1885 5 2 19 3 835 850 851 836 2949 2979 2981 2951
1886 5 2 19 3 2949 2979 2981 2951 2950 2980 2982 2952
1887 5 2 19 3 2950 2980 2982 2952 1495 1510 1511 1496
1888 5 2 19 3 836 851 852 837 2951 2981 2983 2953
1889 5 2 19 3 2951 2981 2983 2953 2952 2982 2984 2954
1890 5 2 19 3 2952 2982 2984 2954 1496 1511 1512 1497
1891 5 2 19 3 837 852 853 838 2953 2983 2985 2955
1892 5 2 19 3 2953 2983 2985 2955 2954 2984 2986 2956
1893 5 2 19 3 2954 2984 2986 2956 1497 1512 1513 1498
1894 5 2 19 3 838 853 854 839 2955 2985 2987 2957
1895 5 2 19 3 2955 2985 2987 2957 2956 2986 2988 2958
1896 5 2 19 3 2956 2986 2988 2958 1498 1513 1514 1499
1897 5 2 19 3 839 854 855 840 2957 2987 2989 2959
1898 5 2 19 3 2957 2987 2989 2959 2958 2988 2990 2960
1899 5 2 19 3 2958 2988 2990 2960 1499 1514 1515 1500
1900 5 2 19 3 840 855 856 841 2959 2989 2991 2961
1901 5 2 19 3 2959 2989 2991 2961 2960 2990 2992 2962
1902 5 2 19 3 2960 2990 2992 2962 1500 1515 1516 1501
1903 5 2 19 3 841 856 857 842 2961 2991 2993 2963
1904 5 2 19 3 2961 2991 2993 2963 2962 2992 2994 2964
1905 5 2 19 3 2962 2992 2994 2964 1501 1516 1517 1502
1906 5 2 19 3 842 857 858 843 2963 2993 2995 2965
1907 5 2 19 3 2963 2993 2995 2965 2964 2994 2996 2966
1908 5 2 19 3 2964 2994 2996 2966 1502 1517 1518 1503
1909 5 2 19 3 843 858 859 844 2965 2995 2997 2967
1910 5 2 19 3 2965 2995 2997 2967 2966 2996 2998 2968
1911 5 2 19 3 2966 2996 2998 2968 1503 1518 1519 1504
1912 5 2 19 3 844 859 860 845 2967 2997 2999 2969
1913 5 2 19 3 2967 2997 2999 2969 2968 2998 3000 2970
1914 5 2 19 3 2968 2998 3000 2970 1504 1519 1520 1505
1915 5 2 19 3 845 860 861 846 2969 2999 3001 2971
1916 5 2 19 3 2969 2999 3001 2971 2970 3000 3002 2972
1917 5 2 19 3 2970 3000 3002 2972 1505 1520 1521 1506
1918 5 2 19 3 846 861 91 92 2971 3001 1827 1829
1919 5 2 19 3 2971 3001 1827 1829 2972 3002 1828 1830
1920 5 2 19 3 2972 3002 1828 1830 1506 1521 254 255
1921 5 2 19 3 53 54 862 847 1751 1753 3003 2973
1922 5 2 19 3 1751 1753 3003 2973 1752 1754 3004 2974
1923 5 2 19 3 1752 1754 3004 2974 216 217 1522 1507
1924 5 2 19 3 847 862 863 848 2973 3003 3005 2975
1925 5 2 19 3 2973 3003 3005 2975 2974 3004 3006 2976
1926 5 2 19 3 2974 3004 3006 2976 1507 1522 1523 1508
1927 5 2 19 3 848 863 864 849 2975 3005 3007 2977
1928 5 2 19 3 2975 3005 3007 2977 2976 3006 3008 2978
1929 5 2 19 3 2976 3006 3008 2978 1508 1523 1524 1509
1930 5 2 19 3 849 864 865 850 2977 3007 3009 2979
1931 5 2 19 3 2977 3007 3009 2979 2978 3008 3010 2980
1932 5 2 19 3 2978 3008 3010 2980 1509 1524 1525 1510
1933 5 2 19 3 850 865 866 851 2979 3009 3011 2981
1934 5 2 19 3 2979 3009 3011 2981 2980 3010 3012 2982
1935 5 2 19 3 2980 3010 3012 2982 1510 1525 1526 1511
1936 5 2 19 3 851 866 867 852 2981 3011 3013 2983
1937 5 2 19 3 2981 3011 3013 2983 2982 3012 3014 2984
1938 5 2 19 3 2982 3012 3014 2984 1511 1526 1527 1512
1939 5 2 19 3 852 867 868 853 2983 3013 3015 2985
1940 5 2 19 3 2983 3013 3015 2985 2984 3014 3016 2986
1941 5 2 19 3 2984 3014 3016 2986 1512 1527 1528 1513
1942 5 2 19 3 853 868 869 854 2985 3015 3017 2987
1943 5 2 19 3 2985 3015 3017 2987 2986 3016 3018 2988
1944 5 2 19 3 2986 3016 3018 2988 1513 1528 1529 1514
1945 5 2 19 3 854 869 870 855 2987 3017 3019 2989
1946 5 2 19 3 2987 3017 3019 2989 2988 3018 3020 2990
1947 5 2 19 3 2988 3018 3020 2990 1514 1529 1530 1515
1948 5 2 19 3 855 870 871 856 2989 3019 3021 2991
1949 5 2 19 3 2989 3019 3021 2991 2990 3020 3022 2992
1950 5 2 19 3 2990 3020 3022 2992 1515 1530 1531 1516
1951 5 2 19 3 856 871 872 857 2991 3021 3023 2993
1952 5 2 19 3 2991 3021 3023 2993 2992 3022 3024 2994
1953 5 2 19 3 2992 3022 3024 2994 1516 1531 1532 1517
1954 5 2 19 3 857 872 873 858 2993 3023 3025 2995
1955 5 2 19 3 2993 3023 3025 2995 2994 3024 3026 2996
1956 5 2 19 3 2994 3024 3026 2996 1517 1532 1533 1518
1957 5 2 19 3 858 873 874 859 2995 3025 3027 2997
1958 5 2 19 3 2995 3025 3027 2997 2996 3026 3028 2998
1959 5 2 19 3 2996 3026 3028 2998 1518 1533 1534 1519
1960 5 2 19 3 859 874 875 860 2997 3027 3029 2999
1961 5 2 19 3 2997 3027 3029 2999 2998 3028 3030 3000
1962 5 2 19 3 2998 3028 3030 3000 1519 1534 1535 1520
1963 5 2 19 3 860 875 876 861 2999 3029 3031 3001
1964 5 2 19 3 2999 3029 3031 3001 3000 3030 3032 3002
1965 5 2 19 3 3000 3030 3032 3002 1520 1535 1536 1521
1966 5 2 19 3 861 876 90 91 3001 3031 1825 1827
1967 5 2 19 3 3001 3031 1825 1827 3002 3032 1826 1828
1968 5 2 19 3 3002 3032 1826 1828 1521 1536 253 254
1969 5 2 19 3 54 55 877 862 1753 1755 3033 3003
1970 5 2 19 3 1753 1755 3033 3003 1754 1756 3034 3004
1971 5 2 19 3 1754 1756 3034 3004 217 218 1537 1522
1972 5 2 19 3 862 877 878 863 3003 3033 3035 3005
1973 5 2 19 3 3003 3033 3035 3005 3004 3034 3036 3006
1974 5 2 19 3 3004 3034 3036 3006 1522 1537 1538 1523
1975 5 2 19 3 863 878 879 864 3005 3035 3037 3007
1976 5 2 19 3 3005 3035 3037 3007 3006 3036 3038 3008
1977 5 2 19 3 3006 3036 3038 3008 1523 1538 1539 1524
1978 5 2 19 3 864 879 880 865 3007 3037 3039 3009
1979 5 2 19 3 3007 3037 3039 3009 3008 3038 3040 3010
1980 5 2 19 3 3008 3038 3040 3010 1524 1539 1540 1525
1981 5 2 19 3 865 880 881 866 3009 3039 3041 3011
1982 5 2 19 3 3009 3039 3041 3011 3010 3040 3042 3012
1983 5 2 19 3 3010 3040 3042 3012 1525 1540 1541 1526
1984 5 2 19 3 866 881 882 867 3011 3041 3043 3013
1985 5 2 19 3 3011 3041 3043 3013 3012 3042 3044 3014
1986 5 2 19 3 3012 3042 3044 3014 1526 1541 1542 1527
1987 5 2 19 3 867 882 883 868 3013 3043 3045 3015
1988 5 2 19 3 3013 3043 3045 3015 3014 3044 3046 3016
1989 5 2 19 3 3014 3044 3046 3016 1527 1542 1543 1528
1990 5 2 19 3 868 883 884 869 3015 3045 3047 3017
1991 5 2 19 3 3015 3045 3047 3017 3016 3046 3048 3018
1992 5 2 19 3 3016 3046 3048 3018 1528 1543 1544 1529
1993 5 2 19 3 869 884 885 870 3017 3047 3049 3019
1994 5 2 19 3 3017 3047 3049 3019 3018 3048 3050 3020
1995 5 2 19 3 3018 3048 3050 3020 1529 1544 1545 1530
1996 5 2 19 3 870 885 886 871 3019 3049 3051 3021
1997 5 2 19 3 3019 3049 3051 3021 3020 3050 3052 3022
1998 5 2 19 3 3020 3050 3052 3022 1530 1545 1546 1531
1999 5 2 19 3 871 886 887 872 3021 3051 3053 3023
2000 5 2 19 3 3021 3051 3053 3023 3022 3052 3054 3024
2001 5 2 19 3 3022 3052 3054 3024 1531 1546 1547 1532
2002 5 2 19 3 872 887 888 873 3023 3053 3055 3025
2003 5 2 19 3 3023 3053 3055 3025 3024 3054 3056 3026
2004 5 2 19 3 3024 3054 3056 3026 1532 1547 1548 1533
2005 5 2 19 3 873 888 889 874 3025 3055 3057 3027
2006 5 2 19 3 3025 3055 3057 3027 3026 3056 3058 3028
2007 5 2 19 3 3026 3056 3058 3028 1533 1548 1549 1534
2008 5 2 19 3 874 889 890 875 3027 3057 3059 3029
2009 5 2 19 3 3027 3057 3059 3029 3028 3058 3060 3030
2010 5 2 19 3 3028 3058 3060 3030 1534 1549 1550 1535
2011 5 2 19 3 875 890 891 876 3029 3059 3061 3031
2012 5 2 19 3 3029 3059 3061 3031 3030 3060 3062 3032
2013 5 2 19 3 3030 3060 3062 3032 1535 1550 1551 1536
2014 5 2 19 3 876 891 89 90 3031 3061 1823 1825
2015 5 2 19 3 3031 3061 1823 1825 3032 3062 1824 1826
2016 5 2 19 3 3032 3062 1824 1826 1536 1551 252 253
2017 5 2 19 3 55 56 892 877 1755 1757 3063 3033
2018 5 2 19 3 1755 1757 3063 3033 1756 1758 3064 3034
2019 5 2 19 3 1756 1758 3064 3034 218 219 1552 1537
2020 5 2 19 3 877 892 893 878 3033 3063 3065 3035
2021 5 2 19 3 3033 3063 3065 3035 3034 3064 3066 3036
2022 5 2 19 3 3034 3064 3066 3036 1537 1552 1553 1538
2023 5 2 19 3 878 893 894 879 3035 3065 3067 3037
2024 5 2 19 3 3035 3065 3067 3037 3036 3066 3068 3038
2025 5 2 19 3 3036 3066 3068 3038 1538 1553 1554 1539
2026 5 2 19 3 879 894 895 880 3037 3067 3069 3039
2027 5 2 19 3 3037 3067 3069 3039 3038 3068 3070 3040
2028 5 2 19 3 3038 3068 3070 3040 1539 1554 1555 1540
2029 5 2 19 3 880 895 896 881 3039 3069 3071 3041
2030 5 2 19 3 3039 3069 3071 3041 3040 3070 3072 3042
2031 5 2 19 3 3040 3070 3072 3042 1540 1555 1556 1541
2032 5 2 19 3 881 896 897 882 3041 3071 3073 3043
2033 5 2 19 3 3041 3071 3073 3043 3042 3072 3074 3044
2034 5 2 19 3 3042 3072 3074 3044 1541 1556 1557 1542
2035 5 2 19 3 882 897 898 883 3043 3073 3075 3045
2036 5 2 19 3 3043 3073 3075 3045 3044 3074 3076 3046
2037 5 2 19 3 3044 3074 3076 3046 1542 1557 1558 1543
2038 5 2 19 3 883 898 899 884 3045 3075 3077 3047
2039 5 2 19 3 3045 3075 3077 3047 3046 3076 3078 3048
2040 5 2 19 3 3046 3076 3078 3048 1543 1558 1559 1544
2041 5 2 19 3 884 899 900 885 3047 3077 3079 3049
2042 5 2 19 3 3047 3077 3079 3049 3048 3078 3080 3050
2043 5 2 19 3 3048 3078 3080 3050 1544 1559 1560 1545
2044 5 2 19 3 885 900 901 886 3049 3079 3081 3051
2045 5 2 19 3 3049 3079 3081 3051 3050 3080 3082 3052
2046 5 2 19 3 3050 3080 3082 3052 1545 1560 1561 1546
2047 5 2 19 3 886 901 902 887 3051 3081 3083 3053
2048 5 2 19 3 3051 3081 3083 3053 3052 3082 3084 3054
2049 5 2 19 3 3052 3082 3084 3054 1546 1561 1562 1547
2050 5 2 19 3 887 902 903 888 3053 3083 3085 3055
2051 5 2 19 3 3053 3083 3085 3055 3054 3084 3086 3056
2052 5 2 19 3 3054 3084 3086 3056 1547 1562 1563 1548
2053 5 2 19 3 888 903 904 889 3055 3085 3087 3057
2054 5 2 19 3 3055 3085 3087 3057 3056 3086 3088 3058
2055 5 2 19 3 3056 3086 3088 3058 1548 1563 1564 1549
2056 5 2 19 3 889 904 905 890 3057 3087 3089 3059
2057 5 2 19 3 3057 3087 3089 3059 3058 3088 3090 3060
2058 5 2 19 3 3058 3088 3090 3060 1549 1564 1565 1550
2059 5 2 19 3 890 905 906 891 3059 3089 3091 3061
2060 5 2 19 3 3059 3089 3091 3061 3060 3090 3092 3062
2061 5 2 19 3 3060 3090 3092 3062 1550 1565 1566 1551
2062 5 2 19 3 891 906 88 89 3061 3091 1821 1823
2063 5 2 19 3 3061 3091 1821 1823 3062 3092 1822 1824
2064 5 2 19 3 3062 3092 1822 1824 1551 1566 251 252
2065 5 2 19 3 56 57 907 892 1757 1759 3093 3063
2066 5 2 19 3 1757 1759 3093 3063 1758 1760 3094 3064
2067 5 2 19 3 1758 1760 3094 3064 219 220 1567 1552
2068 5 2 19 3 892 907 908 893 3063 3093 3095 3065
2069 5 2 19 3 3063 3093 3095 3065 3064 3094 3096 3066
2070 5 2 19 3 3064 3094 3096 3066 1552 1567 1568 1553
2071 5 2 19 3 893 908 909 894 3065 3095 3097 3067
2072 5 2 19 3 3065 3095 3097 3067 3066 3096 3098 3068
2073 5 2 19 3 3066 3096 3098 3068 1553 1568 1569 1554
2074 5 2 19 3 894 909 910 895 3067 3097 3099 3069
2075 5 2 19 3 3067 3097 3099 3069 3068 3098 3100 3070
2076 5 2 19 3 3068 3098 3100 3070 1554 1569 1570 1555
2077 5 2 19 3 895 910 911 896 3069 3099 3101 3071
2078 5 2 19 3 3069 3099 3101 3071 3070 3100 3102 3072
2079 5 2 19 3 3070 3100 3102 3072 1555 1570 1571 1556
2080 5 2 19 3 896 911 912 897 3071 3101 3103 3073
2081 5 2 19 3 3071 3101 3103 3073 3072 3102 3104 3074
2082 5 2 19 3 3072 3102 3104 3074 1556 1571 1572 1557
2083 5 2 19 3 897 912 913 898 3073 3103 3105 3075
2084 5 2 19 3 3073 3103 3105 3075 3074 3104 3106 3076
2085 5 2 19 3 3074 3104 3106 3076 1557 1572 1573 1558
2086 5 2 19 3 898 913 914 899 3075 3105 3107 3077
2087 5 2 19 3 3075 3105 3107 3077 3076 3106 3108 3078
2088 5 2 19 3 3076 3106 3108 3078 1558 1573 1574 1559
2089 5 2 19 3 899 914 915 900 3077 3107 3109 3079
2090 5 2 19 3 3077 3107 3109 3079 3078 3108 3110 3080
2091 5 2 19 3 3078 3108 3110 3080 1559 1574 1575 1560
2092 5 2 19 3 900 915 916 901 3079 3109 3111 3081
2093 5 2 19 3 3079 3109 3111 3081 3080 3110 3112 3082
2094 5 2 19 3 3080 3110 3112 3082 1560 1575 1576 1561
2095 5 2 19 3 901 916 917 902 3081 3111 3113 3083
2096 5 2 19 3 3081 3111 3113 3083 3082 3112 3114 3084
2097 5 2 19 3 3082 3112 3114 3084 1561 1576 1577 1562
2098 5 2 19 3 902 917 918 903 3083 3113 3115 3085
2099 5 2 19 3 3083 3113 3115 3085 3084 3114 3116 3086
2100 5 2 19 3 3084 3114 3116 3086 1562 1577 1578 1563
2101 5 2 19 3 903 918 919 904 3085 3115 3117 3087
2102 5 2 19 3 3085 3115 3117 3087 3086 3116 3118 3088
2103 5 2 19 3 3086 3116 3118 3088 1563 1578 1579 1564
2104 5 2 19 3 904 919 920 905 3087 3117 3119 3089
2105 5 2 19 3 3087 3117 3119 3089 3088 3118 3120 3090
2106 5 2 19 3 3088 3118 3120 3090 1564 1579 1580 1565
2107 5 2 19 3 905 920 921 906 3089 3119 3121 3091
2108 5 2 19 3 3089 3119 3121 3091 3090 3120 3122 3092
2109 5 2 19 3 3090 3120 3122 3092 1565 1580 1581 1566
2110 5 2 19 3 906 921 87 88 3091 3121 1819 1821
2111 5 2 19 3 3091 3121 1819 1821 3092 3122 1820 1822
2112 5 2 19 3 3092 3122 1820 1822 1566 1581 250 251
2113 5 2 19 3 57 58 922 907 1759 1761 3123 3093
2114 5 2 19 3 1759 1761 3123 3093 1760 1762 3124 3094
2115 5 2 19 3 1760 1762 3124 3094 220 221 1582 1567
2116 5 2 19 3 907 922 923 908 3093 3123 3125 3095
2117 5 2 19 3 3093 3123 3125 3095 3094 3124 3126 3096
2118 5 2 19 3 3094 3124 3126 3096 1567 1582 1583 1568
2119 5 2 19 3 908 923 924 909 3095 3125 3127 3097
2120 5 2 19 3 3095 3125 3127 3097 3096 3126 3128 3098
2121 5 2 19 3 3096 3126 3128 3098 1568 1583 1584 1569
2122 5 2 19 3 909 924 925 910 3097 3127 3129 3099
2123 5 2 19 3 3097 3127 3129 3099 3098 3128 3130 3100
2124 5 2 19 3 3098 3128 3130 3100 1569 1584 1585 1570
2125 5 2 19 3 910 925 926 911 3099 3129 3131 3101
2126 5 2 19 3 3099 3129 3131 3101 3100 3130 3132 3102
2127 5 2 19 3 3100 3130 3132 3102 1570 1585 1586 1571
2128 5 2 19 3 911 926 927 912 3101 3131 3133 3103
2129 5 2 19 3 3101 3131 3133 3103 3102 3132 3134 3104
2130 5 2 19 3 3102 3132 3134 3104 1571 1586 1587 1572
2131 5 2 19 3 912 927 928 913 3103 3133 3135 3105
2132 5 2 19 3 3103 3133 3135 3105 3104 3134 3136 3106
2133 5 2 19 3 3104 3134 3136 3106 1572 1587 1588 1573
2134 5 2 19 3 913 928 929 914 3105 3135 3137 3107
2135 5 2 19 3 3105 3135 3137 3107 3106 3136 3138 3108
2136 5 2 19 3 3106 3136 3138 3108 1573 1588 1589 1574
2137 5 2 19 3 914 929 930 915 3107 3137 3139 3109
2138 5 2 19 3 3107 3137 3139 3109 3108 3138 3140 3110
2139 5 2 19 3 3108 3138 3140 3110 1574 1589 1590 1575
2140 5 2 19 3 915 930 931 916 3109 3139 3141 3111
2141 5 2 19 3 3109 3139 3141 3111 3110 3140 3142 3112
2142 5 2 19 3 3110 3140 3142 3112 1575 1590 1591 1576
2143 5 2 19 3 916 931 932 917 3111 3141 3143 3113
2144 5 2 19 3 3111 3141 3143 3113 3112 3142 3144 3114
2145 5 2 19 3 3112 3142 3144 3114 1576 1591 1592 1577
2146 5 2 19 3 917 932 933 918 3113 3143 3145 3115
2147 5 2 19 3 3113 3143 3145 3115 3114 3144 3146 3116
2148 5 2 19 3 3114 3144 3146 3116 1577 1592 1593 1578
2149 5 2 19 3 918 933 934 919 3115 3145 3147 3117
2150 5 2 19 3 3115 3145 3147 3117 3116 3146 3148 3118
2151 5 2 19 3 3116 3146 3148 3118 1578 1593 1594 1579
2152 5 2 19 3 919 934 935 920 3117 3147 3149 3119
2153 5 2 19 3 3117 3147 3149 3119 3118 3148 3150 3120
2154 5 2 19 3 3118 3148 3150 3120 1579 1594 1595 1580
2155 5 2 19 3 920 935 936 921 3119 3149 3151 3121
2156 5 2 19 3 3119 3149 3151 3121 3120 3150 3152 3122
2157 5 2 19 3 3120 3150 3152 3122 1580 1595 1596 1581
2158 5 2 19 3 921 936 86 87 3121 3151 1817 1819
2159 5 2 19 3 3121 3151 1817 1819 3122 3152 1818 1820
2160 5 2 19 3 3122 3152 1818 1820 1581 1596 249 250
2161 5 2 19 3 58 59 937 922 1761 1763 3153 3123
2162 5 2 19 3 1761 1763 3153 3123 1762 1764 3154 3124
2163 5 2 19 3 1762 1764 3154 3124 221 222 1597 1582
2164 5 2 19 3 922 937 938 923 3123 3153 3155 3125
2165 5 2 19 3 3123 3153 3155 3125 3124 3154 3156 3126
2166 5 2 19 3 3124 3154 3156 3126 1582 1597 1598 1583
2167 5 2 19 3 923 938 939 924 3125 3155 3157 3127
2168 5 2 19 3 3125 3155 3157 3127 3126 3156 3158 3128
2169 5 2 19 3 3126 3156 3158 3128 1583 1598 1599 1584
2170 5 2 19 3 924 939 940 925 3127 3157 3159 3129
2171 5 2 19 3 3127 3157 3159 3129 3128 3158 3160 3130
2172 5 2 19 3 3128 3158 3160 3130 1584 1599 1600 1585
2173 5 2 19 3 925 940 941 926 3129 3159 3161 3131
2174 5 2 19 3 3129 3159 3161 3131 3130 3160 3162 3132
2175 5 2 19 3 3130 3160 3162 3132 1585 1600 1601 1586
2176 5 2 19 3 926 941 942 927 3131 3161 3163 3133
2177 5 2 19 3 3131 3161 3163 3133 3132 3162 3164 3134
2178 5 2 19 3 3132 3162 3164 3134 1586 1601 1602 1587
2179 5 2 19 3 927 942 943 928 3133 3163 3165 3135
2180 5 2 19 3 3133 3163 3165 3135 3134 3164 3166 3136
2181 5 2 19 3 3134 3164 3166 3136 1587 1602 1603 1588
2182 5 2 19 3 928 943 944 929 3135 3165 3167 3137
2183 5 2 19 3 3135 3165 3167 3137 3136 3166 3168 3138
2184 5 2 19 3 3136 3166 3168 3138 1588 1603 1604 1589
2185 5 2 19 3 929 944 945 930 3137 3167 3169 3139
2186 5 2 19 3 3137 3167 3169 3139 3138 3168 3170 3140
2187 5 2 19 3 3138 3168 3170 3140 1589 1604 1605 1590
2188 5 2 19 3 930 945 946 931 3139 3169 3171 3141
2189 5 2 19 3 3139 3169 3171 3141 3140 3170 3172 3142
2190 5 2 19 3 3140 3170 3172 3142 1590 1605 1606 1591
2191 5 2 19 3 931 946 947 932 3141 3171 3173 3143
2192 5 2 19 3 3141 3171 3173 3143 3142 3172 3174 3144
2193 5 2 19 3 3142 3172 3174 3144 1591 1606 1607 1592
2194 5 2 19 3 932 947 948 933 3143 3173 3175 3145
2195 5 2 19 3 3143 3173 3175 3145 3144 3174 3176 3146
2196 5 2 19 3 3144 3174 3176 3146 1592 1607 1608 1593
2197 5 2 19 3 933 948 949 934 3145 3175 3177 3147
2198 5 2 19 3 3145 3175 3177 3147 3146 3176 3178 3148
2199 5 2 19 3 3146 3176 3178 3148 1593 1608 1609 1594
2200 5 2 19 3 934 949 950 935 3147 3177 3179 3149
2201 5 2 19 3 3147 3177 3179 3149 3148 3178 3180 3150
2202 5 2 19 3 3148 3178 3180 3150 1594 1609 1610 1595
2203 5 2 19 3 935 950 951 936 3149 3179 3181 3151
2204 5 2 19 3 3149 3179 3181 3151 3150 3180 3182 3152
2205 5 2 19 3 3150 3180 3182 3152 1595 1610 1611 1596
2206 5 2 19 3 936 951 85 86 3151 3181 1815 1817
2207 5 2 19 3 3151 3181 1815 1817 3152 3182 1816 1818
2208 5 2 19 3 3152 3182 1816 1818 1596 1611 248 249
2209 5 2 19 3 59 60 952 937 1763 1765 3183 3153
2210 5 2 19 3 1763 1765 3183 3153 1764 1766 3184 3154
2211 5 2 19 3 1764 1766 3184 3154 222 223 1612 1597
2212 5 2 19 3 937 952 953 938 3153 3183 3185 3155
2213 5 2 19 3 3153 3183 3185 3155 3154 3184 3186 3156
2214 5 2 19 3 3154 3184 3186 3156 1597 1612 1613 1598
2215 5 2 19 3 938 953 954 939 3155 3185 3187 3157
2216 5 2 19 3 3155 3185 3187 3157 3156 3186 3188 3158
2217 5 2 19 3 3156 3186 3188 3158 1598 1613 1614 1599
2218 5 2 19 3 939 954 955 940 3157 3187 3189 3159
2219 5 2 19 3 3157 3187 3189 3159 3158 3188 3190 3160
2220 5 2 19 3 3158 3188 3190 3160 1599 1614 1615 1600
2221 5 2 19 3 940 955 956 941 3159 3189 3191 3161
2222 5 2 19 3 3159 3189 3191 3161 3160 3190 3192 3162
2223 5 2 19 3 3160 3190 3192 3162 1600 1615 1616 1601
2224 5 2 19 3 941 956 957 942 3161 3191 3193 3163
2225 5 2 19 3 3161 3191 3193 3163 3162 3192 3194 3164
2226 5 2 19 3 3162 3192 3194 3164 1601 1616 1617 1602
2227 5 2 19 3 942 957 958 943 3163 3193 3195 3165
2228 5 2 19 3 3163 3193 3195 3165 3164 3194 3196 3166
2229 5 2 19 3 3164 3194 3196 3166 1602 1617 1618 1603
2230 5 2 19 3 943 958 959 944 3165 3195 3197 3167
2231 5 2 19 3 3165 3195 3197 3167 3166 3196 3198 3168
2232 5 2 19 3 3166 3196 3198 3168 1603 1618 1619 1604
2233 5 2 19 3 944 959 960 945 3167 3197 3199 3169
2234 5 2 19 3 3167 3197 3199 3169 3168 3198 3200 3170
2235 5 2 19 3 3168 3198 3200 3170 1604 1619 1620 1605
2236 5 2 19 3 945 960 961 946 3169 3199 3201 3171
2237 5 2 19 3 3169 3199 3201 3171 3170 3200 3202 3172
2238 5 2 19 3 3170 3200 3202 3172 1605 1620 1621 1606
2239 5 2 19 3 946 961 962 947 3171 3201 3203 3173
2240 5 2 19 3 3171 3201 3203 3173 3172 3202 3204 3174
2241 5 2 19 3 3172 3202 3204 3174 1606 1621 1622 1607
2242 5 2 19 3 947 962 963 948 3173 3203 3205 3175
2243 5 2 19 3 3173 3203 3205 3175 3174 3204 3206 3176
2244 5 2 19 3 3174 3204 3206 3176 1607 1622 1623 1608
2245 5 2 19 3 948 963 964 949 3175 3205 3207 3177
2246 5 2 19 3 3175 3205 3207 3177 3176 3206 3208 3178
2247 5 2 19 3 3176 3206 3208 3178 1608 1623 1624 1609
2248 5 2 19 3 949 964 965 950 3177 3207 3209 3179
2249 5 2 19 3 3177 3207 3209 3179 3178 3208 3210 3180
2250 5 2 19 3 3178 3208 3210 3180 1609 1624 1625 1610
2251 5 2 19 3 950 965 966 951 3179 3209 3211 3181
2252 5 2 19 3 3179 3209 3211 3181 3180 3210 3212 3182
2253 5 2 19 3 3180 3210 3212 3182 1610 1625 1626 1611
2254 5 2 19 3 951 966 84 85 3181 3211 1813 1815
2255 5 2 19 3 3181 3211 1813 1815 3182 3212 1814 1816
2256 5 2 19 3 3182 3212 1814 1816 1611 1626 247 248
2257 5 2 19 3 60 61 967 952 1765 1767 3213 3183
2258 5 2 19 3 1765 1767 3213 3183 1766 1768 3214 3184
2259 5 2 19 3 1766 1768 3214 3184 223 224 1627 1612
2260 5 2 19 3 952 967 968 953 3183 3213 3215 3185
2261 5 2 19 3 3183 3213 3215 3185 3184 3214 3216 3186
2262 5 2 19 3 3184 3214 3216 3186 1612 1627 1628 1613
2263 5 2 19 3 953 968 969 954 3185 3215 3217 3187
2264 5 2 19 3 3185 3215 3217 3187 3186 3216 3218 3188
2265 5 2 19 3 3186 3216 3218 3188 1613 1628 1629 1614
2266 5 2 19 3 954 969 970 955 3187 3217 3219 3189
2267 5 2 19 3 3187 3217 3219 3189 3188 3218 3220 3190
2268 5 2 19 3 3188 3218 3220 3190 1614 1629 1630 1615
2269 5 2 19 3 955 970 971 956 3189 3219 3221 3191
2270 5 2 19 3 3189 3219 3221 3191 3190 3220 3222 3192
2271 5 2 19 3 3190 3220 3222 3192 1615 1630 1631 1616
2272 5 2 19 3 956 971 972 957 3191 3221 3223 3193
2273 5 2 19 3 3191 3221 3223 3193 3192 3222 3224 3194
2274 5 2 19 3 3192 3222 3224 3194 1616 1631 1632 1617
2275 5 2 19 3 957 972 973 958 3193 3223 3225 3195
2276 5 2 19 3 3193 3223 3225 3195 3194 3224 3226 3196
2277 5 2 19 3 3194 3224 3226 3196 1617 1632 1633 1618
2278 5 2 19 3 958 973 974 959 3195 3225 3227 3197
2279 5 2 19 3 3195 3225 3227 3197 3196 3226 3228 3198
2280 5 2 19 3 3196 3226 3228 3198 1618 1633 1634 1619
2281 5 2 19 3 959 974 975 960 3197 3227 3229 3199
2282 5 2 19 3 3197 3227 3229 3199 3198 3228 3230 3200
2283 5 2 19 3 3198 3228 3230 3200 1619 1634 1635 1620
2284 5 2 19 3 960 975 976 961 3199 3229 3231 3201
2285 5 2 19 3 3199 3229 3231 3201 3200 3230 3232 3202
2286 5 2 19 3 3200 3230 3232 3202 1620 1635 1636 1621
2287 5 2 19 3 961 976 977 962 3201 3231 3233 3203
2288 5 2 19 3 3201 3231 3233 3203 3202 3232 3234 3204
2289 5 2 19 3 3202 3232 3234 3204 1621 1636 1637 1622
2290 5 2 19 3 962 977 978 963 3203 3233 3235 3205
2291 5 2 19 3 3203 3233 3235 3205 3204 3234 3236 3206
2292 5 2 19 3 3204 3234 3236 3206 1622 1637 1638 1623
2293 5 2 19 3 963 978 979 964 3205 3235 3237 3207
2294 5 2 19 3 3205 3235 3237 3207 3206 3236 3238 3208
2295 5 2 19 3 3206 3236 3238 3208 1623 1638 1639 1624
2296 5 2 19 3 964 979 980 965 3207 3237 3239 3209
2297 5 2 19 3 3207 3237 3239 3209 3208 3238 3240 3210
2298 5 2 19 3 3208 3238 3240 3210 1624 1639 1640 1625
2299 5 2 19 3 965 980 981 966 3209 3239 3241 3211
2300 5 2 19 3 3209 3239 3241 3211 3210 3240 3242 3212
2301 5 2 19 3 3210 3240 3242 3212 1625 1640 1641 1626
2302 5 2 19 3 966 981 83 84 3211 3241 1811 1813
2303 5 2 19 3 3211 3241 1811 1813 3212 3242 1812 1814
2304 5 2 19 3 3212 3242 1812 1814 1626 1641 246 247
2305 5 2 19 3 61 62 982 967 1767 1769 3243 3213
2306 5 2 19 3 1767 1769 3243 3213 1768 1770 3244 3214
2307 5 2 19 3 1768 1770 3244 3214 224 225 1642 1627
2308 5 2 19 3 967 982 983 968 3213 3243 3245 3215
2309 5 2 19 3 3213 3243 3245 3215 3214 3244 3246 3216
2310 5 2 19 3 3214 3244 3246 3216 1627 1642 1643 1628
2311 5 2 19 3 968 983 984 969 3215 3245 3247 3217
2312 5 2 19 3 3215 3245 3247 3217 3216 3246 3248 3218
2313 5 2 19 3 3216 3246 3248 3218 1628 1643 1644 1629
2314 5 2 19 3 969 984 985 970 3217 3247 3249 3219
2315 5 2 19 3 3217 3247 3249 3219 3218 3248 3250 3220
2316 5 2 19 3 3218 3248 3250 3220 1629 1644 1645 1630
2317 5 2 19 3 970 985 986 971 3219 3249 3251 3221
2318 5 2 19 3 3219 3249 3251 3221 3220 3250 3252 3222
2319 5 2 19 3 3220 3250 3252 3222 1630 1645 1646 1631
2320 5 2 19 3 971 986 987 972 3221 3251 3253 3223
2321 5 2 19 3 3221 3251 3253 3223 3222 3252 3254 3224
2322 5 2 19 3 3222 3252 3254 3224 1631 1646 1647 1632
2323 5 2 19 3 972 987 988 973 3223 3253 3255 3225
2324 5 2 19 3 3223 3253 3255 3225 3224 3254 3256 3226
2325 5 2 19 3 3224 3254 3256 3226 1632 1647 1648 1633
2326 5 2 19 3 973 988 989 974 3225 3255 3257 3227
2327 5 2 19 3 3225 3255 3257 3227 3226 3256 3258 3228
2328 5 2 19 3 3226 3256 3258 3228 1633 1648 1649 1634
2329 5 2 19 3 974 989 990 975 3227 3257 3259 3229
2330 5 2 19 3 3227 3257 3259 3229 3228 3258 3260 3230
2331 5 2 19 3 3228 3258 3260 3230 1634 1649 1650 1635
2332 5 2 19 3 975 990 991 976 3229 3259 3261 3231
2333 5 2 19 3 3229 3259 3261 3231 3230 3260 3262 3232
2334 5 2 19 3 3230 3260 3262 3232 1635 1650 1651 1636
2335 5 2 19 3 976 991 992 977 3231 3261 3263 3233
2336 5 2 19 3 3231 3261 3263 3233 3232 3262 3264 3234
2337 5 2 19 3 3232 3262 3264 3234 1636 1651 1652 1637
2338 5 2 19 3 977 992 993 978 3233 3263 3265 3235
2339 5 2 19 3 3233 3263 3265 3235 3234 3264 3266 3236
2340 5 2 19 3 3234 3264 3266 3236 1637 1652 1653 1638
2341 5 2 19 3 978 993 994 979 3235 3265 3267 3237
2342 5 2 19 3 3235 3265 3267 3237 3236 3266 3268 3238
2343 5 2 19 3 3236 3266 3268 3238 1638 1653 1654 1639
2344 5 2 19 3 979 994 995 980 3237 3267 3269 3239
2345 5 2 19 3 3237 3267 3269 3239 3238 3268 3270 3240
2346 5 2 19 3 3238 3268 3270 3240 1639 1654 1655 1640
2347 5 2 19 3 980 995 996 981 3239 3269 3271 3241
2348 5 2 19 3 3239 3269 3271 3241 3240 3270 3272 3242
2349 5 2 19 3 3240 3270 3272 3242 1640 1655 1656 1641
2350 5 2 19 3 981 996 82 83 3241 3271 1809 1811
2351 5 2 19 3 3241 3271 1809 1811 3242 3272 1810 1812
2352 5 2 19 3 3242 3272 1810 1812 1641 1656 245 246
2353 5 2 19 3 62 63 997 982 1769 1771 3273 3243
2354 5 2 19 3 1769 1771 3273 3243 1770 1772 3274 3244
2355 5 2 19 3 1770 1772 3274 3244 225 226 1657 1642
2356 5 2 19 3 982 997 998 983 3243 3273 3275 3245
2357 5 2 19 3 3243 3273 3275 3245 3244 3274 3276 3246
2358 5 2 19 3 3244 3274 3276 3246 1642 1657 1658 1643
2359 5 2 19 3 983 998 999 984 3245 3275 3277 3247
2360 5 2 19 3 3245 3275 3277 3247 3246 3276 3278 3248
2361 5 2 19 3 3246 3276 3278 3248 1643 1658 1659 1644
2362 5 2 19 3 984 999 1000 985 3247 3277 3279 3249
2363 5 2 19 3 3247 3277 3279 3249 3248 3278 3280 3250
2364 5 2 19 3 3248 3278 3280 3250 1644 1659 1660 1645
2365 5 2 19 3 985 1000 1001 986 3249 3279 3281 3251
2366 5 2 19 3 3249 3279 3281 3251 3250 3280 3282 3252
2367 5 2 19 3 3250 3280 3282 3252 1645 1660 1661 1646
2368 5 2 19 3 986 1001 1002 987 3251 3281 3283 3253
2369 5 2 19 3 3251 3281 3283 3253 3252 3282 3284 3254
2370 5 2 19 3 3252 3282 3284 3254 1646 1661 1662 1647
2371 5 2 19 3 987 1002 1003 988 3253 3283 3285 3255
2372 5 2 19 3 3253 3283 3285 3255 3254 3284 3286 3256
2373 5 2 19 3 3254 3284 3286 3256 1647 1662 1663 1648
2374 5 2 19 3 988 1003 1004 989 3255 3285 3287 3257
2375 5 2 19 3 3255 3285 3287 3257 3256 3286 3288 3258
2376 5 2 19 3 3256 3286 3288 3258 1648 1663 1664 1649
2377 5 2 19 3 989 1004 1005 990 3257 3287 3289 3259
2378 5 2 19 3 3257 3287 3289 3259 3258 3288 3290 3260
2379 5 2 19 3 3258 3288 3290 3260 1649 1664 1665 1650
2380 5 2 19 3 990 1005 1006 991 3259 3289 3291 3261
2381 5 2 19 3 3259 3289 3291 3261 3260 3290 3292 3262
2382 5 2 19 3 3260 3290 3292 3262 1650 1665 1666 1651
2383 5 2 19 3 991 1006 1007 992 3261 3291 3293 3263
2384 5 2 19 3 3261 3291 3293 3263 3262 3292 3294 3264
2385 5 2 19 3 3262 3292 3294 3264 1651 1666 1667 1652
2386 5 2 19 3 992 1007 1008 993 3263 3293 3295 3265
2387 5 2 19 3 3263 3293 3295 3265 3264 3294 3296 3266
2388 5 2 19 3 3264 3294 3296 3266 1652 1667 1668 1653
2389 5 2 19 3 993 1008 1009 994 3265 3295 3297 3267
2390 5 2 19 3 3265 3295 3297 3267 3266 3296 3298 3268
2391 5 2 19 3 3266 3296 3298 3268 1653 1668 1669 1654
2392 5 2 19 3 994 1009 1010 995 3267 3297 3299 3269
2393 5 2 19 3 3267 3297 3299 3269 3268 3298 3300 3270
2394 5 2 19 3 3268 3298 3300 3270 1654 1669 1670 1655
2395 5 2 19 3 995 1010 1011 996 3269 3299 3301 3271
2396 5 2 19 3 3269 3299 3301 3271 3270 3300 3302 3272
2397 5 2 19 3 3270 3300 3302 3272 1655 1670 1671 1656
2398 5 2 19 3 996 1011 81 82 3271 3301 1807 1809
2399 5 2 19 3 3271 3301 1807 1809 3272 3302 1808 1810
2400 5 2 19 3 3272 3302 1808 1810 1656 1671 244 245
2401 5 2 19 3 63 4 169 997 1771 353 1983 3273
2402 5 2 19 3 1771 353 1983 3273 1772 354 1984 3274
2403 5 2 19 3 1772 354 1984 3274 226 14 332 1657
2404 5 2 19 3 997 169 170 998 3273 1983 1985 3275
2405 5 2 19 3 3273 1983 1985 3275 3274 1984 1986 3276
2406 5 2 19 3 3274 1984 1986 3276 1657 332 333 1658
2407 5 2 19 3 998 170 171 999 3275 1985 1987 3277
2408 5 2 19 3 3275 1985 1987 3277 3276 1986 1988 3278
2409 5 2 19 3 3276 1986 1988 3278 1658 333 334 1659
2410 5 2 19 3 999 171 172 1000 3277 1987 1989 3279
2411 5 2 19 3 3277 1987 1989 3279 3278 1988 1990 3280
2412 5 2 19 3 3278 1988 1990 3280 1659 334 335 1660
2413 5 2 19 3 1000 172 173 1001 3279 1989 1991 3281
2414 5 2 19 3 3279 1989 1991 3281 3280 1990 1992 3282
2415 5 2 19 3 3280 1990 1992 3282 1660 335 336 1661
2416 5 2 19 3 1001 173 174 1002 3281 1991 1993 3283
2417 5 2 19 3 3281 1991 1993 3283 3282 1992 1994 3284
2418 5 2 19 3 3282 1992 1994 3284 1661 336 337 1662
2419 5 2 19 3 1002 174 175 1003 3283 1993 1995 3285
2420 5 2 19 3 3283 1993 1995 3285 3284 1994 1996 3286
2421 5 2 19 3 3284 1994 1996 3286 1662 337 338 1663
2422 5 2 19 3 1003 175 176 1004 3285 1995 1997 3287
2423 5 2 19 3 3285 1995 1997 3287 3286 1996 1998 3288
2424 5 2 19 3 3286 1996 1998 3288 1663 338 339 1664
2425 5 2 19 3 1004 176 177 1005 3287 1997 1999 3289
2426 5 2 19 3 3287 1997 1999 3289 3288 1998 2000 3290
2427 5 2 19 3 3288 1998 2000 3290 1664 339 340 1665
2428 5 2 19 3 1005 177 178 1006 3289 1999 2001 3291
2429 5 2 19 3 3289 1999 2001 3291 3290 2000 2002 3292
2430 5 2 19 3 3290 2000 2002 3292 1665 340 341 1666
2431 5 2 19 3 1006 178 179 1007 3291 2001 2003 3293
2432 5 2 19 3 3291 2001 2003 3293 3292 2002 2004 3294
2433 5 2 19 3 3292 2002 2004 3294 1666 341 342 1667
2434 5 2 19 3 1007 179 180 1008 3293 2003 2005 3295
2435 5 2 19 3 3293 2003 2005 3295 3294 2004 2006 3296
2436 5 2 19 3 3294 2004 2006 3296 1667 342 343 1668
2437 5 2 19 3 1008 180 181 1009 3295 2005 2007 3297
2438 5 2 19 3 3295 2005 2007 3297 3296 2006 2008 3298
2439 5 2 19 3 3296 2006 2008 3298 1668 343 344 1669
2440 5 2 19 3 1009 181 182 1010 3297 2007 2009 3299
2441 5 2 19 3 3297 2007 2009 3299 3298 2008 2010 3300
2442 5 2 19 3 3298 2008 2010 3300 1669 344 345 1670
2443 5 2 19 3 1010 182 183 1011 3299 2009 2011 3301
2444 5 2 19 3 3299 2009 2011 3301 3300 2010 2012 3302
2445 5 2 19 3 3300 2010 2012 3302 1670 345 346 1671
2446 5 2 19 3 1011 183 7 81 3301 2011 359 1807
2447 5 2 19 3 3301 2011 359 1807 3302 2012 360 1808
2448 5 2 19 3 3302 2012 360 1808 1671 346 17 244
2449 5 2 19 4 4 64 1012 169 353 1773 3303 1983
2450 5 2 19 4 353 1773 3303 1983 354 1774 3304 1984
2451 5 2 19 4 354 1774 3304 1984 14 227 1672 332
2452 5 2 19 4 169 1012 1013 170 1983 3303 3305 1985
2453 5 2 19 4 1983 3303 3305 1985 1984 3304 3306 1986
2454 5 2 19 4 1984 3304 3306 1986 332 1672 1673 333
2455 5 2 19 4 170 1013 1014 171 1985 3305 3307 1987
2456 5 2 19 4 1985 3305 3307 1987 1986 3306 3308 1988
2457 5 2 19 4 1986 3306 3308 1988 333 1673 1674 334
2458 5 2 19 4 171 1014 1015 172 1987 3307 3309 1989
2459 5 2 19 4 1987 3307 3309 1989 1988 3308 3310 1990
2460 5 2 19 4 1988 3308 3310 1990 334 1674 1675 335
2461 5 2 19 4 172 1015 1016 173 1989 3309 3311 1991
2462 5 2 19 4 1989 3309 3311 1991 1990 3310 3312 1992
2463 5 2 19 4 1990 3310 3312 1992 335 1675 1676 336
2464 5 2 19 4 173 1016 1017 174 1991 3311 3313 1993
2465 5 2 19 4 1991 3311 3313 1993 1992 3312 3314 1994
2466 5 2 19 4 1992 3312 3314 1994 336 1676 1677 337
2467 5 2 19 4 174 1017 1018 175 1993 3313 3315 1995
2468 5 2 19 4 1993 3313 3315 1995 1994 3314 3316 1996
2469 5 2 19 4 1994 3314 3316 1996 337 1677 1678 338
2470 5 2 19 4 175 1018 1019 176 1995 3315 3317 1997
2471 5 2 19 4 1995 3315 3317 1997 1996 3316 3318 1998
2472 5 2 19 4 1996 3316 3318 1998 338 1678 1679 339
2473 5 2 19 4 176 1019 1020 177 1997 3317 3319 1999
2474 5 2 19 4 1997 3317 3319 1999 1998 3318 3320 2000
2475 5 2 19 4 1998 3318 3320 2000 339 1679 1680 340
2476 5 2 19 4 177 1020 1021 178 1999 3319 3321 2001
2477 5 2 19 4 1999 3319 3321 2001 2000 3320 3322 2002
2478 5 2 19 4 2000 3320 3322 2002 340 1680 1681 341
2479 5 2 19 4 178 1021 1022 179 2001 3321 3323 2003
2480 5 2 19 4 2001 3321 3323 2003 2002 3322 3324 2004
2481 5 2 19 4 2002 3322 3324 2004 341 1681 1682 342
2482 5 2 19 4 179 1022 1023 180 2003 3323 3325 2005
2483 5 2 19 4 2003 3323 3325 2005 2004 3324 3326 2006
2484 5 2 19 4 2004 3324 3326 2006 342 1682 1683 343
2485 5 2 19 4 180 1023 1024 181 2005 3325 3327 2007
2486 5 2 19 4 2005 3325 3327 2007 2006 3326 3328 2008
2487 5 2 19 4 2006 3326 3328 2008 343 1683 1684 344
2488 5 2 19 4 181 1024 1025 182 2007 3327 3329 2009
2489 5 2 19 4 2007 3327 3329 2009 2008 3328 3330 2010
2490 5 2 19 4 2008 3328 3330 2010 344 1684 1685 345
2491 5 2 19 4 182 1025 1026 183 2009 3329 3331 2011
2492 5 2 19 4 2009 3329 3331 2011 2010 3330 3332 2012
2493 5 2 19 4 2010 3330 3332 2012 345 1685 1686 346
2494 5 2 19 4 183 1026 80 7 2011 3331 1805 359
2495 5 2 19 4 2011 3331 1805 359 2012 3332 1806 360
2496 5 2 19 4 2012 3332 1806 360 346 1686 243 17
2497 5 2 19 4 64 5 65 1012 1773 355 1775 3303
2498 5 2 19 4 1773 355 1775 3303 1774 356 1776 3304
2499 5 2 19 4 1774 356 1776 3304 227 15 228 1672
2500 5 2 19 4 1012 65 66 1013 3303 1775 1777 3305
2501 5 2 19 4 3303 1775 1777 3305 3304 1776 1778 3306
2502 5 2 19 4 3304 1776 1778 3306 1672 228 229 1673
2503 5 2 19 4 1013 66 67 1014 3305 1777 1779 3307
2504 5 2 19 4 3305 1777 1779 3307 3306 1778 1780 3308
2505 5 2 19 4 3306 1778 1780 3308 1673 229 230 1674
2506 5 2 19 4 1014 67 68 1015 3307 1779 1781 3309
2507 5 2 19 4 3307 1779 1781 3309 3308 1780 1782 3310
2508 5 2 19 4 3308 1780 1782 3310 1674 230 231 1675
2509 5 2 19 4 1015 68 69 1016 3309 1781 1783 3311
2510 5 2 19 4 3309 1781 1783 3311 3310 1782 1784 3312
2511 5 2 19 4 3310 1782 1784 3312 1675 231 232 1676
2512 5 2 19 4 1016 69 70 1017 3311 1783 1785 3313
2513 5 2 19 4 3311 1783 1785 3313 3312 1784 1786 3314
2514 5 2 19 4 3312 1784 1786 3314 1676 232 233 1677
2515 5 2 19 4 1017 70 71 1018 3313 1785 1787 3315
2516 5 2 19 4 3313 1785 1787 3315 3314 1786 1788 3316
2517 5 2 19 4 3314 1786 1788 3316 1677 233 234 1678
2518 5 2 19 4 1018 71 72 1019 3315 1787 1789 3317
2519 5 2 19 4 3315 1787 1789 3317 3316 1788 1790 3318
2520 5 2 19 4 3316 1788 1790 3318 1678 234 235 1679
2521 5 2 19 4 1019 72 73 1020 3317 1789 1791 3319
2522 5 2 19 4 3317 1789 1791 3319 3318 1790 1792 3320
2523 5 2 19 4 3318 1790 1792 3320 1679 235 236 1680
2524 5 2 19 4 1020 73 74 1021 3319 1791 1793 3321
2525 5 2 19 4 3319 1791 1793 3321 3320 1792 1794 3322
2526 5 2 19 4 3320 1792 1794 3322 1680 236 237 1681
2527 5 2 19 4 1021 74 75 1022 3321 1793 1795 3323
2528 5 2 19 4 3321 1793 1795 3323 3322 1794 1796 3324
2529 5 2 19 4 3322 1794 1796 3324 1681 237 238 1682
2530 5 2 19 4 1022 75 76 1023 3323 1795 1797 3325
2531 5 2 19 4 3323 1795 1797 3325 3324 1796 1798 3326
2532 5 2 19 4 3324 1796 1798 3326 1682 238 239 1683
2533 5 2 19 4 1023 76 77 1024 3325 1797 1799 3327
2534 5 2 19 4 3325 1797 1799 3327 3326 1798 1800 3328
2535 5 2 19 4 3326 1798 1800 3328 1683 239 240 1684
2536 5 2 19 4 1024 77 78 1025 3327 1799 1801 3329
2537 5 2 19 4 3327 1799 1801 3329 3328 1800 1802 3330
2538 5 2 19 4 3328 1800 1802 3330 1684 240 241 1685
2539 5 2 19 4 1025 78 79 1026 3329 1801 1803 3331
2540 5 2 19 4 3329 1801 1803 3331 3330 1802 1804 3332
2541 5 2 19 4 3330 1802 1804 3332 1685 241 242 1686
2542 5 2 19 4 1026 79 6 80 3331 1803 357 1805
2543 5 2 19 4 3331 1803 357 1805 3332 1804 358 1806
2544 5 2 19 4 3332 1804 358 1806 1686 242 16 243
$EndElements
